# Blender 5.1.0
# www.blender.org
mtllib CharFullBodyLPobj.mtl
o Cube_Cube.001
v 0.030441 2.414487 0.489228
v 0.527213 2.061287 -0.286815
v 0.315042 2.060808 0.349227
v 0.068715 3.165652 -0.050763
v 0.189137 2.305074 -0.018631
v 0.149135 2.865054 0.533716
v 0.098841 2.752602 -0.064011
v 0.153739 2.759032 0.500424
v 0.175416 2.288365 0.206022
v 0.145464 2.469928 0.048597
v 0.155572 2.445334 0.274233
v 0.143007 3.194911 0.421899
v 0.238396 2.972008 0.086297
v 0.239539 2.713667 0.310845
v 0.239507 2.962847 0.338410
v 0.178364 2.310043 -0.169365
v 0.143028 3.260143 0.139457
v 0.605570 2.122789 0.087291
v 0.230140 2.756758 0.112134
v 0.230828 2.740475 0.242448
v 0.213207 2.304479 -0.130965
v 0.099391 3.186992 -0.021152
v 0.667747 2.057830 -0.142687
v 0.123292 2.483694 -0.073402
v 0.195779 2.752327 -0.028868
v 0.114989 2.924715 -0.110331
v 0.237366 2.909367 0.092808
v 0.240062 2.882954 0.239042
v 0.205076 2.922785 -0.069759
v 0.102363 3.048377 -0.101918
v 0.173573 2.966344 0.554482
v 0.216404 3.032318 0.075975
v 0.217563 3.004294 0.359647
v 0.217731 2.997236 0.285520
v 0.177946 3.052849 -0.074736
v -0.180339 2.480522 -0.106770
v -0.143350 2.408059 0.491328
v -0.578828 2.031386 -0.351165
v -0.440327 2.029050 0.330248
v -0.089830 3.181924 -0.048105
v -0.068082 2.059056 0.311194
v -0.055686 2.387476 0.489066
v -0.283545 2.998063 -0.114800
v -0.085588 3.007650 -0.132440
v -0.112416 2.861264 0.543036
v -0.249886 2.739223 -0.059847
v -0.301144 2.738624 0.505529
v -0.110841 2.746894 0.539209
v -0.057031 2.273116 0.264498
v -0.296389 2.263175 0.207198
v -0.271962 2.456532 0.061243
v -0.088234 3.234072 0.428593
v -0.060405 2.417818 0.329011
v -0.276091 2.429683 0.281357
v -0.401740 2.944926 0.097228
v -0.378340 2.689510 0.315341
v -0.396752 2.937792 0.344948
v -0.045606 2.315580 -0.200975
v -0.327165 3.242649 0.146187
v -0.714513 2.071170 0.022751
v -0.377293 2.736552 0.119350
v -0.373647 2.720263 0.246966
v -0.296582 2.267524 0.168738
v -0.398023 2.924985 0.263119
v -0.304896 2.300019 -0.143007
v -0.333896 2.993931 -0.084008
v -0.249739 2.473505 -0.068534
v -0.280173 2.910083 -0.105605
v -0.308975 2.822197 0.538211
v -0.072119 2.839886 0.533150
v -0.391940 2.860197 0.334473
v -0.396146 2.885493 0.102621
v -0.368417 2.902134 -0.063219
v -0.276528 3.032247 -0.098426
v -0.325107 2.947912 0.560415
v -0.385406 3.008694 0.080493
v -0.352172 3.034406 -0.067348
v 0.132489 2.441584 -0.085221
v -0.262228 2.392769 0.228158
v -0.203990 2.441869 -0.115098
v -0.263112 2.396635 0.186042
v -0.261639 2.416137 0.028092
v 0.137652 2.346075 -0.149169
v -0.057159 2.304544 0.252306
v 0.156099 2.316749 0.198765
v -0.404286 2.970700 0.071268
v -0.395978 2.882355 0.080306
v -0.375256 2.716910 0.100812
v -0.379044 2.694696 0.269063
v -0.411812 2.855501 0.249250
v 0.229092 2.740224 0.092487
v 0.236958 2.906230 0.072842
v 0.240620 2.968936 0.275312
v 0.238363 2.995704 0.062978
v 0.296496 2.909103 0.095048
v 0.250601 2.876261 0.224758
v 0.242996 2.761327 0.133280
v -0.311138 2.603208 -0.056477
v 0.124138 2.548852 0.506403
v 0.206855 2.571904 0.295886
v -0.248175 2.536998 0.510641
v -0.339765 2.589245 0.076001
v 0.100797 2.724489 -0.071612
v -0.346071 2.706232 -0.029305
v 0.192566 2.663634 0.492859
v -0.325418 2.646848 0.499030
v 0.197806 2.726688 -0.035790
v -0.065727 2.641788 0.558592
v 0.138504 3.119927 -0.047944
v -0.325298 3.087065 -0.048079
v 0.161692 3.201349 0.124136
v -0.344866 2.820638 0.534908
v -0.074679 2.924057 0.553949
v 0.200557 2.846571 0.529378
v 0.206525 2.689384 0.491690
v 0.282096 1.590097 0.614364
v 0.145696 -0.063675 -0.387067
v 0.560526 1.588747 -0.347096
v 0.344473 0.877596 -0.144314
v 0.209453 -0.063994 0.399385
v 0.303501 0.866653 0.458205
v 0.561325 0.311798 0.027557
v 0.512894 1.531594 0.043901
v 0.303876 1.773237 0.505337
v -0.013076 -0.257325 0.069194
v 0.432245 0.308724 -0.309562
v 0.447105 0.887017 0.134236
v 0.049553 -0.521314 -0.061038
v 0.267277 -0.479187 -0.226676
v 0.295032 -0.481227 0.390121
v 0.654919 -0.290882 0.045606
v 0.183519 -1.180668 -0.122936
v 0.556897 -0.300740 -0.247045
v 0.597785 -0.283169 0.394734
v 0.027093 -0.530058 0.082785
v -0.024081 -0.257354 -0.090955
v 0.503533 0.194933 -0.290305
v 0.254239 -0.124736 0.385955
v 0.009561 -0.257637 0.306895
v 0.191090 -0.131770 -0.348170
v 0.316887 -0.843431 -0.257515
v 0.641698 -0.721402 -0.001868
v 0.571608 -0.799328 -0.263978
v 0.580627 -0.726044 0.288853
v 0.343826 -1.222125 -0.236926
v 0.344757 -1.225869 0.233685
v 0.633984 -1.230453 -0.039117
v 0.590389 -1.223037 0.161682
v 0.176471 -1.184559 -0.019167
v 0.329848 -1.419516 0.173076
v 0.544336 -1.424355 0.107214
v 0.592398 -0.979518 0.246283
v 0.325176 -2.891179 -0.247128
v 0.325394 -2.892693 -0.111266
v 0.399400 -2.915363 -0.067815
v 0.549592 -2.919701 -0.202610
v 0.431642 -3.198140 -0.368443
v 0.527245 -2.919690 -0.310192
v 0.509085 -2.919187 -0.115189
v 0.372066 -2.201087 -0.329777
v 0.372601 -2.195339 -0.017271
v 0.256699 -2.156206 -0.251293
v 0.569920 -2.193960 -0.334649
v 0.368337 -2.382494 -0.300166
v 0.369152 -2.377355 -0.042817
v 0.571394 -2.385598 -0.303070
v 0.399994 -2.657908 -0.290077
v 0.556769 -2.689453 -0.208364
v 0.540289 -1.654609 0.018526
v 0.240790 -1.599459 0.014036
v 0.538382 -1.647872 -0.275940
v 0.368499 -3.283260 -0.115117
v 0.570021 -3.289237 -0.201107
v 0.567532 -3.289235 -0.108752
v 0.518771 -3.207621 0.525670
v 0.736722 -3.216758 0.418638
v 0.682367 -3.216753 0.498570
v 0.534698 -3.296392 0.513868
v 0.609167 -3.301805 0.570695
v 0.756605 -3.298700 0.419685
v 0.723601 -3.298704 0.498851
v 0.598291 -3.258434 0.593842
v 0.416609 -3.218522 0.213794
v 0.494204 -3.047841 0.251436
v 0.664130 -3.230020 0.104311
v 0.668560 -3.294273 0.124651
v 0.560407 0.309828 0.367734
v 0.504420 1.845772 0.402891
v 0.062734 -0.526283 0.246281
v 0.122797 -0.792793 0.176720
v 0.607525 -1.234682 0.117857
v 0.572628 -1.420726 0.074330
v 0.147798 -0.979645 0.133423
v 0.569925 -2.193060 -0.093190
v 0.557768 -2.658920 -0.123987
v 0.564012 -1.653030 -0.010786
v 0.123267 -0.795873 -0.080517
v 0.500333 0.308561 -0.232640
v 0.588532 1.659827 -0.159145
v 0.148871 -0.986541 -0.100033
v 0.369039 0.154910 0.451669
v 0.470249 -0.378245 0.392707
v 0.456740 -0.365209 -0.256308
v 0.495303 -0.995171 -0.272692
v 0.473739 -2.918010 -0.094769
v 0.486113 -2.922158 -0.309828
v 0.486933 -2.192091 -0.045890
v 0.570015 -3.289245 -0.309085
v 0.644500 -3.216304 0.527133
v 0.458808 1.279731 0.065254
v 0.502664 1.293718 0.216093
v 0.828340 1.350534 -0.017389
v 0.584492 1.296657 -0.091256
v 0.523902 1.621088 0.285616
v 0.503518 1.565167 0.063532
v 0.619538 1.647366 -0.119187
v 0.883581 1.829632 0.155761
v 0.761144 1.787066 0.325909
v 0.594440 1.548087 0.344340
v 0.510132 1.496315 0.240147
v 0.881254 1.624130 0.153779
v 0.499597 1.074260 0.072081
v 0.523801 0.776969 0.070098
v 0.875718 1.134595 0.148373
v 0.538014 1.081985 0.209917
v 0.651573 1.110929 0.304161
v 0.833189 1.106170 -0.004913
v 0.629636 0.332578 0.094230
v 0.793383 0.929258 0.227030
v 0.719629 0.933601 -0.014589
v 0.864698 0.776215 0.145102
v 0.569557 0.773951 0.162876
v 0.746977 -0.375913 0.232256
v 0.859015 0.343045 0.139676
v 0.710708 -0.456749 0.111302
v 0.791092 -0.411670 -0.023387
v 0.673904 -0.393748 0.218110
v 0.807710 -0.431834 0.114180
v 0.765677 0.092167 0.243809
v 0.661481 0.087349 0.281572
v 0.695044 -0.354023 0.273600
v 0.801898 -0.373097 0.001962
v 0.740784 -0.380179 -0.016938
v 0.672199 -0.247737 0.424007
v 0.727341 -0.140806 0.360669
v 0.627192 1.173464 0.307911
v 0.786489 1.198665 0.286581
v 0.883566 1.219306 0.150056
v 0.664086 -0.249330 0.090894
v 0.690143 -0.241732 0.296316
v 0.757786 -0.198787 0.252329
v 0.716537 -0.204982 -0.033030
v 0.774352 -0.220047 -0.045949
v 0.823127 -0.227685 0.127960
v 0.625657 0.309419 0.085528
v 0.647611 0.305382 0.173884
v 0.804368 0.309927 0.211931
v 0.694153 0.312348 0.229113
v 0.838067 0.313997 0.033148
v 0.698833 0.308565 -0.010382
v 0.767570 0.094794 0.253169
v 0.826284 0.100165 -0.020485
v 0.696009 0.088696 -0.063396
v 0.755096 0.093118 -0.084237
v 0.619200 0.085148 0.221039
v 0.641482 -0.061872 0.067667
v 0.709445 -0.064407 -0.051018
v 0.816438 -0.157006 -0.012506
v 0.762708 -0.028901 0.249844
v 0.587326 -0.865400 0.265360
v -0.032612 1.584893 -0.453514
v -0.382070 1.568076 0.601016
v -0.047127 1.566677 0.638678
v -0.085847 -0.256811 -0.097901
v -0.375926 -0.063543 -0.385452
v -0.452808 0.873748 -0.143731
v -0.038308 0.870450 0.548861
v -0.372059 0.868057 0.463139
v -0.744254 0.309883 0.021408
v -0.596272 1.479582 0.005515
v -0.026466 1.787844 -0.438812
v -0.129638 -0.257339 0.075971
v -0.051404 0.312591 -0.310490
v -0.046502 0.313253 0.492570
v -0.046813 -0.063333 0.467085
v -0.156532 -0.529724 -0.063136
v -0.399275 -0.480775 -0.225412
v -0.142075 -0.520367 0.288821
v -0.372811 -0.482999 0.389988
v -0.787297 -0.286916 0.037935
v -0.685449 -0.286559 0.392508
v -0.120592 -0.528380 0.083984
v -0.761687 0.198520 0.017973
v -0.747308 0.194641 -0.291342
v -0.111244 -0.257433 0.305761
v -0.413869 -0.130174 -0.347381
v -0.201415 -0.804759 -0.110804
v -0.200783 -0.800080 0.214424
v -0.391926 -0.819333 0.346092
v -0.719746 -0.725256 0.000273
v -0.283800 -1.369740 -0.118926
v -0.651572 -0.738659 -0.262290
v -0.657515 -0.727385 0.288882
v -0.420125 -1.218984 -0.237350
v -0.259339 -1.174086 0.128608
v -0.421480 -1.227543 0.232947
v -0.710907 -1.230275 -0.039503
v -0.653002 -1.225186 -0.241368
v -0.666058 -1.229352 0.160070
v -0.283925 -1.367870 0.085839
v -0.674786 -1.432422 -0.053675
v -0.662534 -2.149081 -0.350322
v -0.618737 -1.423487 -0.214167
v -0.726021 -0.972250 -0.027976
v -0.669760 -0.978337 0.246602
v -0.225295 -0.982887 0.177129
v -0.412369 -1.017710 0.308466
v -0.225328 -0.983104 -0.130839
v -0.402952 -2.900328 -0.248161
v -0.402237 -2.891980 -0.111152
v -0.476782 -2.915419 -0.068015
v -0.626787 -2.920806 -0.200995
v -0.508770 -3.198509 -0.368412
v -0.604191 -2.921724 -0.310452
v -0.444233 -2.146432 -0.346629
v -0.641128 -2.146929 -0.055565
v -0.444789 -2.141033 0.000896
v -0.648393 -2.385422 -0.303065
v -0.476158 -2.659875 -0.290025
v -0.633882 -2.698036 -0.191384
v -0.634627 -2.662387 -0.292412
v -0.436565 -1.649455 -0.273927
v -0.317726 -1.602957 -0.185708
v -0.328043 -2.348171 -0.230615
v -0.317305 -1.600558 0.012845
v -0.436938 -1.650892 0.086837
v -0.641724 -1.654630 -0.104135
v -0.384469 -2.630810 -0.103954
v -0.445429 -3.283257 -0.246198
v -0.519391 -3.288771 -0.307756
v -0.520285 -3.288676 -0.081149
v -0.644018 -3.289251 -0.094596
v -0.595657 -3.207907 0.525916
v -0.664679 -3.215581 0.569362
v -0.813834 -3.216820 0.418736
v -0.758266 -3.216069 0.498568
v -0.611677 -3.296381 0.513872
v -0.686126 -3.301622 0.570830
v -0.833680 -3.298668 0.419692
v -0.789922 -3.257241 0.515202
v -0.492910 -3.218132 0.211688
v -0.669897 -3.073308 0.192314
v -0.742406 -3.230261 0.108175
v -0.673422 0.304909 0.364299
v -0.576942 1.576381 0.309958
v -0.534577 0.869205 0.383122
v -0.625475 1.798879 0.345322
v -0.734815 -0.282200 0.316852
v -0.259064 -1.172264 0.094894
v -0.641100 -1.652457 -0.010662
v -0.199948 -0.793984 -0.078265
v -0.688568 -0.730198 -0.203324
v -0.780957 0.195904 -0.220604
v -0.154924 -0.525522 -0.031818
v -0.768651 -0.280509 -0.182420
v -0.609439 -2.920698 -0.284970
v -0.646690 1.608018 -0.218757
v -0.711094 1.795037 -0.266977
v -0.225387 -0.983504 -0.101339
v -0.564720 0.150122 -0.372563
v -0.622820 -0.361536 -0.258764
v -0.623978 0.111544 -0.350636
v -0.559694 -0.758958 0.314708
v -0.553379 -2.918180 -0.095999
v -0.541438 -2.920470 -0.309293
v -0.551457 -1.651605 0.048700
v -0.721433 -3.216282 0.526886
v -0.994172 1.329035 0.057119
v -0.653669 1.226160 0.166283
v -0.704176 1.229668 -0.151071
v -0.805994 1.260885 -0.174671
v -0.643341 1.558206 0.231608
v -0.698301 1.579983 -0.184683
v -0.985732 1.785521 0.058879
v -0.952819 1.745866 -0.130160
v -0.735050 1.657215 0.290558
v -0.734382 1.484777 0.278824
v -0.685701 1.434664 -0.173855
v -0.641219 1.425649 0.185207
v -0.996850 1.587884 0.059978
v -0.575301 1.370993 0.018979
v -0.650232 1.006277 0.025070
v -0.656128 0.730023 0.017098
v -1.010064 1.054767 0.059423
v -0.699674 1.013600 0.151133
v -0.946769 1.050141 0.193190
v -0.815350 1.039889 0.228626
v -0.955213 1.037513 -0.082354
v -0.784362 0.264108 0.029246
v -0.998901 0.893534 0.057732
v -0.729588 0.893724 0.111357
v -0.934313 0.883015 0.142190
v -0.958293 0.883161 -0.035132
v -1.002414 0.712970 0.055199
v -0.711240 0.723126 0.104701
v -0.795039 0.718605 0.156918
v -0.742956 0.725727 -0.078983
v -0.875052 -0.434561 0.151331
v -0.920032 0.281644 0.109570
v -0.825786 -0.514497 0.035237
v -0.892355 -0.469738 -0.107276
v -0.800483 -0.450596 0.146580
v -0.923145 -0.489036 0.028635
v -0.896041 0.034009 0.161679
v -0.796194 0.029387 0.209905
v -0.905405 -0.427634 -0.084745
v -0.753990 0.025319 0.145298
v -0.826228 -0.158620 0.210669
v -0.835257 -0.289995 0.393040
v -0.863322 -0.273674 0.377221
v -0.884024 -0.015689 0.216243
v -0.879930 -0.112209 0.206866
v -0.869495 -0.198254 0.280924
v -0.812495 -0.135678 0.321176
v -0.648326 -2.052893 -0.049019
v -0.441492 -2.050633 -0.353971
v -0.670663 -2.053556 -0.322837
v -0.702308 1.133456 0.154316
v -0.747335 1.134579 -0.124227
v -0.794455 -0.315746 0.014379
v -0.890523 -0.285308 -0.139377
v -0.776585 0.296330 0.030052
v -0.960538 0.299971 0.047381
v -0.925602 0.298946 0.113852
v -0.841203 0.300004 0.135955
v -0.936436 0.299469 -0.028182
v -0.825801 0.298765 -0.049404
v -0.899034 0.036630 0.170642
v -0.928705 0.040404 -0.107569
v -0.747441 0.027074 0.153222
v -0.752918 -0.115445 -0.000304
v -0.819666 -0.230114 -0.119410
v -0.918887 -0.219249 -0.098237
v -0.893384 -0.087184 0.167834
v -0.824890 -0.265816 0.217263
v -0.887264 -0.223716 0.165094
v -0.730561 -0.868570 -0.016957
v -0.016666 2.062461 0.316631
v -0.429562 2.030011 0.303316
v 0.472492 0.579987 0.355120
v -0.608385 0.578909 0.074548
v -0.569371 0.576849 0.354679
v 0.470541 0.586243 0.079476
v -0.044465 0.574188 0.489365
v -0.450776 0.586206 0.435688
v 0.357598 0.584015 -0.206547
v -0.531713 0.584875 -0.205666
v -0.041792 1.312605 0.560463
v 0.287925 1.324975 0.498347
v -0.543486 1.338562 0.297812
v -0.498550 1.323913 -0.281645
v 0.473935 1.315745 0.062054
v -0.544000 1.361775 -0.168909
v 0.141856 2.416823 0.142802
v 0.207857 2.585543 0.238014
v 0.147917 2.556656 -0.067071
v 0.156783 3.006818 0.548320
v -0.378469 2.975238 0.291058
v -0.320677 3.013412 0.513312
v -0.345163 3.018096 0.440155
v -0.200817 3.001899 0.550680
v -0.359125 2.635101 0.171503
v -0.005044 2.403045 0.489477
v 0.284690 2.224599 0.206610
v -0.045088 2.161293 0.291049
v 0.272759 2.944787 0.228237
v 0.240550 2.890752 0.329498
v -0.107082 2.399201 0.490692
v -0.486080 2.141623 0.212131
v -0.319506 3.215467 0.328619
v -0.094353 3.295043 0.140921
v -0.399605 2.944962 0.277001
v -0.282992 3.172606 -0.015938
v 0.161771 2.338421 -0.018671
v -0.271684 2.301057 0.199569
v -0.388943 2.818829 0.270564
v -0.463037 2.880973 0.108489
v -0.226993 2.643489 0.521559
v -0.091681 3.287985 0.331984
v -0.015725 2.759555 0.534505
v -0.337833 2.556995 0.303947
v -0.323261 2.778926 0.523214
v 0.007992 2.082852 -0.400292
v -0.378814 2.719749 0.242306
v -0.350527 3.072904 0.366605
v -0.406227 2.922965 0.261191
v -0.250135 2.713075 -0.066921
v 0.234208 2.684558 0.307063
v 0.141528 3.232985 0.322776
v 0.034467 3.276230 0.140424
v 0.030533 2.832253 0.529017
v 0.256302 2.164887 0.281680
v 0.021940 2.241227 0.259772
v 0.427876 2.063615 0.333381
v 0.548959 2.068136 0.315633
v 0.181406 2.283306 0.193081
v -0.087921 3.058046 -0.106625
v -0.692985 2.044525 0.141207
v -0.297890 2.277447 0.090664
v -0.462263 2.204701 -0.001645
v -0.674487 2.016642 0.257339
v -0.740158 2.010658 -0.216407
v -0.303787 2.296275 -0.099750
v -0.236253 2.342172 -0.153007
v -0.374464 2.680494 0.213853
v -0.292957 2.600537 0.503744
v 0.170306 2.622426 -0.061937
v 0.220959 2.686076 0.377199
v -0.072806 2.615947 -0.112978
v 0.580109 2.096830 0.192935
v 0.138925 2.431301 0.013367
v 0.202914 2.610189 0.067314
v 0.579942 2.106269 -0.137710
v 0.637327 2.090045 -0.029599
v -0.334828 2.931724 0.555930
v -0.344348 2.914459 0.551024
v -0.176573 2.829497 0.533068
v -0.223162 2.609982 -0.096215
v -0.335062 2.986102 -0.082653
v -0.457132 2.922625 0.122216
v -0.339328 3.116275 0.047841
v -0.288127 3.074834 -0.071294
v 0.151087 2.385187 -0.024912
v -0.407987 2.739740 0.129392
v -0.065216 2.667361 0.589307
v 0.142263 2.408330 0.224103
v 0.206722 2.694015 0.490882
v -0.080469 3.062638 0.535962
v 0.138037 3.130753 0.480761
v -0.315722 3.178305 0.426859
v -0.172053 3.056179 0.539677
v -0.212123 2.263527 0.227783
v -0.392798 2.862012 0.258360
v 0.287180 2.971024 0.089339
v 0.237883 2.759540 0.124588
v -0.337250 2.638731 0.417095
v 0.322947 2.246441 0.017857
v 0.173178 3.044222 -0.078226
v -0.024298 2.234371 -0.271076
v 0.164565 3.004881 -0.088603
v -0.064725 2.954454 0.560251
v -0.378120 2.980391 0.363381
v -0.276023 2.335151 -0.117771
v 0.238710 2.718431 0.262808
v 0.232742 2.740149 0.239884
v -0.105255 2.829416 0.529421
v -0.028042 2.831537 0.527637
v -0.093198 3.237355 -0.001085
v 0.111383 3.012668 -0.119555
v 0.170780 2.344244 -0.113092
v -0.049488 2.349847 -0.168636
v 0.163695 3.015097 -0.089257
v -0.081866 2.919379 -0.122468
v 0.168907 3.050428 0.469799
v -0.277223 2.434983 0.237952
v -0.339455 2.669424 0.497518
v -0.265679 2.305877 -0.182344
v 0.150911 2.371297 0.081146
v -0.368376 2.653105 0.312653
v 0.231766 2.713763 0.087036
v 0.172094 3.134050 0.332396
v 0.608919 1.717036 0.358047
v 0.559048 1.774902 0.378614
v -0.050020 -0.256862 0.318300
v 0.150845 -0.058376 0.418752
v 0.247594 -0.012325 0.411982
v 0.508051 0.306179 0.436637
v 0.541586 0.284770 0.405211
v 0.568284 0.194932 0.442923
v 0.431575 -0.219039 -0.284355
v 0.606016 -0.992687 0.190601
v 0.181883 -1.171334 -0.099475
v 0.403096 -3.194987 -0.339900
v 0.476092 -3.199510 -0.356747
v 0.646696 -0.283386 0.184142
v 0.626671 -0.735393 0.103532
v 0.618820 -0.068370 0.043686
v 0.614873 -0.071250 0.014855
v 0.598029 -1.430316 -0.052094
v 0.607835 -1.234055 -0.195332
v 0.653597 -0.867460 -0.016421
v 0.606781 -0.720846 -0.204537
v 0.605102 -0.280273 -0.176672
v 0.721910 1.182667 -0.088858
v 0.508342 1.581492 0.139102
v 0.759021 0.340322 -0.006655
v 0.620117 0.776806 -0.016145
v 0.756810 -0.165294 0.247247
v 0.688914 -0.110066 0.296614
v 0.648540 -0.178953 0.211084
v -0.537776 0.871382 0.256892
v -0.600932 1.551069 -0.396539
v -0.258208 -1.167695 -0.095702
v -0.684857 -1.232824 -0.195788
v -0.640881 -1.646780 -0.240660
v -0.565030 -2.689174 -0.087795
v -0.649603 -0.983963 -0.274382
v -0.225596 -0.984728 0.136686
v -0.328046 -2.348195 -0.076669
v -0.636184 -3.198261 -0.336642
v -0.793940 1.481817 -0.200783
v -0.958028 0.884966 0.111155
v -0.804143 0.284034 0.095078
v -0.789308 -0.277001 0.143915
v -0.828056 -0.412045 0.198441
v -0.872057 -0.134993 0.298369
v -0.800132 0.298642 0.096091
v -0.833252 -0.265155 -0.120406
v -0.724030 0.028012 0.023239
v -0.952309 0.067490 0.036696
v -0.759571 -0.095143 0.103889
v -0.778900 -0.272400 0.011970
v -0.402111 -0.993979 -0.261661
v 0.073191 0.862597 0.518949
v 0.484883 0.308619 0.463361
v 0.590201 0.238534 0.359651
v 0.207159 -1.370975 -0.119285
v 0.572669 -1.423702 -0.176290
v 0.364567 -2.050559 -0.353994
v 0.240773 -1.600892 -0.184899
v 0.544673 -2.798970 -0.271383
v 0.557661 -2.662531 -0.292421
v 0.538065 -2.984401 -0.293036
v 0.559215 -3.199451 -0.336248
v 0.678309 -3.257381 0.539038
v 0.352457 0.930029 0.434127
v 0.418218 0.871529 0.402542
v 0.463018 -1.215759 -0.240417
v 0.753057 1.347018 0.285281
v 0.537597 1.587935 0.007709
v 0.474711 1.489594 0.066315
v 0.620634 1.163658 -0.077240
v 0.815299 -0.194750 -0.000645
v 0.760960 -0.483783 0.125767
v 0.734547 -0.396225 0.009456
v 0.725633 -0.424891 0.218964
v 0.682333 -0.231671 0.467515
v 0.644039 -0.088773 0.365969
v 0.789950 0.223813 0.228525
v 0.458616 -0.928195 -0.267246
v -0.696443 1.706037 0.310029
v -0.541293 0.874447 0.136813
v -0.552409 0.294107 -0.316274
v -0.375910 1.105594 0.479430
v -0.374256 0.976555 0.469785
v -0.445429 0.157649 -0.377800
v -0.685050 -1.233762 0.117227
v -0.281022 -1.371053 -0.099727
v -0.651001 -1.415475 0.074846
v -0.621316 -1.425141 0.107190
v -0.648508 -2.383437 -0.111013
v -0.611152 -2.665097 -0.107105
v -0.792920 -3.250621 0.308295
v -0.532931 1.595823 0.385071
v -0.211430 -0.976200 -0.002578
v -0.678888 0.306810 -0.309230
v -0.726840 -0.291574 -0.250832
v -0.577767 -1.230483 0.189218
v -0.883437 1.735590 0.240768
v -0.960378 1.756378 -0.084913
v -0.930466 0.610427 0.131485
v -0.841168 -0.315559 0.352552
v -0.930870 1.181903 0.190638
v -0.794852 0.029376 -0.137215
v -0.571889 -0.994975 0.272153
v 0.500799 1.626469 0.320941
v 0.519343 1.625499 0.296940
v 0.486936 1.684622 0.362972
v 0.495189 1.743915 0.378015
v 0.456419 0.874509 0.383368
v 0.631307 -0.166902 0.328371
v 0.610886 -3.091211 0.177176
v 0.532989 -2.919564 -0.134013
v 0.251076 -2.348492 -0.076981
v 0.383484 1.806696 0.461637
v 0.135176 -0.955339 0.054000
v -0.047761 0.007337 0.471723
v -0.048823 0.079504 0.476057
v -0.146660 0.264578 -0.337328
v -0.134479 0.167161 -0.393500
v 0.499461 -2.045942 -0.023193
v 0.722959 1.711476 -0.134860
v 0.458772 1.447677 0.066085
v 0.831913 1.135091 0.219987
v 0.837240 0.337826 0.042013
v 0.653000 0.336290 0.183142
v 0.692626 -0.257363 0.428696
v 0.712253 -0.214198 0.454800
v 0.667450 -0.082334 0.396450
v 0.690241 -0.208828 0.291879
v 0.586365 -0.865650 0.264125
v -0.316820 -0.061079 0.402869
v -0.686198 -0.728344 0.228439
v -0.465246 -0.064864 -0.350439
v -0.115034 -0.257344 0.252286
v -0.722312 0.195840 0.350885
v -0.549382 -1.430998 0.131089
v -0.823435 -3.255348 0.434978
v -0.719495 -3.156707 0.105502
v -0.434921 -3.187986 -0.295561
v -0.625493 -3.064574 0.234782
v -0.535042 1.769591 0.415536
v -0.270962 -1.278921 0.032692
v -0.282513 -1.366724 -0.050049
v -0.317706 -1.604630 -0.169827
v -0.805724 0.889459 0.160755
v -0.852776 -0.483376 0.140342
v -0.832115 -0.234405 0.283666
v -0.786605 1.156826 0.226563
v -0.850769 0.035389 -0.163615
v -0.775478 -0.238246 0.141651
v -0.664390 -0.865824 0.265505
v -0.048679 0.126153 0.478516
v 0.303377 0.988173 0.467788
v 0.085244 1.575985 0.628579
v 0.300837 1.715976 0.539208
v 0.603187 1.700112 -0.168469
v 0.652505 1.847825 -0.198955
v 0.638587 -0.281798 0.322593
v 0.609199 -0.729803 0.228304
v 0.305906 0.036473 -0.351299
v 0.399413 -2.913914 -0.307627
v 0.368438 -3.283266 -0.245612
v 0.443117 -3.288734 -0.308650
v 0.637965 -3.135254 0.294790
v 0.641612 -3.155052 0.104541
v 0.544424 -3.051546 0.201784
v 0.341490 1.602698 0.535439
v 0.446886 1.642081 0.397326
v 0.571747 0.206548 0.019750
v 0.201603 -1.338826 -0.046617
v 0.195430 -1.288841 0.035165
v 0.142325 -1.014344 -0.004349
v 0.700872 -3.216501 0.471460
v 0.240723 -1.603478 -0.140226
v 0.204489 -1.372776 -0.099856
v 0.487418 -0.748295 0.314926
v 0.611858 1.653715 -0.133993
v 0.702054 1.543516 -0.127490
v 0.539836 1.168687 0.219631
v 0.626209 0.083161 0.212859
v 0.636750 -0.040420 0.202382
v 0.607763 -0.864726 0.202972
v -0.639781 1.562085 0.243030
v -0.585977 0.303424 0.461522
v -0.152492 -0.436972 -0.072384
v -0.257884 0.840283 0.489369
v -0.184491 -0.202777 -0.182139
v -0.314235 -0.494381 -0.168767
v -0.145830 -0.257454 -0.092468
v -0.487453 -3.014058 -0.328971
v -0.318058 -2.118144 -0.257737
v -0.445121 -2.382513 -0.300156
v -0.615511 -1.651469 -0.276799
v -0.670229 -2.057487 -0.358360
v -0.647007 -3.289241 -0.308729
v -0.199825 -0.792715 0.177963
v -0.126852 -0.525114 0.130929
v -0.143665 -0.523139 0.246173
v -0.209903 -0.918235 0.099569
v -0.197362 -0.850821 -0.041552
v -0.617989 -1.653706 0.018478
v -0.965153 1.192006 -0.082490
v -0.783226 1.681715 0.274471
v -0.890616 -0.081772 0.158706
v -0.825958 -0.174455 0.233569
v -0.798508 -0.019501 0.255006
v -0.865270 -0.140468 -0.148062
v -0.905444 -0.046613 -0.120028
v -0.210399 -0.916421 -0.060973
v 0.025897 -0.436415 -0.069951
v 0.289484 1.742441 -0.376653
v 0.539429 0.220620 -0.222052
v 0.300569 0.153890 -0.372001
v 0.168712 -0.097173 -0.367983
v 0.481592 -3.069686 -0.332270
v 0.689712 -3.215888 0.485481
v 0.096751 -0.802861 0.025252
v 0.032303 -0.480506 0.012169
v 0.606976 -0.980478 -0.219112
v 0.467320 -1.651775 0.051708
v 0.876852 1.814530 0.068390
v 0.713579 1.727283 -0.143379
v 0.658817 0.931922 0.232443
v 0.804489 0.334107 0.218310
v 0.571034 -2.055049 -0.048865
v 0.793448 1.123483 0.281522
v -0.556063 -0.391546 0.390325
v -0.229017 -0.061504 0.423637
v -0.406861 -0.281170 -0.294367
v -0.356730 -0.123694 0.387746
v -0.458448 0.166635 0.454680
v -0.627276 0.273576 0.432623
v -0.597830 0.391623 0.401778
v -0.673798 0.238249 0.395379
v -0.667601 0.194486 0.440434
v -0.444439 -0.458513 -0.232351
v -0.559824 -0.632937 0.340401
v -0.391074 -0.808079 -0.255186
v -0.405588 -1.419408 -0.210718
v -0.407492 -1.423644 0.171407
v -0.506384 -1.182275 -0.244214
v -0.759843 -3.200726 0.442564
v -0.460475 -3.018995 0.099386
v -0.660874 -2.176045 -0.087047
v -0.475475 -2.645109 -0.060731
v -0.441619 -2.061018 0.008991
v -0.623944 -2.777997 -0.267053
v -0.632137 -3.160207 -0.321499
v -0.730502 -3.206071 0.088881
v -0.594333 -3.243499 -0.328985
v -0.564106 -3.217613 -0.345351
v -0.445437 -3.283258 -0.114103
v -0.776532 -3.231580 0.493774
v -0.600874 -3.248703 0.540678
v -0.519251 -3.289174 0.173269
v -0.574721 -2.153060 -0.033811
v -0.603935 1.494236 0.014626
v -0.831548 1.029613 -0.143061
v -0.830074 0.722497 -0.087102
v -0.827871 0.282032 -0.045361
v -0.836913 1.159228 -0.144866
v -0.792610 0.031468 0.221348
v 0.062259 0.132132 0.470589
v 0.055387 -0.538343 -0.031139
v 0.377934 1.103176 -0.205313
v 0.571727 1.618152 -0.282778
v 0.575210 1.706660 -0.324182
v 0.025097 -0.228468 -0.148757
v 0.216700 -0.248473 -0.307322
v 0.334566 -0.437319 -0.237416
v 0.494135 -0.994808 0.272381
v 0.262630 -1.397416 0.123229
v 0.412174 -3.082009 0.204707
v 0.433618 -1.871909 0.024467
v 0.540451 -2.386817 -0.092870
v 0.399312 -2.653041 -0.061041
v 0.231875 -2.012169 -0.051687
v 0.358770 -3.195624 -0.120822
v 0.645731 -3.195368 0.069423
v 0.523833 -3.248791 0.540633
v 0.005352 -0.257344 0.255288
v 0.624977 -3.120532 0.152892
v 0.690338 1.315278 -0.103093
v 0.856106 1.602819 -0.030188
v 0.696990 0.335118 0.233969
v 0.822913 -0.192927 0.119305
v 0.638688 -0.064575 0.264979
v 0.231838 -2.011434 -0.260704
v 0.593378 -2.054110 -0.357811
v 0.856503 1.207362 -0.005884
v 0.324620 -0.920699 -0.261380
v -0.675213 1.592380 0.253141
v -0.635067 1.597124 -0.276264
v -0.477298 1.116968 -0.218555
v -0.530359 0.417534 0.451589
v -0.665785 1.760425 -0.322689
v -0.606607 1.591714 -0.390302
v -0.730918 0.309431 -0.233528
v -0.129975 -0.416904 0.295439
v -0.625689 -0.193419 -0.290535
v -0.564271 -0.767529 -0.260281
v -0.573679 -3.050902 0.256919
v -0.317691 -2.110366 -0.058373
v -0.445091 -2.381701 -0.043290
v -0.487351 -3.079733 0.198000
v -0.675799 -3.259569 0.593365
v -0.438208 0.917458 0.429950
v -0.699718 1.494220 0.249079
v -0.612853 1.511634 0.071744
v -0.839209 0.892247 -0.082026
v -0.744923 1.018670 -0.122974
v -0.650886 1.115877 0.025212
v -0.935334 -0.258301 -0.097771
v -0.873707 -0.243564 -0.138883
v -0.762860 -0.098544 0.133991
v -0.793836 -0.206369 0.275033
v -0.840362 -0.307089 0.222208
v 0.474758 1.623541 0.351506
v -0.028075 0.875530 -0.146180
v 0.398588 0.879520 -0.079762
v 0.050296 0.161186 -0.384376
v 0.117924 -0.769784 0.225148
v 0.123568 -0.796827 0.215662
v 0.183197 -1.179771 0.127002
v 0.147513 -0.977217 0.178743
v 0.446261 -2.980586 0.088951
v 0.360039 -1.649079 0.087335
v 0.364920 -2.039088 0.012630
v 0.256821 -2.156450 -0.069462
v 0.593824 -2.052678 -0.324684
v 0.443013 -3.288660 -0.074088
v 0.608099 0.195843 0.354781
v 0.528680 1.563990 0.007152
v 0.549005 1.593722 -0.048592
v 0.608761 -0.863503 -0.210320
v 0.589253 1.501278 -0.112003
v 0.709230 1.098447 -0.083289
v 0.506589 1.555147 0.058193
v 0.603920 1.656002 0.352811
v 0.656949 0.089408 0.292421
v 0.647239 -0.214967 0.215781
v 0.689063 -0.116698 0.308596
v 0.616622 0.185555 0.085974
v 0.833858 0.099654 0.124547
v -0.508963 -0.403623 0.391313
v -0.952157 1.301185 -0.102904
v -0.469561 -0.746696 0.338836
v -0.535220 -3.059305 0.224673
v -0.577675 -2.049806 -0.024436
v -0.435823 -3.196163 -0.121453
v -0.730328 -3.293334 0.072080
v -0.649770 -1.424177 -0.176095
v -0.141004 -0.257342 -0.039855
v -0.695236 0.157391 -0.316574
v -0.909245 1.297077 0.208682
v -0.685607 1.587070 -0.193276
v -0.594808 1.456791 0.016830
v -0.677828 0.902598 0.023396
v -0.877390 -0.541453 0.045965
v -0.956326 -0.292591 0.033611
v -0.817566 -0.280319 0.378152
v -0.308924 -2.006431 -0.050986
v -0.870729 0.302608 -0.061369
v -0.401277 -0.918961 -0.260887
v 0.469074 0.058881 0.433068
v 0.364582 -0.437621 0.391235
v 0.550341 0.196552 -0.218227
v 0.314249 -0.813149 0.347012
v 0.335935 -1.018967 0.308044
v 0.494997 -1.212112 0.197067
v 0.492356 -0.568619 0.351364
v 0.385901 -0.734585 0.342448
v 0.207701 -1.373787 0.084457
v 0.307861 -2.633841 -0.232260
v 0.251054 -2.348193 -0.230272
v 0.307523 -2.631115 -0.103903
v 0.498085 -3.250589 -0.327809
v 0.559393 -3.197797 -0.223144
v 0.554150 -3.059511 -0.214515
v 0.611382 -3.078454 0.000066
v 0.746912 -3.256170 0.434108
v 0.555072 -2.756138 -0.193495
v 0.564693 -1.656505 -0.118625
v 0.352725 0.113888 -0.354054
v 0.771322 1.603622 0.315573
v 0.635018 0.935488 -0.014575
v 0.703218 0.337181 0.001096
v 0.708074 0.778660 -0.015194
v 0.858966 0.319362 0.132374
v 0.745042 -0.054976 0.288464
v 0.659310 0.039084 0.326510
v 0.690166 -0.180243 0.362295
v 0.848260 0.223910 0.127319
v 0.775310 -0.187807 -0.056880
v 0.720130 -0.171149 -0.043635
v -0.570617 0.057455 0.431371
v -0.503911 0.874420 -0.079480
v -0.432768 1.741276 0.461157
v -0.800433 -3.298683 0.499240
v -0.688259 -3.091955 0.177661
v -0.633190 -2.688255 -0.232937
v -0.785373 -0.300908 0.033619
v -0.745870 1.258916 0.250044
v -0.985035 1.046377 -0.006153
v -0.752785 1.616138 -0.200012
v -0.799263 1.651165 -0.213523
v -0.933388 0.713956 0.138901
v -0.958798 0.717156 -0.037854
v -1.004240 0.964688 0.058480
v -0.930556 0.279886 -0.025285
v -0.955651 0.287335 0.046082
v -0.842393 -0.438000 -0.095548
v -0.685808 -0.880108 0.197093
v -0.380439 2.126090 0.278419
v -0.436621 1.703635 0.509916
v -0.451580 1.745000 0.479976
v -0.640561 1.888893 0.312065
v -0.657068 1.826477 0.317574
v 0.311748 1.971287 0.397286
v 0.684878 1.886540 0.322594
v 0.561342 2.049662 0.319272
v 0.743646 1.977371 0.121395
v 0.868956 1.797070 -0.035903
v 0.664499 1.824442 -0.187747
v 0.584133 1.763605 -0.311195
v -0.627105 1.724585 -0.371060
v -0.830122 1.808415 0.244868
v -0.625021 0.430547 0.360767
v -0.042832 0.771836 0.528512
v 0.415329 0.585949 -0.140663
v -0.181138 0.579564 0.471970
v -0.588266 0.580952 0.215861
v 0.361344 0.589944 0.435827
v 0.228825 0.585511 0.454081
v -0.045441 1.312534 -0.295350
v -0.372769 1.307891 0.495493
v 0.453599 1.365044 0.308113
v -0.043823 1.389390 0.584081
v 0.285654 1.440374 0.549001
v -0.567591 1.512728 0.308777
v -0.595263 1.460230 -0.012218
v 0.413984 1.345253 -0.269908
v 0.509891 1.486441 0.013841
v 0.472008 1.311541 0.081840
v -0.564531 1.299374 0.052151
v -0.468955 1.330690 0.385153
v -0.520519 1.343924 -0.228965
v 0.466017 1.354213 -0.048735
v 0.325928 1.331777 0.454592
v 0.322591 1.353365 -0.280331
v 0.456942 1.390758 -0.161390
v -0.440475 1.856634 0.410741
v -0.048937 1.774161 0.488312
v 0.453803 0.890348 0.311453
v 0.458564 1.241202 0.240948
v 0.458076 1.084953 0.173012
v 0.126483 1.156147 0.519923
v 0.399679 1.023259 -0.127204
v 0.418612 1.221272 -0.177718
v 0.379125 1.002612 -0.151783
v 0.107400 1.420055 -0.337263
v 0.227515 1.510179 -0.366180
v 0.347201 1.419092 -0.306770
v 0.323047 1.061826 0.453895
v 0.367683 1.083957 0.418865
v 0.365004 1.240084 0.414533
v 0.422408 0.971658 0.389278
v 0.421439 1.089400 0.376497
v 0.419577 1.249264 0.359464
v 0.447198 1.094341 0.022152
v 0.433183 1.106797 -0.068242
v -0.546712 1.135754 0.208434
v -0.149440 1.118061 0.531163
v -0.486628 1.002992 -0.148314
v -0.516048 1.176975 -0.163090
v -0.297081 1.422035 -0.344795
v -0.502441 0.963149 0.387668
v -0.429630 1.026443 0.433430
v -0.504292 1.076507 0.372732
v -0.414591 1.218124 0.447568
v -0.450252 1.149174 0.413245
v -0.506209 1.230778 0.352767
v -0.538241 1.079070 -0.000798
v 0.144142 0.367388 0.478974
v 0.097592 0.468537 0.477406
v 0.224653 0.526598 0.460276
v 0.337402 0.417030 0.460789
v 0.487462 0.411250 0.404360
v 0.444391 0.502627 0.405042
v -0.653206 0.438428 0.192617
v -0.315311 0.389599 0.471530
v -0.327953 0.489111 0.462299
v -0.582770 0.581895 -0.141690
v -0.521290 0.524127 0.409431
v -0.669862 0.437562 -0.080279
v -0.844825 1.819673 0.207056
v -0.755224 1.941309 0.196098
v -0.880083 1.817376 0.157239
v -0.797504 1.933504 0.125164
v -0.898763 1.842441 0.098436
v -0.757936 2.007956 0.063286
v -0.724450 1.722385 0.295694
v -0.694343 1.833776 0.294962
v -0.772008 1.755716 0.272672
v -0.735445 1.871751 0.267712
v -0.844446 1.881751 -0.174177
v -0.800776 1.957271 -0.076789
v -0.889466 1.861133 -0.040933
v -0.780929 1.741214 -0.222266
v -0.815479 1.800736 -0.197919
v -0.760702 1.874743 -0.222911
v -0.656457 1.934004 -0.301213
v -0.680610 1.851750 -0.292063
v -0.379991 1.914643 -0.381365
v -0.133687 1.936089 -0.405696
v 0.253931 1.934896 -0.362229
v 0.657741 2.006423 -0.162640
v 0.580231 1.961886 -0.257818
v 0.625444 1.905833 -0.221096
v 0.720215 1.906868 -0.126950
v 0.710127 1.819003 -0.144490
v 0.768927 1.931225 -0.029103
v 0.724734 1.992693 0.063223
v 0.629192 2.008209 0.252509
v 0.685670 1.998154 0.174113
v 0.711160 1.895276 0.276624
v 0.762232 1.868626 0.242726
v 0.804140 1.871633 0.189936
v 0.566483 1.799492 0.373596
v 0.564156 1.870531 0.363559
v 0.588781 1.930897 0.340483
v 0.610848 1.808167 0.355257
v 0.663434 1.831891 0.337302
v 0.652667 1.737398 0.348423
v 0.479443 1.985386 0.359783
v 0.393537 1.900878 0.415253
v 0.113449 1.952660 0.392389
v 0.102650 1.839536 0.457510
v -0.610296 1.909648 0.319658
v -0.563029 1.948967 0.324395
v -0.490767 1.899399 0.378332
v -0.556363 1.866406 0.362538
v -0.295327 1.934373 0.367632
v -0.168896 1.843769 0.431373
v -0.571235 -0.994489 -0.272446
v -0.663357 -0.865651 0.264125
v -0.209217 -0.968893 -0.001880
v -0.261627 -1.186793 -0.122846
v -0.685967 -0.866137 -0.210115
v -0.301678 -0.927759 0.250584
v -0.704740 -0.800168 0.105812
v -0.770771 -0.211804 0.045061
v -0.787038 -0.172784 -0.055608
v -0.938916 -0.251416 0.031839
v -0.824633 -0.168255 0.222072
v -0.742035 -0.009109 0.084277
v -0.947598 0.119803 0.004812
v -0.942765 0.209222 -0.018659
v -0.790242 0.173432 0.140494
v -0.803985 0.161194 0.164493
v -0.852759 0.112836 0.176802
v -0.877142 0.205575 0.147488
v -0.933297 0.195270 0.095174
v -0.903012 0.153169 -0.091415
v -0.783928 0.210396 0.115215
v -0.756276 0.134018 0.074457
v -0.779860 0.125418 -0.051798
v -0.791241 0.228627 -0.024257
v -0.836836 0.165423 -0.103856
v -0.825046 -0.405899 -0.030852
v -0.914876 -0.357350 0.100173
v -0.860049 -0.373951 0.181227
v -0.903778 -0.264473 0.169226
v -0.964348 1.113220 0.143614
v -0.985407 1.177370 0.094965
v -0.753112 1.082790 0.191247
v -0.597022 -1.811943 0.004983
v -0.670660 -2.054005 -0.078953
v -0.496412 -1.906418 0.022200
v -0.308848 -2.011518 -0.261137
v -0.788849 -0.153621 0.300132
v -0.863369 -0.298441 0.350021
v -0.838451 -0.192327 0.341574
v -0.803009 -0.178022 0.241659
v -0.852288 -0.173881 0.246301
v -0.772012 -0.123479 0.197263
v -0.820916 -0.305445 0.349958
v -0.831814 -0.297640 0.372173
v -0.805958 -0.144832 0.199050
v -0.761393 -0.024257 0.203060
v -0.860114 -0.126478 0.199236
v -0.928359 -0.361610 -0.042364
v -0.893954 -0.488434 -0.036823
v -0.911258 -0.484928 0.002778
v -0.903438 -0.467254 -0.043524
v -0.767823 -0.092659 0.127848
v -0.853247 -0.479287 -0.043401
v -0.864052 -0.514251 0.005768
v -0.897918 -0.371319 -0.115821
v -0.907985 -0.369237 -0.101418
v -0.800140 -0.377755 0.100586
v -0.813775 -0.452127 0.058276
v -0.720769 0.598437 0.071621
v -0.765156 0.378870 0.053914
v -0.902641 0.499012 -0.049076
v -0.869029 0.281185 -0.055167
v -0.808750 0.394246 0.119462
v -0.765899 0.624103 0.124800
v -0.946733 0.404300 0.082054
v -0.759301 0.898510 -0.073614
v -0.703408 0.791475 -0.025322
v -0.760587 0.500998 -0.029679
v -0.827244 0.477092 -0.065555
v -0.841843 0.278092 0.128095
v -0.884105 0.489701 0.130777
v -0.966823 0.513557 0.018249
v -0.760804 0.946675 0.155765
v -0.965548 0.961265 0.123357
v -0.969645 1.018130 0.133667
v -0.808894 0.928774 0.178086
v -0.881817 0.973725 0.182256
v -0.913701 0.978668 -0.083312
v -0.898806 0.916626 -0.068488
v -0.690137 0.964868 0.088085
v -0.713238 0.941202 -0.037616
v -0.696982 1.370098 0.226276
v -0.974147 1.696564 -0.019492
v -0.905026 1.558849 0.232255
v -0.631081 1.483728 0.170516
v -0.618278 1.469014 0.122377
v -0.595258 1.407653 0.062464
v -0.644971 1.286447 -0.073961
v -0.862593 1.580456 -0.171255
v -0.843269 1.415063 0.237873
v -0.819772 1.603365 0.258681
v -0.611516 1.430516 -0.032018
v -0.664884 1.507539 -0.123917
v -0.940093 1.680639 0.150757
v -0.700176 1.640826 -0.216514
v -0.727419 1.684785 -0.229597
v -0.603899 1.532719 0.159460
v -0.602165 1.503244 0.062712
v -0.671210 1.521248 0.234269
v -0.715127 1.571785 0.270404
v -0.634213 1.532799 -0.078402
v -0.649975 1.571372 -0.156284
v -0.612629 1.507297 -0.035260
v -1.005666 1.180727 0.057508
v -0.972355 1.123867 -0.047551
v -0.622154 -3.008411 0.076241
v -0.689423 -3.135895 0.348623
v -0.623570 -3.251889 -0.322598
v -0.617897 -2.387930 -0.093345
v -0.607189 -3.107971 -0.330438
v -0.586013 -3.015755 -0.321277
v -0.581443 -2.918512 -0.112004
v -0.629044 -0.571980 -0.258181
v -0.619118 -0.535131 0.346858
v -0.649462 -0.881663 -0.268661
v -0.714342 -0.020324 -0.283032
v -0.673864 -0.212966 -0.271189
v -0.657901 0.029637 -0.316538
v -0.349787 0.210392 -0.359192
v -0.278261 0.016974 0.435704
v -0.251393 0.088312 0.455316
v -0.163606 -0.003352 0.450636
v -0.636675 -3.200786 -0.222465
v -0.564824 0.701328 -0.010942
v -0.647015 -3.289221 -0.201085
v -0.700042 -1.069531 -0.132717
v -0.727667 -0.564209 -0.118012
v -0.782994 -0.220270 0.037042
v -0.774839 -0.069178 -0.081144
v -0.772900 -0.146078 -0.157197
v -0.771978 0.093917 -0.081095
v -0.624038 -2.847088 -0.231312
v -0.631779 -3.117352 -0.248834
v -0.623073 -3.025305 -0.264804
v -0.267312 -1.257431 -0.070385
v -0.714519 -0.805336 -0.068662
v -0.698146 -0.766206 -0.146721
v -0.760127 0.230607 -0.079317
v -0.761026 0.237718 -0.171597
v -0.750673 0.265497 -0.027138
v -0.744132 0.285022 -0.132674
v -0.132311 -0.354341 0.044118
v -0.141595 -0.437710 0.000837
v -0.652789 -1.548438 -0.135301
v -0.645253 -1.597902 -0.196338
v -0.661072 -1.472004 -0.112884
v -0.587170 1.423995 -0.034352
v -0.573860 1.397223 -0.093478
v -0.610496 1.512390 -0.156759
v -0.618158 1.533751 -0.092725
v -0.685342 -1.324233 -0.093114
v -0.594712 1.204873 0.020024
v -0.649481 -2.998282 -0.034638
v -0.709241 -3.135496 0.123636
v -0.803586 -3.241104 0.458951
v -0.650828 -1.531915 -0.009987
v -0.625105 -2.803456 -0.163874
v -0.745804 -3.169044 0.246672
v -0.721689 -3.142174 0.222887
v -0.780778 -3.198038 0.359757
v -0.751656 -3.178120 0.350400
v -0.787990 -3.215682 0.455060
v -0.685784 -1.313684 0.011642
v -0.194587 -0.850515 0.085110
v -0.253342 -1.184001 -0.018350
v -0.699377 -1.074304 0.079857
v -0.740203 0.256311 0.094596
v -0.721179 0.266333 0.189773
v -0.723834 0.224185 0.257644
v -0.134040 -0.480212 0.197184
v -0.126049 -0.406361 0.112166
v -0.129363 -0.411322 0.195138
v -0.124204 -0.321663 0.185888
v -0.740980 0.034296 0.237328
v -0.764320 -0.083344 0.109460
v -0.169044 -0.778636 0.028089
v -0.721003 -0.574232 0.148475
v -0.488479 1.383569 0.379398
v -0.430741 1.474799 0.490134
v -0.470840 0.672606 0.417560
v -0.512359 0.743244 0.391905
v -0.436523 0.807798 0.432366
v -0.471488 1.630503 0.477335
v -0.559865 1.674225 0.374835
v -0.469622 1.706181 0.477180
v -0.508452 1.697924 0.438322
v -0.577926 1.744763 0.374591
v -0.802726 -3.278249 0.327133
v -0.756234 -3.261424 0.162193
v -0.459945 -3.237417 -0.022665
v -0.480861 -3.275662 0.034648
v -0.482598 -3.243928 0.084768
v -0.556957 -2.975235 0.048733
v -0.669269 -3.140532 -0.100302
v -0.697240 -3.122086 0.012444
v -0.579808 -3.167544 0.437069
v -0.582615 -3.121418 0.363521
v -0.652110 -3.024937 0.069015
v -0.614865 -2.968167 -0.021667
v -0.572004 -3.269634 0.407971
v -0.710714 -3.241195 0.555834
v -0.710766 -3.278714 0.562723
v -0.467318 -3.120814 0.099227
v -0.435808 -3.074758 -0.045175
v -0.539744 -3.251235 -0.330176
v -0.453649 -3.055338 -0.303696
v -0.764446 -3.206368 0.233762
v -0.425072 -2.782949 -0.091869
v -0.636030 -2.639033 -0.122570
v -0.385422 -2.637086 -0.233003
v -0.360290 -1.907452 -0.007973
v -0.382518 -1.766204 0.029027
v -0.484159 -1.535287 0.111375
v -0.410492 -2.541547 -0.075939
v -0.655797 -1.882129 -0.294819
v -0.658794 -1.950042 -0.324805
v -0.636791 -1.739508 -0.278109
v -0.569652 -2.386063 -0.074137
v -0.636972 -2.295240 -0.087400
v -0.388460 -2.240414 -0.288249
v -0.366231 -2.363039 -0.066495
v -0.409223 -2.226887 -0.030984
v -0.348476 -2.229487 -0.057042
v -0.609721 -2.919039 -0.133674
v -0.358782 -1.487683 0.097844
v -0.506581 -2.987863 0.090399
v -0.450995 -2.962241 0.014796
v -0.461423 -2.936921 -0.023026
v -0.710346 -3.128879 0.281667
v -0.539654 -3.116268 -0.343759
v -0.546021 -3.015498 -0.324365
v -0.482453 -3.244652 -0.306167
v -0.683780 -0.984119 -0.219621
v -0.654238 -1.323615 0.119047
v -0.317602 -1.248421 0.149986
v -0.516750 -2.786688 -0.077390
v -0.424405 -2.746040 -0.261298
v -0.476575 -2.912424 -0.307467
v -0.348017 -1.342390 -0.172371
v -0.268915 -0.658923 -0.151366
v -0.490900 -0.695844 -0.254068
v -0.518936 -0.549250 -0.250285
v -0.433830 -0.582341 0.370761
v -0.673716 -1.100348 0.187481
v -0.681617 -0.992110 0.196263
v -0.277439 -0.430531 0.351111
v -0.230764 -0.314976 0.339271
v -0.310047 -0.281817 0.368920
v -0.572927 -0.222236 -0.288153
v -0.500007 -0.309518 -0.271544
v -0.460496 -0.265451 -0.289298
v -0.577091 -0.036315 -0.329157
v -0.505935 -0.107561 -0.325837
v -0.250184 -0.166964 -0.240905
v -0.315423 -0.152474 -0.279495
v -0.209123 -0.226264 -0.153611
v -0.753203 -0.071384 -0.236970
v -0.205700 -0.188546 0.347356
v -0.120027 -0.222102 0.331663
v -0.471415 -0.011980 -0.363764
v -0.330473 -0.321278 -0.227017
v -0.234393 -0.314890 -0.156012
v -0.235268 -0.461597 -0.126170
v -0.298320 -0.769184 0.292463
v -0.317642 -0.672562 0.328011
v -0.171957 -0.662133 0.251321
v -0.243620 -0.717146 0.273538
v -0.236645 -0.569901 0.312677
v -0.329629 -0.553912 0.358578
v -0.689443 -0.564270 0.286871
v -0.249229 0.066111 -0.392705
v -0.124221 -0.024353 -0.407236
v -0.643867 1.641979 -0.295252
v -0.677562 1.730111 -0.280685
v -0.649469 1.693237 -0.321033
v -0.635320 1.694047 -0.352028
v -0.056715 1.757441 0.495698
v -0.737415 0.260834 -0.252263
v -0.282369 1.632571 -0.422277
v -0.953642 1.569681 -0.122625
v -0.165069 1.013238 -0.191278
v -0.340555 1.153512 -0.233349
v -0.188797 0.667169 0.483398
v -0.306478 0.747748 0.470352
v -0.581868 1.482055 -0.268569
v -0.262306 1.433507 0.564030
v -0.227492 1.514338 0.598815
v -0.509527 -0.181621 0.406136
v -0.419045 -0.183232 0.396987
v -0.437977 -0.354977 0.393369
v -0.555901 0.714758 0.334548
v -0.574433 0.666943 0.217189
v -0.557370 0.763307 0.231278
v -0.677776 1.632660 0.279564
v -0.627838 1.597992 0.277695
v -0.645715 1.634688 0.289069
v -0.670291 1.685131 0.304541
v -0.607848 1.628127 0.305432
v -0.604538 1.697559 0.329530
v -0.637347 1.724248 0.324450
v 0.326201 -0.998824 -0.262043
v 0.132179 -0.945680 -0.027519
v 0.124052 -0.865727 -0.048160
v 0.148433 -0.983760 -0.130773
v 0.123196 -0.795621 -0.109936
v 0.624823 -0.819433 0.120617
v 0.649995 -0.950842 -0.025521
v 0.637058 -0.042259 0.176230
v 0.649645 -0.129993 0.128386
v 0.665776 -0.217034 0.084084
v 0.668828 -0.142460 0.048927
v 0.799762 0.009006 -0.039389
v 0.626392 0.019443 0.158605
v 0.608945 0.086755 0.088649
v 0.838828 0.240152 0.048340
v 0.836977 0.164092 0.076908
v 0.660552 0.227995 0.224488
v 0.727889 0.156168 0.256295
v 0.736425 0.237267 0.238296
v 0.823687 0.243411 0.173619
v 0.796737 0.192437 -0.023709
v 0.631286 0.218896 0.160905
v 0.671394 0.225824 0.009882
v 0.644744 0.147575 0.036581
v 0.721828 0.184433 -0.046804
v 0.757378 0.310434 -0.019962
v 0.702252 -0.322309 0.050949
v 0.587413 1.117973 0.255619
v 0.590665 1.155264 0.266973
v 0.525092 -1.833920 -0.000224
v 0.593668 -2.053827 -0.078796
v 0.662353 -0.157634 0.417941
v 0.666257 -0.222113 0.452273
v 0.714200 -0.240471 0.428016
v 0.697938 -0.167720 0.432428
v 0.728072 -0.076407 0.377361
v 0.665053 -0.121247 0.315349
v 0.650265 -0.023691 0.340554
v 0.748029 0.042102 0.297333
v 0.717008 -0.119080 0.329170
v 0.760933 -0.023529 0.240611
v 0.651657 -0.144976 0.343403
v 0.677757 -0.239901 0.441649
v 0.675284 -0.090675 0.276676
v 0.722465 -0.072432 0.279023
v 0.783936 -0.436134 0.058647
v 0.794730 -0.429455 0.083930
v 0.795777 -0.404802 0.029025
v 0.642050 -0.034112 0.197134
v 0.627599 0.034540 0.270245
v 0.691633 -0.101057 0.286215
v 0.756026 -0.425633 0.033718
v 0.794410 -0.249577 -0.021429
v 0.795902 -0.329757 -0.015132
v 0.669312 -0.316158 0.174329
v 0.680424 -0.336380 0.125277
v 0.581687 0.655989 0.143741
v 0.602600 0.496116 0.119342
v 0.786383 0.605753 0.019806
v 0.637173 0.544714 0.195999
v 0.831359 0.495968 0.178576
v 0.827919 0.660545 0.181294
v 0.734906 0.336058 0.228998
v 0.787431 0.779473 0.220626
v 0.623612 0.569919 0.029037
v 0.607584 0.497301 0.066451
v 0.706986 0.506529 -0.007785
v 0.745256 0.586574 0.223274
v 0.845935 0.639425 0.088790
v 0.584661 0.929949 0.173077
v 0.834725 0.993000 0.192683
v 0.851744 1.058312 0.177959
v 0.869008 0.937856 0.147498
v 0.703450 1.040069 0.269706
v 0.747680 1.011874 0.255122
v 0.830702 0.774677 0.047301
v 0.850247 0.911863 0.090325
v 0.821429 0.926446 0.196591
v 0.647481 0.780697 0.224078
v 0.497436 1.157915 0.073108
v 0.767914 1.036189 -0.024678
v 0.837742 0.931326 0.046873
v 0.556826 0.974690 0.147487
v 0.528961 1.019995 0.113777
v 0.594407 1.010650 -0.009618
v 0.539807 0.937555 0.076118
v 0.549156 1.011070 0.039571
v 0.616503 1.083423 -0.071745
v 0.537425 1.414286 0.264789
v 0.874465 1.707141 0.083907
v 0.854522 1.370027 0.144468
v 0.505003 1.533935 0.204785
v 0.500973 1.550762 0.143666
v 0.482351 1.480925 0.134526
v 0.529360 1.366240 -0.025318
v 0.776635 1.663514 -0.090020
v 0.586292 1.314351 0.307741
v 0.697946 1.487293 0.314000
v 0.702065 1.669294 0.332470
v 0.546111 1.514138 -0.041338
v 0.541384 1.563305 -0.011904
v 0.838376 1.717693 0.218003
v 0.637111 1.669489 -0.131321
v 0.635642 1.714757 -0.156818
v 0.662387 1.760823 -0.166606
v 0.499763 1.589117 0.208239
v 0.506257 1.597470 0.215566
v 0.504882 1.561731 0.118973
v 0.554090 1.559541 0.297911
v 0.549311 1.613850 0.300961
v 0.578953 1.621380 -0.069861
v 0.570250 1.618075 -0.076829
v 0.538890 1.584620 -0.004376
v 0.855922 1.167172 0.039854
v 0.869649 1.176653 0.100449
v 0.533786 -2.989727 0.039631
v 0.712815 -3.257184 0.515279
v 0.617408 -3.132445 0.332828
v 0.556709 -3.293010 0.136403
v 0.528674 -3.260641 -0.320493
v 0.549252 -3.233688 -0.328030
v 0.549931 -2.197697 -0.067948
v 0.524824 -3.097794 -0.330027
v 0.575283 -1.227799 -0.240800
v 0.471736 -1.434940 0.129730
v 0.488174 -2.725135 -0.089680
v 0.359535 -1.648472 -0.273738
v 0.469115 -0.488792 -0.257186
v 0.467279 -0.772669 -0.259532
v 0.530878 -0.603790 -0.257027
v 0.543026 -0.515658 0.350807
v 0.504564 -0.063772 -0.276377
v 0.491231 -0.250477 -0.264632
v 0.439129 -0.004778 -0.305056
v 0.020154 0.240177 -0.346752
v 0.273557 0.248917 -0.336172
v 0.092628 -0.001774 0.445548
v 0.020188 0.014154 0.461280
v 0.214232 0.034324 0.433704
v 0.116708 0.070189 0.455687
v 0.256121 0.106247 0.448130
v 0.624187 -1.122825 -0.118699
v 0.619000 -0.438720 -0.122049
v 0.617843 -0.185948 -0.062529
v 0.577623 0.094232 -0.077788
v 0.584142 -0.040210 -0.152211
v 0.545276 -2.921216 -0.222439
v 0.551706 -3.093318 -0.268379
v 0.191275 -1.262233 -0.078012
v 0.629692 -0.786682 -0.094441
v 0.554221 0.245867 -0.059745
v 0.547937 0.291244 -0.046253
v 0.533101 0.266441 -0.151364
v 0.012097 -0.407131 0.047893
v 0.000382 -0.340097 -0.007044
v 0.580456 -1.490895 -0.128483
v 0.564079 -1.649162 -0.240923
v 0.572785 -1.573276 -0.149349
v 0.488746 1.404076 -0.001372
v 0.508717 1.474700 -0.061973
v 0.544313 1.568964 -0.097230
v 0.604006 -1.318597 -0.121530
v 0.572008 -2.994218 -0.052762
v 0.732121 -3.241446 0.449468
v 0.572784 -1.576997 -0.060121
v 0.581669 -1.430802 0.025121
v 0.571158 -1.537056 0.009083
v 0.545332 -2.843650 -0.161697
v 0.554236 -2.709940 -0.150259
v 0.668817 -3.169048 0.246679
v 0.698339 -3.193849 0.348507
v 0.644691 -3.142167 0.222878
v 0.693947 -3.196392 0.392138
v 0.671116 -3.175825 0.355384
v 0.181627 -1.169897 0.093884
v 0.604306 -1.334849 0.012991
v 0.120902 -0.849826 0.105864
v 0.571210 0.263559 0.139830
v 0.579851 0.214186 0.118909
v 0.574838 0.264771 0.237390
v 0.029800 -0.453649 0.156211
v 0.017780 -0.348185 0.203246
v 0.614925 -0.020554 0.147664
v 0.610248 0.074805 0.260805
v 0.623787 -0.067297 0.273379
v 0.081304 -0.673858 0.136205
v 0.646028 -0.574210 0.012940
v 0.639820 -0.446760 0.149808
v 0.337431 1.474644 0.493309
v 0.403009 1.509925 0.417221
v 0.374167 0.699975 0.422856
v 0.417040 0.712403 0.397332
v 0.343145 1.641765 0.525657
v 0.333057 1.687711 0.524135
v 0.340969 1.753234 0.497203
v 0.381934 1.700720 0.477719
v 0.388618 1.750599 0.467694
v 0.393113 1.784508 0.460951
v 0.426090 1.676769 0.430002
v 0.452319 1.752245 0.418444
v 0.460182 1.804445 0.421557
v 0.695637 -3.263180 0.222731
v 0.733036 -3.279723 0.354030
v 0.382952 -3.237417 -0.022666
v 0.409638 -3.253670 0.089529
v 0.487286 -2.986109 0.072075
v 0.595417 -3.120976 -0.083918
v 0.634027 -3.224519 0.011493
v 0.473753 -3.112960 0.319695
v 0.549968 -3.194866 0.514754
v 0.504807 -3.163927 0.431216
v 0.524583 -3.133717 0.398516
v 0.570735 -3.017618 0.056865
v 0.537873 -2.968163 -0.021677
v 0.484943 -3.262201 0.383025
v 0.448172 -3.289670 0.195783
v 0.588578 -3.216301 0.569610
v 0.567325 -3.239122 0.566004
v 0.570724 -3.131438 0.380635
v 0.390319 -3.120793 0.099201
v 0.358821 -3.074748 -0.045140
v 0.375790 -3.019038 -0.299660
v 0.691737 -3.214373 0.242418
v 0.372646 -2.781084 -0.078640
v 0.571261 -2.388324 -0.111823
v 0.293531 -1.944084 -0.008423
v 0.300113 -1.788750 0.021993
v 0.354256 -2.598791 -0.074962
v 0.309882 -2.455154 -0.072351
v 0.486899 -2.379808 -0.071917
v 0.578036 -1.883859 -0.297085
v 0.562934 -1.799264 -0.296693
v 0.562755 -2.257816 -0.091573
v 0.550130 -2.313457 -0.088206
v 0.320964 -2.240613 -0.288063
v 0.291656 -2.295274 -0.061282
v 0.339495 -2.249671 -0.038521
v 0.532941 -2.662438 -0.106013
v 0.281219 -1.537584 0.074636
v 0.385465 -2.972421 0.036582
v 0.450169 -3.049831 0.203299
v 0.397308 -2.953695 0.012202
v 0.448996 -3.011740 0.145374
v 0.592687 -3.073056 0.192064
v 0.454213 -3.045402 -0.331236
v 0.432297 -3.068865 -0.338671
v 0.358216 -3.189851 -0.295959
v 0.572170 -0.981124 -0.274273
v 0.576362 -1.325102 0.119378
v 0.300672 -1.290791 0.183533
v 0.427631 -2.777377 -0.073116
v 0.351511 -2.757202 -0.264488
v 0.244789 -1.268961 -0.159631
v 0.328920 -1.419339 -0.210754
v 0.541673 -1.423035 -0.214114
v 0.286519 -0.620787 -0.238778
v 0.415172 -0.573807 -0.252654
v 0.356035 -0.674053 -0.250092
v 0.434898 -0.572761 0.360399
v 0.354728 -0.546458 0.375797
v 0.106259 -0.444049 0.315029
v 0.137575 -0.315227 0.339002
v 0.216604 -0.282113 0.368037
v 0.373390 -0.271824 -0.277411
v 0.337073 -0.089042 -0.320158
v 0.289585 -0.302653 -0.277748
v 0.278370 -0.156770 -0.316747
v -0.026690 -0.213837 -0.164485
v 0.047061 -0.199208 -0.198948
v 0.067001 -0.164027 -0.251184
v 0.543176 0.246081 0.432672
v 0.062471 -0.518238 0.289476
v 0.143342 -0.142168 0.367678
v 0.064979 -0.212484 0.334318
v 0.260635 0.042818 -0.366366
v 0.089247 -0.265316 -0.191882
v 0.147661 -0.353773 -0.200442
v 0.166136 -0.432211 -0.179178
v 0.147676 -0.154990 -0.297476
v 0.588106 0.194675 0.399448
v 0.174836 -0.659591 0.295139
v 0.158149 -0.569923 0.312617
v 0.210305 -0.795443 0.277653
v 0.257057 -0.689800 0.334186
v 0.251304 -0.553939 0.358376
v 0.620653 -0.560086 0.263128
v 0.008191 0.051007 -0.392919
v 0.592657 1.681042 -0.219612
v 0.614653 1.758515 -0.226030
v 0.586602 1.687554 -0.274508
v 0.599202 1.748243 -0.271255
v 0.576123 1.673303 -0.313234
v 0.109750 1.650060 0.578794
v 0.112813 1.731785 0.524299
v 0.499550 0.240814 -0.264829
v 0.259550 1.628418 -0.395660
v 0.854091 1.486113 0.056743
v 0.065198 1.151794 -0.234315
v 0.131219 0.981116 -0.177331
v 0.069912 0.694744 0.493471
v 0.196113 0.692727 0.470514
v 0.233210 0.784394 0.471071
v 0.486446 1.450791 -0.165452
v 0.538160 1.555304 -0.152507
v 0.482549 1.455964 -0.244383
v 0.529696 1.541213 -0.261260
v 0.026265 1.421034 0.582538
v 0.160770 1.374356 0.543143
v 0.154991 1.484871 0.586467
v -0.080863 0.584367 -0.207589
v 0.125665 0.202849 0.473455
v 0.478225 1.466289 0.202323
v 0.415640 -0.182766 0.406422
v 0.347283 -0.233901 0.397370
v 0.296472 -0.271336 0.390664
v 0.458958 0.769505 0.232867
v 0.523282 1.654756 0.322734
v 0.507757 1.671830 0.342957
v 0.555153 1.688975 0.337432
v 0.538626 1.713752 0.353190
v 0.519588 1.773523 0.380101
v -0.030911 2.762159 0.543574
v -0.018998 2.801841 0.530103
v -0.048396 2.789904 0.543355
v -0.051635 2.877296 0.542436
v 0.154628 2.839908 0.533425
v 0.174069 2.800794 0.518768
v 0.077836 2.735720 0.522755
v 0.081084 2.708865 0.528858
v 0.169760 2.868851 0.535408
v -0.088537 2.800912 0.540125
v -0.108558 2.800340 0.532951
v -0.084706 2.728187 0.561077
v -0.316325 2.712426 0.502140
v -0.231983 2.741263 0.518029
v -0.168904 2.712008 0.540212
v -0.287260 2.696195 0.510937
v -0.087792 2.865829 0.539922
v -0.316089 2.860400 0.541976
v -0.241826 2.846435 0.539474
v 0.147684 3.091421 0.489268
v 0.133988 3.067177 0.538259
v 0.142325 3.144115 0.002180
v 0.132979 3.210954 0.068225
v 0.100187 3.124554 -0.060328
v -0.165000 3.114536 -0.072445
v -0.320691 3.084646 0.463906
v -0.298408 3.036824 0.546167
v -0.321789 3.185999 0.079968
v -0.300910 3.134890 -0.030351
v -0.309723 3.156063 0.017227
v -0.352029 3.076719 0.329813
v -0.250280 3.153087 -0.047345
v 0.081930 2.623703 -0.099257
v 0.138524 2.667392 -0.067772
v -0.236845 2.656198 0.525448
v -0.138878 2.655169 0.553129
v -0.362424 2.665333 0.355380
v 0.234357 2.703141 0.221427
v 0.128295 2.668032 0.513483
v 0.010085 2.663866 0.554073
v 0.053267 2.486395 -0.111143
v 0.197903 2.612106 0.361920
v 0.190995 2.641492 0.437809
v 0.145228 2.564586 0.468217
v -0.060904 2.524354 0.556580
v 0.217742 2.642435 0.174595
v 0.102243 2.564690 -0.088942
v -0.076106 2.748404 -0.076060
v -0.310043 2.593477 0.429144
v -0.298027 2.553949 0.402818
v -0.376277 2.691193 0.096163
v -0.289101 2.671345 -0.057532
v 0.240914 2.821706 0.106355
v 0.248134 2.801970 0.115785
v 0.254633 2.898509 0.095198
v 0.281411 2.869225 0.105090
v 0.277766 2.928136 0.154832
v 0.278876 2.904645 0.147400
v 0.268986 2.920179 0.197673
v 0.264607 2.852160 0.162819
v 0.252126 2.804375 0.171952
v 0.241219 2.945660 0.240816
v 0.237084 2.809059 0.253127
v 0.231696 2.740031 0.185206
v -0.407020 2.794694 0.116788
v -0.434124 2.918192 0.110237
v -0.417063 2.904655 0.104351
v -0.450781 2.892498 0.109827
v -0.415610 2.788388 0.168521
v -0.406802 2.807248 0.222771
v -0.376376 2.715042 0.198293
v 0.128167 2.393995 -0.120037
v 0.090875 2.437465 -0.120838
v -0.136076 2.275623 0.242922
v 0.182069 2.284176 0.178263
v 0.061825 2.357711 0.234367
v 0.088799 2.467499 -0.101645
v 0.130686 2.447071 -0.084836
v -0.063632 2.481536 -0.123583
v 0.149942 2.394926 -0.074732
v -0.275426 2.323790 0.000608
v -0.253829 2.431676 -0.081457
v -0.059210 2.441966 -0.132606
v -0.268486 2.369895 -0.054619
v -0.352798 3.051663 -0.009819
v -0.363188 3.056474 0.050016
v -0.366128 2.878351 0.454195
v -0.306207 3.012870 -0.094087
v -0.598108 2.117070 -0.098460
v -0.459676 2.199096 -0.119923
v -0.300576 2.289269 -0.010962
v -0.432833 2.217330 -0.057242
v -0.262084 2.444090 0.006770
v -0.247897 2.539518 -0.078437
v -0.214064 3.231214 0.063659
v -0.306520 2.814482 -0.062633
v -0.308172 2.517217 0.134538
v -0.252295 3.211058 0.388257
v -0.164143 3.264465 0.331960
v -0.479313 2.100940 0.256626
v -0.371127 2.170060 0.244751
v -0.361446 2.215775 0.197389
v -0.330271 2.226058 0.212816
v -0.295256 2.267172 0.187523
v -0.105586 2.159263 0.284382
v -0.191306 2.113651 0.288682
v -0.297336 2.105870 0.281687
v -0.169597 2.188181 0.266766
v -0.262886 2.183006 0.253671
v -0.275360 2.213142 -0.252833
v -0.461302 2.196014 -0.169087
v -0.252014 2.447173 -0.077855
v -0.386526 2.963222 0.318973
v -0.109962 2.407298 0.408611
v -0.142848 2.408282 0.441954
v -0.294393 3.049390 0.544318
v -0.249475 3.156821 0.457115
v -0.212322 3.117046 0.492946
v -0.132150 3.159471 0.470579
v -0.345585 2.731570 -0.022603
v -0.191937 2.803011 0.530634
v -0.242543 2.772400 0.523176
v -0.160881 2.767625 0.530646
v -0.238179 3.249433 0.258588
v -0.163636 3.275965 0.186015
v -0.352369 3.008891 -0.047662
v -0.371742 3.004451 0.013369
v -0.376281 2.987795 0.015194
v -0.458977 2.173878 0.146748
v -0.577448 2.120916 0.094912
v -0.188218 3.180421 -0.032002
v -0.166277 2.466303 0.504976
v -0.120437 2.487187 0.523425
v -0.093505 2.434426 0.505979
v -0.059992 2.388394 0.277344
v -0.281656 2.499008 0.353228
v -0.231218 2.493361 0.459551
v -0.212552 2.443239 0.415136
v 0.199961 3.050448 0.333837
v 0.175086 3.074869 -0.027172
v 0.181172 3.100404 0.047000
v 0.167639 2.980207 0.552346
v 0.249897 2.913782 0.234104
v 0.062874 2.843857 0.532891
v -0.023343 2.857906 0.540016
v 0.194716 2.934810 0.544612
v 0.133159 3.022872 -0.102650
v 0.448035 2.186720 -0.002970
v 0.318413 2.246871 -0.052582
v 0.360464 2.225437 -0.101275
v 0.136640 2.461524 -0.008296
v -0.007985 3.245083 0.056127
v 0.146215 2.825694 -0.067617
v 0.231054 2.992100 0.193427
v 0.037936 3.233225 0.380889
v 0.230683 2.218377 0.241228
v 0.345411 2.153919 0.268802
v 0.254547 2.218949 0.229554
v 0.280786 2.219149 0.216809
v 0.100865 2.334090 -0.162805
v 0.016349 2.147213 0.293967
v 0.104412 2.107121 0.310811
v 0.081360 2.179796 0.280051
v 0.213518 2.106874 0.316297
v 0.177549 2.181059 0.275009
v 0.150693 2.235792 0.244618
v 0.158414 2.243182 -0.224644
v 0.205585 2.127625 -0.310974
v 0.381520 2.200387 -0.163951
v 0.223767 2.991254 0.312211
v 0.001534 2.407651 0.444214
v -0.011309 2.416308 0.366563
v 0.068760 2.426490 0.373534
v 0.039015 3.097901 0.512327
v -0.037602 3.163022 0.469454
v 0.057134 3.179079 0.448285
v 0.222401 2.848943 0.032275
v 0.086271 2.808492 0.525088
v 0.102051 2.782817 0.517133
v 0.032534 2.780664 0.526423
v 0.064203 3.257051 0.268656
v -0.031975 3.281817 0.207320
v 0.186517 3.032570 -0.038782
v 0.206822 3.013133 0.008582
v 0.208959 3.032001 0.039699
v 0.342411 2.205035 0.171425
v 0.464173 2.160634 0.138170
v 0.234064 2.273741 0.068932
v 0.209875 2.963085 0.443183
v -0.007672 3.187208 -0.035908
v 0.032751 2.460298 0.501806
v -0.020280 2.469085 0.519087
v 0.172850 2.539500 0.342611
v 0.126023 2.482858 0.380613
v 0.089422 2.472789 0.451348
vn 0.8782 0.3590 -0.3161
vn 0.9463 0.2489 -0.2065
vn 0.6915 0.0482 -0.7208
vn -0.0876 0.9693 0.2298
vn 0.7587 0.6298 0.1662
vn 0.4291 0.8993 0.0842
vn 0.0669 -0.0805 0.9945
vn 0.0044 -0.1587 0.9873
vn 0.0112 -0.2466 0.9690
vn 0.9877 -0.0206 -0.1550
vn 0.7077 0.0611 -0.7039
vn 0.7995 0.0521 -0.5984
vn 0.2509 -0.1641 -0.9540
vn -0.8183 0.1939 -0.5411
vn 0.3189 0.8003 -0.5078
vn 0.3329 0.3270 -0.8844
vn -0.6753 0.7279 -0.1194
vn -0.6545 0.7296 -0.1980
vn -0.0450 0.9990 0.0029
vn -0.7001 0.0138 -0.7139
vn -0.7721 0.0364 -0.6345
vn -0.9870 -0.0928 -0.1312
vn -0.9785 0.1048 -0.1777
vn -0.8122 0.5385 -0.2244
vn -0.5823 0.4565 0.6727
vn 0.7145 -0.1061 -0.6916
vn 0.6909 -0.3333 0.6416
vn 0.8914 -0.4145 0.1835
vn 0.9304 -0.3304 0.1591
vn -0.8852 0.3720 -0.2795
vn -0.9329 0.3513 -0.0796
vn -0.6730 0.7283 -0.1289
vn -0.8760 -0.2302 0.4238
vn -0.9858 -0.1638 0.0361
vn -0.8827 -0.2292 0.4103
vn -0.3405 0.0658 -0.9379
vn -0.3105 -0.1162 -0.9435
vn -0.0242 -0.1316 -0.9910
vn -0.8853 -0.1805 0.4286
vn -0.9980 -0.0627 -0.0003
vn -0.8769 -0.0214 -0.4803
vn -0.8839 -0.1610 -0.4391
vn -0.6875 -0.6978 -0.2013
vn -0.9898 -0.1108 0.0899
vn 0.9528 0.2888 -0.0933
vn 0.9298 0.3525 -0.1058
vn 0.9500 0.2084 -0.2324
vn 0.8176 -0.2840 0.5009
vn 0.7547 -0.2366 0.6120
vn 0.7902 -0.1896 0.5828
vn -0.9891 -0.1450 0.0271
vn 0.9487 -0.0827 0.3052
vn 0.9386 -0.1187 0.3240
vn 0.6718 -0.1784 -0.7190
vn 0.8803 -0.0583 0.4709
vn 0.7215 -0.0834 -0.6873
vn 0.9834 0.1034 -0.1489
vn 0.6068 0.0734 -0.7915
vn 0.9780 0.0447 -0.2036
vn 0.9906 -0.0808 -0.1102
vn 0.7142 -0.0411 -0.6987
vn 0.9984 -0.0564 -0.0087
vn 0.0918 -0.1156 0.9890
vn -0.0068 -0.0717 0.9974
vn -0.0073 -0.0855 0.9963
vn -0.0037 0.1081 -0.9941
vn -0.2809 -0.0009 -0.9597
vn -0.0008 -0.9998 -0.0178
vn -0.0415 -0.9991 -0.0050
vn -0.0243 -0.9997 -0.0046
vn 0.5511 -0.0790 0.8307
vn -0.3086 -0.0821 0.9476
vn 0.1857 -0.1401 0.9726
vn -0.9660 0.1501 0.2106
vn -0.1939 -0.4606 0.8662
vn -0.4048 0.0568 0.9126
vn -0.8710 -0.1700 -0.4609
vn -0.9478 -0.1613 -0.2751
vn -0.6275 -0.1294 -0.7678
vn 0.7046 -0.1612 0.6911
vn 0.9669 -0.0371 0.2526
vn 0.9766 -0.0501 -0.2090
vn -0.9250 -0.0741 0.3725
vn -0.9471 -0.3073 0.0929
vn -0.9792 -0.1883 0.0754
vn 0.9827 -0.1368 -0.1251
vn 0.8875 -0.0614 -0.4567
vn 0.8923 -0.0813 -0.4440
vn 0.1407 -0.1454 0.9793
vn 0.1805 -0.1030 0.9782
vn 0.3485 -0.0153 0.9372
vn -0.8401 -0.2085 0.5007
vn -0.7881 -0.3270 0.5215
vn -0.9086 -0.1581 0.3866
vn 0.9858 -0.1677 -0.0120
vn 0.9861 -0.1627 0.0350
vn 0.9888 -0.1456 0.0324
vn -0.6794 -0.1502 -0.7182
vn -0.9350 -0.1115 0.3368
vn -0.9527 -0.0368 0.3018
vn -0.7293 -0.0055 -0.6842
vn -0.1783 -0.4398 -0.8802
vn -0.1194 -0.3424 -0.9319
vn 0.6021 -0.1323 0.7874
vn 0.2126 -0.1189 0.9699
vn 0.6563 -0.1209 0.7448
vn 0.2450 0.9678 -0.0579
vn -0.0568 -0.9424 0.3297
vn 0.2762 0.9597 -0.0519
vn 0.8965 -0.2235 0.3826
vn 0.9940 -0.0582 -0.0931
vn -0.7929 -0.5990 -0.1120
vn -0.7564 -0.0069 0.6540
vn -0.7917 0.2763 0.5449
vn -0.3998 0.9154 0.0465
vn 0.0637 0.9952 0.0738
vn 0.0388 0.9986 0.0353
vn -0.6098 -0.0381 -0.7917
vn -0.8616 0.1146 -0.4945
vn -0.8290 0.0553 -0.5565
vn 0.9784 -0.1623 -0.1283
vn 0.9854 -0.1572 -0.0658
vn 0.9612 -0.1115 -0.2522
vn 0.3837 0.2619 0.8855
vn 0.3167 -0.0969 0.9436
vn 0.4098 0.0557 0.9105
vn -0.9528 0.2351 0.1920
vn -0.9380 0.3451 0.0337
vn -0.9646 0.2621 0.0290
vn -0.9924 -0.1229 -0.0110
vn -0.9977 -0.0248 0.0635
vn 0.1149 -0.3946 -0.9117
vn 0.5651 -0.3957 -0.7240
vn 0.0812 -0.3506 -0.9330
vn -0.7697 0.2351 0.5936
vn -0.0152 -0.3976 0.9174
vn -0.1207 0.8093 0.5749
vn -0.6755 0.3057 0.6710
vn -0.0285 -0.5473 0.8364
vn 0.7121 0.5555 0.4294
vn 0.8239 0.4497 -0.3449
vn 0.2794 0.7910 0.5443
vn 0.4904 -0.4322 0.7568
vn 0.6301 0.5255 0.5717
vn -0.4867 0.1881 0.8531
vn 0.0573 0.1514 0.9868
vn -0.2306 0.2853 0.9303
vn -0.0305 0.1667 0.9855
vn -0.1514 -0.3729 0.9154
vn 0.9983 -0.0063 0.0580
vn 0.9943 -0.0384 0.0995
vn 0.9270 -0.0688 0.3688
vn 0.9938 -0.1098 -0.0148
vn 0.8396 0.0294 0.5424
vn 0.9991 -0.0379 0.0183
vn 0.9994 0.0133 -0.0309
vn 0.2132 -0.0500 0.9757
vn -0.0024 -0.1743 0.9847
vn 0.0033 -0.0974 0.9952
vn 0.2353 -0.1028 0.9665
vn 0.4907 -0.0590 0.8693
vn 0.2157 -0.0734 0.9737
vn 0.3548 -0.0350 0.9343
vn 0.5206 -0.1886 0.8327
vn 0.9156 -0.1987 -0.3496
vn 0.9180 -0.3491 -0.1883
vn 0.9087 -0.0157 -0.4172
vn 0.8338 -0.1898 -0.5184
vn 0.4367 -0.0438 -0.8985
vn 0.8231 -0.2272 -0.5204
vn 0.5355 -0.2885 -0.7937
vn 0.0473 -0.2063 -0.9773
vn 0.6877 -0.2783 -0.6706
vn 0.1400 -0.4516 -0.8812
vn 0.7550 -0.1056 0.6472
vn 0.6816 0.0797 0.7274
vn 0.6818 0.0172 0.7314
vn 0.6130 -0.0014 0.7901
vn 0.4911 0.0846 0.8670
vn 0.4484 0.0125 0.8937
vn 0.6275 0.0848 0.7740
vn 0.9789 -0.1074 -0.1738
vn 0.9938 0.0098 -0.1106
vn 0.9758 -0.1288 -0.1767
vn 0.9652 -0.2258 -0.1316
vn -0.9965 0.0690 0.0483
vn -0.8209 0.0607 0.5679
vn -0.9958 0.0835 -0.0364
vn -0.2342 -0.0873 0.9683
vn -0.3932 -0.0475 0.9182
vn -0.3315 -0.0381 0.9427
vn -0.2177 -0.0452 0.9750
vn -0.4457 -0.0513 0.8937
vn -0.5098 -0.1769 0.8419
vn -0.5285 -0.2876 -0.7987
vn -0.4305 0.0026 -0.9026
vn -0.8265 -0.2093 -0.5226
vn -0.9207 0.0843 -0.3812
vn -0.0482 -0.4852 -0.8731
vn -0.5491 -0.4245 -0.7199
vn -0.6054 -0.3044 -0.7354
vn 0.0259 -0.4020 -0.9153
vn -0.4976 0.0953 0.8622
vn -0.4948 0.0204 0.8688
vn -0.6333 0.0834 0.7694
vn -0.5915 0.0080 0.8063
vn -0.6831 0.0343 0.7295
vn -0.7172 -0.0058 0.6969
vn -0.7552 -0.0902 0.6493
vn -0.6917 0.0808 0.7177
vn -0.9853 -0.0933 -0.1432
vn 0.1051 0.0978 0.9896
vn 0.1356 -0.0128 0.9907
vn 0.0047 -0.0634 0.9980
vn 0.3720 0.0708 0.9255
vn 0.4147 0.1490 0.8977
vn 0.0821 0.1071 0.9909
vn 0.0705 0.0586 0.9958
vn 0.0998 0.0436 0.9941
vn 0.8225 0.3076 -0.4785
vn 0.3732 0.3006 -0.8777
vn 0.8374 0.3003 -0.4568
vn 0.4277 0.3277 -0.8424
vn 0.6326 0.2622 0.7287
vn 0.8971 0.1458 0.4171
vn 0.7065 0.2683 0.6548
vn 0.9046 0.2727 0.3277
vn 0.9679 0.2432 -0.0632
vn -0.8384 0.2761 0.4700
vn -0.8801 0.4053 0.2472
vn -0.0039 0.3005 -0.9538
vn -0.3766 0.3830 -0.8435
vn 0.0030 -0.0526 -0.9986
vn -0.1103 0.0876 0.9900
vn -0.3450 0.0842 0.9348
vn -0.3836 0.2775 0.8808
vn -0.0075 -0.0238 0.9997
vn -0.0796 0.0586 0.9951
vn -0.3903 0.1909 0.9007
vn -0.1336 -0.0291 0.9906
vn -0.8511 0.4211 -0.3136
vn -0.4347 0.3852 -0.8141
vn -0.8456 0.4089 -0.3432
vn -0.7441 0.4056 0.5309
vn -0.6709 0.2645 0.6928
vn -0.7728 0.3739 0.5129
vn -0.5529 0.2989 0.7778
vn -0.8945 0.4412 -0.0723
vn -0.8137 -0.0616 0.5780
vn -0.5790 0.2858 0.7636
vn -0.8054 0.5717 0.1565
vn -0.5729 0.0599 0.8174
vn -0.9963 -0.0803 0.0303
vn -0.8865 -0.0040 0.4627
vn -0.8397 -0.0058 0.5430
vn -0.2577 0.5576 0.7891
vn -0.2769 0.9599 -0.0444
vn -0.9648 0.0806 0.2503
vn -0.1484 0.9485 0.2798
vn -0.7831 0.5645 0.2609
vn -0.7810 0.3162 0.5385
vn -0.5781 -0.1137 0.8080
vn -0.1198 0.0713 0.9902
vn -0.5762 0.0184 0.8171
vn -0.1803 0.0010 0.9836
vn -0.3391 0.2486 0.9073
vn -0.2823 0.0464 0.9582
vn -0.9015 0.0865 0.4240
vn -0.2577 0.0765 0.9632
vn -0.9464 0.2605 0.1910
vn -0.9047 0.1552 0.3968
vn -0.3762 0.8999 0.2204
vn -0.7938 0.5962 -0.1200
vn -0.9231 0.3834 0.0307
vn -0.6349 0.4192 -0.6489
vn -0.7550 0.4456 -0.4811
vn -0.8938 -0.0257 -0.4478
vn -0.4516 -0.4858 -0.7483
vn -0.2874 -0.2562 -0.9229
vn -0.7101 0.4522 -0.5398
vn -0.9307 0.0510 -0.3622
vn -0.5623 -0.3997 -0.7239
vn -0.7689 -0.3908 -0.5060
vn -0.6598 0.3157 -0.6819
vn 0.4010 -0.0891 -0.9117
vn -0.2105 0.0734 -0.9748
vn -0.6160 0.0745 -0.7842
vn -0.3338 -0.1754 -0.9262
vn -0.3573 0.0784 -0.9307
vn 0.1497 0.0160 -0.9886
vn 0.1729 0.2390 -0.9555
vn 0.2535 0.5574 -0.7906
vn 0.9348 0.3509 -0.0546
vn 0.3284 -0.4476 -0.8318
vn 0.2545 0.3366 -0.9066
vn 0.5027 0.2589 -0.8248
vn 0.8510 -0.4852 -0.2010
vn 0.7290 0.3471 -0.5900
vn 0.4371 -0.1022 -0.8936
vn 0.7483 0.2356 -0.6201
vn 0.8072 0.2070 -0.5528
vn 0.9555 0.0803 0.2840
vn 0.9882 0.1450 -0.0487
vn 0.8242 0.2019 -0.5291
vn 0.9366 0.2437 0.2516
vn 0.7677 0.6246 0.1433
vn 0.9135 0.4067 -0.0014
vn 0.8441 0.0854 0.5294
vn 0.9821 0.1429 0.1227
vn 0.3903 0.9179 0.0715
vn 0.1075 0.2597 0.9597
vn 0.2673 0.9488 0.1686
vn 0.9225 0.3584 0.1435
vn 0.4596 0.1294 0.8787
vn 0.6110 -0.2089 0.7636
vn 0.5451 0.4881 0.6817
vn 0.3979 0.3703 0.8394
vn 0.5758 0.1108 0.8100
vn 0.1887 0.2525 0.9490
vn 0.4134 -0.0187 0.9104
vn 0.0135 -0.2909 0.9567
vn 0.2553 -0.2149 0.9427
vn 0.4900 -0.1984 0.8489
vn 0.4916 0.0216 0.8706
vn 0.5495 0.6833 0.4808
vn 0.0110 -0.2238 0.9746
vn 0.4453 0.5701 0.6904
vn 0.4079 0.6129 0.6768
vn 0.4515 0.6751 0.5835
vn 0.0108 0.9104 0.4137
vn 0.4016 0.6703 0.6240
vn -0.6063 0.7693 0.2016
vn 0.3458 0.5741 0.7422
vn -0.7708 0.6252 0.1224
vn 0.3554 0.6634 0.6585
vn -0.4441 0.7021 0.5567
vn 0.3454 -0.0638 -0.9363
vn 0.3144 -0.1171 -0.9420
vn 0.0294 -0.1281 -0.9913
vn -0.4656 0.0420 -0.8840
vn 0.3321 0.0177 -0.9431
vn 0.0362 -0.0445 -0.9984
vn -0.9687 -0.0331 0.2459
vn -0.9728 -0.0591 0.2240
vn -0.7060 -0.1594 0.6900
vn -0.9752 -0.0730 -0.2088
vn -0.9124 -0.1645 0.3749
vn -0.9528 -0.0953 0.2883
vn -0.6453 -0.1625 0.7464
vn 0.9699 -0.2433 -0.0013
vn 0.9826 -0.1797 -0.0481
vn 0.8792 -0.1151 -0.4624
vn 0.8783 -0.1355 -0.4586
vn -0.9270 0.0114 -0.3749
vn -0.9990 -0.0427 -0.0157
vn -0.9999 0.0085 -0.0111
vn -0.9221 -0.0141 -0.3867
vn -0.4624 -0.0268 -0.8863
vn 0.9726 -0.2326 -0.0055
vn 0.9747 -0.1854 0.1249
vn 0.8732 -0.2293 0.4301
vn 0.9842 -0.1701 0.0485
vn 0.8652 -0.2399 0.4403
vn 0.5797 -0.2225 0.7839
vn 0.1849 -0.1918 0.9639
vn 0.1751 -0.2730 0.9459
vn -0.9846 0.0047 0.1745
vn -0.2669 -0.2358 0.9345
vn -0.2649 -0.1770 0.9479
vn 0.9435 -0.1723 0.2831
vn 0.9850 -0.1411 0.0997
vn 0.7307 0.2571 0.6325
vn 0.9896 -0.1389 0.0377
vn 0.7081 -0.1837 -0.6818
vn 0.9070 -0.4030 -0.1226
vn 0.9511 -0.2642 -0.1603
vn 0.9734 -0.1564 -0.1677
vn 0.1504 0.1929 0.9696
vn 0.3044 -0.0326 0.9520
vn -0.7926 0.1178 0.5983
vn -0.3872 0.3669 0.8458
vn -0.9703 0.2144 0.1118
vn -0.1110 -0.0790 -0.9907
vn -0.0568 0.1267 -0.9903
vn 0.9713 -0.1835 0.1515
vn 0.7751 -0.3140 0.5483
vn 0.7030 0.0804 -0.7067
vn -0.9940 -0.0335 0.1045
vn -0.9835 -0.0103 -0.1808
vn 0.7447 0.3212 0.5850
vn 0.0529 0.9565 0.2867
vn 0.2552 -0.4093 0.8760
vn 0.7519 0.2946 0.5898
vn -0.4198 0.1729 0.8910
vn -0.5566 -0.3063 0.7723
vn -0.3206 0.1992 0.9260
vn -0.3295 0.9217 0.2046
vn -0.9133 -0.0260 0.4065
vn -0.0352 0.9838 -0.1758
vn -0.5146 0.2540 -0.8189
vn -0.3394 0.9377 -0.0741
vn 0.8755 0.2520 0.4122
vn 0.9538 0.2064 0.2184
vn 0.1522 0.9882 0.0179
vn 0.8631 0.2135 -0.4577
vn 0.9935 0.0222 -0.1113
vn 0.8825 0.2190 -0.4162
vn 0.3639 0.3416 -0.8665
vn 0.9574 -0.1386 -0.2534
vn 0.9587 -0.2317 -0.1651
vn 0.7364 -0.6652 -0.1234
vn 0.7159 -0.3244 -0.6183
vn 0.6559 -0.2002 -0.7279
vn 0.0551 -0.1013 0.9933
vn 0.1962 -0.3067 0.9314
vn 0.8244 -0.4421 0.3535
vn -0.8973 -0.1782 0.4039
vn -0.9918 0.0695 0.1074
vn -0.8967 -0.4394 0.0526
vn -0.7361 -0.3114 0.6010
vn -0.8014 0.1330 0.5832
vn -0.6742 -0.2050 0.7096
vn -0.1293 0.9903 0.0500
vn -0.2349 -0.0588 -0.9702
vn -0.1024 -0.0134 -0.9947
vn -0.1849 -0.1283 -0.9743
vn -0.1336 -0.1672 -0.9768
vn 0.5287 -0.2828 -0.8003
vn 0.5042 -0.2181 -0.8356
vn 0.5383 -0.1880 -0.8216
vn 0.9570 -0.2759 -0.0894
vn 0.9862 -0.1378 -0.0921
vn 0.7677 -0.2770 0.5778
vn 0.9401 -0.3306 -0.0832
vn 0.7495 -0.2370 0.6181
vn -0.8859 0.0861 0.4558
vn -0.9985 -0.0112 0.0531
vn -0.6267 -0.0954 0.7734
vn 0.5858 -0.0695 0.8075
vn 0.1120 -0.1941 0.9746
vn 0.7501 -0.1916 0.6329
vn -0.6048 -0.1935 0.7725
vn -0.3717 -0.1356 0.9184
vn -0.3456 -0.2374 0.9079
vn -0.6005 -0.0945 0.7940
vn -0.9999 -0.0164 -0.0001
vn -0.9440 -0.0779 0.3208
vn 0.8403 -0.1029 0.5322
vn 0.1144 -0.1349 0.9842
vn 0.0998 -0.1374 0.9855
vn 0.8627 -0.0878 0.4980
vn 0.8676 0.0649 -0.4930
vn 0.9984 -0.0571 -0.0045
vn -0.2695 -0.1672 0.9484
vn 0.1445 -0.2651 0.9533
vn 0.3006 0.0438 -0.9527
vn 0.2817 0.2033 -0.9377
vn 0.9117 0.0594 0.4065
vn 0.2620 0.4289 0.8645
vn 0.0769 -0.3480 0.9343
vn -0.9057 -0.3990 -0.1428
vn -0.8640 -0.3508 -0.3611
vn -0.7515 0.3641 0.5503
vn -0.0794 -0.6416 -0.7630
vn 0.8074 -0.4954 -0.3206
vn -0.1093 -0.9911 -0.0755
vn 0.8127 -0.1054 0.5730
vn 0.6782 -0.7189 -0.1523
vn -0.2927 0.4477 0.8449
vn 0.2215 -0.6766 -0.7023
vn -0.1054 -0.7003 -0.7061
vn 0.2888 0.5307 0.7968
vn -0.4087 -0.5999 -0.6878
vn -0.0525 0.1763 0.9829
vn 0.2112 -0.3443 0.9148
vn 0.8623 -0.4815 -0.1570
vn 0.5862 -0.6937 0.4185
vn 0.3930 -0.8164 -0.4231
vn 0.7687 -0.0882 0.6335
vn 0.3029 0.0803 0.9496
vn 0.9381 0.1506 0.3120
vn 0.2395 -0.5682 0.7872
vn -0.5977 -0.7152 -0.3622
vn -0.1661 0.9303 0.3270
vn -0.1983 0.9800 -0.0178
vn 0.9379 -0.2215 0.2668
vn -0.8853 0.1392 -0.4437
vn -0.9600 -0.1731 -0.2199
vn -0.9463 -0.1835 -0.2663
vn -0.1683 -0.7575 0.6308
vn -0.8604 -0.4329 -0.2688
vn -0.3099 -0.6113 -0.7282
vn -0.8358 -0.5044 -0.2170
vn -0.2001 -0.9738 0.1081
vn 0.4820 -0.7457 -0.4601
vn 0.3848 -0.8079 -0.4463
vn -0.8330 -0.1640 -0.5284
vn -0.7989 -0.1154 -0.5903
vn 0.9851 -0.1380 -0.1029
vn 0.9555 0.0143 -0.2945
vn 0.7210 -0.0626 0.6901
vn 0.8512 -0.2012 0.4847
vn -0.3828 -0.0425 -0.9229
vn -0.6858 -0.0249 -0.7274
vn -0.1235 -0.0214 -0.9921
vn 0.6307 -0.1277 0.7655
vn 0.2297 -0.0535 0.9718
vn 0.5409 -0.1261 0.8316
vn -0.8257 -0.0795 0.5585
vn 0.0150 0.9993 -0.0355
vn -0.5244 -0.0855 0.8472
vn -0.4849 -0.0468 0.8733
vn -0.9925 -0.0434 0.1146
vn 0.2171 -0.1999 0.9555
vn 0.4774 -0.1662 -0.8628
vn -0.1389 -0.1804 -0.9737
vn 0.4726 -0.0423 -0.8803
vn 0.7446 0.1049 -0.6592
vn 0.9900 -0.1055 -0.0932
vn 0.7165 -0.1535 0.6804
vn 0.7690 -0.2091 -0.6041
vn -0.3640 0.9072 -0.2112
vn 0.1488 -0.0932 -0.9845
vn -0.1698 -0.0596 0.9837
vn -0.9189 -0.0822 -0.3859
vn 0.1608 -0.4001 0.9023
vn 0.4893 -0.3549 0.7966
vn -0.5222 -0.1426 0.8408
vn -0.8128 -0.1516 0.5625
vn -0.7961 -0.0805 0.5997
vn -0.9924 -0.0570 0.1090
vn -0.8790 -0.1488 0.4531
vn -0.9344 -0.0410 -0.3539
vn -0.9940 -0.0816 0.0727
vn -0.2002 -0.3529 0.9140
vn -0.7191 -0.0840 -0.6898
vn 0.1713 -0.1499 0.9738
vn -0.5994 -0.0417 0.7994
vn -0.6264 0.0415 0.7784
vn -0.1104 -0.1946 -0.9747
vn -0.3901 -0.2998 -0.8706
vn -0.7092 -0.1238 -0.6941
vn 0.8654 -0.3024 0.3996
vn 0.7699 -0.2724 -0.5771
vn 0.2271 -0.1996 0.9532
vn 0.8254 -0.1011 0.5554
vn -0.9836 0.0038 -0.1804
vn -0.9886 0.0656 0.1352
vn -0.7976 -0.0146 -0.6031
vn -0.6360 -0.0144 0.7715
vn -0.9918 0.0235 0.1255
vn 0.9726 0.2008 -0.1171
vn 0.2207 -0.9439 -0.2458
vn 0.5183 -0.7487 0.4132
vn 0.9642 -0.0204 0.2644
vn 0.2779 -0.7082 0.6490
vn 0.2400 -0.4299 -0.8704
vn -0.1254 -0.0789 -0.9890
vn 0.0739 -0.2543 -0.9643
vn 0.8350 -0.1199 -0.5371
vn 0.6037 -0.0578 -0.7951
vn -0.4580 -0.0915 -0.8842
vn -0.2830 -0.0915 0.9547
vn -0.3125 -0.0413 0.9490
vn -0.2165 -0.2117 0.9531
vn 0.8912 0.1571 -0.4256
vn 0.9972 0.0082 -0.0739
vn 0.9028 0.0788 -0.4228
vn -0.8833 0.1058 0.4566
vn -0.0800 -0.3080 -0.9480
vn -0.7259 -0.4916 -0.4810
vn -0.1093 -0.6999 -0.7058
vn -0.2358 -0.3939 -0.8884
vn -0.6564 -0.7314 0.1850
vn -0.2108 -0.9364 0.2804
vn -0.3029 -0.8402 0.4497
vn 0.4612 -0.2491 0.8516
vn -0.7670 -0.0397 -0.6404
vn -0.6403 -0.7455 -0.1848
vn -0.3525 -0.8852 -0.3034
vn 0.0368 -0.8758 -0.4813
vn -0.7109 -0.6689 -0.2173
vn -0.7899 -0.0307 -0.6125
vn -0.9501 -0.0395 -0.3095
vn -0.9940 0.0448 0.0996
vn -0.8745 0.0647 0.4808
vn -0.3955 0.8656 0.3071
vn -0.3735 0.5338 0.7587
vn -0.3855 0.8675 0.3144
vn -0.3926 0.8554 0.3378
vn -0.5084 0.4868 0.7103
vn -0.6016 0.7713 0.2077
vn -0.4589 0.7685 0.4459
vn -0.7124 0.2634 0.6505
vn -0.3917 0.7555 0.5251
vn -0.0329 -0.7782 0.6272
vn -0.5465 -0.2934 0.7844
vn -0.3754 0.8723 0.3134
vn -0.1261 -0.2761 -0.9528
vn -0.6466 -0.6165 -0.4493
vn -0.2866 -0.3206 0.9028
vn -0.5392 -0.3159 0.7807
vn -0.4220 0.2278 -0.8775
vn -0.6846 0.0402 -0.7278
vn -0.4401 -0.1103 0.8912
vn -0.2831 -0.1362 0.9494
vn -0.5746 -0.1303 0.8080
vn -0.6041 0.0818 -0.7927
vn -0.7163 -0.0403 -0.6966
vn -0.0036 0.1163 -0.9932
vn -0.2886 -0.1242 0.9494
vn -0.7153 -0.1220 -0.6881
vn 0.3016 -0.1244 -0.9453
vn -0.0842 0.1706 -0.9817
vn -0.0678 0.1317 -0.9890
vn -0.1396 0.1236 -0.9825
vn -0.4648 -0.1462 -0.8733
vn 0.3425 0.0664 -0.9372
vn -0.2791 -0.3100 0.9088
vn -0.6610 -0.2751 0.6981
vn -0.3475 -0.0501 0.9364
vn -0.5015 -0.0671 0.8626
vn -0.0203 0.0114 -0.9997
vn -0.0421 -0.0938 -0.9947
vn 0.0411 0.0375 -0.9985
vn -0.4559 -0.0097 -0.8900
vn -0.5776 -0.1093 -0.8090
vn -0.2275 -0.2169 0.9493
vn -0.0917 -0.1537 0.9839
vn -0.5205 -0.1278 0.8442
vn -0.4619 -0.1505 -0.8741
vn -0.3721 -0.0954 -0.9233
vn -0.1993 -0.1860 -0.9621
vn -0.3698 -0.1125 -0.9223
vn -0.2585 -0.1406 -0.9557
vn -0.4421 -0.0241 -0.8966
vn -0.0146 -0.1238 0.9922
vn -0.0581 -0.1531 0.9865
vn -0.1883 0.0950 -0.9775
vn -0.0860 0.4116 -0.9073
vn -0.0380 0.4352 -0.8995
vn -0.0560 0.4944 -0.8674
vn -0.0042 0.3542 -0.9352
vn -0.0223 0.2831 -0.9588
vn -0.0516 0.2421 -0.9689
vn -0.1027 -0.1914 0.9761
vn -0.0641 -0.3183 0.9458
vn -0.1589 -0.2611 0.9521
vn -0.1987 -0.4290 0.8812
vn -0.1736 -0.1649 0.9709
vn 0.0052 -0.3633 0.9317
vn -0.5604 0.0799 0.8243
vn 0.9943 -0.0878 -0.0610
vn -0.9523 0.2675 -0.1470
vn 0.9872 -0.1560 0.0337
vn 0.0411 -0.9991 -0.0049
vn -0.6856 -0.7180 -0.1203
vn -0.9798 -0.1571 -0.1237
vn -0.9535 -0.0893 -0.2877
vn -0.9347 -0.0724 -0.3481
vn -0.9987 -0.0509 0.0043
vn -0.9932 -0.1160 -0.0006
vn -0.9974 0.0491 0.0525
vn -0.9876 -0.0152 -0.1561
vn -0.9974 -0.0662 -0.0271
vn -0.9983 -0.0584 0.0023
vn -0.9950 0.0824 -0.0569
vn -0.9869 -0.0503 -0.1536
vn -0.9810 0.0186 -0.1933
vn -0.9912 -0.0862 -0.1003
vn -0.9876 0.0739 -0.1386
vn -0.9968 0.0580 -0.0548
vn -0.9941 0.1036 -0.0306
vn -0.9873 0.0877 -0.1325
vn 0.9907 -0.1278 -0.0477
vn 0.9859 -0.1579 -0.0553
vn -0.9786 0.0697 -0.1938
vn -0.9849 0.0177 -0.1722
vn -0.9568 0.2881 -0.0386
vn -0.9291 0.3696 0.0144
vn -0.9812 0.1917 0.0226
vn -0.9891 0.1262 0.0755
vn -0.9607 0.2774 0.0133
vn 0.9714 -0.0308 -0.2356
vn 0.9816 -0.0879 -0.1693
vn 0.6953 -0.7148 -0.0754
vn 0.7066 -0.7055 -0.0546
vn 0.9877 0.0027 -0.1563
vn -0.9968 -0.0560 -0.0571
vn -0.9138 -0.0727 -0.3995
vn -0.9424 0.0947 -0.3207
vn -0.9921 -0.1074 -0.0651
vn -0.9886 -0.1506 0.0083
vn -0.9819 -0.0360 -0.1860
vn -0.9284 -0.3443 -0.1399
vn -0.9318 -0.2978 -0.2074
vn -0.9308 -0.3615 -0.0539
vn -0.9672 -0.2502 -0.0428
vn -0.9682 -0.1739 -0.1801
vn -0.9935 -0.1138 -0.0015
vn -0.9146 -0.1245 -0.3847
vn -0.8750 0.4836 -0.0222
vn -0.8513 0.5155 0.0977
vn -0.9249 0.3646 -0.1076
vn -0.8194 0.5715 0.0445
vn -0.5600 0.7533 0.3448
vn -0.6688 0.6299 0.3949
vn -0.7590 0.5113 0.4031
vn -0.7680 0.6337 0.0929
vn -0.9520 0.2608 0.1602
vn -0.8273 -0.5617 -0.0039
vn -0.6236 -0.6502 0.4339
vn -0.8822 -0.0661 0.4662
vn -0.8730 -0.0956 0.4782
vn -0.9848 -0.1232 0.1223
vn -0.8791 -0.2390 0.4124
vn -0.9867 -0.0687 0.1475
vn -0.8239 0.3815 0.4190
vn 0.8874 -0.1787 0.4250
vn -0.8117 0.5834 -0.0300
vn -0.6195 0.7802 0.0867
vn -0.7273 0.6817 0.0795
vn -0.4831 0.8727 0.0700
vn -0.7744 0.6308 -0.0494
vn -0.9642 -0.1997 0.1743
vn -0.9416 -0.1714 0.2899
vn -0.9820 -0.0546 0.1807
vn -0.9250 0.3564 0.1314
vn -0.9232 0.2021 0.3268
vn -0.9631 0.2254 0.1470
vn -0.8980 0.4195 0.1325
vn 0.9966 -0.0669 0.0474
vn 0.9871 -0.1532 0.0470
vn 0.9917 -0.0467 0.1194
vn 0.9975 -0.0437 -0.0551
vn 0.6712 -0.7401 -0.0416
vn 0.9869 -0.1111 0.1172
vn 0.9986 0.0027 0.0536
vn -0.9902 0.0287 0.1364
vn -0.9269 -0.0803 0.3666
vn -0.9873 0.0438 0.1527
vn -0.9758 -0.1500 0.1590
vn -0.7745 -0.1960 0.6015
vn -0.7939 -0.2277 0.5638
vn -0.4948 0.0019 0.8690
vn -0.8478 0.2464 0.4696
vn -0.5265 0.0263 0.8498
vn -0.4586 0.0069 0.8886
vn 0.0015 -0.9517 -0.3069
vn 0.3264 -0.6641 0.6726
vn -0.8577 -0.1021 0.5039
vn -0.4348 -0.3808 0.8161
vn -0.7603 -0.2945 0.5790
vn -0.8816 -0.0751 0.4660
vn -0.8351 -0.0993 0.5410
vn -0.8779 -0.0131 0.4786
vn -0.5216 0.0880 0.8486
vn -0.9500 0.1803 -0.2551
vn -0.9549 0.1768 -0.2384
vn -0.9657 -0.0019 -0.2595
vn 0.9687 -0.1297 0.2115
vn 0.7148 -0.6951 0.0764
vn 0.9899 -0.1101 0.0891
vn 0.9338 -0.3109 0.1772
vn 0.9446 -0.2438 0.2196
vn 0.9459 -0.2241 0.2348
vn 0.5610 -0.8200 0.1137
vn 0.1007 0.8834 0.4577
vn -0.0307 0.6380 0.7694
vn -0.2271 0.9142 0.3355
vn 0.0222 -0.9997 -0.0060
vn 0.8513 0.3220 0.4142
vn 0.7684 -0.1491 0.6224
vn 0.6642 0.4957 0.5595
vn -0.9661 0.1464 -0.2126
vn -0.9578 0.0811 -0.2759
vn -0.9595 0.1252 -0.2524
vn -0.9402 0.2763 -0.1991
vn 0.4644 0.7379 0.4897
vn 0.0011 0.6702 0.7422
vn 0.3316 0.8217 0.4635
vn 0.5494 0.6741 0.4937
vn -0.6147 0.7520 0.2381
vn -0.6615 -0.7187 -0.2141
vn 0.8866 -0.3934 0.2431
vn 0.5509 -0.7809 0.2945
vn 0.0091 -0.0147 0.9999
vn -0.4803 0.5463 0.6862
vn 0.6880 -0.6954 -0.2076
vn 0.9066 -0.0302 -0.4209
vn 0.9194 0.0331 0.3920
vn 0.9797 -0.0635 0.1901
vn 0.9765 -0.1058 0.1877
vn 0.8165 0.3893 0.4264
vn -0.0782 -0.5042 -0.8600
vn 0.2200 -0.8302 -0.5122
vn 0.2443 -0.1884 -0.9512
vn 0.6632 0.0660 -0.7455
vn 0.3393 0.0935 -0.9360
vn 0.8833 -0.1648 -0.4388
vn -0.9435 0.2419 -0.2266
vn 0.8379 -0.1418 0.5270
vn 0.4730 -0.0426 0.8800
vn 0.0769 -0.0642 0.9950
vn 0.8711 -0.0985 -0.4811
vn 0.8832 -0.1353 -0.4491
vn 0.8081 -0.1458 0.5707
vn 0.5272 -0.1443 0.8374
vn 0.4480 -0.1578 0.8800
vn -0.2673 -0.3197 0.9090
vn 0.2298 -0.3299 0.9156
vn 0.8718 -0.0711 -0.4846
vn 0.8810 -0.0944 -0.4636
vn 0.4056 -0.1330 0.9043
vn 0.3206 -0.1341 0.9377
vn -0.3044 -0.1091 0.9463
vn 0.0634 -0.1263 0.9900
vn -0.9999 0.0093 -0.0136
vn -0.9513 0.1537 -0.2674
vn -0.9444 0.1449 -0.2950
vn -0.8678 0.1844 -0.4614
vn 0.2833 0.0001 -0.9590
vn -0.6277 -0.1543 0.7630
vn 0.5677 -0.1421 -0.8109
vn 0.3109 -0.1315 -0.9413
vn 0.3945 -0.1418 0.9079
vn 0.3688 -0.1005 0.9241
vn 0.6179 -0.3287 0.7142
vn 0.8807 -0.2249 0.4170
vn 0.3512 0.8037 0.4804
vn 0.2932 0.7989 0.5252
vn 0.0897 0.8780 0.4702
vn 0.3232 0.1489 -0.9345
vn -0.1694 0.1876 -0.9675
vn 0.6232 -0.4538 -0.6369
vn 0.8745 -0.2360 0.4238
vn 0.1717 -0.3120 0.9344
vn -0.8120 -0.2968 0.5025
vn 0.5914 -0.2286 0.7733
vn -0.3035 -0.0362 0.9521
vn 0.5630 0.0302 -0.8259
vn -0.4282 0.0254 -0.9033
vn 0.9780 -0.1921 0.0817
vn 0.6102 -0.0741 -0.7887
vn 0.9898 -0.1350 -0.0460
vn 0.5827 0.0648 -0.8101
vn 0.3493 0.0421 -0.9361
vn 0.3508 -0.0747 -0.9335
vn 0.5487 -0.0779 -0.8324
vn 0.0681 -0.1028 -0.9924
vn 0.1424 0.0408 -0.9890
vn 0.0636 0.0537 -0.9965
vn -0.1351 -0.1457 0.9801
vn -0.1970 -0.1840 0.9630
vn -0.0490 -0.1139 0.9923
vn -0.2208 -0.1564 0.9627
vn 0.5491 -0.2202 0.8062
vn -0.9394 -0.1102 0.3247
vn 0.3777 -0.0448 0.9249
vn 0.8127 -0.1962 0.5486
vn 0.3246 -0.0572 0.9441
vn 0.8278 -0.1165 0.5487
vn -0.1433 -0.2862 -0.9474
vn 0.2014 -0.3064 -0.9303
vn -0.2710 -0.2656 -0.9252
vn -0.0238 -0.4317 -0.9017
vn -0.0809 -0.2224 -0.9716
vn -0.0436 -0.2607 -0.9644
vn -0.1848 -0.2167 -0.9586
vn 0.0742 -0.8063 -0.5868
vn 0.2359 -0.7082 -0.6654
vn -0.0623 -0.3668 -0.9282
vn 0.3850 -0.5480 -0.7426
vn -0.8774 -0.0687 -0.4748
vn -0.7213 0.1151 -0.6830
vn -0.9655 0.1647 -0.2016
vn -0.1370 -0.7305 0.6690
vn -0.0810 -0.5342 0.8414
vn -0.3153 -0.2559 -0.9139
vn 0.5780 -0.2150 -0.7872
vn 0.8744 -0.1015 -0.4746
vn 0.5489 -0.1706 -0.8183
vn 0.6045 -0.1464 -0.7831
vn 0.8270 -0.2828 0.4859
vn 0.4971 -0.2677 0.8254
vn 0.4023 -0.2392 0.8837
vn 0.4756 -0.1892 0.8590
vn -0.8625 -0.1772 0.4741
vn -0.0016 -0.8688 0.4952
vn -0.0694 0.0424 -0.9967
vn 0.0013 -0.3726 -0.9280
vn -0.8806 -0.0931 -0.4645
vn -0.6662 0.0295 -0.7452
vn -0.9287 -0.3004 -0.2173
vn -0.9360 -0.3161 -0.1549
vn -0.8497 -0.3776 -0.3681
vn -0.9263 -0.1918 -0.3242
vn -0.8042 0.3465 -0.4829
vn -0.1216 0.0943 -0.9881
vn -0.0253 -0.3045 -0.9522
vn -0.0572 -0.3583 -0.9319
vn -0.1944 -0.0806 0.9776
vn -0.1635 -0.1389 0.9767
vn -0.0036 -0.3029 0.9530
vn 0.5080 -0.6907 -0.5147
vn 0.1289 -0.0278 0.9913
vn 0.0144 -0.0374 0.9992
vn 0.0740 -0.0735 0.9945
vn -0.9822 0.1701 0.0790
vn -0.9918 0.1133 0.0598
vn -0.9879 0.1381 0.0712
vn -0.3341 -0.2249 0.9153
vn -0.1413 -0.3153 0.9384
vn 0.1514 -0.4319 0.8891
vn -0.6578 -0.2769 0.7005
vn -0.2563 -0.5680 0.7821
vn -0.3912 -0.3157 0.8644
vn -0.3399 -0.0655 -0.9382
vn -0.0431 0.0481 -0.9979
vn -0.0346 -0.0446 -0.9984
vn -0.3313 0.0097 -0.9435
vn 0.9722 -0.0610 0.2258
vn 0.9098 -0.1906 0.3687
vn 0.9559 -0.0764 0.2837
vn 0.6486 -0.1540 0.7454
vn -0.9746 -0.1704 -0.1456
vn -0.9674 -0.1307 -0.2169
vn -0.9851 -0.1593 -0.0650
vn -0.8813 -0.1097 -0.4597
vn -0.3399 0.0177 -0.9403
vn -0.8795 -0.1144 -0.4620
vn -0.8811 -0.1403 -0.4517
vn 0.9991 -0.0393 -0.0160
vn 0.9246 0.0257 -0.3800
vn 0.9999 0.0096 -0.0117
vn 0.4595 -0.0215 -0.8879
vn 0.4678 0.0452 -0.8827
vn -0.9723 -0.2079 0.1065
vn -0.9776 -0.2067 -0.0390
vn -0.9809 -0.1937 -0.0166
vn 0.9824 -0.0010 0.1870
vn 0.9899 -0.0177 0.1405
vn 0.9996 0.0185 -0.0236
vn 0.2666 -0.2350 0.9347
vn -0.9769 -0.1790 -0.1168
vn 0.2167 -0.1577 0.9634
vn 0.2650 -0.1776 0.9477
vn -0.0379 0.0387 -0.9985
vn 0.2888 -0.2150 -0.9329
vn -0.6083 -0.1516 -0.7791
vn -0.9892 -0.1340 -0.0587
vn -0.9829 -0.0279 0.1821
vn -0.9902 -0.1388 -0.0143
vn -0.9585 -0.0723 -0.2759
vn -0.2656 0.0662 0.9618
vn -0.8051 0.2296 0.5469
vn -0.2488 0.1960 0.9485
vn 0.9834 0.0059 0.1813
vn 0.2964 0.3683 0.8812
vn 0.7465 0.0194 0.6651
vn 0.9751 -0.0725 0.2093
vn 0.9166 -0.0784 -0.3921
vn 0.8829 0.0210 -0.4690
vn 0.1694 0.0856 -0.9818
vn 0.6873 -0.0364 -0.7255
vn -0.6255 0.0350 -0.7794
vn -0.9836 -0.1768 0.0352
vn -0.8087 -0.3649 0.4615
vn 0.4624 -0.3305 0.8228
vn 0.9932 -0.0824 -0.0827
vn 0.8188 0.1590 -0.5517
vn 0.9862 -0.0601 0.1543
vn 0.9888 -0.0471 -0.1417
vn 0.9772 -0.1063 0.1836
vn -0.8005 0.2549 0.5424
vn -0.3723 0.0619 0.9260
vn -0.9041 0.1247 0.4088
vn -0.3350 -0.4205 0.8432
vn 0.2740 0.1785 0.9450
vn 0.5940 0.0602 0.8022
vn 0.5851 -0.0858 0.8064
vn 0.1764 0.1904 0.9657
vn 0.8586 -0.0836 0.5058
vn 0.5957 0.1926 -0.7798
vn 0.1852 0.3169 -0.9302
vn -0.9792 0.1279 0.1576
vn -0.9543 0.1814 -0.2374
vn -0.5105 0.2884 -0.8101
vn -0.8251 0.1123 -0.5537
vn -0.9784 -0.0366 -0.2035
vn -0.8518 0.0892 -0.5163
vn -0.2643 0.2516 -0.9311
vn -0.8921 -0.2089 -0.4006
vn -0.9555 -0.1273 -0.2660
vn -0.6788 -0.1563 -0.7175
vn -0.6208 -0.3351 -0.7087
vn -0.7104 -0.5126 -0.4823
vn -0.2370 -0.0675 0.9692
vn -0.9822 -0.0314 0.1854
vn -0.2292 -0.3306 0.9155
vn 0.8909 -0.4397 0.1138
vn 0.9736 -0.0224 0.2272
vn 0.7216 0.0325 0.6916
vn 0.2972 -0.1878 -0.9362
vn 0.2077 -0.0814 -0.9748
vn -0.4360 -0.1241 -0.8913
vn -0.4918 -0.1427 -0.8589
vn 0.2659 -0.0767 -0.9609
vn -0.9658 -0.1635 -0.2015
vn -0.9664 -0.1672 -0.1952
vn -0.8668 -0.1318 0.4809
vn -0.9687 -0.1578 -0.1916
vn -0.8299 -0.1535 0.5364
vn 0.8191 -0.0031 -0.5736
vn 0.9736 0.0267 0.2267
vn 0.9762 0.0575 0.2093
vn 0.5236 0.0481 0.8506
vn 0.8416 -0.0421 0.5384
vn 0.9843 -0.0832 0.1558
vn -0.1915 -0.2273 0.9548
vn -0.6288 -0.1413 0.7646
vn -0.8147 -0.2045 0.5426
vn -0.6641 -0.1842 0.7246
vn -0.3044 -0.1307 0.9435
vn 0.8470 -0.0320 -0.5306
vn 0.3671 -0.1354 0.9203
vn 0.2850 -0.1612 0.9449
vn 0.5928 -0.1417 0.7928
vn 0.6031 -0.1936 0.7739
vn 0.3412 -0.2347 0.9102
vn -0.8688 0.0628 -0.4912
vn -0.8387 -0.1247 0.5302
vn -0.8786 -0.1138 -0.4639
vn 0.2692 -0.1677 0.9484
vn -0.1437 -0.2620 0.9543
vn -0.2807 0.2050 -0.9377
vn -0.7159 0.2689 0.6443
vn -0.3384 0.4270 0.8386
vn -0.9511 0.0671 0.3015
vn -0.8489 -0.0959 0.5198
vn -0.6514 -0.7328 -0.1965
vn -0.7669 -0.4939 -0.4099
vn 0.1303 -0.9900 -0.0532
vn 0.7994 -0.5999 -0.0321
vn 0.1595 -0.6409 -0.7509
vn 0.9002 -0.3473 -0.2628
vn 0.7290 0.2807 0.6243
vn 0.1759 0.4529 0.8741
vn -0.1521 -0.3431 0.9269
vn 0.6844 0.0112 0.7290
vn -0.1483 -0.6802 -0.7179
vn 0.1872 -0.7038 -0.6853
vn -0.8311 0.2517 0.4959
vn -0.3675 0.5341 0.7614
vn 0.6900 0.3652 0.6249
vn 0.4952 -0.5955 -0.6326
vn 0.9146 -0.4000 -0.0591
vn -0.0509 0.1774 0.9828
vn -0.5812 -0.7039 0.4083
vn -0.3283 -0.8143 -0.4788
vn -0.6678 -0.0635 0.7417
vn -0.8432 -0.4817 -0.2388
vn -0.3276 -0.5652 0.7572
vn 0.6175 -0.7159 -0.3258
vn 0.8306 0.1216 -0.5434
vn 0.9746 -0.0344 0.2212
vn -0.9876 -0.0009 -0.1570
vn -0.8636 -0.0742 0.4987
vn -0.3108 -0.3421 0.8868
vn 0.9399 -0.1009 -0.3262
vn 0.2272 0.1963 -0.9539
vn 0.1797 -0.9782 0.1041
vn 0.0929 -0.7562 0.6478
vn -0.8322 -0.4837 0.2711
vn -0.7119 -0.6750 -0.1941
vn 0.6851 -0.2734 0.6752
vn 0.9686 -0.1120 -0.2218
vn 0.7476 -0.6032 -0.2780
vn 0.3839 -0.5888 -0.7113
vn 0.8390 -0.5273 -0.1342
vn 0.9428 -0.3232 -0.0810
vn -0.4099 -0.7680 -0.4922
vn 0.8243 -0.0316 -0.5652
vn -0.9734 -0.1806 -0.1409
vn -0.9684 -0.2208 -0.1159
vn -0.9293 -0.1873 0.3184
vn -0.9031 -0.1663 0.3959
vn -0.7913 -0.0428 0.6099
vn -0.9788 -0.0530 -0.1976
vn 0.4773 0.0277 -0.8783
vn 0.2245 -0.0063 -0.9745
vn 0.7555 -0.0075 -0.6551
vn -0.6775 -0.0782 0.7313
vn -0.3355 -0.0271 0.9417
vn 0.7316 0.0032 0.6817
vn 0.3905 -0.0228 0.9203
vn 0.5139 -0.1081 0.8510
vn 0.8220 0.0074 0.5694
vn 0.1424 -0.1107 0.9836
vn -0.2959 -0.2081 0.9323
vn -0.3679 -0.1741 -0.9134
vn -0.3842 -0.0309 -0.9227
vn -0.9721 -0.1368 -0.1907
vn -0.7074 -0.1800 -0.6835
vn -0.4817 0.1478 -0.8638
vn -0.0633 -0.0388 -0.9972
vn 0.0704 0.0127 0.9974
vn 0.9556 0.0050 -0.2947
vn -0.7743 -0.1627 0.6116
vn 0.8262 -0.0601 0.5602
vn 0.5369 -0.1092 0.8365
vn 0.9753 -0.0483 0.2153
vn 0.9538 -0.0371 -0.2980
vn 0.7762 -0.1696 -0.6072
vn 0.1223 -0.3269 0.9371
vn 0.4525 -0.1560 0.8780
vn 0.1371 -0.2563 0.9568
vn 0.9734 -0.0209 0.2282
vn 0.7866 -0.1032 -0.6088
vn 0.7350 -0.0872 0.6724
vn 0.2480 -0.1826 -0.9514
vn 0.4937 -0.2744 -0.8252
vn 0.2029 -0.2139 -0.9556
vn -0.8803 -0.3251 0.3456
vn -0.9082 -0.2877 0.3041
vn -0.7021 -0.3010 -0.6453
vn -0.4516 -0.2014 -0.8692
vn -0.7229 -0.2518 -0.6434
vn -0.6847 -0.0899 0.7232
vn -0.7464 -0.0630 0.6625
vn -0.8927 -0.0103 0.4505
vn -0.3703 -0.1049 0.9230
vn 0.9950 -0.0589 -0.0811
vn 0.9708 -0.0609 0.2320
vn 0.8551 -0.0870 -0.5112
vn -0.9792 0.1281 0.1575
vn -0.4323 -0.6375 0.6377
vn -0.9270 0.3274 -0.1827
vn -0.9559 0.2304 0.1824
vn -0.1176 0.9663 -0.2288
vn -0.9606 0.2613 0.0942
vn -0.2373 -0.7126 0.6602
vn 0.3987 -0.1958 -0.8960
vn 0.2236 -0.0885 -0.9707
vn -0.5274 0.0092 -0.8496
vn -0.0591 -0.5274 -0.8476
vn -0.7898 -0.0238 -0.6130
vn -0.9759 0.1333 -0.1725
vn 0.5975 -0.1104 -0.7942
vn 0.4981 -0.0144 0.8670
vn 0.1924 -0.0642 0.9792
vn -0.2244 -0.0425 0.9736
vn 0.2374 -0.0924 0.9670
vn -0.8326 0.2030 -0.5154
vn -0.8559 0.2259 -0.4652
vn 0.7902 0.0215 0.6124
vn 0.3867 -0.7199 -0.5764
vn 0.2881 -0.5666 -0.7720
vn 0.8403 -0.3494 -0.4144
vn 0.3245 -0.4229 -0.8461
vn 0.8805 -0.2510 -0.4021
vn 0.1909 -0.3676 -0.9102
vn 0.5036 -0.7410 0.4443
vn 0.6540 -0.7297 0.1995
vn 0.5466 -0.6732 0.4980
vn 0.9700 0.1063 0.2188
vn 0.1147 -0.4737 -0.8732
vn 0.5093 -0.8282 -0.2337
vn 0.8970 -0.4342 0.0825
vn 0.8154 -0.5162 -0.2620
vn 0.3935 -0.8941 -0.2138
vn -0.0477 -0.7573 -0.6513
vn 0.8510 -0.4956 0.1738
vn 0.9724 -0.0919 0.2146
vn 0.9308 -0.2370 0.2783
vn 0.9709 -0.1057 -0.2148
vn 0.9628 -0.2059 -0.1748
vn 0.3630 0.8742 0.3224
vn 0.4155 0.8465 0.3329
vn 0.4968 0.4992 0.7099
vn 0.5975 0.7745 0.2076
vn 0.3776 0.5319 0.7580
vn 0.6270 -0.6518 0.4266
vn 0.4532 0.7651 0.4574
vn 0.3955 0.7515 0.5281
vn 0.5486 0.2006 0.8116
vn 0.7119 0.2669 0.6496
vn 0.3694 0.8744 0.3146
vn 0.3937 0.8684 0.3016
vn 0.1562 -0.3064 -0.9390
vn 0.7393 -0.0189 -0.6731
vn 0.6430 -0.6143 -0.4574
vn 0.0607 -0.4657 -0.8828
vn 0.1827 -0.1537 -0.9711
vn 0.1526 -0.2353 -0.9599
vn -0.2070 -0.8241 -0.5273
vn 0.6834 -0.7197 -0.1227
vn 0.5657 -0.1495 0.8109
vn 0.2953 -0.0960 0.9506
vn 0.4399 -0.0923 0.8933
vn 0.5006 -0.0646 0.8633
vn 0.3589 -0.0516 0.9319
vn 0.1540 0.1349 -0.9788
vn 0.1327 0.1625 -0.9777
vn 0.4578 -0.1495 -0.8764
vn 0.2760 -0.3105 0.9096
vn 0.2849 -0.3239 0.9022
vn 0.6747 -0.2612 0.6903
vn 0.4250 0.0227 -0.9049
vn 0.4346 0.2252 -0.8720
vn -0.0132 0.0122 -0.9998
vn 0.0400 -0.0857 -0.9955
vn 0.5410 -0.0097 -0.8410
vn 0.0043 0.0234 -0.9997
vn 0.2120 -0.2193 0.9523
vn 0.5466 -0.1061 0.8306
vn 0.1916 -0.1924 0.9624
vn 0.3250 -0.0643 -0.9435
vn 0.6451 0.1366 -0.7518
vn 0.2225 -0.1075 -0.9690
vn 0.1818 -0.1495 -0.9719
vn 0.3218 -0.0643 -0.9446
vn 0.3798 -0.0808 -0.9216
vn 0.0519 -0.1639 0.9851
vn 0.6024 0.1184 0.7894
vn 0.1915 0.1178 -0.9744
vn 0.0459 0.4159 -0.9082
vn 0.0260 0.2498 -0.9679
vn -0.0271 0.3821 -0.9237
vn 0.1649 -0.1298 0.9777
vn -0.0048 -0.0889 0.9960
vn 0.0823 -0.3606 0.9291
vn 0.0873 -0.2703 0.9588
vn 0.2085 -0.4295 0.8787
vn 0.1648 -0.2796 0.9459
vn 0.1262 -0.1709 0.9772
vn 0.1903 -0.1940 0.9624
vn 0.0993 -0.2652 0.9591
vn 0.0082 -0.1294 0.9916
vn -0.9773 -0.2113 0.0124
vn -0.9658 -0.2417 -0.0943
vn 0.9875 0.0752 -0.1388
vn 0.9673 0.2314 -0.1038
vn -0.9899 -0.1351 -0.0420
vn -0.9889 -0.1475 0.0191
vn 0.9933 -0.1154 0.0014
vn 0.9819 -0.0314 -0.1868
vn 0.9150 -0.1254 -0.3835
vn 0.9224 -0.0118 -0.3860
vn 0.9793 0.0088 -0.2023
vn 0.9212 0.0538 -0.3854
vn 0.9958 0.0544 -0.0736
vn 0.9988 -0.0265 -0.0411
vn 0.9264 0.0306 -0.3753
vn -0.4740 -0.7808 -0.4070
vn -0.6381 -0.7685 0.0469
vn 0.9842 0.1335 -0.1164
vn 0.9835 0.1402 -0.1144
vn 0.9766 0.1584 -0.1454
vn 0.9824 0.1127 -0.1490
vn 0.9180 0.2235 -0.3278
vn 0.9738 0.1282 -0.1877
vn 0.9943 0.0856 -0.0638
vn 0.9987 -0.0496 0.0087
vn 0.9945 0.0769 -0.0711
vn 0.9784 0.0565 -0.1986
vn 0.9468 0.0925 -0.3083
vn 0.9998 -0.0191 -0.0018
vn -0.9909 -0.1279 -0.0417
vn -0.9868 -0.1536 -0.0505
vn -0.9859 -0.1672 -0.0112
vn 0.9787 0.0650 -0.1946
vn 0.9331 0.3278 -0.1479
vn 0.9644 0.1948 -0.1787
vn 0.8688 0.3099 -0.3862
vn 0.9664 0.1976 -0.1642
vn -0.9792 -0.1811 -0.0915
vn -0.9742 -0.2253 0.0096
vn -0.9587 -0.2152 -0.1862
vn 0.9788 -0.0377 -0.2012
vn 0.9138 -0.0794 -0.3983
vn 0.9873 -0.1579 0.0170
vn 0.9940 -0.0727 -0.0813
vn 0.9690 -0.2273 0.0970
vn 0.9582 -0.2748 -0.0795
vn 0.9287 -0.3688 0.0400
vn 0.8971 -0.4318 -0.0936
vn 0.9013 -0.4327 -0.0193
vn 0.9380 -0.3447 -0.0374
vn 0.9674 -0.1805 -0.1773
vn 0.8251 -0.5650 -0.0031
vn 0.6573 -0.7260 -0.2020
vn 0.8595 0.5028 0.0921
vn 0.8227 0.3838 0.4192
vn 0.8206 0.5697 0.0458
vn 0.8730 0.4864 -0.0348
vn 0.7829 0.4703 0.4073
vn 0.9571 0.2492 0.1476
vn 0.7939 0.6019 0.0856
vn 0.5402 0.7769 0.3236
vn 0.8887 -0.0749 0.4523
vn 0.9878 -0.1323 0.0819
vn 0.9426 -0.0820 0.3237
vn 0.9897 -0.0938 0.1077
vn 0.9822 -0.0730 0.1731
vn 0.4450 0.8928 0.0705
vn 0.4317 0.8881 0.1580
vn 0.7892 0.6114 -0.0590
vn 0.8114 0.5836 -0.0327
vn 0.7230 0.6858 0.0837
vn 0.6233 0.7742 0.1099
vn 0.3938 0.8787 0.2697
vn -0.9834 -0.1733 0.0527
vn 0.9628 -0.2006 0.1813
vn 0.8750 -0.2366 0.4224
vn 0.9653 -0.1685 0.1996
vn 0.9399 -0.1743 0.2936
vn 0.9831 0.1750 -0.0538
vn 0.9412 0.3372 -0.0187
vn 0.9811 0.1824 -0.0640
vn -0.9733 -0.1910 0.1276
vn -0.6228 -0.7805 0.0551
vn -0.9689 -0.1662 0.1833
vn 0.9908 0.1288 -0.0406
vn 0.9549 0.2752 -0.1114
vn 0.9927 0.0972 -0.0709
vn 0.9949 0.1006 0.0106
vn 0.9676 0.0555 0.2462
vn -0.9423 -0.2721 0.1952
vn -0.9751 -0.2014 0.0923
vn 0.9525 -0.1112 0.2834
vn 0.9946 -0.0589 0.0854
vn 0.9988 0.0303 0.0396
vn 0.9557 -0.0360 0.2920
vn 0.4929 -0.3311 0.8046
vn 0.7855 -0.2191 0.5788
vn 0.4159 0.0062 0.9094
vn 0.5017 0.0310 0.8645
vn 0.4919 0.0143 0.8705
vn 0.5301 -0.0091 0.8479
vn 0.4432 0.2210 0.8688
vn 0.6103 0.3434 0.7139
vn 0.3812 0.4926 0.7823
vn 0.6130 -0.0194 0.7899
vn 0.5679 -0.0508 0.8216
vn 0.8374 0.1770 0.5171
vn 0.4832 -0.1345 0.8651
vn 0.5409 -0.1064 0.8343
vn 0.5174 -0.2693 0.8123
vn 0.9633 0.0687 -0.2596
vn 0.9566 0.1210 -0.2650
vn 0.9180 0.3286 -0.2220
vn -0.5533 -0.8244 0.1195
vn -0.9455 -0.2255 0.2350
vn -0.9319 -0.3105 0.1876
vn -0.7140 -0.6963 0.0737
vn -0.9730 -0.0765 0.2178
vn -0.1085 0.8800 0.4623
vn 0.2468 0.9114 0.3294
vn -0.0063 0.6286 0.7777
vn -0.0195 0.9145 0.4041
vn 0.9608 0.0869 -0.2633
vn 0.9570 0.0665 -0.2825
vn -0.4619 0.7504 0.4729
vn -0.5391 0.6855 0.4893
vn -0.8486 0.3402 0.4051
vn -0.4269 0.7541 0.4991
vn -0.6660 0.4886 0.5636
vn -0.2218 0.8527 0.4729
vn -0.2127 0.8608 0.4624
vn 0.0094 0.6665 0.7454
vn 0.6001 0.7612 0.2460
vn -0.8834 -0.4012 0.2423
vn -0.5510 -0.7806 0.2950
vn -0.7669 -0.1448 0.6252
vn 0.0356 -0.7763 0.6294
vn -0.0094 -0.0009 1.0000
vn -0.5086 0.3041 0.8055
vn 0.3361 0.8741 0.3507
vn -0.9066 -0.0305 -0.4208
vn -0.9199 0.0358 0.3904
vn -0.9765 -0.1035 0.1892
vn -0.9791 -0.0729 0.1899
vn -0.6514 0.0693 -0.7555
vn -0.3432 0.0947 -0.9345
vn -0.2664 -0.1881 -0.9453
vn 0.9344 0.2904 -0.2064
vn -0.4722 -0.0375 0.8807
vn -0.0660 -0.0568 0.9962
vn -0.8385 -0.1416 0.5262
vn -0.8725 -0.1023 -0.4777
vn -0.8884 -0.0986 -0.4483
vn -0.3003 -0.1051 -0.9481
vn -0.5367 -0.1502 0.8303
vn -0.8609 -0.1300 0.4919
vn -0.4658 -0.1421 0.8734
vn -0.1168 -0.1835 0.9761
vn -0.8722 -0.0684 -0.4843
vn -0.3055 -0.0013 -0.9522
vn 0.6709 -0.0025 -0.7416
vn -0.3502 -0.1336 0.9271
vn -0.0548 -0.1049 0.9930
vn -0.8151 -0.0998 0.5706
vn 0.5379 -0.3182 0.7807
vn 0.9988 -0.0274 -0.0406
vn 0.9483 0.1458 -0.2818
vn 0.8784 0.1913 -0.4379
vn 0.6137 -0.1123 0.7815
vn 0.7135 -0.0875 0.6951
vn -0.5671 -0.0981 -0.8178
vn -0.3105 -0.1518 -0.9384
vn -0.3916 -0.0932 0.9154
vn -0.0957 -0.1538 0.9835
vn -0.3348 -0.0580 0.9405
vn 0.2787 -0.1519 0.9483
vn -0.6089 -0.3301 0.7213
vn -0.6226 -0.2793 0.7310
vn -0.3000 0.7989 0.5213
vn -0.4422 0.7610 0.4747
vn -0.1462 0.8778 0.4561
vn 0.1041 0.1833 -0.9775
vn -0.6927 -0.2086 -0.6904
vn -0.8721 -0.2275 0.4333
vn -0.1731 -0.2748 0.9458
vn 0.8076 -0.2981 0.5089
vn -0.5927 -0.2111 0.7773
vn -0.1705 -0.3119 0.9347
vn -0.5681 0.0317 -0.8223
vn -0.6010 -0.0782 -0.7954
vn -0.3821 0.0172 -0.9240
vn -0.8878 -0.2479 -0.3878
vn -0.3590 -0.1435 -0.9222
vn -0.1066 0.0210 -0.9941
vn -0.0671 -0.1188 -0.9906
vn -0.0895 0.0450 -0.9950
vn -0.1772 -0.1085 0.9782
vn 0.1114 -0.1448 0.9832
vn 0.0253 -0.0964 0.9950
vn -0.1852 -0.1869 0.9648
vn -0.5522 -0.2275 0.8021
vn -0.8653 -0.2657 0.4250
vn -0.2941 -0.0873 0.9518
vn -0.3130 -0.6418 0.7001
vn -0.3481 -0.0982 0.9323
vn -0.3391 -0.0369 0.9400
vn -0.1365 -0.1508 0.9791
vn -0.7801 -0.2392 0.5781
vn 0.2027 -0.2280 -0.9523
vn -0.0663 -0.4189 -0.9056
vn 0.2581 -0.1843 -0.9484
vn 0.0799 -0.2129 -0.9738
vn 0.1368 -0.2609 -0.9556
vn -0.2034 -0.3413 -0.9177
vn -0.3612 -0.6847 -0.6330
vn -0.4323 -0.5956 -0.6771
vn -0.1484 -0.8098 -0.5677
vn -0.1988 -0.7523 -0.6281
vn -0.0589 -0.8261 -0.5604
vn 0.0516 -0.3548 -0.9335
vn -0.0130 -0.4734 -0.8808
vn 0.8212 0.4598 0.3379
vn 0.8683 0.2054 0.4515
vn 0.7807 0.3757 0.4993
vn 0.7007 0.4112 0.5830
vn -0.9685 -0.2229 0.1109
vn -0.0653 -0.3438 0.9368
vn -0.4158 -0.0349 0.9088
vn -0.5531 -0.3352 -0.7627
vn -0.8677 -0.3071 -0.3910
vn -0.5842 -0.3334 -0.7399
vn 0.9637 0.2026 0.1738
vn -0.8334 -0.2983 0.4653
vn -0.4008 -0.2421 0.8836
vn -0.4797 -0.1846 0.8578
vn -0.4882 -0.2349 0.8405
vn 0.0649 0.0521 -0.9965
vn 0.9633 -0.2655 -0.0401
vn 0.9772 -0.1573 -0.1423
vn 0.9181 -0.3299 -0.2196
vn 0.9627 -0.1727 -0.2084
vn 0.9407 -0.3310 -0.0742
vn 0.9163 -0.2397 -0.3209
vn 0.0666 0.5432 0.8369
vn -0.0738 0.6114 0.7879
vn 0.0724 0.1222 0.9899
vn 0.7593 0.3749 -0.5319
vn 0.1878 0.1225 -0.9745
vn 0.6086 0.0431 -0.7923
vn 0.9852 -0.1073 -0.1336
vn 0.0523 -0.3081 -0.9499
vn 0.0223 -0.2919 -0.9562
vn 0.1754 -0.1551 0.9722
vn -0.0027 -0.1689 0.9856
vn 0.1686 -0.0851 0.9820
vn 0.8786 -0.4775 -0.0001
vn 0.1470 -0.3086 0.9398
vn 0.1671 -0.3540 0.9202
vn 0.1276 -0.3568 0.9254
vn 0.0625 -0.0949 0.9935
vn 0.9819 -0.1284 0.1392
vn 0.9583 -0.2494 0.1396
vn -0.0954 -0.0722 0.9928
vn 0.0743 -0.1357 0.9880
vn 0.9977 0.0673 0.0079
vn 0.0028 -0.6802 0.7331
vn 0.0950 -0.5575 0.8247
vn 0.5459 -0.5439 0.6373
vn 0.5202 -0.3989 0.7552
vn 0.4607 -0.4330 0.7748
vn 0.2020 -0.4634 0.8628
vn 0.3337 0.2004 0.9211
vn 0.4622 0.2137 0.8607
vn 0.0142 -0.2390 0.9709
vn 0.2900 0.2648 0.9197
vn 0.1964 0.1156 0.9737
vn 0.0062 -0.0375 0.9993
vn -0.0525 -0.2806 0.9584
vn -0.0497 -0.3170 0.9471
vn 0.0195 -0.2069 0.9782
vn 0.0413 -0.1915 0.9806
vn -0.0150 -0.3082 0.9512
vn 0.6663 -0.1263 0.7349
vn 0.0561 -0.1471 0.9875
vn 0.7642 0.0245 0.6445
vn 0.0140 -0.1196 0.9927
vn 0.6796 0.0770 0.7295
vn -0.0116 -0.0957 0.9953
vn -0.2634 0.2373 0.9350
vn -0.0535 -0.0714 0.9960
vn -0.4794 0.2276 0.8475
vn -0.2125 0.1408 0.9670
vn 0.0397 -0.2907 0.9560
vn -0.6369 -0.1746 0.7509
vn -0.7379 -0.2488 0.6274
vn 0.0133 -0.1197 0.9927
vn -0.0093 -0.1955 0.9807
vn -0.3524 0.2145 0.9109
vn -0.2428 0.2951 0.9241
vn -0.1861 -0.0075 0.9825
vn -0.2634 0.1502 0.9529
vn 0.0752 -0.2809 0.9568
vn 0.0811 -0.2720 0.9589
vn 0.0197 -0.1798 0.9835
vn -0.6622 0.0165 0.7491
vn -0.0099 -0.1462 0.9892
vn 0.5233 0.5414 0.6581
vn 0.8855 0.2992 0.3555
vn 0.6017 0.6525 0.4605
vn 0.3947 0.4424 0.8053
vn 0.5043 0.3249 0.8001
vn 0.9060 0.2966 0.3021
vn -0.0002 0.3929 0.9196
vn 0.4252 0.7022 -0.5710
vn 0.7975 0.5074 -0.3265
vn 0.5922 0.5616 -0.5779
vn 0.8067 0.4453 -0.3884
vn 0.9241 0.3518 -0.1496
vn 0.6179 0.7717 -0.1509
vn 0.9472 0.3154 0.0577
vn 0.6523 0.7341 0.1886
vn 0.1790 0.5759 -0.7977
vn 0.3347 0.4804 -0.8106
vn -0.0873 0.4155 -0.9054
vn -0.2303 0.5591 -0.7965
vn -0.0293 0.5525 -0.8330
vn -0.0286 0.4369 -0.8991
vn -0.5040 0.2718 0.8199
vn -0.3722 0.4110 0.8322
vn -0.6360 0.6051 0.4790
vn -0.8919 0.2850 0.3512
vn -0.9088 0.2050 0.3634
vn -0.4886 0.6731 -0.5552
vn -0.8332 0.3913 -0.3908
vn -0.8138 0.4645 -0.3492
vn -0.7006 0.6845 0.2017
vn -0.6424 0.4992 -0.5814
vn -0.3583 0.4472 -0.8196
vn 0.2355 0.1224 -0.9641
vn -0.0121 -0.0027 -0.9999
vn 0.2133 0.2376 -0.9477
vn 0.3643 0.1581 -0.9178
vn 0.7543 0.0961 -0.6494
vn 0.7342 -0.0973 -0.6720
vn -0.2284 -0.0144 -0.9735
vn -0.2520 0.2237 -0.9415
vn -0.7795 -0.0437 -0.6249
vn -0.7756 0.0398 -0.6300
vn -0.9735 -0.2272 -0.0277
vn -0.9906 -0.1298 -0.0431
vn -0.9940 -0.0412 -0.1009
vn -0.9852 -0.1228 -0.1195
vn -0.9782 -0.1845 0.0951
vn -0.2172 -0.6147 0.7583
vn 0.0211 -0.4406 0.8975
vn -0.6497 -0.3809 0.6579
vn -0.2448 -0.4850 0.8396
vn -0.2370 -0.2579 0.9367
vn -0.9129 -0.3547 0.2020
vn -0.9511 -0.2927 0.0985
vn -0.8677 -0.4670 0.1704
vn 0.9913 0.0318 -0.1274
vn 0.9879 -0.0514 -0.1466
vn 0.9962 -0.0514 -0.0706
vn 0.9699 -0.2289 0.0827
vn 0.9854 -0.1622 -0.0528
vn 0.9914 -0.1042 0.0787
vn 0.3238 -0.0245 0.9458
vn 0.7619 -0.1496 0.6301
vn 0.2750 -0.6422 0.7156
vn 0.2393 0.1854 -0.9531
vn -0.0214 0.1663 -0.9858
vn 0.8530 -0.4505 0.2634
vn 0.9338 -0.3333 0.1299
vn 0.9116 -0.3172 0.2616
vn 0.0178 -0.2320 0.9726
vn 0.6044 -0.3612 0.7101
vn 0.9433 -0.2895 -0.1625
vn 0.9699 -0.2379 -0.0524
vn 0.4244 -0.0368 -0.9047
vn 0.8033 0.0717 -0.5913
vn 0.7461 -0.2110 -0.6315
vn -0.5675 -0.3923 0.7239
vn -0.6186 -0.3484 0.7042
vn -0.8555 -0.4569 0.2436
vn -0.9043 -0.3999 0.1497
vn -0.7393 -0.1694 -0.6517
vn -0.9197 -0.3669 -0.1400
vn -0.9486 -0.3153 -0.0272
vn -0.3874 0.1318 -0.9124
vn -0.2673 0.0894 -0.9594
vn 0.7652 -0.3651 -0.5302
vn 0.8091 -0.5620 -0.1716
vn 0.5554 -0.2860 -0.7808
vn 0.7198 -0.6241 -0.3038
vn 0.9697 -0.1809 -0.1642
vn 0.0790 -0.1776 -0.9809
vn 0.9385 0.2268 -0.2603
vn 0.8259 -0.1520 -0.5430
vn 0.5111 -0.8282 0.2298
vn 0.7270 0.4142 0.5477
vn 0.9845 -0.0246 0.1735
vn 0.6059 0.6126 -0.5075
vn 0.9472 -0.2675 0.1765
vn 0.9601 -0.0728 0.2702
vn 0.9546 -0.1822 0.2359
vn 0.9660 -0.2133 0.1464
vn 0.8838 -0.1477 0.4439
vn 0.9342 0.1944 0.2993
vn 0.9497 0.3115 0.0313
vn 0.9265 -0.0646 0.3707
vn 0.9877 -0.0324 -0.1532
vn 1.0000 0.0072 0.0032
vn -0.1827 -0.1737 -0.9677
vn -0.6502 -0.6408 -0.4081
vn -0.8293 -0.0714 -0.5542
vn -0.7443 -0.1270 -0.6557
vn -0.8978 -0.3549 -0.2609
vn -0.4962 -0.8119 0.3076
vn -0.9526 0.1238 0.2779
vn -0.7560 -0.1398 0.6394
vn -0.3654 0.1218 -0.9228
vn -0.2026 0.0061 -0.9793
vn -0.9275 -0.2919 0.2335
vn -0.9308 -0.2562 0.2608
vn -0.9862 -0.1395 0.0893
vn -0.9942 0.1067 0.0160
vn -0.9935 -0.0974 -0.0591
vn -0.8284 -0.1199 0.5471
vn -0.9720 0.1521 -0.1791
vn -0.9726 0.2262 0.0536
vn 0.7413 0.6339 -0.2206
vn 0.3434 0.5902 -0.7306
vn 0.6026 0.4682 -0.6463
vn 0.3453 0.4172 -0.8406
vn 0.8153 0.3577 -0.4554
vn 0.4747 0.4495 -0.7567
vn 0.8977 0.3424 -0.2774
vn 0.0026 0.5382 -0.8428
vn -0.0124 0.2908 -0.9567
vn -0.3530 0.4054 -0.8432
vn -0.9286 0.3683 0.0448
vn -0.7861 0.5569 -0.2680
vn -0.5529 0.8230 0.1303
vn -0.3416 0.5964 -0.7263
vn -0.7380 0.2682 0.6193
vn -0.6508 0.6576 0.3795
vn -0.5144 0.8198 0.2515
vn 0.0019 0.0486 0.9988
vn -0.0055 0.3093 0.9509
vn -0.0221 0.5798 0.8144
vn 0.6282 0.7522 0.1986
vn 0.7214 0.3222 0.6130
vn 0.5028 0.6192 0.6031
vn 0.2593 -0.2401 0.9355
vn 0.8104 -0.3972 0.4307
vn 0.0243 -0.6395 0.7684
vn 0.9811 0.1919 0.0254
vn 0.9940 0.1011 -0.0415
vn 0.9997 -0.0017 -0.0239
vn 0.8930 0.4399 0.0950
vn 0.9684 0.2452 0.0455
vn -0.0206 0.1560 -0.9875
vn 0.9398 0.3409 0.0247
vn -0.7729 -0.4482 0.4493
vn -0.9960 -0.0893 -0.0101
vn -0.9987 0.0083 -0.0501
vn -0.8602 0.2794 -0.4266
vn -0.2748 0.1696 -0.9464
vn -0.9812 0.1928 -0.0049
vn -0.2337 0.4327 -0.8707
vn -0.6517 0.5052 -0.5658
vn -0.7921 0.2267 -0.5667
vn -0.9604 0.2732 0.0545
vn -0.9418 0.3029 0.1458
vn -0.9109 0.4102 0.0437
vn -0.8949 0.4096 -0.1773
vn -0.9256 0.3469 -0.1513
vn 0.0097 0.1846 0.9828
vn 0.0154 -0.0032 0.9999
vn -0.9255 0.2198 0.3085
vn -0.4898 0.1247 0.8629
vn -0.2606 -0.1840 -0.9478
vn -0.8140 -0.0047 -0.5809
vn -0.3056 0.1666 -0.9375
vn -0.9804 0.1446 0.1335
vn -0.0270 -0.1986 0.9797
vn -0.9719 -0.0563 0.2287
vn -0.9915 -0.0776 0.1045
vn -0.0172 0.1788 -0.9837
vn -0.4310 0.3335 -0.8385
vn -0.1495 0.9528 -0.2643
vn -0.2336 0.9058 -0.3536
vn -0.7917 0.6010 -0.1094
vn -0.3287 0.8888 0.3194
vn -0.9898 -0.0502 -0.1336
vn -0.8252 0.2524 -0.5053
vn -0.8032 -0.0275 -0.5951
vn -0.4351 -0.1001 -0.8948
vn -0.2365 0.8808 -0.4102
vn -0.0368 0.8266 -0.5616
vn -0.0413 0.9843 -0.1717
vn -0.3586 -0.2818 -0.8899
vn -0.8969 -0.4373 -0.0663
vn -0.9270 -0.3730 -0.0392
vn -0.9426 -0.3148 -0.1116
vn -0.2805 0.9205 0.2721
vn -0.2478 0.8867 0.3904
vn -0.0237 0.7568 0.6533
vn -0.6824 -0.6892 0.2436
vn -0.3151 0.9406 0.1262
vn -0.8141 0.3319 0.4765
vn 0.0898 0.9702 0.2251
vn -0.8417 0.1643 0.5143
vn -0.1335 0.8840 -0.4480
vn -0.1862 0.6544 -0.7329
vn -0.3049 0.7626 0.5705
vn -0.5431 0.0971 0.8340
vn -0.5552 0.4210 0.7173
vn -0.2753 -0.1823 0.9439
vn -0.5315 0.5453 -0.6482
vn -0.8787 0.4769 0.0190
vn 0.0359 -0.9905 0.1330
vn -0.0940 -0.9876 -0.1255
vn -0.3208 -0.7312 0.6020
vn -0.1553 -0.9870 -0.0415
vn -0.1811 -0.8199 0.5431
vn -0.1151 0.6138 0.7810
vn -0.0620 0.6102 0.7898
vn 0.0015 0.3901 0.9208
vn -0.0920 0.5597 0.8236
vn -0.0118 -0.1043 0.9945
vn 0.0342 -0.2206 0.9748
vn -0.0678 -0.2509 0.9656
vn -0.1106 -0.0151 0.9938
vn -0.2669 0.9569 0.1148
vn -0.0036 -0.1877 -0.9822
vn -0.9295 -0.1635 -0.3304
vn -0.9024 0.2907 -0.3182
vn -0.8506 0.4693 -0.2371
vn -0.5637 0.0964 0.8204
vn -0.8377 0.5446 -0.0406
vn -0.8233 0.4278 0.3730
vn -0.1513 0.6855 -0.7121
vn -0.0273 -0.3213 0.9466
vn 0.0402 -0.8930 0.4483
vn -0.2117 -0.3936 0.8946
vn -0.1929 -0.3334 0.9229
vn -0.7343 -0.5627 0.3797
vn -0.7412 -0.5920 0.3166
vn -0.7844 -0.5091 0.3543
vn 0.1840 0.4455 -0.8762
vn 0.7562 0.2157 -0.6178
vn 0.8998 0.4273 -0.0881
vn 0.9464 0.3202 -0.0413
vn 0.9213 0.3638 0.1371
vn 0.8754 0.4831 0.0164
vn 0.8500 0.4807 -0.2157
vn 0.9304 0.3050 -0.2034
vn 0.8787 0.4054 -0.2520
vn 0.5354 0.3303 0.7773
vn 0.2714 0.1874 -0.9440
vn 0.5147 -0.1163 0.8495
vn 0.9951 -0.0077 0.0983
vn 0.3961 0.3879 -0.8322
vn 0.1003 0.9745 -0.2007
vn 0.5138 0.8579 0.0090
vn 0.7294 0.6805 0.0699
vn 0.0462 0.9988 -0.0136
vn 0.7487 0.6467 0.1459
vn 0.0882 0.9874 0.1312
vn 0.1808 0.9467 0.2667
vn 0.9892 0.0621 -0.1327
vn 0.9670 -0.2262 -0.1174
vn 0.1621 0.9000 -0.4045
vn 0.1561 0.9735 -0.1670
vn 0.7692 0.0161 -0.6388
vn 0.2062 -0.0004 -0.9785
vn 0.3559 -0.2567 -0.8986
vn 0.8258 0.5590 0.0743
vn 0.9528 -0.2972 -0.0619
vn 0.7415 -0.6350 0.2167
vn 0.1933 0.8924 0.4078
vn -0.0417 0.9620 0.2700
vn 0.5733 0.2887 0.7668
vn 0.5070 0.1283 0.8523
vn -0.1682 0.9022 0.3972
vn 0.6255 0.3863 0.6779
vn -0.4760 0.3725 0.7967
vn -0.4803 0.4935 0.7251
vn -0.5403 0.4063 0.7369
vn 0.2206 -0.0016 0.9754
vn 0.2785 0.0483 0.9592
vn 0.6840 0.4325 -0.5874
vn -0.3935 0.4945 -0.7750
vn 0.1094 0.6100 -0.7848
vn 0.2668 0.5289 -0.8056
vn -0.1542 0.9363 -0.3156
vn 0.8300 0.5576 -0.0125
vn 0.9664 0.2295 0.1158
vn 0.2394 -0.9672 -0.0848
vn 0.3909 -0.7184 0.5754
vn 0.2694 -0.8001 0.5360
vn 0.1428 -0.9863 -0.0821
vn 0.1396 -0.9723 -0.1877
vn 0.0687 0.5631 0.8235
vn 0.0128 0.6065 0.7950
vn 0.0916 0.6046 0.7912
vn 0.9656 -0.0897 -0.2440
vn 0.0556 -0.2234 0.9731
vn 0.1215 -0.0960 0.9879
vn 0.1339 -0.2524 0.9583
vn 0.2052 0.9729 0.1067
vn 0.1787 0.9820 0.0604
vn 0.9391 -0.0542 -0.3392
vn 0.6841 0.0080 -0.7294
vn 0.5140 0.1718 0.8404
vn -0.0302 0.9075 0.4190
vn 0.6717 0.6117 0.4179
vn 0.7002 0.5828 0.4124
vn 0.8768 0.4046 0.2597
vn 0.0796 0.6910 -0.7185
vn 0.2204 -0.2977 0.9289
vn 0.2394 -0.3837 0.8919
vn 0.8064 -0.4592 0.3726
vn 0.8332 -0.4528 0.3176
vn 0.7723 -0.5578 0.3040
vn 0.8739 0.0205 -0.4857
vn -0.4234 0.8778 0.2239
vn 0.6289 0.0350 0.7767
vn -0.8989 -0.1726 -0.4028
vn -0.9142 -0.3065 -0.2652
vn -0.7943 0.3423 0.5019
vn 0.2607 0.9006 0.3477
vn -0.9707 0.0185 -0.2397
vn 0.1481 -0.4718 0.8692
vn -0.8921 -0.2198 -0.3947
vn -0.3399 -0.2923 -0.8939
vn 0.9668 0.0376 0.2528
vn 0.9497 0.1407 0.2798
vn 0.5336 -0.0503 0.8442
vn -0.9999 0.0155 0.0058
vn -0.9995 -0.0125 -0.0306
vn -0.9799 -0.0305 -0.1970
vn -0.9990 0.0197 0.0401
vn 0.9644 -0.1829 0.1910
vn -0.2027 -0.2542 -0.9457
vn 0.3017 -0.6673 -0.6809
vn 0.4203 -0.1827 0.8888
vn -0.8927 -0.4314 -0.1301
vn -0.1404 -0.3542 0.9246
vn -0.1226 -0.3376 0.9333
vn -0.2054 -0.0946 0.9741
vn -0.9689 -0.1876 0.1611
vn -0.9699 0.0879 -0.2272
vn -0.3114 -0.0992 0.9451
vn 0.8013 -0.0348 -0.5972
vn -0.7330 -0.2004 -0.6500
vn 0.7716 -0.1084 0.6268
vn 0.6921 -0.6842 0.2299
vn -0.5721 -0.1473 0.8069
vn 0.9980 -0.0610 0.0192
vn 0.8747 0.4138 0.2525
vn 0.7988 -0.0682 0.5978
vn 0.6535 0.0352 0.7561
vn 0.5076 0.3412 0.7912
vn -0.2290 -0.3272 0.9168
vn -0.4512 -0.1527 0.8793
vn 0.1571 0.2136 -0.9642
vn 0.1446 -0.1658 0.9755
vn 0.3011 -0.0330 0.9530
vn 0.1416 -0.1956 -0.9704
vn 0.3219 -0.1985 -0.9257
vn -0.6263 -0.3172 -0.7122
vn -0.4233 -0.1877 0.8863
vn 0.8719 -0.4879 -0.0416
vn -0.0860 -0.0381 0.9956
vn -0.0964 -0.0081 0.9953
vn 0.2837 0.2494 0.9259
vn 0.2328 0.2665 0.9353
vn -0.9691 0.2355 0.0732
vn -0.8238 -0.4814 0.2994
vn 0.8433 -0.2359 -0.4828
vn -0.2022 0.1943 -0.9599
vn 0.9825 0.1862 -0.0064
vn 0.1298 0.3844 0.9140
vn -0.7497 0.6248 0.2182
vn -0.7295 0.0959 0.6772
vn 0.4079 0.5084 0.7584
vn 0.4280 0.3665 0.8261
vn -0.2421 0.9673 0.0763
vn 0.1740 -0.0836 0.9812
vt 0.714892 0.905364
vt 0.698179 0.901981
vt 0.741474 0.902191
vt 0.477840 0.641597
vt 0.476529 0.661285
vt 0.475759 0.642937
vt 0.007070 0.324136
vt 0.075012 0.314722
vt 0.102444 0.332305
vt 0.692544 0.876994
vt 0.741241 0.900378
vt 0.733451 0.877333
vt 0.153299 0.058258
vt 0.153857 0.059581
vt 0.142232 0.077513
vt 0.094205 0.254042
vt 0.004599 0.250069
vt 0.055212 0.226072
vt 0.180340 0.207885
vt 0.171294 0.204403
vt 0.174531 0.178283
vt 0.367733 0.906823
vt 0.368316 0.904984
vt 0.419099 0.881211
vt 0.557924 0.741505
vt 0.536067 0.730588
vt 0.554773 0.677454
vt 0.686871 0.878278
vt 0.565003 0.821323
vt 0.581181 0.815138
vt 0.600688 0.821900
vt 0.402109 0.947786
vt 0.415708 0.917479
vt 0.424744 0.986972
vt 0.373127 0.333448
vt 0.368194 0.335793
vt 0.363937 0.315446
vt 0.546623 0.363509
vt 0.547708 0.343826
vt 0.559267 0.342294
vt 0.348758 0.292905
vt 0.326162 0.293581
vt 0.296220 0.251317
vt 0.277361 0.132392
vt 0.284886 0.122470
vt 0.308339 0.129824
vt 0.610508 0.103565
vt 0.602939 0.101956
vt 0.603126 0.099438
vt 0.674171 0.423076
vt 0.669539 0.428747
vt 0.663391 0.419793
vt 0.355986 0.323686
vt 0.633534 0.173098
vt 0.632017 0.163279
vt 0.648310 0.159046
vt 0.629803 0.150178
vt 0.642967 0.146684
vt 0.630628 0.106351
vt 0.634215 0.110351
vt 0.629453 0.112101
vt 0.633661 0.119726
vt 0.637497 0.128043
vt 0.631348 0.128233
vt 0.794959 0.317307
vt 0.783440 0.322990
vt 0.784683 0.315693
vt 0.563866 0.512347
vt 0.555087 0.485291
vt 0.571118 0.485472
vt 0.835932 0.648150
vt 0.804055 0.657815
vt 0.803249 0.639428
vt 0.886461 0.494326
vt 0.879829 0.477739
vt 0.891533 0.481511
vt 0.743749 0.554011
vt 0.733316 0.553188
vt 0.743397 0.540118
vt 0.883411 0.796046
vt 0.871146 0.801545
vt 0.870449 0.786061
vt 0.629567 0.251342
vt 0.634439 0.258337
vt 0.630242 0.259201
vt 1.328971 0.267861
vt 1.296028 0.280195
vt 1.295403 0.278708
vt 0.941681 0.317924
vt 0.945660 0.316055
vt 0.939712 0.350772
vt 0.752510 0.292469
vt 0.750690 0.256438
vt 0.757894 0.276381
vt 0.725826 0.470341
vt 0.718633 0.469157
vt 0.724244 0.456267
vt 0.935625 0.269622
vt 0.920358 0.270423
vt 0.928183 0.256505
vt 1.256949 -0.071039
vt 1.283864 -0.071264
vt 1.284469 -0.062323
vt 0.451773 0.539444
vt 0.458740 0.541207
vt 0.456259 0.543999
vt 0.689659 0.475806
vt 0.687461 0.479768
vt 0.680620 0.466553
vt 0.862184 0.412922
vt 0.862966 0.404137
vt 0.864635 0.404095
vt 0.429304 0.321413
vt 0.433905 0.341026
vt 0.407650 0.280651
vt 0.805406 0.612085
vt 0.806505 0.616095
vt 0.788345 0.618644
vt 0.666265 0.422757
vt 0.667875 0.422768
vt 0.667326 0.429454
vt 0.787571 0.750733
vt 0.811267 0.755278
vt 0.774983 0.755277
vt 0.939470 0.302727
vt 0.944761 0.294250
vt 0.936979 0.311234
vt 0.872260 0.503727
vt 0.863391 0.508781
vt 0.864331 0.502787
vt 1.318581 0.194739
vt 1.306780 0.195589
vt 1.301504 0.165261
vt 1.303068 0.263362
vt 1.320607 0.248609
vt 0.544184 0.081029
vt 0.554122 0.090599
vt 0.546313 0.091715
vt 0.516116 0.495528
vt 0.507594 0.496092
vt 0.514325 0.415938
vt 0.507008 0.544269
vt 0.500956 0.518789
vt 0.495333 0.488328
vt 0.489989 0.483338
vt 0.501731 0.409552
vt 0.497274 0.436298
vt 0.495269 0.407427
vt 0.505286 0.354175
vt 0.498139 0.395659
vt 0.513656 0.413619
vt 0.516069 0.370252
vt 0.515227 0.520657
vt 0.668299 0.396996
vt 0.681567 0.404593
vt 0.665865 0.407421
vt 0.681405 0.399076
vt 0.650695 0.377970
vt 0.668612 0.387323
vt 0.657256 0.376967
vt 0.804125 0.423542
vt 0.787131 0.440687
vt 0.786775 0.395551
vt 0.800161 0.392975
vt 0.816297 0.412397
vt 0.812867 0.388693
vt 0.820819 0.394044
vt 0.823728 0.439584
vt 0.696423 0.390482
vt 0.704174 0.395509
vt 0.697816 0.400136
vt 0.681725 0.369568
vt 0.688243 0.378547
vt 0.685539 0.368090
vt 0.689259 0.376066
vt 0.691689 0.378249
vt 0.505943 0.062463
vt 0.563128 0.061884
vt 0.531938 0.072071
vt 0.829893 0.437056
vt 0.838027 0.428053
vt 0.831669 0.428121
vt 0.824831 0.413074
vt 0.836584 0.393931
vt 0.834341 0.401670
vt 0.831532 0.393049
vt 0.835918 0.412864
vt 0.679013 0.384888
vt 0.667571 0.373653
vt 0.685353 0.384137
vt 0.688348 0.399240
vt 1.324217 0.225358
vt 1.337906 0.225156
vt 1.312758 0.225375
vt 0.764074 0.392118
vt 0.751549 0.403045
vt 0.751507 0.395392
vt 0.775439 0.419950
vt 0.758510 0.433989
vt 0.749422 0.440286
vt 1.278357 0.249626
vt 1.284598 0.228096
vt 1.284296 0.237955
vt 1.293054 0.227768
vt 0.479343 0.078236
vt 0.456949 0.091862
vt 0.450850 0.067928
vt 0.505603 0.091211
vt 0.736787 0.402741
vt 0.734424 0.395052
vt 0.744403 0.399173
vt 0.735099 0.413954
vt 0.744531 0.410402
vt 0.740867 0.421535
vt 0.744649 0.429277
vt 0.738114 0.441075
vt 0.732830 0.429195
vt 1.299839 0.244042
vt 0.812676 0.360263
vt 0.809868 0.366929
vt 0.785554 0.364858
vt 0.825352 0.366391
vt 0.839265 0.336659
vt 0.823950 0.348851
vt 0.803734 0.343798
vt 0.798731 0.354309
vt 0.741149 0.796141
vt 0.774355 0.783133
vt 0.771647 0.794133
vt 0.744332 0.783260
vt 0.643013 0.353860
vt 0.647549 0.357743
vt 0.641358 0.358641
vt 0.641691 0.347801
vt 0.642682 0.340101
vt 0.682905 0.329335
vt 0.680808 0.348949
vt 0.665681 0.334362
vt 1.334851 0.164657
vt 1.318357 0.178853
vt 0.503152 0.165747
vt 0.457687 0.165652
vt 0.509084 0.136754
vt 0.756396 0.355943
vt 0.744040 0.366304
vt 0.733578 0.347888
vt 0.785115 0.337640
vt 0.757524 0.344711
vt 0.729822 0.337665
vt 0.768176 0.362841
vt 1.284778 0.196420
vt 1.267717 0.167391
vt 1.275600 0.165911
vt 0.727546 0.337658
vt 0.728359 0.345022
vt 0.725068 0.348753
vt 0.721094 0.338177
vt 0.735940 0.358433
vt 1.290913 0.178669
vt 0.874452 0.584321
vt 0.866187 0.580105
vt 0.873089 0.579382
vt 0.874958 0.591744
vt 0.893022 0.579131
vt 0.885739 0.586152
vt 0.894552 0.592597
vt 0.884937 0.597482
vt 0.890615 0.604172
vt 0.896325 0.611169
vt 0.878004 0.600988
vt 0.874961 0.608385
vt 0.720343 0.495107
vt 0.718629 0.498371
vt 0.707936 0.490823
vt 0.714553 0.502250
vt 0.704391 0.500729
vt 0.705272 0.494726
vt 0.699942 0.493986
vt 0.720967 0.504545
vt 0.712279 0.508580
vt 0.696089 0.505689
vt 0.702696 0.509148
vt 0.791412 0.948455
vt 0.803615 0.938951
vt 0.800456 0.964934
vt 0.767055 0.965186
vt 0.786191 0.957468
vt 0.784742 0.942799
vt 0.776173 0.949409
vt 0.778239 0.942978
vt 0.438266 0.026452
vt 0.441759 0.036870
vt 0.431009 0.036828
vt 0.423521 0.043834
vt 0.418888 0.025557
vt 0.429893 0.030345
vt 0.429436 0.027002
vt 0.446030 0.040944
vt 0.445809 0.030783
vt 0.449346 0.021173
vt 0.443141 0.014393
vt 0.457863 0.009691
vt 0.449599 0.044668
vt 0.472107 0.024535
vt 0.505806 0.041226
vt 0.505303 0.009052
vt 0.493275 0.024802
vt 0.527663 0.026599
vt 0.552771 0.013693
vt 0.561514 0.042951
vt 0.532711 0.047235
vt 0.564858 0.028098
vt 0.559251 0.022745
vt 0.565850 0.021001
vt 0.573793 0.035203
vt 0.576515 0.024539
vt 0.567550 0.012761
vt 0.592120 0.023247
vt 0.585381 0.039632
vt 0.579243 0.032032
vt 0.914854 0.833754
vt 0.903548 0.836005
vt 0.907592 0.821055
vt 0.897911 0.806650
vt 0.909587 0.804986
vt 0.919049 0.816666
vt 0.927927 0.819868
vt 0.923392 0.833519
vt 0.930788 0.815175
vt 0.925733 0.802984
vt 0.949197 0.805462
vt 0.941858 0.812747
vt 0.937316 0.804035
vt 0.929838 0.828386
vt 0.936196 0.827696
vt 0.855224 0.507816
vt 0.848751 0.513706
vt 0.849973 0.493669
vt 0.855489 0.500434
vt 0.859075 0.493688
vt 0.862273 0.497206
vt 0.861242 0.489579
vt 0.868472 0.486926
vt 0.843289 0.506647
vt 0.835855 0.516312
vt 0.845552 0.517503
vt 0.830687 0.504698
vt 0.837595 0.499225
vt 0.826528 0.515117
vt 0.830117 0.485581
vt 0.837056 0.489743
vt 0.804315 0.505322
vt 0.786912 0.515803
vt 0.786847 0.488037
vt 0.806476 0.492961
vt 0.730767 0.510046
vt 0.744602 0.516039
vt 0.721536 0.519022
vt 0.724892 0.506620
vt 0.730287 0.501280
vt 0.738070 0.503622
vt 0.745780 0.516073
vt 0.761632 0.504820
vt 0.786381 0.515823
vt 0.742836 0.487054
vt 0.773770 0.496090
vt 0.472633 0.321496
vt 0.470855 0.344858
vt 0.462159 0.341262
vt 0.447699 0.309627
vt 0.472645 0.314291
vt 0.455322 0.321637
vt 1.314233 0.051871
vt 1.314205 0.041072
vt 1.319569 0.040851
vt 1.322037 0.052908
vt 1.322174 0.052883
vt 1.319330 0.066122
vt 1.324836 0.066501
vt 0.931305 0.299671
vt 0.927777 0.319661
vt 0.492681 0.305015
vt 0.490489 0.322133
vt 0.486614 0.342377
vt 1.275368 0.052704
vt 1.292759 0.041192
vt 1.294172 0.051510
vt 1.273195 0.041600
vt 1.268560 0.053330
vt 1.267618 0.042522
vt 0.933207 0.293493
vt 0.919904 0.302581
vt 0.910479 0.293929
vt 0.915182 0.293709
vt 0.905575 0.317174
vt 0.756621 0.210391
vt 0.748066 0.221438
vt 0.745644 0.201098
vt 0.763786 0.203537
vt 1.306374 0.057831
vt 0.729253 0.203312
vt 0.719699 0.216625
vt 0.719292 0.204825
vt 0.720656 0.230935
vt 0.730462 0.227628
vt 0.889672 0.840760
vt 0.868387 0.845017
vt 0.870557 0.840451
vt 0.883386 0.852413
vt 0.886705 0.877389
vt 0.878879 0.866767
vt 0.892330 0.859088
vt 0.870815 0.859059
vt 0.883446 0.830294
vt 0.896503 0.831575
vt 0.893296 0.937022
vt 0.880321 0.938040
vt 0.896467 0.916989
vt 0.781190 0.736501
vt 0.762204 0.736484
vt 0.756853 0.729746
vt 0.797985 0.749105
vt 0.776096 0.744636
vt 0.857189 0.847231
vt 0.853610 0.837051
vt 0.851715 0.876381
vt 0.867293 0.919975
vt 0.857211 0.913765
vt 0.843759 0.921830
vt 0.822778 0.534885
vt 0.843260 0.538283
vt 0.807216 0.536061
vt 0.805341 0.528143
vt 0.824145 0.532092
vt 0.816535 0.542742
vt 0.807664 0.549197
vt 0.829669 0.544059
vt 0.843256 0.549202
vt 0.854398 0.927780
vt 0.842959 0.932100
vt 0.868554 0.938969
vt 0.739105 0.745786
vt 0.758454 0.750735
vt 0.739077 0.755045
vt 0.829155 0.843289
vt 0.838618 0.846638
vt 0.818971 0.843814
vt 0.817100 0.852372
vt 0.827394 0.860816
vt 0.850423 0.854800
vt 0.839308 0.863838
vt 0.817802 0.864439
vt 0.739804 0.739589
vt 0.756972 0.741869
vt 0.795868 0.840824
vt 0.812630 0.848175
vt 0.776898 0.851348
vt 0.786444 0.832770
vt 0.818158 0.829963
vt 0.811462 0.873882
vt 0.789883 0.873490
vt 0.785991 0.866923
vt 0.797030 0.593052
vt 0.787999 0.601729
vt 0.788216 0.577383
vt 0.806449 0.584779
vt 0.786877 0.571401
vt 0.755446 0.575176
vt 0.766459 0.571503
vt 0.758899 0.569777
vt 0.787724 0.819944
vt 0.770939 0.828215
vt 0.769895 0.827039
vt 0.632741 0.424188
vt 0.632741 0.417024
vt 0.634016 0.415926
vt 0.779306 0.629640
vt 0.779258 0.632208
vt 0.773515 0.629662
vt 0.759615 0.660411
vt 0.758617 0.657712
vt 0.764919 0.660785
vt 0.764627 0.662993
vt 0.381622 0.070391
vt 0.391897 0.066234
vt 0.395302 0.076466
vt 0.384435 0.079142
vt 0.369379 0.255108
vt 0.384175 0.227083
vt 0.391120 0.242196
vt 0.365429 0.239360
vt 0.397167 0.208631
vt 0.378282 0.212942
vt 0.400451 0.223568
vt 0.806632 0.810504
vt 0.794306 0.802272
vt 0.816617 0.807354
vt 0.652296 0.455735
vt 0.646205 0.462013
vt 0.648022 0.446775
vt 0.659907 0.453291
vt 0.722064 0.134451
vt 0.723585 0.119970
vt 0.728937 0.134818
vt 0.718388 0.093380
vt 1.282412 -0.021574
vt 1.292240 -0.022700
vt 0.751885 0.087046
vt 0.739489 0.093205
vt 0.739497 0.084144
vt 0.939993 0.167258
vt 0.955554 0.217126
vt 0.953140 0.217014
vt 0.733650 0.111801
vt 0.741091 0.135096
vt 0.469921 0.425023
vt 0.469974 0.386384
vt 0.481937 0.382923
vt 0.767459 0.927571
vt 0.771457 0.931893
vt 0.746993 0.929254
vt 0.776798 0.612001
vt 0.790761 0.612994
vt 0.771052 0.619235
vt 0.754655 0.686027
vt 0.759835 0.689693
vt 0.743351 0.687687
vt 0.761717 0.526848
vt 0.784190 0.528412
vt 0.784831 0.533695
vt 0.744453 0.683899
vt 0.758540 0.933339
vt 0.765165 0.938516
vt 0.747858 0.933326
vt 0.762859 0.686587
vt 0.763938 0.684836
vt 0.788637 0.622678
vt 0.772004 0.629616
vt 0.770163 0.778292
vt 0.769300 0.774892
vt 0.777139 0.776009
vt 0.769827 0.609280
vt 0.761963 0.617054
vt 0.751052 0.534833
vt 0.766865 0.533345
vt 0.785848 0.531263
vt 0.786262 0.534591
vt 0.786864 0.528461
vt 0.754281 0.537736
vt 0.760173 0.537213
vt 0.757151 0.538208
vt 0.741762 0.540056
vt 0.770993 0.899750
vt 0.775780 0.894126
vt 0.780050 0.899579
vt 0.762029 0.778105
vt 0.766704 0.774033
vt 0.760589 0.781616
vt 0.665664 0.429901
vt 0.806102 0.632285
vt 0.800880 0.632257
vt 0.800948 0.629641
vt 0.860685 0.398319
vt 0.862229 0.398048
vt 0.789770 0.828209
vt 0.805139 0.829375
vt 0.788926 0.829375
vt 0.816619 0.826919
vt 0.805286 0.824132
vt 0.806223 0.822552
vt 0.795552 0.781498
vt 0.779061 0.774023
vt 0.795556 0.779200
vt 0.788371 0.821449
vt 0.789248 0.629665
vt 0.788576 0.632233
vt 0.770729 0.645572
vt 0.769544 0.657417
vt 0.768185 0.657728
vt 0.779344 0.594675
vt 0.772125 0.609296
vt 0.774526 0.587639
vt 0.748636 0.573572
vt 0.751864 0.565796
vt 0.747088 0.815590
vt 0.738508 0.812873
vt 0.748452 0.812748
vt 0.741858 0.817697
vt 0.760394 0.808900
vt 0.756790 0.817575
vt 0.740286 0.526360
vt 0.756905 0.644492
vt 0.772212 0.644493
vt 0.756358 0.645600
vt 0.780292 0.839751
vt 0.780613 0.830586
vt 0.775446 0.846083
vt 0.767249 0.923383
vt 0.778711 0.923214
vt 0.748529 0.927070
vt 0.751230 0.920919
vt 0.766186 0.921509
vt 0.784456 0.920170
vt 0.747107 0.913890
vt 0.779858 0.914250
vt 0.813681 0.774015
vt 0.814870 0.775959
vt 0.788800 0.855802
vt 0.816993 0.864848
vt 0.800011 0.860488
vt 0.418886 0.279581
vt 0.421263 0.295914
vt 0.441663 0.338184
vt 0.317674 0.085177
vt 0.334564 0.073689
vt 0.339382 0.085581
vt 0.295637 0.094764
vt 0.293719 0.088828
vt 0.580037 0.439363
vt 0.613458 0.448519
vt 0.568963 0.440421
vt 0.570025 0.436073
vt 0.603777 0.442216
vt 0.752976 0.907282
vt 0.741490 0.910264
vt 0.746853 0.900720
vt 0.772398 0.904664
vt 0.785122 0.900751
vt 0.779568 0.913995
vt 0.789227 0.629717
vt 0.665663 0.415595
vt 0.628116 0.454648
vt 0.608950 0.461232
vt 0.357301 0.088748
vt 0.353795 0.079358
vt 0.342164 0.093659
vt 0.398096 0.278893
vt 0.398750 0.260849
vt 0.394634 0.289585
vt 0.383884 0.272246
vt 0.412671 0.259333
vt 0.414980 0.317083
vt 0.423878 0.346286
vt 0.317452 0.093336
vt 0.296777 0.098783
vt 0.587842 0.449929
vt 0.591347 0.455524
vt 0.567437 0.446506
vt 0.818378 0.906478
vt 0.836543 0.910684
vt 0.799904 0.914195
vt 0.804620 0.901734
vt 0.633897 0.458212
vt 0.637314 0.450518
vt 0.811951 0.789521
vt 0.806167 0.794777
vt 0.805051 0.786946
vt 0.796182 0.783608
vt 0.806864 0.800897
vt 0.787260 0.805380
vt 0.795466 0.791737
vt 0.641579 0.475352
vt 0.622854 0.468628
vt 0.635381 0.465744
vt 0.789860 0.900742
vt 0.785020 0.916650
vt 0.795255 0.930467
vt 0.791227 0.924570
vt 0.631922 0.444285
vt 0.616222 0.439464
vt 0.348154 0.065922
vt 0.657288 0.463006
vt 0.661844 0.481551
vt 0.651704 0.475852
vt 0.370566 0.075178
vt 0.356263 0.226941
vt 0.360483 0.069441
vt 0.366115 0.062192
vt 0.403571 0.248069
vt 0.409153 0.237383
vt 0.386500 0.260553
vt 0.668200 0.466546
vt 0.671099 0.455445
vt 0.688864 0.465413
vt 0.861712 0.617351
vt 0.855413 0.605067
vt 0.862353 0.632556
vt 0.866128 0.625265
vt 0.841506 0.626589
vt 0.849406 0.578432
vt 0.828063 0.600846
vt 0.822429 0.577417
vt 0.367035 0.183435
vt 0.362565 0.176315
vt 0.371884 0.176035
vt 0.390269 0.185847
vt 0.386095 0.177781
vt 0.390162 0.167149
vt 0.425463 0.057028
vt 0.410209 0.053501
vt 0.425761 0.048696
vt 0.362874 0.212085
vt 0.343541 0.205995
vt 0.413725 0.041093
vt 0.675084 0.482748
vt 0.681641 0.496529
vt 0.689782 0.491360
vt 0.700736 0.488578
vt 0.360845 0.188532
vt 0.369453 0.192133
vt 0.347822 0.192782
vt 0.861960 0.591836
vt 0.432734 0.045017
vt 0.440507 0.059402
vt 0.428309 0.057334
vt 0.432771 0.051004
vt 0.367872 0.168272
vt 0.358436 0.166531
vt 0.380053 0.163391
vt 0.393876 0.141486
vt 0.390662 0.163226
vt 0.695597 0.473710
vt 0.701923 0.472220
vt 0.385868 0.052022
vt 0.404625 0.038514
vt 0.354128 0.170290
vt 0.335216 0.190713
vt 0.333202 0.187481
vt 0.348549 0.177080
vt 0.336110 0.175886
vt 0.344800 0.168997
vt 0.776015 0.819732
vt 0.780272 0.813370
vt 0.792613 0.812734
vt 0.774360 0.809562
vt 0.814836 0.600688
vt 0.814267 0.590869
vt 0.376643 0.058185
vt 0.848878 0.882599
vt 0.801428 0.881600
vt 0.825235 0.879819
vt 0.818878 0.877619
vt 0.799027 0.877575
vt 0.843260 0.877872
vt 0.751638 0.807665
vt 0.747130 0.802267
vt 0.757180 0.807419
vt 0.762042 0.796146
vt 0.758569 0.799320
vt 0.864341 0.880313
vt 0.887180 0.877454
vt 0.891502 0.882791
vt 0.453086 0.544890
vt 0.450810 0.548990
vt 0.730036 0.158006
vt 0.722622 0.158308
vt 0.451982 0.386797
vt 0.446862 0.425776
vt 0.720946 0.058832
vt 0.725601 0.082897
vt 0.718913 0.083572
vt 0.454737 0.512212
vt 0.451281 0.487025
vt 0.460988 0.512008
vt 0.725613 0.093417
vt 0.449568 0.459325
vt 0.447798 0.435177
vt 0.469966 0.458807
vt 0.461031 0.521632
vt 0.457099 0.522321
vt 0.455414 0.531048
vt 0.447818 0.345671
vt 0.447747 0.320559
vt 0.472855 0.364482
vt 0.728368 0.179759
vt 0.718436 0.178722
vt 0.723786 0.004408
vt 0.726088 0.028459
vt 0.721322 0.030382
vt 0.447305 0.281636
vt 0.449353 0.259056
vt 0.454983 0.299325
vt 0.447261 0.296213
vt 0.438840 0.253446
vt 0.724472 0.250926
vt 0.728577 0.267355
vt 0.718922 0.274836
vt 0.445027 0.220702
vt 0.448737 0.210687
vt 0.446298 0.239547
vt 0.439399 0.226267
vt 0.442558 0.245453
vt 0.442883 0.206670
vt 0.731301 0.312090
vt 0.741491 0.322041
vt 0.454733 0.206073
vt 0.476228 0.200058
vt 0.443407 0.191720
vt 0.505749 0.191758
vt 0.496832 0.194176
vt 0.455679 0.192323
vt 0.499407 0.205245
vt 0.468724 0.202889
vt 0.763795 0.315887
vt 0.756676 0.299479
vt 0.760865 0.308443
vt 0.766239 0.301267
vt 0.772667 0.306343
vt 0.784833 0.299321
vt 0.721270 0.326155
vt 0.921899 0.351224
vt 1.298388 0.207141
vt 0.939903 0.248042
vt 0.776322 0.700729
vt 0.802708 0.675371
vt 0.791083 0.696880
vt 0.412911 0.065622
vt 1.287738 0.081253
vt 1.279150 0.107259
vt 1.275559 0.066206
vt 1.296115 0.065340
vt 1.294023 0.103060
vt 1.295282 0.115198
vt 1.301229 0.106335
vt 1.260991 -0.093660
vt 1.261255 -0.120300
vt 1.267371 -0.122469
vt 1.272900 -0.122274
vt 1.269755 -0.145255
vt 1.266635 -0.138408
vt 1.260632 -0.144464
vt 1.263525 -0.132113
vt 1.266936 -0.172664
vt 1.264354 -0.165607
vt 1.258823 -0.169469
vt 1.262408 -0.155808
vt 0.940472 0.260431
vt 0.944286 0.271077
vt 1.288202 0.057769
vt 1.281831 0.061126
vt 1.286696 0.163308
vt 1.282405 0.158174
vt 1.297297 0.161084
vt 1.301483 0.154563
vt 1.291693 0.157471
vt 0.930852 0.362855
vt 0.936239 0.351101
vt 0.936084 0.384116
vt 0.922049 0.384253
vt 0.927324 0.373463
vt 1.277684 -0.016998
vt 1.276231 -0.000377
vt 1.269200 -0.022325
vt 1.280038 -0.013514
vt 1.288753 -0.002077
vt 1.282532 -0.006322
vt 1.288859 0.273669
vt 1.281696 0.270447
vt 1.280213 0.285918
vt 1.293672 0.275356
vt 1.286332 0.287703
vt 1.284200 0.008694
vt 1.290748 0.016625
vt 1.274992 0.017489
vt 1.302936 -0.165822
vt 1.285797 -0.152777
vt 1.300282 -0.171376
vt 1.307239 -0.163918
vt 1.335303 -0.179265
vt 1.338949 -0.180758
vt 1.339735 -0.178289
vt 1.335726 -0.181698
vt 1.332010 -0.179608
vt 1.333498 -0.183716
vt 1.331887 -0.188142
vt 1.339804 -0.187427
vt 1.341425 -0.183083
vt 1.278174 -0.119783
vt 1.280316 -0.093657
vt 1.292873 -0.010571
vt 1.301448 -0.000089
vt 1.273803 -0.132943
vt 1.276428 -0.144750
vt 0.931224 0.216997
vt 1.311866 -0.168625
vt 1.324322 -0.173620
vt 1.318721 -0.167282
vt 1.325065 -0.176897
vt 1.314423 -0.173389
vt 1.296520 0.008749
vt 1.306394 0.016875
vt 1.301711 0.032013
vt 1.325408 0.157539
vt 1.333700 0.154507
vt 1.308500 0.160740
vt 1.319803 0.161020
vt 0.907990 0.364822
vt 0.901881 0.350561
vt 0.907845 0.356419
vt 0.909203 0.376260
vt 0.903740 0.382786
vt 0.917362 0.351299
vt 0.917996 0.364779
vt 1.320722 0.139069
vt 1.329140 0.107709
vt 1.311772 0.128930
vt 1.310085 0.082305
vt 0.733982 0.448395
vt 0.726485 0.441091
vt 0.740753 0.456442
vt 0.737135 0.380945
vt 0.730027 0.362576
vt 0.741045 0.374302
vt 0.744832 0.388186
vt 0.928608 0.547888
vt 0.944269 0.601692
vt 0.939662 0.590839
vt 0.931695 0.572223
vt 0.725006 0.479268
vt 0.719573 0.481257
vt 0.724989 0.487510
vt 0.736594 0.474391
vt 0.747591 0.467840
vt 0.744016 0.482448
vt 0.733144 0.481685
vt 0.732537 0.490852
vt 0.743011 0.486980
vt 0.740051 0.483387
vt 1.323548 -0.185303
vt 1.319825 -0.181871
vt 1.306590 -0.182936
vt 0.939479 0.014650
vt 0.948894 0.009501
vt 0.949837 0.018974
vt 0.926089 0.013508
vt 0.930596 0.010174
vt 0.908924 0.016325
vt 0.912049 0.009454
vt 0.843746 0.666851
vt 0.796144 0.666657
vt 0.851684 0.888465
vt 0.804740 0.890647
vt 0.820836 0.886058
vt 0.805275 0.693368
vt 0.896504 0.675476
vt 0.905670 0.032251
vt 0.867339 0.010826
vt 0.869069 0.016048
vt 1.290490 -0.168012
vt 1.278893 -0.167434
vt 1.300327 -0.178747
vt 1.298277 -0.175305
vt 0.867903 0.893228
vt 0.896361 0.889345
vt 0.877536 0.895919
vt 0.889875 0.896742
vt 0.844344 0.900147
vt 0.845867 0.896140
vt 1.295808 -0.155550
vt 1.296558 -0.183017
vt 1.269187 -0.181678
vt 0.884689 0.009256
vt 0.870622 0.004883
vt 0.886311 0.667413
vt 0.773662 0.802969
vt 0.763726 0.802472
vt 0.771814 0.796141
vt 0.758642 0.804867
vt 0.765465 0.807880
vt 0.774357 0.808665
vt 0.965530 0.009629
vt 0.965239 0.057467
vt 0.948491 0.058146
vt 0.921297 0.028639
vt 0.939093 0.034886
vt 0.925098 0.043665
vt 0.460989 0.544676
vt 0.463596 0.548806
vt 0.464545 0.538876
vt 0.469781 0.524554
vt 0.467706 0.511531
vt 0.474849 0.510708
vt 0.472002 0.538833
vt 1.311840 -0.178005
vt 1.258545 -0.144765
vt 1.255513 -0.172393
vt 0.772247 0.683471
vt 0.777900 0.671330
vt 0.742286 0.006939
vt 0.744445 0.033572
vt 0.740474 0.017193
vt 0.736564 0.032463
vt 0.735134 0.004767
vt 0.718889 0.032973
vt 0.717612 0.059019
vt 0.475770 0.485095
vt 0.481768 0.456312
vt 0.947128 0.090250
vt 0.962621 0.125763
vt 0.943655 0.125582
vt 0.747548 0.122087
vt 0.752953 0.097228
vt 0.748301 0.106384
vt 0.752805 0.139228
vt 0.736578 0.147354
vt 0.744866 0.158830
vt 0.485079 0.360827
vt 0.965255 0.151923
vt 0.742026 0.042698
vt 0.745984 0.061512
vt 0.726523 0.058953
vt 0.738718 0.059314
vt 0.719477 0.158909
vt 0.719517 0.134310
vt 1.260057 -0.061993
vt 1.260292 -0.053238
vt 1.256398 -0.062117
vt 1.262776 -0.046020
vt 1.264982 -0.032129
vt 1.265437 -0.021516
vt 0.467253 0.486612
vt 0.718830 0.069080
vt 0.475877 0.443641
vt 0.469763 0.434666
vt 0.481507 0.433325
vt 1.286399 -0.070865
vt 1.287389 -0.061942
vt 0.742808 0.074429
vt 0.750580 0.062532
vt 0.747629 0.075716
vt 0.721163 0.004169
vt 0.920681 0.229445
vt 0.910273 0.238184
vt 0.921028 0.209593
vt 0.922134 0.245875
vt 0.826981 0.891710
vt 0.829579 0.899080
vt 0.817616 0.898198
vt 0.812164 0.895050
vt 0.798121 0.897825
vt 1.309008 -0.162086
vt 0.465820 0.522521
vt 0.461237 0.531932
vt 0.467323 0.543974
vt 0.471121 0.549104
vt 0.916528 0.270153
vt 0.743927 0.179300
vt 0.759839 0.183765
vt 1.306178 0.009386
vt 1.304499 -0.000429
vt 1.310656 0.017660
vt 0.756908 0.163493
vt 0.752878 0.174815
vt 0.731083 0.018802
vt 0.727393 0.004493
vt 0.470688 0.495755
vt 1.272352 0.000500
vt 0.910436 0.317556
vt 0.947341 0.267671
vt 0.948333 0.294283
vt 1.269463 0.066364
vt 0.479272 0.357021
vt 0.944884 0.245969
vt 0.947174 0.246045
vt 1.272268 0.106375
vt 0.484663 0.290284
vt 0.473455 0.303392
vt 0.472413 0.270919
vt 0.482345 0.271088
vt 0.496894 0.277973
vt 0.464160 0.270173
vt 0.459925 0.278766
vt 0.462608 0.293849
vt 0.743576 0.246008
vt 0.734039 0.242889
vt 0.736439 0.264304
vt 0.739942 0.227910
vt 0.766775 0.222890
vt 0.757352 0.225092
vt 1.313649 0.030500
vt 0.759761 0.259907
vt 0.773282 0.250990
vt 0.776877 0.278393
vt 0.765752 0.272698
vt 0.774734 0.261138
vt 0.464565 0.249662
vt 0.471297 0.250152
vt 0.463586 0.228499
vt 0.470553 0.234366
vt 0.454701 0.245041
vt 0.462693 0.253501
vt 0.454563 0.225576
vt 0.493919 0.244089
vt 0.485982 0.239900
vt 0.473910 0.227137
vt 0.491516 0.246246
vt 1.341538 0.164902
vt 1.342610 0.155563
vt 1.344730 0.168726
vt 1.274017 0.128435
vt 1.269526 0.154715
vt 1.276881 0.153794
vt 0.896486 0.366231
vt 0.766996 0.286798
vt 0.775565 0.283123
vt 0.464407 0.222508
vt 0.478000 0.255140
vt 0.495860 0.265202
vt 0.488505 0.269760
vt 0.488640 0.256849
vt 1.336190 0.108309
vt 0.901289 0.332933
vt 0.896487 0.351047
vt 0.763494 0.231370
vt 0.764740 0.246508
vt 0.769952 0.235974
vt 0.755213 0.235864
vt 1.326715 0.083590
vt 0.783154 0.278491
vt 0.487212 0.213287
vt 0.499235 0.222531
vt 1.258442 0.307979
vt 1.256987 0.311710
vt 1.256784 0.300676
vt 1.271894 0.296804
vt 1.264874 0.300609
vt 1.265944 0.295511
vt 1.265613 0.310421
vt 1.261015 0.315323
vt 1.262064 0.306726
vt 0.786400 0.486560
vt 0.787837 0.467815
vt 1.273613 0.160939
vt 1.278169 0.197923
vt 0.481759 0.056087
vt 0.449018 0.054975
vt 0.878289 0.522209
vt 0.910631 0.508221
vt 0.915642 0.540110
vt 0.817022 0.620945
vt 0.478924 0.108056
vt 0.460072 0.108941
vt 0.465321 0.137607
vt 0.491910 0.121864
vt 0.758376 0.381107
vt 0.770703 0.373081
vt 0.783619 0.448959
vt 0.941112 0.366663
vt 0.942513 0.384251
vt 0.745276 0.287047
vt 0.744306 0.270182
vt 0.736068 0.287352
vt 1.320935 0.203177
vt 1.331696 0.209602
vt 1.322445 0.213004
vt 1.334071 0.194034
vt 0.709962 0.486219
vt 0.704321 0.482244
vt 0.704479 0.472127
vt 0.701321 0.478036
vt 0.714847 0.476759
vt 0.709916 0.479296
vt 0.709816 0.474250
vt 0.545989 0.320837
vt 0.558630 0.312526
vt 0.563071 0.319934
vt 0.545666 0.313424
vt 0.633704 0.249486
vt 0.630160 0.259230
vt 0.634606 0.268133
vt 0.630876 0.268972
vt 0.349144 0.358474
vt 0.347324 0.366077
vt 0.335354 0.355173
vt 0.525278 0.303230
vt 0.543736 0.302553
vt 0.528018 0.321653
vt 0.531775 0.340710
vt 0.648178 0.247979
vt 0.662258 0.251872
vt 0.649630 0.254606
vt 0.570570 0.318944
vt 0.570164 0.300668
vt 0.365188 0.357283
vt 0.360062 0.372279
vt 0.351756 0.352457
vt 0.641411 0.260905
vt 0.642772 0.266878
vt 0.650318 0.264950
vt 0.837902 0.202192
vt 0.847882 0.203505
vt 0.847454 0.215232
vt 0.336220 0.374231
vt 0.341465 0.374050
vt 0.828270 0.230153
vt 0.838552 0.226806
vt 0.560353 0.297064
vt 0.814916 0.761896
vt 0.813009 0.769112
vt 0.793119 0.770749
vt 0.881382 0.809750
vt 0.889822 0.819836
vt 0.869596 0.814048
vt 0.893537 0.801740
vt 0.886947 0.783102
vt 0.896456 0.828999
vt 0.870657 0.820104
vt 0.883270 0.830294
vt 0.891011 0.766248
vt 0.870010 0.745352
vt 0.888813 0.746399
vt 0.850451 0.764171
vt 0.886971 0.783122
vt 0.851541 0.783080
vt 0.896286 0.737845
vt 0.775834 0.766198
vt 0.788158 0.759437
vt 0.778948 0.772878
vt 0.861474 0.815156
vt 0.853523 0.823896
vt 0.853006 0.744392
vt 0.841887 0.769553
vt 0.815559 0.770788
vt 0.814616 0.761171
vt 0.827663 0.771087
vt 0.832109 0.764055
vt 0.777530 0.971054
vt 0.764816 0.975477
vt 0.765404 0.968755
vt 0.803601 0.965157
vt 0.802884 0.973469
vt 0.792262 0.980687
vt 0.801221 0.986118
vt 0.778089 0.986393
vt 0.764380 0.986122
vt 0.777000 0.980631
vt 0.829620 0.756345
vt 0.816498 0.751200
vt 0.831388 0.749076
vt 0.759303 0.760317
vt 0.775077 0.755249
vt 0.739719 0.764814
vt 0.738886 0.755474
vt 0.818338 0.816948
vt 0.833506 0.816098
vt 0.816473 0.808299
vt 0.820457 0.797597
vt 0.831098 0.796543
vt 0.847735 0.785469
vt 0.851271 0.806657
vt 0.842395 0.799263
vt 0.761949 0.768884
vt 0.745252 0.771360
vt 0.877911 0.970900
vt 0.891957 0.964628
vt 0.894164 0.979578
vt 0.865546 0.979998
vt 0.865601 0.972894
vt 0.891100 0.938972
vt 0.896314 0.948243
vt 0.869281 0.939314
vt 0.811158 0.956785
vt 0.846452 0.955095
vt 0.850316 0.973445
vt 0.821634 0.938545
vt 0.804369 0.930749
vt 0.821593 0.936117
vt 0.802392 0.932523
vt 0.795923 0.930506
vt 0.795426 0.932782
vt 0.786625 0.935688
vt 0.757898 0.604324
vt 0.763958 0.601882
vt 0.764783 0.603661
vt 0.758550 0.606184
vt 0.620242 0.063458
vt 0.631634 0.075754
vt 0.617000 0.073425
vt 0.633974 0.067794
vt 0.968190 0.894480
vt 0.967151 0.904456
vt 0.951416 0.900535
vt 0.981046 0.919559
vt 0.965755 0.921481
vt 0.979069 0.903587
vt 0.907703 0.882435
vt 0.924130 0.880809
vt 0.924312 0.897235
vt 0.938892 0.897893
vt 0.932464 0.903814
vt 0.924296 0.904796
vt 0.921669 0.458494
vt 0.918386 0.452476
vt 0.918870 0.445990
vt 0.914541 0.454327
vt 0.913847 0.459931
vt 0.625742 0.048990
vt 0.638217 0.056685
vt 0.838295 0.113141
vt 0.835462 0.091889
vt 0.842697 0.091654
vt 0.840479 0.133067
vt 0.833514 0.134062
vt 0.313802 0.293723
vt 0.324062 0.232726
vt 0.296327 0.237563
vt 0.829194 0.109836
vt 0.822462 0.134218
vt 0.550004 0.385244
vt 0.537580 0.421669
vt 0.538030 0.382231
vt 0.785843 0.879147
vt 0.776598 0.882255
vt 0.775040 0.877673
vt 0.795509 0.877423
vt 0.779726 0.724269
vt 0.765107 0.726953
vt 0.781144 0.721769
vt 0.779258 0.718405
vt 0.769097 0.722931
vt 0.764820 0.716314
vt 0.777742 0.889034
vt 0.790049 0.883906
vt 0.797988 0.879832
vt 0.796681 0.883708
vt 0.761435 0.725233
vt 0.760479 0.721627
vt 0.765988 0.880589
vt 0.758807 0.884050
vt 0.756648 0.877678
vt 0.761478 0.893870
vt 0.761758 0.718192
vt 0.752844 0.713901
vt 0.744237 0.565813
vt 0.741032 0.554025
vt 0.751710 0.562688
vt 0.745472 0.422517
vt 0.744678 0.420862
vt 0.745414 0.419469
vt 0.743739 0.422429
vt 0.743683 0.418252
vt 0.761331 0.640920
vt 0.763430 0.641365
vt 0.764290 0.644277
vt 0.756589 0.641463
vt 0.754569 0.632517
vt 0.751457 0.884873
vt 0.786469 0.562012
vt 0.782647 0.556019
vt 0.786792 0.555538
vt 0.768217 0.639196
vt 0.772214 0.632536
vt 0.771625 0.639222
vt 0.794199 0.987073
vt 0.803460 0.988779
vt 0.793509 0.989441
vt 0.803397 0.986647
vt 0.763551 0.666558
vt 0.763712 0.664155
vt 0.771609 0.665554
vt 0.599405 0.429023
vt 0.600246 0.417315
vt 0.600246 0.428427
vt 0.801512 0.937687
vt 0.813380 0.987510
vt 0.830932 0.982102
vt 0.814449 0.989447
vt 0.837738 0.930549
vt 0.839188 0.932537
vt 0.787172 0.874280
vt 0.796560 0.873899
vt 0.787164 0.876969
vt 0.797232 0.876561
vt 0.860662 0.424432
vt 0.860760 0.414366
vt 0.865312 0.412917
vt 0.865310 0.424600
vt 0.812312 0.974067
vt 0.819423 0.974469
vt 0.804018 0.960510
vt 0.764995 0.689753
vt 0.772221 0.698578
vt 0.771511 0.699798
vt 0.764729 0.691496
vt 0.767168 0.561179
vt 0.761218 0.554014
vt 0.770934 0.578453
vt 0.757629 0.577378
vt 0.772133 0.577381
vt 0.856049 0.386509
vt 0.856049 0.374939
vt 0.856930 0.387016
vt 0.818093 0.942000
vt 0.845245 0.939231
vt 0.770706 0.832431
vt 0.762996 0.837899
vt 0.762984 0.830289
vt 0.811276 0.953284
vt 0.811726 0.938914
vt 0.809287 0.950231
vt 0.814362 0.945798
vt 0.821715 0.982077
vt 0.772119 0.589449
vt 0.770940 0.589850
vt 0.859355 0.982511
vt 0.858314 0.972710
vt 0.768119 0.704980
vt 0.775417 0.704543
vt 0.781140 0.706900
vt 0.776064 0.713518
vt 0.746325 0.713735
vt 0.850272 0.987492
vt 0.830974 0.984390
vt 0.879331 0.952351
vt 0.864968 0.945977
vt 0.876532 0.959094
vt 0.855682 0.961361
vt 0.771193 0.605910
vt 0.977500 0.826003
vt 0.976561 0.809070
vt 0.983366 0.808885
vt 0.978202 0.844781
vt 0.980344 0.859703
vt 0.971296 0.861280
vt 0.691160 0.078869
vt 0.716997 0.089170
vt 0.673242 0.081307
vt 0.677557 0.069086
vt 0.718945 0.083233
vt 0.973325 0.436981
vt 0.952735 0.444751
vt 0.949912 0.435844
vt 0.995933 0.431368
vt 0.928900 0.955671
vt 0.934842 0.943588
vt 0.931928 0.986846
vt 0.923709 0.990790
vt 0.928154 0.975719
vt 0.776236 0.989406
vt 0.778198 0.986826
vt 0.783812 0.986820
vt 0.813372 0.989440
vt 0.812777 0.987110
vt 0.751680 0.699801
vt 0.751092 0.698582
vt 0.956975 0.457306
vt 0.938369 0.451106
vt 0.655380 0.084845
vt 0.670803 0.089643
vt 0.959515 0.857346
vt 0.969650 0.878935
vt 0.955389 0.874237
vt 0.967842 0.833820
vt 0.967638 0.807229
vt 0.698076 0.088525
vt 0.716217 0.093294
vt 0.973407 0.446388
vt 0.914800 0.943657
vt 0.920206 0.959938
vt 0.920102 0.989490
vt 0.934567 0.440886
vt 0.928793 0.913018
vt 0.939385 0.905888
vt 0.924240 0.924280
vt 0.917603 0.927382
vt 0.910926 0.907808
vt 0.930032 0.459190
vt 0.943724 0.465007
vt 0.924978 0.469601
vt 0.933970 0.462529
vt 0.923940 0.942181
vt 0.912594 0.926197
vt 0.933378 0.926442
vt 0.936894 0.926542
vt 0.658469 0.075377
vt 0.945631 0.916334
vt 0.980464 0.894486
vt 0.663671 0.061776
vt 0.650298 0.067174
vt 0.641868 0.072201
vt 0.645400 0.060796
vt 0.976424 0.882831
vt 0.980626 0.876987
vt 0.972979 0.888204
vt 0.957864 0.884781
vt 0.951647 0.890997
vt 0.963932 0.886055
vt 0.640218 0.080325
vt 0.877310 0.471628
vt 0.888279 0.462586
vt 0.878678 0.463368
vt 0.896492 0.453221
vt 0.899620 0.463505
vt 0.916408 0.846034
vt 0.923655 0.853515
vt 0.905807 0.856079
vt 0.978021 0.946428
vt 0.981769 0.939849
vt 0.986135 0.954487
vt 0.962715 0.944708
vt 0.970736 0.942056
vt 0.962985 0.952527
vt 0.971366 0.949842
vt 0.971634 0.952366
vt 0.588274 0.041524
vt 0.601449 0.050927
vt 0.598889 0.063134
vt 0.586274 0.054891
vt 0.952653 0.926999
vt 0.964150 0.939592
vt 0.940907 0.936468
vt 0.596099 0.038241
vt 0.605202 0.034441
vt 0.905647 0.478749
vt 0.877538 0.491871
vt 0.873498 0.483246
vt 0.868952 0.491566
vt 0.949253 0.941506
vt 0.938252 0.950169
vt 0.952090 0.947042
vt 0.932511 0.844713
vt 0.945898 0.837058
vt 0.944834 0.855738
vt 0.580919 0.055726
vt 0.584144 0.051757
vt 0.572419 0.052388
vt 0.576717 0.048923
vt 0.569372 0.035031
vt 0.576494 0.042537
vt 0.987424 0.957035
vt 0.979674 0.957755
vt 0.990952 0.964057
vt 0.962783 0.957212
vt 0.520818 0.081566
vt 0.944770 0.958657
vt 0.949092 0.964223
vt 0.934559 0.966102
vt 0.944533 0.951796
vt 0.936881 0.955918
vt 0.954930 0.951132
vt 0.953641 0.957020
vt 0.962016 0.963728
vt 0.956226 0.961665
vt 0.920022 0.901351
vt 0.911627 0.898503
vt 0.914691 0.902267
vt 0.910653 0.450832
vt 0.815202 0.720914
vt 0.807926 0.725042
vt 0.792802 0.725149
vt 0.841099 0.720844
vt 0.793071 0.719840
vt 0.890883 0.639799
vt 0.888372 0.715771
vt 0.889223 0.709455
vt 0.893300 0.714018
vt 0.770759 0.672691
vt 0.764835 0.671918
vt 0.772317 0.666749
vt 0.859819 0.715544
vt 0.838126 0.714481
vt 0.571150 0.541535
vt 0.571903 0.537955
vt 0.573103 0.547379
vt 0.565649 0.543100
vt 0.563952 0.537761
vt 0.569559 0.543882
vt 0.772270 0.649777
vt 0.776316 0.632556
vt 0.790950 0.636305
vt 0.840336 0.077139
vt 0.833786 0.058225
vt 0.839066 0.057582
vt 0.838018 0.029758
vt 0.834264 0.024021
vt 0.572153 0.457731
vt 0.567660 0.529073
vt 0.568274 0.510518
vt 0.564240 0.525368
vt 0.571144 0.344004
vt 0.837911 0.178895
vt 0.836569 0.156268
vt 0.846620 0.177111
vt 0.568011 0.363546
vt 0.567958 0.385294
vt 0.562034 0.270593
vt 0.557976 0.257864
vt 0.568002 0.251497
vt 0.564667 0.280935
vt 0.844163 0.251666
vt 0.847056 0.229577
vt 0.849641 0.270643
vt 0.838957 0.246195
vt 0.563092 0.227585
vt 0.561984 0.201819
vt 0.559777 0.244476
vt 0.556468 0.237200
vt 0.547665 0.209605
vt 0.554977 0.219494
vt 0.827245 0.320823
vt 0.847347 0.324762
vt 0.542102 0.205001
vt 0.554768 0.190225
vt 0.512603 0.197708
vt 0.520234 0.201374
vt 0.538819 0.196478
vt 0.790206 0.307307
vt 0.784709 0.308299
vt 0.810600 0.298500
vt 0.813244 0.305712
vt 0.804459 0.298796
vt 0.811037 0.307916
vt 0.801260 0.311841
vt 0.798690 0.304447
vt 0.815463 0.315319
vt 0.836433 0.311141
vt 0.373686 0.398175
vt 0.353715 0.398765
vt 0.631434 0.091143
vt 0.623784 0.093024
vt 0.628237 0.085557
vt 0.620920 0.087439
vt 0.666249 0.353078
vt 0.331758 0.316348
vt 0.341200 0.319862
vt 0.645322 0.229115
vt 0.652420 0.235995
vt 0.655483 0.226413
vt 0.660878 0.243259
vt 0.662470 0.281470
vt 0.669932 0.290809
vt 0.655214 0.294808
vt 0.650553 0.279187
vt 0.663760 0.263062
vt 0.938471 0.545571
vt 0.947875 0.568123
vt 0.669074 0.316718
vt 0.665328 0.328314
vt 0.663253 0.307918
vt 0.671052 0.308122
vt 0.680383 0.322242
vt 0.663663 0.298295
vt 0.626914 0.112361
vt 0.628008 0.122496
vt 0.628770 0.100154
vt 0.625433 0.102465
vt 0.650967 0.197134
vt 0.641986 0.199285
vt 0.337471 0.327988
vt 0.333814 0.336513
vt 0.346605 0.335204
vt 0.656270 0.258514
vt 0.676290 0.328295
vt 0.669870 0.331489
vt 0.680691 0.325243
vt 0.670283 0.328575
vt 0.377026 0.425416
vt 0.369449 0.410693
vt 0.359914 0.416730
vt 0.361783 0.402203
vt 0.646397 0.210789
vt 0.650580 0.213825
vt 0.643148 0.215120
vt 0.646372 0.204248
vt 0.700277 0.415299
vt 0.695279 0.413810
vt 0.692123 0.409654
vt 0.688918 0.403979
vt 0.702581 0.412807
vt 0.700632 0.403249
vt 0.705542 0.410647
vt 0.695330 0.406985
vt 0.648622 0.222512
vt 0.881187 0.632549
vt 0.836992 0.634414
vt 0.806098 0.731333
vt 0.822167 0.736486
vt 0.785127 0.735752
vt 0.791990 0.729085
vt 0.840428 0.724518
vt 0.839129 0.729235
vt 0.886326 0.726080
vt 0.886179 0.729348
vt 0.882124 0.727351
vt 0.886572 0.720136
vt 0.579678 0.101857
vt 0.574011 0.102985
vt 0.580084 0.098766
vt 0.626150 0.131139
vt 0.639368 0.204946
vt 0.635464 0.201140
vt 0.636616 0.209367
vt 0.625443 0.117439
vt 0.622284 0.113384
vt 0.870620 0.727450
vt 0.836612 0.736687
vt 0.874610 0.723115
vt 0.855712 0.730250
vt 0.849155 0.726371
vt 0.854857 0.723480
vt 0.867395 0.722098
vt 0.887037 0.717437
vt 0.378117 0.354406
vt 0.638632 0.223991
vt 0.633546 0.218275
vt 0.638302 0.216493
vt 0.634115 0.232092
vt 0.657932 0.333461
vt 0.651159 0.334437
vt 0.658171 0.329604
vt 0.393992 0.415226
vt 0.406270 0.424810
vt 0.386795 0.406804
vt 0.652890 0.315326
vt 0.658971 0.308571
vt 0.647112 0.323095
vt 0.643010 0.312227
vt 0.640306 0.307624
vt 0.380703 0.383745
vt 0.386662 0.373094
vt 0.637592 0.278137
vt 0.645967 0.285293
vt 0.647278 0.297202
vt 0.636409 0.299742
vt 0.649195 0.416095
vt 0.655033 0.419166
vt 0.648396 0.428634
vt 0.656002 0.408038
vt 0.827936 0.377143
vt 0.826503 0.400907
vt 0.831791 0.378072
vt 0.667031 0.438765
vt 0.666578 0.440567
vt 0.661731 0.437621
vt 0.661239 0.439031
vt 0.657229 0.435784
vt 0.667386 0.430576
vt 0.663329 0.433027
vt 0.657171 0.429672
vt 0.671146 0.435833
vt 0.665536 0.436439
vt 0.674197 0.431222
vt 0.592975 0.096954
vt 0.599422 0.094288
vt 0.602037 0.097134
vt 0.583978 0.098462
vt 0.361563 0.122470
vt 0.366822 0.129490
vt 0.342820 0.125291
vt 0.308555 0.121874
vt 0.322411 0.126384
vt 0.838676 0.665903
vt 0.796210 0.666486
vt 0.840916 0.704250
vt 0.815006 0.712821
vt 0.791896 0.709983
vt 0.814823 0.706533
vt 0.615379 0.101072
vt 0.610038 0.096286
vt 0.384682 0.141035
vt 0.371332 0.145697
vt 0.366753 0.142249
vt 0.397738 0.140188
vt 0.374368 0.148021
vt 0.421267 0.130720
vt 0.417587 0.133795
vt 0.404567 0.136086
vt 0.428299 0.131408
vt 0.819602 0.724470
vt 0.396220 0.125164
vt 0.417966 0.121899
vt 0.423181 0.126335
vt 0.756971 0.666677
vt 0.744752 0.673364
vt 0.746096 0.666666
vt 0.755611 0.672790
vt 0.750995 0.675422
vt 0.743660 0.679261
vt 0.862195 0.707562
vt 0.289117 0.162118
vt 0.313037 0.161401
vt 0.324515 0.142827
vt 0.349154 0.138167
vt 0.560354 0.547525
vt 0.554004 0.519688
vt 0.551781 0.537983
vt 0.548067 0.509122
vt 0.555325 0.510465
vt 0.559042 0.537600
vt 0.592345 0.101251
vt 0.821951 0.018501
vt 0.824484 0.030498
vt 0.815091 0.032680
vt 0.816703 0.006142
vt 0.840507 0.029426
vt 0.841575 0.056755
vt 0.546039 0.483590
vt 0.539949 0.455546
vt 0.551753 0.457741
vt 0.294477 0.188646
vt 0.317119 0.188000
vt 0.298030 0.216600
vt 0.817219 0.121250
vt 0.809742 0.138777
vt 0.808145 0.096488
vt 0.815076 0.105170
vt 0.821880 0.093500
vt 0.534436 0.360255
vt 0.328079 0.316624
vt 0.550906 0.423961
vt 0.573930 0.423933
vt 0.817452 0.049964
vt 0.821788 0.058765
vt 0.809666 0.061808
vt 0.633377 0.201516
vt 0.631370 0.218515
vt 0.650209 0.168844
vt 0.651362 0.181425
vt 0.652381 0.168233
vt 0.653331 0.196458
vt 0.652321 0.187507
vt 0.629589 0.154625
vt 0.628536 0.150111
vt 0.630550 0.158475
vt 0.630091 0.163551
vt 0.546545 0.443504
vt 0.540436 0.436052
vt 0.551919 0.438563
vt 0.818448 0.072660
vt 0.822725 0.078096
vt 0.810329 0.077870
vt 0.814658 0.067404
vt 0.325287 0.215742
vt 0.834111 0.077766
vt 0.571733 0.438216
vt 0.837588 0.002913
vt 0.814395 0.146808
vt 0.812969 0.161102
vt 0.807041 0.162625
vt 0.832812 0.700705
vt 0.804906 0.704600
vt 0.781291 0.703812
vt 0.831525 0.703082
vt 0.824035 0.704905
vt 0.802866 0.706006
vt 0.561307 0.523639
vt 0.555346 0.537906
vt 0.552867 0.548031
vt 0.385496 0.355501
vt 0.664664 0.241953
vt 0.658249 0.225850
vt 0.805850 0.181871
vt 0.821993 0.200047
vt 0.802242 0.204330
vt 0.632640 0.224995
vt 0.816309 0.172178
vt 0.822241 0.178413
vt 0.551687 0.495440
vt 0.652904 0.212997
vt 0.539392 0.350154
vt 0.329580 0.336088
vt 0.541902 0.280684
vt 0.518537 0.272589
vt 0.539276 0.269877
vt 0.554995 0.278610
vt 0.546220 0.265645
vt 0.549349 0.288223
vt 0.818673 0.255882
vt 0.825483 0.248942
vt 0.826241 0.260104
vt 0.820183 0.221827
vt 0.808260 0.223030
vt 0.799821 0.222243
vt 0.801469 0.272202
vt 0.789176 0.278253
vt 0.802615 0.263937
vt 0.809772 0.275702
vt 0.814779 0.291906
vt 0.794999 0.252935
vt 0.540773 0.236315
vt 0.531036 0.233664
vt 0.542405 0.216570
vt 0.549924 0.247861
vt 0.542094 0.251374
vt 0.535599 0.245881
vt 0.948230 0.519102
vt 0.942182 0.534607
vt 0.942777 0.529136
vt 0.955185 0.502033
vt 0.942232 0.520872
vt 0.935955 0.536982
vt 0.947638 0.499085
vt 0.950416 0.501015
vt 0.637066 0.336642
vt 0.635781 0.333549
vt 0.638747 0.332780
vt 0.640030 0.338911
vt 0.637533 0.340808
vt 0.674116 0.288391
vt 0.684763 0.320150
vt 0.409830 0.401221
vt 0.402252 0.398748
vt 0.803148 0.289007
vt 0.794927 0.282527
vt 0.529644 0.267396
vt 0.509830 0.250404
vt 0.516139 0.245795
vt 0.514422 0.262860
vt 0.525153 0.241548
vt 0.526273 0.258293
vt 0.631994 0.300425
vt 0.641786 0.332848
vt 0.347430 0.406367
vt 0.402270 0.386808
vt 0.393413 0.372332
vt 0.803269 0.246076
vt 0.802947 0.227631
vt 0.814229 0.233953
vt 0.805253 0.236295
vt 0.512230 0.214152
vt 0.526591 0.226483
vt 0.710822 0.418763
vt 0.715225 0.419815
vt 0.713266 0.422797
vt 0.718549 0.419445
vt 0.717894 0.425452
vt 0.719914 0.411078
vt 0.719706 0.417494
vt 0.717279 0.416041
vt 0.720033 0.423878
vt 0.828660 0.480217
vt 0.805118 0.482642
vt 0.805429 0.474387
vt 0.826897 0.467564
vt 0.800832 0.466381
vt 0.687607 0.327545
vt 0.684004 0.324023
vt 0.684780 0.347388
vt 0.533748 0.057890
vt 0.562369 0.050834
vt 0.915331 0.869507
vt 0.516112 0.109016
vt 0.546456 0.124559
vt 0.524824 0.126682
vt 0.797149 0.378064
vt 0.783572 0.380702
vt 0.809923 0.377503
vt 0.712860 0.409631
vt 0.796068 0.451613
vt 0.808837 0.445813
vt 0.811054 0.456535
vt 0.824630 0.450363
vt 0.346309 0.426167
vt 0.346977 0.414224
vt 0.547040 0.164622
vt 0.802988 0.327284
vt 0.678276 0.412675
vt 0.685827 0.417200
vt 0.832293 0.286232
vt 0.839122 0.266478
vt 0.658411 0.369207
vt 0.960231 0.596533
vt 0.957123 0.589297
vt 0.852288 0.475374
vt 0.851072 0.467657
vt 0.858626 0.469023
vt 0.864861 0.480277
vt 0.866501 0.470446
vt 0.859530 0.481090
vt 0.856624 0.474145
vt 0.862429 0.474455
vt 0.851948 0.482429
vt 0.853541 0.486188
vt 0.228962 0.690222
vt 0.218183 0.695405
vt 0.195944 0.638218
vt 0.207894 0.715824
vt 0.228622 0.718322
vt 0.224540 0.739438
vt 0.194190 0.745305
vt 0.214166 0.765353
vt 0.225408 0.755960
vt 0.193468 0.796349
vt 0.337562 0.741313
vt 0.354563 0.715525
vt 0.369940 0.746326
vt 0.337523 0.687827
vt 0.360984 0.645691
vt 0.353482 0.762286
vt 0.367721 0.802479
vt 0.336668 0.757028
vt 0.181596 0.721990
vt 0.171712 0.739631
vt 0.183525 0.675592
vt 0.171377 0.721482
vt 0.034375 0.708604
vt 0.020563 0.740697
vt 0.020109 0.639489
vt 0.033661 0.667013
vt 0.044652 0.684436
vt 0.168730 0.685346
vt 0.129519 0.664780
vt 0.089784 0.681159
vt 0.062307 0.662797
vt 0.168736 0.760088
vt 0.183871 0.762123
vt 0.085890 0.760777
vt 0.020525 0.800663
vt 0.041899 0.763101
vt 0.589248 0.959678
vt 0.581487 0.941328
vt 0.602872 0.970413
vt 0.564522 0.938136
vt 0.563235 0.928149
vt 0.586446 0.931318
vt 0.331328 0.887603
vt 0.193904 0.887954
vt 0.340843 0.865853
vt 0.727493 0.954458
vt 0.719521 0.942623
vt 0.733184 0.934456
vt 0.704423 0.964021
vt 0.698683 0.952258
vt 0.684498 0.980507
vt 0.624668 0.950255
vt 0.630794 0.978161
vt 0.134433 0.022271
vt 0.141667 0.017285
vt 0.140664 0.032260
vt 0.081116 0.032014
vt 0.064744 0.022387
vt 0.099797 0.017575
vt 0.098907 0.046169
vt 0.543904 0.939728
vt 0.546488 0.945280
vt 0.505875 0.977557
vt 0.536294 0.933706
vt 0.520869 0.954077
vt 0.380843 0.960639
vt 0.408686 0.966180
vt 0.392533 0.956862
vt 0.478666 0.985133
vt 0.055568 0.024551
vt 0.059127 0.016802
vt 0.055201 0.039350
vt 0.135211 0.142098
vt 0.101717 0.112830
vt 0.140561 0.118642
vt 0.147606 0.130646
vt 0.162739 0.117716
vt 0.156066 0.141619
vt 0.064264 0.112561
vt 0.063983 0.118411
vt 0.044806 0.112070
vt 0.044447 0.117522
vt 0.465620 0.829684
vt 0.480067 0.833809
vt 0.430445 0.833816
vt 0.394542 0.833874
vt 0.430117 0.826670
vt 0.393621 0.826823
vt 0.493465 0.832583
vt 0.151658 0.629835
vt 0.195120 0.619772
vt 0.026009 0.626803
vt 0.079128 0.629133
vt 0.092095 0.624178
vt 0.507719 0.827098
vt 0.546653 0.835948
vt 0.493509 0.823192
vt 0.525635 0.824759
vt 0.547593 0.828535
vt 0.681746 0.830271
vt 0.682318 0.822909
vt 0.717467 0.823091
vt 0.632650 0.829480
vt 0.620188 0.822978
vt 0.645856 0.824927
vt 0.618833 0.829295
vt 0.324930 0.629307
vt 0.361170 0.624336
vt 0.370490 0.640977
vt 0.245933 0.629240
vt 0.566690 0.828743
vt 0.127525 0.171536
vt 0.100919 0.142917
vt 0.576757 0.791066
vt 0.617803 0.790821
vt 0.600143 0.803286
vt 0.195600 0.543626
vt 0.314751 0.554196
vt 0.721562 0.792141
vt 0.683480 0.793500
vt 0.657796 0.806029
vt 0.140388 0.153775
vt 0.144878 0.168759
vt 0.146644 0.157279
vt 0.554045 0.795636
vt 0.549732 0.812687
vt 0.529393 0.811181
vt 0.494240 0.793777
vt 0.050251 0.590264
vt 0.075723 0.552709
vt 0.390022 0.799104
vt 0.427843 0.796033
vt 0.453705 0.812383
vt 0.057600 0.128204
vt 0.051401 0.140422
vt 0.068617 0.142171
vt 0.325427 0.535415
vt 0.338756 0.569018
vt 0.332500 0.557253
vt 0.337711 0.571583
vt 0.336377 0.574803
vt 0.302786 0.529531
vt 0.315016 0.529030
vt 0.288206 0.511868
vt 0.321130 0.516520
vt 0.241839 0.430865
vt 0.240264 0.433098
vt 0.211176 0.443585
vt 0.649692 0.892597
vt 0.671845 0.885272
vt 0.690216 0.895763
vt 0.659112 0.884568
vt 0.673219 0.878806
vt 0.665171 0.865907
vt 0.679810 0.860678
vt 0.686647 0.877965
vt 0.661017 0.852692
vt 0.670732 0.837666
vt 0.648842 0.873532
vt 0.646191 0.893576
vt 0.635118 0.901374
vt 0.644140 0.876004
vt 0.690874 0.896085
vt 0.638709 0.854243
vt 0.638994 0.835371
vt 0.505179 0.716441
vt 0.503989 0.737902
vt 0.488773 0.683011
vt 0.513843 0.686368
vt 0.014722 0.214410
vt 0.016825 0.166611
vt 0.026381 0.210755
vt 0.375944 0.640697
vt 0.374245 0.640479
vt 0.371584 0.627134
vt 0.502754 0.671080
vt 0.494457 0.666741
vt 0.514343 0.663683
vt 0.508188 0.677476
vt 0.274347 0.493695
vt 0.325147 0.472443
vt 0.327330 0.498722
vt 0.283809 0.423406
vt 0.297435 0.444881
vt 0.270361 0.477145
vt 0.327429 0.419500
vt 0.313953 0.452000
vt 0.472904 0.840392
vt 0.458768 0.837380
vt 0.435309 0.840355
vt 0.475713 0.872169
vt 0.470894 0.880659
vt 0.425531 0.882557
vt 0.421567 0.899859
vt 0.470138 0.899899
vt 0.413291 0.906415
vt 0.472707 0.906739
vt 0.149204 0.201680
vt 0.140056 0.202225
vt 0.141067 0.190950
vt 0.133052 0.179228
vt 0.143631 0.176448
vt 0.135943 0.175175
vt 0.144808 0.180687
vt 0.101376 0.202500
vt 0.102056 0.181423
vt 0.072159 0.180906
vt 0.415708 0.717408
vt 0.382792 0.718608
vt 0.375752 0.707447
vt 0.415506 0.707503
vt 0.392984 0.707772
vt 0.171864 0.210620
vt 0.163402 0.213435
vt 0.474313 0.717372
vt 0.449669 0.707136
vt 0.466147 0.707520
vt 0.262394 0.354336
vt 0.255207 0.377050
vt 0.254226 0.354393
vt 0.638809 0.704318
vt 0.637916 0.713837
vt 0.635035 0.704279
vt 0.275096 0.328650
vt 0.284525 0.308231
vt 0.282841 0.354220
vt 0.671195 0.725873
vt 0.692219 0.740498
vt 0.654546 0.744115
vt 0.700869 0.712910
vt 0.702972 0.727081
vt 0.102154 0.171817
vt 0.717634 0.729035
vt 0.722551 0.741341
vt 0.729236 0.714818
vt 0.284531 0.400741
vt 0.465631 0.744385
vt 0.419707 0.744422
vt 0.063022 0.179884
vt 0.063927 0.201982
vt 0.057728 0.200200
vt 0.077613 0.171537
vt 0.478508 0.744723
vt 0.399392 0.731198
vt 0.388388 0.745979
vt 0.057182 0.050233
vt 0.049492 0.034044
vt 0.041996 0.047977
vt 0.494945 0.945800
vt 0.497709 0.917707
vt 0.476177 0.914682
vt 0.376630 0.937470
vt 0.388008 0.926886
vt 0.406118 0.929936
vt 0.120548 0.849141
vt 0.203278 0.820151
vt 0.517787 0.932779
vt 0.554660 0.916540
vt 0.056095 0.077604
vt 0.038779 0.077204
vt 0.044969 0.059581
vt 0.055042 0.058778
vt 0.045234 0.058239
vt 0.557984 0.676932
vt 0.493703 0.906251
vt 0.377373 0.880256
vt 0.008150 0.425385
vt 0.003339 0.402556
vt 0.070780 0.421425
vt 0.527123 0.892919
vt 0.551952 0.881143
vt 0.553333 0.906990
vt 0.492928 0.881289
vt 0.097618 0.058970
vt 0.050919 0.054231
vt 0.197780 0.160634
vt 0.185722 0.132991
vt 0.222668 0.154836
vt 0.210183 0.190680
vt 0.194310 0.189849
vt 0.193238 0.216183
vt 0.185646 0.180144
vt 0.412729 0.750463
vt 0.388645 0.751080
vt 0.390261 0.757280
vt 0.064055 0.157254
vt 0.064011 0.170925
vt 0.266288 0.098122
vt 0.283586 0.066470
vt 0.285238 0.116683
vt 0.247488 0.127783
vt 0.251526 0.064921
vt 0.051576 0.094719
vt 0.450114 0.778755
vt 0.479794 0.757268
vt 0.427842 0.756942
vt 0.375389 0.627591
vt 0.375841 0.599110
vt 0.201642 0.087034
vt 0.198883 0.126545
vt 0.186164 0.107679
vt 0.174710 0.126330
vt 0.173002 0.066222
vt 0.492619 0.757014
vt 0.251309 0.207584
vt 0.240658 0.202624
vt 0.259265 0.174355
vt 0.232966 0.221817
vt 0.220816 0.231207
vt 0.261270 0.219223
vt 0.246885 0.222643
vt 0.240034 0.223764
vt 0.057316 0.209969
vt 0.100240 0.210559
vt 0.233711 0.402636
vt 0.255056 0.409274
vt 0.209474 0.436952
vt 0.202752 0.352307
vt 0.216180 0.384069
vt 0.228406 0.366262
vt 0.233600 0.379676
vt 0.097399 0.229271
vt 0.162409 0.206733
vt 0.157802 0.147971
vt 0.063473 0.175713
vt 0.485150 0.912603
vt 0.447595 0.560723
vt 0.430611 0.628653
vt 0.405043 0.613625
vt 0.379788 0.601640
vt 0.394945 0.602975
vt 0.379772 0.610960
vt 0.055773 0.885898
vt 0.083911 0.945444
vt 0.043395 0.961378
vt 0.106067 0.924368
vt 0.143546 0.888760
vt 0.155798 0.947617
vt 0.114892 0.390947
vt 0.131390 0.411299
vt 0.192377 0.406127
vt 0.007867 0.348029
vt 0.082946 0.352823
vt 0.068464 0.372129
vt 0.193253 0.350727
vt 0.150134 0.366795
vt 0.216932 0.105450
vt 0.098822 0.077801
vt 0.371127 0.920088
vt 0.379192 0.912371
vt 0.397256 0.909407
vt 0.396311 0.914407
vt 0.026604 0.813347
vt 0.033367 0.821800
vt 0.227985 0.177223
vt 0.243950 0.165902
vt 0.227954 0.199309
vt 0.554257 0.912678
vt 0.078638 0.016551
vt 0.100917 0.003074
vt 0.172084 0.486503
vt 0.195753 0.451978
vt 0.156443 0.524349
vt 0.139900 0.467963
vt 0.124250 0.505247
vt 0.160132 0.460178
vt 0.527862 0.765029
vt 0.553410 0.757799
vt 0.539849 0.781791
vt 0.510304 0.777682
vt 0.139658 0.050313
vt 0.157503 0.048555
vt 0.695899 0.912355
vt 0.621723 0.925651
vt 0.614646 0.916259
vt 0.635728 0.910609
vt 0.726568 0.924161
vt 0.708262 0.909970
vt 0.738823 0.914540
vt 0.707824 0.931219
vt 0.347394 0.846353
vt 0.163430 0.076896
vt 0.141047 0.058564
vt 0.004359 0.138829
vt 0.011424 0.127944
vt 0.016450 0.142054
vt 0.011481 0.117310
vt 0.016470 0.114432
vt 0.193500 0.325391
vt 0.190925 0.343193
vt 0.006204 0.343025
vt 0.559117 0.900606
vt 0.560749 0.875534
vt 0.618810 0.878907
vt 0.146845 0.055763
vt 0.527873 0.646409
vt 0.537274 0.663696
vt 0.515640 0.662695
vt 0.515337 0.593136
vt 0.524570 0.622691
vt 0.513228 0.634221
vt 0.542016 0.595119
vt 0.548161 0.610450
vt 0.539210 0.641938
vt 0.701099 0.748504
vt 0.718720 0.755094
vt 0.684166 0.754127
vt 0.721420 0.747617
vt 0.268331 0.046119
vt 0.244657 0.037274
vt 0.162591 0.111963
vt 0.140312 0.112579
vt 0.150763 0.095998
vt 0.663902 0.906725
vt 0.633778 0.789549
vt 0.620015 0.752795
vt 0.184955 0.033050
vt 0.173781 0.006547
vt 0.198516 0.006185
vt 0.200385 0.066146
vt 0.449066 0.631050
vt 0.466840 0.650415
vt 0.459237 0.645015
vt 0.469600 0.629384
vt 0.471269 0.647183
vt 0.467389 0.596785
vt 0.202215 0.351095
vt 0.223369 0.341186
vt 0.227571 0.353992
vt 0.216098 0.316177
vt 0.216169 0.288496
vt 0.227312 0.279931
vt 0.233635 0.298566
vt 0.246543 0.306046
vt 0.196967 0.259273
vt 0.137175 0.244661
vt 0.135232 0.223653
vt 0.129819 0.206663
vt 0.145585 0.210473
vt 0.544203 0.670140
vt 0.556154 0.640611
vt 0.578912 0.622253
vt 0.562292 0.593908
vt 0.533359 0.668528
vt 0.539463 0.675580
vt 0.717849 0.775236
vt 0.627310 0.908889
vt 0.619961 0.901146
vt 0.392439 0.650513
vt 0.379807 0.656442
vt 0.379772 0.647025
vt 0.414853 0.669553
vt 0.415977 0.644819
vt 0.379727 0.628858
vt 0.228162 0.947980
vt 0.266325 0.907912
vt 0.324331 0.931372
vt 0.289357 0.954770
vt 0.339065 0.962866
vt 0.703875 0.858229
vt 0.716450 0.830242
vt 0.126661 0.304011
vt 0.070534 0.284310
vt 0.144993 0.283684
vt 0.010876 0.299942
vt 0.215949 0.028415
vt 0.247511 0.004954
vt 0.231526 0.048616
vt 0.564475 0.846141
vt 0.729393 0.910088
vt 0.740929 0.905889
vt 0.354974 0.822837
vt 0.489280 0.629738
vt 0.501534 0.650660
vt 0.500936 0.610253
vt 0.496471 0.592251
vt 0.590976 0.905738
vt 0.118846 0.016319
vt 0.253741 0.501574
vt 0.251390 0.468480
vt 0.225376 0.507794
vt 0.231259 0.460539
vt 0.445658 0.628455
vt 0.462846 0.693020
vt 0.593481 0.766638
vt 0.600406 0.772146
vt 0.572842 0.766190
vt 0.557233 0.751798
vt 0.557537 0.790161
vt 0.255354 0.300696
vt 0.153673 0.054591
vt 0.263119 0.305565
vt 0.692145 0.412822
vt 0.837216 0.363818
vt 0.333309 0.250287
vt 0.810805 0.755414
vt 0.925297 0.557450
vt 0.922337 0.550749
vt 0.965823 0.167346
vt 0.941012 0.155018
vt 1.332201 -0.176182
vt 0.835794 0.698866
vt 0.890884 0.693404
vt 1.257900 -0.181488
vt 0.839193 0.900679
vt 0.814775 0.749136
vt 0.829992 0.413005
vt 0.843549 0.439636
vt 1.282295 0.253256
vt 1.270473 0.268779
vt 1.275098 0.269806
vt 0.545536 0.136567
vt 0.635747 0.341338
vt 1.334904 0.178422
vt 0.723745 0.337441
vt 0.950862 0.810997
vt 0.948066 0.825827
vt 0.942304 0.824925
vt 0.779984 0.736993
vt 0.813088 0.741742
vt 0.861828 0.900771
vt 0.887155 0.900731
vt 0.770477 0.729092
vt 0.839147 0.912707
vt 0.849084 0.913274
vt 0.831212 0.530759
vt 0.842206 0.531856
vt 0.781128 0.565783
vt 0.806506 0.606194
vt 0.770802 0.600289
vt 0.771039 0.589848
vt 0.772130 0.590516
vt 0.771887 0.601633
vt 0.634017 0.423560
vt 0.773898 0.632233
vt 0.806518 0.615978
vt 0.801878 0.813325
vt 0.813732 0.819168
vt 1.295008 -0.022147
vt 0.483272 0.422380
vt 0.749307 0.927057
vt 0.745035 0.689756
vt 0.758144 0.679240
vt 0.766263 0.933779
vt 0.771952 0.689543
vt 0.784880 0.927124
vt 0.783520 0.933542
vt 0.773170 0.781600
vt 0.765112 0.894132
vt 0.854547 0.985013
vt 0.859399 0.988903
vt 0.855126 0.988746
vt 0.859481 0.983854
vt 0.763267 0.629640
vt 0.753227 0.780536
vt 0.806521 0.629722
vt 0.804967 0.828208
vt 0.814927 0.828207
vt 0.777955 0.775959
vt 0.771125 0.851539
vt 0.779428 0.865334
vt 0.773486 0.811619
vt 0.774027 0.817128
vt 0.753560 0.815723
vt 0.788466 0.938779
vt 0.788483 0.937666
vt 0.801521 0.938779
vt 0.801833 0.937664
vt 0.729978 0.528683
vt 0.772038 0.657716
vt 0.772211 0.659717
vt 0.756873 0.601644
vt 0.756732 0.600290
vt 0.860660 0.412395
vt 0.790865 0.632322
vt 0.667328 0.415986
vt 0.781772 0.789453
vt 0.354995 0.071121
vt 0.809275 0.926040
vt 0.372808 0.085489
vt 0.378792 0.179200
vt 0.374005 0.185771
vt 0.696236 0.481175
vt 0.324294 0.172671
vt 0.811532 0.578657
vt 0.745383 0.796282
vt 0.451470 0.365074
vt 0.436404 0.203300
vt 1.290029 0.125245
vt 1.283026 0.119595
vt 1.282272 0.032276
vt 1.290476 0.142058
vt 0.881174 0.700734
vt 0.921831 0.310182
vt 1.278091 -0.144178
vt 1.287388 -0.150158
vt 0.971390 0.021548
vt 0.963094 0.087833
vt 0.716857 0.082250
vt 1.270433 0.018807
vt 0.461805 0.232608
vt 0.478983 0.236880
vt 0.502458 0.250346
vt 0.497649 0.250567
vt 1.340098 0.167817
vt 1.338212 0.160170
vt 0.894064 0.384244
vt 0.755595 0.248608
vt 1.258115 0.288476
vt 1.265957 0.318380
vt 1.268859 0.283288
vt 0.762989 0.451757
vt 0.764591 0.462121
vt 1.328543 0.278137
vt 1.326859 0.292834
vt 0.716464 0.487700
vt 0.952859 0.600665
vt 0.666988 0.254472
vt 0.371227 0.366863
vt 0.330352 0.355479
vt 0.883081 0.736555
vt 0.836112 0.809046
vt 0.843891 0.982128
vt 0.786754 0.937654
vt 0.781869 0.873901
vt 0.781533 0.876565
vt 0.917747 0.470985
vt 0.631312 0.173279
vt 0.768867 0.543309
vt 0.786845 0.540108
vt 0.787004 0.545498
vt 0.765134 0.550486
vt 0.752771 0.729078
vt 0.731421 0.556287
vt 0.753024 0.543901
vt 0.749001 0.877431
vt 0.783597 0.561287
vt 0.797887 0.899605
vt 0.780079 0.894154
vt 0.795563 0.894129
vt 0.784760 0.899682
vt 0.850772 0.961894
vt 0.793611 0.989405
vt 0.787946 0.989424
vt 0.793101 0.986742
vt 0.787920 0.986839
vt 0.772211 0.662998
vt 0.599405 0.417172
vt 0.802397 0.935663
vt 0.757362 0.578536
vt 0.856927 0.374722
vt 0.747174 0.706860
vt 0.754234 0.704226
vt 0.745127 0.701767
vt 0.849129 0.989447
vt 0.751991 0.665500
vt 0.754170 0.663198
vt 0.772137 0.604360
vt 0.997406 0.435679
vt 0.972863 0.825824
vt 0.930583 0.918730
vt 0.995198 0.439337
vt 0.997391 0.442297
vt 0.942620 0.882417
vt 0.571671 0.057511
vt 0.979480 0.960371
vt 0.969839 0.961965
vt 0.990124 0.971686
vt 0.870971 0.473921
vt 0.893803 0.720111
vt 0.841401 0.153560
vt 0.831812 0.003350
vt 0.835271 0.003069
vt 0.574412 0.099934
vt 0.626938 0.126598
vt 0.642402 0.335769
vt 0.655540 0.427518
vt 0.650032 0.408553
vt 0.672542 0.439765
vt 0.676480 0.443270
vt 0.657815 0.433650
vt 0.675339 0.437081
vt 0.753926 0.678412
vt 0.896502 0.657840
vt 0.886260 0.665885
vt 0.896483 0.702302
vt 0.891354 0.700742
vt 0.581365 0.104232
vt 0.777881 0.662020
vt 0.824552 0.003764
vt 0.820172 0.158306
vt 0.819376 0.037447
vt 0.559026 0.526311
vt 0.833542 0.246022
vt 0.631291 0.233274
vt 0.827611 0.018220
vt 0.546581 0.229471
vt 0.537583 0.215283
vt 0.528396 0.229225
vt 0.416089 0.425100
vt 0.520265 0.249721
vt 0.813124 0.247968
vt 0.722472 0.424345
vt 0.718804 0.432234
vt 0.721275 0.419017
vt 0.707948 0.404052
vt 0.825229 0.281042
vt 0.820022 0.277195
vt 0.864408 0.470070
vt 0.293111 0.659002
vt 0.289434 0.674064
vt 0.043337 0.738000
vt 0.046720 0.862480
vt 0.149769 0.032716
vt 0.379460 0.950733
vt 0.484433 0.945644
vt 0.520756 0.803105
vt 0.324974 0.554638
vt 0.639778 0.834668
vt 0.302898 0.500937
vt 0.209788 0.443215
vt 0.244085 0.429049
vt 0.496156 0.678137
vt 0.655833 0.833071
vt 0.674412 0.835258
vt 0.514393 0.741990
vt 0.014910 0.164481
vt 0.263113 0.403586
vt 0.254965 0.391953
vt 0.471715 0.707612
vt 0.477985 0.707520
vt 0.233588 0.228213
vt 0.227371 0.234837
vt 0.735990 0.705455
vt 0.702962 0.704977
vt 0.643227 0.704340
vt 0.249839 0.336076
vt 0.633298 0.740689
vt 0.192790 0.428409
vt 0.374771 0.598903
vt 0.216269 0.411079
vt 0.223897 0.232942
vt 0.223685 0.353966
vt 0.191089 0.992044
vt 0.006975 0.385195
vt 0.192680 0.387296
vt 0.233792 0.087629
vt 0.212419 0.223607
vt 0.462877 0.564615
vt 0.285296 0.019087
vt 0.559626 0.919948
vt 0.557207 0.909625
vt 0.471219 0.661181
vt 0.473665 0.661200
vt 0.257066 0.294165
vt 0.262086 0.234004
vt 0.275389 0.294103
vt 0.274183 0.239186
vt 0.458948 0.612404
vt 0.233539 0.322078
vt 0.203347 0.262503
vt 0.448001 0.697591
vt 0.010487 0.268530
vt 0.189833 0.265247
s 1
usemtl Material.002
f 1920/1/1 94/2/2 562/3/3
f 474/4/4 1811/5/5 1895/6/6
f 557/7/7 501/8/8 1880/9/9
f 562/3/3 92/10/10 550/11/11
f 92/10/10 29/12/12 550/11/11
f 562/13/3 550/14/11 26/15/13
f 493/16/14 38/17/15 1846/18/16
f 513/19/17 65/20/18 1847/21/19
f 66/22/20 529/23/21 87/24/22
f 55/25/23 530/26/24 496/27/25
f 27/28/26 92/10/10 94/2/2
f 105/29/27 1779/30/28 518/31/29
f 531/32/30 76/33/31 59/34/32
f 895/35/33 1590/36/34 944/37/35
f 1669/38/36 145/39/37 638/40/38
f 170/41/39 745/42/40 859/43/41
f 1662/44/42 733/45/43 849/46/44
f 951/47/45 736/48/46 850/49/47
f 889/50/48 739/51/49 1605/52/50
f 944/37/35 1590/36/34 742/53/51
f 1446/54/52 194/55/53 163/56/54
f 163/56/54 1640/57/55 166/58/56
f 633/59/57 158/60/58 1562/61/59
f 631/62/60 632/63/61 168/64/62
f 834/65/63 723/66/64 688/67/65
f 206/68/66 167/69/67 632/70/61
f 1534/71/68 902/72/69 174/73/70
f 956/74/71 219/75/72 1513/76/73
f 1465/77/74 751/78/75 1464/79/76
f 1426/80/77 266/81/78 267/82/79
f 152/83/80 753/84/81 701/85/82
f 460/86/83 280/87/84 1012/88/85
f 361/89/86 297/90/87 286/91/88
f 801/92/89 289/93/90 1363/94/91
f 664/95/92 355/96/93 1011/97/94
f 1280/98/95 359/99/96 713/100/97
f 312/101/98 815/102/99 1149/103/100
f 610/104/101 822/105/102 821/106/103
f 879/107/104 387/108/105 1197/109/106
f 437/110/107 399/111/108 432/112/109
f 1175/113/110 399/114/108 393/115/111
f 1153/116/112 420/117/113 616/118/114
f 433/119/115 982/120/116 981/121/117
f 779/122/118 443/123/119 439/124/120
f 780/125/121 369/126/122 771/127/123
f 218/128/124 991/129/125 1104/130/126
f 1003/131/127 451/132/128 279/133/129
f 460/86/83 1016/134/130 1043/135/131
f 1034/136/132 1013/137/133 1021/138/134
f 448/139/135 41/140/136 1024/141/137
f 50/142/138 985/143/139 449/144/140
f 449/144/140 985/143/139 39/145/141
f 969/146/142 1023/147/143 987/148/144
f 969/146/142 449/144/140 1023/147/143
f 449/144/140 39/145/141 1023/147/143
f 969/146/142 987/148/144 272/149/145
f 272/149/145 987/148/144 986/150/146
f 1024/141/137 1392/151/147 273/152/148
f 448/139/135 475/153/149 41/140/136
f 1026/154/150 1015/155/151 1008/156/152
f 1026/154/150 462/157/153 1015/155/151
f 1026/154/150 1008/156/152 680/158/154
f 1027/159/155 1026/154/150 1025/160/156
f 462/157/153 1026/154/150 1027/159/155
f 1028/161/157 458/162/158 277/163/159
f 624/164/160 724/165/161 1028/161/157
f 1717/166/162 121/167/163 724/165/161
f 1028/161/157 724/165/161 459/168/164
f 1030/169/165 1013/170/133 1022/171/166
f 891/172/167 1029/173/168 1022/171/166
f 119/174/169 1031/175/170 891/172/167
f 1031/175/170 836/176/171 1030/169/165
f 271/177/172 118/178/173 1033/179/174
f 118/178/173 1013/137/133 1034/136/132
f 1020/180/175 459/168/164 724/165/161
f 1040/181/176 1020/180/175 1037/182/177
f 1035/183/178 724/165/161 121/167/163
f 680/184/154 1038/185/179 637/186/180
f 680/184/154 1039/187/181 1038/185/179
f 1041/188/182 462/157/153 127/189/183
f 1042/190/184 1019/191/185 1041/188/182
f 1022/171/166 1019/191/185 1042/190/184
f 1043/135/131 601/192/186 356/193/187
f 1043/135/131 652/194/188 601/192/186
f 460/86/83 1043/135/131 356/193/187
f 757/195/189 655/196/190 278/197/191
f 1044/198/192 654/199/193 655/196/190
f 458/162/158 1044/198/192 277/163/159
f 1044/198/192 1007/200/194 654/199/193
f 865/201/195 276/202/196 1045/203/197
f 1045/203/197 276/202/196 968/204/198
f 1047/205/199 461/206/200 602/207/201
f 1047/205/199 602/207/201 271/177/172
f 1006/208/202 1047/205/199 271/177/172
f 1048/209/203 356/210/187 878/211/204
f 1050/212/205 356/210/187 1048/209/203
f 278/197/191 655/196/190 878/211/204
f 1049/213/206 878/211/204 655/196/190
f 1052/214/207 1050/212/205 1049/213/206
f 1007/200/194 1051/215/208 654/199/193
f 1017/216/209 1053/217/210 1052/214/207
f 1054/218/211 968/204/198 652/194/188
f 1016/134/130 1054/218/211 652/194/188
f 1057/219/212 1005/220/213 454/221/214
f 1057/219/212 1004/222/215 1005/220/213
f 625/223/216 1058/224/217 1055/225/218
f 1055/225/218 1058/224/217 1056/226/219
f 1058/224/217 1004/222/215 1057/219/212
f 198/227/220 456/228/221 1001/229/222
f 126/230/223 456/228/221 198/227/220
f 1060/231/224 450/232/225 1004/233/215
f 1059/234/226 450/232/225 1060/231/224
f 187/235/227 450/232/225 1059/234/226
f 198/236/220 1001/237/222 122/238/228
f 354/239/229 1061/240/230 279/133/129
f 1725/241/231 457/242/232 890/243/233
f 1063/244/234 455/245/235 866/246/236
f 284/247/237 1062/248/238 755/249/239
f 454/221/214 1002/250/240 1063/244/234
f 1002/250/240 455/245/235 1063/244/234
f 1064/251/241 666/252/242 869/253/243
f 755/249/239 866/246/236 803/254/244
f 804/255/245 999/256/246 354/257/229
f 866/246/236 1065/258/247 804/255/245
f 1066/259/248 1064/251/241 869/253/243
f 279/133/129 1066/259/248 869/253/243
f 279/133/129 451/132/128 1066/259/248
f 1067/260/249 669/261/250 998/262/251
f 1069/263/252 669/261/250 1067/260/249
f 511/264/253 1068/265/254 998/262/251
f 511/264/253 508/266/255 1068/265/254
f 508/266/255 1070/267/256 1068/265/254
f 1070/267/256 1069/263/252 1068/265/254
f 1072/268/257 60/269/258 1071/270/259
f 60/269/258 384/271/260 1071/270/259
f 357/272/261 989/273/262 651/274/263
f 1074/275/264 1075/276/265 1073/277/266
f 1073/277/266 1075/276/265 774/278/267
f 988/279/268 1076/280/269 1074/275/264
f 1074/275/264 1076/280/269 1075/276/265
f 1076/280/269 669/281/250 1075/276/265
f 1076/280/269 998/282/251 669/281/250
f 1079/283/270 384/284/260 60/285/258
f 512/286/271 1078/287/272 60/285/258
f 670/288/273 1079/283/270 1077/289/274
f 385/290/275 670/288/273 1077/289/274
f 1082/291/276 368/292/277 1080/293/278
f 1080/293/278 368/292/277 977/294/279
f 385/295/275 1081/296/280 1080/293/278
f 1077/297/274 1082/291/276 1081/296/280
f 867/298/281 368/292/277 1084/299/282
f 1083/300/283 368/292/277 512/301/271
f 512/301/271 38/302/15 1083/300/283
f 997/303/284 1084/299/282 1083/300/283
f 997/303/284 867/298/281 1084/299/282
f 38/302/15 997/303/284 1083/300/283
f 1085/304/285 281/305/286 997/303/284
f 38/302/15 1085/304/285 997/303/284
f 493/306/14 1086/307/287 1085/304/285
f 493/306/14 1087/308/288 281/305/286
f 2/309/289 1087/308/288 493/306/14
f 996/310/290 782/311/291 1087/308/288
f 1090/312/292 1089/313/293 1088/314/294
f 995/315/295 1090/312/292 1088/314/294
f 1091/316/296 1088/314/294 23/317/297
f 994/318/298 1091/316/296 23/317/297
f 793/319/299 1091/316/296 994/318/298
f 793/319/299 1092/320/300 1091/316/296
f 793/319/299 995/315/295 1092/320/300
f 792/321/301 994/322/298 1093/323/302
f 1093/323/302 994/322/298 23/324/297
f 23/324/297 524/325/303 1093/323/302
f 524/325/303 1094/326/304 1093/323/302
f 1093/323/302 1094/326/304 792/321/301
f 993/327/305 217/328/306 1094/326/304
f 1096/329/307 993/327/305 18/330/308
f 505/331/309 1095/332/310 520/333/311
f 1096/329/307 1099/334/312 993/327/305
f 217/328/306 1099/334/312 1098/335/313
f 1102/336/314 991/129/125 992/337/315
f 188/338/316 1101/339/317 992/337/315
f 1100/340/318 1103/341/319 1101/339/317
f 573/342/320 572/343/321 1100/340/318
f 1106/344/322 188/338/316 992/337/315
f 504/345/323 1106/344/322 505/346/309
f 990/347/324 1107/348/325 1106/344/322
f 3/349/326 990/347/324 504/345/323
f 124/350/327 685/351/328 1107/348/325
f 1108/352/329 3/349/326 448/353/135
f 1024/354/137 1108/352/329 448/353/135
f 1024/354/137 1109/355/330 1108/352/329
f 1108/352/329 1109/355/330 990/347/324
f 1024/354/137 124/350/327 1109/355/330
f 1111/356/331 39/357/141 511/358/253
f 988/279/268 1110/359/332 511/358/253
f 1113/360/333 1112/361/334 1111/356/331
f 449/362/140 1114/363/335 41/364/136
f 969/365/142 1115/366/336 1114/363/335
f 623/367/337 304/368/338 812/369/339
f 1230/370/340 935/371/341 1116/372/342
f 984/373/343 1360/374/344 315/375/345
f 1117/376/346 984/373/343 315/375/345
f 722/377/347 1117/376/346 315/375/345
f 984/373/343 1117/376/346 703/378/348
f 1117/376/346 722/377/347 703/378/348
f 722/377/347 303/379/349 703/378/348
f 1118/380/350 780/125/121 1291/381/351
f 1118/380/350 369/126/122 780/125/121
f 297/382/87 318/383/352 623/367/337
f 1119/384/353 623/367/337 318/383/352
f 1120/385/354 314/386/355 447/387/356
f 1348/388/357 1230/389/340 607/390/358
f 665/391/359 1118/380/350 770/392/360
f 316/393/361 608/394/362 298/395/363
f 1121/396/364 299/397/365 317/398/366
f 316/399/361 1121/396/364 317/398/366
f 984/373/343 1122/400/367 447/387/356
f 317/398/366 299/397/365 675/401/368
f 722/402/347 315/403/345 675/401/368
f 722/402/347 675/401/368 303/404/349
f 369/126/122 297/90/87 361/89/86
f 675/401/368 299/397/365 373/405/369
f 721/406/370 621/407/371 886/408/372
f 721/406/370 1123/409/373 621/407/371
f 442/410/374 1124/411/375 622/412/376
f 442/410/374 441/413/377 1124/411/375
f 721/406/370 1126/414/378 445/415/379
f 446/416/380 444/417/381 1125/418/382
f 444/419/381 446/420/380 445/421/379
f 778/422/383 779/122/118 720/423/384
f 621/407/371 1127/424/385 440/425/386
f 886/408/372 621/407/371 440/425/386
f 442/410/374 674/426/387 441/413/377
f 444/417/381 620/427/388 1125/418/382
f 1128/428/389 620/427/388 433/429/115
f 1131/430/390 435/431/391 833/432/392
f 440/433/386 1130/434/393 833/432/392
f 1130/434/393 435/431/391 1131/430/390
f 1132/435/394 438/436/395 833/432/392
f 1133/437/396 438/436/395 1132/435/394
f 435/431/391 1133/437/396 833/432/392
f 435/431/391 434/438/397 1133/437/396
f 1134/439/398 433/429/115 620/427/388
f 434/440/397 1134/439/398 438/441/395
f 434/440/397 433/429/115 1134/439/398
f 934/442/399 1135/443/400 436/444/401
f 1136/445/402 1137/446/403 617/447/404
f 1137/446/403 432/448/109 617/447/404
f 1139/449/405 432/448/109 619/450/406
f 1138/451/407 619/450/406 674/426/387
f 437/452/107 432/448/109 1139/449/405
f 437/453/107 1140/454/408 934/442/399
f 1141/455/409 430/456/410 410/457/411
f 983/458/412 1141/455/409 410/457/411
f 983/458/412 618/459/413 1141/455/409
f 888/460/414 615/461/415 412/462/416
f 1142/463/417 931/464/418 413/465/419
f 408/466/420 1142/463/417 413/465/419
f 1144/467/421 408/468/420 1143/469/422
f 615/470/415 1143/469/422 408/468/420
f 622/471/376 618/472/413 442/473/374
f 1144/474/421 888/475/414 445/476/379
f 934/477/399 1177/478/423 437/479/107
f 442/480/374 618/481/413 431/482/424
f 885/483/425 442/480/374 431/482/424
f 832/484/426 381/485/427 380/486/428
f 429/487/429 832/484/426 380/486/428
f 882/488/430 883/489/431 392/490/432
f 429/491/429 883/489/431 882/488/430
f 379/492/433 883/489/431 1267/493/434
f 428/494/435 883/489/431 379/492/433
f 1145/495/436 394/496/437 396/497/438
f 1147/498/439 397/499/440 395/500/441
f 428/501/435 1147/498/439 395/500/441
f 772/502/442 1148/503/443 376/504/444
f 772/502/442 425/505/445 1148/503/443
f 337/506/446 1149/103/100 360/507/447
f 874/508/448 817/509/449 327/510/450
f 933/511/451 333/512/452 715/513/453
f 1150/514/454 817/509/449 336/515/455
f 376/504/444 1150/514/454 336/515/455
f 426/516/456 332/517/457 333/518/452
f 1152/519/458 424/520/459 419/521/460
f 422/522/461 423/523/462 421/524/463
f 423/523/462 616/118/114 421/524/463
f 718/525/464 887/526/465 672/527/466
f 1152/528/458 932/529/467 1158/530/468
f 1153/531/112 718/525/464 672/527/466
f 424/520/459 1154/532/469 419/521/460
f 1154/532/469 616/533/114 420/534/113
f 1155/535/470 887/526/465 718/525/464
f 776/536/471 1155/535/470 718/525/464
f 421/524/463 616/118/114 424/537/459
f 777/538/472 421/524/463 424/537/459
f 1156/539/473 776/540/471 718/541/464
f 775/542/474 421/524/463 414/543/475
f 422/522/461 421/524/463 775/542/474
f 1157/544/476 1152/528/458 887/545/465
f 1158/530/468 1159/546/477 672/547/466
f 932/529/467 419/548/460 1159/546/477
f 1160/549/478 1157/544/476 776/550/471
f 418/551/479 1160/549/478 776/550/471
f 418/551/479 1167/552/480 1160/549/478
f 1161/553/481 415/554/482 777/555/472
f 414/543/475 421/524/463 777/538/472
f 1162/556/483 418/557/479 776/540/471
f 422/558/461 1162/556/483 776/540/471
f 433/119/115 981/121/117 436/559/401
f 613/560/484 1185/561/485 435/562/391
f 613/563/484 432/112/109 399/111/108
f 613/563/484 617/564/404 432/112/109
f 775/565/474 438/566/395 444/567/381
f 445/568/379 614/569/486 721/570/370
f 1125/571/382 884/572/487 931/573/418
f 622/471/376 614/569/486 430/574/410
f 622/471/376 721/570/370 614/569/486
f 436/575/401 981/576/117 1177/478/423
f 1177/478/423 934/477/399 436/575/401
f 418/577/479 886/578/372 1167/579/480
f 1163/580/488 931/464/418 884/581/487
f 416/582/489 1163/580/488 884/581/487
f 413/465/419 931/464/418 1163/580/488
f 416/582/489 413/465/419 1163/580/488
f 615/470/415 717/583/490 412/584/416
f 1166/585/491 411/586/492 1164/587/493
f 416/588/489 411/586/492 1166/585/491
f 1164/587/493 411/586/492 930/589/494
f 413/590/419 1164/587/493 930/589/494
f 1167/552/480 1161/591/481 1157/544/476
f 615/470/415 408/468/420 717/583/490
f 444/592/381 1126/593/378 775/594/474
f 1168/595/495 411/596/492 983/458/412
f 410/457/411 1168/595/495 983/458/412
f 410/457/411 1169/597/496 1168/595/495
f 1169/597/496 411/596/492 1168/595/495
f 1171/598/497 416/599/489 884/600/487
f 431/601/424 1170/602/498 884/600/487
f 431/601/424 411/603/492 1170/602/498
f 411/603/492 431/601/424 618/604/413
f 983/605/412 411/603/492 618/604/413
f 1125/571/382 1144/606/421 446/607/380
f 1173/608/499 430/456/410 614/609/486
f 412/462/416 1172/610/500 614/609/486
f 405/611/501 1174/612/502 393/115/111
f 405/611/501 613/613/484 1174/612/502
f 613/613/484 1175/113/110 1174/612/502
f 613/613/484 399/114/108 1175/113/110
f 1176/614/503 979/615/504 830/616/505
f 1177/617/423 1176/614/503 830/616/505
f 1177/617/423 981/618/117 1176/614/503
f 1178/619/506 406/620/507 1185/621/485
f 613/622/484 1178/619/506 1185/621/485
f 613/622/484 1179/623/508 1178/619/506
f 1180/624/509 982/625/116 409/626/510
f 409/626/510 671/627/511 1180/624/509
f 978/628/512 404/629/513 671/627/511
f 434/630/397 435/562/391 1185/561/485
f 434/631/397 982/120/116 433/119/115
f 406/620/507 716/632/514 978/633/512
f 1181/634/515 830/616/505 881/635/516
f 407/636/517 830/616/505 1181/634/515
f 1182/637/518 929/638/519 393/115/111
f 407/639/517 1182/637/518 393/115/111
f 407/639/517 1181/640/515 1182/637/518
f 1181/640/515 929/638/519 1182/637/518
f 393/115/111 929/638/519 401/641/520
f 405/611/501 393/115/111 401/641/520
f 1183/642/521 399/114/108 831/643/522
f 407/639/517 1183/642/521 831/643/522
f 1184/644/523 830/616/505 407/636/517
f 831/645/522 1184/644/523 407/636/517
f 1186/646/524 671/647/511 409/648/510
f 1185/621/485 1186/646/524 409/648/510
f 406/620/507 978/633/512 1186/646/524
f 1187/649/525 982/650/116 404/651/513
f 979/652/504 1187/649/525 404/651/513
f 397/499/440 1191/653/526 1188/654/527
f 395/500/441 397/499/440 1188/654/527
f 402/655/528 1189/656/529 612/657/530
f 612/657/530 1189/656/529 400/658/531
f 402/655/528 1190/659/532 1189/656/529
f 975/660/533 980/661/534 394/496/437
f 396/662/438 402/663/528 1192/664/535
f 716/632/514 1192/664/535 402/663/528
f 403/665/536 979/652/504 400/666/531
f 402/667/528 612/668/530 404/651/513
f 401/669/520 716/632/514 405/670/501
f 979/615/504 403/671/536 881/635/516
f 719/672/537 926/673/538 673/674/539
f 429/487/429 829/675/540 832/484/426
f 429/491/429 380/676/428 883/489/431
f 380/676/428 1267/493/434 883/489/431
f 1193/677/541 398/678/542 829/675/540
f 881/635/516 1193/677/541 829/675/540
f 1195/679/543 392/490/432 395/680/441
f 401/641/520 1195/679/543 395/680/441
f 1181/640/515 1196/681/544 929/638/519
f 1181/640/515 882/488/430 1196/681/544
f 1196/681/544 882/488/430 392/490/432
f 1197/109/106 974/682/545 379/683/433
f 389/684/546 1197/109/106 379/683/433
f 1198/685/547 390/686/548 384/271/260
f 385/687/275 1198/685/547 670/688/273
f 670/688/273 1198/685/547 384/271/260
f 385/687/275 1395/689/549 1198/685/547
f 1199/690/550 378/691/551 926/692/538
f 928/693/552 828/694/553 880/695/554
f 389/696/546 1200/697/555 382/698/556
f 383/699/557 611/700/558 976/701/559
f 380/676/428 1203/702/560 1267/493/434
f 380/676/428 388/703/561 1203/702/560
f 977/294/279 1204/704/562 385/295/275
f 977/294/279 611/700/558 1204/704/562
f 387/108/105 1205/705/563 974/682/545
f 387/108/105 1199/706/550 1205/705/563
f 1206/707/564 1199/706/550 387/108/105
f 386/708/565 1206/707/564 387/108/105
f 1207/709/566 928/693/552 391/710/567
f 388/703/561 1207/709/566 391/710/567
f 1208/711/568 828/694/553 1207/709/566
f 384/271/260 390/686/548 1209/712/569
f 669/261/250 1209/712/569 1199/690/550
f 1211/713/570 977/294/279 368/292/277
f 367/714/571 1211/713/570 368/292/277
f 927/715/572 383/699/557 1210/716/573
f 1210/716/573 976/701/559 1211/713/570
f 1213/717/574 828/694/553 280/718/84
f 1212/719/575 280/718/84 355/720/93
f 754/721/576 1212/719/575 355/720/93
f 880/695/554 1213/717/574 1212/719/575
f 382/698/556 880/695/554 754/721/576
f 1214/722/577 879/107/104 389/684/546
f 382/723/556 1214/722/577 389/684/546
f 611/700/558 917/724/578 1395/725/549
f 1218/726/579 280/718/84 828/694/553
f 383/727/557 927/728/572 828/694/553
f 1216/729/580 1218/726/579 828/694/553
f 1217/730/581 1265/731/582 1216/729/580
f 773/732/583 1220/733/584 1219/734/585
f 1220/733/584 975/660/533 1219/734/585
f 398/735/542 975/660/533 1220/733/584
f 378/691/551 1219/736/585 1146/737/586
f 926/692/538 378/691/551 1146/737/586
f 829/675/540 398/678/542 773/738/583
f 711/739/587 374/740/588 1221/741/589
f 1314/742/590 1221/741/589 1227/743/591
f 352/744/592 1221/741/589 1314/742/590
f 352/744/592 711/739/587 1221/741/589
f 346/745/593 350/746/594 377/747/595
f 350/746/594 348/748/596 1317/749/597
f 1222/750/598 711/739/587 352/744/592
f 346/751/593 1222/750/598 352/744/592
f 346/751/593 377/752/595 1222/750/598
f 610/104/101 1223/753/599 766/754/600
f 610/104/101 821/106/103 1223/753/599
f 772/502/442 376/504/444 707/755/601
f 660/756/602 772/502/442 707/755/601
f 764/757/603 426/516/456 765/758/604
f 1224/759/605 827/760/606 326/761/607
f 324/762/608 331/763/609 375/764/610
f 326/761/607 920/765/611 425/505/445
f 328/766/612 312/767/98 763/768/613
f 375/764/610 1346/769/614 1226/770/615
f 324/762/608 1225/771/616 610/104/101
f 324/762/608 1226/770/615 1225/771/616
f 1116/372/342 812/369/339 308/772/617
f 308/772/617 607/773/358 1116/372/342
f 308/772/617 812/369/339 810/774/618
f 660/756/602 668/775/619 309/776/620
f 1227/777/591 606/778/621 662/779/622
f 1228/780/623 371/781/624 872/782/625
f 302/783/626 1228/780/623 872/782/625
f 667/784/627 371/781/624 1228/780/623
f 1229/785/628 798/786/629 291/787/630
f 303/404/349 1229/785/628 291/787/630
f 303/404/349 373/405/369 1229/785/628
f 315/403/345 309/776/620 675/401/368
f 309/776/620 668/775/619 675/401/368
f 302/783/626 872/782/625 1230/370/340
f 1233/788/631 372/789/632 871/790/633
f 667/784/627 1231/791/634 1232/792/635
f 1232/792/635 871/790/633 371/781/624
f 1231/791/634 925/793/636 1232/792/635
f 1232/792/635 1233/788/631 871/790/633
f 967/794/637 802/795/638 755/249/239
f 370/796/639 372/789/632 925/793/636
f 1234/797/640 370/796/639 666/798/242
f 283/799/641 689/800/642 653/801/643
f 689/800/642 1234/797/640 653/801/643
f 690/802/644 656/803/645 1234/797/640
f 1236/804/646 723/66/64 802/795/638
f 702/805/647 1235/806/648 802/795/638
f 799/807/649 1237/808/650 1235/806/648
f 799/807/649 285/809/651 1237/808/650
f 291/787/630 798/786/629 806/810/652
f 771/127/123 361/89/86 292/811/653
f 1291/381/351 771/127/123 292/811/653
f 1239/812/654 968/204/198 1064/251/241
f 652/194/188 968/204/198 1239/812/654
f 715/513/453 714/813/655 713/100/97
f 766/814/600 341/815/656 1240/816/657
f 388/817/561 380/486/428 611/700/558
f 380/486/428 381/485/427 611/700/558
f 1242/818/658 365/819/659 362/820/660
f 300/821/661 1242/818/658 362/820/660
f 300/821/661 973/822/662 1242/818/658
f 973/822/662 365/819/659 1242/818/658
f 1243/823/663 973/822/662 290/824/664
f 328/825/612 331/826/609 972/827/665
f 330/828/666 328/825/612 972/827/665
f 322/829/667 1247/830/668 366/831/669
f 1247/830/668 972/827/665 818/832/670
f 330/828/666 972/827/665 1247/830/668
f 1238/833/671 1248/834/672 819/835/673
f 1248/834/672 1249/836/674 819/835/673
f 1238/833/671 322/829/667 1248/834/672
f 322/829/667 366/831/669 1249/836/674
f 1250/837/675 603/838/676 1280/98/95
f 714/813/655 1250/837/675 1280/98/95
f 603/838/676 369/126/122 665/391/359
f 1280/98/95 603/838/676 665/391/359
f 447/387/356 1251/839/677 1120/385/354
f 1251/839/677 1252/840/678 1120/385/354
f 1251/839/677 300/821/661 1252/840/678
f 1256/841/679 869/253/243 1254/842/680
f 279/133/129 1255/843/681 293/844/682
f 1256/841/679 1254/842/680 1253/845/683
f 279/133/129 1256/841/679 1255/843/681
f 1258/846/684 364/847/685 924/848/686
f 282/849/687 1257/850/688 924/848/686
f 1257/850/688 1258/846/684 924/848/686
f 282/849/687 292/811/653 1257/850/688
f 1257/850/688 292/811/653 1258/846/684
f 1260/851/689 923/852/690 605/853/691
f 337/506/446 1260/851/689 605/853/691
f 337/506/446 1259/854/692 1260/851/689
f 311/855/693 1261/856/694 1259/854/692
f 1261/856/694 923/852/690 1260/851/689
f 1263/857/695 463/858/696 1016/134/130
f 1264/859/697 463/858/696 1263/857/695
f 1012/88/85 1262/860/698 1016/134/130
f 1265/861/582 1264/859/697 1262/860/698
f 311/855/693 1266/862/699 923/852/690
f 1266/862/699 307/863/700 604/864/701
f 1267/493/434 391/710/567 389/696/546
f 379/492/433 1267/493/434 389/696/546
f 1269/865/702 1268/866/703 322/829/667
f 709/867/704 1269/865/702 322/829/667
f 1269/865/702 971/868/705 1268/866/703
f 1277/869/706 824/870/707 346/871/593
f 1270/872/708 1277/869/706 345/873/709
f 708/874/710 1270/872/708 345/873/709
f 349/875/711 970/876/712 350/877/594
f 708/874/710 349/875/711 350/877/594
f 328/825/612 1324/878/713 661/879/714
f 1271/880/715 360/507/447 659/881/716
f 311/855/693 1271/880/715 659/881/716
f 312/101/98 661/879/714 815/102/99
f 1272/882/717 1339/883/718 1324/878/713
f 330/828/666 322/829/667 1272/882/717
f 713/100/97 335/884/719 715/513/453
f 1274/885/720 971/868/705 1269/865/702
f 1276/886/721 1344/887/722 1274/885/720
f 345/873/709 1275/888/723 709/867/704
f 1275/888/723 1276/886/721 1273/889/724
f 665/391/359 608/394/362 359/99/96
f 307/863/700 1278/890/725 657/891/726
f 307/863/700 311/855/693 1278/890/725
f 1280/98/95 713/100/97 714/813/655
f 1281/892/727 657/891/726 1360/374/344
f 314/386/355 1281/892/727 1360/374/344
f 314/386/355 307/863/700 1281/892/727
f 1284/893/728 706/894/729 354/239/229
f 279/133/129 1282/895/730 354/239/229
f 1283/896/731 1284/893/728 354/239/229
f 293/844/682 706/894/729 1284/893/728
f 1287/897/732 769/898/733 1285/899/734
f 1288/900/735 705/901/736 1287/897/732
f 768/902/737 1285/899/734 769/898/733
f 1288/900/735 1287/897/732 1286/903/738
f 1289/904/739 358/905/740 706/894/729
f 1243/823/663 1290/906/741 293/844/682
f 1290/906/741 358/905/740 1289/904/739
f 290/824/664 1290/906/741 1243/823/663
f 292/811/653 768/902/737 1291/381/351
f 1292/907/742 703/378/348 358/905/740
f 290/824/664 1292/907/742 358/905/740
f 1007/200/194 1293/908/743 1017/216/209
f 1017/216/209 1293/908/743 460/909/83
f 1007/200/194 1294/910/744 1293/908/743
f 1296/911/745 356/210/187 452/912/746
f 455/245/235 1295/913/747 452/912/746
f 278/197/191 1297/914/748 1295/913/747
f 278/197/191 878/211/204 1297/914/748
f 1297/914/748 878/211/204 1296/911/745
f 274/915/749 295/916/750 705/917/736
f 274/915/749 705/917/736 282/918/687
f 1299/919/751 1414/920/752 664/95/92
f 1302/921/753 1414/920/752 1299/919/751
f 1298/922/754 664/95/92 272/923/145
f 986/924/146 1298/922/754 272/923/145
f 1301/925/755 1299/919/751 1298/922/754
f 712/926/756 1302/921/753 1301/925/755
f 987/927/144 1300/928/757 986/924/146
f 987/927/144 712/926/756 1300/928/757
f 1303/929/758 349/875/711 708/874/710
f 663/930/759 1303/929/758 708/874/710
f 1304/931/760 1303/929/758 663/930/759
f 1305/932/761 823/933/762 921/934/763
f 1307/935/764 1306/936/765 1305/932/761
f 351/937/766 1307/935/764 921/934/763
f 826/938/767 1306/936/765 1307/935/764
f 826/939/767 341/815/656 823/940/762
f 873/941/768 321/942/769 1308/943/770
f 1308/943/770 321/942/769 374/740/588
f 711/739/587 1308/943/770 374/740/588
f 711/739/587 873/941/768 1308/943/770
f 342/944/771 341/815/656 348/945/596
f 876/946/772 825/947/773 351/937/766
f 876/946/772 343/948/774 825/947/773
f 1310/949/775 709/867/704 322/829/667
f 1238/833/671 1309/950/776 322/829/667
f 353/951/777 820/952/778 1309/950/776
f 1312/953/779 873/941/768 344/954/780
f 1311/955/781 1312/953/779 344/954/780
f 343/956/774 876/957/772 1311/955/781
f 876/957/772 919/958/782 1312/953/779
f 971/868/705 1313/959/783 1339/883/718
f 353/951/777 1238/833/671 922/960/784
f 1238/833/671 1240/961/657 922/960/784
f 1315/962/785 347/963/786 826/938/767
f 347/964/786 348/945/596 826/939/767
f 825/965/773 877/966/787 348/748/596
f 825/965/773 348/748/596 347/967/786
f 824/870/707 350/877/594 346/871/593
f 377/747/595 1316/968/788 344/969/780
f 825/965/773 343/970/774 877/966/787
f 343/970/774 344/969/780 877/966/787
f 1317/749/597 348/748/596 877/966/787
f 350/746/594 1317/749/597 877/966/787
f 344/954/780 873/941/768 711/739/587
f 377/752/595 711/739/587 1222/750/598
f 377/752/595 344/954/780 711/739/587
f 339/971/789 921/934/763 823/933/762
f 921/934/763 319/972/790 320/973/791
f 1318/974/792 876/946/772 351/937/766
f 921/934/763 1318/974/792 351/937/766
f 1319/975/793 814/976/794 1318/974/792
f 921/934/763 320/973/791 1319/975/793
f 1320/977/795 340/978/796 766/754/600
f 822/105/102 1320/977/795 821/106/103
f 323/979/797 1320/977/795 822/105/102
f 1321/980/798 1353/981/799 319/982/790
f 710/983/800 1321/980/798 319/982/790
f 1322/984/801 345/873/709 709/867/704
f 353/951/777 1322/984/801 820/952/778
f 819/835/673 324/985/608 610/986/101
f 366/831/669 324/985/608 819/835/673
f 341/815/656 340/987/796 339/988/789
f 1240/816/657 341/815/656 342/944/771
f 818/832/670 331/826/609 324/985/608
f 320/989/791 338/990/802 1323/991/803
f 1323/991/803 816/992/804 321/993/769
f 1324/994/713 662/779/622 1224/759/605
f 661/995/714 1324/994/713 1224/759/605
f 1325/996/805 763/768/613 334/997/806
f 338/998/802 334/999/806 609/1000/807
f 1327/1001/808 336/515/455 817/509/449
f 933/1002/451 1326/1003/809 817/509/449
f 933/1002/451 1327/1001/808 1326/1003/809
f 1326/1003/809 1327/1001/808 817/509/449
f 933/1002/451 335/1004/719 1327/1001/808
f 1328/1005/810 336/515/455 811/1006/811
f 707/755/601 1328/1005/810 811/1006/811
f 707/755/601 376/504/444 1328/1005/810
f 333/518/452 332/517/457 301/1007/812
f 609/1000/807 334/999/806 762/1008/813
f 338/990/802 1329/1009/814 816/992/804
f 338/990/802 1336/1010/815 1329/1009/814
f 827/760/606 1333/1011/816 327/510/450
f 1333/1011/816 875/1012/817 327/510/450
f 659/1013/716 360/1014/447 660/756/602
f 427/1015/818 1331/1016/819 765/1017/604
f 1330/1018/820 1332/1019/821 1331/1016/819
f 605/853/691 764/1020/603 1332/1019/821
f 1333/1011/816 816/992/804 875/1012/817
f 763/768/613 329/1021/822 331/763/609
f 328/766/612 763/768/613 331/763/609
f 1334/1022/823 1224/759/605 326/761/607
f 331/763/609 329/1021/822 375/764/610
f 1335/1023/824 325/1024/825 762/1025/813
f 334/997/806 1335/1023/824 762/1025/813
f 1149/103/100 326/1026/607 425/1027/445
f 1149/103/100 815/102/99 326/1026/607
f 1337/1028/826 327/510/450 875/1012/817
f 609/1029/807 1338/1030/827 1336/1010/815
f 920/765/611 327/510/450 817/509/449
f 827/760/606 327/510/450 920/765/611
f 1339/1031/718 662/779/622 1324/994/713
f 1340/1032/828 811/1033/811 336/1034/455
f 335/884/719 1340/1032/828 336/1034/455
f 335/884/719 310/1035/829 1340/1032/828
f 320/973/791 319/972/790 338/998/802
f 1341/1036/830 321/942/769 873/941/768
f 876/957/772 814/1037/794 919/958/782
f 919/958/782 1341/1036/830 873/941/768
f 814/1037/794 1341/1036/830 919/958/782
f 1342/1038/831 1343/1039/832 1341/1036/830
f 814/1037/794 320/1040/791 1342/1038/831
f 1343/1039/832 321/942/769 1341/1036/830
f 346/871/593 352/1041/592 1344/887/722
f 1344/887/722 352/1041/592 971/868/705
f 761/1042/833 323/979/797 1345/1043/834
f 1345/1043/834 323/979/797 610/104/101
f 1347/1044/835 340/978/796 323/979/797
f 710/983/800 1347/1044/835 323/979/797
f 710/983/800 339/1045/789 1347/1044/835
f 339/1045/789 340/978/796 1347/1044/835
f 608/394/362 305/1046/836 359/99/96
f 316/399/361 306/1047/837 305/1048/836
f 316/399/361 317/398/366 306/1047/837
f 707/755/601 306/1047/837 668/775/619
f 1349/1049/838 660/1050/602 309/1051/620
f 657/891/726 1349/1049/838 309/1051/620
f 310/1052/829 1350/1053/839 811/1006/811
f 1351/1054/840 321/993/769 816/992/804
f 374/1055/588 1351/1054/840 606/778/621
f 1352/1056/841 329/1021/822 1325/996/805
f 319/982/790 1352/1056/841 1325/996/805
f 319/982/790 1353/981/799 1352/1056/841
f 923/852/690 313/1057/842 764/1020/603
f 767/1058/843 298/395/363 608/394/362
f 369/126/122 1119/1059/353 318/1060/352
f 1120/385/354 302/1061/626 1230/389/340
f 362/820/660 302/1061/626 1120/385/354
f 1354/1062/844 810/774/618 304/368/338
f 1354/1062/844 304/368/338 1119/384/353
f 301/1007/812 1354/1062/844 1119/384/353
f 658/1063/845 301/1064/812 1119/1059/353
f 305/1046/836 310/1035/829 359/99/96
f 365/819/659 667/1065/627 302/1061/626
f 1355/1066/846 809/1067/847 287/1068/848
f 1355/1066/846 759/1069/849 286/1070/88
f 297/382/87 1355/1066/846 286/1070/88
f 297/382/87 809/1067/847 1355/1066/846
f 807/1071/850 287/1068/848 809/1067/847
f 872/782/625 1357/1072/851 1356/1073/852
f 299/397/365 289/93/90 1358/1074/853
f 808/1075/854 916/1076/855 798/786/629
f 1358/1074/853 289/93/90 916/1076/855
f 808/1075/854 1358/1074/853 916/1076/855
f 918/1077/856 1358/1074/853 808/1075/854
f 918/1077/856 299/397/365 1358/1074/853
f 298/1078/363 1379/1079/857 1121/396/364
f 1359/1080/858 309/1051/620 315/375/345
f 1360/374/344 1359/1080/858 315/375/345
f 1360/374/344 657/891/726 1359/1080/858
f 657/891/726 309/1051/620 1359/1080/858
f 668/775/619 306/1047/837 317/398/366
f 1363/94/91 289/93/90 1361/1081/859
f 1361/1081/859 289/93/90 288/1082/860
f 295/1083/750 1362/1084/861 870/1085/862
f 801/92/89 1363/94/91 1362/1084/861
f 1366/1086/863 800/1087/864 287/1068/848
f 704/1088/865 296/1089/866 800/1087/864
f 1364/1090/867 1366/1086/863 1365/1091/868
f 871/790/633 1367/1092/869 1364/1090/867
f 758/1093/870 1369/1094/871 275/1095/872
f 1371/1096/873 1369/1094/871 758/1093/870
f 803/1097/244 806/1098/652 755/1099/239
f 1372/1100/874 294/1101/875 667/1065/627
f 365/819/659 1372/1100/874 667/1065/627
f 363/1102/876 294/1101/875 1372/1100/874
f 967/794/637 702/805/647 802/795/638
f 705/901/736 870/1103/862 769/898/733
f 295/1083/750 1373/1104/877 801/92/89
f 1373/1104/877 1374/1105/878 801/92/89
f 1375/1106/879 275/1095/872 296/1089/866
f 372/789/632 1375/1106/879 704/1088/865
f 372/789/632 370/796/639 1375/1106/879
f 370/796/639 275/1095/872 1375/1106/879
f 1376/1107/880 800/1087/864 296/1089/866
f 1376/1107/880 287/1068/848 800/1087/864
f 1371/1096/873 1376/1107/880 296/1089/866
f 756/1108/881 1378/1109/882 1377/1110/883
f 1378/1109/882 759/1069/849 1376/1107/880
f 706/894/729 291/1111/630 806/1098/652
f 361/89/86 286/91/88 364/847/685
f 1381/1112/884 298/395/363 767/1058/843
f 288/1113/860 1381/1112/884 767/1058/843
f 769/898/733 288/1113/860 767/1058/843
f 298/1078/363 1382/1114/885 1379/1079/857
f 1383/1115/886 1382/1114/885 1381/1116/884
f 1383/1115/886 1380/1117/887 1382/1114/885
f 1385/1118/888 303/379/349 291/1111/630
f 358/905/740 1385/1118/888 291/1111/630
f 703/378/348 303/379/349 1385/1118/888
f 702/805/647 574/1119/889 799/807/649
f 574/1119/889 285/809/651 799/807/649
f 656/803/645 275/1095/872 370/796/639
f 690/802/644 1386/1120/890 656/803/645
f 690/802/644 1387/1121/891 1386/1120/890
f 1386/1120/890 275/1095/872 656/803/645
f 1387/1121/891 275/1095/872 1386/1120/890
f 1391/1122/892 997/1123/284 868/1124/893
f 367/1125/571 1388/1126/894 864/1127/895
f 367/1125/571 1389/1128/896 1388/1126/894
f 1389/1128/896 867/1129/281 1390/1130/897
f 867/1129/281 997/1123/284 1391/1122/892
f 1392/1131/147 272/923/145 273/1132/148
f 969/365/142 272/923/145 1392/1131/147
f 1393/1133/898 294/1101/875 363/1102/876
f 869/253/243 1393/1133/898 363/1102/876
f 968/204/198 457/1134/232 1064/251/241
f 1394/1135/899 602/207/201 868/1136/893
f 275/1137/872 1387/1138/891 758/1139/870
f 1387/1138/891 274/915/749 758/1139/870
f 1395/689/549 378/691/551 390/686/548
f 1395/689/549 917/1140/578 378/691/551
f 1397/1141/900 865/1142/195 461/206/200
f 1397/1141/900 276/1143/196 865/1142/195
f 1006/208/202 1397/1141/900 461/206/200
f 1006/208/202 1396/1144/901 1397/1141/900
f 890/243/233 1396/1144/901 1006/208/202
f 890/243/233 276/1143/196 1397/1141/900
f 1399/1145/902 278/197/191 455/245/235
f 454/221/214 1398/1146/903 1002/250/240
f 1002/250/240 1398/1146/903 455/245/235
f 458/162/158 1009/1147/904 1007/200/194
f 924/848/686 756/1148/881 760/1149/905
f 924/848/686 364/847/685 756/1148/881
f 802/795/638 284/247/237 755/249/239
f 1404/1150/906 801/92/89 967/794/637
f 916/1076/855 1405/1151/907 1403/1152/908
f 1407/1153/909 652/194/188 451/132/128
f 1406/1154/910 1408/1155/911 1407/1153/909
f 452/1156/746 356/193/187 1406/1154/910
f 1412/1157/912 651/274/263 1409/1158/913
f 754/1159/576 863/1160/914 382/723/556
f 1409/1158/913 386/708/565 863/1160/914
f 1413/1161/915 1411/1162/916 1410/1163/917
f 1416/1164/918 650/1165/919 204/1166/920
f 862/1167/921 650/1165/919 1416/1164/918
f 753/84/81 152/83/80 581/1168/922
f 270/1169/923 152/83/80 701/85/82
f 753/84/81 730/1170/924 701/85/82
f 730/1170/924 270/1169/923 701/85/82
f 730/1170/924 144/1171/925 270/1169/923
f 1417/1172/926 1418/1173/927 200/1174/928
f 1420/1175/929 141/1176/930 862/1167/921
f 1419/1177/931 1420/1175/929 1416/1164/918
f 132/1178/932 1419/1177/931 145/39/37
f 1422/1179/933 906/1180/934 591/1181/935
f 1663/1182/936 650/1165/919 143/1183/937
f 204/1166/920 650/1165/919 1663/1182/936
f 686/1184/938 788/1185/939 743/1186/940
f 1421/1187/941 586/1188/942 730/1170/924
f 753/84/81 1421/1187/941 730/1170/924
f 591/1181/935 142/1189/943 586/1188/942
f 842/1190/944 152/1191/80 270/1192/923
f 581/1168/922 1422/1179/933 753/84/81
f 1420/1193/929 200/1174/928 197/1194/945
f 943/1195/946 842/1190/944 747/1196/947
f 650/1165/919 141/1176/930 1544/1197/948
f 965/1198/949 966/1199/950 267/1200/79
f 1424/1201/951 600/1202/952 1423/1203/953
f 266/81/78 1424/1201/951 1423/1203/953
f 1425/1204/954 1426/80/77 966/1205/950
f 600/1202/952 700/1206/955 752/1207/956
f 700/1206/955 599/1208/957 752/1207/956
f 857/1209/958 269/1210/959 598/1211/960
f 915/1212/961 268/1213/962 262/1214/963
f 598/1211/960 269/1210/959 700/1215/955
f 264/1216/964 1427/1217/965 965/1198/949
f 264/1216/964 965/1198/949 267/1200/79
f 263/1218/966 264/1216/964 267/1200/79
f 266/81/78 1423/1203/953 1428/1219/967
f 1428/1219/967 752/1207/956 265/1220/968
f 269/1210/959 915/1212/961 261/1221/969
f 1431/1222/970 915/1212/961 262/1214/963
f 259/1223/971 960/1224/972 1430/1225/973
f 1430/1225/973 1431/1222/970 262/1214/963
f 960/1224/972 964/1226/974 1430/1225/973
f 1432/1227/975 258/1228/976 256/1229/977
f 265/1230/968 1432/1227/975 256/1229/977
f 911/1231/978 258/1228/976 1432/1227/975
f 1433/1232/979 258/1228/976 911/1231/978
f 261/1233/969 1433/1232/979 911/1231/978
f 649/1234/980 257/1235/981 1434/1236/982
f 261/1233/969 649/1234/980 1433/1232/979
f 1435/1237/983 257/1238/981 649/1239/980
f 1436/1240/984 262/1241/963 264/1216/964
f 1441/1242/985 259/1243/971 1436/1240/984
f 256/1244/977 1437/1245/986 265/1220/968
f 255/1246/987 260/1247/988 1438/1248/989
f 1438/1248/989 260/1247/988 263/1249/966
f 1429/1250/990 1439/1251/991 263/1249/966
f 1440/1252/992 264/1216/964 263/1218/966
f 260/1253/988 1440/1252/992 263/1218/966
f 1442/1254/993 249/1255/994 252/1256/995
f 243/1257/996 645/1258/997 252/1256/995
f 250/1259/998 912/1260/999 241/1261/1000
f 238/1262/1001 254/1263/1002 251/1264/1003
f 1425/1265/954 252/1266/995 249/1267/994
f 966/1268/950 252/1266/995 1425/1265/954
f 700/1269/955 250/1270/998 598/1271/960
f 966/1272/950 965/1273/949 253/1274/1004
f 252/1275/995 966/1272/950 253/1274/1004
f 854/1276/1005 642/1277/1006 213/1278/1007
f 854/1276/1005 594/1279/1008 642/1277/1006
f 222/1280/1009 1495/1281/1010 642/1282/1006
f 211/1283/1011 210/1284/1012 750/1285/1013
f 210/1284/1012 1495/1281/1010 750/1285/1013
f 212/1286/1014 1506/1287/1015 248/1288/1016
f 248/1288/1016 247/1289/1017 694/1290/1018
f 224/1291/1019 248/1288/1016 694/1290/1018
f 226/1292/1020 1443/1293/1021 225/1294/1022
f 226/1292/1020 1444/1295/1023 1443/1293/1021
f 226/1292/1020 246/1296/1024 1444/1295/1023
f 212/1297/1014 861/1298/1025 854/1276/1005
f 1445/1299/1026 691/1300/1027 796/1301/1028
f 169/1302/1029 1445/1299/1026 796/1301/1028
f 169/1302/1029 791/1303/1030 1445/1299/1026
f 630/1304/1031 859/43/41 745/42/40
f 900/1305/1032 859/43/41 162/1306/1033
f 791/1303/1030 845/1307/1034 691/1300/1027
f 791/1303/1030 898/1308/1035 845/1307/1034
f 1542/1309/1036 859/1310/41 630/1311/1031
f 1447/1312/1037 699/1313/1038 648/1314/1039
f 1448/1315/1040 1447/1312/1037 648/1314/1039
f 244/1316/1041 1457/1317/1042 697/1318/1043
f 1449/1319/1044 963/1320/1045 245/1321/1046
f 1451/1322/1047 699/1313/1038 1450/1323/1048
f 1450/1323/1048 699/1313/1038 647/1324/1049
f 698/1325/1050 1450/1323/1048 647/1324/1049
f 1452/1326/1051 913/1327/1052 963/1320/1045
f 1453/1328/1053 962/1329/1054 1465/1330/74
f 648/1314/1039 1453/1328/1053 1465/1330/74
f 1454/1331/1055 962/1329/1054 699/1313/1038
f 1451/1322/1047 1454/1331/1055 699/1313/1038
f 1455/1332/1056 913/1327/1052 961/1333/1057
f 245/1321/1046 1455/1332/1056 961/1333/1057
f 245/1321/1046 963/1320/1045 1455/1332/1056
f 1456/1334/1058 1454/1335/1055 961/1336/1057
f 244/1337/1041 1458/1338/1059 1448/1339/1040
f 697/1340/1043 647/1341/1049 1458/1338/1059
f 1459/1342/1060 1466/1343/1061 913/1344/1052
f 858/1345/1062 1459/1342/1060 913/1344/1052
f 1464/1346/76 1466/1343/1061 1459/1342/1060
f 962/1329/1054 240/1347/1063 1465/1330/74
f 697/1348/1043 698/1349/1050 647/1350/1049
f 1460/1351/1064 1466/1343/1061 1456/1352/1058
f 961/1353/1057 1460/1351/1064 1456/1352/1058
f 695/1354/1065 960/1355/972 259/1356/971
f 695/1354/1065 234/1357/1066 960/1355/972
f 228/1358/1067 255/1359/987 696/1360/1068
f 269/1361/959 239/1362/1069 1456/1363/1058
f 700/1269/955 912/1364/999 250/1270/998
f 268/1365/962 857/1366/958 643/1367/1070
f 912/1368/999 600/1369/952 249/1267/994
f 596/1370/1071 695/1371/1065 1441/1372/985
f 1441/1372/985 695/1371/1065 259/1373/971
f 644/1374/1072 646/1375/1073 237/1376/1074
f 235/1377/1075 644/1374/1072 237/1376/1074
f 646/1378/1073 238/1262/1001 233/1379/1076
f 644/1380/1072 238/1262/1001 646/1378/1073
f 911/1381/978 265/1382/968 751/1383/75
f 240/1384/1063 911/1381/978 751/1383/75
f 245/1385/1046 1451/1386/1047 698/1349/1050
f 1466/1387/1061 752/1388/956 599/1389/957
f 1464/1390/76 751/1391/75 752/1392/956
f 238/1262/1001 242/1393/1077 643/1394/1070
f 254/1263/1002 238/1262/1001 643/1394/1070
f 646/1395/1073 241/1396/1000 237/1397/1074
f 242/1393/1077 238/1262/1001 1462/1398/1078
f 1462/1398/1078 238/1262/1001 644/1380/1072
f 236/1399/1079 1461/1400/1080 644/1380/1072
f 1463/1401/1081 242/1393/1077 1462/1398/1078
f 236/1399/1079 1463/1401/1081 1461/1400/1080
f 236/1399/1079 242/1393/1077 1463/1401/1081
f 241/1402/1000 646/1378/1073 233/1379/1076
f 1466/1387/1061 269/1403/959 1456/1404/1058
f 243/1257/996 236/1405/1079 1467/1406/1082
f 1469/1407/1083 242/1408/1077 236/1409/1079
f 236/1409/1079 243/1410/996 252/1411/995
f 598/1412/960 254/1413/1002 857/1366/958
f 1470/1414/1084 237/1415/1074 912/1260/999
f 1471/1416/1085 235/1417/1075 1470/1414/1084
f 643/1418/1070 253/1274/1004 965/1273/949
f 1473/1419/1086 228/1420/1067 696/1421/1068
f 1472/1422/1087 1473/1419/1086 696/1421/1068
f 232/1423/1088 223/1424/1089 1472/1422/1087
f 1474/1425/1090 596/1426/1071 959/1427/1091
f 1491/1428/1092 1474/1425/1090 959/1427/1091
f 1491/1428/1092 695/1429/1065 1474/1425/1090
f 1475/1430/1093 1494/1431/1094 232/1432/1088
f 696/1433/1068 1475/1430/1093 232/1432/1088
f 1477/1434/1095 1479/1435/1096 795/1436/1097
f 234/1437/1066 1476/1438/1098 795/1436/1097
f 234/1437/1066 1477/1434/1095 1476/1438/1098
f 257/1439/981 795/1440/1097 1478/1441/1099
f 257/1442/981 234/1357/1066 795/1443/1097
f 257/1442/981 960/1355/972 234/1357/1066
f 239/1444/1069 261/1445/969 911/1381/978
f 1479/1446/1096 794/1447/1100 1494/1431/1094
f 957/1448/1101 959/1427/1091 597/1449/1102
f 597/1450/1102 1501/1451/1103 957/1452/1101
f 223/1424/1089 1501/1451/1103 597/1450/1102
f 223/1424/1089 597/1450/1102 1480/1453/1104
f 1480/1453/1104 597/1450/1102 958/1454/1105
f 1482/1455/1106 958/1456/1105 597/1449/1102
f 959/1427/1091 1482/1455/1106 597/1449/1102
f 959/1427/1091 596/1426/1071 1482/1455/1106
f 1483/1457/1107 1479/1446/1096 1494/1431/1094
f 1491/1458/1092 1484/1459/1108 695/1460/1065
f 1484/1459/1108 234/1437/1066 695/1460/1065
f 794/1447/1100 225/1294/1022 1485/1461/1109
f 1487/1462/1110 694/1290/1018 797/1463/1111
f 1487/1462/1110 224/1291/1019 694/1290/1018
f 224/1291/1019 1487/1462/1110 1488/1464/1112
f 224/1291/1019 1492/1465/1113 227/1466/1114
f 794/1447/1100 1489/1467/1115 226/1292/1020
f 794/1447/1100 229/1468/1116 1489/1467/1115
f 797/1469/1111 1490/1470/1117 229/1468/1116
f 1492/1465/1113 231/1471/1118 1491/1458/1092
f 1497/1472/1119 1492/1465/1113 1491/1458/1092
f 1493/1473/1120 229/1474/1116 1479/1435/1096
f 1494/1431/1094 1485/1461/1109 232/1432/1088
f 1494/1431/1094 794/1447/1100 1485/1461/1109
f 230/1475/1121 1491/1428/1092 959/1427/1091
f 1495/1281/1010 213/1476/1007 642/1282/1006
f 1495/1281/1010 225/1477/1022 750/1285/1013
f 1497/1478/1119 230/1475/1121 1496/1479/1122
f 1496/1479/1122 230/1475/1121 908/1480/1123
f 227/1481/1114 1496/1479/1122 908/1480/1123
f 1498/1482/1124 1485/1483/1109 225/1477/1022
f 222/1280/1009 1499/1484/1125 225/1477/1022
f 957/1452/1101 1500/1485/1126 1503/1486/1127
f 1501/1451/1103 1502/1487/1128 1500/1485/1126
f 908/1480/1123 230/1475/1121 1503/1488/1127
f 219/75/72 1524/1489/1129 1504/1490/1130
f 1504/1490/1130 220/1491/1131 211/1492/1011
f 1512/1493/1132 1504/1490/1130 211/1492/1011
f 1505/1494/1133 221/1495/1134 855/1496/1135
f 994/322/298 1505/1494/1133 855/1496/1135
f 1507/1497/1136 220/1498/1131 214/1499/1137
f 641/1500/1138 1509/1501/1139 1507/1497/1136
f 215/1502/1140 1508/1503/1141 595/1504/1142
f 215/1502/1140 641/1500/1138 1508/1503/1141
f 692/1505/1143 749/1506/1144 907/1507/1145
f 216/1508/1146 692/1505/1143 907/1507/1145
f 1510/1509/1147 693/1510/1148 907/1511/1145
f 213/1476/1007 1510/1509/1147 907/1511/1145
f 213/1476/1007 210/1284/1012 1510/1509/1147
f 210/1284/1012 693/1510/1148 1510/1509/1147
f 1511/1512/1149 855/1513/1135 749/1506/1144
f 692/1505/1143 1511/1512/1149 749/1506/1144
f 1513/76/73 219/75/72 1512/1493/1132
f 639/1514/1150 1513/76/73 1512/1493/1132
f 1514/1515/1151 910/1516/1152 219/75/72
f 1514/1515/1151 1105/1517/1153 910/1516/1152
f 907/1511/1145 1515/1518/1154 216/1519/1146
f 1515/1518/1154 641/1500/1138 1516/1520/1155
f 1517/1521/1156 218/1522/124 956/1523/71
f 221/1495/1134 1517/1521/1156 956/1523/71
f 748/1524/1157 1518/1525/1158 216/1508/1146
f 727/1526/1159 1519/1527/1160 748/1524/1157
f 728/1528/1161 1520/1529/1162 1519/1527/1160
f 728/1528/1161 995/315/295 1520/1529/1162
f 595/1504/1142 214/1499/1137 677/1530/1163
f 1522/1531/1164 677/1530/1163 676/1532/1165
f 909/1533/1166 595/1504/1142 1522/1531/1164
f 909/1533/1166 215/1502/1140 595/1504/1142
f 1032/1534/1167 1006/208/202 271/177/172 1033/179/174
f 219/75/72 910/1516/1152 1524/1489/1129
f 855/1513/1135 212/1297/1014 854/1276/1005
f 1527/1535/1168 905/1536/1169 199/1537/1170
f 216/1519/1146 1526/1538/1171 748/1539/1157
f 748/1539/1157 1527/1535/1168 199/1537/1170
f 640/1540/1172 909/1533/1166 1528/1541/1173
f 909/1533/1166 123/1542/1174 904/1543/1175
f 1530/1544/1176 224/1291/1019 227/1466/1114
f 861/1545/1025 1529/1546/1177 227/1466/1114
f 248/1288/1016 1530/1544/1176 1529/1546/1177
f 750/1547/1013 1444/1295/1023 211/1492/1011
f 594/1279/1008 227/1481/1114 908/1480/1123
f 1531/1548/1178 1629/1549/1179 159/1550/1180
f 1531/1548/1178 1659/1551/1181 1629/1549/1179
f 205/1552/1182 1531/1548/1178 159/1550/1180
f 181/1553/1183 1534/71/68 174/73/70
f 177/1554/1184 209/1555/1185 635/1556/1186
f 1532/1557/1187 635/1558/1186 181/1559/1183
f 209/1555/1185 177/1554/1184 1533/1560/1188
f 1533/1560/1188 177/1554/1184 1659/1551/1181
f 737/1561/1189 1533/1560/1188 1659/1551/1181
f 1536/1562/1190 634/1563/1191 208/1564/1192
f 948/1565/1193 584/1566/1194 1535/1567/1195
f 734/1568/1196 208/1569/1192 902/72/69
f 173/1570/1197 174/73/70 902/72/69
f 1537/1571/1198 1645/1572/1199 846/1573/1200
f 846/1573/1200 1645/1572/1199 1653/1574/1201
f 1645/1572/1199 1541/1575/1202 1653/1574/1201
f 167/69/67 166/1576/56 632/70/61
f 1538/1577/1203 158/1578/58 634/1563/1191
f 584/1566/1194 1538/1577/1203 634/1563/1191
f 786/1579/1204 206/68/66 1538/1577/1203
f 1539/1580/1205 204/1166/920 1663/1182/936
f 941/1581/1206 1540/1582/1207 148/1583/1208
f 1542/1309/1036 1670/1584/1209 171/1585/1210
f 1543/1586/1211 203/1587/1212 133/1588/1213
f 143/1183/937 1545/1589/1214 133/1588/1213
f 1544/1197/948 1543/1586/1211 1545/1589/1214
f 1546/1590/1215 144/1591/925 134/1592/1216
f 942/1593/1217 747/1196/947 1546/1590/1215
f 133/1588/1213 1547/1594/1218 137/1595/1219
f 133/1588/1213 1548/1596/1220 1547/1594/1218
f 580/1597/1221 955/1598/1222 1549/1599/1223
f 201/1600/1224 579/1601/1225 625/223/216
f 955/1598/1222 784/1602/1226 126/1603/223
f 137/1595/1219 955/1598/1222 126/1603/223
f 1550/1604/1227 892/1605/1228 690/802/644
f 689/800/642 1550/1604/1227 690/802/644
f 283/799/641 1551/1606/1229 1550/1604/1227
f 1550/1604/1227 1551/1606/1229 892/1605/1228
f 1553/1607/1230 687/1608/1231 285/809/651
f 120/1609/1232 576/1610/1233 575/1611/1234
f 1554/1612/1235 1555/1613/1236 1552/1614/1237
f 576/1610/1233 1556/1615/1238 1554/1612/1235
f 1555/1613/1236 834/65/63 1553/1607/1230
f 1556/1615/1238 834/65/63 1555/1613/1236
f 936/1616/1239 134/1592/1216 579/1601/1225
f 197/1194/945 788/1185/939 135/1617/1240
f 835/1618/1241 197/1194/945 135/1617/1240
f 634/1619/1191 949/1620/1242 208/1621/1192
f 208/1621/1192 949/1620/1242 173/1622/1197
f 453/1623/1243 891/172/167 127/189/183
f 746/1624/1244 745/42/40 741/1625/1245
f 907/1507/1145 749/1506/1144 213/1278/1007
f 147/1626/1246 1557/1627/1247 1422/1179/933
f 147/1626/1246 590/1628/1248 1557/1627/1247
f 590/1628/1248 790/1629/1249 1557/1627/1247
f 1558/1630/1250 593/1631/1251 131/1632/1252
f 1602/1633/1253 1558/1630/1250 131/1632/1252
f 142/1189/943 592/1634/1254 1602/1633/1253
f 592/1634/1254 1558/1630/1250 1602/1633/1253
f 274/915/749 136/1635/1255 125/1636/1256
f 1560/1637/1257 740/1638/1258 588/1639/1259
f 1561/1640/1260 938/1641/1261 1560/1637/1257
f 1561/1640/1260 1560/1637/1257 588/1639/1259
f 593/1631/1251 1559/1642/1262 131/1632/1252
f 593/1631/1251 1561/1640/1260 1559/1642/1262
f 632/63/61 166/58/56 168/64/62
f 156/1643/1263 1562/61/59 953/1644/1264
f 1562/61/59 631/62/60 168/64/62
f 1562/61/59 158/60/58 631/62/60
f 949/1620/1242 1563/1645/1265 950/1646/1266
f 1446/54/52 1572/1647/1267 954/1648/1268
f 1564/1649/1269 746/1624/1244 741/1625/1245
f 582/1650/1270 1564/1649/1269 149/1651/1271
f 200/1174/928 743/1186/940 1417/1172/926
f 582/1650/1270 149/1651/1271 743/1186/940
f 1565/1652/1272 592/1634/1254 142/1189/943
f 591/1181/935 1565/1652/1272 142/1189/943
f 591/1181/935 906/1180/934 1565/1652/1272
f 1568/1653/1273 198/236/220 1567/1654/1274
f 1567/1654/1274 122/238/228 740/1638/1258
f 783/1655/1275 1566/1656/1276 740/1638/1258
f 1568/1653/1273 1567/1654/1274 1566/1656/1276
f 938/1641/1261 783/1655/1275 740/1638/1258
f 783/1655/1275 198/236/220 1568/1653/1273
f 125/1657/1256 1569/1658/1277 135/1617/1240
f 125/1657/1256 1570/1659/1278 1569/1658/1277
f 1570/1659/1278 835/1618/1241 789/1660/1279
f 1571/1661/1280 628/1662/1281 589/1663/1282
f 954/1648/1268 1573/1664/1283 589/1663/1282
f 1573/1664/1283 628/1662/1281 1571/1661/1280
f 1572/1647/1267 628/1662/1281 1573/1664/1283
f 905/1665/1169 904/1666/1175 1014/1667/1284
f 1574/1668/1285 1014/1667/1284 1015/155/151
f 1019/191/185 1574/1668/1285 462/157/153
f 1576/1669/1286 905/1665/1169 1014/1667/1284
f 1022/171/166 1718/1670/1287 1019/191/185
f 1719/1671/1288 1576/1669/1286 1575/1672/1289
f 1577/1673/1290 590/1628/1248 147/1626/1246
f 589/1663/1282 1577/1673/1290 147/1626/1246
f 693/1510/1148 210/1284/1012 220/1498/1131
f 181/1553/1183 174/73/70 180/1674/1291
f 180/1674/1291 174/73/70 186/1675/1292
f 1578/1676/1293 951/1677/45 156/1678/1263
f 683/1679/1294 1578/1676/1293 156/1678/1263
f 682/1680/1295 853/1681/1296 1578/1676/1293
f 186/1675/1292 174/73/70 173/1570/1197
f 1579/1682/1297 952/1683/1298 176/1684/1299
f 744/1685/1300 1579/1682/1297 176/1684/1299
f 952/1686/1298 1532/1687/1187 180/1688/1291
f 166/58/56 195/1689/1301 168/64/62
f 1580/1690/1302 196/1691/1303 954/1648/1268
f 589/1663/1282 1580/1690/1302 954/1648/1268
f 1582/1692/1304 196/1691/1303 1580/1690/1302
f 1583/1693/1305 683/1694/1294 156/1643/1263
f 953/1644/1264 1583/1693/1305 156/1643/1263
f 1586/1695/1306 176/1684/1299 736/1696/46
f 1588/1697/1307 1586/1695/1306 1585/1698/1308
f 682/1680/1295 1587/1699/1309 853/1681/1296
f 735/1700/1310 1589/1701/1311 1587/1699/1309
f 787/1702/1312 744/1685/1300 1589/1701/1311
f 193/1703/1313 686/1184/938 743/1186/940
f 1590/36/34 743/1186/940 149/1651/1271
f 1591/1704/1314 192/1705/1315 1581/1706/1316
f 147/1626/1246 1591/1704/1314 589/1663/1282
f 191/1707/1317 192/1705/1315 1591/1704/1314
f 742/53/51 149/1651/1271 741/1625/1245
f 122/238/228 1593/1708/1318 740/1638/1258
f 122/238/228 1595/1709/1319 1593/1708/1318
f 1593/1708/1318 1595/1709/1319 1594/1710/1320
f 1597/1711/1321 852/1712/1322 125/1657/1256
f 135/1617/1240 1596/1713/1323 125/1657/1256
f 1598/1714/1324 587/1715/1325 588/1639/1259
f 1599/1716/1326 1600/1717/1327 1598/1714/1324
f 1599/1716/1326 681/1718/1328 1600/1717/1327
f 1601/1719/1329 135/1617/1240 788/1185/939
f 190/1720/1330 1601/1719/1329 788/1185/939
f 1701/1721/1331 730/1170/924 586/1188/942
f 131/1632/1252 1603/1722/1332 1602/1633/1253
f 585/1723/1333 729/1724/1334 1603/1722/1332
f 1603/1722/1332 1701/1721/1331 586/1188/942
f 1010/1725/1335 1604/1726/1336 116/1727/1337
f 1020/1728/175 1605/52/50 1604/1726/1336
f 1606/1729/1338 636/1730/1339 121/167/163
f 1607/1731/1340 637/186/180 636/1730/1339
f 1004/222/215 1606/1729/1338 121/167/163
f 1004/222/215 1607/1731/1340 1606/1729/1338
f 1613/1732/1341 685/1733/328 1610/1734/1342
f 1610/1734/1342 124/1735/327 726/1736/1343
f 1614/1737/1344 1611/1738/1345 1608/1739/1346
f 1615/1740/1347 1612/1741/1348 1611/1738/1345
f 678/1742/1349 1614/1737/1344 739/51/49
f 1617/1743/1350 186/1744/1292 185/1745/1351
f 1617/1743/1350 185/1745/1351 952/1686/1298
f 1618/1746/1352 1617/1743/1350 952/1686/1298
f 180/1688/1291 1618/1746/1352 952/1686/1298
f 180/1688/1291 1617/1743/1350 1618/1746/1352
f 180/1688/1291 186/1744/1292 1617/1743/1350
f 1631/1747/1353 183/1748/1354 1620/1749/1355
f 1620/1749/1355 183/1748/1354 849/46/44
f 172/1750/1356 1619/1751/1357 849/46/44
f 172/1750/1356 1620/1749/1355 1619/1751/1357
f 172/1750/1356 1631/1747/1353 1620/1749/1355
f 902/72/69 1631/1752/1353 172/1753/1356
f 184/1754/1358 737/1561/1189 1621/1755/1359
f 1621/1755/1359 737/1561/1189 205/1552/1182
f 155/1756/1360 1621/1755/1359 205/1552/1182
f 897/1757/1361 184/1754/1358 1621/1755/1359
f 949/1620/1242 1622/1758/1362 1623/1759/1363
f 1623/1759/1363 850/49/47 185/1745/1351
f 1622/1758/1362 951/47/45 1623/1759/1363
f 950/1646/1266 156/1643/1263 1622/1758/1362
f 1624/1760/1364 1656/1761/1365 844/1762/1366
f 1627/1763/1367 184/1764/1358 1656/1761/1365
f 175/1765/1368 1624/1760/1364 844/1762/1366
f 175/1765/1368 1625/1766/1369 1626/1767/1370
f 1625/1766/1369 1627/1763/1367 1626/1767/1370
f 1626/1767/1370 1627/1763/1367 1624/1760/1364
f 1625/1766/1369 1632/1768/1371 1627/1763/1367
f 1628/1769/1372 682/1680/1295 683/1679/1294
f 159/1550/1180 1629/1549/1179 683/1679/1294
f 1623/1759/1363 173/1622/1197 949/1620/1242
f 186/1744/1292 173/1622/1197 1623/1759/1363
f 1630/1770/1373 178/1771/1374 851/1772/1375
f 183/1748/1354 1630/1770/1373 851/1772/1375
f 179/1773/1376 851/1774/1375 178/1775/1374
f 182/1776/1377 851/1774/1375 179/1773/1376
f 851/1774/1375 1633/1777/1378 175/1778/1368
f 635/1558/1186 179/1773/1376 181/1559/1183
f 184/1754/1358 1634/1779/1379 737/1561/1189
f 1662/44/42 849/46/44 153/1780/1380
f 154/1781/1381 849/46/44 1636/1782/1382
f 1635/1783/1383 849/46/44 183/1748/1354
f 844/1762/1366 1635/1783/1383 183/1748/1354
f 734/1784/1196 948/1565/1193 208/1564/1192
f 1637/1785/1384 1662/1786/42 153/1787/1380
f 732/1788/1385 1637/1785/1384 153/1787/1380
f 732/1788/1385 157/1789/1386 1637/1785/1384
f 185/1745/1351 1638/1790/1387 952/1686/1298
f 850/49/47 736/48/46 1638/1790/1387
f 1638/1790/1387 736/48/46 952/1686/1298
f 849/46/44 154/1781/1381 153/1780/1380
f 634/1619/1191 158/60/58 633/59/57
f 1639/1791/1388 847/1792/1389 947/1793/1390
f 154/1794/1381 1639/1791/1388 947/1793/1390
f 1653/1574/1201 195/1795/1301 1640/1796/55
f 167/69/67 945/1797/1391 946/1798/1392
f 164/1799/1393 167/69/67 946/1798/1392
f 945/1800/1391 947/1801/1390 946/1802/1392
f 1642/1803/1394 898/1308/1035 170/1804/39
f 848/1805/1395 1641/1806/1396 170/1804/39
f 899/1807/1397 898/1308/1035 1642/1803/1394
f 1669/38/36 630/1311/1031 627/1808/1398
f 627/1809/1398 630/1304/1031 746/1624/1244
f 629/1810/1399 1542/1309/1036 860/1811/1400
f 1644/1812/1401 165/1813/1402 684/1814/1403
f 947/1793/1390 1644/1812/1401 684/1814/1403
f 847/1792/1389 165/1813/1402 1644/1812/1401
f 192/1705/1315 169/1815/1029 196/1691/1303
f 192/1705/1315 151/1816/1404 169/1815/1029
f 901/1817/1405 1646/1818/1406 1572/1647/1267
f 860/1819/1400 171/1820/1210 1647/1821/1407
f 1645/1572/1199 165/1813/1402 1541/1575/1202
f 1649/1822/1408 846/1823/1200 1640/57/55
f 194/55/53 1648/1824/1409 1640/57/55
f 1648/1824/1409 1649/1822/1408 1640/57/55
f 1537/1825/1198 1649/1822/1408 1648/1824/1409
f 1650/1826/1410 946/1798/1392 162/1827/1033
f 160/1828/1411 1650/1826/1410 162/1827/1033
f 164/1799/1393 946/1798/1392 1650/1826/1410
f 1537/1825/1198 194/55/53 1446/54/52
f 1652/1829/1412 161/1830/1413 900/1831/1032
f 1651/1832/1414 1652/1829/1412 900/1831/1032
f 684/1814/1403 165/1813/1402 1651/1832/1414
f 165/1813/1402 1652/1829/1412 1651/1832/1414
f 165/1813/1402 161/1830/1413 1652/1829/1412
f 684/1833/1403 900/1305/1032 946/1802/1392
f 161/1830/1413 207/1834/1415 691/1300/1027
f 845/1307/1034 899/1807/1397 161/1830/1413
f 164/1799/1393 160/1828/1411 163/1835/54
f 629/1810/1399 162/1827/1033 859/1310/41
f 1653/1574/1201 683/1836/1294 195/1795/1301
f 1654/1837/1416 843/1838/1417 944/1839/35
f 945/1800/1391 153/1780/1380 947/1801/1390
f 844/1840/1366 1655/1841/1418 154/1842/1381
f 1656/1843/1365 1658/1844/1419 1657/1845/1420
f 1658/1844/1419 897/1757/1361 1657/1845/1420
f 1659/1551/1181 735/1700/1310 682/1680/1295
f 177/1554/1184 787/1702/1312 735/1700/1310
f 1660/1846/1421 206/68/66 786/1579/1204
f 583/1847/1422 734/1784/1196 733/1848/43
f 896/1849/1423 193/1703/1313 1590/36/34
f 1663/1850/936 790/1629/1249 590/1628/1248
f 1539/1851/1205 1663/1850/936 590/1628/1248
f 895/1852/33 940/1853/1424 896/1854/1423
f 1670/1584/1209 1669/38/36 638/40/38
f 1664/1855/1425 151/1816/1404 192/1705/1315
f 191/1707/1317 1664/1855/1425 192/1705/1315
f 1665/1856/1426 146/1857/1427 895/1852/33
f 944/1839/35 843/1838/1417 895/1852/33
f 843/1838/1417 1665/1856/1426 895/1852/33
f 1669/38/36 1670/1584/1209 1542/1309/1036
f 732/1788/1385 153/1787/1380 1667/1858/1428
f 1667/1858/1428 153/1787/1380 945/1797/1391
f 167/69/67 1667/1858/1428 945/1797/1391
f 1572/1647/1267 171/1820/1210 628/1662/1281
f 171/1820/1210 1670/1859/1209 628/1662/1281
f 1668/1860/1429 627/1808/1398 132/1178/932
f 1669/38/36 627/1808/1398 1668/1860/1429
f 145/39/37 1668/1860/1429 132/1178/932
f 132/1861/932 746/1624/1244 582/1650/1270
f 141/1176/930 1420/1175/929 1671/1862/1430
f 1671/1862/1430 1420/1175/929 128/1863/1431
f 129/1864/1432 1671/1862/1430 128/1863/1431
f 1672/1865/1433 841/1866/1434 203/1587/1212
f 1544/1197/948 1672/1865/1433 1543/1586/1211
f 1543/1586/1211 1672/1865/1433 203/1587/1212
f 1544/1197/948 1673/1867/1435 1672/1865/1433
f 1673/1867/1435 1671/1862/1430 841/1866/1434
f 141/1176/930 1671/1862/1430 1673/1867/1435
f 943/1195/946 747/1196/947 942/1593/1217
f 130/1868/1436 1675/1869/1437 937/1870/1438
f 130/1868/1436 939/1871/1439 1675/1869/1437
f 896/1854/1423 1698/1872/1440 894/1873/1441
f 940/1853/1424 146/1857/1427 941/1581/1206
f 1677/1874/1442 139/1875/1443 1676/1876/1444
f 1678/1877/1445 138/1878/1446 1677/1874/1442
f 1676/1876/1444 139/1875/1443 1687/1879/1447
f 130/1868/1436 1676/1876/1444 1687/1879/1447
f 130/1868/1436 1678/1877/1445 1676/1876/1444
f 1682/1880/1448 140/1881/1449 731/1882/1450
f 203/1587/1212 1679/1883/1451 580/1597/1221
f 203/1587/1212 841/1866/1434 1679/1883/1451
f 1681/1884/1452 840/1885/1453 1682/1880/1448
f 129/1864/1432 840/1885/1453 1681/1884/1452
f 1694/1886/1454 839/1887/1455 1684/1888/1456
f 1684/1888/1456 140/1889/1449 1694/1886/1454
f 1685/1890/1457 1684/1888/1456 1683/1891/1458
f 1683/1891/1458 117/1892/1459 1685/1890/1457
f 1685/1890/1457 785/1893/1460 1684/1888/1456
f 785/1893/1460 140/1889/1449 1684/1888/1456
f 1686/1894/1461 579/1895/1225 1695/1896/1462
f 578/1897/1463 1686/1894/1461 1695/1896/1462
f 577/1898/1464 579/1895/1225 1686/1894/1461
f 133/1899/1213 137/1900/1219 593/1631/1251
f 137/1900/1219 938/1641/1261 593/1631/1251
f 138/1878/1446 936/1616/1239 201/1600/1224
f 576/1610/1233 138/1878/1446 201/1600/1224
f 1687/1901/1447 852/1712/1322 189/1902/1465
f 1688/1903/1466 120/1609/1232 574/1119/889
f 139/1875/1443 1688/1903/1466 574/1119/889
f 139/1875/1443 138/1878/1446 1689/1904/1467
f 138/1878/1446 1688/1903/1466 1689/1904/1467
f 1693/1905/1468 129/1864/1432 128/1863/1431
f 136/1906/1255 839/1907/1455 781/1908/1469
f 140/1881/1449 840/1885/1453 1694/1909/1454
f 1694/1909/1454 840/1885/1453 1692/1910/1470
f 681/1718/1328 134/1911/1216 729/1724/1334
f 903/1912/1471 1695/1896/1462 681/1718/1328
f 1420/1193/929 197/1194/945 835/1618/1241
f 128/1913/1431 1420/1193/929 835/1618/1241
f 893/1914/1472 1687/1901/1447 189/1902/1465
f 894/1915/1441 893/1914/1472 190/1720/1330
f 1697/1916/1473 1687/1879/1447 893/1917/1472
f 1699/1918/1474 1696/1919/1475 1698/1872/1440
f 574/1119/889 575/1611/1234 285/809/651
f 574/1119/889 120/1609/1232 575/1611/1234
f 1702/1920/1476 117/1921/1459 1387/1121/891
f 1702/1920/1476 1387/1121/891 690/802/644
f 199/1922/1170 1703/1923/1477 727/1924/1159
f 1703/1923/1477 1705/1925/1478 1704/1926/1479
f 118/1927/173 1707/1928/1480 837/1929/1481
f 837/1929/1481 1707/1928/1480 1705/1925/1478
f 1705/1925/1478 1707/1928/1480 1706/1930/1482
f 726/1931/1343 124/350/327 1709/1932/1483
f 1708/1933/1484 1024/354/137 273/1132/148
f 116/1934/1337 1708/1933/1484 725/1935/1485
f 726/1931/1343 1709/1932/1483 1708/1933/1484
f 126/1936/223 198/236/220 783/1655/1275
f 137/1900/1219 1710/1937/1486 938/1641/1261
f 137/1900/1219 126/1936/223 1710/1937/1486
f 456/1938/221 119/174/169 891/172/167
f 1711/1939/1487 118/178/173 271/177/172
f 782/311/291 838/1940/1488 1711/1939/1487
f 838/1940/1488 118/178/173 1711/1939/1487
f 1387/1138/891 1683/1891/1458 274/915/749
f 1387/1138/891 117/1892/1459 1683/1891/1458
f 1712/1941/1489 1506/1287/1015 212/1286/1014
f 855/1496/1135 1712/1941/1489 212/1286/1014
f 1006/208/202 1713/1942/1490 890/243/233
f 1713/1942/1490 836/1943/171 1714/1944/1491
f 454/221/214 1715/1945/1492 1000/1946/1493
f 454/221/214 1005/220/213 1715/1945/1492
f 1715/1945/1492 1717/166/162 624/164/160
f 1005/220/213 1004/222/215 1716/1947/1494
f 1721/1948/1495 118/1927/173 837/1929/1481
f 458/162/158 1722/1949/1496 1009/1147/904
f 1009/1147/904 1722/1949/1496 273/1132/148
f 458/162/158 1723/1950/1497 1722/1949/1496
f 1723/1950/1497 1724/1951/1498 1722/1949/1496
f 1722/1949/1496 1724/1951/1498 725/1935/1485
f 1723/1950/1497 1010/1952/1335 1724/1951/1498
f 1010/1952/1335 116/1934/1337 1724/1951/1498
f 136/1953/1255 781/1954/1469 835/1618/1241
f 126/1603/223 283/799/641 1725/241/231
f 456/1955/221 126/1603/223 1725/241/231
f 1726/1956/1499 284/247/237 723/66/64
f 201/1600/1224 1726/1956/1499 834/65/63
f 625/223/216 284/247/237 1726/1956/1499
f 1727/1957/1500 1523/1958/1501 889/50/48
f 1008/156/152 1727/1957/1500 889/50/48
f 1728/1959/1502 202/1960/1503 936/1616/1239
f 1731/1961/1504 1025/160/156 680/158/154
f 1731/1961/1504 127/189/183 1025/160/156
f 139/1962/1443 274/915/749 852/1963/1322
f 678/1964/1349 889/1965/48 676/1966/1165
f 572/343/321 1734/1967/1505 214/1968/1137
f 1735/1969/1506 1733/1970/1507 1732/1971/1508
f 679/1972/1509 678/1964/1349 1733/1970/1507
f 573/342/320 1736/1973/1510 1735/1969/1506
f 572/343/321 573/342/320 1734/1967/1505
f 490/1974/1511 1737/1975/1512 535/1976/1513
f 1737/1975/1512 1739/1977/1514 535/1976/1513
f 1738/1978/1515 557/1979/7 1739/1977/1514
f 557/1979/7 70/1980/1516 1739/1977/1514
f 1740/1981/1517 70/1980/1516 557/1979/7
f 1881/1982/1518 1740/1981/1517 557/1979/7
f 1881/1982/1518 113/1983/1519 1740/1981/1517
f 1741/1984/1520 1742/1985/1521 114/1986/1522
f 8/1987/1523 1742/1985/1521 1741/1984/1520
f 8/1987/1523 537/1988/1524 1742/1985/1521
f 1745/1989/1525 114/1986/1522 1882/1990/1526
f 6/1991/1527 1745/1989/1525 1882/1990/1526
f 1882/1990/1526 113/1983/1519 1881/1982/1518
f 6/1991/1527 1882/1990/1526 1881/1982/1518
f 1746/1992/1528 70/1980/1516 556/1993/1529
f 1748/1994/1530 1746/1992/1528 1747/1995/1531
f 1748/1994/1530 70/1980/1516 1746/1992/1528
f 492/1996/1532 112/1997/1533 566/1998/1534
f 1749/1999/1535 492/1996/1532 566/1998/1534
f 47/2000/1536 492/1996/1532 1749/1999/1535
f 48/2001/1537 1751/2002/1538 535/1976/1513
f 48/2001/1537 1750/2003/1539 1751/2002/1538
f 1752/2004/1540 1751/2002/1538 1750/2003/1539
f 45/2005/1541 1753/2006/1542 113/1983/1519
f 45/2005/1541 556/1993/1529 1753/2006/1542
f 556/1993/1529 70/1980/1516 1753/2006/1542
f 1755/2007/1543 113/1983/1519 526/2008/1544
f 1754/2009/1545 1755/2007/1543 526/2008/1544
f 539/2010/1546 1756/2011/1547 12/2012/1548
f 1757/2013/1549 1756/2011/1547 539/2010/1546
f 467/2014/1550 564/2015/1551 1756/2011/1547
f 1757/2016/1549 538/2017/1552 467/2018/1550
f 22/2019/1553 1758/2020/1554 109/2021/1555
f 1759/2022/1556 111/2023/1557 1758/2020/1554
f 1759/2022/1556 17/2024/1558 111/2023/1557
f 12/2012/1548 571/2025/1559 499/2026/1560
f 499/2026/1560 571/2025/1559 111/2023/1557
f 4/2027/1561 22/2028/1553 1760/2029/1562
f 1761/2030/1563 1768/2031/1564 40/2032/1565
f 507/2033/1566 1761/2030/1563 40/2032/1565
f 1763/2034/1567 1852/2035/1568 540/2036/1569
f 469/2037/1570 1763/2034/1567 1762/2038/1571
f 483/2039/1572 1764/2040/1573 59/34/32
f 1766/2041/1574 531/32/30 1764/2040/1573
f 59/34/32 76/33/31 480/2042/1575
f 1768/2031/1564 1765/2043/1576 483/2044/1572
f 1768/2031/1564 532/2045/1577 1765/2043/1576
f 1769/2046/1578 1784/2047/1579 103/2048/1580
f 1770/2049/1581 103/2048/1580 107/2050/1582
f 517/2051/1583 1770/2049/1581 107/2050/1582
f 1770/2049/1581 1769/2046/1578 103/2048/1580
f 46/2052/1584 497/2053/1585 1856/2054/1586
f 497/2053/1585 104/2055/1587 1856/2054/1586
f 515/2056/1588 89/2057/1589 88/2058/1590
f 1856/2059/1586 1787/2060/1591 88/2058/1590
f 104/2061/1587 1787/2060/1591 1856/2059/1586
f 515/2056/1588 56/2062/1592 89/2057/1589
f 1772/2063/1593 108/2064/1594 535/1976/1513
f 106/2065/1595 1771/2066/1596 566/1998/1534
f 488/2067/1597 1772/2063/1593 1771/2066/1596
f 1773/2068/1598 566/2069/1534 56/2062/1592
f 569/2070/1599 1773/2068/1598 56/2062/1592
f 546/2071/1600 106/2072/1595 1773/2068/1598
f 1784/2047/1579 497/2053/1585 46/2052/1584
f 91/2073/1601 570/2074/1602 107/2075/1582
f 554/2076/1603 498/2077/1604 1774/2078/1605
f 14/2079/1606 498/2077/1604 554/2076/1603
f 1775/2080/1607 105/2081/27 115/2082/1608
f 1776/2083/1609 105/2081/27 1775/2080/1607
f 115/2084/1608 518/31/29 14/2079/1606
f 1777/2085/1610 519/2086/1611 1769/2046/1578
f 1780/2087/1612 100/2088/1613 1778/2089/1614
f 1778/2089/1614 100/2088/1613 498/2077/1604
f 1779/30/28 1778/2089/1614 518/31/29
f 105/29/27 1780/2087/1612 1779/30/28
f 1781/2090/1615 99/2091/1616 105/2081/27
f 108/2064/1594 1781/2090/1615 105/2081/27
f 107/2075/1582 570/2074/1602 517/2092/1583
f 570/2074/1602 522/2093/1617 517/2092/1583
f 570/2074/1602 1782/2094/1618 522/2093/1617
f 1783/2095/1619 1769/2046/1578 517/2051/1583
f 24/2096/1620 1783/2095/1619 466/2097/1621
f 1777/2085/1610 1769/2046/1578 1783/2095/1619
f 101/2098/1622 516/2099/1623 1785/2100/1624
f 491/2101/1625 1773/2068/1598 569/2070/1599
f 516/2102/1623 488/2067/1597 106/2065/1595
f 101/2103/1622 488/2067/1597 516/2102/1623
f 491/2101/1625 569/2070/1599 515/2056/1588
f 98/2104/1626 102/2105/1627 1787/2060/1591
f 1787/2060/1591 472/2106/1628 515/2056/1588
f 1788/2107/1629 98/2108/1626 104/2055/1587
f 497/2053/1585 1788/2107/1629 104/2055/1587
f 497/2053/1585 528/2109/1630 1788/2107/1629
f 1792/2110/1631 97/2111/1632 1790/2112/1633
f 1790/2112/1633 545/2113/1634 19/2114/1635
f 1790/2112/1633 97/2111/1632 545/2113/1634
f 27/2115/26 1791/2116/1636 19/2114/1635
f 27/2115/26 13/2117/1637 95/2118/1638
f 545/2119/1634 97/2120/1632 555/2121/1639
f 476/2122/1640 1793/2123/1641 544/2124/1642
f 1795/2125/1643 1794/2126/1644 1793/2123/1641
f 1796/2127/1645 1792/2128/1631 95/2129/1638
f 1797/2130/1646 97/2131/1632 1792/2128/1631
f 1794/2126/1644 1796/2127/1645 95/2129/1638
f 96/2132/1647 1796/2127/1645 1794/2126/1644
f 1798/2133/1648 93/2134/1649 28/2135/1650
f 1798/2133/1648 94/2/2 93/2134/1649
f 13/2136/1637 94/2/2 1798/2133/1648
f 1799/2137/1651 93/2134/1649 554/2076/1603
f 20/2138/1652 1799/2137/1651 554/2076/1603
f 20/2138/1652 28/2135/1650 1799/2137/1651
f 1801/2139/1653 534/2140/1654 487/2141/1655
f 72/2142/1656 1801/2139/1653 487/2141/1655
f 61/2143/1657 494/2144/1658 534/2145/1654
f 64/2146/1659 496/2147/25 90/2148/1660
f 1802/2149/1661 530/2150/24 55/2151/23
f 72/2142/1656 1803/2152/1662 55/2151/23
f 530/2153/24 90/2154/1660 496/2155/25
f 534/2156/1654 1805/2157/1663 487/2158/1655
f 494/2159/1658 1806/2160/1664 1805/2157/1663
f 534/2156/1654 494/2159/1658 1805/2157/1663
f 62/2161/1665 1807/2162/1666 89/2057/1589
f 62/2161/1665 61/2163/1657 1807/2162/1666
f 62/2161/1665 486/2164/1667 543/2165/1668
f 61/2163/1657 87/24/22 88/2058/1590
f 72/2166/1656 87/24/22 61/2163/1657
f 55/2167/23 87/24/22 72/2166/1656
f 64/2168/1659 86/2169/1669 55/2167/23
f 482/2170/1670 86/2169/1669 64/2168/1659
f 543/2165/1668 486/2164/1667 64/2168/1659
f 560/2171/1671 83/2172/1672 1808/2173/1673
f 1808/2173/1673 83/2172/1672 1809/2174/1674
f 1814/2175/1675 1808/2173/1673 1813/2176/1676
f 78/2177/1677 560/2171/1671 1808/2173/1673
f 83/2172/1672 561/2178/1678 1819/2179/1679
f 561/2178/1678 80/2180/1680 1819/2179/1679
f 1817/2181/1681 553/2182/1682 65/2183/18
f 1827/2184/1683 1817/2181/1681 513/2185/17
f 553/2186/1682 514/2187/1684 65/20/18
f 485/2188/1685 509/2189/1686 63/2190/1687
f 84/2191/1688 1810/2192/1689 49/2193/1690
f 506/2194/1691 85/2195/1692 9/2196/1693
f 1812/2197/1694 536/2198/1695 1871/2199/1696
f 84/2191/1688 1812/2197/1694 1871/2199/1696
f 568/2200/1697 521/2201/1698 464/2202/1699
f 484/2203/1700 533/2204/1701 568/2200/1697
f 1813/2176/1676 1809/2174/1674 1777/2085/1610
f 24/2096/1620 1813/2176/1676 1777/2085/1610
f 1777/2085/1610 1809/2174/1674 1815/2205/1702
f 1816/2206/1703 78/2207/1677 521/2201/1698
f 560/2208/1671 78/2207/1677 1816/2206/1703
f 1871/2199/1696 79/2209/1704 84/2191/1688
f 81/2210/1705 82/2211/1706 1817/2181/1681
f 1818/2212/1707 514/2213/1684 553/2214/1682
f 80/2180/1680 514/2213/1684 1818/2212/1707
f 80/2180/1680 36/2215/1708 1815/2205/1702
f 80/2180/1680 1815/2205/1702 1819/2179/1679
f 485/2188/1685 79/2216/1704 81/2210/1705
f 1820/2217/1709 1818/2218/1707 553/2182/1682
f 1817/2181/1681 82/2211/1706 1820/2217/1709
f 82/2211/1706 1818/2218/1707 1820/2217/1709
f 74/2219/1710 532/2045/1577 1768/2031/1564
f 532/2045/1577 110/2220/1711 1765/2043/1576
f 77/2221/1712 110/2220/1711 532/2045/1577
f 74/2219/1710 77/2221/1712 532/2045/1577
f 495/2222/1713 552/2223/1714 540/2036/1569
f 468/2224/1715 552/2223/1714 495/2222/1713
f 110/2225/1711 1821/2226/1716 531/32/30
f 1821/2226/1716 76/33/31 1822/2227/1717
f 471/2228/1718 551/2229/1719 538/2017/1552
f 552/2223/1714 470/2230/1720 540/2036/1569
f 552/2223/1714 75/2231/1721 470/2230/1720
f 68/2232/1722 73/2233/1723 529/2234/21
f 43/2235/1724 68/2232/1722 529/2234/21
f 43/2235/1724 529/2234/21 66/2236/20
f 55/25/23 496/27/25 64/2237/1659
f 486/2164/1667 57/2238/1725 482/2170/1670
f 529/23/21 73/2239/1723 87/24/22
f 86/2169/1669 66/22/20 87/24/22
f 1754/2240/1545 69/2241/1726 1755/2242/1543
f 1823/2243/1727 112/2244/1533 526/2245/1544
f 57/2238/1725 1823/2243/1727 526/2245/1544
f 57/2238/1725 71/2246/1728 1823/2243/1727
f 68/2232/1722 43/2235/1724 44/2247/1729
f 1824/2248/1730 66/2236/20 77/2221/1712
f 74/2219/1710 1824/2248/1730 77/2221/1712
f 1825/2249/1731 1847/21/19 512/2250/271
f 60/2251/258 1825/2249/1731 512/2250/271
f 510/2252/1732 1828/2253/1733 1825/2249/1731
f 510/2252/1732 1827/2254/1683 1828/2253/1733
f 1828/2253/1733 513/19/17 1826/2255/1734
f 82/2211/1706 1829/2256/1735 1818/2218/1707
f 1829/2256/1735 1848/2257/1736 1818/2218/1707
f 1829/2256/1735 67/2258/1737 1848/2257/1736
f 1830/2259/1738 67/2260/1737 98/2108/1626
f 528/2109/1630 1830/2259/1738 98/2108/1626
f 36/2215/1708 67/2260/1737 1830/2259/1738
f 1831/2261/1739 558/2262/1740 483/2263/1572
f 1831/2261/1739 483/2263/1572 59/2264/32
f 481/2265/1741 1831/2261/1739 59/2264/32
f 481/2265/1741 558/2262/1740 1831/2261/1739
f 1832/2266/1742 73/2233/1723 68/2232/1722
f 46/2052/1584 1832/2266/1742 68/2232/1722
f 76/33/31 482/2170/1670 468/2224/1715
f 1833/2267/1743 565/2268/1744 491/2101/1625
f 102/2105/1627 1833/2267/1743 491/2101/1625
f 102/2105/1627 51/2269/1745 1833/2267/1743
f 543/2270/1668 90/2148/1660 62/2271/1665
f 1835/2272/1746 480/2273/1575 1834/2274/1747
f 1834/2274/1747 480/2273/1575 540/2275/1569
f 52/2276/1748 1834/2274/1747 540/2275/1569
f 52/2276/1748 1835/2272/1746 1834/2274/1747
f 79/2216/1704 565/2268/1744 81/2210/1705
f 54/2277/1749 565/2268/1744 79/2216/1704
f 1836/2278/1750 479/2279/1751 511/2280/253
f 1838/2281/1752 63/2282/1687 479/2279/1751
f 39/2283/141 1836/2278/1750 511/2280/253
f 985/2284/139 1837/2285/1753 1836/2278/1750
f 567/2286/1754 514/2213/1684 561/2178/1678
f 561/2178/1678 58/2287/1755 567/2286/1754
f 1845/2288/1756 50/2289/138 449/2290/140
f 41/2291/136 1842/2292/1757 449/2290/140
f 1841/2293/1758 1844/2294/1759 1842/2292/1757
f 1846/18/16 567/2286/1754 58/2287/1755
f 549/2295/1760 1846/18/16 58/2287/1755
f 567/2296/1754 38/2297/15 512/2250/271
f 65/20/18 567/2296/1754 1847/21/19
f 36/2215/1708 80/2180/1680 1848/2298/1736
f 1848/2298/1736 80/2180/1680 1818/2212/1707
f 67/2258/1737 51/2269/1745 102/2105/1627
f 1849/2299/1761 57/2238/1725 552/2223/1714
f 468/2224/1715 1849/2299/1761 552/2223/1714
f 468/2224/1715 482/2170/1670 1849/2299/1761
f 482/2170/1670 57/2238/1725 1849/2299/1761
f 54/2300/1749 53/2301/1762 1850/2302/1763
f 37/2303/1764 1851/2304/1765 478/2305/1766
f 565/2268/1744 54/2277/1749 491/2101/1625
f 89/2057/1589 56/2062/1592 486/2164/1667
f 1852/2306/1568 1853/2307/1767 540/2308/1569
f 1854/2309/1768 1853/2307/1767 1852/2306/1568
f 541/2310/1769 1854/2309/1768 1852/2306/1568
f 1855/2311/1770 1853/2307/1767 1854/2309/1768
f 538/2017/1552 1855/2311/1770 541/2310/1769
f 88/2058/1590 87/24/22 73/2239/1723
f 1857/2312/1771 527/2313/1772 69/2241/1726
f 527/2313/1772 1857/2312/1771 556/2314/1529
f 47/2315/1536 1750/2316/1539 1858/2317/1773
f 1750/2316/1539 48/2318/1537 1859/2319/1774
f 1835/2272/1746 1860/2320/1775 480/2273/1575
f 563/2321/1776 46/2052/1584 68/2232/1722
f 1784/2047/1579 46/2052/1584 563/2321/1776
f 77/2322/1712 1862/2323/1777 76/33/31
f 1862/2323/1777 1864/2324/1778 1863/2325/1779
f 81/2210/1705 565/2268/1744 51/2269/1745
f 525/2326/1780 113/1983/1519 551/2229/1719
f 75/2327/1721 525/2326/1780 551/2229/1719
f 526/2008/1544 113/1983/1519 525/2326/1780
f 1866/2328/1781 60/2251/258 508/2329/255
f 479/2279/1751 1865/2330/1782 511/2280/253
f 63/2282/1687 1865/2330/1782 479/2279/1751
f 552/2223/1714 525/2331/1780 75/2231/1721
f 43/2235/1724 507/2033/1566 44/2247/1729
f 1867/2332/1783 1768/2031/1564 483/2044/1572
f 558/2333/1740 1867/2332/1783 483/2044/1572
f 1870/2334/1784 42/2335/1785 1869/2336/1786
f 37/2337/1764 1868/2338/1787 101/2103/1622
f 478/2339/1766 1870/2334/1784 1868/2338/1787
f 1874/2340/1788 37/2341/1764 1873/2342/1789
f 54/2277/1749 1872/2343/1790 491/2101/1625
f 1874/2340/1788 1873/2342/1789 1872/2343/1790
f 54/2277/1749 1874/2340/1788 1872/2343/1790
f 4/2027/1561 1760/2029/1562 30/2344/1791
f 35/2345/1792 30/2344/1791 1760/2029/1562
f 111/2023/1557 571/2025/1559 32/2346/1793
f 1875/2347/1794 33/2348/1795 34/2349/1796
f 571/2025/1559 1875/2347/1794 34/2349/1796
f 571/2025/1559 33/2348/1795 1875/2347/1794
f 1876/2350/1797 1921/2351/1798 35/2352/1792
f 1877/2353/1799 32/2346/1793 1921/2351/1798
f 1758/2020/1554 1877/2353/1799 1876/2350/1797
f 111/2023/1557 32/2346/1793 1877/2353/1799
f 467/2018/1550 551/2229/1719 1878/2354/1800
f 538/2017/1552 551/2229/1719 467/2018/1550
f 4/2027/1561 507/2033/1566 40/2032/1565
f 550/14/11 29/2355/12 26/15/13
f 559/2356/1801 562/13/3 26/15/13
f 1798/2357/1648 1879/2358/1802 476/2359/1640
f 28/2360/1650 1879/2358/1802 1798/2357/1648
f 28/2360/1650 96/2361/1647 1879/2358/1802
f 92/10/10 562/3/3 94/2/2
f 1880/9/9 501/8/8 1741/2362/1520
f 6/2363/1527 1880/9/9 1741/2362/1520
f 1881/2364/1518 557/7/7 1880/9/9
f 1882/2365/1526 114/2366/1522 477/2367/1803
f 559/2356/1801 563/2321/1776 44/2247/1729
f 1883/2368/1804 562/13/3 559/2356/1801
f 30/2344/1791 1883/2368/1804 559/2356/1801
f 1885/2369/1805 21/2370/1806 5/2371/1807
f 18/2372/308 1884/2373/1808 547/2374/1809
f 18/2372/308 524/2375/303 1884/2373/1808
f 1884/2373/1808 1885/2369/1805 5/2371/1807
f 524/2375/303 523/2376/1810 1884/2373/1808
f 1884/2373/1808 1886/2377/1811 1885/2369/1805
f 1887/2378/1812 24/2379/1620 10/2380/1813
f 521/2201/1698 1887/2378/1812 10/2380/1813
f 521/2201/1698 1814/2381/1675 1887/2378/1812
f 1888/2382/1814 558/2262/1740 481/2265/1741
f 500/2383/1815 1888/2382/1814 481/2265/1741
f 25/2384/1816 7/2385/1817 1889/2386/1818
f 1889/2386/1818 7/2385/1817 26/15/13
f 29/2355/12 1889/2386/1818 26/15/13
f 1890/2387/1819 93/2134/1649 94/2/2
f 32/2346/1793 34/2349/1796 1890/2387/1819
f 34/2349/1796 93/2134/1649 1890/2387/1819
f 465/2388/1820 11/2389/1821 10/2380/1813
f 1891/2390/1822 52/2276/1748 12/2391/1548
f 499/2392/1560 1891/2390/1822 12/2391/1548
f 489/2393/1823 52/2276/1748 1891/2390/1822
f 499/2392/1560 489/2393/1823 1891/2390/1822
f 3/2394/326 1892/2395/1824 502/2396/1825
f 1893/2397/1826 1895/6/6 1894/2398/1827
f 505/2399/309 474/4/4 1893/2397/1826
f 1893/2397/1826 474/4/4 1895/6/6
f 448/2400/135 1897/2401/1828 475/2402/149
f 448/2400/135 1898/2403/1829 1897/2401/1828
f 448/2400/135 1900/2404/1830 1898/2403/1829
f 1900/2404/1830 502/2405/1825 1901/2406/1831
f 1901/2406/1831 502/2405/1825 1902/2407/1832
f 2/2408/289 493/16/14 1904/2409/1833
f 1903/2410/1834 549/2295/1760 58/2287/1755
f 1904/2409/1833 493/16/14 549/2295/1760
f 1903/2410/1834 1904/2409/1833 549/2295/1760
f 1896/2411/1835 1903/2410/1834 58/2287/1755
f 16/2412/1836 1903/2410/1834 1896/2411/1835
f 16/2413/1836 21/2370/1806 1905/2414/1837
f 1905/2414/1837 21/2370/1806 523/2376/1810
f 2/2415/289 1905/2414/1837 23/2416/297
f 2/2415/289 16/2413/1836 1905/2414/1837
f 560/2417/1671 16/2413/1836 83/2418/1672
f 466/2419/1621 10/2380/1813 24/2379/1620
f 517/2092/1583 522/2093/1617 466/2419/1621
f 522/2093/1617 10/2380/1813 466/2419/1621
f 34/2349/1796 1906/2420/1838 93/2134/1649
f 1906/2420/1838 15/2421/1839 93/2134/1649
f 1907/2422/1840 1/2423/1841 473/2424/1842
f 1909/2425/1843 1/2423/1841 1907/2422/1840
f 1908/2426/1844 1907/2422/1840 42/2427/1785
f 1908/2426/1844 1909/2425/1843 1907/2422/1840
f 53/2301/1762 1908/2426/1844 42/2427/1785
f 53/2301/1762 1909/2425/1843 1908/2426/1844
f 465/2388/1820 100/2088/1613 11/2389/1821
f 477/2367/1803 554/2076/1603 93/2134/1649
f 1911/2428/1845 538/2017/1552 1910/2429/1846
f 1757/2016/1549 1910/2429/1846 538/2017/1552
f 1757/2016/1549 539/2430/1546 1910/2429/1846
f 1912/2431/1847 1910/2429/1846 539/2430/1546
f 1912/2431/1847 1911/2428/1845 1910/2429/1846
f 12/2432/1548 1912/2431/1847 539/2430/1546
f 1913/2433/1848 25/2434/1816 29/12/12
f 92/10/10 1913/2433/1848 29/12/12
f 501/8/8 1914/2435/1849 1741/2362/1520
f 1914/2435/1849 1916/2436/1850 1915/2437/1851
f 501/8/8 557/7/7 1738/2438/1515
f 499/2392/1560 1917/2439/1852 489/2393/1823
f 17/2440/1558 1917/2439/1852 499/2392/1560
f 500/2383/1815 1918/2441/1853 1917/2439/1852
f 477/2367/1803 114/2366/1522 14/2079/1606
f 114/2366/1522 537/2442/1524 14/2079/1606
f 563/2321/1776 26/15/13 7/2385/1817
f 35/2352/1792 1919/2443/1854 548/2444/1855
f 35/2352/1792 1921/2351/1798 1919/2443/1854
f 1919/2443/1854 1920/1/1 562/3/3
f 1921/2351/1798 32/2346/1793 1920/1/1
f 464/2202/1699 10/2380/1813 11/2389/1821
f 551/2229/1719 113/1983/1519 1882/1990/1526
f 31/2445/1856 551/2229/1719 1882/1990/1526
f 1922/2446/1857 474/4/4 505/2399/309
f 547/2374/1809 1924/2447/1858 1922/2446/1857
f 18/2372/308 1923/2448/1859 520/2449/311
f 1925/2450/1860 1882/2365/1526 15/2421/1839
f 559/2356/1801 44/2247/1729 507/2033/1566
f 30/2344/1791 559/2356/1801 507/2033/1566
f 1926/2451/1861 40/2032/1565 558/2333/1740
f 4/2027/1561 1926/2451/1861 22/2028/1553
f 1927/2452/1862 1/2453/1841 99/2091/1616
f 1781/2090/1615 1928/2454/1863 99/2091/1616
f 1928/2454/1863 473/2455/1842 1927/2452/1862
f 1871/2456/1696 536/2457/1695 53/2301/1762
f 1930/2458/1864 11/2389/1821 1929/2459/1865
f 1931/2460/1866 1/2461/1841 1930/2458/1864
f 1780/2087/1612 1929/2459/1865 100/2088/1613
f 99/2462/1616 1929/2459/1865 1780/2087/1612
f 99/2462/1616 1931/2460/1866 1929/2459/1865
f 103/2048/1580 1784/2047/1579 7/2385/1817
f 1920/1/1 32/2346/1793 94/2/2
f 14/2079/1606 537/2442/1524 115/2084/1608
f 1902/2407/1832 502/2405/1825 9/2463/1693
f 1887/2378/1812 1814/2381/1675 24/2379/1620
f 1883/2368/1804 548/2464/1855 562/13/3
f 1823/2243/1727 71/2246/1728 112/2244/1533
f 568/2200/1697 533/2204/1701 521/2201/1698
f 1812/2197/1694 85/2465/1692 536/2198/1695
f 1015/155/151 1014/1667/1284 123/2466/1174
f 1627/1763/1367 1632/1768/1371 184/1764/1358
f 637/186/180 450/2467/225 680/184/154
f 745/42/40 944/37/35 742/53/51
f 1583/1693/1305 195/1689/1301 683/1694/1294
f 1565/1652/1272 906/1180/934 592/1634/1254
f 1558/1630/1250 592/1634/1254 593/1631/1251
f 1505/1494/1133 217/328/306 221/1495/1134
f 900/1305/1032 848/2468/1395 859/43/41
f 1442/1254/993 235/1417/1075 249/1255/994
f 1440/1252/992 1441/1242/985 264/1216/964
f 1431/1222/970 964/1226/974 915/1212/961
f 1427/1217/965 262/1241/963 268/2469/962
f 269/1210/959 857/1209/958 915/1212/961
f 1426/80/77 1425/1204/954 266/81/78
f 1416/1164/918 638/40/38 145/39/37
f 653/801/643 666/798/242 457/242/232
f 274/915/749 924/2470/686 760/2471/905
f 1151/2472/1867 874/2473/448 762/1008/813
f 1337/1028/826 874/508/448 327/510/450
f 715/513/453 335/884/719 933/511/451
f 1310/949/775 820/952/778 709/867/704
f 1296/911/745 878/211/204 356/210/187
f 1277/869/706 346/871/593 813/2474/1868
f 713/100/97 310/1035/829 335/884/719
f 328/825/612 330/828/666 1324/878/713
f 922/2475/784 342/944/771 970/2476/712
f 1258/846/684 292/811/653 364/847/685
f 818/832/670 972/827/665 331/826/609
f 819/835/673 610/986/101 766/2477/600
f 1233/788/631 925/793/636 372/789/632
f 1218/726/579 1265/731/582 280/718/84
f 1187/649/525 981/2478/117 982/650/116
f 1150/514/454 920/765/611 817/509/449
f 1151/2472/1867 933/511/451 874/2473/448
f 1149/103/100 427/1015/818 312/101/98
f 1141/455/409 618/459/413 430/456/410
f 1135/443/400 720/423/384 439/124/120
f 779/122/118 885/2479/425 443/123/119
f 770/392/360 1118/380/350 1291/381/351
f 1023/147/143 39/145/141 987/148/144
f 1392/151/147 1024/141/137 41/140/136
f 1025/160/156 1026/154/150 680/158/154
f 127/189/183 1027/159/155 1025/160/156
f 127/189/183 462/157/153 1027/159/155
f 1028/161/157 459/168/164 458/162/158
f 277/163/159 624/164/160 1028/161/157
f 624/164/160 1717/166/162 724/165/161
f 1030/169/165 836/176/171 1013/170/133
f 1022/171/166 1029/173/168 1030/169/165
f 891/172/167 1031/175/170 1029/173/168
f 1029/173/168 1031/175/170 1030/169/165
f 119/174/169 836/176/171 1031/175/170
f 1006/208/202 1032/1534/1167 1021/138/134
f 1032/1534/1167 1034/136/132 1021/138/134
f 1020/180/175 1035/183/178 1036/2480/1869 1037/182/177
f 1032/1534/1167 1033/179/174 1034/136/132
f 1033/179/174 118/178/173 1034/136/132
f 1040/181/176 1008/2481/152 1020/180/175
f 121/167/163 636/1730/1339 1035/183/178
f 1035/183/178 1020/180/175 724/165/161
f 636/1730/1339 1036/2480/1869 1035/183/178
f 1036/2480/1869 636/1730/1339 1038/185/179 1039/187/181
f 637/186/180 1038/185/179 636/1730/1339
f 1037/182/177 1036/2480/1869 1039/187/181 1040/181/176
f 1040/181/176 1039/187/181 680/184/154 1008/2481/152
f 1041/188/182 127/189/183 891/172/167 1042/190/184
f 1041/188/182 1019/191/185 462/157/153
f 655/196/190 757/195/189 277/163/159 1044/198/192
f 891/172/167 1022/171/166 1042/190/184
f 1043/135/131 1016/134/130 652/194/188
f 356/210/187 1050/212/205 1053/217/210 460/909/83
f 458/162/158 1007/200/194 1044/198/192
f 968/204/198 1046/2482/1870 1045/203/197
f 1046/2482/1870 865/201/195 1045/203/197
f 1046/2482/1870 461/2483/200 865/201/195
f 968/204/198 463/858/696 1046/2482/1870
f 1046/2482/1870 1018/2484/1871 461/2483/200
f 1046/2482/1870 463/858/696 1018/2484/1871
f 1047/205/199 1006/208/202 461/206/200
f 1048/209/203 878/211/204 1049/213/206 1050/212/205
f 655/196/190 654/199/193 1049/213/206
f 968/204/198 1054/218/211 1016/134/130 463/858/696
f 654/199/193 1051/215/208 1049/213/206
f 1051/215/208 1052/214/207 1049/213/206
f 1052/214/207 1053/217/210 1050/212/205
f 1051/215/208 1017/216/209 1052/214/207
f 1007/200/194 1017/216/209 1051/215/208
f 1017/216/209 460/909/83 1053/217/210
f 122/238/228 450/232/225 187/235/227 1595/1709/1319
f 450/232/225 122/238/228 453/1623/1243
f 1725/241/231 890/243/233 119/2485/169 456/1955/221
f 1056/226/219 454/221/214 284/247/237 1055/225/218
f 1056/226/219 1057/219/212 454/221/214
f 1060/231/224 1004/233/215 625/2486/216 1059/234/226
f 284/247/237 625/223/216 1055/225/218
f 1056/226/219 1058/224/217 1057/219/212
f 1058/224/217 625/223/216 1004/222/215
f 625/2486/216 577/1898/1464 1059/234/226
f 1003/131/127 1061/240/230 999/2487/246 452/1156/746
f 577/1898/1464 578/1897/1463 1059/234/226
f 578/1897/1463 187/235/227 1059/234/226
f 122/238/228 1001/237/222 453/1623/1243
f 1061/240/230 1003/131/127 279/133/129
f 354/239/229 999/2487/246 1061/240/230
f 1063/244/234 1062/248/238 284/247/237 454/221/214
f 890/243/233 457/242/232 276/1143/196
f 755/249/239 1062/248/238 866/246/236
f 1062/248/238 1063/244/234 866/246/236
f 452/912/746 999/256/246 804/255/245 1065/258/247
f 1064/251/241 457/1134/232 666/252/242
f 803/254/244 866/246/236 804/255/245
f 805/2488/1872 804/255/245 354/257/229
f 669/261/250 1069/263/252 1071/270/259 384/271/260
f 866/246/236 455/245/235 1065/258/247
f 1065/258/247 455/245/235 452/912/746
f 1066/259/248 451/132/128 1064/251/241
f 386/708/565 651/274/263 1073/277/266 774/278/267
f 1068/265/254 1067/260/249 998/262/251
f 1068/265/254 1069/263/252 1067/260/249
f 508/266/255 60/269/258 1072/268/257
f 508/266/255 1072/268/257 1070/267/256
f 1070/267/256 1071/270/259 1069/263/252
f 1070/267/256 1072/268/257 1071/270/259
f 2/309/289 23/317/297 1088/314/294 1089/313/293
f 1075/276/265 669/281/250 774/278/267
f 651/274/263 989/273/262 1073/277/266
f 989/273/262 988/279/268 1074/275/264
f 989/273/262 1074/275/264 1073/277/266
f 988/279/268 511/358/253 1076/280/269
f 1076/280/269 511/358/253 998/282/251
f 1078/287/272 1079/283/270 60/285/258
f 512/286/271 1077/289/274 1078/287/272
f 1077/289/274 1079/283/270 1078/287/272
f 670/288/273 384/284/260 1079/283/270
f 1082/291/276 512/301/271 368/292/277
f 977/294/279 385/295/275 1080/293/278
f 1081/296/280 1082/291/276 1080/293/278
f 385/295/275 1077/297/274 1081/296/280
f 1077/297/274 512/301/271 1082/291/276
f 1083/300/283 1084/299/282 368/292/277
f 1085/304/285 1086/307/287 281/305/286
f 38/302/15 493/306/14 1085/304/285
f 1086/307/287 493/306/14 281/305/286
f 281/305/286 1087/308/288 782/311/291
f 2/309/289 996/310/290 1087/308/288
f 1089/313/293 996/310/290 2/309/289
f 995/315/295 1088/314/294 1091/316/296 1092/320/300
f 1090/312/292 996/310/290 1089/313/293
f 995/315/295 728/1528/1161 1090/312/292
f 728/1528/1161 996/310/290 1090/312/292
f 1096/329/307 18/330/308 520/333/311 1095/332/310
f 524/325/303 18/330/308 1094/326/304
f 1094/326/304 217/328/306 792/321/301
f 1094/326/304 18/330/308 993/327/305
f 1099/334/312 217/328/306 993/327/305
f 505/331/309 992/2489/315 1095/332/310
f 1104/130/126 1102/336/314 1101/339/317 1103/341/319
f 992/2489/315 991/2490/125 1095/332/310
f 991/2490/125 1097/2491/1873 1095/332/310
f 1095/332/310 1097/2491/1873 1098/335/313
f 1095/332/310 1098/335/313 1096/329/307
f 1098/335/313 1099/334/312 1096/329/307
f 991/2490/125 218/1522/124 1097/2491/1873
f 218/1522/124 1098/335/313 1097/2491/1873
f 218/1522/124 217/328/306 1098/335/313
f 1102/336/314 1104/130/126 991/129/125
f 188/338/316 1100/340/318 1101/339/317
f 992/337/315 1101/339/317 1102/336/314
f 188/338/316 573/342/320 1100/340/318
f 1105/1517/1153 1103/341/319 1100/340/318 572/343/321
f 188/338/316 1106/344/322 1107/348/325 685/351/328
f 1103/341/319 1105/1517/1153 1104/130/126
f 1105/1517/1153 218/128/124 1104/130/126
f 505/346/309 1106/344/322 992/337/315
f 1110/359/332 988/279/268 989/273/262 357/272/261
f 504/345/323 990/347/324 1106/344/322
f 990/347/324 124/350/327 1107/348/325
f 990/347/324 1109/355/330 124/350/327
f 1108/352/329 990/347/324 3/349/326
f 1112/361/334 987/927/144 39/357/141
f 1110/359/332 1111/356/331 511/358/253
f 1111/356/331 1112/361/334 39/357/141
f 1110/359/332 1113/360/333 1111/356/331
f 1113/360/333 1110/359/332 357/272/261 712/926/756
f 1112/361/334 1113/360/333 712/926/756 987/927/144
f 619/450/406 1127/424/385 621/407/371 441/413/377
f 1115/366/336 1392/1131/147 41/364/136
f 1115/366/336 41/364/136 1114/363/335
f 449/362/140 969/365/142 1114/363/335
f 969/365/142 1392/1131/147 1115/366/336
f 1116/372/342 623/367/337 812/369/339
f 623/367/337 1116/372/342 935/371/341
f 665/391/359 369/126/122 1118/380/350
f 297/382/87 935/371/341 809/1067/847
f 935/371/341 297/382/87 623/367/337
f 1119/384/353 304/368/338 623/367/337
f 1120/385/354 1348/388/357 314/386/355
f 1348/388/357 1120/385/354 1230/389/340
f 1230/370/340 1116/372/342 607/773/358
f 608/394/362 665/391/359 770/392/360
f 316/399/361 298/1078/363 1121/396/364
f 369/126/122 318/1060/352 297/90/87
f 1122/400/367 300/821/661 447/387/356
f 984/373/343 703/378/348 1122/400/367
f 1122/400/367 703/378/348 300/821/661
f 984/373/343 314/386/355 1360/374/344
f 447/387/356 314/386/355 984/373/343
f 303/404/349 675/401/368 373/405/369
f 771/127/123 369/126/122 361/89/86
f 1291/381/351 780/125/121 771/127/123
f 373/405/369 299/397/365 918/1077/856
f 1356/1073/852 809/1067/847 872/782/625
f 809/1067/847 1230/370/340 872/782/625
f 809/1067/847 935/371/341 1230/370/340
f 778/422/383 885/2479/425 779/122/118
f 674/2492/387 885/2479/425 778/422/383
f 442/2493/374 885/2479/425 674/2492/387
f 1123/409/373 622/412/376 441/413/377
f 621/407/371 1123/409/373 441/413/377
f 721/406/370 622/412/376 1123/409/373
f 1124/411/375 441/413/377 622/412/376
f 721/406/370 886/408/372 1126/414/378
f 439/2494/120 1125/418/382 620/427/388
f 439/2494/120 443/2495/119 1125/418/382
f 1126/2496/378 444/419/381 445/421/379
f 720/423/384 779/122/118 439/124/120
f 674/2492/387 778/422/383 720/423/384
f 440/425/386 1127/424/385 619/450/406
f 1138/451/407 674/426/387 437/452/107 1139/449/405
f 441/413/377 674/426/387 619/450/406
f 444/417/381 438/441/395 620/427/388
f 433/429/115 436/2497/401 1129/2498/1874
f 433/429/115 1129/2498/1874 1128/428/389
f 436/2497/401 439/2494/120 1129/2498/1874
f 1129/2498/1874 439/2494/120 1128/428/389
f 1128/428/389 439/2494/120 620/427/388
f 833/432/392 1130/434/393 1131/430/390
f 440/433/386 1136/2499/402 1130/434/393
f 1136/2499/402 617/2500/404 1130/434/393
f 1130/434/393 617/2500/404 435/431/391
f 1133/437/396 434/438/397 438/436/395
f 833/432/392 1133/437/396 1132/435/394
f 438/441/395 1134/439/398 620/427/388
f 436/444/401 1135/443/400 439/124/120
f 934/442/399 720/423/384 1135/443/400
f 1137/446/403 619/450/406 432/448/109
f 1136/445/402 440/425/386 1137/446/403
f 1137/446/403 440/425/386 619/450/406
f 1138/451/407 1139/449/405 619/450/406
f 1143/469/422 615/470/415 888/2501/414 1144/467/421
f 1140/454/408 720/423/384 934/442/399
f 437/453/107 674/2492/387 1140/454/408
f 1140/454/408 674/2492/387 720/423/384
f 412/462/416 614/609/486 888/460/414
f 408/466/420 1144/2502/421 1142/463/417
f 1142/463/417 1144/2502/421 931/464/418
f 415/2503/482 417/2504/1875 440/2505/386 833/2506/392
f 622/471/376 430/574/410 618/472/413
f 1144/474/421 445/476/379 446/2507/380
f 437/479/107 1177/478/423 831/2508/522
f 397/499/440 673/674/539 396/662/438
f 397/499/440 719/672/537 673/674/539
f 917/1140/578 1219/736/585 378/691/551
f 773/2509/583 1219/736/585 917/1140/578
f 1146/2510/586 1219/734/585 394/496/437
f 396/497/438 673/2511/539 1145/495/436
f 1145/495/436 1146/2510/586 394/496/437
f 673/2511/539 1146/2510/586 1145/495/436
f 1147/498/439 719/672/537 397/499/440
f 428/501/435 719/672/537 1147/498/439
f 381/485/427 773/738/583 917/724/578
f 832/484/426 773/738/583 381/485/427
f 312/767/98 765/758/604 426/516/456
f 1148/503/443 920/765/611 376/504/444
f 1148/503/443 425/505/445 920/765/611
f 337/506/446 605/853/691 1149/103/100
f 605/853/691 427/1015/818 1149/103/100
f 874/508/448 933/1002/451 817/509/449
f 312/767/98 426/516/456 325/1024/825
f 427/1015/818 765/1017/604 312/101/98
f 360/507/447 1149/103/100 772/2512/442
f 772/2512/442 1149/103/100 425/1027/445
f 933/511/451 1151/2472/1867 333/512/452
f 376/504/444 920/765/611 1150/514/454
f 1151/2513/1867 426/516/456 333/518/452
f 932/2514/467 1152/519/458 419/521/460
f 672/527/466 887/526/465 1158/2515/468
f 887/545/465 1152/528/458 1158/530/468
f 1153/531/112 423/2516/462 718/525/464
f 1154/532/469 420/534/113 419/521/460
f 424/2517/459 616/533/114 1154/532/469
f 1155/535/470 1157/2518/476 887/526/465
f 776/536/471 1157/2518/476 1155/535/470
f 1152/519/458 1161/2519/481 424/520/459
f 424/520/459 1161/2519/481 777/2520/472
f 718/541/464 423/2521/462 1156/539/473
f 423/2521/462 422/558/461 1156/539/473
f 1156/539/473 422/558/461 776/540/471
f 1157/544/476 1161/591/481 1152/528/458
f 1159/546/477 419/548/460 672/547/466
f 1158/530/468 932/529/467 1159/546/477
f 1160/549/478 1167/552/480 1157/544/476
f 1161/553/481 417/2522/1875 415/554/482
f 672/2523/466 420/2524/113 1153/2525/112
f 672/2523/466 419/2526/460 420/2524/113
f 415/2527/482 414/543/475 777/538/472
f 422/558/461 775/2528/474 1162/556/483
f 1162/556/483 775/2528/474 418/557/479
f 617/2529/404 613/560/484 435/562/391
f 775/565/474 414/2530/475 438/566/395
f 445/568/379 888/2531/414 614/569/486
f 1125/571/382 443/2532/119 884/572/487
f 412/462/416 930/2533/494 410/457/411
f 717/2534/490 930/2533/494 412/462/416
f 717/2535/490 408/2536/420 930/589/494
f 930/589/494 408/2536/420 413/590/419
f 1166/585/491 1165/2537/1876 413/590/419 416/588/489
f 423/523/462 1153/116/112 616/118/114
f 418/577/479 1126/593/378 886/578/372
f 1167/2538/480 886/2539/372 417/2540/1875
f 886/2539/372 440/2541/386 417/2540/1875
f 413/590/419 1165/2537/1876 1164/587/493
f 1165/2537/1876 1166/585/491 1164/587/493
f 982/625/116 1180/624/509 671/627/511 404/629/513
f 1167/552/480 417/2542/1875 1161/591/481
f 775/594/474 1126/593/378 418/577/479
f 410/457/411 930/2533/494 1169/597/496
f 1169/597/496 930/2533/494 411/596/492
f 884/600/487 1170/602/498 1171/598/497
f 1170/602/498 411/603/492 1171/598/497
f 1171/598/497 411/603/492 416/599/489
f 1125/571/382 931/573/418 1144/606/421
f 1173/608/499 410/457/411 430/456/410
f 1172/610/500 1173/608/499 614/609/486
f 412/462/416 1173/608/499 1172/610/500
f 412/462/416 410/457/411 1173/608/499
f 431/482/424 884/2543/487 885/483/425
f 884/2543/487 443/2544/119 885/483/425
f 1174/612/502 1175/113/110 393/115/111
f 1176/614/503 981/618/117 979/615/504
f 1178/619/506 1179/623/508 406/620/507
f 613/622/484 405/670/501 1179/623/508
f 1179/623/508 405/670/501 406/620/507
f 438/2545/395 414/2546/475 415/2503/482 833/2506/392
f 831/2547/522 399/111/108 437/110/107
f 1185/561/485 409/2548/510 434/630/397
f 409/2549/510 982/120/116 434/631/397
f 716/632/514 401/669/520 1188/654/527 1191/653/526
f 978/633/512 716/632/514 402/663/528
f 1183/642/521 393/115/111 399/114/108
f 407/639/517 393/115/111 1183/642/521
f 1184/644/523 1177/617/423 830/616/505
f 831/645/522 1177/617/423 1184/644/523
f 1186/646/524 978/633/512 671/647/511
f 1185/621/485 406/620/507 1186/646/524
f 979/652/504 981/2478/117 1187/649/525
f 975/660/533 398/735/542 403/2550/536 400/658/531
f 401/669/520 395/500/441 1188/654/527
f 1190/659/532 394/496/437 980/661/534
f 400/658/531 1189/656/529 980/661/534
f 1189/656/529 1190/659/532 980/661/534
f 402/655/528 396/497/438 1190/659/532
f 1190/659/532 396/497/438 394/496/437
f 975/660/533 400/658/531 980/661/534
f 398/678/542 1193/677/541 1194/2551/1877 403/671/536
f 716/632/514 1191/653/526 1192/664/535
f 1191/653/526 397/499/440 1192/664/535
f 397/499/440 396/662/438 1192/664/535
f 979/652/504 404/651/513 400/666/531
f 404/651/513 612/668/530 400/666/531
f 978/2552/512 402/667/528 404/651/513
f 405/670/501 716/632/514 406/620/507
f 830/616/505 979/615/504 881/635/516
f 719/672/537 974/682/545 926/673/538
f 429/487/429 882/2553/430 829/675/540
f 428/494/435 392/490/432 883/489/431
f 395/680/441 392/490/432 428/494/435
f 880/695/554 382/698/556 1200/697/555 1201/2554/1878
f 881/635/516 1194/2551/1877 1193/677/541
f 881/635/516 403/671/536 1194/2551/1877
f 1195/679/543 929/638/519 392/490/432
f 401/641/520 929/638/519 1195/679/543
f 1196/681/544 392/490/432 929/638/519
f 829/675/540 882/2553/430 881/635/516
f 882/2553/430 1181/634/515 881/635/516
f 1197/109/106 387/108/105 974/682/545
f 389/684/546 879/107/104 1197/109/106
f 1198/685/547 1395/689/549 390/686/548
f 1199/690/550 390/686/548 378/691/551
f 1202/2555/1879 391/710/567 928/693/552
f 1201/2554/1878 1200/697/555 389/696/546 1202/2555/1879
f 1201/2554/1878 928/693/552 880/695/554
f 1201/2554/1878 1202/2555/1879 928/693/552
f 387/108/105 879/107/104 1215/2556/1880 386/708/565
f 389/696/546 391/710/567 1202/2555/1879
f 976/701/559 611/700/558 977/294/279
f 383/699/557 388/817/561 611/700/558
f 1203/702/560 391/710/567 1267/493/434
f 1203/702/560 388/703/561 391/710/567
f 385/295/275 1204/704/562 1395/725/549
f 1204/704/562 611/700/558 1395/725/549
f 1205/705/563 1199/706/550 926/673/538
f 974/682/545 1205/705/563 926/673/538
f 1206/707/564 669/281/250 1199/706/550
f 386/708/565 774/278/267 1206/707/564
f 774/278/267 669/281/250 1206/707/564
f 1207/709/566 828/694/553 928/693/552
f 388/703/561 383/727/557 1208/711/568
f 388/703/561 1208/711/568 1207/709/566
f 1208/711/568 383/727/557 828/694/553
f 1209/712/569 390/686/548 1199/690/550
f 669/261/250 384/271/260 1209/712/569
f 1211/713/570 976/701/559 977/294/279
f 367/714/571 1210/716/573 1211/713/570
f 367/714/571 927/715/572 1210/716/573
f 1210/716/573 383/699/557 976/701/559
f 1213/717/574 880/695/554 828/694/553
f 1212/719/575 1213/717/574 280/718/84
f 754/721/576 880/695/554 1212/719/575
f 1215/2556/1880 1214/722/577 863/1160/914 386/708/565
f 1214/722/577 1215/2556/1880 879/107/104
f 382/723/556 863/1160/914 1214/722/577
f 719/672/537 428/501/435 379/683/433 974/682/545
f 611/700/558 381/485/427 917/724/578
f 828/694/553 927/728/572 1216/729/580
f 927/728/572 1217/730/581 1216/729/580
f 927/728/572 367/2557/571 1217/730/581
f 1216/729/580 1265/731/582 1218/726/579
f 1217/730/581 367/2557/571 1265/731/582
f 1219/734/585 975/660/533 394/496/437
f 773/732/583 398/735/542 1220/733/584
f 673/2558/539 926/692/538 1146/737/586
f 1345/1043/834 1225/771/616 1226/770/615 1346/769/614
f 832/484/426 829/675/540 773/738/583
f 1221/741/589 374/740/588 1227/743/591
f 348/945/596 970/2476/712 342/944/771
f 377/747/595 350/746/594 1316/968/788
f 350/746/594 970/2559/712 348/748/596
f 1223/753/599 821/106/103 766/754/600
f 341/815/656 766/814/600 340/987/796
f 827/760/606 1224/759/605 1333/1011/816
f 1224/759/605 662/779/622 1333/1011/816
f 1333/1011/816 662/779/622 606/778/621
f 326/761/607 827/760/606 920/765/611
f 1225/771/616 1345/1043/834 610/104/101
f 688/67/65 1236/804/646 1237/808/650 687/1608/1231
f 324/762/608 375/764/610 1226/770/615
f 313/2560/842 308/772/617 810/774/618
f 660/756/602 707/755/601 668/775/619
f 1227/777/591 374/1055/588 606/778/621
f 302/783/626 667/784/627 1228/780/623
f 1229/785/628 808/1075/854 798/786/629
f 1229/785/628 373/405/369 808/1075/854
f 667/784/627 1232/792/635 371/781/624
f 667/784/627 294/2561/875 1231/791/634
f 1232/792/635 925/793/636 1233/788/631
f 1231/791/634 294/2561/875 925/793/636
f 806/810/652 967/794/637 755/249/239
f 294/2561/875 370/796/639 925/793/636
f 294/2561/875 666/798/242 370/796/639
f 653/801/643 1234/797/640 666/798/242
f 1234/797/640 656/803/645 370/796/639
f 689/800/642 690/802/644 1234/797/640
f 1236/804/646 688/67/65 723/66/64
f 702/805/647 799/807/649 1235/806/648
f 802/795/638 1235/806/648 1236/804/646
f 1235/806/648 1237/808/650 1236/804/646
f 1237/808/650 285/809/651 687/1608/1231
f 365/819/659 973/822/662 1244/2562/1881 1245/2563/1882
f 806/810/652 798/786/629 967/794/637
f 292/811/653 361/89/86 364/847/685
f 1240/961/657 1238/833/671 766/2477/600
f 1238/833/671 819/835/673 766/2477/600
f 451/132/128 1239/812/654 1064/251/241
f 451/132/128 652/194/188 1239/812/654
f 714/813/655 715/513/453 658/1063/845
f 1241/2564/1883 1348/388/357 604/864/701
f 1241/2564/1883 604/864/701 307/863/700
f 307/863/700 314/386/355 1241/2564/1883
f 314/386/355 1348/388/357 1241/2564/1883
f 282/918/687 924/2470/686 274/915/749
f 1245/2563/1882 363/1102/876 365/819/659
f 1243/823/663 1244/2562/1881 973/822/662
f 1244/2562/1881 1243/823/663 293/844/682 1246/2565/1884
f 1245/2563/1882 1244/2562/1881 1246/2565/1884 363/1102/876
f 363/1102/876 293/844/682 1253/845/683 1254/842/680
f 293/844/682 363/1102/876 1246/2565/1884
f 322/829/667 330/828/666 1247/830/668
f 366/831/669 1247/830/668 818/832/670
f 1248/834/672 322/829/667 1249/836/674
f 1250/837/675 1119/1059/353 603/838/676
f 1250/837/675 658/1063/845 1119/1059/353
f 714/813/655 658/1063/845 1250/837/675
f 1120/385/354 1252/840/678 362/820/660
f 447/387/356 300/821/661 1251/839/677
f 1252/840/678 300/821/661 362/820/660
f 1254/842/680 869/253/243 363/1102/876
f 1269/865/702 709/867/704 1273/889/724 1274/885/720
f 293/844/682 1255/843/681 1253/845/683
f 1255/843/681 1256/841/679 1253/845/683
f 279/133/129 869/253/243 1256/841/679
f 337/506/446 311/855/693 1259/854/692
f 1259/854/692 1261/856/694 1260/851/689
f 1261/856/694 311/855/693 923/852/690
f 1264/859/697 367/1125/571 463/858/696
f 1262/860/698 1263/857/695 1016/134/130
f 1262/860/698 1264/859/697 1263/857/695
f 1012/88/85 1265/861/582 1262/860/698
f 280/87/84 1265/861/582 1012/88/85
f 1265/861/582 367/1125/571 1264/859/697
f 311/855/693 307/863/700 1266/862/699
f 1266/862/699 604/864/701 923/852/690
f 970/2476/712 349/2566/711 922/2475/784
f 322/829/667 1268/866/703 1339/883/718
f 1268/866/703 971/868/705 1339/883/718
f 922/2475/784 1240/816/657 342/944/771
f 1270/872/708 350/877/594 824/870/707
f 1270/872/708 824/870/707 1277/869/706
f 708/874/710 350/877/594 1270/872/708
f 311/855/693 337/506/446 1271/880/715
f 1271/880/715 337/506/446 360/507/447
f 312/101/98 328/825/612 661/879/714
f 330/828/666 1272/882/717 1324/878/713
f 1272/882/717 322/829/667 1339/883/718
f 1274/885/720 1344/887/722 971/868/705
f 1276/886/721 813/2474/1868 1344/887/722
f 1284/893/728 1283/896/731 1282/895/730 293/844/682
f 709/867/704 1275/888/723 1273/889/724
f 1273/889/724 1276/886/721 1274/885/720
f 1275/888/723 1277/869/706 1276/886/721
f 1277/869/706 813/2474/1868 1276/886/721
f 345/873/709 1277/869/706 1275/888/723
f 665/391/359 359/99/96 1280/98/95
f 657/891/726 1278/890/725 659/881/716
f 1278/890/725 311/855/693 659/881/716
f 770/392/360 767/1058/843 608/394/362
f 1291/381/351 1279/2567/1885 770/392/360
f 1279/2567/1885 767/1058/843 770/392/360
f 1291/381/351 767/1058/843 1279/2567/1885
f 713/100/97 359/99/96 310/1035/829
f 1281/892/727 307/863/700 657/891/726
f 354/239/229 1282/895/730 1283/896/731
f 279/133/129 293/844/682 1282/895/730
f 1286/903/738 768/902/737 292/811/653 282/849/687
f 1287/897/732 705/901/736 769/898/733
f 1287/897/732 1285/899/734 768/902/737 1286/903/738
f 1289/904/739 706/894/729 293/844/682 1290/906/741
f 1286/903/738 282/849/687 1288/900/735
f 282/849/687 705/901/736 1288/900/735
f 1227/2568/591 1339/883/718 1313/959/783 1314/2569/590
f 1290/906/741 290/824/664 358/905/740
f 1291/381/351 769/898/733 767/1058/843
f 768/902/737 769/898/733 1291/381/351
f 290/824/664 973/822/662 1292/907/742
f 973/822/662 300/821/661 1292/907/742
f 1292/907/742 300/821/661 703/378/348
f 1293/908/743 1011/97/94 460/909/83
f 1007/200/194 272/923/145 1294/910/744
f 1293/908/743 1294/910/744 1011/97/94
f 1294/910/744 664/95/92 1011/97/94
f 1294/910/744 272/923/145 664/95/92
f 452/912/746 1295/913/747 1296/911/745
f 455/245/235 278/197/191 1295/913/747
f 1295/913/747 1297/914/748 1296/911/745
f 664/95/92 1414/920/752 355/96/93
f 1302/921/753 357/272/261 1414/920/752
f 1298/922/754 1299/919/751 664/95/92
f 986/924/146 1300/928/757 1298/922/754
f 1300/928/757 1301/925/755 1298/922/754
f 1301/925/755 1302/921/753 1299/919/751
f 1300/928/757 712/926/756 1301/925/755
f 712/926/756 357/272/261 1302/921/753
f 1303/929/758 922/960/784 349/875/711
f 1304/931/760 922/960/784 1303/929/758
f 663/930/759 353/951/777 1304/931/760
f 1304/931/760 353/951/777 922/960/784
f 1306/936/765 826/938/767 823/933/762
f 1305/932/761 1306/936/765 823/933/762
f 921/934/763 1307/935/764 1305/932/761
f 351/937/766 826/938/767 1307/935/764
f 1309/950/776 1310/949/775 322/829/667
f 1238/833/671 353/951/777 1309/950/776
f 1309/950/776 820/952/778 1310/949/775
f 343/956/774 1311/955/781 344/954/780
f 1311/955/781 876/957/772 1312/953/779
f 1312/953/779 919/958/782 873/941/768
f 345/873/709 1322/984/801 663/930/759 708/874/710
f 1313/959/783 352/1041/592 1314/2569/590
f 971/868/705 352/1041/592 1313/959/783
f 351/937/766 1315/962/785 826/938/767
f 351/937/766 825/947/773 1315/962/785
f 1315/962/785 825/947/773 347/963/786
f 826/939/767 348/945/596 341/815/656
f 1316/968/788 877/966/787 344/969/780
f 350/746/594 877/966/787 1316/968/788
f 339/971/789 710/2570/800 921/934/763
f 921/934/763 710/2570/800 319/972/790
f 1318/974/792 814/976/794 876/946/772
f 921/934/763 1319/975/793 1318/974/792
f 1319/975/793 320/973/791 814/976/794
f 1320/977/795 323/979/797 340/978/796
f 821/106/103 1320/977/795 766/754/600
f 610/104/101 323/979/797 822/105/102
f 1321/980/798 761/1042/833 1353/981/799
f 1321/980/798 323/979/797 761/1042/833
f 710/983/800 323/979/797 1321/980/798
f 820/952/778 1322/984/801 709/867/704
f 353/951/777 663/930/759 1322/984/801
f 764/1020/603 765/1017/604 1331/1016/819 1332/1019/821
f 1249/836/674 366/831/669 819/835/673
f 823/940/762 341/815/656 339/988/789
f 366/831/669 818/832/670 324/985/608
f 320/989/791 1323/991/803 321/993/769
f 1323/991/803 338/990/802 816/992/804
f 1325/996/805 329/1021/822 763/768/613
f 338/998/802 1325/2571/805 334/999/806
f 1327/1001/808 335/1004/719 336/515/455
f 1328/1005/810 376/504/444 336/515/455
f 301/1007/812 332/517/457 810/774/618
f 715/513/453 301/1064/812 658/1063/845
f 715/513/453 333/512/452 301/1064/812
f 764/757/603 332/517/457 426/516/456
f 874/2473/448 609/1000/807 762/1008/813
f 1329/1009/814 875/1012/817 816/992/804
f 1329/1009/814 1336/1010/815 875/1012/817
f 338/990/802 609/1029/807 1336/1010/815
f 660/756/602 360/1014/447 772/502/442
f 1337/1028/826 875/1012/817 1336/1010/815 1338/1030/827
f 427/1015/818 1330/1018/820 1331/1016/819
f 427/1015/818 605/853/691 1330/1018/820
f 1330/1018/820 605/853/691 1332/1019/821
f 1333/1011/816 606/778/621 816/992/804
f 815/2572/99 1334/1022/823 326/761/607
f 815/2572/99 661/995/714 1334/1022/823
f 1334/1022/823 661/995/714 1224/759/605
f 375/764/610 329/1021/822 1353/981/799
f 1335/1023/824 763/768/613 325/1024/825
f 334/997/806 763/768/613 1335/1023/824
f 761/1042/833 1346/769/614 375/764/610 1353/981/799
f 609/1029/807 874/508/448 1338/1030/827
f 1338/1030/827 874/508/448 1337/1028/826
f 325/1024/825 763/768/613 312/767/98
f 1151/2513/1867 762/1025/813 426/516/456
f 762/1025/813 325/1024/825 426/516/456
f 1339/1031/718 1227/777/591 662/779/622
f 1340/1032/828 310/1035/829 811/1033/811
f 338/998/802 319/972/790 1325/2571/805
f 814/1037/794 1342/1038/831 1341/1036/830
f 1342/1038/831 320/1040/791 1343/1039/832
f 1343/1039/832 320/1040/791 321/942/769
f 813/2474/1868 346/871/593 1344/887/722
f 1346/769/614 761/1042/833 1345/1043/834
f 1361/1081/859 288/1082/860 870/1085/862 1362/1084/861
f 608/394/362 316/393/361 305/1046/836
f 604/864/701 1348/388/357 308/2573/617
f 1348/388/357 607/390/358 308/2573/617
f 810/774/618 812/369/339 304/368/338
f 707/755/601 811/1006/811 306/1047/837
f 657/891/726 659/881/716 1349/1049/838
f 1349/1049/838 659/881/716 660/1050/602
f 811/1006/811 1350/1053/839 306/1047/837
f 310/1052/829 305/1048/836 1350/1053/839
f 1350/1053/839 305/1048/836 306/1047/837
f 606/778/621 1351/1054/840 816/992/804
f 374/1055/588 321/993/769 1351/1054/840
f 810/774/618 332/517/457 764/757/603
f 313/2560/842 810/774/618 764/757/603
f 1352/1056/841 1353/981/799 329/1021/822
f 605/853/691 923/852/690 764/1020/603
f 369/126/122 603/838/676 1119/1059/353
f 301/1007/812 810/774/618 1354/1062/844
f 923/852/690 604/864/701 313/1057/842
f 604/864/701 308/2573/617 313/1057/842
f 362/820/660 365/819/659 302/1061/626
f 759/1069/849 1355/1066/846 287/1068/848
f 1356/1073/852 807/1071/850 809/1067/847
f 1356/1073/852 1357/1072/851 807/1071/850
f 872/782/625 371/781/624 1357/1072/851
f 1357/1072/851 371/781/624 807/1071/850
f 373/405/369 918/1077/856 808/1075/854
f 1121/396/364 1379/1079/857 299/397/365
f 675/401/368 668/775/619 317/398/366
f 1365/1091/868 807/1071/850 371/781/624 1364/1090/867
f 1362/1084/861 1363/94/91 1361/1081/859
f 295/1083/750 801/92/89 1362/1084/861
f 1366/1086/863 704/1088/865 800/1087/864
f 1366/1086/863 287/1068/848 807/1071/850 1365/1091/868
f 1368/2574/1886 1366/1086/863 1364/1090/867 1367/1092/869
f 371/781/624 871/790/633 1364/1090/867
f 704/1088/865 1368/2574/1886 1367/1092/869 372/789/632
f 1366/1086/863 1368/2574/1886 704/1088/865
f 871/790/633 372/789/632 1367/1092/869
f 296/1089/866 275/1095/872 1369/1094/871 1370/2575/1887
f 758/1093/870 274/2576/749 760/2577/905 1371/1096/873
f 1377/1110/883 1371/1096/873 760/2577/905 756/1108/881
f 1369/1094/871 1371/1096/873 1370/2575/1887
f 1370/2575/1887 1371/1096/873 296/1089/866
f 804/2578/245 805/2579/1872 803/1097/244
f 354/239/229 706/894/729 805/2579/1872
f 803/1097/244 805/2579/1872 806/1098/652
f 805/2579/1872 706/894/729 806/1098/652
f 365/819/659 363/1102/876 1372/1100/874
f 967/794/637 801/92/89 702/805/647
f 769/898/733 870/1103/862 288/1113/860
f 705/901/736 295/2580/750 870/1103/862
f 1374/1105/878 702/805/647 801/92/89
f 295/1083/750 1374/1105/878 1373/1104/877
f 295/1083/750 574/1119/889 1374/1105/878
f 1374/1105/878 574/1119/889 702/805/647
f 704/1088/865 1375/1106/879 296/1089/866
f 1376/1107/880 759/1069/849 287/1068/848
f 299/397/365 1380/1117/887 1384/2581/1888 289/93/90
f 1371/1096/873 1377/1110/883 1376/1107/880
f 1377/1110/883 1378/1109/882 1376/1107/880
f 756/1108/881 286/1070/88 1378/1109/882
f 1378/1109/882 286/1070/88 759/1069/849
f 706/894/729 358/905/740 291/1111/630
f 1379/1079/857 1380/1117/887 299/397/365
f 1384/2581/1888 1383/1115/886 288/1082/860 289/93/90
f 298/1078/363 1381/1116/884 1382/1114/885
f 1382/1114/885 1380/1117/887 1379/1079/857
f 288/1082/860 1383/1115/886 1381/1116/884
f 1383/1115/886 1384/2581/1888 1380/1117/887
f 868/1124/893 602/2582/201 864/1127/895 1388/1126/894
f 358/905/740 703/378/348 1385/1118/888
f 1391/1122/892 868/1124/893 1388/1126/894 1390/1130/897
f 1388/1126/894 1389/1128/896 1390/1130/897
f 757/195/189 1399/1145/902 1000/1946/1493 277/163/159
f 367/1125/571 368/2583/277 1389/1128/896
f 1390/1130/897 867/1129/281 1391/1122/892
f 1389/1128/896 368/2583/277 867/1129/281
f 1393/1133/898 666/252/242 294/1101/875
f 869/253/243 666/252/242 1393/1133/898
f 968/204/198 276/202/196 457/1134/232
f 997/303/284 1394/1135/899 868/1136/893
f 281/305/286 1394/1135/899 997/303/284
f 271/177/172 1394/1135/899 281/305/286
f 271/177/172 602/207/201 1394/1135/899
f 1396/1144/901 890/243/233 1397/1141/900
f 1399/1145/902 757/195/189 278/197/191
f 454/221/214 1000/1946/1493 1398/1146/903
f 455/245/235 1398/1146/903 1399/1145/902
f 1398/1146/903 1000/1946/1493 1399/1145/902
f 864/1127/895 1400/2584/1889 463/858/696 367/1125/571
f 1400/2584/1889 602/2582/201 461/2483/200
f 463/858/696 1400/2584/1889 1018/2484/1871
f 1018/2484/1871 1400/2584/1889 461/2483/200
f 272/923/145 1007/200/194 1401/2585/1890 1402/2586/1891
f 1400/2584/1889 864/1127/895 602/2582/201
f 1402/2586/1891 1401/2585/1890 1009/1147/904 273/1132/148
f 1007/200/194 1009/1147/904 1401/2585/1890
f 1407/1153/909 1003/131/127 452/1156/746 1406/1154/910
f 1402/2586/1891 273/1132/148 272/923/145
f 756/1148/881 364/847/685 286/91/88
f 283/799/641 457/242/232 1725/241/231
f 283/799/641 653/801/643 457/242/232
f 802/795/638 723/66/64 284/247/237
f 460/86/83 1012/88/85 1016/134/130
f 1011/2587/94 355/2588/93 460/86/83
f 460/86/83 355/2588/93 280/87/84
f 1404/1150/906 289/93/90 801/92/89
f 798/786/629 1403/1152/908 967/794/637
f 1403/1152/908 1404/1150/906 967/794/637
f 1403/1152/908 1405/1151/907 1404/1150/906
f 1405/1151/907 289/93/90 1404/1150/906
f 798/786/629 916/1076/855 1403/1152/908
f 916/1076/855 289/93/90 1405/1151/907
f 1003/131/127 1407/1153/909 451/132/128
f 1407/1153/909 1408/1155/911 652/194/188
f 1408/1155/911 601/192/186 652/194/188
f 601/192/186 1408/1155/911 1406/1154/910 356/193/187
f 651/274/263 1412/1157/912 1415/2589/1892 357/272/261
f 274/915/749 574/2590/889 295/916/750
f 1409/1158/913 651/274/263 386/708/565
f 1409/1158/913 754/1159/576 1410/1163/917 1411/1162/916
f 754/1159/576 1409/1158/913 863/1160/914
f 1410/1163/917 754/1159/576 355/96/93 1413/1161/915
f 1411/1162/916 1412/1157/912 1409/1158/913
f 1412/1157/912 1411/1162/916 1414/920/752 1415/2589/1892
f 1413/1161/915 1414/920/752 1411/1162/916
f 1435/1237/983 261/1221/969 915/1212/961 964/1226/974
f 355/96/93 1414/920/752 1413/1161/915
f 1414/920/752 357/272/261 1415/2589/1892
f 204/1166/920 638/40/38 1416/1164/918
f 743/1186/940 788/1185/939 1417/1172/926
f 1417/1172/926 788/1185/939 1418/1173/927
f 1416/1164/918 1420/1175/929 862/1167/921
f 145/39/37 1419/1177/931 1416/1164/918
f 1422/1179/933 790/1629/1249 906/1180/934
f 790/1629/1249 1663/1850/936 906/1180/934
f 906/1180/934 1663/1850/936 143/2591/937
f 193/1703/1313 1592/2592/1893 686/1184/938
f 1420/1193/929 1419/2593/931 200/1174/928
f 753/84/81 591/1181/935 1421/1187/941
f 1421/1187/941 591/1181/935 586/1188/942
f 753/84/81 1422/1179/933 591/1181/935
f 747/1196/947 270/1192/923 144/1591/925
f 747/1196/947 842/1190/944 270/1192/923
f 788/1185/939 197/1194/945 1418/1173/927
f 197/1194/945 200/1174/928 1418/1173/927
f 943/1195/946 940/1853/1424 842/1190/944
f 939/1871/1439 940/1853/1424 943/1195/946
f 650/1165/919 862/1167/921 141/1176/930
f 915/1212/961 857/1209/958 268/1213/962
f 965/1198/949 1427/1217/965 268/2469/962
f 1424/1201/951 1425/1204/954 600/1202/952
f 752/1207/956 1423/1203/953 600/1202/952
f 266/81/78 1425/1204/954 1424/1201/951
f 966/1205/950 1426/80/77 267/82/79
f 700/1215/955 269/1210/959 599/2594/957
f 262/1241/963 1427/1217/965 264/1216/964
f 1428/1219/967 1423/1203/953 752/1207/956
f 265/1220/968 1429/1250/990 1428/1219/967
f 1429/1250/990 266/81/78 1428/1219/967
f 267/82/79 1429/1250/990 263/1249/966
f 266/81/78 1429/1250/990 267/82/79
f 259/1223/971 1430/1225/973 262/1214/963
f 1430/1225/973 964/1226/974 1431/1222/970
f 265/1230/968 911/1231/978 1432/1227/975
f 1434/1236/982 257/1235/981 258/1228/976
f 1433/1232/979 1434/1236/982 258/1228/976
f 1433/1232/979 649/1234/980 1434/1236/982
f 1435/1237/983 960/1224/972 257/1238/981
f 261/1221/969 1435/1237/983 649/1239/980
f 1429/1250/990 265/1220/968 1437/1245/986 914/2595/1894
f 964/1226/974 960/1224/972 1435/1237/983
f 1441/1242/985 1436/1240/984 264/1216/964
f 1436/1240/984 259/1243/971 262/1241/963
f 750/1547/1013 225/1294/1022 1443/1293/1021 1444/1295/1023
f 256/1244/977 255/1246/987 1437/1245/986
f 1437/1245/986 255/1246/987 914/2595/1894
f 263/1249/966 1439/1251/991 1438/1248/989
f 1439/1251/991 914/2595/1894 1438/1248/989
f 914/2595/1894 255/1246/987 1438/1248/989
f 1439/1251/991 1429/1250/990 914/2595/1894
f 260/1253/988 1441/1242/985 1440/1252/992
f 645/1258/997 1442/1254/993 252/1256/995
f 645/1258/997 235/1417/1075 1442/1254/993
f 241/1261/1000 912/1260/999 237/1415/1074
f 233/1379/1076 238/1262/1001 251/1264/1003
f 241/1402/1000 233/1379/1076 250/2596/998
f 233/1379/1076 251/1264/1003 250/2596/998
f 598/1271/960 250/1270/998 251/2597/1003
f 958/2598/1105 596/1370/1071 260/2599/988
f 260/2599/988 596/1370/1071 1441/1372/985
f 246/1296/1024 797/1469/1111 247/2600/1017
f 226/1292/1020 797/1469/1111 246/1296/1024
f 1503/1486/1127 222/1280/1009 642/1282/1006
f 212/1286/1014 248/1288/1016 861/1545/1025
f 797/1463/1111 694/1290/1018 247/1289/1017
f 629/1810/1399 860/1811/1400 163/1835/54 160/1828/1411
f 861/1298/1025 594/1279/1008 854/1276/1005
f 1445/1299/1026 791/1303/1030 691/1300/1027
f 163/56/54 901/1817/1405 1446/54/52
f 954/1648/1268 196/1691/1303 1446/54/52
f 900/1831/1032 899/1807/1397 848/1805/1395
f 900/1831/1032 161/1830/1413 899/1807/1397
f 796/2601/1028 1446/54/52 196/1691/1303 169/1815/1029
f 163/56/54 860/1819/1400 901/1817/1405
f 1457/2602/1042 244/2603/1041 1448/2604/1040 648/2605/1039
f 845/1307/1034 898/1308/1035 899/1807/1397
f 1542/1309/1036 629/1810/1399 859/1310/41
f 1448/1315/1040 647/1324/1049 1447/1312/1037
f 1447/1312/1037 647/1324/1049 699/1313/1038
f 961/1336/1057 1454/1335/1055 245/1385/1046
f 245/1385/1046 1454/1335/1055 1451/1386/1047
f 697/1318/1043 1457/1317/1042 963/1320/1045
f 1466/1343/1061 1460/1351/1064 961/1353/1057 913/1344/1052
f 1449/1319/1044 697/1318/1043 963/1320/1045
f 698/1325/1050 1451/1322/1047 1450/1323/1048
f 1452/1326/1051 858/2606/1062 913/1327/1052
f 963/1320/1045 1457/1317/1042 1452/1326/1051
f 1457/1317/1042 858/2606/1062 1452/1326/1051
f 648/1314/1039 699/1313/1038 1453/1328/1053
f 1453/1328/1053 699/1313/1038 962/1329/1054
f 1455/1332/1056 963/1320/1045 913/1327/1052
f 1456/1334/1058 239/2607/1069 1454/1335/1055
f 1457/2602/1042 1465/77/74 858/2608/1062
f 648/2605/1039 1465/77/74 1457/2602/1042
f 1458/1338/1059 647/1341/1049 1448/1339/1040
f 244/1337/1041 697/1340/1043 1458/1338/1059
f 858/1345/1062 1464/1346/76 1459/1342/1060
f 1465/1330/74 240/1347/1063 751/2609/75
f 1449/2610/1044 698/1349/1050 697/1348/1043
f 962/2611/1054 239/2612/1069 240/2613/1063
f 1454/2614/1055 239/2612/1069 962/2611/1054
f 1467/1406/1082 644/2615/1072 235/1417/1075 645/1258/997
f 256/2616/977 258/2617/976 696/2618/1068
f 258/2617/976 856/2619/1895 696/2618/1068
f 696/1360/1068 255/1359/987 256/2620/977
f 261/2621/969 239/1362/1069 269/1361/959
f 700/1269/955 600/2622/952 912/1364/999
f 643/1367/1070 857/1366/958 254/1413/1002
f 249/1267/994 600/1369/952 1425/1265/954
f 1449/2610/1044 245/1385/1046 698/1349/1050
f 1466/1387/1061 1464/2623/76 752/1388/956
f 751/1391/75 265/2624/968 752/1392/956
f 1461/1400/1080 1462/1398/1078 644/1380/1072
f 1461/1400/1080 1463/1401/1081 1462/1398/1078
f 858/2608/1062 1465/77/74 1464/79/76
f 1466/1387/1061 599/1389/957 269/1403/959
f 644/2615/1072 1467/1406/1082 236/1405/1079
f 1469/1407/1083 236/1409/1079 253/2625/1004 1468/2626/1896
f 645/1258/997 243/1257/996 1467/1406/1082
f 253/2625/1004 643/2627/1070 1468/2626/1896
f 242/1408/1077 1469/1407/1083 1468/2626/1896 643/2627/1070
f 1470/1414/1084 912/1260/999 249/1255/994 1471/1416/1085
f 253/2625/1004 236/1409/1079 252/1411/995
f 254/1413/1002 598/1412/960 251/2628/1003
f 1470/1414/1084 235/1417/1075 237/1415/1074
f 958/2629/1105 260/2630/988 255/1359/987 228/1358/1067
f 249/1255/994 235/1417/1075 1471/1416/1085
f 268/2631/962 643/1418/1070 965/1273/949
f 232/1423/1088 1472/1422/1087 696/1421/1068
f 1472/1422/1087 223/1424/1089 1473/1419/1086
f 1473/1419/1086 223/1424/1089 228/1420/1067
f 1474/1425/1090 695/1429/1065 596/1426/1071
f 1475/1430/1093 856/2632/1895 1494/1431/1094
f 696/1433/1068 856/2632/1895 1475/1430/1093
f 1477/1434/1095 231/1471/1118 1479/1435/1096
f 1476/1438/1098 1477/1434/1095 795/1436/1097
f 234/1437/1066 231/1471/1118 1477/1434/1095
f 232/1423/1088 1485/1483/1109 1501/1451/1103 223/1424/1089
f 258/2617/976 1478/1441/1099 856/2619/1895
f 257/1439/981 1478/1441/1099 258/2617/976
f 240/1384/1063 239/1444/1069 911/1381/978
f 1479/1446/1096 229/1468/1116 794/1447/1100
f 957/1448/1101 230/1475/1121 959/1427/1091
f 1480/1453/1104 958/1454/1105 228/1420/1067 1481/2633/1897
f 1486/2634/1898 797/1463/1111 229/1474/1116 1493/1473/1120
f 1481/2633/1897 223/1424/1089 1480/1453/1104
f 228/1420/1067 223/1424/1089 1481/2633/1897
f 1482/1455/1106 596/1426/1071 958/1456/1105
f 856/2632/1895 1483/1457/1107 1494/1431/1094
f 856/2632/1895 1478/2635/1099 1483/1457/1107
f 1478/2635/1099 795/2636/1097 1483/1457/1107
f 1483/1457/1107 795/2636/1097 1479/1446/1096
f 1491/1458/1092 231/1471/1118 1484/1459/1108
f 1484/1459/1108 231/1471/1118 234/1437/1066
f 794/1447/1100 226/1292/1020 225/1294/1022
f 222/1280/1009 1503/1486/1127 1500/1485/1126 1502/1487/1128
f 797/1463/1111 1486/2634/1898 1487/1462/1110
f 1493/1473/1120 1488/1464/1112 1486/2634/1898
f 1486/2634/1898 1488/1464/1112 1487/1462/1110
f 227/1466/1114 1492/1465/1113 1497/1472/1119
f 224/1291/1019 1488/1464/1112 1492/1465/1113
f 1489/1467/1115 797/1469/1111 226/1292/1020
f 1489/1467/1115 229/1468/1116 1490/1470/1117
f 1490/1470/1117 797/1469/1111 1489/1467/1115
f 1492/1465/1113 1488/1464/1112 231/1471/1118
f 231/1471/1118 1493/1473/1120 1479/1435/1096
f 231/1471/1118 1488/1464/1112 1493/1473/1120
f 230/1475/1121 1497/1478/1119 1491/1428/1092
f 1512/1493/1132 246/1296/1024 639/1514/1150
f 246/1296/1024 247/2600/1017 639/1514/1150
f 642/1277/1006 594/1279/1008 1503/1488/1127
f 1503/1488/1127 594/1279/1008 908/1480/1123
f 1495/1281/1010 210/1284/1012 213/1476/1007
f 1495/1281/1010 222/1280/1009 225/1477/1022
f 227/1481/1114 1497/1478/1119 1496/1479/1122
f 1498/1482/1124 1501/1451/1103 1485/1483/1109
f 225/1477/1022 1499/1484/1125 1498/1482/1124
f 1499/1484/1125 1501/1451/1103 1498/1482/1124
f 1499/1484/1125 222/1280/1009 1501/1451/1103
f 793/319/299 1518/1525/1158 1519/1527/1160 1520/1529/1162
f 957/1452/1101 1501/1451/1103 1500/1485/1126
f 1501/1451/1103 222/1280/1009 1502/1487/1128
f 1503/1488/1127 230/1475/1121 957/1448/1101
f 1504/1490/1130 1524/1489/1129 220/1491/1131
f 1512/1493/1132 219/75/72 1504/1490/1130
f 994/322/298 792/321/301 1505/1494/1133
f 792/321/301 217/328/306 1505/1494/1133
f 1506/1287/1015 956/1523/71 639/2637/1150
f 1506/1287/1015 221/1495/1134 956/1523/71
f 1509/1501/1139 693/1510/1148 220/1498/1131
f 595/1504/1142 1507/1497/1136 214/1499/1137
f 595/1504/1142 1508/1503/1141 1507/1497/1136
f 1507/1497/1136 1509/1501/1139 220/1498/1131
f 1508/1503/1141 641/1500/1138 1507/1497/1136
f 641/1500/1138 693/1510/1148 1509/1501/1139
f 692/1505/1143 793/319/299 1511/1512/1149
f 793/319/299 994/318/298 1511/1512/1149
f 1511/1512/1149 994/318/298 855/1513/1135
f 639/1514/1150 956/74/71 1513/76/73
f 910/1516/1152 1105/1517/1153 572/343/321
f 1514/1515/1151 218/128/124 1105/1517/1153
f 219/75/72 956/74/71 1514/1515/1151
f 956/74/71 218/128/124 1514/1515/1151
f 216/1519/1146 1516/1520/1155 640/1540/1172
f 1516/1520/1155 215/1502/1140 640/1540/1172
f 216/1519/1146 1515/1518/1154 1516/1520/1155
f 907/1511/1145 693/1510/1148 1515/1518/1154
f 1516/1520/1155 641/1500/1138 215/1502/1140
f 1515/1518/1154 693/1510/1148 641/1500/1138
f 1517/1521/1156 217/328/306 218/1522/124
f 221/1495/1134 217/328/306 1517/1521/1156
f 1518/1525/1158 692/1505/1143 216/1508/1146
f 1518/1525/1158 793/319/299 692/1505/1143
f 199/2638/1170 727/1526/1159 748/1524/1157
f 748/1524/1157 1519/1527/1160 1518/1525/1158
f 727/1526/1159 728/1528/1161 1519/1527/1160
f 1522/1531/1164 1521/2639/1899 1523/2640/1501 909/1533/1166
f 1520/1529/1162 995/315/295 793/319/299
f 889/2641/48 1521/2639/1899 676/1532/1165
f 1521/2639/1899 1522/1531/1164 676/1532/1165
f 1522/1531/1164 595/1504/1142 677/1530/1163
f 889/2641/48 1523/2640/1501 1521/2639/1899
f 214/1968/1137 220/1491/1131 1524/1489/1129 1525/2642/1900
f 1523/2640/1501 123/1542/1174 909/1533/1166
f 1525/2642/1900 572/343/321 214/1968/1137
f 904/1543/1175 905/1536/1169 1527/1535/1168 1528/1541/1173
f 1524/1489/1129 910/1516/1152 1525/2642/1900
f 910/1516/1152 572/343/321 1525/2642/1900
f 749/1506/1144 855/1513/1135 854/1276/1005
f 216/1519/1146 640/1540/1172 1526/1538/1171
f 748/1539/1157 1526/1538/1171 1527/1535/1168
f 1526/1538/1171 640/1540/1172 1528/1541/1173
f 1526/1538/1171 1528/1541/1173 1527/1535/1168
f 634/1563/1191 1536/1562/1190 1535/1567/1195 584/1566/1194
f 1528/1541/1173 909/1533/1166 904/1543/1175
f 640/1540/1172 215/1502/1140 909/1533/1166
f 1529/1546/1177 1530/1544/1176 227/1466/1114
f 861/1545/1025 248/1288/1016 1529/1546/1177
f 1530/1544/1176 248/1288/1016 224/1291/1019
f 247/1289/1017 1506/1287/1015 639/2637/1150
f 248/1288/1016 1506/1287/1015 247/1289/1017
f 211/1492/1011 1444/1295/1023 1512/1493/1132
f 1444/1295/1023 246/1296/1024 1512/1493/1132
f 594/1279/1008 861/1298/1025 227/1481/1114
f 1531/1548/1178 737/1561/1189 1659/1551/1181
f 205/1552/1182 737/1561/1189 1531/1548/1178
f 177/1554/1184 635/1556/1186 1532/2643/1187
f 737/1561/1189 209/1555/1185 1533/1560/1188
f 1535/1567/1195 1536/1562/1190 208/1564/1192
f 1546/1590/1215 134/1592/1216 202/1960/1503 942/1593/1217
f 208/1564/1192 948/1565/1193 1535/1567/1195
f 151/2644/1404 1540/1582/1207 169/1302/1029
f 169/1302/1029 1540/1582/1207 791/1303/1030
f 860/1811/1400 1542/1309/1036 171/1585/1210
f 1537/1571/1198 207/1834/1415 1645/1572/1199
f 158/1578/58 206/68/66 632/70/61
f 796/1301/1028 207/1834/1415 1537/1571/1198
f 691/1300/1027 207/1834/1415 796/1301/1028
f 1538/1577/1203 206/68/66 158/1578/58
f 584/1566/1194 786/1579/1204 1538/1577/1203
f 1539/1580/1205 638/40/38 204/1166/920
f 1539/1580/1205 1670/1584/1209 638/40/38
f 148/1583/1208 1540/1582/1207 151/2644/1404
f 1541/1575/1202 205/2645/1182 159/2646/1180
f 1541/1575/1202 159/2646/1180 1653/1574/1201
f 133/1588/1213 1545/1589/1214 1543/1586/1211
f 143/1183/937 1544/1197/948 1545/1589/1214
f 1546/1590/1215 747/1196/947 144/1591/925
f 955/1598/1222 137/1595/1219 1547/1594/1218 1549/1599/1223
f 152/1191/80 941/1581/1206 148/1583/1208
f 842/1190/944 941/1581/1206 152/1191/80
f 143/1183/937 650/1165/919 1544/1197/948
f 688/67/65 687/1608/1231 1553/1607/1230 834/65/63
f 1547/1594/1218 1548/1596/1220 1549/1599/1223
f 1548/1596/1220 580/1597/1221 1549/1599/1223
f 133/1588/1213 203/1587/1212 1548/1596/1220
f 1548/1596/1220 203/1587/1212 580/1597/1221
f 201/1600/1224 936/1616/1239 579/1601/1225
f 689/800/642 283/799/641 1550/1604/1227
f 283/799/641 126/1603/223 1551/1606/1229
f 892/1605/1228 1551/1606/1229 784/1602/1226
f 1551/1606/1229 126/1603/223 784/1602/1226
f 1553/1607/1230 285/809/651 575/1611/1234 1552/1614/1237
f 575/1611/1234 576/1610/1233 1552/1614/1237
f 587/1715/1325 131/1632/1252 1559/1642/1262 588/1639/1259
f 576/1610/1233 1554/1612/1235 1552/1614/1237
f 1552/1614/1237 1555/1613/1236 1553/1607/1230
f 1554/1612/1235 1556/1615/1238 1555/1613/1236
f 576/1610/1233 201/1600/1224 1556/1615/1238
f 1556/1615/1238 201/1600/1224 834/65/63
f 936/1616/1239 202/1960/1503 134/1592/1216
f 789/1660/1279 835/1618/1241 135/1617/1240
f 453/1623/1243 1001/237/222 891/172/167
f 746/1624/1244 630/1304/1031 745/42/40
f 902/72/69 208/1569/1192 173/1570/1197
f 213/1278/1007 749/1506/1144 854/1276/1005
f 1557/1627/1247 790/1629/1249 1422/1179/933
f 1560/1637/1257 938/1641/1261 740/1638/1258
f 633/59/57 156/1643/1263 950/1646/1266 1563/1645/1265
f 1559/1642/1262 1561/1640/1260 588/1639/1259
f 593/1631/1251 938/1641/1261 1561/1640/1260
f 953/1644/1264 1562/61/59 168/64/62
f 156/1643/1263 633/59/57 1562/61/59
f 176/1684/1299 1586/1695/1306 1588/1697/1307 744/1685/1300
f 949/1620/1242 634/1619/1191 1563/1645/1265
f 1563/1645/1265 634/1619/1191 633/59/57
f 1446/54/52 901/1817/1405 1572/1647/1267
f 149/1651/1271 1564/1649/1269 741/1625/1245
f 582/1650/1270 746/1624/1244 1564/1649/1269
f 200/1174/928 582/1650/1270 743/1186/940
f 1567/1654/1274 198/236/220 122/238/228
f 1566/1656/1276 1567/1654/1274 740/1638/1258
f 783/1655/1275 1568/1653/1273 1566/1656/1276
f 135/1617/1240 1569/1658/1277 789/1660/1279
f 125/1657/1256 136/1953/1255 1570/1659/1278
f 1569/1658/1277 1570/1659/1278 789/1660/1279
f 1570/1659/1278 136/1953/1255 835/1618/1241
f 954/1648/1268 1572/1647/1267 1573/1664/1283
f 589/1663/1282 1573/1664/1283 1571/1661/1280
f 1014/1667/1284 904/1666/1175 123/2466/1174
f 1576/1669/1286 199/1922/1170 905/1665/1169
f 462/157/153 1574/1668/1285 1015/155/151
f 1574/1668/1285 1575/1672/1289 1014/1667/1284
f 1019/191/185 1575/1672/1289 1574/1668/1285
f 1575/1672/1289 1576/1669/1286 1014/1667/1284
f 1019/191/185 1718/1670/1287 1575/1672/1289
f 1718/1670/1287 1719/1671/1288 1575/1672/1289
f 1719/1671/1288 199/1922/1170 1576/1669/1286
f 589/1663/1282 628/1662/1281 1577/1673/1290
f 628/1662/1281 590/1628/1248 1577/1673/1290
f 220/1498/1131 210/1284/1012 211/1283/1011
f 951/1677/45 853/1681/1296 736/1696/46
f 1578/1676/1293 853/1681/1296 951/1677/45
f 683/1679/1294 682/1680/1295 1578/1676/1293
f 1579/1682/1297 1532/2643/1187 952/1683/1298
f 744/1685/1300 1532/2643/1187 1579/1682/1297
f 744/1685/1300 787/1702/1312 177/1554/1184
f 177/1554/1184 1532/2643/1187 744/1685/1300
f 180/1688/1291 1532/1687/1187 181/2647/1183
f 166/58/56 1640/57/55 195/1689/1301
f 589/1663/1282 1581/1706/1316 1580/1690/1302
f 1580/1690/1302 1581/1706/1316 1582/1692/1304
f 1581/1706/1316 192/1705/1315 1582/1692/1304
f 1582/1692/1304 192/1705/1315 196/1691/1303
f 163/56/54 194/55/53 1640/57/55
f 168/64/62 1584/2648/1901 953/1644/1264
f 953/1644/1264 1584/2648/1901 1583/1693/1305
f 168/64/62 195/1689/1301 1584/2648/1901
f 1584/2648/1901 195/1689/1301 1583/1693/1305
f 745/42/40 742/53/51 741/1625/1245
f 1585/1698/1308 736/1696/46 853/1681/1296 1587/1699/1309
f 1585/1698/1308 1586/1695/1306 736/1696/46
f 191/1707/1317 147/1626/1246 1422/1179/933 581/1168/922
f 1587/1699/1309 1588/1697/1307 1585/1698/1308
f 1587/1699/1309 1589/1701/1311 1588/1697/1307
f 1589/1701/1311 744/1685/1300 1588/1697/1307
f 682/1680/1295 735/1700/1310 1587/1699/1309
f 735/1700/1310 787/1702/1312 1589/1701/1311
f 1590/36/34 193/1703/1313 743/1186/940
f 589/1663/1282 1591/1704/1314 1581/1706/1316
f 147/1626/1246 191/1707/1317 1591/1704/1314
f 1592/2592/1893 190/1720/1330 788/1185/939
f 686/1184/938 1592/2592/1893 788/1185/939
f 193/1703/1313 190/1720/1330 1592/2592/1893
f 742/53/51 1590/36/34 149/1651/1271
f 588/1639/1259 740/1638/1258 1594/1710/1320 1598/1714/1324
f 1594/1710/1320 1595/1709/1319 903/1912/1471
f 1593/1708/1318 1594/1710/1320 740/1638/1258
f 1595/1709/1319 187/235/227 626/2649/1902
f 1595/1709/1319 626/2649/1902 903/1912/1471
f 125/1657/1256 1596/1713/1323 1597/1711/1321
f 135/1617/1240 189/1902/1465 1596/1713/1323
f 1596/1713/1323 189/1902/1465 1597/1711/1321
f 189/1902/1465 852/1712/1322 1597/1711/1321
f 585/1723/1333 681/1718/1328 729/1724/1334
f 131/1632/1252 587/1715/1325 1598/1714/1324 585/1723/1333
f 1598/1714/1324 1594/1710/1320 903/1912/1471 1599/1716/1326
f 681/1718/1328 585/1723/1333 1598/1714/1324 1600/1717/1327
f 586/1188/942 142/1189/943 1602/1633/1253 1603/1722/1332
f 1599/1716/1326 903/1912/1471 681/1718/1328
f 1601/1719/1329 189/1902/1465 135/1617/1240
f 190/1720/1330 189/1902/1465 1601/1719/1329
f 131/1632/1252 585/1723/1333 1603/1722/1332
f 739/51/49 738/2650/1903 1604/1726/1336 1605/52/50
f 1603/1722/1332 729/1724/1334 1701/1721/1331
f 116/1727/1337 1604/1726/1336 738/2650/1903
f 1604/1726/1336 1010/1725/1335 459/2651/164 1020/1728/175
f 685/1733/328 1613/1732/1341 1616/2652/1904 188/2653/316
f 1020/1728/175 1008/156/152 1605/52/50
f 1008/156/152 889/50/48 1605/52/50
f 1606/1729/1338 1607/1731/1340 636/1730/1339
f 1004/222/215 450/2467/225 1607/1731/1340
f 1607/1731/1340 450/2467/225 637/186/180
f 125/1636/1256 852/1963/1322 274/915/749
f 1610/1734/1342 685/1733/328 124/1735/327
f 726/1736/1343 116/1727/1337 1608/1739/1346 1609/2654/1905
f 738/2650/1903 1608/1739/1346 116/1727/1337
f 1610/1734/1342 1609/2654/1905 1611/1738/1345 1612/1741/1348
f 1609/2654/1905 1610/1734/1342 726/1736/1343
f 1608/1739/1346 1611/1738/1345 1609/2654/1905
f 1608/1739/1346 738/2650/1903 739/51/49 1614/1737/1344
f 1612/1741/1348 1613/1732/1341 1610/1734/1342
f 1613/1732/1341 1612/1741/1348 1615/1740/1347 1616/2652/1904
f 1614/1737/1344 1615/1740/1347 1611/1738/1345
f 1615/1740/1347 1614/1737/1344 678/1742/1349 679/2655/1509
f 889/50/48 678/1742/1349 739/51/49
f 1616/2652/1904 1615/1740/1347 679/2655/1509 188/2653/316
f 1632/2656/1371 175/1778/1368 1633/1777/1378 182/1776/1377
f 1619/1751/1357 1620/1749/1355 849/46/44
f 902/72/69 179/2657/1376 1631/1752/1353
f 155/1756/1360 897/1757/1361 1621/1755/1359
f 181/1553/1183 179/2657/1376 1534/71/68
f 851/1772/1375 844/1762/1366 183/1748/1354
f 175/1765/1368 844/1762/1366 851/1772/1375
f 949/1620/1242 950/1646/1266 1622/1758/1362
f 1623/1759/1363 951/47/45 850/49/47
f 1622/1758/1362 156/1643/1263 951/47/45
f 1624/1760/1364 1627/1763/1367 1656/1761/1365
f 175/1765/1368 1626/1767/1370 1624/1760/1364
f 175/1765/1368 1632/1768/1371 1625/1766/1369
f 1628/1769/1372 1659/1551/1181 682/1680/1295
f 683/1679/1294 1629/1549/1179 1628/1769/1372
f 1629/1549/1179 1659/1551/1181 1628/1769/1372
f 185/1745/1351 186/1744/1292 1623/1759/1363
f 183/1748/1354 1631/1747/1353 1630/1770/1373
f 1630/1770/1373 1631/1747/1353 178/1771/1374
f 1631/1752/1353 179/2657/1376 178/2658/1374
f 209/1555/1185 182/2659/1377 635/1556/1186
f 209/1555/1185 1632/2660/1371 182/2659/1377
f 851/1774/1375 182/1776/1377 1633/1777/1378
f 1636/1782/1382 1635/1783/1383 844/1762/1366 154/1781/1381
f 635/1558/1186 182/1776/1377 179/1773/1376
f 737/1561/1189 1634/1779/1379 209/1555/1185
f 1634/1779/1379 1632/2660/1371 209/1555/1185
f 184/1754/1358 1632/2660/1371 1634/1779/1379
f 733/45/43 172/1750/1356 849/46/44
f 1534/71/68 179/2657/1376 902/72/69
f 1635/1783/1383 1636/1782/1382 849/46/44
f 584/1566/1194 948/1565/1193 734/1784/1196 157/1789/1386
f 171/1820/1210 1572/1647/1267 1646/1818/1406 1647/1821/1407
f 1637/1785/1384 583/1847/1422 1662/1786/42
f 1637/1785/1384 157/1789/1386 583/1847/1422
f 952/1686/1298 736/48/46 176/2661/1299
f 185/1745/1351 850/49/47 1638/1790/1387
f 733/2662/43 734/1568/1196 902/72/69
f 172/1753/1356 733/2662/43 902/72/69
f 631/62/60 158/60/58 632/63/61
f 154/1794/1381 155/2663/1360 1639/1791/1388
f 1639/1791/1388 155/2663/1360 847/1792/1389
f 1640/1796/55 846/1573/1200 1653/1574/1201
f 170/1804/39 1641/1806/1396 1642/1803/1394
f 848/1805/1395 899/1807/1397 1641/1806/1396
f 1641/1806/1396 899/1807/1397 1642/1803/1394
f 1540/1582/1207 150/2664/1906 791/1303/1030
f 791/1303/1030 150/2664/1906 898/1308/1035
f 1669/38/36 1542/1309/1036 630/1311/1031
f 848/2468/1395 170/41/39 859/43/41
f 900/1305/1032 162/1306/1033 946/1802/1392
f 947/1793/1390 1643/2665/1907 1644/1812/1401
f 947/1793/1390 847/1792/1389 1643/2665/1907
f 1643/2665/1907 847/1792/1389 1644/1812/1401
f 947/1801/1390 684/1833/1403 946/1802/1392
f 1645/1572/1199 161/1830/1413 165/1813/1402
f 207/1834/1415 161/1830/1413 1645/1572/1199
f 1647/1821/1407 1646/1818/1406 901/1817/1405 860/1819/1400
f 150/2664/1906 843/1838/1417 1654/1837/1416 898/1308/1035
f 1541/1575/1202 165/1813/1402 847/1792/1389
f 167/69/67 164/1799/1393 166/1576/56
f 154/1781/1381 947/1801/1390 153/1780/1380
f 194/55/53 1537/1825/1198 1648/1824/1409
f 1649/1822/1408 1537/1825/1198 846/1823/1200
f 206/68/66 732/1788/1385 167/69/67
f 160/1828/1411 164/1799/1393 1650/1826/1410
f 1446/54/52 796/2601/1028 1537/1825/1198
f 684/1814/1403 1651/1832/1414 900/1831/1032
f 691/1300/1027 845/1307/1034 161/1830/1413
f 164/1799/1393 163/1835/54 166/1576/56
f 629/1810/1399 160/1828/1411 162/1827/1033
f 1653/1574/1201 159/2646/1180 683/1836/1294
f 944/1839/35 170/1804/39 1654/1837/1416
f 170/1804/39 898/1308/1035 1654/1837/1416
f 155/1756/1360 154/1842/1381 1655/1841/1418 1657/1845/1420
f 170/41/39 944/37/35 745/42/40
f 1660/1846/1421 584/1566/1194 157/1789/1386 1661/2666/1908
f 844/1840/1366 1656/1843/1365 1655/1841/1418
f 1655/1841/1418 1656/1843/1365 1657/1845/1420
f 1656/1843/1365 184/1754/1358 1658/1844/1419
f 1657/1845/1420 897/1757/1361 155/1756/1360
f 1658/1844/1419 184/1754/1358 897/1757/1361
f 1659/1551/1181 177/1554/1184 735/1700/1310
f 1660/1846/1421 732/1788/1385 206/68/66
f 584/1566/1194 1660/1846/1421 786/1579/1204
f 1674/2667/1909 202/1960/1503 937/1870/1438 1675/1869/1437
f 1661/2666/1908 732/1788/1385 1660/1846/1421
f 157/1789/1386 732/1788/1385 1661/2666/1908
f 1662/1786/42 583/1847/1422 733/1848/43
f 583/1847/1422 157/1789/1386 734/1784/1196
f 895/35/33 896/1849/1423 1590/36/34
f 895/1852/33 146/1857/1427 940/1853/1424
f 941/1581/1206 146/1857/1427 1540/1582/1207
f 1540/1582/1207 146/1857/1427 150/2664/1906
f 191/1707/1317 148/2668/1208 1664/1855/1425
f 1664/1855/1425 148/2668/1208 151/1816/1404
f 843/1838/1417 150/2664/1906 1665/1856/1426
f 1665/1856/1426 150/2664/1906 146/1857/1427
f 1666/2669/1910 205/2645/1182 1541/1575/1202
f 1666/2669/1910 155/2663/1360 205/2645/1182
f 1541/1575/1202 847/1792/1389 1666/2669/1910
f 1666/2669/1910 847/1792/1389 155/2663/1360
f 167/69/67 732/1788/1385 1667/1858/1428
f 193/1703/1313 896/1849/1423 190/1720/1330
f 896/1849/1423 894/1915/1441 190/1720/1330
f 200/1174/928 132/1861/932 582/1650/1270
f 200/1174/928 1419/2593/931 132/1861/932
f 145/39/37 1669/38/36 1668/1860/1429
f 590/1628/1248 628/1662/1281 1539/1851/1205
f 628/1662/1281 1670/1859/1209 1539/1851/1205
f 132/1861/932 627/1809/1398 746/1624/1244
f 906/1180/934 143/2591/937 592/1634/1254
f 592/1634/1254 143/2591/937 133/1899/1213
f 841/1866/1434 1671/1862/1430 129/1864/1432
f 1672/1865/1433 1673/1867/1435 841/1866/1434
f 1544/1197/948 141/1176/930 1673/1867/1435
f 202/1960/1503 1674/2667/1909 942/1593/1217
f 1674/2667/1909 943/1195/946 942/1593/1217
f 1680/2670/1911 955/1598/1222 580/1597/1221 1679/1883/1451
f 1675/1869/1437 943/1195/946 1674/2667/1909
f 1675/1869/1437 939/1871/1439 943/1195/946
f 896/1854/1423 940/1853/1424 1698/1872/1440
f 1698/1872/1440 940/1853/1424 939/1871/1439
f 191/1707/1317 581/1168/922 148/2668/1208
f 581/1168/922 152/83/80 148/2668/1208
f 842/1190/944 940/1853/1424 941/1581/1206
f 1677/1874/1442 138/1878/1446 139/1875/1443
f 1676/1876/1444 1678/1877/1445 1677/1874/1442
f 130/1868/1436 138/1878/1446 1678/1877/1445
f 955/1598/1222 1680/2670/1911 731/1882/1450
f 1680/2670/1911 1682/1880/1448 731/1882/1450
f 1682/1880/1448 840/1885/1453 140/1881/1449
f 1682/1880/1448 1680/2670/1911 1679/1883/1451 1681/1884/1452
f 1679/1883/1451 841/1866/1434 1681/1884/1452
f 136/1635/1255 274/915/749 1683/1891/1458 1684/1888/1456
f 841/1866/1434 129/1864/1432 1681/1884/1452
f 117/1921/1459 784/1602/1226 1690/2671/1912 785/2672/1460
f 1684/1888/1456 839/1887/1455 136/1635/1255
f 1685/1890/1457 117/1892/1459 785/1893/1460
f 626/2649/1902 1695/1896/1462 903/1912/1471
f 187/235/227 578/1897/1463 626/2649/1902
f 626/2649/1902 578/1897/1463 1695/1896/1462
f 578/1897/1463 577/1898/1464 1686/1894/1461
f 577/1898/1464 625/2486/216 579/1895/1225
f 593/1631/1251 592/1634/1254 133/1899/1213
f 576/1610/1233 120/1609/1232 138/1878/1446
f 1687/1901/1447 139/2673/1443 852/1712/1322
f 139/1875/1443 1689/1904/1467 1688/1903/1466
f 138/1878/1446 120/1609/1232 1688/1903/1466
f 1690/2671/1912 784/1602/1226 955/1598/1222 731/1882/1450
f 785/2672/1460 1690/2671/1912 731/1882/1450 140/1881/1449
f 1692/1910/1470 781/1908/1469 839/1907/1455 1691/2674/1913
f 1693/1905/1468 128/1863/1431 781/1908/1469 1692/1910/1470
f 129/1864/1432 1693/1905/1468 1692/1910/1470 840/1885/1453
f 839/1907/1455 1694/1909/1454 1691/2674/1913
f 1691/2674/1913 1694/1909/1454 1692/1910/1470
f 1687/1879/1447 1697/1916/1473 1700/2675/1914 130/1868/1436
f 681/1718/1328 1695/1896/1462 134/1911/1216
f 1695/1896/1462 579/1895/1225 134/1911/1216
f 190/1720/1330 893/1914/1472 189/1902/1465
f 1697/1916/1473 1696/1919/1475 1699/1918/1474 1700/2675/1914
f 894/1873/1441 1698/1872/1440 893/1917/1472
f 1696/1919/1475 1697/1916/1473 893/1917/1472
f 893/1917/1472 1698/1872/1440 1696/1919/1475
f 1698/1872/1440 939/1871/1439 1699/1918/1474
f 1700/2675/1914 1699/1918/1474 939/1871/1439 130/1868/1436
f 996/2676/290 728/2677/1161 1704/1926/1479 1706/1930/1482
f 1701/1721/1331 144/1171/925 730/1170/924
f 729/1724/1334 134/1911/1216 1701/1721/1331
f 1701/1721/1331 134/1911/1216 144/1171/925
f 690/802/644 892/1605/1228 1702/1920/1476
f 892/1605/1228 784/1602/1226 1702/1920/1476
f 1702/1920/1476 784/1602/1226 117/1921/1459
f 1704/1926/1479 728/2677/1161 727/1924/1159 1703/1923/1477
f 1706/1930/1482 838/2678/1488 996/2676/290
f 119/2485/169 890/243/233 1714/1944/1491 836/1943/171
f 199/1922/1170 837/1929/1481 1703/1923/1477
f 1703/1923/1477 837/1929/1481 1705/1925/1478
f 1704/1926/1479 1705/1925/1478 1706/1930/1482
f 1706/1930/1482 1707/1928/1480 838/2678/1488
f 1707/1928/1480 118/1927/173 838/2678/1488
f 1709/1932/1483 124/350/327 1024/354/137
f 725/1935/1485 1708/1933/1484 273/1132/148
f 1708/1933/1484 1709/1932/1483 1024/354/137
f 116/1934/1337 726/1931/1343 1708/1933/1484
f 938/1641/1261 1710/1937/1486 783/1655/1275
f 1710/1937/1486 126/1936/223 783/1655/1275
f 1001/237/222 456/1938/221 891/172/167
f 281/305/286 782/311/291 271/177/172
f 271/177/172 782/311/291 1711/1939/1487
f 782/311/291 996/310/290 838/1940/1488
f 855/1496/1135 221/1495/1134 1712/1941/1489
f 1712/1941/1489 221/1495/1134 1506/1287/1015
f 624/164/160 277/163/159 1000/1946/1493 1715/1945/1492
f 1006/208/202 1021/138/134 1713/1942/1490
f 890/243/233 1713/1942/1490 1714/1944/1491
f 1713/1942/1490 1021/138/134 836/1943/171
f 1021/138/134 1013/137/133 836/1943/171
f 837/1929/1481 199/1922/1170 1719/1671/1288 1721/1948/1495
f 1715/1945/1492 1005/220/213 1716/1947/1494
f 1715/1945/1492 1716/1947/1494 1717/166/162
f 1716/1947/1494 1004/222/215 1717/166/162
f 1717/166/162 1004/222/215 121/167/163
f 1721/1948/1495 1719/1671/1288 1718/1670/1287 1720/2679/1915
f 1718/1670/1287 1022/171/166 1720/2679/1915
f 118/1927/173 1721/1948/1495 1720/2679/1915 1013/170/133
f 1022/171/166 1013/170/133 1720/2679/1915
f 123/2466/1174 1523/1958/1501 1727/1957/1500 1015/155/151
f 1722/1949/1496 725/1935/1485 273/1132/148
f 458/162/158 459/168/164 1723/1950/1497
f 1724/1951/1498 116/1934/1337 725/1935/1485
f 1723/1950/1497 459/168/164 1010/1952/1335
f 835/1618/1241 781/1954/1469 128/1913/1431
f 834/65/63 1726/1956/1499 723/66/64
f 201/1600/1224 625/223/216 1726/1956/1499
f 1728/1959/1502 936/1616/1239 138/1878/1446 1729/2680/1916
f 1008/156/152 1015/155/151 1727/1957/1500
f 202/1960/1503 1728/1959/1502 1729/2680/1916 937/1870/1438
f 937/1870/1438 1729/2680/1916 1730/2681/1917 130/1868/1436
f 138/1878/1446 1730/2681/1917 1729/2680/1916
f 676/1966/1165 677/2682/1163 1732/1971/1508 1733/1970/1507
f 138/1878/1446 130/1868/1436 1730/2681/1917
f 450/232/225 1731/1961/1504 680/158/154
f 450/232/225 453/1623/1243 1731/1961/1504
f 1731/1961/1504 453/1623/1243 127/189/183
f 139/1962/1443 574/2590/889 274/915/749
f 1736/1973/1510 188/338/316 679/1972/1509
f 214/1968/1137 1732/1971/1508 677/2682/1163
f 1744/2683/1918 537/1988/1524 8/1987/1523 1743/2684/1919
f 1733/1970/1507 678/1964/1349 676/1966/1165
f 214/1968/1137 1734/1967/1505 1732/1971/1508
f 1734/1967/1505 1735/1969/1506 1732/1971/1508
f 1735/1969/1506 679/1972/1509 1733/1970/1507
f 1735/1969/1506 1736/1973/1510 679/1972/1509
f 1734/1967/1505 573/342/320 1735/1969/1506
f 573/342/320 188/338/316 1736/1973/1510
f 535/1976/1513 1739/1977/1514 70/1980/1516
f 490/1974/1511 1738/1978/1515 1737/1975/1512
f 1737/1975/1512 1738/1978/1515 1739/1977/1514
f 1740/1981/1517 1753/2006/1542 70/1980/1516
f 1740/1981/1517 113/1983/1519 1753/2006/1542
f 1742/1985/1521 537/1988/1524 114/1986/1522
f 537/1988/1524 1744/2683/1918 115/2082/1608
f 1744/2683/1918 1743/2684/1919 490/1974/1511 535/1976/1513
f 8/1987/1523 490/1974/1511 1743/2684/1919
f 1744/2683/1918 535/1976/1513 115/2082/1608
f 566/1998/1534 535/1976/1513 1751/2002/1538 1752/2004/1540
f 1745/1989/1525 1741/1984/1520 114/1986/1522
f 6/1991/1527 1741/1984/1520 1745/1989/1525
f 1748/1994/1530 535/1976/1513 70/1980/1516
f 556/1993/1529 1747/1995/1531 1746/1992/1528
f 48/2001/1537 1748/1994/1530 1747/1995/1531
f 48/2001/1537 535/1976/1513 1748/1994/1530
f 492/1996/1532 69/2685/1726 112/1997/1533
f 33/2348/1795 12/2012/1548 1756/2011/1547 564/2015/1551
f 47/2000/1536 1752/2004/1540 1750/2003/1539
f 47/2000/1536 1749/1999/1535 1752/2004/1540
f 1749/1999/1535 566/1998/1534 1752/2004/1540
f 1754/2009/1545 112/1997/1533 69/2685/1726
f 1754/2009/1545 526/2008/1544 112/1997/1533
f 45/2005/1541 113/1983/1519 1755/2007/1543
f 471/2228/1718 541/2310/1769 1852/2306/1568 1763/2686/1567
f 1757/2013/1549 467/2014/1550 1756/2011/1547
f 1758/2020/1554 111/2023/1557 1877/2353/1799
f 22/2019/1553 1759/2022/1556 1758/2020/1554
f 22/2019/1553 17/2024/1558 1759/2022/1556
f 571/2025/1559 12/2012/1548 33/2348/1795
f 17/2024/1558 499/2026/1560 111/2023/1557
f 1760/2029/1562 22/2028/1553 109/2687/1555
f 1761/2030/1563 74/2219/1710 1768/2031/1564
f 1762/2038/1571 1763/2034/1567 540/2036/1569
f 540/2036/1569 470/2230/1720 1762/2038/1571
f 470/2230/1720 469/2037/1570 1762/2038/1571
f 541/2310/1769 471/2228/1718 538/2017/1552
f 531/32/30 1766/2041/1574 1765/2688/1576 110/2225/1711
f 1764/2040/1573 531/32/30 59/34/32
f 483/2039/1572 1765/2688/1576 1766/2041/1574
f 483/2039/1572 1766/2041/1574 1764/2040/1573
f 535/1976/1513 566/1998/1534 1771/2066/1596 1772/2063/1593
f 1767/2689/1920 540/2036/1569 480/2042/1575
f 1767/2689/1920 495/2222/1713 540/2036/1569
f 1769/2046/1578 519/2086/1611 1784/2047/1579
f 517/2051/1583 1769/2046/1578 1770/2049/1581
f 88/2058/1590 1787/2060/1591 515/2056/1588
f 515/2056/1588 569/2070/1599 56/2062/1592
f 1772/2063/1593 488/2067/1597 108/2064/1594
f 108/2064/1594 488/2067/1597 101/2103/1622 1781/2090/1615
f 106/2065/1595 488/2067/1597 1771/2066/1596
f 1773/2068/1598 106/2072/1595 566/2069/1534
f 570/2074/1602 91/2073/1601 1774/2078/1605
f 91/2073/1601 554/2076/1603 1774/2078/1605
f 25/2434/1816 91/2073/1601 107/2075/1582
f 1776/2083/1609 108/2064/1594 105/2081/27
f 115/2082/1608 1776/2083/1609 1775/2080/1607
f 115/2082/1608 535/1976/1513 1776/2083/1609
f 1776/2083/1609 535/1976/1513 108/2064/1594
f 14/2079/1606 518/31/29 498/2077/1604
f 115/2084/1608 105/29/27 518/31/29
f 1815/2205/1702 519/2086/1611 1777/2085/1610
f 518/31/29 1778/2089/1614 498/2077/1604
f 1779/30/28 1780/2087/1612 1778/2089/1614
f 105/29/27 99/2462/1616 1780/2087/1612
f 498/2077/1604 465/2388/1820 1774/2078/1605
f 498/2077/1604 100/2088/1613 465/2388/1820
f 1782/2094/1618 465/2388/1820 522/2093/1617
f 570/2074/1602 1774/2078/1605 1782/2094/1618
f 1782/2094/1618 1774/2078/1605 465/2388/1820
f 466/2097/1621 1783/2095/1619 517/2051/1583
f 24/2096/1620 1777/2085/1610 1783/2095/1619
f 497/2053/1585 1784/2047/1579 528/2109/1630
f 1784/2047/1579 519/2086/1611 528/2109/1630
f 546/2071/1600 516/2099/1623 106/2072/1595
f 1773/2068/1598 1785/2100/1624 546/2071/1600
f 1785/2100/1624 516/2099/1623 546/2071/1600
f 1773/2068/1598 1786/2690/1921 1785/2100/1624
f 491/2101/1625 1786/2690/1921 1773/2068/1598
f 1786/2690/1921 101/2098/1622 1785/2100/1624
f 1790/2112/1633 1789/2691/1922 1791/2116/1636 1792/2110/1631
f 472/2106/1628 491/2101/1625 515/2056/1588
f 104/2061/1587 98/2104/1626 1787/2060/1591
f 1787/2060/1591 102/2105/1627 472/2106/1628
f 472/2106/1628 102/2105/1627 491/2101/1625
f 1788/2107/1629 528/2109/1630 98/2108/1626
f 1789/2691/1922 1790/2112/1633 19/2114/1635
f 19/2114/1635 1791/2116/1636 1789/2691/1922
f 95/2129/1638 544/2124/1642 1793/2123/1641 1794/2126/1644
f 1791/2116/1636 95/2118/1638 1792/2110/1631
f 20/2138/1652 96/2132/1647 28/2135/1650
f 20/2138/1652 555/2692/1639 96/2132/1647
f 95/2118/1638 13/2117/1637 544/2693/1642
f 1791/2116/1636 27/2115/26 95/2118/1638
f 20/2694/1652 545/2119/1634 555/2121/1639
f 20/2694/1652 19/2695/1635 545/2119/1634
f 1797/2130/1646 1796/2127/1645 96/2132/1647 555/2692/1639
f 476/2122/1640 1795/2125/1643 1793/2123/1641
f 1795/2125/1643 96/2132/1647 1794/2126/1644
f 476/2122/1640 96/2132/1647 1795/2125/1643
f 1796/2127/1645 1797/2130/1646 1792/2128/1631
f 1797/2130/1646 555/2692/1639 97/2131/1632
f 1804/2696/1923 1803/2152/1662 72/2142/1656 487/2141/1655
f 13/2136/1637 27/28/26 94/2/2
f 1799/2137/1651 28/2135/1650 93/2134/1649
f 1800/2697/1924 554/2076/1603 91/2073/1601
f 19/2698/1635 20/2138/1652 1800/2697/1924
f 20/2138/1652 554/2076/1603 1800/2697/1924
f 91/2073/1601 92/10/10 27/28/26
f 19/2698/1635 91/2073/1601 27/28/26
f 19/2698/1635 1800/2697/1924 91/2073/1601
f 72/2142/1656 61/2699/1657 1801/2139/1653
f 1801/2139/1653 61/2699/1657 534/2140/1654
f 62/2700/1665 494/2144/1658 61/2143/1657
f 543/2270/1668 64/2146/1659 90/2148/1660
f 1804/2696/1923 487/2141/1655 530/2150/24
f 55/2151/23 1803/2152/1662 1802/2149/1661
f 1802/2149/1661 1804/2696/1923 530/2150/24
f 1803/2152/1662 1804/2696/1923 1802/2149/1661
f 90/2154/1660 487/2158/1655 1805/2157/1663 1806/2160/1664
f 530/2153/24 487/2158/1655 90/2154/1660
f 1806/2160/1664 494/2159/1658 90/2154/1660
f 485/2701/1685 50/2289/138 542/2702/1925 1810/2192/1689
f 89/2057/1589 1807/2162/1666 88/2058/1590
f 61/2163/1657 88/2058/1590 1807/2162/1666
f 62/2161/1665 89/2057/1589 486/2164/1667
f 55/2167/23 86/2169/1669 87/24/22
f 482/2170/1670 64/2168/1659 486/2164/1667
f 1813/2176/1676 1808/2173/1673 1809/2174/1674
f 1814/2175/1675 78/2177/1677 1808/2173/1673
f 1809/2174/1674 83/2172/1672 1819/2179/1679
f 561/2178/1678 514/2213/1684 80/2180/1680
f 513/2185/17 1817/2181/1681 65/2183/18
f 485/2188/1685 1840/2703/1926 50/2704/138
f 1840/2703/1926 485/2188/1685 63/2190/1687
f 65/20/18 514/2187/1684 567/2296/1754
f 509/2189/1686 485/2188/1685 1827/2184/1683
f 485/2188/1685 1817/2181/1681 1827/2184/1683
f 1839/2705/1927 1837/2285/1753 985/2284/139 50/2706/138
f 1810/2192/1689 84/2191/1688 485/2701/1685
f 484/2203/1700 21/2707/1806 560/2208/1671
f 5/2708/1807 21/2707/1806 484/2203/1700
f 506/2194/1691 1811/2709/5 85/2195/1692
f 1811/2709/5 484/2203/1700 85/2195/1692
f 1811/2709/5 5/2708/1807 484/2203/1700
f 503/2710/1928 85/2465/1692 49/2193/1690
f 85/2465/1692 84/2191/1688 49/2193/1690
f 503/2710/1928 9/2463/1693 85/2465/1692
f 84/2191/1688 85/2465/1692 1812/2197/1694
f 85/2195/1692 484/2203/1700 568/2200/1697
f 24/2096/1620 1814/2175/1675 1813/2176/1676
f 1815/2205/1702 1809/2174/1674 1819/2179/1679
f 536/2711/1695 568/2200/1697 464/2202/1699
f 536/2711/1695 85/2195/1692 568/2200/1697
f 533/2204/1701 1816/2206/1703 521/2201/1698
f 484/2203/1700 560/2208/1671 533/2204/1701
f 533/2204/1701 560/2208/1671 1816/2206/1703
f 84/2191/1688 79/2209/1704 485/2701/1685
f 485/2188/1685 81/2210/1705 1817/2181/1681
f 1817/2181/1681 1820/2217/1709 553/2182/1682
f 480/2042/1575 76/33/31 1767/2689/1920
f 76/33/31 468/2224/1715 1767/2689/1920
f 1767/2689/1920 468/2224/1715 495/2222/1713
f 531/32/30 1822/2227/1717 76/33/31
f 531/32/30 1821/2226/1716 1822/2227/1717
f 110/2225/1711 77/2322/1712 1821/2226/1716
f 1821/2226/1716 77/2322/1712 76/33/31
f 1763/2686/1567 75/2327/1721 471/2228/1718
f 471/2228/1718 75/2327/1721 551/2229/1719
f 469/2037/1570 75/2231/1721 1763/2034/1567
f 470/2230/1720 75/2231/1721 469/2037/1570
f 1761/2030/1563 507/2033/1566 74/2219/1710
f 486/2164/1667 71/2246/1728 57/2238/1725
f 1755/2242/1543 527/2313/1772 45/2712/1541
f 527/2313/1772 556/2314/1529 45/2712/1541
f 1755/2242/1543 69/2241/1726 527/2313/1772
f 563/2321/1776 68/2232/1722 44/2247/1729
f 74/2219/1710 43/2235/1724 1824/2248/1730
f 1824/2248/1730 43/2235/1724 66/2236/20
f 1825/2249/1731 1826/2255/1734 1847/21/19
f 1826/2255/1734 513/19/17 1847/21/19
f 60/2251/258 510/2252/1732 1825/2249/1731
f 1825/2249/1731 1828/2253/1733 1826/2255/1734
f 1827/2254/1683 513/19/17 1828/2253/1733
f 82/2211/1706 51/2269/1745 1829/2256/1735
f 1829/2256/1735 51/2269/1745 67/2258/1737
f 528/2109/1630 36/2215/1708 1830/2259/1738
f 1832/2266/1742 1856/2054/1586 73/2233/1723
f 46/2052/1584 1856/2054/1586 1832/2266/1742
f 76/33/31 86/2169/1669 482/2170/1670
f 1833/2267/1743 51/2269/1745 565/2268/1744
f 62/2271/1665 90/2148/1660 494/2713/1658
f 52/2276/1748 489/2393/1823 1835/2272/1746
f 1836/2278/1750 1838/2281/1752 479/2279/1751
f 39/2283/141 985/2284/139 1836/2278/1750
f 1836/2278/1750 1837/2285/1753 1838/2281/1752
f 1837/2285/1753 1839/2705/1927 1838/2281/1752
f 1845/2288/1756 1843/2714/1929 1842/2292/1757 1844/2294/1759
f 1839/2705/1927 1840/2715/1926 1838/2281/1752
f 50/2706/138 1840/2715/1926 1839/2705/1927
f 1840/2715/1926 63/2282/1687 1838/2281/1752
f 1843/2714/1929 1845/2288/1756 449/2290/140
f 1845/2288/1756 542/2702/1925 50/2289/138
f 41/2291/136 475/2716/149 1841/2293/1758
f 41/2291/136 1841/2293/1758 1842/2292/1757
f 449/2290/140 1842/2292/1757 1843/2714/1929
f 1810/2192/1689 1844/2294/1759 1841/2293/1758 49/2193/1690
f 475/2716/149 49/2193/1690 1841/2293/1758
f 542/2702/1925 1845/2288/1756 1844/2294/1759 1810/2192/1689
f 1850/2302/1763 42/2427/1785 478/2305/1766 1851/2304/1765
f 1846/18/16 38/17/15 567/2286/1754
f 549/2295/1760 493/16/14 1846/18/16
f 1847/21/19 567/2296/1754 512/2250/271
f 67/2260/1737 36/2215/1708 1848/2298/1736
f 98/2104/1626 67/2258/1737 102/2105/1627
f 1850/2302/1763 53/2301/1762 42/2427/1785
f 540/2308/1569 1853/2307/1767 1855/2311/1770 52/2717/1748
f 1851/2304/1765 54/2300/1749 1850/2302/1763
f 37/2303/1764 54/2300/1749 1851/2304/1765
f 486/2164/1667 56/2062/1592 71/2246/1728
f 1857/2312/1771 69/2241/1726 492/2718/1532 1858/2317/1773
f 541/2310/1769 1855/2311/1770 1854/2309/1768
f 538/2017/1552 52/2717/1748 1855/2311/1770
f 1856/2059/1586 88/2058/1590 73/2239/1723
f 556/2314/1529 1857/2312/1771 1747/2719/1531
f 1857/2312/1771 1859/2319/1774 1747/2719/1531
f 1859/2319/1774 48/2318/1537 1747/2719/1531
f 59/2264/32 480/2273/1575 1860/2320/1775 1861/2720/1930
f 492/2718/1532 47/2315/1536 1858/2317/1773
f 1857/2312/1771 1858/2317/1773 1859/2319/1774
f 1858/2317/1773 1750/2316/1539 1859/2319/1774
f 1861/2720/1930 481/2265/1741 59/2264/32
f 86/2169/1669 76/33/31 1863/2325/1779 1864/2324/1778
f 1835/2272/1746 1861/2720/1930 1860/2320/1775
f 1835/2272/1746 489/2393/1823 1861/2720/1930
f 489/2393/1823 481/2265/1741 1861/2720/1930
f 71/2246/1728 566/2069/1534 112/2244/1533
f 71/2246/1728 56/2062/1592 566/2069/1534
f 508/2329/255 511/2280/253 1865/2330/1782 1866/2328/1781
f 76/33/31 1862/2323/1777 1863/2325/1779
f 77/2322/1712 66/22/20 1862/2323/1777
f 1862/2323/1777 66/22/20 1864/2324/1778
f 1864/2324/1778 66/22/20 86/2169/1669
f 81/2210/1705 51/2269/1745 82/2211/1706
f 1866/2328/1781 510/2252/1732 60/2251/258
f 510/2252/1732 1865/2330/1782 509/2721/1686 1827/2254/1683
f 1865/2330/1782 510/2252/1732 1866/2328/1781
f 63/2282/1687 509/2721/1686 1865/2330/1782
f 1781/2090/1615 101/2103/1622 1868/2338/1787 1869/2336/1786
f 552/2223/1714 526/2245/1544 525/2331/1780
f 552/2223/1714 57/2238/1725 526/2245/1544
f 507/2033/1566 43/2235/1724 74/2219/1710
f 1867/2332/1783 40/2032/1565 1768/2031/1564
f 1867/2332/1783 558/2333/1740 40/2032/1565
f 1869/2336/1786 42/2335/1785 1781/2090/1615
f 101/2098/1622 1786/2690/1921 1872/2343/1790 1873/2342/1789
f 1868/2338/1787 1870/2334/1784 1869/2336/1786
f 37/2337/1764 478/2339/1766 1868/2338/1787
f 478/2339/1766 42/2335/1785 1870/2334/1784
f 1871/2456/1696 54/2300/1749 79/2722/1704
f 1871/2456/1696 53/2301/1762 54/2300/1749
f 1873/2342/1789 37/2341/1764 101/2098/1622
f 491/2101/1625 1872/2343/1790 1786/2690/1921
f 1876/2350/1797 35/2352/1792 109/2021/1555 1758/2020/1554
f 54/2277/1749 37/2341/1764 1874/2340/1788
f 528/2109/1630 519/2086/1611 36/2215/1708
f 519/2086/1611 1815/2205/1702 36/2215/1708
f 109/2687/1555 35/2345/1792 1760/2029/1562
f 32/2346/1793 571/2025/1559 34/2349/1796
f 1876/2350/1797 1877/2353/1799 1921/2351/1798
f 500/2383/1815 17/2440/1558 22/2723/1553 1888/2382/1814
f 1878/2354/1800 551/2229/1719 31/2445/1856
f 1878/2724/1800 31/2725/1856 33/2348/1795
f 564/2015/1551 1878/2724/1800 33/2348/1795
f 467/2014/1550 1878/2724/1800 564/2015/1551
f 4/2027/1561 30/2344/1791 507/2033/1566
f 476/2359/1640 1879/2358/1802 96/2361/1647
f 15/2421/1839 477/2367/1803 93/2134/1649
f 6/2363/1527 1881/2364/1518 1880/9/9
f 15/2421/1839 1882/2365/1526 477/2367/1803
f 559/2356/1801 26/15/13 563/2321/1776
f 30/2344/1791 548/2464/1855 1883/2368/1804
f 30/2344/1791 35/2345/1792 548/2464/1855
f 1885/2369/1805 1886/2377/1811 21/2370/1806
f 547/2374/1809 1884/2373/1808 5/2371/1807
f 1884/2373/1808 523/2376/1810 1886/2377/1811
f 524/2375/303 23/2416/297 523/2376/1810
f 1886/2377/1811 523/2376/1810 21/2370/1806
f 521/2201/1698 78/2207/1677 1814/2381/1675
f 107/2050/1582 7/2385/1817 25/2384/1816
f 107/2050/1582 103/2048/1580 7/2385/1817
f 9/2726/1693 502/2396/1825 1892/2395/1824 506/2727/1691
f 1888/2382/1814 22/2723/1553 558/2262/1740
f 29/2355/12 25/2384/1816 1889/2386/1818
f 32/2346/1793 1890/2387/1819 94/2/2
f 522/2093/1617 465/2388/1820 10/2380/1813
f 13/2728/1637 1798/2729/1648 544/2730/1642
f 544/2730/1642 1798/2729/1648 476/2731/1640
f 536/2711/1695 464/2202/1699 11/2389/1821
f 1893/2397/1826 1892/2395/1824 3/2394/326 504/2732/323
f 1894/2398/1827 1811/5/5 506/2727/1691
f 503/2710/1928 49/2193/1690 475/2402/149 1897/2401/1828
f 1892/2395/1824 1893/2397/1826 1894/2398/1827
f 1892/2395/1824 1894/2398/1827 506/2727/1691
f 504/2732/323 505/2399/309 1893/2397/1826
f 1894/2398/1827 1895/6/6 1811/5/5
f 83/2172/1672 1896/2411/1835 561/2178/1678
f 1896/2411/1835 58/2287/1755 561/2178/1678
f 83/2172/1672 16/2412/1836 1896/2411/1835
f 503/2710/1928 1902/2407/1832 9/2463/1693
f 1901/2406/1831 1899/2733/1931 1898/2403/1829 1900/2404/1830
f 1897/2401/1828 1898/2403/1829 1899/2733/1931
f 1897/2401/1828 1899/2733/1931 503/2710/1928
f 1902/2407/1832 503/2710/1928 1899/2733/1931 1901/2406/1831
f 1911/2428/1845 1912/2431/1847 12/2432/1548 52/2717/1748
f 448/2400/135 3/2734/326 1900/2404/1830
f 1900/2404/1830 3/2734/326 502/2405/1825
f 1903/2410/1834 2/2408/289 1904/2409/1833
f 16/2412/1836 2/2408/289 1903/2410/1834
f 23/2416/297 1905/2414/1837 523/2376/1810
f 560/2417/1671 21/2370/1806 16/2413/1836
f 34/2349/1796 33/2348/1795 1906/2420/1838
f 1906/2420/1838 33/2348/1795 15/2421/1839
f 1909/2425/1843 11/2735/1821 1/2423/1841
f 42/2427/1785 1907/2422/1840 473/2424/1842
f 53/2301/1762 11/2735/1821 1909/2425/1843
f 477/2367/1803 14/2079/1606 554/2076/1603
f 1911/2428/1845 52/2717/1748 538/2017/1552
f 490/2736/1511 8/2737/1523 1915/2437/1851 1916/2436/1850
f 1913/2433/1848 91/2073/1601 25/2434/1816
f 92/10/10 91/2073/1601 1913/2433/1848
f 1915/2437/1851 8/2737/1523 1741/2362/1520 1914/2435/1849
f 1922/2446/1857 505/2399/309 520/2449/311 1923/2448/1859
f 1914/2435/1849 501/8/8 1738/2438/1515
f 1914/2435/1849 1738/2438/1515 1916/2436/1850
f 1916/2436/1850 1738/2438/1515 490/2736/1511
f 1917/2439/1852 1918/2441/1853 489/2393/1823
f 1918/2441/1853 481/2265/1741 489/2393/1823
f 17/2440/1558 500/2383/1815 1917/2439/1852
f 500/2383/1815 481/2265/1741 1918/2441/1853
f 563/2321/1776 7/2385/1817 1784/2047/1579
f 548/2444/1855 1919/2443/1854 562/3/3
f 1919/2443/1854 1921/2351/1798 1920/1/1
f 464/2202/1699 521/2201/1698 10/2380/1813
f 1924/2447/1858 5/2371/1807 1811/5/5
f 1922/2446/1857 1811/5/5 474/4/4
f 1922/2446/1857 1924/2447/1858 1811/5/5
f 1923/2448/1859 547/2374/1809 1922/2446/1857
f 18/2372/308 547/2374/1809 1923/2448/1859
f 547/2374/1809 5/2371/1807 1924/2447/1858
f 15/2421/1839 33/2348/1795 1925/2450/1860
f 33/2348/1795 31/2725/1856 1925/2450/1860
f 1925/2450/1860 31/2725/1856 1882/2365/1526
f 558/2333/1740 22/2028/1553 1926/2451/1861
f 4/2027/1561 40/2032/1565 1926/2451/1861
f 1928/2454/1863 42/2335/1785 473/2455/1842
f 1927/2452/1862 473/2455/1842 1/2453/1841
f 99/2091/1616 1928/2454/1863 1927/2452/1862
f 1781/2090/1615 42/2335/1785 1928/2454/1863
f 536/2457/1695 11/2735/1821 53/2301/1762
f 1930/2458/1864 1/2461/1841 11/2389/1821
f 100/2088/1613 1929/2459/1865 11/2389/1821
f 1929/2459/1865 1931/2460/1866 1930/2458/1864
f 99/2462/1616 1/2461/1841 1931/2460/1866
