# Blender 5.1.0
# www.blender.org
mtllib CharHairLP.mtl
o Cube_Cube.002
v 0.156134 2.309612 0.386194
v -0.007296 3.246865 0.105411
v -0.028044 3.211955 0.246551
v -0.003829 3.287264 0.294426
v 0.030573 3.237823 0.304047
v 0.063359 3.271365 0.326956
v 0.112505 3.178037 0.197592
v 0.144011 3.224717 0.138485
v 0.209494 3.246845 0.190039
v 0.152150 3.175135 0.360630
v 0.113732 3.155421 0.297064
v 0.220110 3.176883 0.328970
v 0.329937 2.896429 0.194089
v 0.266459 2.984663 0.438429
v 0.276759 2.821167 0.216714
v 0.395593 2.799392 0.369676
v 0.345569 2.909098 0.411152
v 0.216433 2.971455 0.437629
v 0.388172 2.693854 0.376228
v 0.333799 2.701326 0.267554
v 0.306876 2.555606 0.365796
v 0.274862 2.778852 0.420549
v 0.240947 2.602444 0.295339
v 0.230685 2.674922 0.400958
v 0.163827 2.459762 0.376659
v 0.128866 2.546023 0.415294
v 0.086925 2.449180 0.415902
v 0.132308 2.355958 0.395287
v 0.125926 2.333445 0.400165
v 0.108223 2.354009 0.402997
v -0.078111 3.263427 0.081698
v -0.014996 3.283385 -0.038307
v -0.050032 3.325381 0.118668
v -0.024019 3.246552 -0.042985
v -0.005254 3.278628 0.122674
v 0.056917 3.231332 0.022497
v 0.121058 3.261371 -0.027588
v 0.172372 3.302738 0.019761
v 0.065982 3.315717 0.135747
v 0.180431 3.219995 0.198026
v 0.126373 3.216825 0.155756
v 0.119302 3.180716 0.028743
v 0.213822 3.243653 0.183145
v 0.320512 2.890656 0.021162
v 0.431820 2.822181 0.028413
v 0.456403 2.858797 0.087176
v 0.303976 3.011582 0.239824
v 0.208529 2.972391 0.278398
v 0.211016 2.895872 0.249031
v 0.349634 2.789078 0.041951
v 0.488840 2.750172 0.159865
v 0.405866 2.628192 -0.049824
v 0.399027 2.508789 0.062395
v 0.269951 2.457596 -0.016273
v 0.289815 2.379303 0.120838
v 0.422117 2.552990 0.155869
v 0.283205 2.733836 0.219878
v 0.246072 2.396853 0.112220
v 0.246449 2.543884 0.222660
v 0.246549 2.347992 0.189377
v 0.179012 2.424053 0.244620
v 0.210577 2.391447 0.240777
v 0.232804 2.294807 0.270283
v 0.264714 2.270917 0.266933
v 0.200581 2.349656 0.254780
v 0.262168 2.266603 0.262517
v 0.017739 3.254737 0.124362
v -0.070562 3.281384 0.241218
v -0.118836 3.253216 0.200204
v -0.092701 3.276776 0.277288
v -0.033110 3.232328 0.231711
v 0.046859 3.242404 0.241076
v 0.058124 3.243142 0.329041
v -0.097543 3.249151 0.307441
v -0.033279 3.230381 0.370933
v 0.137644 3.186680 0.324666
v 0.180082 3.134434 0.373517
v 0.183935 3.083233 0.419831
v -0.018070 3.168271 0.378397
v 0.246606 2.917158 0.439233
v 0.053073 3.103863 0.414576
v 0.263066 2.795464 0.454933
v 0.110457 2.914060 0.453421
v 0.235326 2.887617 0.416932
v 0.209484 2.785032 0.440613
v 0.199406 2.788498 0.410342
v 0.288226 2.760962 0.382506
v 0.346598 2.737551 0.410060
v 0.338131 2.732993 0.390189
v 0.338429 2.722638 0.411411
v 0.296353 2.400759 0.280637
v -0.001850 3.312839 0.200087
v -0.018014 3.345119 0.147661
v -0.026853 3.300416 0.053308
v 0.041613 3.271737 0.118161
v 0.049709 3.338139 0.197668
v 0.077891 3.255287 0.174730
v 0.163637 3.268843 0.049051
v 0.198942 3.299466 0.091046
v 0.095703 3.301193 0.218578
v 0.204901 3.217906 0.289275
v 0.273783 3.070807 0.142515
v 0.328750 3.051870 0.144010
v 0.455607 2.887274 0.299149
v 0.186807 3.120797 0.331275
v 0.510594 2.753817 0.247191
v 0.346361 2.878740 0.295976
v 0.381981 2.841997 0.169789
v 0.454563 2.759144 0.160980
v 0.442542 2.548179 0.239899
v 0.426833 2.796301 0.313421
v 0.371499 2.608992 0.238642
v 0.441198 2.533239 0.277605
v 0.390847 2.591997 0.310715
v 0.335408 2.630165 0.292820
v 0.303933 2.469694 0.275061
v 0.300860 2.454312 0.294540
v 0.263430 2.492268 0.293533
v 0.270179 2.496444 0.313190
v 0.292294 2.409194 0.267988
v -0.380469 2.404846 0.264366
v -0.044593 3.303179 0.251162
v -0.057608 3.288594 0.016781
v -0.032595 3.270722 0.211391
v -0.067725 3.263968 0.007759
v -0.246524 3.295588 0.099753
v -0.168256 3.233340 0.201413
v -0.168946 3.246605 0.108780
v -0.239546 3.270747 0.040927
v -0.140735 3.297362 0.258508
v -0.185161 3.245371 0.271025
v -0.342003 3.232191 0.118438
v -0.401442 3.079268 0.120333
v -0.375879 3.036642 0.137577
v -0.284670 3.207728 0.285663
v -0.279745 3.083312 0.333603
v -0.485661 2.808697 0.176240
v -0.527412 2.825199 0.169368
v -0.536131 2.868881 0.296104
v -0.460218 2.881155 0.316782
v -0.425950 2.881860 0.292746
v -0.569413 2.637265 0.252886
v -0.432888 2.845168 0.245593
v -0.439323 2.601286 0.251421
v -0.496148 2.530525 0.239052
v -0.425431 2.633266 0.289018
v -0.516198 2.533853 0.282943
v -0.464993 2.575681 0.307381
v -0.371159 2.524179 0.313857
v -0.384922 2.462645 0.276094
v -0.386948 2.454470 0.293049
v -0.346793 2.479675 0.289445
v -0.380374 2.404980 0.283202
v -0.108171 3.269654 0.117222
v 0.019655 3.260624 0.182479
v 0.036025 3.294928 0.262625
v 0.043315 3.287633 0.219415
v -0.101999 3.243455 0.222010
v -0.157833 3.258056 0.227867
v -0.149461 3.270973 0.310195
v 0.018429 3.249016 0.334193
v -0.205902 3.200483 0.275958
v -0.028796 3.203308 0.335784
v -0.059043 3.233799 0.381099
v -0.076466 3.168339 0.392543
v -0.248455 3.154779 0.356641
v -0.281008 3.074291 0.420523
v -0.302501 3.005396 0.415438
v -0.143478 3.095396 0.409397
v -0.348945 2.887907 0.436768
v -0.203745 2.918552 0.457663
v -0.278712 2.884004 0.419253
v -0.255608 2.804800 0.431337
v -0.348545 2.768371 0.385088
v -0.344053 2.792230 0.455293
v -0.437605 2.730075 0.409446
v -0.419094 2.722024 0.407195
v -0.423780 2.733309 0.390806
v -0.056727 3.250111 -0.079947
v -0.070802 3.291871 0.096017
v -0.064622 3.226949 0.028070
v -0.086322 3.308450 -0.000678
v -0.163898 3.222531 -0.023571
v -0.244803 3.249755 -0.080010
v -0.224651 3.315826 -0.043309
v -0.169413 3.326971 0.121471
v -0.326489 3.293179 -0.022504
v -0.336363 3.261239 0.114894
v -0.250960 3.189056 -0.038969
v -0.292952 3.222422 0.128743
v -0.255755 3.177501 0.026953
v -0.516722 2.851198 0.011507
v -0.570659 2.847762 0.074798
v -0.450147 3.015535 0.152611
v -0.383960 3.008921 0.237722
v -0.311844 2.972277 0.258447
v -0.447734 2.838514 0.020196
v -0.557307 2.821479 0.164894
v -0.333354 2.850518 0.225581
v -0.459910 2.484346 0.064572
v -0.519171 2.584161 0.147415
v -0.373741 2.750953 0.211793
v -0.362396 2.453801 0.031052
v -0.340903 2.543066 0.217758
v -0.332737 2.386162 0.128666
v -0.339280 2.344904 0.186198
v -0.272740 2.431928 0.241611
v -0.354523 2.269492 0.264892
v -0.271474 2.390419 0.248788
v -0.334186 2.314744 0.236939
v -0.350778 2.266770 0.261272
v -0.321712 2.295069 0.269036
v -0.072406 3.248928 0.104498
v -0.113957 3.290107 0.312834
v -0.054083 3.212776 0.246951
v -0.070473 3.277038 0.295524
v -0.188966 3.187743 0.171740
v -0.125565 3.201850 0.235090
v -0.221372 3.204969 0.137150
v -0.266569 3.252102 0.179406
v -0.235685 3.161119 0.347768
v -0.194182 3.151338 0.276307
v -0.302035 3.217073 0.152623
v -0.299759 3.154412 0.346556
v -0.415352 2.896684 0.192662
v -0.309456 2.977179 0.439064
v -0.357900 2.839125 0.211966
v -0.448348 2.903880 0.379508
v -0.365438 2.983993 0.430823
v -0.335330 2.870830 0.420818
v -0.419969 2.718761 0.257721
v -0.482173 2.724297 0.379369
v -0.392027 2.750993 0.415934
v -0.350201 2.734985 0.398119
v -0.350388 2.670240 0.289529
v -0.262104 2.470557 0.371222
v -0.392487 2.555539 0.365586
v -0.211287 2.466377 0.389345
v -0.229625 2.422650 0.388760
v -0.209233 2.540663 0.414695
v -0.169154 2.417442 0.416596
v -0.228691 2.318116 0.391522
v 0.088969 3.277582 0.031580
v -0.018679 3.308996 -0.081449
v 0.116495 3.307889 0.001451
v 0.039882 3.240350 -0.017158
v 0.152277 3.263250 -0.179746
v 0.167979 3.300529 0.005958
v 0.065519 3.227818 -0.093299
v 0.019505 3.329594 -0.095291
v 0.262374 3.182221 -0.062548
v 0.177209 3.169183 -0.055798
v 0.281974 3.176391 -0.117377
v 0.179069 3.165262 -0.263375
v 0.212010 2.894949 -0.291720
v 0.279273 2.925872 -0.321113
v 0.394867 2.964258 -0.183755
v 0.194101 2.927241 -0.182806
v 0.283487 2.618865 -0.277862
v 0.387824 3.008804 -0.105605
v 0.354478 2.949714 -0.055220
v 0.145004 2.703483 -0.215083
v 0.147759 2.671216 -0.295556
v 0.200905 2.682599 -0.328085
v 0.357587 2.671247 -0.119747
v 0.410427 2.874506 -0.119487
v 0.353915 2.490315 -0.197009
v 0.334335 2.872345 -0.060978
v 0.282908 2.407777 -0.212528
v 0.308651 2.684984 -0.040612
v 0.182878 2.566186 -0.151727
v 0.320787 2.318842 -0.158955
v 0.252109 2.671493 -0.047550
v 0.300005 2.332771 -0.220136
v 0.323808 2.320738 -0.220355
v 0.250355 2.367988 -0.090787
v 0.274307 2.323894 -0.179870
v 0.314194 2.270534 -0.204416
v 0.310402 2.256065 -0.294917
v 0.304359 2.239362 -0.282081
v 0.325182 2.246560 -0.285536
v 0.415323 2.332081 -0.227894
v -0.036349 3.258285 -0.043693
v 0.061422 3.238973 0.056745
v 0.114388 3.314129 0.054099
v 0.127609 3.267351 0.044880
v 0.085866 3.198077 -0.070574
v 0.066123 3.231727 -0.145501
v 0.114977 3.267800 -0.124559
v 0.178291 3.290448 0.020145
v 0.171090 3.207892 0.010265
v 0.148110 3.229888 -0.178079
v 0.235314 3.208798 -0.009068
v 0.153208 3.020752 -0.130557
v 0.177860 3.023432 -0.194004
v 0.260794 3.021141 -0.159097
v 0.219677 3.095727 0.058461
v 0.406963 2.945136 -0.041444
v 0.354466 3.046271 0.026400
v 0.322162 3.035219 0.060443
v 0.346650 2.828271 -0.092933
v 0.422586 2.779127 -0.066450
v 0.425575 2.836306 -0.007886
v 0.348841 2.815600 -0.041679
v 0.374381 2.697029 -0.086887
v 0.394038 2.833746 0.014574
v 0.404785 2.478884 -0.115899
v 0.402854 2.504666 -0.058956
v 0.361883 2.509761 -0.029496
v 0.343046 2.514648 -0.090403
v 0.393781 2.396579 -0.093146
v 0.388286 2.396248 -0.143472
v 0.413473 2.391331 -0.168350
v 0.435768 2.363379 -0.163599
v 0.411884 2.325729 -0.203389
v 0.205411 2.205361 -0.399460
v 0.054635 3.217306 -0.023156
v -0.087397 3.222980 -0.032823
v 0.075202 3.298003 -0.049987
v -0.038941 3.245755 -0.186584
v 0.090616 3.254456 -0.075931
v 0.101824 3.291103 -0.098181
v -0.007763 3.178408 -0.132196
v -0.058468 3.188328 -0.183111
v -0.056933 3.216970 -0.235149
v 0.149041 3.219975 -0.179533
v 0.073202 3.158231 -0.172655
v 0.046574 3.033930 -0.346921
v 0.174398 3.180219 -0.294810
v 0.243659 3.104598 -0.271259
v 0.135047 2.982676 -0.294252
v 0.115962 2.809438 -0.381791
v 0.263235 2.984694 -0.358660
v 0.092006 2.936770 -0.334119
v 0.226464 2.828301 -0.386247
v 0.255142 2.930858 -0.323693
v 0.106852 2.739326 -0.342398
v 0.234131 2.762723 -0.327375
v 0.144765 2.452331 -0.258318
v 0.179109 2.466378 -0.280382
v 0.230454 2.582356 -0.270734
v 0.215895 2.489967 -0.200284
v 0.157928 2.476334 -0.206357
v 0.255105 2.424727 -0.256639
v 0.272754 2.365673 -0.225528
v 0.241046 2.367406 -0.208273
v 0.218297 2.305594 -0.307621
v 0.263446 2.239607 -0.326066
v 0.220009 2.256299 -0.305755
v 0.228789 2.247281 -0.348969
v 0.263472 2.256418 -0.282607
v 0.221005 2.205071 -0.340650
v 0.191242 2.204136 -0.381838
v -0.009761 3.265724 0.019974
v -0.212042 3.310677 -0.046236
v -0.164701 3.226170 0.010156
v -0.203625 3.281611 -0.004764
v -0.061888 3.210338 -0.110652
v -0.138686 3.217580 -0.082145
v -0.005661 3.255206 -0.095109
v -0.046797 3.286349 -0.164645
v -0.246210 3.208853 -0.163773
v -0.026304 3.207600 -0.212335
v -0.261535 3.172073 -0.277814
v -0.328917 3.123266 -0.268671
v -0.290394 2.903040 -0.386057
v -0.183639 2.889155 -0.327232
v -0.348573 2.800484 -0.386211
v -0.284862 2.760068 -0.351400
v -0.228789 2.754359 -0.391296
v -0.202309 2.728924 -0.352115
v -0.237960 2.447022 -0.348618
v -0.204447 2.489531 -0.291873
v -0.315450 2.366855 -0.340219
v -0.305273 2.566921 -0.329629
v -0.282831 2.455742 -0.248085
v -0.338689 2.366041 -0.275816
v -0.274746 2.309008 -0.336217
v -0.330111 2.258715 -0.309537
v -0.349359 2.296043 -0.327605
v -0.274504 2.208230 -0.421288
v -0.299126 2.198220 -0.392291
v -0.286276 2.213240 -0.362553
v -0.266892 2.207702 -0.399177
v -0.478727 2.326230 -0.228626
v -0.044391 3.260230 -0.009766
v -0.204026 3.303399 0.106828
v -0.144069 3.233401 0.098560
v -0.164818 3.199651 -0.030730
v -0.249238 3.299222 0.080568
v -0.209790 3.202447 0.038359
v -0.153226 3.229098 -0.107110
v -0.219645 3.252075 -0.123801
v -0.330570 3.191332 0.039697
v -0.297116 3.196599 0.077171
v -0.282922 2.895443 -0.069199
v -0.290006 2.931799 -0.141846
v -0.327356 2.997652 -0.123202
v -0.366024 3.114229 0.114479
v -0.285252 3.082197 0.104689
v -0.477856 2.933898 0.021418
v -0.407309 3.009126 0.138501
v -0.383887 2.807942 0.016073
v -0.402187 2.787697 -0.030695
v -0.465656 2.763999 -0.011901
v -0.485471 2.864233 0.057646
v -0.437800 2.870380 0.105166
v -0.452851 2.526744 -0.044850
v -0.406482 2.476465 -0.035790
v -0.397065 2.528033 -0.079008
v -0.470368 2.423730 -0.130752
v -0.483030 2.405538 -0.098269
v -0.458371 2.377010 -0.151324
v -0.482176 2.347963 -0.146874
v -0.498342 2.330492 -0.218236
v -0.431514 2.255448 -0.274963
v -0.120224 3.342457 -0.095514
v -0.139403 3.253750 0.007190
v -0.072496 3.314955 -0.085791
v -0.255149 3.317711 0.006266
v -0.198352 3.304501 0.025195
v -0.270008 3.260286 -0.211775
v -0.184325 3.243584 -0.056449
v -0.138901 3.280941 -0.123559
v -0.272743 3.148466 -0.094705
v -0.340932 3.180236 -0.057840
v -0.180877 3.257833 -0.202341
v -0.381331 3.192716 -0.103440
v -0.299194 2.953146 -0.222934
v -0.370681 2.940179 -0.348232
v -0.451980 2.585460 -0.246593
v -0.472022 3.050680 -0.125375
v -0.447779 2.971313 -0.045336
v -0.349053 2.727638 -0.329997
v -0.506795 2.928432 -0.142082
v -0.282418 2.707066 -0.275351
v -0.501709 2.837545 -0.082780
v -0.409777 2.885078 -0.055915
v -0.334433 2.556876 -0.108367
v -0.408397 2.458799 -0.208402
v -0.500450 2.560138 -0.177045
v -0.449439 2.715740 -0.025685
v -0.474302 2.544760 -0.100346
v -0.352604 2.621979 -0.048373
v -0.433938 2.351105 -0.213520
v -0.446801 2.331955 -0.196780
v -0.385859 2.349108 -0.135210
v -0.405383 2.345017 -0.197463
v -0.403038 2.356194 -0.101354
v -0.421648 2.285745 -0.196369
v -0.424470 2.270339 -0.288663
v -0.411365 2.260368 -0.269585
v 0.208081 2.156508 -0.402543
v -0.029037 3.231168 -0.021772
v -0.035645 3.260402 -0.058059
v -0.063977 3.170099 -0.025381
v -0.196054 3.187590 -0.029799
v -0.098613 3.123331 -0.168135
v -0.026033 3.151516 -0.108575
v -0.072733 3.184860 -0.208038
v 0.010376 3.262164 -0.103847
v 0.125256 3.101971 -0.219574
v -0.150448 3.182917 -0.137037
v 0.089388 3.158682 -0.220530
v 0.018575 3.078127 -0.174136
v -0.029550 3.019262 -0.284902
v 0.109601 3.042675 -0.292518
v 0.009217 2.848194 -0.312301
v 0.093891 2.849061 -0.255518
v 0.122931 2.806600 -0.327474
v 0.152298 2.805269 -0.272534
v 0.088205 2.566207 -0.285154
v 0.145188 2.438983 -0.282761
v 0.109700 2.337385 -0.289432
v 0.130492 2.382757 -0.252801
v 0.141030 2.239429 -0.337084
v 0.158486 2.246360 -0.312952
v 0.148510 2.211885 -0.331744
v 0.198700 2.153027 -0.408065
v -0.198992 2.094923 -0.423423
v 0.009587 3.270995 -0.051347
v 0.015452 3.195563 -0.026143
v 0.156284 3.178089 -0.029851
v -0.018818 3.289211 -0.088918
v 0.016029 3.183955 -0.102901
v 0.099737 3.190425 -0.208735
v 0.079350 3.144684 -0.181554
v -0.082157 3.222287 -0.268503
v 0.005165 3.069862 -0.284003
v -0.054928 3.160317 -0.200963
v -0.075142 3.132879 -0.354416
v -0.039199 2.979008 -0.408456
v -0.141556 2.982582 -0.418997
v -0.142122 3.157661 -0.281672
v -0.040817 2.900505 -0.397039
v -0.091704 2.839548 -0.434573
v -0.153158 2.944058 -0.370351
v -0.174637 2.613243 -0.372375
v -0.201531 2.676413 -0.365938
v -0.122107 2.834441 -0.372676
v -0.125049 2.646146 -0.353986
v -0.222890 2.441992 -0.259134
v -0.198091 2.288579 -0.323017
v -0.149278 2.295389 -0.325433
v -0.184533 2.376168 -0.239531
v -0.144475 2.318333 -0.283152
v -0.196261 2.118957 -0.366210
v -0.215271 2.106443 -0.396595
v -0.185342 2.122314 -0.386062
v -0.021344 3.234407 -0.049905
v -0.015692 3.156429 -0.024392
v -0.120509 3.157414 0.040549
v -0.043209 3.247007 -0.097109
v -0.110483 3.071872 -0.128702
v -0.046865 3.101040 -0.147970
v -0.166798 3.135360 -0.051738
v -0.184052 3.126956 -0.150364
v -0.023869 3.165511 -0.262511
v -0.003293 3.172212 -0.207653
v -0.046974 3.027659 -0.334427
v 0.069738 3.136556 -0.323835
v -0.056567 2.854857 -0.300119
v 0.026553 2.717490 -0.429124
v 0.109970 3.080399 -0.310228
v 0.060721 2.832497 -0.334208
v 0.119908 2.868626 -0.443632
v 0.144390 3.000271 -0.387273
v -0.051438 2.634136 -0.340611
v -0.007391 2.698691 -0.315774
v 0.078931 2.653543 -0.345474
v -0.027713 2.430626 -0.246181
v 0.064343 2.389389 -0.354076
v 0.095259 2.539180 -0.360126
v 0.052413 2.353623 -0.211577
v 0.014334 2.323074 -0.325124
v 0.012867 2.251899 -0.288152
v 0.121253 2.344419 -0.245082
v 0.124197 2.266996 -0.325257
v 0.031114 2.162913 -0.377008
v 0.007069 2.191106 -0.371421
v 0.072265 2.180441 -0.305440
v -0.018538 2.180082 -0.343046
v -0.017097 2.132985 -0.345073
v -0.062374 2.156152 -0.403793
v -0.065570 2.134682 -0.394478
v -0.075642 2.157394 -0.380568
v -0.146710 3.099800 -0.022651
v -0.263492 3.099541 0.045360
v -0.213935 3.147883 -0.029378
v -0.158433 3.176101 -0.041947
v -0.174851 3.191387 -0.090383
v -0.152586 3.065103 -0.103167
v -0.203603 3.023699 -0.113101
v -0.287634 3.116659 0.040994
v -0.201190 3.123372 -0.146971
v -0.287669 3.069690 -0.142786
v -0.095511 3.114259 -0.197589
v -0.045432 3.084970 -0.311022
v -0.136074 2.914220 -0.344450
v -0.146724 2.864703 -0.313254
v -0.060739 2.830193 -0.432965
v 0.007291 3.018173 -0.312383
v -0.030175 2.854934 -0.342109
v -0.142342 2.721683 -0.370333
v -0.169880 2.646258 -0.388945
v -0.016865 2.740370 -0.424307
v -0.063478 2.660931 -0.449968
v -0.045669 2.686825 -0.367262
v -0.139589 2.298054 -0.303282
v -0.136568 2.420885 -0.256161
v -0.049563 2.353731 -0.376039
v 0.003289 2.373600 -0.337376
v -0.022441 2.402313 -0.270559
v -0.120557 2.351521 -0.349007
v -0.110949 2.270553 -0.274823
v -0.035549 2.251359 -0.319041
v -0.129868 2.279263 -0.385723
v -0.135295 2.195790 -0.462246
v -0.089562 2.188348 -0.430367
v -0.178666 2.185970 -0.418446
v -0.238074 2.150951 -0.478831
v -0.201064 2.125762 -0.475078
v -0.228438 2.131780 -0.461671
v -0.261873 2.118572 -0.458935
v 0.014936 3.085212 -0.160975
v -0.028747 3.036684 -0.118281
v -0.129750 3.124179 -0.100332
v -0.023522 3.108315 -0.181405
v 0.016965 3.103809 -0.223759
v -0.059478 3.016440 -0.162536
v -0.128979 3.027753 -0.167325
v -0.130785 3.132880 -0.149321
v -0.183298 3.034630 -0.243657
v -0.029156 2.968188 -0.301294
v -0.022371 2.903647 -0.281156
v -0.085769 2.912961 -0.206474
v -0.190234 2.958733 -0.281406
v -0.281434 2.617721 -0.324195
v -0.243303 2.623358 -0.234985
v -0.175824 2.619920 -0.323212
v -0.047071 2.813442 -0.325143
v -0.098507 2.480103 -0.214227
v -0.284541 2.406899 -0.306295
v -0.045824 2.673745 -0.350834
v -0.015163 2.677316 -0.308927
v -0.225780 2.451399 -0.194246
v -0.320526 2.464503 -0.279825
v -0.124235 2.443163 -0.299247
v -0.191431 2.295758 -0.344493
v -0.053529 2.483941 -0.257040
v -0.258325 2.299824 -0.278360
v -0.143094 2.297878 -0.296694
v -0.147666 2.242908 -0.244180
v -0.224833 2.181899 -0.390407
v -0.204302 2.153013 -0.413634
v -0.138907 2.183933 -0.307226
v -0.211448 2.163554 -0.363206
v -0.159922 2.155957 -0.368659
v -0.259016 2.116294 -0.434037
v -0.132648 3.107940 -0.229238
v -0.140597 3.063537 -0.168030
v -0.207448 3.135260 -0.088969
v -0.166553 3.133357 -0.280669
v -0.237399 3.107805 -0.123757
v -0.225244 3.158296 -0.131244
v -0.201459 3.048232 -0.184705
v -0.342109 3.089588 -0.197446
v -0.258129 2.968079 -0.298307
v -0.230046 2.983153 -0.250279
v -0.395880 3.032192 -0.180575
v -0.286146 3.014255 -0.301876
v -0.279611 2.964541 -0.158049
v -0.404436 2.876302 -0.139901
v -0.296334 2.688534 -0.153972
v -0.403760 2.761858 -0.195527
v -0.323769 2.477255 -0.167239
v -0.341890 2.524122 -0.177249
v -0.281028 2.761040 -0.326347
v -0.281184 2.555293 -0.282880
v -0.231962 2.755734 -0.316431
v -0.345685 2.452715 -0.244262
v -0.225074 2.501719 -0.306349
v -0.189329 2.537550 -0.285890
v -0.317847 2.392094 -0.307906
v -0.276356 2.350636 -0.239400
v -0.449837 2.271991 -0.338938
v -0.203758 2.455163 -0.254885
v -0.389850 2.239060 -0.336871
v -0.441015 2.249668 -0.314276
v -0.508072 2.160539 -0.349668
v -0.520350 2.175063 -0.336815
v 0.198722 2.127272 -0.387790
v 0.128539 3.040298 -0.076612
v 0.215221 3.103614 -0.100717
v 0.056607 3.088991 -0.125059
v 0.237745 3.106984 -0.137881
v 0.067970 3.138789 -0.144675
v 0.125830 3.022952 -0.138146
v 0.084072 3.065578 -0.280514
v 0.047141 3.020347 -0.220034
v 0.208219 2.975195 -0.264840
v 0.118009 2.929564 -0.181062
v 0.023369 2.871289 -0.347758
v 0.230685 2.965355 -0.205328
v -0.044992 2.519491 -0.301643
v 0.004703 2.730297 -0.359106
v 0.230961 2.780286 -0.268477
v -0.004777 2.499114 -0.218733
v -0.009393 2.519204 -0.340485
v 0.212662 2.644490 -0.172508
v 0.093510 2.587988 -0.161523
v 0.195677 2.327749 -0.267821
v 0.212700 2.512201 -0.198709
v 0.106475 2.349579 -0.264957
v 0.224601 2.519445 -0.135400
v 0.198885 2.404394 -0.156192
v 0.162723 2.328910 -0.136192
v 0.182852 2.280416 -0.280949
v 0.178575 2.237975 -0.254853
v 0.199462 2.251972 -0.167859
v 0.234720 2.214875 -0.255556
v 0.196678 2.205896 -0.317812
v 0.219049 2.172096 -0.281920
v 0.180091 2.139287 -0.392322
v 0.187773 2.128007 -0.366711
v 0.241425 2.301446 0.260246
v -0.014781 3.085529 0.186328
v -0.018607 3.115686 0.129527
v -0.028445 3.074219 0.040997
v 0.049639 3.110464 0.183209
v 0.071885 3.070498 0.206109
v 0.015240 3.054670 0.113933
v 0.061760 3.031050 0.165657
v 0.205067 3.084099 0.083142
v 0.065585 3.060780 0.048376
v 0.158416 3.063854 0.036159
v 0.166389 3.022792 0.262971
v 0.104377 2.941571 0.307020
v 0.233915 2.927278 0.103783
v 0.300146 2.736395 0.156010
v 0.299729 2.781156 0.232582
v 0.132036 2.786278 0.290812
v 0.143843 2.856248 0.201664
v 0.216891 2.816005 0.306467
v 0.173788 2.669372 0.187696
v 0.248526 2.530764 0.227134
v 0.201405 2.596002 0.257561
v 0.110802 2.595316 0.255083
v 0.190470 2.351292 0.281654
v 0.203253 2.346342 0.262023
v 0.147436 2.363710 0.270563
v -0.270598 2.273682 0.296268
v -0.169465 3.047941 0.176123
v -0.133663 3.082364 0.219764
v -0.082639 3.049968 0.289609
v -0.159884 3.026505 0.258334
v -0.218478 3.075502 0.189078
v -0.268140 3.030871 0.195230
v -0.295448 3.046025 0.363458
v -0.355249 2.999848 0.206095
v -0.266998 2.968446 0.215805
v -0.207866 3.029492 0.363116
v -0.320292 2.863894 0.337885
v -0.375138 2.869894 0.364717
v -0.449789 2.819248 0.203725
v -0.366531 2.896975 0.143694
v -0.394772 2.581253 0.281944
v -0.418165 2.772594 0.171985
v -0.357495 2.767358 0.213118
v -0.312210 2.543880 0.340672
v -0.317068 2.670825 0.326858
v -0.316164 2.555731 0.271719
v -0.245362 2.466218 0.329429
v -0.281229 2.403729 0.310763
v -0.258167 2.460769 0.290172
v -0.219272 2.426765 0.297650
v -0.253646 2.330877 0.273437
v -0.232017 2.364428 0.269477
v -0.240869 2.332181 0.293447
vn -0.8148 -0.5423 0.2053
vn -0.5693 0.6746 0.4698
vn -0.5178 0.1307 -0.8454
vn -0.5121 -0.4871 0.7074
vn -0.5903 -0.7124 -0.3794
vn 0.1585 0.1348 -0.9781
vn 0.6323 0.7118 -0.3059
vn -0.0713 0.6402 0.7649
vn -0.2226 0.2519 0.9418
vn 0.6508 0.6007 0.4643
vn 0.3111 0.2803 0.9081
vn 0.9732 0.0661 0.2204
vn 0.6146 -0.0073 -0.7888
vn -0.6266 -0.1401 0.7667
vn -0.5590 -0.3610 -0.7464
vn -0.8305 -0.5218 0.1949
vn 0.6731 -0.7151 0.1885
vn 0.5619 -0.3620 -0.7438
vn 0.8716 -0.3183 0.3727
vn -0.5128 -0.1175 0.8504
vn -0.3539 -0.2117 -0.9110
vn 0.7162 0.2395 0.6555
vn -0.7161 0.4350 -0.5459
vn -0.7122 0.3446 0.6116
vn 0.3975 -0.8786 -0.2648
vn -0.9295 -0.1642 0.3304
vn -0.3679 -0.7606 0.5349
vn 0.3391 -0.1832 -0.9227
vn 0.6450 -0.7196 -0.2572
vn -0.9365 -0.3313 0.1147
vn -0.3778 -0.6844 0.6235
vn -0.6028 0.6353 0.4828
vn -0.9003 -0.3853 0.2024
vn -0.4851 -0.4933 -0.7220
vn -0.2758 -0.9486 -0.1553
vn -0.3452 0.5903 -0.7296
vn 0.1167 0.0774 -0.9902
vn 0.5142 0.7871 -0.3406
vn -0.7184 -0.4357 0.5423
vn -0.7640 -0.5513 -0.3351
vn 0.9185 0.3640 -0.1545
vn 0.5591 0.1626 -0.8130
vn -0.8296 -0.4291 0.3572
vn -0.2502 -0.2385 -0.9384
vn -0.6429 0.0070 -0.7660
vn 0.9084 -0.0206 0.4176
vn 0.6232 0.3400 0.7042
vn 0.3691 -0.0309 -0.9289
vn 0.7955 -0.5482 -0.2584
vn -0.4259 -0.4410 -0.7901
vn 0.3871 -0.8869 -0.2521
vn 0.7796 -0.3516 0.5183
vn -0.6433 -0.1536 0.7500
vn -0.3888 -0.0271 0.9209
vn -0.7505 -0.4579 -0.4765
vn -0.6161 0.1600 0.7712
vn 0.2269 -0.9739 0.0067
vn -0.8405 0.1709 0.5141
vn -0.8763 -0.3809 0.2950
vn 0.6159 0.2040 0.7609
vn 0.7392 0.3856 -0.5522
vn -0.6318 -0.3810 0.6750
vn 0.4520 0.2556 -0.8546
vn -0.3055 0.2239 0.9255
vn -0.0536 0.9985 -0.0069
vn -0.9244 -0.1178 -0.3627
vn -0.2017 -0.9471 -0.2496
vn 0.4436 0.0256 -0.8959
vn 0.7134 0.2210 -0.6650
vn 0.3505 0.8699 0.3471
vn -0.3207 0.5424 0.7765
vn -0.9635 0.2016 0.1763
vn 0.8774 0.2931 -0.3798
vn 0.8060 0.3853 -0.4493
vn -0.6590 -0.6674 0.3468
vn 0.4997 0.4063 0.7650
vn 0.7409 0.6090 0.2831
vn -0.5284 -0.2715 0.8044
vn -0.9176 -0.2528 0.3067
vn 0.9675 0.0264 0.2515
vn 0.1833 -0.1718 0.9679
vn 0.4489 -0.3840 -0.8069
vn 0.3244 -0.9017 0.2857
vn -0.4602 -0.6758 0.5758
vn -0.6471 -0.5061 -0.5702
vn -0.6794 -0.1101 0.7255
vn -0.6864 0.7271 0.0146
vn -0.6625 -0.0709 -0.7457
vn -0.0550 0.4867 0.8718
vn 0.0576 0.8492 0.5248
vn -0.4601 -0.8841 -0.0818
vn 0.5843 0.7571 -0.2924
vn 0.3438 0.6304 0.6960
vn -0.4627 -0.1395 0.8755
vn -0.6828 -0.6518 0.3302
vn 0.0747 0.1299 -0.9887
vn -0.4609 -0.5501 -0.6964
vn 0.7667 0.3369 0.5465
vn -0.8554 -0.4308 0.2877
vn 0.9946 0.0056 0.1033
vn 0.4340 0.0689 -0.8983
vn 0.2213 -0.0412 0.9743
vn 0.3784 -0.0836 -0.9219
vn -0.5289 -0.0812 -0.8448
vn -0.6395 -0.2358 -0.7318
vn 0.6937 -0.6166 0.3723
vn -0.8949 0.2726 0.3534
vn 0.1570 -0.0558 0.9860
vn 0.5205 -0.5246 -0.6737
vn 0.0752 -0.3255 -0.9425
vn 0.6384 -0.4344 0.6354
vn -0.6048 -0.0048 0.7964
vn -0.9486 0.0284 -0.3152
vn 0.0072 -0.8053 -0.5928
vn 0.2440 -0.8793 0.4091
vn 0.6236 0.5282 -0.5764
vn 0.8744 -0.4537 0.1722
vn 0.3614 -0.4819 -0.7982
vn 0.3221 -0.9105 -0.2593
vn -0.1908 0.1313 -0.9728
vn -0.4079 0.8934 -0.1881
vn -0.1123 0.7595 0.6407
vn 0.6099 0.4294 0.6661
vn 0.4213 -0.2146 0.8812
vn 0.5598 -0.8283 0.0222
vn 0.4799 -0.4871 -0.7297
vn -0.4097 0.5956 0.6909
vn 0.4478 -0.2384 0.8618
vn -0.4989 0.0225 -0.8664
vn -0.6003 0.0292 -0.7993
vn -0.7454 0.6412 -0.1826
vn -0.8131 0.2507 0.5254
vn 0.8248 -0.4319 0.3649
vn 0.9025 -0.2573 -0.3454
vn 0.5069 -0.2384 -0.8284
vn 0.0096 0.0106 0.9999
vn -0.9737 -0.2273 -0.0172
vn -0.7105 -0.5662 0.4179
vn -0.1558 -0.0304 0.9873
vn 0.9204 0.1323 0.3680
vn 0.5506 0.1775 0.8157
vn 0.9942 -0.0991 -0.0417
vn -0.6470 -0.4249 0.6331
vn -0.1397 -0.9161 0.3757
vn -0.1067 -0.6798 -0.7256
vn 0.7316 -0.4734 -0.4906
vn 0.0195 -0.9291 -0.3693
vn -0.3617 0.0599 -0.9304
vn -0.7511 0.2780 -0.5988
vn -0.4103 0.8607 0.3015
vn 0.8332 0.1125 0.5414
vn 0.5200 -0.8301 -0.2014
vn 0.8753 0.2435 -0.4179
vn -0.7151 -0.3173 -0.6229
vn -0.9071 0.1498 -0.3934
vn 0.1607 0.5046 0.8483
vn 0.5408 -0.2848 0.7915
vn -0.6590 0.4149 0.6274
vn 0.1515 -0.4007 -0.9036
vn -0.6102 0.0986 -0.7861
vn -0.8220 0.5615 0.0947
vn 0.6800 -0.1971 0.7062
vn 0.7844 -0.6198 -0.0249
vn 0.0134 0.0083 -0.9999
vn -0.9238 -0.3246 0.2029
vn -0.0791 -0.3027 0.9498
vn 0.2304 -0.3231 -0.9179
vn -0.4110 -0.2578 -0.8744
vn -0.0038 -0.9897 0.1430
vn 0.4986 0.8452 -0.1924
vn 0.6405 0.1212 0.7583
vn 0.6692 -0.1448 -0.7289
vn 0.2065 0.5206 0.8284
vn 0.5755 -0.7557 0.3127
vn 0.2051 -0.9769 -0.0604
vn -0.0994 0.8577 -0.5045
vn -0.0669 0.0012 -0.9978
vn -0.6160 0.6843 -0.3903
vn -0.5654 0.6310 0.5313
vn 0.4223 0.0941 0.9015
vn 0.8192 -0.5505 0.1610
vn 0.6198 -0.6440 -0.4484
vn 0.5226 -0.1812 -0.8331
vn -0.4739 -0.0231 -0.8803
vn -0.9563 0.1311 -0.2612
vn -0.7894 0.4645 0.4013
vn -0.8415 0.0329 0.5392
vn -0.3836 0.2986 0.8739
vn 0.5465 -0.0173 0.8373
vn 0.8964 -0.3096 0.3171
vn -0.7092 -0.5206 -0.4755
vn -0.8443 -0.2713 0.4620
vn 0.5934 0.1055 0.7980
vn 0.5967 -0.0226 0.8021
vn 0.4142 -0.4161 -0.8095
vn 0.4954 -0.5641 -0.6606
vn 0.6822 0.4346 0.5880
vn 0.8447 -0.1588 0.5111
vn -0.4292 -0.9032 -0.0062
vn -0.4786 -0.1993 -0.8551
vn -0.9454 0.1321 -0.2981
vn 0.6777 -0.2887 0.6762
vn -0.3806 -0.3102 -0.8711
vn 0.1217 0.7686 0.6281
vn 0.7739 0.3765 0.5092
vn 0.5568 0.1432 -0.8182
vn 0.7494 -0.5813 0.3168
vn 0.4971 -0.7412 -0.4510
vn 0.0338 -0.3002 -0.9533
vn -0.6661 0.4727 -0.5770
vn -0.4627 0.8745 -0.1455
vn 0.8004 -0.5772 0.1620
vn 0.3767 -0.9099 0.1738
vn -0.5217 0.6069 0.5995
vn -0.6229 -0.0253 -0.7819
vn -0.8996 0.2674 0.3452
vn 0.5647 -0.3758 -0.7347
vn -0.4479 0.3273 0.8320
vn -0.4812 -0.3854 -0.7874
vn -0.9107 -0.2089 0.3564
vn 0.4608 0.0147 0.8874
vn 0.8032 -0.2971 0.5163
vn -0.6702 -0.7261 0.1538
vn 0.6520 -0.0696 -0.7550
vn -0.0856 -0.1017 0.9911
vn 0.8444 0.2030 0.4958
vn -0.3662 -0.9055 -0.2143
vn 0.3459 -0.1708 -0.9226
vn -0.9060 -0.3306 -0.2644
vn 0.7865 0.1932 0.5866
vn 0.8139 -0.4320 0.3885
vn -0.2136 -0.9752 -0.0579
vn -0.2376 0.0713 0.9687
vn 0.0220 0.9402 0.3400
vn -0.3844 0.8341 -0.3956
vn 0.5100 0.5999 0.6165
vn -0.7762 -0.6303 0.0156
vn -0.6562 -0.5833 0.4788
vn -0.9477 0.2554 -0.1912
vn 0.2696 0.7870 -0.5549
vn -0.1800 -0.4433 0.8781
vn -0.0415 0.4118 -0.9103
vn 0.7742 0.6132 -0.1571
vn -0.7643 0.0956 -0.6378
vn 0.8879 0.2117 -0.4084
vn 0.8896 0.3537 0.2888
vn 0.6384 0.2903 0.7129
vn 0.4207 0.0127 0.9071
vn 0.9812 -0.1496 0.1218
vn 0.6179 -0.1375 -0.7741
vn 0.9787 -0.1283 0.1601
vn -0.9898 0.0036 0.1425
vn -0.3888 -0.0032 0.9213
vn -0.9224 -0.1676 0.3479
vn 0.9464 -0.0713 -0.3150
vn 0.0498 -0.0389 0.9980
vn -0.1047 -0.1359 -0.9852
vn -0.7876 -0.2124 -0.5785
vn -0.8145 -0.1866 -0.5493
vn 0.4499 -0.0861 0.8889
vn 0.6987 -0.4546 0.5524
vn -0.9391 -0.2319 0.2535
vn -0.4674 -0.4713 0.7480
vn -0.3811 0.1781 -0.9072
vn -0.9356 -0.0954 -0.3399
vn 0.9273 0.1030 -0.3599
vn -0.1312 0.2183 -0.9670
vn 0.7892 -0.4497 -0.4183
vn 0.3889 -0.7970 0.4621
vn -0.4794 -0.8057 -0.3479
vn -0.2755 -0.4571 0.8457
vn 0.0685 0.7638 0.6418
vn -0.9943 0.0886 -0.0595
vn 0.2776 -0.3763 0.8840
vn -0.6745 -0.6954 0.2480
vn 0.0271 0.8932 -0.4488
vn -0.1651 -0.1242 0.9784
vn 0.2396 0.5062 -0.8285
vn -0.7125 0.1389 -0.6878
vn 0.6599 0.6294 0.4104
vn -0.8283 -0.5586 0.0434
vn 0.5827 0.1777 -0.7930
vn -0.3145 -0.3604 -0.8782
vn 0.7714 0.5774 0.2676
vn -0.3208 -0.0205 0.9469
vn 0.9112 0.2898 -0.2929
vn 0.9137 0.0214 0.4057
vn 0.7929 0.4662 0.3923
vn 0.2524 0.0978 0.9627
vn -0.2450 0.1345 -0.9602
vn -0.2007 -0.4024 -0.8932
vn 0.8500 0.0175 -0.5266
vn -0.9726 -0.0842 -0.2165
vn -0.9055 -0.2985 0.3016
vn -0.9243 -0.0613 -0.3767
vn -0.3058 -0.3021 0.9029
vn 0.8477 -0.1596 0.5059
vn -0.0160 -0.2144 0.9766
vn -0.1436 -0.6797 0.7193
vn 0.0875 0.6097 -0.7878
vn 0.7963 0.1572 -0.5842
vn 0.9669 -0.2304 0.1100
vn -0.2745 -0.9570 -0.0940
vn -0.0372 -0.3164 -0.9479
vn 0.3257 0.7795 0.5350
vn -0.3724 0.8839 -0.2828
vn -0.7859 -0.0353 0.6173
vn -0.0815 -0.9637 0.2544
vn 0.4326 -0.4835 0.7610
vn -0.7243 0.4010 -0.5608
vn 0.6083 0.7891 0.0852
vn 0.8141 -0.3289 0.4785
vn -0.7945 -0.6046 0.0566
vn 0.8886 0.1344 0.4385
vn 0.9265 0.2270 0.3001
vn 0.3711 0.6776 -0.6350
vn 0.7668 0.1718 -0.6185
vn 0.5066 -0.0933 -0.8571
vn -0.5250 -0.0832 -0.8470
vn 0.7280 -0.2200 0.6493
vn -0.9747 -0.1642 0.1514
vn -0.5925 -0.3848 0.7077
vn 0.7895 0.0566 0.6111
vn 0.9798 -0.0719 -0.1867
vn 0.7549 0.1662 -0.6344
vn -0.1079 -0.1090 -0.9882
vn -0.6169 -0.0210 0.7867
vn 0.0938 -0.3016 0.9488
vn 0.3009 0.2323 0.9249
vn -0.5530 0.2013 -0.8085
vn -0.9411 -0.2701 -0.2035
vn -0.0956 0.6799 -0.7270
vn 0.5317 -0.5885 0.6091
vn 0.9233 -0.0414 0.3818
vn 0.9022 -0.3191 -0.2903
vn -0.9099 -0.2683 0.3163
vn -0.0398 -0.9294 0.3669
vn -0.9006 -0.3402 -0.2706
vn -0.0802 -0.2367 -0.9683
vn 0.8754 -0.4676 -0.1224
vn -0.4978 -0.8406 -0.2133
vn 0.1454 -0.2277 -0.9628
vn -0.5667 0.8091 0.1554
vn -0.6446 0.1514 0.7494
vn 0.7053 0.0940 0.7027
vn -0.4203 -0.6356 0.6476
vn 0.2019 -0.7959 0.5707
vn 0.9983 0.0351 0.0473
vn 0.3814 0.8196 -0.4275
vn -0.2702 0.6625 -0.6986
vn -0.8556 -0.1122 0.5052
vn 0.8003 0.1026 -0.5908
vn 0.5795 -0.5257 0.6227
vn -0.1857 -0.9662 0.1788
vn 0.4333 -0.0497 -0.8999
vn -0.1001 0.2604 -0.9603
vn -0.9246 -0.1357 -0.3559
vn -0.9566 0.2871 -0.0489
vn -0.2636 -0.0334 0.9641
vn 0.9238 -0.0008 0.3830
vn 0.4839 -0.1621 -0.8600
vn 0.9312 -0.0493 0.3611
vn -0.9898 -0.0255 -0.1404
vn -0.2611 0.0866 -0.9614
vn -0.0582 0.0251 0.9980
vn -0.9822 -0.0782 -0.1710
vn -0.7141 -0.0698 0.6965
vn -0.3196 -0.6138 0.7219
vn 0.3968 -0.6819 0.6145
vn 0.0271 0.6528 0.7571
vn 0.3485 -0.4202 0.8378
vn 0.9849 0.1445 -0.0950
vn 0.7207 -0.6836 0.1154
vn -0.5047 0.8131 0.2902
vn 0.4619 -0.5361 0.7065
vn 0.6730 0.0374 -0.7387
vn -0.2126 0.6149 -0.7594
vn -0.2388 0.3116 0.9197
vn -0.8226 0.5680 -0.0266
vn 0.8088 -0.5867 0.0410
vn 0.2552 -0.4133 -0.8741
vn -0.5879 0.1626 -0.7924
vn -0.4430 0.4889 0.7515
vn 0.5794 -0.1229 0.8057
vn 0.2416 -0.1073 -0.9644
vn -0.9334 0.2459 -0.2614
vn -0.3346 0.0437 0.9414
vn 0.8697 -0.3828 0.3116
vn -0.7658 0.1241 -0.6310
vn -0.9489 -0.0528 0.3111
vn -0.0341 -0.2722 0.9616
vn 0.9098 -0.0137 -0.4147
vn 0.9540 -0.1920 -0.2305
vn -0.7777 -0.2046 0.5944
vn 0.5175 -0.4992 0.6950
vn -0.6853 0.4186 -0.5959
vn -0.8034 -0.2456 0.5424
vn -0.1589 -0.8515 0.4998
vn 0.2914 -0.4612 -0.8381
vn -0.7796 -0.3519 -0.5181
vn 0.4566 -0.5355 0.7104
vn 0.8499 -0.4260 -0.3102
vn 0.9805 0.1802 -0.0781
vn 0.3425 0.9164 -0.2072
vn 0.5996 0.2602 -0.7568
vn -0.3242 0.6905 -0.6466
vn 0.4548 -0.8001 0.3913
vn 0.1454 0.2419 0.9594
vn 0.5329 -0.4729 0.7017
vn -0.8190 0.5625 0.1136
vn -0.4866 0.6425 0.5919
vn -0.3246 -0.0723 0.9431
vn -0.9193 0.3931 0.0220
vn 0.9760 -0.2172 -0.0146
vn -0.0651 0.1775 -0.9820
vn 0.9322 -0.1949 -0.3051
vn -0.6125 -0.1361 -0.7786
vn -0.8775 0.0298 0.4787
vn -0.9851 0.1233 -0.1200
vn -0.3783 0.1182 0.9181
vn 0.3884 -0.0536 0.9199
vn -0.9796 -0.0827 -0.1834
vn 0.9571 -0.2155 0.1936
vn 0.6866 -0.2060 -0.6972
vn -0.3263 -0.0486 0.9440
vn 0.6393 -0.0589 0.7667
vn -0.9730 -0.2269 0.0434
vn -0.2415 0.1834 -0.9529
vn -0.7285 -0.2165 0.6499
vn 0.0032 -0.5460 0.8378
vn 0.8977 -0.4092 0.1633
vn 0.8338 0.1889 -0.5187
vn -0.1570 -0.8474 0.5072
vn 0.7799 -0.5897 -0.2098
vn -0.0410 0.0607 -0.9973
vn -0.5313 -0.7897 -0.3067
vn 0.2380 -0.6124 0.7539
vn 0.3903 0.2566 0.8842
vn -0.8789 -0.0011 0.4770
vn -0.0539 0.9710 0.2328
vn 0.4386 0.8987 -0.0021
vn -0.4954 -0.7914 0.3582
vn 0.2014 -0.7894 0.5800
vn 0.9609 0.1636 0.2236
vn -0.3572 0.5919 -0.7226
vn -0.5563 0.0966 -0.8254
vn -0.8397 0.2760 -0.4678
vn 0.1279 -0.4758 0.8702
vn -0.8762 -0.3021 -0.3755
vn -0.1489 -0.1958 0.9693
vn 0.9282 0.0355 0.3705
vn -0.9446 -0.1765 -0.2769
vn 0.4485 0.0152 -0.8936
vn 0.0827 -0.1484 0.9855
vn -0.9862 -0.1629 -0.0298
vn 0.8661 0.0127 -0.4997
vn -0.5406 0.2298 -0.8093
vn -0.5147 -0.7232 0.4605
vn 0.8875 -0.3475 -0.3027
vn 0.8207 -0.1836 0.5410
vn -0.0085 -0.6368 -0.7710
vn -0.0655 0.7787 0.6239
vn -0.5079 -0.4017 0.7620
vn 0.8113 -0.1766 0.5574
vn -0.4223 0.8555 0.2996
vn 0.4107 -0.8937 0.1804
vn 0.8563 0.2966 -0.4229
vn -0.0011 0.5660 -0.8244
vn -0.5728 0.2489 -0.7810
vn -0.9560 0.2901 0.0446
vn -0.4613 -0.5620 0.6866
vn -0.7947 -0.1175 0.5955
vn 0.9239 -0.3645 0.1166
vn 0.2336 -0.2091 -0.9496
vn 0.6111 0.1218 -0.7821
vn 0.1520 0.0685 0.9860
vn 0.9656 -0.2042 -0.1608
vn -0.1086 -0.1595 -0.9812
vn -0.9552 0.2018 -0.2165
vn -0.8024 0.1307 0.5823
vn 0.0253 -0.1309 0.9911
vn 0.8191 -0.2522 0.5152
vn 0.7798 -0.0756 -0.6215
vn 0.8711 -0.1603 -0.4642
vn -0.4571 0.1504 -0.8766
vn 0.0139 -0.6403 0.7680
vn -0.8675 -0.4027 -0.2920
vn 0.0610 -0.4607 -0.8854
vn 0.3915 -0.6278 0.6727
vn 0.8319 -0.3020 0.4656
vn -0.3032 -0.0024 0.9529
vn -0.0166 0.9902 -0.1387
vn -0.9582 0.2127 -0.1915
vn -0.8967 -0.0242 0.4419
vn 0.7295 -0.4350 0.5279
vn 0.5366 0.7738 0.3367
vn -0.2275 0.7982 -0.5578
vn 0.8309 0.5404 0.1327
vn -0.5927 0.2287 -0.7723
vn 0.3501 0.8001 -0.4871
vn -0.7685 -0.3750 0.5184
vn 0.8902 0.2699 0.3670
vn 0.5162 -0.1671 0.8400
vn 0.4656 0.0680 -0.8824
vn 0.8698 0.3681 -0.3285
vn -0.9979 -0.0123 -0.0639
vn -0.8219 -0.0210 0.5692
vn 0.0024 0.0229 0.9997
vn -0.8402 -0.0284 -0.5415
vn -0.3413 -0.0890 -0.9357
vn 0.0308 -0.1262 -0.9915
vn -0.0223 -0.1007 0.9947
vn 0.8079 -0.0378 0.5881
vn 0.5701 0.0994 0.8155
vn 0.9191 -0.2344 -0.3166
vn 0.9636 -0.0386 -0.2646
vn 0.4982 -0.4551 -0.7381
vn -0.1965 0.5875 -0.7850
vn -0.9654 0.0038 0.2609
vn 0.5241 -0.7331 0.4335
vn -0.8384 0.4555 0.2994
vn -0.1418 -0.8813 0.4508
vn -0.3750 0.2983 -0.8777
vn -0.9346 0.2541 0.2490
vn -0.4646 -0.7965 -0.3869
vn -0.0844 -0.3157 0.9451
vn -0.4984 0.8617 0.0956
vn -0.6857 0.2756 0.6737
vn 0.4940 0.7159 0.4934
vn -0.1452 0.9811 -0.1279
vn 0.3924 -0.6911 0.6070
vn 0.8191 -0.2506 0.5160
vn -0.5324 0.7070 -0.4656
vn 0.8572 0.3546 0.3733
vn 0.7622 -0.4417 0.4732
vn 0.2637 0.7949 -0.5464
vn -0.7068 0.2197 -0.6724
vn -0.9558 0.1200 -0.2683
vn 0.9730 0.2114 -0.0929
vn 0.5911 -0.3734 0.7150
vn -0.7332 -0.5815 0.3525
vn -0.0077 0.2813 -0.9596
vn -0.9538 0.0530 -0.2957
vn -0.2531 -0.0305 0.9670
vn 0.8963 0.0121 -0.4432
vn 0.5732 0.1460 0.8063
vn -0.5358 0.0766 0.8408
vn 0.2220 0.0693 -0.9726
vn -0.6918 0.0113 -0.7220
vn 0.0523 -0.0867 -0.9949
vn 0.5848 0.0517 0.8095
vn -0.2140 -0.4758 0.8531
vn 0.7030 -0.5995 0.3827
vn -0.6928 0.5510 -0.4653
vn -0.8271 -0.0003 0.5621
vn -0.9616 -0.0802 0.2624
vn 0.2310 0.2211 -0.9475
vn 0.7218 -0.5765 -0.3830
vn 0.9860 -0.0981 -0.1349
vn -0.8589 0.1058 -0.5011
vn -0.6233 -0.6902 0.3675
vn 0.1597 -0.8831 -0.4412
vn 0.4617 -0.5345 0.7079
vn 0.8486 0.2454 0.4687
vn -0.4609 0.4664 0.7550
vn 0.1220 0.9925 -0.0070
vn -0.4973 0.8625 -0.0940
vn 0.6336 0.6604 -0.4030
vn -0.1434 -0.3447 0.9277
vn 0.4326 0.2160 -0.8753
vn -0.7565 0.5380 -0.3719
vn 0.9886 -0.1407 0.0540
vn -0.7635 0.1956 -0.6154
vn -0.5241 0.3164 -0.7907
vn 0.3397 0.1369 -0.9305
vn -0.5970 0.1410 0.7897
vn -0.0708 -0.0163 -0.9974
vn 0.4149 -0.0682 0.9073
vn 0.4279 -0.2755 0.8608
vn 0.9577 -0.2816 0.0599
vn -0.9982 -0.0496 0.0330
vn 0.3602 -0.0973 -0.9278
vn -0.3557 0.0550 -0.9330
vn 0.3314 0.2741 -0.9028
vn 0.3528 -0.0410 -0.9348
vn -0.7605 -0.4215 0.4939
vn 0.3921 -0.5329 0.7498
vn -0.2830 -0.0504 0.9578
vn -0.8697 0.3191 -0.3765
vn -0.6291 -0.5138 0.5834
vn 0.5153 0.1992 -0.8335
vn 0.6920 -0.6382 0.3374
vn 0.8550 -0.1006 -0.5088
vn 0.7698 -0.5839 -0.2578
vn -0.6488 -0.7329 0.2047
vn -0.4655 -0.3156 -0.8269
vn 0.7561 -0.5875 0.2885
vn 0.9862 0.1144 -0.1196
vn 0.0743 0.2469 0.9662
vn -0.2541 -0.2024 0.9458
vn -0.6501 0.7311 -0.2072
vn -0.1535 0.9334 0.3242
vn 0.4450 0.5724 -0.6887
vn 0.5660 -0.6947 0.4439
vn 0.9436 -0.3174 -0.0936
vn -0.3507 0.2285 -0.9082
vn 0.5295 0.0230 -0.8480
vn -0.6918 0.0066 0.7221
vn 0.3457 -0.0820 0.9347
vn 0.5848 -0.2455 0.7732
vn -0.9723 -0.1354 -0.1904
vn -0.9155 0.3875 0.1082
vn -0.3103 -0.0047 -0.9506
vn 0.9637 -0.0586 -0.2606
vn -0.9701 -0.1072 0.2178
vn -0.1480 -0.2572 0.9549
vn -0.6562 -0.0249 -0.7542
vn 0.5974 0.0779 -0.7982
vn 0.3055 -0.1868 -0.9337
vn 0.5947 -0.6404 0.4860
vn -0.6988 0.4508 -0.5554
vn -0.8789 0.3930 -0.2702
vn 0.9336 -0.3415 0.1088
vn -0.0027 0.2129 -0.9771
vn -0.3479 -0.2140 0.9128
vn 0.4847 -0.7630 -0.4276
vn -0.9213 -0.2909 0.2579
vn -0.2799 -0.8941 -0.3495
vn -0.0509 -0.5002 0.8644
vn -0.4405 0.8872 0.1370
vn -0.8170 0.0008 0.5767
vn 0.5034 0.4513 0.7369
vn -0.2910 0.6342 -0.7163
vn -0.1793 -0.7081 0.6830
vn 0.9354 -0.0885 0.3422
vn 0.7398 0.6697 0.0648
vn -0.9712 0.0569 0.2314
vn 0.6627 0.2433 -0.7082
vn -0.1785 -0.0889 0.9799
vn -0.3832 0.0710 -0.9209
vn -0.4850 0.2442 -0.8397
vn -0.9528 -0.2663 -0.1458
vn -0.7788 -0.2471 0.5766
vn 0.6801 0.0438 0.7318
vn -0.3277 0.0727 0.9420
vn -0.2348 -0.2378 -0.9425
vn 0.8922 -0.0560 -0.4482
vn 0.8407 -0.0684 -0.5372
vn -0.5840 -0.5552 -0.5923
vn 0.7086 0.0533 0.7036
vn -0.1605 -0.3337 0.9289
vn 0.1533 -0.5986 0.7862
vn 0.9464 -0.1542 0.2838
vn -0.9481 -0.3161 -0.0348
vn 0.9897 -0.1371 0.0410
vn 0.5934 0.0822 -0.8007
vn 0.1050 0.6797 -0.7259
vn -0.4946 0.1211 -0.8607
vn 0.4927 -0.7875 0.3702
vn -0.3913 -0.8867 0.2464
vn -0.4176 -0.0771 -0.9054
vn 0.5569 -0.5888 -0.5858
vn -0.7357 -0.0285 0.6767
vn -0.6103 0.7921 -0.0128
vn -0.6625 -0.0657 -0.7461
vn -0.5183 0.1060 0.8486
vn 0.0164 0.8690 0.4946
vn -0.3923 -0.9188 -0.0429
vn 0.6753 0.6856 -0.2718
vn -0.1961 -0.8116 -0.5503
vn -0.8035 -0.5805 0.1317
vn 0.4041 0.5971 0.6929
vn 0.1747 0.2224 -0.9592
vn -0.7654 -0.3028 -0.5679
vn 0.7283 -0.2162 -0.6503
vn 0.1878 -0.2352 -0.9536
vn -0.7269 -0.1520 0.6697
vn -0.5259 0.1182 0.8423
vn 0.3589 0.0281 0.9329
vn -0.4132 -0.1943 -0.8897
vn 0.8657 -0.4315 -0.2539
vn 0.9204 0.0836 0.3819
vn -0.9422 -0.1836 0.2801
vn 0.1800 -0.1141 0.9770
vn -0.8786 -0.4767 0.0284
vn 0.1130 -0.2287 0.9669
vn 0.7303 -0.6691 -0.1381
vn 0.3399 -0.2612 -0.9034
vn 0.5549 0.7650 -0.3268
vn 0.9363 -0.0207 0.3505
vn 0.3438 -0.9323 -0.1120
vn 0.1132 -0.1421 -0.9834
vn -0.6892 0.6442 -0.3316
vn -0.2259 0.7679 -0.5995
vn 0.7495 -0.4558 -0.4801
vn -0.3821 0.6567 0.6501
vn -0.4771 0.0830 0.8749
vn 0.5791 0.1106 0.8077
vn 0.7882 -0.3325 0.5178
vn 0.8060 -0.1777 -0.5646
vn 0.9658 0.1231 0.2280
vn -0.8547 -0.5146 -0.0680
vn -0.9767 0.1003 -0.1899
vn -0.2839 -0.3155 -0.9054
vn -0.0662 0.0731 -0.9951
vn 0.3352 -0.0805 -0.9387
vn 0.1213 0.0750 -0.9898
vn -0.2068 -0.1091 0.9723
vn 0.5236 0.0301 0.8515
vn -0.8484 -0.4062 0.3395
vn 0.9880 0.1243 -0.0913
vn -0.4892 -0.5479 -0.6786
vn 0.3755 -0.7204 0.5831
vn -0.3714 -0.9010 0.2243
vn 0.5832 -0.1061 -0.8054
vn 0.0846 0.8661 0.4927
vn -0.1709 0.2917 0.9411
vn 0.5140 0.6243 0.5882
vn -0.0758 -0.2628 -0.9619
vn 0.1225 0.2662 -0.9561
vn 0.5851 0.0074 -0.8109
vn -0.3132 -0.5534 -0.7718
vn -0.2180 -0.2987 -0.9291
vn 0.6321 0.7444 0.2152
vn 0.4045 0.0748 0.9115
vn 0.2741 0.1413 -0.9513
vn 0.1579 -0.6357 0.7556
vn -0.1021 -0.4852 0.8684
vn -0.6158 -0.0282 -0.7874
vn 0.9906 -0.1020 0.0911
vn 0.1077 -0.2021 -0.9734
vn 0.4788 0.2978 -0.8259
vn 0.5425 0.6875 -0.4827
vn -0.5926 -0.7223 0.3567
vn 0.4480 -0.7599 0.4710
vn -0.2623 0.8537 -0.4499
vn 0.2426 -0.7085 0.6627
vn 0.9950 -0.0760 -0.0642
vn 0.6405 0.2770 -0.7162
vt 0.540100 0.544326
vt 0.545395 0.535696
vt 0.542564 0.568021
vt 0.488120 0.411045
vt 0.491452 0.404274
vt 0.500388 0.411923
vt 0.523466 0.543677
vt 0.528071 0.534193
vt 0.532933 0.554917
vt 0.577005 0.398838
vt 0.596816 0.400490
vt 0.584392 0.405723
vt 0.522524 0.553846
vt 0.543313 0.527542
vt 0.563936 0.501022
vt 0.565409 0.534341
vt 0.539266 0.516879
vt 0.459750 0.427078
vt 0.478666 0.406374
vt 0.502252 0.407356
vt 0.508854 0.408248
vt 0.503385 0.436799
vt 0.496571 0.374225
vt 0.514730 0.322978
vt 0.543576 0.350307
vt 0.529746 0.423219
vt 0.450659 0.458020
vt 0.440591 0.458690
vt 0.553674 0.353065
vt 0.584508 0.353077
vt 0.584555 0.387845
vt 0.482138 0.472483
vt 0.492979 0.497683
vt 0.470901 0.494145
vt 0.566642 0.333510
vt 0.529933 0.433645
vt 0.545487 0.423577
vt 0.535377 0.449892
vt 0.424482 0.514809
vt 0.415407 0.499685
vt 0.426055 0.471808
vt 0.547247 0.329308
vt 0.555047 0.327768
vt 0.536603 0.511531
vt 0.521546 0.525189
vt 0.523626 0.503088
vt 0.559671 0.408674
vt 0.573018 0.409119
vt 0.549638 0.414400
vt 0.494010 0.445913
vt 0.498225 0.469125
vt 0.456011 0.509715
vt 0.485279 0.529354
vt 0.444410 0.490011
vt 0.561597 0.419748
vt 0.495963 0.433597
vt 0.496775 0.432309
vt 0.566787 0.397718
vt 0.564079 0.392638
vt 0.571093 0.398249
vt 0.305039 0.401300
vt 0.302511 0.408285
vt 0.298731 0.402725
vt 0.370507 0.409759
vt 0.374026 0.394810
vt 0.382241 0.409906
vt 0.405943 0.363528
vt 0.395792 0.347533
vt 0.407678 0.360303
vt 0.402361 0.378979
vt 0.404143 0.408258
vt 0.390604 0.406932
vt 0.368757 0.385900
vt 0.405989 0.387021
vt 0.381099 0.387642
vt 0.383264 0.403512
vt 0.374394 0.386126
vt 0.343752 0.334468
vt 0.350510 0.327583
vt 0.347493 0.396537
vt 0.371709 0.247291
vt 0.358912 0.285529
vt 0.363887 0.247445
vt 0.380852 0.288013
vt 0.378355 0.304690
vt 0.338164 0.318014
vt 0.332446 0.355100
vt 0.393840 0.268540
vt 0.400518 0.265765
vt 0.396437 0.285610
vt 0.354597 0.296536
vt 0.343739 0.283168
vt 0.388979 0.333580
vt 0.381817 0.355759
vt 0.364712 0.409050
vt 0.368563 0.426129
vt 0.358085 0.424134
vt 0.338240 0.289575
vt 0.315209 0.339073
vt 0.316013 0.308485
vt 0.318000 0.346971
vt 0.369279 0.361454
vt 0.363376 0.312557
vt 0.308014 0.283749
vt 0.320185 0.281040
vt 0.362074 0.336637
vt 0.367245 0.392362
vt 0.368357 0.401157
vt 0.334672 0.256436
vt 0.340300 0.264676
vt 0.357808 0.361410
vt 0.363975 0.372444
vt 0.357753 0.372451
vt 0.330333 0.262024
vt 0.331556 0.272661
vt 0.327842 0.244280
vt 0.299121 0.257551
vt 0.300916 0.247519
vt 0.299738 0.269310
vt 0.358573 0.379640
vt 0.358408 0.382414
vt 0.831733 0.855451
vt 0.841415 0.861632
vt 0.834506 0.880431
vt 0.845314 0.945842
vt 0.857538 0.971569
vt 0.826940 0.973779
vt 0.842992 0.940286
vt 0.864130 0.948035
vt 0.832293 0.939083
vt 0.854293 0.812084
vt 0.863792 0.841257
vt 0.833170 0.826430
vt 0.827596 0.844665
vt 0.791386 0.963263
vt 0.792084 0.922082
vt 0.806996 0.989927
vt 0.826041 0.891984
vt 0.848313 0.904139
vt 0.780320 0.908759
vt 0.781021 0.955135
vt 0.756037 0.988492
vt 0.888531 0.909165
vt 0.893910 0.923891
vt 0.889892 0.941608
vt 0.890598 0.837677
vt 0.897654 0.893228
vt 0.895747 0.896577
vt 0.756615 0.935241
vt 0.750160 0.976989
vt 0.794338 0.884703
vt 0.822764 0.952203
vt 0.822996 0.969851
vt 0.750183 0.874918
vt 0.774659 0.773402
vt 0.773012 0.840094
vt 0.765163 0.805129
vt 0.891292 0.784537
vt 0.895016 0.775449
vt 0.775959 0.771108
vt 0.879486 0.890608
vt 0.880941 0.843036
vt 0.886277 0.841488
vt 0.794415 0.773609
vt 0.806437 0.784673
vt 0.817916 0.811166
vt 0.708542 0.490045
vt 0.702718 0.496706
vt 0.685886 0.495978
vt 0.582343 0.511273
vt 0.577422 0.525402
vt 0.570644 0.524999
vt 0.701959 0.519680
vt 0.712624 0.525130
vt 0.687600 0.536322
vt 0.603975 0.511742
vt 0.596038 0.477146
vt 0.722834 0.421042
vt 0.714322 0.471603
vt 0.705889 0.469979
vt 0.661026 0.321179
vt 0.667194 0.372036
vt 0.646390 0.326236
vt 0.731966 0.370378
vt 0.756785 0.502295
vt 0.733794 0.470197
vt 0.695666 0.420721
vt 0.707350 0.352315
vt 0.748544 0.333046
vt 0.752502 0.420993
vt 0.709466 0.337728
vt 0.612842 0.371074
vt 0.622879 0.387670
vt 0.588142 0.448557
vt 0.684269 0.447172
vt 0.657513 0.485905
vt 0.672378 0.434458
vt 0.603708 0.319831
vt 0.628087 0.351975
vt 0.647372 0.478325
vt 0.659326 0.428110
vt 0.597407 0.331052
vt 0.670079 0.494588
vt 0.638237 0.516770
vt 0.769624 0.308166
vt 0.772785 0.310777
vt 0.767060 0.342997
vt 0.590717 0.343104
vt 0.572425 0.319218
vt 0.630651 0.510418
vt 0.574521 0.310221
vt 0.737304 0.522588
vt 0.735329 0.528569
vt 0.734871 0.520028
vt 0.570177 0.305665
vt 0.895451 0.488796
vt 0.926891 0.482130
vt 0.891429 0.484678
vt 0.951569 0.529551
vt 0.938660 0.510700
vt 0.936582 0.527817
vt 0.924248 0.495299
vt 0.892143 0.516245
vt 0.891810 0.537034
vt 0.884817 0.297419
vt 0.868820 0.319643
vt 0.888143 0.301935
vt 0.878046 0.300827
vt 0.902210 0.465147
vt 0.921013 0.456795
vt 0.895902 0.398860
vt 0.857927 0.335705
vt 0.860378 0.354963
vt 0.974849 0.419968
vt 0.971014 0.357166
vt 0.971739 0.454133
vt 0.952338 0.355683
vt 0.941421 0.451827
vt 0.933156 0.412935
vt 0.921488 0.355513
vt 0.912173 0.347658
vt 0.898438 0.338926
vt 0.928098 0.377934
vt 0.956667 0.323600
vt 0.847262 0.478950
vt 0.857887 0.494393
vt 0.836655 0.419469
vt 0.863245 0.479968
vt 0.847224 0.415255
vt 0.959784 0.508598
vt 0.961409 0.491809
vt 0.958403 0.490776
vt 0.882145 0.502037
vt 0.879807 0.485414
vt 0.887825 0.511395
vt 0.955627 0.506032
vt 0.954077 0.489370
vt 0.952618 0.489904
vt 0.847432 0.151131
vt 0.824045 0.111995
vt 0.809639 0.150833
vt 0.815623 0.112517
vt 0.868732 0.230830
vt 0.871117 0.187692
vt 0.856781 0.168035
vt 0.864451 0.099408
vt 0.848246 0.088127
vt 0.864120 0.141681
vt 0.780651 0.275322
vt 0.790303 0.269460
vt 0.761659 0.240413
vt 0.674858 0.269289
vt 0.667426 0.234869
vt 0.653866 0.205851
vt 0.857223 0.075194
vt 0.841338 0.057497
vt 0.812777 0.083337
vt 0.811655 0.056180
vt 0.649347 0.162839
vt 0.652441 0.259288
vt 0.755163 0.267319
vt 0.750862 0.172894
vt 0.723376 0.267511
vt 0.825671 0.045503
vt 0.652941 0.158373
vt 0.673835 0.080196
vt 0.713751 0.130519
vt 0.725635 0.245433
vt 0.800104 0.201474
vt 0.809036 0.146341
vt 0.802972 0.087267
vt 0.788327 0.099269
vt 0.767109 0.141788
vt 0.772813 0.073114
vt 0.740691 0.093849
vt 0.740243 0.019768
vt 0.727717 0.057774
vt 0.781633 0.049582
vt 0.768822 0.024730
vt 0.705244 0.028719
vt 0.702682 0.020533
vt 0.885448 0.272212
vt 0.877248 0.290842
vt 0.880876 0.288849
vt 0.767616 0.679912
vt 0.762937 0.665093
vt 0.763924 0.686575
vt 0.731864 0.701366
vt 0.746459 0.701613
vt 0.730070 0.688710
vt 0.786916 0.601644
vt 0.803693 0.602904
vt 0.792738 0.591433
vt 0.750797 0.685190
vt 0.663236 0.533943
vt 0.668415 0.544186
vt 0.682670 0.542253
vt 0.782159 0.584353
vt 0.755579 0.705677
vt 0.757366 0.678642
vt 0.749197 0.671937
vt 0.730107 0.675067
vt 0.647050 0.548631
vt 0.651331 0.551929
vt 0.659732 0.550634
vt 0.769704 0.533262
vt 0.763781 0.536957
vt 0.766195 0.584331
vt 0.715476 0.616380
vt 0.705760 0.617539
vt 0.715475 0.680849
vt 0.690947 0.641218
vt 0.698095 0.674637
vt 0.693800 0.614782
vt 0.683700 0.636331
vt 0.754573 0.537886
vt 0.729843 0.559897
vt 0.733286 0.582582
vt 0.711010 0.563754
vt 0.642810 0.647111
vt 0.667935 0.643292
vt 0.654386 0.617667
vt 0.763573 0.642654
vt 0.735867 0.622438
vt 0.745563 0.649478
vt 0.730075 0.643693
vt 0.729158 0.649764
vt 0.670241 0.666227
vt 0.680811 0.655836
vt 0.733365 0.656254
vt 0.676356 0.678715
vt 0.678783 0.676067
vt 0.682518 0.661859
vt 0.729542 0.658125
vt 0.728566 0.662282
vt 0.729543 0.663771
vt 0.781102 0.612718
vt 0.785625 0.614959
vt 0.779684 0.611178
vt 0.584214 0.218383
vt 0.586379 0.234104
vt 0.616763 0.240116
vt 0.571669 0.183124
vt 0.564591 0.196394
vt 0.567811 0.233214
vt 0.559645 0.221531
vt 0.560421 0.247037
vt 0.558520 0.258055
vt 0.571898 0.259382
vt 0.625225 0.196732
vt 0.615033 0.190679
vt 0.579535 0.177610
vt 0.560545 0.149842
vt 0.561421 0.173297
vt 0.520533 0.271798
vt 0.488655 0.255513
vt 0.485441 0.260592
vt 0.585939 0.180947
vt 0.603094 0.161988
vt 0.590521 0.141819
vt 0.626971 0.150845
vt 0.458805 0.170043
vt 0.594551 0.061433
vt 0.543571 0.168282
vt 0.524575 0.068308
vt 0.633613 0.072089
vt 0.582519 0.097517
vt 0.556818 0.318342
vt 0.553428 0.292059
vt 0.529993 0.281613
vt 0.609004 0.037170
vt 0.578911 0.080846
vt 0.565533 0.064142
vt 0.464342 0.166252
vt 0.459683 0.122034
vt 0.541813 0.248361
vt 0.390762 0.114728
vt 0.386118 0.169478
vt 0.398670 0.094928
vt 0.528966 0.029657
vt 0.411608 0.120404
vt 0.402103 0.158395
vt 0.409645 0.160918
vt 0.559479 0.038313
vt 0.474294 0.105332
vt 0.484454 0.081662
vt 0.508235 0.052277
vt 0.509355 0.039171
vt 0.496559 0.059053
vt 0.510337 0.069711
vt 0.519963 0.038286
vt 0.432496 0.226866
vt 0.442835 0.240283
vt 0.443785 0.208527
vt 0.457219 0.237582
vt 0.510081 0.018757
vt 0.984275 0.168916
vt 0.983550 0.172894
vt 0.975075 0.173417
vt 0.986578 0.175799
vt 0.952766 0.271308
vt 0.957208 0.273275
vt 0.954791 0.280467
vt 0.976261 0.186361
vt 0.950219 0.279469
vt 0.979344 0.200477
vt 0.973033 0.194506
vt 0.977616 0.191980
vt 0.972830 0.188672
vt 0.911085 0.183191
vt 0.903164 0.174488
vt 0.913681 0.170086
vt 0.941720 0.261209
vt 0.943567 0.234790
vt 0.910480 0.205976
vt 0.897524 0.185600
vt 0.914686 0.190187
vt 0.913536 0.179985
vt 0.916127 0.201647
vt 0.963965 0.206655
vt 0.958940 0.201555
vt 0.961750 0.183059
vt 0.913063 0.235306
vt 0.902914 0.240133
vt 0.915774 0.215864
vt 0.933031 0.224690
vt 0.918914 0.225772
vt 0.932318 0.201823
vt 0.907514 0.252487
vt 0.965908 0.217753
vt 0.960036 0.213453
vt 0.944220 0.215055
vt 0.948682 0.185259
vt 0.948707 0.215647
vt 0.970036 0.232681
vt 0.967808 0.269249
vt 0.961900 0.253879
vt 0.965700 0.240752
vt 0.506519 0.345043
vt 0.926667 0.238995
vt 0.918810 0.252216
vt 0.948693 0.177026
vt 0.946327 0.188313
vt 0.951861 0.177490
vt 0.954376 0.200597
vt 0.973703 0.260683
vt 0.973628 0.265134
vt 0.972850 0.260451
vt 0.898502 0.278753
vt 0.897870 0.278213
vt 0.903025 0.270687
vt 0.959336 0.281666
vt 0.961956 0.276326
vt 0.964704 0.275052
vt 0.974894 0.253969
vt 0.973897 0.255132
vt 0.974010 0.246794
vt 0.470576 0.374738
vt 0.475428 0.377706
vt 0.467489 0.379685
vt 0.475146 0.372669
vt 0.489096 0.313264
vt 0.494797 0.303700
vt 0.494590 0.315661
vt 0.490380 0.296957
vt 0.494744 0.270069
vt 0.501532 0.288638
vt 0.488866 0.288211
vt 0.426564 0.282458
vt 0.416500 0.285204
vt 0.418267 0.277997
vt 0.493436 0.369622
vt 0.488018 0.363094
vt 0.492842 0.359757
vt 0.459209 0.270931
vt 0.441229 0.278449
vt 0.446424 0.270697
vt 0.433505 0.279379
vt 0.431373 0.307636
vt 0.447780 0.310785
vt 0.439201 0.304731
vt 0.460122 0.290232
vt 0.412291 0.303106
vt 0.459786 0.326056
vt 0.477463 0.308776
vt 0.479460 0.333826
vt 0.477043 0.332441
vt 0.486233 0.298513
vt 0.485777 0.288870
vt 0.488679 0.285526
vt 0.482316 0.315483
vt 0.483196 0.295173
vt 0.484844 0.333773
vt 0.467185 0.280426
vt 0.470208 0.278384
vt 0.473882 0.300022
vt 0.427407 0.377920
vt 0.428783 0.393637
vt 0.422580 0.376956
vt 0.486917 0.336840
vt 0.486732 0.325673
vt 0.443023 0.395390
vt 0.443577 0.390255
vt 0.450689 0.377392
vt 0.431760 0.395738
vt 0.435438 0.402371
vt 0.485976 0.340786
vt 0.491857 0.338534
vt 0.489394 0.333217
vt 0.491211 0.323306
vt 0.435325 0.399231
vt 0.437447 0.402627
vt 0.989432 0.548205
vt 0.995742 0.567281
vt 0.987185 0.570708
vt 0.987411 0.593154
vt 0.991865 0.581001
vt 0.992534 0.598473
vt 0.995131 0.573105
vt 0.992062 0.546201
vt 0.987963 0.575235
vt 0.980790 0.557766
vt 0.978518 0.557643
vt 0.973386 0.545514
vt 0.968882 0.549092
vt 0.964036 0.559824
vt 0.967775 0.545999
vt 0.960979 0.581254
vt 0.960960 0.563573
vt 0.958320 0.599834
vt 0.954416 0.571712
vt 0.952986 0.621266
vt 0.947786 0.621132
vt 0.960862 0.607284
vt 0.985078 0.620072
vt 0.981958 0.629443
vt 0.984621 0.601493
vt 0.963187 0.631396
vt 0.939028 0.620614
vt 0.932647 0.624364
vt 0.929087 0.603155
vt 0.967217 0.653488
vt 0.960437 0.626850
vt 0.949833 0.669493
vt 0.946759 0.662226
vt 0.950217 0.648650
vt 0.940197 0.654118
vt 0.937227 0.669697
vt 0.936919 0.652416
vt 0.946391 0.682663
vt 0.944785 0.660483
vt 0.945912 0.695402
vt 0.937872 0.687837
vt 0.935996 0.672858
vt 0.969766 0.697311
vt 0.967328 0.702172
vt 0.971390 0.683283
vt 0.939811 0.684523
vt 0.941261 0.697479
vt 0.987979 0.659667
vt 0.987002 0.657372
vt 0.987212 0.650276
vt 0.976173 0.696626
vt 0.979815 0.706323
vt 0.976614 0.702414
vt 0.987402 0.675729
vt 0.986950 0.675604
vt 0.986688 0.669414
vt 0.942915 0.700054
vt 0.942756 0.700711
vt 0.411790 0.514368
vt 0.410836 0.511079
vt 0.410509 0.514748
vt 0.416688 0.453070
vt 0.420903 0.452837
vt 0.422283 0.434560
vt 0.413147 0.479971
vt 0.410724 0.484754
vt 0.411773 0.502662
vt 0.410114 0.471624
vt 0.416064 0.459349
vt 0.411476 0.456114
vt 0.386602 0.440834
vt 0.389748 0.435262
vt 0.387611 0.428193
vt 0.411798 0.428193
vt 0.410377 0.433361
vt 0.346073 0.429608
vt 0.339832 0.440357
vt 0.340625 0.446601
vt 0.351797 0.429067
vt 0.409853 0.431719
vt 0.395600 0.432551
vt 0.406290 0.461130
vt 0.391767 0.443736
vt 0.388890 0.481653
vt 0.375450 0.453690
vt 0.379761 0.441759
vt 0.393951 0.481434
vt 0.397377 0.502919
vt 0.403501 0.491255
vt 0.404154 0.503658
vt 0.409830 0.469248
vt 0.379887 0.504363
vt 0.386605 0.507962
vt 0.396337 0.529383
vt 0.386801 0.517038
vt 0.411785 0.526783
vt 0.409938 0.527390
vt 0.409938 0.536461
vt 0.400394 0.545022
vt 0.401645 0.521069
vt 0.341555 0.502672
vt 0.346807 0.523151
vt 0.352985 0.534860
vt 0.348541 0.539252
vt 0.349050 0.557755
vt 0.380167 0.532051
vt 0.377062 0.546038
vt 0.379219 0.557418
vt 0.349460 0.562424
vt 0.352384 0.547542
vt 0.344622 0.570384
vt 0.383925 0.565652
vt 0.386477 0.569944
vt 0.387215 0.569533
vt 0.978039 0.931466
vt 0.972170 0.940565
vt 0.976110 0.957575
vt 0.974316 0.937896
vt 0.963515 0.954767
vt 0.972963 0.963445
vt 0.969470 0.898818
vt 0.962781 0.919680
vt 0.975587 0.896791
vt 0.959167 0.827069
vt 0.958122 0.839950
vt 0.961705 0.834985
vt 0.964318 0.961540
vt 0.976072 0.931270
vt 0.978700 0.925069
vt 0.951406 0.832091
vt 0.952498 0.846681
vt 0.934930 0.827512
vt 0.914940 0.836294
vt 0.934060 0.849828
vt 0.948557 0.848114
vt 0.889803 0.752975
vt 0.834609 0.758860
vt 0.890365 0.760637
vt 0.964268 0.887629
vt 0.968275 0.895878
vt 0.977756 0.850436
vt 0.939096 0.849657
vt 0.943242 0.862559
vt 0.888485 0.743092
vt 0.862832 0.736391
vt 0.917389 0.883247
vt 0.915035 0.893309
vt 0.928053 0.916864
vt 0.935839 0.898313
vt 0.953550 0.860012
vt 0.953708 0.876156
vt 0.958702 0.859725
vt 0.846741 0.730943
vt 0.814841 0.748586
vt 0.932519 0.924686
vt 0.940149 0.910731
vt 0.946274 0.883498
vt 0.947397 0.904691
vt 0.954309 0.899343
vt 0.809511 0.752961
vt 0.773094 0.757725
vt 0.987681 0.923709
vt 0.984590 0.950450
vt 0.987385 0.977969
vt 0.992263 0.920780
vt 0.927112 0.964054
vt 0.955080 0.958126
vt 0.961796 0.966013
vt 0.765783 0.754099
vt 0.744976 0.765227
vt 0.920026 0.976930
vt 0.921514 0.984019
vt 0.744843 0.762202
vt 0.736810 0.771996
vt 0.979230 0.963411
vt 0.978800 0.970038
vt 0.980106 0.970999
vt 0.977791 0.044466
vt 0.974099 0.054506
vt 0.977823 0.055465
vt 0.972665 0.008971
vt 0.971771 0.028162
vt 0.976353 0.030404
vt 0.968846 0.012237
vt 0.969520 0.004633
vt 0.965250 0.027174
vt 0.952126 0.154358
vt 0.950595 0.145364
vt 0.943926 0.139921
vt 0.899532 0.016981
vt 0.910086 0.022882
vt 0.910828 0.009178
vt 0.964567 0.005584
vt 0.960790 0.025984
vt 0.911996 0.044544
vt 0.938378 0.021691
vt 0.933034 0.053046
vt 0.936964 0.061197
vt 0.936260 0.088098
vt 0.904235 0.111701
vt 0.916011 0.071789
vt 0.912534 0.063120
vt 0.963661 0.041740
vt 0.958631 0.055820
vt 0.962341 0.068715
vt 0.909991 0.112888
vt 0.918568 0.061766
vt 0.925097 0.107296
vt 0.929019 0.118044
vt 0.957031 0.068471
vt 0.964648 0.090249
vt 0.970820 0.108827
vt 0.908347 0.146221
vt 0.950958 0.029546
vt 0.949571 0.014644
vt 0.946440 0.034737
vt 0.963696 0.115128
vt 0.967998 0.139366
vt 0.955613 0.022244
vt 0.952116 0.014529
vt 0.964247 0.148259
vt 0.965277 0.150434
vt 0.923210 0.134524
vt 0.927000 0.147734
vt 0.930491 0.151303
vt 0.928092 0.141956
vt 0.930915 0.149191
vt 0.903261 0.155889
vt 0.906609 0.152565
vt 0.976798 0.754428
vt 0.974798 0.759110
vt 0.973526 0.745246
vt 0.974067 0.716980
vt 0.977287 0.715855
vt 0.973230 0.730079
vt 0.978000 0.713366
vt 0.973762 0.743838
vt 0.980425 0.737714
vt 0.981994 0.743546
vt 0.974653 0.737512
vt 0.977104 0.731137
vt 0.939594 0.714833
vt 0.933885 0.730793
vt 0.938537 0.713026
vt 0.943854 0.720480
vt 0.920983 0.720685
vt 0.921371 0.736970
vt 0.917060 0.716459
vt 0.941223 0.729321
vt 0.947739 0.723320
vt 0.961626 0.733182
vt 0.956707 0.726614
vt 0.958844 0.722180
vt 0.944728 0.745777
vt 0.940738 0.752763
vt 0.936385 0.758719
vt 0.919917 0.776936
vt 0.920904 0.756746
vt 0.926557 0.759471
vt 0.944650 0.774142
vt 0.945942 0.794011
vt 0.916499 0.795055
vt 0.922365 0.779609
vt 0.915706 0.810960
vt 0.949260 0.800370
vt 0.949730 0.813557
vt 0.947135 0.812106
vt 0.943964 0.817313
vt 0.946544 0.807331
vt 0.967778 0.821451
vt 0.968851 0.817862
vt 0.971328 0.808607
vt 0.907160 0.549109
vt 0.903676 0.555947
vt 0.904078 0.566909
vt 0.828125 0.545915
vt 0.820137 0.546100
vt 0.829393 0.551242
vt 0.906660 0.572975
vt 0.917154 0.584150
vt 0.919007 0.568254
vt 0.920510 0.563126
vt 0.914540 0.546743
vt 0.804556 0.572194
vt 0.805228 0.594662
vt 0.810186 0.570053
vt 0.867211 0.563848
vt 0.861150 0.563299
vt 0.859903 0.595796
vt 0.842907 0.593491
vt 0.846596 0.602918
vt 0.847962 0.586048
vt 0.809762 0.595307
vt 0.900785 0.598992
vt 0.894826 0.608856
vt 0.891663 0.626917
vt 0.844467 0.624170
vt 0.853996 0.589606
vt 0.817039 0.625061
vt 0.860997 0.611124
vt 0.865791 0.607340
vt 0.869272 0.645029
vt 0.874938 0.650503
vt 0.880961 0.650394
vt 0.882873 0.660047
vt 0.831471 0.658753
vt 0.830586 0.680332
vt 0.836929 0.652024
vt 0.825069 0.671488
vt 0.826584 0.676715
vt 0.827993 0.649773
vt 0.878841 0.683763
vt 0.887004 0.659640
vt 0.889754 0.687235
vt 0.823092 0.674456
vt 0.822141 0.688702
vt 0.879773 0.685796
vt 0.879577 0.688781
vt 0.904647 0.619621
vt 0.903901 0.620032
vt 0.904541 0.621190
vt 0.298465 0.184247
vt 0.295897 0.171650
vt 0.299465 0.168790
vt 0.367272 0.173461
vt 0.359350 0.187973
vt 0.357267 0.181118
vt 0.374201 0.164399
vt 0.367797 0.175473
vt 0.370237 0.164553
vt 0.352509 0.015577
vt 0.349060 0.030344
vt 0.342526 0.004819
vt 0.366153 0.186931
vt 0.374731 0.178167
vt 0.370733 0.181508
vt 0.334249 0.019923
vt 0.329025 0.012380
vt 0.332549 0.002757
vt 0.309053 0.016389
vt 0.308539 0.041221
vt 0.295986 0.009022
vt 0.381947 0.051629
vt 0.376904 0.035512
vt 0.379754 0.027974
vt 0.334372 0.063141
vt 0.339001 0.024632
vt 0.340780 0.028057
vt 0.354128 0.074686
vt 0.355827 0.031345
vt 0.321159 0.035935
vt 0.327984 0.071824
vt 0.314549 0.071491
vt 0.315793 0.026313
vt 0.367126 0.158089
vt 0.368068 0.143961
vt 0.368807 0.161055
vt 0.353897 0.095712
vt 0.346434 0.131658
vt 0.351481 0.095600
vt 0.296193 0.146838
vt 0.299262 0.096488
vt 0.307316 0.088797
vt 0.301253 0.138569
vt 0.340367 0.128201
vt 0.339787 0.143310
vt 0.333726 0.089532
vt 0.293944 0.125514
vt 0.334727 0.146742
vt 0.329023 0.100938
vt 0.359541 0.031170
vt 0.362446 0.049548
vt 0.362715 0.069809
vt 0.331875 0.149451
vt 0.325960 0.105058
vt 0.299434 0.161529
vt 0.294968 0.165892
vt 0.293427 0.154471
vt 0.337255 0.173336
vt 0.373410 0.101981
vt 0.371404 0.109433
vt 0.371890 0.099479
vt 0.346632 0.162157
vt 0.350247 0.181345
vt 0.375278 0.134981
vt 0.372910 0.131687
vt 0.375036 0.124136
vt 0.371691 0.148013
vt 0.371925 0.138600
vt 0.349401 0.174485
vt 0.355236 0.179276
vt 0.355224 0.181022
vt 0.122230 0.472334
vt 0.119522 0.473614
vt 0.124806 0.466828
vt 0.118204 0.479153
vt 0.114560 0.479705
vt 0.082048 0.530776
vt 0.076369 0.534495
vt 0.080848 0.526279
vt 0.063188 0.431305
vt 0.059418 0.436981
vt 0.056571 0.430916
vt 0.113813 0.482672
vt 0.109805 0.486697
vt 0.083323 0.450395
vt 0.078644 0.447435
vt 0.085275 0.443540
vt 0.063575 0.454246
vt 0.102809 0.494806
vt 0.050031 0.460596
vt 0.052443 0.437284
vt 0.066404 0.454817
vt 0.062733 0.469555
vt 0.084908 0.455293
vt 0.069573 0.469580
vt 0.088948 0.455456
vt 0.084359 0.488113
vt 0.098016 0.452038
vt 0.097958 0.465387
vt 0.050162 0.472572
vt 0.034050 0.481926
vt 0.039289 0.473842
vt 0.092692 0.482999
vt 0.096825 0.470593
vt 0.105986 0.459937
vt 0.053345 0.484163
vt 0.062929 0.481977
vt 0.057134 0.483612
vt 0.055710 0.505574
vt 0.070298 0.507018
vt 0.058306 0.513015
vt 0.077045 0.499122
vt 0.021265 0.503300
vt 0.017728 0.500298
vt 0.040073 0.484392
vt 0.050120 0.505062
vt 0.049124 0.517732
vt 0.044057 0.518184
vt 0.013440 0.506571
vt 0.008053 0.510164
vt 0.015219 0.498947
vt 0.009225 0.514242
vt 0.080527 0.523845
vt 0.069944 0.528986
vt 0.083591 0.515290
vt 0.055123 0.523828
vt 0.051980 0.536561
vt 0.050443 0.523992
vt 0.067933 0.549802
vt 0.069697 0.545536
vt 0.071397 0.544356
vt 0.052484 0.542912
vt 0.048929 0.535825
vt 0.060895 0.533173
vt 0.067696 0.529930
vt 0.002437 0.516774
vt 0.002260 0.515880
vt 0.808644 0.664342
vt 0.804457 0.661965
vt 0.818033 0.661953
vt 0.775057 0.682654
vt 0.777943 0.683994
vt 0.779442 0.688371
vt 0.779953 0.681054
vt 0.859124 0.693377
vt 0.859805 0.689359
vt 0.867662 0.690294
vt 0.786193 0.680935
vt 0.789537 0.687994
vt 0.767070 0.515140
vt 0.778834 0.522679
vt 0.766551 0.519374
vt 0.789868 0.730315
vt 0.747354 0.734646
vt 0.746179 0.731302
vt 0.787162 0.528505
vt 0.771669 0.522341
vt 0.866737 0.693788
vt 0.822949 0.701345
vt 0.788908 0.718945
vt 0.759397 0.718043
vt 0.744794 0.720593
vt 0.897280 0.682867
vt 0.914410 0.663562
vt 0.895595 0.716083
vt 0.917434 0.665214
vt 0.800957 0.703579
vt 0.819292 0.706918
vt 0.816533 0.712814
vt 0.823859 0.723704
vt 0.835262 0.716055
vt 0.828915 0.524984
vt 0.837167 0.529725
vt 0.805080 0.529763
vt 0.780030 0.701555
vt 0.774687 0.697164
vt 0.792632 0.696916
vt 0.859645 0.720120
vt 0.917454 0.626310
vt 0.904385 0.652828
vt 0.763617 0.704885
vt 0.763390 0.702070
vt 0.774700 0.705705
vt 0.863847 0.718426
vt 0.866906 0.528431
vt 0.854161 0.529828
vt 0.847732 0.525173
vt 0.873397 0.533513
vt 0.855562 0.533686
vt 0.764976 0.698492
vt 0.919592 0.607221
vt 0.917704 0.597244
vt 0.922215 0.612953
vt 0.755362 0.706383
vt 0.882504 0.540494
vt 0.875382 0.536818
vt 0.755095 0.707294
vt 0.872051 0.723313
vt 0.886876 0.039015
vt 0.888611 0.033312
vt 0.889145 0.049168
vt 0.891096 0.104376
vt 0.893430 0.100094
vt 0.893065 0.107845
vt 0.886385 0.018852
vt 0.884564 0.006538
vt 0.890411 0.005403
vt 0.886735 0.031533
vt 0.887089 0.022632
vt 0.889481 0.030147
vt 0.885074 0.024574
vt 0.882199 0.348411
vt 0.874210 0.338607
vt 0.884665 0.339668
vt 0.986060 0.426062
vt 0.982059 0.427478
vt 0.991479 0.405101
vt 0.882684 0.080889
vt 0.885283 0.062863
vt 0.889013 0.096781
vt 0.868101 0.375094
vt 0.864682 0.361280
vt 0.869179 0.348021
vt 0.882627 0.378734
vt 0.981458 0.454295
vt 0.871890 0.012565
vt 0.865584 0.056131
vt 0.867503 0.011275
vt 0.880472 0.038488
vt 0.882496 0.033757
vt 0.879811 0.065102
vt 0.875261 0.397137
vt 0.860673 0.403797
vt 0.984436 0.453222
vt 0.878199 0.403041
vt 0.876320 0.071092
vt 0.871280 0.081235
vt 0.874333 0.043834
vt 0.865355 0.433378
vt 0.863021 0.420498
vt 0.866661 0.412227
vt 0.892085 0.061826
vt 0.889148 0.051789
vt 0.890211 0.049754
vt 0.872545 0.412910
vt 0.879083 0.016562
vt 0.879918 0.008182
vt 0.982143 0.532418
vt 0.977131 0.528907
vt 0.981398 0.510928
vt 0.989731 0.500201
vt 0.987912 0.522579
vt 0.873073 0.097089
vt 0.870996 0.094674
vt 0.892113 0.090931
vt 0.892419 0.095429
vt 0.891622 0.090795
vt 0.875635 0.103794
vt 0.877121 0.002526
vt 0.877389 0.001787
vt 0.755618 0.150157
vt 0.759695 0.160236
vt 0.756831 0.161583
vt 0.759752 0.145202
vt 0.754745 0.103082
vt 0.753602 0.088896
vt 0.764006 0.087191
vt 0.753134 0.124304
vt 0.755283 0.115598
vt 0.758280 0.124217
vt 0.703126 0.054442
vt 0.696545 0.068213
vt 0.699646 0.056426
vt 0.751379 0.116630
vt 0.646488 0.103633
vt 0.652501 0.111943
vt 0.648848 0.114480
vt 0.686797 0.119136
vt 0.677377 0.112840
vt 0.691240 0.111273
vt 0.701569 0.192219
vt 0.695343 0.188847
vt 0.697295 0.179995
vt 0.689941 0.121743
vt 0.672877 0.148563
vt 0.672852 0.129832
vt 0.649608 0.051927
vt 0.651689 0.059208
vt 0.639633 0.065531
vt 0.638881 0.081411
vt 0.680577 0.214504
vt 0.690024 0.184751
vt 0.696006 0.234427
vt 0.686897 0.222498
vt 0.645981 0.048375
vt 0.684047 0.174738
vt 0.688661 0.143172
vt 0.651620 0.024747
vt 0.703892 0.117433
vt 0.698567 0.118915
vt 0.699221 0.101001
vt 0.684824 0.256303
vt 0.681644 0.261140
vt 0.682762 0.246443
vt 0.653857 0.012611
vt 0.657974 0.012236
vt 0.657067 0.035685
vt 0.699822 0.158221
vt 0.696307 0.143522
vt 0.703948 0.134316
vt 0.667421 0.208044
vt 0.669657 0.201280
vt 0.673898 0.197942
vt 0.765764 0.126583
vt 0.764816 0.117439
vt 0.766079 0.114371
vt 0.651479 0.002677
vt 0.652030 0.008673
vt 0.650206 0.003158
vt 0.650462 0.002400
vt 0.827142 0.356703
vt 0.833795 0.352050
vt 0.838360 0.354994
vt 0.487460 0.034247
vt 0.489600 0.026783
vt 0.497387 0.026956
vt 0.814031 0.491053
vt 0.817749 0.492734
vt 0.807877 0.497935
vt 0.465098 0.029457
vt 0.480096 0.022249
vt 0.834742 0.367549
vt 0.826450 0.371292
vt 0.830857 0.362078
vt 0.468434 0.055855
vt 0.802540 0.451636
vt 0.807337 0.428561
vt 0.811210 0.450736
vt 0.850894 0.292495
vt 0.842814 0.316829
vt 0.837286 0.329600
vt 0.816540 0.422677
vt 0.815198 0.394985
vt 0.441840 0.102158
vt 0.472642 0.073541
vt 0.800043 0.428100
vt 0.806679 0.385382
vt 0.796572 0.388898
vt 0.854595 0.277586
vt 0.844451 0.295076
vt 0.445232 0.111770
vt 0.807876 0.348585
vt 0.825119 0.408788
vt 0.823379 0.451284
vt 0.827115 0.440841
vt 0.438632 0.141548
vt 0.426076 0.152246
vt 0.826407 0.345992
vt 0.811590 0.382150
vt 0.451109 0.186563
vt 0.453635 0.179442
vt 0.450160 0.193505
vt 0.519582 0.220767
vt 0.516972 0.226474
vt 0.513362 0.224980
vt 0.521322 0.236727
vt 0.525425 0.238066
vt 0.519001 0.245699
vt 0.503076 0.233417
vt 0.504312 0.220337
vt 0.502782 0.239432
vt 0.515110 0.202320
vt 0.518883 0.210789
vt 0.514118 0.216537
vt 0.532594 0.215718
vt 0.525018 0.185727
vt 0.535969 0.216538
vt 0.506374 0.183522
vt 0.508200 0.167950
vt 0.645327 0.353494
vt 0.641232 0.411578
vt 0.637101 0.356632
vt 0.511081 0.142626
vt 0.518629 0.188781
vt 0.496227 0.188796
vt 0.501133 0.193475
vt 0.497437 0.206231
vt 0.490290 0.150368
vt 0.496847 0.151877
vt 0.628167 0.429493
vt 0.633820 0.404240
vt 0.648375 0.446270
vt 0.626289 0.461915
vt 0.518321 0.129391
vt 0.521698 0.144108
vt 0.522166 0.151712
vt 0.482345 0.138705
vt 0.484739 0.129770
vt 0.616035 0.462710
vt 0.474361 0.128558
vt 0.476229 0.128334
vt 0.472968 0.124563
vt 0.474291 0.127115
vt 0.530560 0.184861
vt 0.528918 0.178566
vt 0.528495 0.174935
vt 0.572021 0.506777
vt 0.591289 0.382771
vt 0.541259 0.419435
vt 0.550505 0.489093
vt 0.556782 0.485565
vt 0.527826 0.453711
vt 0.448491 0.534798
vt 0.478220 0.545677
vt 0.497129 0.517648
vt 0.528975 0.319295
vt 0.310420 0.404955
vt 0.319083 0.382896
vt 0.321034 0.385478
vt 0.492256 0.566531
vt 0.496430 0.541987
vt 0.497557 0.562032
vt 0.487934 0.571455
vt 0.491187 0.564972
vt 0.535057 0.560900
vt 0.535849 0.565893
vt 0.535422 0.564503
vt 0.329296 0.424214
vt 0.329752 0.405044
vt 0.332398 0.423258
vt 0.333305 0.400552
vt 0.391427 0.388825
vt 0.314234 0.384130
vt 0.335608 0.391675
vt 0.390836 0.374023
vt 0.391198 0.348503
vt 0.377846 0.244247
vt 0.322914 0.346538
vt 0.328698 0.303026
vt 0.407678 0.243079
vt 0.352865 0.272447
vt 0.871181 0.797451
vt 0.869558 0.771772
vt 0.875707 0.770102
vt 0.303838 0.262449
vt 0.301145 0.267588
vt 0.360016 0.377323
vt 0.328309 0.257152
vt 0.357307 0.379816
vt 0.873341 0.880351
vt 0.861757 0.935927
vt 0.796982 0.980778
vt 0.897350 0.790747
vt 0.893419 0.827818
vt 0.801535 0.835001
vt 0.826039 0.867929
vt 0.766174 0.513558
vt 0.749596 0.517417
vt 0.758560 0.490413
vt 0.755138 0.812475
vt 0.883496 0.798826
vt 0.800282 0.795497
vt 0.876222 0.861626
vt 0.891972 0.774511
vt 0.893327 0.770938
vt 0.718838 0.502801
vt 0.724376 0.503295
vt 0.721588 0.518011
vt 0.697829 0.480854
vt 0.686632 0.509954
vt 0.675657 0.380486
vt 0.741077 0.510494
vt 0.761412 0.343171
vt 0.693971 0.354231
vt 0.768773 0.431948
vt 0.767929 0.411288
vt 0.770576 0.413050
vt 0.769817 0.430185
vt 0.760294 0.304550
vt 0.689129 0.331496
vt 0.753613 0.307449
vt 0.601050 0.373438
vt 0.771417 0.348201
vt 0.769539 0.401734
vt 0.767672 0.372440
vt 0.771207 0.374227
vt 0.630651 0.530078
vt 0.737554 0.530408
vt 0.974422 0.476303
vt 0.978702 0.473955
vt 0.931878 0.485085
vt 0.942836 0.495260
vt 0.928978 0.540530
vt 0.934053 0.488286
vt 0.833951 0.522549
vt 0.834553 0.518043
vt 0.807641 0.502155
vt 0.931205 0.494705
vt 0.929357 0.457242
vt 0.936492 0.477751
vt 0.889792 0.461884
vt 0.790483 0.447328
vt 0.795532 0.439867
vt 0.794534 0.380645
vt 0.786325 0.380300
vt 0.812431 0.337185
vt 0.804569 0.317574
vt 0.787401 0.353112
vt 0.911388 0.301873
vt 0.864252 0.465779
vt 0.851753 0.413051
vt 0.982771 0.366502
vt 0.985577 0.334246
vt 0.981731 0.335518
vt 0.985782 0.303717
vt 0.988527 0.302427
vt 0.919205 0.306476
vt 0.835421 0.520684
vt 0.837475 0.520053
vt 0.837005 0.515298
vt 0.834870 0.516230
vt 0.817015 0.338098
vt 0.824866 0.329999
vt 0.828887 0.308094
vt 0.831874 0.314419
vt 0.887642 0.497917
vt 0.823085 0.160304
vt 0.822041 0.186958
vt 0.836753 0.155357
vt 0.833919 0.299282
vt 0.815778 0.210008
vt 0.820078 0.221844
vt 0.870868 0.121143
vt 0.764974 0.205685
vt 0.806457 0.253002
vt 0.765731 0.268866
vt 0.645925 0.581987
vt 0.654897 0.582473
vt 0.809098 0.017991
vt 0.813282 0.025295
vt 0.713402 0.077053
vt 0.872657 0.253921
vt 0.881649 0.220069
vt 0.782673 0.034590
vt 0.873918 0.291300
vt 0.765721 0.020527
vt 0.766793 0.018138
vt 0.757660 0.675014
vt 0.678253 0.535580
vt 0.796869 0.580012
vt 0.789238 0.582349
vt 0.721687 0.676019
vt 0.804519 0.544149
vt 0.799468 0.535798
vt 0.745397 0.534616
vt 0.700420 0.582770
vt 0.632337 0.612797
vt 0.797563 0.671164
vt 0.799100 0.645830
vt 0.786606 0.652196
vt 0.737973 0.596784
vt 0.773466 0.607911
vt 0.789611 0.625174
vt 0.793210 0.627269
vt 0.658604 0.601333
vt 0.414015 0.094420
vt 0.422383 0.048849
vt 0.421620 0.059211
vt 0.695897 0.547537
vt 0.739292 0.655272
vt 0.688706 0.541993
vt 0.684915 0.549887
vt 0.683490 0.535054
vt 0.680903 0.655857
vt 0.455926 0.027133
vt 0.450414 0.015745
vt 0.449320 0.030911
vt 0.563844 0.234554
vt 0.558520 0.233875
vt 0.436980 0.016126
vt 0.574353 0.142696
vt 0.527721 0.113074
vt 0.409647 0.212390
vt 0.552121 0.212196
vt 0.966388 0.169669
vt 0.971410 0.169605
vt 0.966544 0.176664
vt 0.499268 0.082330
vt 0.449535 0.265290
vt 0.972937 0.208365
vt 0.977048 0.202357
vt 0.975586 0.218136
vt 0.972914 0.170293
vt 0.947650 0.238954
vt 0.974135 0.201821
vt 0.937216 0.171344
vt 0.928599 0.176811
vt 0.950281 0.227285
vt 0.898824 0.211376
vt 0.964435 0.183861
vt 0.918682 0.204844
vt 0.917167 0.198694
vt 0.939109 0.232625
vt 0.894353 0.232874
vt 0.937867 0.229671
vt 0.931581 0.242844
vt 0.903117 0.269072
vt 0.901620 0.257253
vt 0.916381 0.221153
vt 0.972695 0.243656
vt 0.971633 0.265228
vt 0.962035 0.266485
vt 0.946338 0.169131
vt 0.945560 0.170282
vt 0.955898 0.181947
vt 0.974722 0.233781
vt 0.973490 0.236458
vt 0.922439 0.264332
vt 0.925559 0.271370
vt 0.918822 0.259701
vt 0.479486 0.360347
vt 0.479995 0.373503
vt 0.475949 0.363530
vt 0.922311 0.268537
vt 0.945016 0.169304
vt 0.500353 0.268971
vt 0.429188 0.269446
vt 0.499640 0.294834
vt 0.474220 0.346214
vt 0.484231 0.385603
vt 0.481354 0.381641
vt 0.446549 0.324118
vt 0.464978 0.310909
vt 0.422692 0.343609
vt 0.436050 0.308519
vt 0.425441 0.342285
vt 0.415565 0.340513
vt 0.454333 0.346547
vt 0.450827 0.339185
vt 0.450605 0.355094
vt 0.446567 0.380842
vt 0.445566 0.377540
vt 0.410365 0.325312
vt 0.460401 0.339472
vt 0.425224 0.358412
vt 0.496118 0.316956
vt 0.494037 0.328355
vt 0.493499 0.318156
vt 0.971680 0.545799
vt 0.972664 0.549801
vt 0.469533 0.269812
vt 0.470882 0.269394
vt 0.438185 0.398692
vt 0.491302 0.340190
vt 0.986669 0.559485
vt 0.943748 0.560849
vt 0.945344 0.550812
vt 0.954069 0.549911
vt 0.984063 0.555964
vt 0.935310 0.560380
vt 0.930309 0.557701
vt 0.932089 0.545137
vt 0.939421 0.553582
vt 0.934745 0.590947
vt 0.942710 0.555101
vt 0.938756 0.598362
vt 0.946619 0.589934
vt 0.986611 0.590532
vt 0.926923 0.583182
vt 0.945542 0.633786
vt 0.971788 0.662245
vt 0.972664 0.673238
vt 0.986669 0.627085
vt 0.987933 0.624789
vt 0.987339 0.647191
vt 0.975564 0.665686
vt 0.973802 0.664017
vt 0.969126 0.671560
vt 0.376400 0.500297
vt 0.373059 0.476116
vt 0.976406 0.691290
vt 0.948199 0.691746
vt 0.977816 0.698967
vt 0.943571 0.702049
vt 0.987399 0.669804
vt 0.987441 0.664966
vt 0.414661 0.479511
vt 0.414330 0.468723
vt 0.372867 0.438230
vt 0.363610 0.435397
vt 0.370135 0.444764
vt 0.368518 0.433432
vt 0.335029 0.463821
vt 0.370708 0.484882
vt 0.394455 0.497684
vt 0.359054 0.528890
vt 0.369126 0.500259
vt 0.366546 0.502743
vt 0.356703 0.528183
vt 0.382494 0.551672
vt 0.384985 0.528361
vt 0.337109 0.498182
vt 0.360330 0.512075
vt 0.355620 0.521861
vt 0.356357 0.548490
vt 0.397598 0.551791
vt 0.394270 0.567155
vt 0.395928 0.562399
vt 0.359054 0.554508
vt 0.358527 0.561358
vt 0.362324 0.564929
vt 0.881909 0.737382
vt 0.867079 0.732368
vt 0.400137 0.558241
vt 0.382803 0.566623
vt 0.343398 0.571007
vt 0.965855 0.940823
vt 0.972584 0.845609
vt 0.963699 0.872572
vt 0.978269 0.957910
vt 0.974617 0.957946
vt 0.973513 0.970309
vt 0.978269 0.973429
vt 0.926335 0.023023
vt 0.935611 0.005647
vt 0.930438 0.009387
vt 0.820565 0.735403
vt 0.922925 0.952072
vt 0.957161 0.979117
vt 0.956419 0.987858
vt 0.913918 0.993696
vt 0.952816 0.993308
vt 0.963938 0.964119
vt 0.962399 0.965864
vt 0.962664 0.969341
vt 0.912348 0.992548
vt 0.975660 0.076195
vt 0.972492 0.060007
vt 0.973390 0.076669
vt 0.982480 0.006578
vt 0.978180 0.003403
vt 0.983900 0.019849
vt 0.973351 0.034059
vt 0.973691 0.045741
vt 0.954285 0.152160
vt 0.957781 0.026010
vt 0.940818 0.091274
vt 0.940529 0.133343
vt 0.897411 0.060286
vt 0.895758 0.092296
vt 0.955910 0.046500
vt 0.951083 0.067251
vt 0.946507 0.068004
vt 0.921147 0.133787
vt 0.920559 0.096308
vt 0.902546 0.118814
vt 0.913140 0.115232
vt 0.955644 0.041889
vt 0.906165 0.133066
vt 0.962947 0.137331
vt 0.984376 0.724980
vt 0.978768 0.726088
vt 0.981678 0.712965
vt 0.948864 0.005038
vt 0.906000 0.143990
vt 0.902130 0.155582
vt 0.973046 0.094952
vt 0.972499 0.083522
vt 0.972177 0.096054
vt 0.949803 0.004306
vt 0.948617 0.003795
vt 0.930121 0.740003
vt 0.969929 0.715223
vt 0.966822 0.736340
vt 0.964848 0.729201
vt 0.948860 0.714110
vt 0.928433 0.713654
vt 0.931342 0.726689
vt 0.960957 0.753356
vt 0.957497 0.734838
vt 0.963346 0.743568
vt 0.968115 0.767369
vt 0.963753 0.762590
vt 0.874587 0.553169
vt 0.868651 0.546045
vt 0.971566 0.793437
vt 0.972505 0.795242
vt 0.953545 0.780273
vt 0.916843 0.802169
vt 0.949732 0.811243
vt 0.953486 0.822209
vt 0.970160 0.810791
vt 0.952252 0.821034
vt 0.826160 0.552764
vt 0.905810 0.581571
vt 0.874453 0.576623
vt 0.880327 0.559307
vt 0.893296 0.553248
vt 0.880840 0.546891
vt 0.893353 0.560076
vt 0.847112 0.544620
vt 0.833772 0.550209
vt 0.851332 0.554917
vt 0.808225 0.561542
vt 0.902967 0.579204
vt 0.900066 0.580883
vt 0.852026 0.569222
vt 0.870970 0.598351
vt 0.839728 0.624354
vt 0.811118 0.618074
vt 0.869186 0.620636
vt 0.358205 0.162173
vt 0.365813 0.163061
vt 0.843411 0.636579
vt 0.886201 0.679777
vt 0.831525 0.683960
vt 0.832701 0.677092
vt 0.374462 0.092687
vt 0.370538 0.099565
vt 0.372229 0.075055
vt 0.318305 0.051539
vt 0.294940 0.184120
vt 0.380358 0.007482
vt 0.301098 0.060738
vt 0.379317 0.060174
vt 0.320631 0.027078
vt 0.383799 0.070203
vt 0.382008 0.074214
vt 0.370603 0.140615
vt 0.370549 0.147481
vt 0.369523 0.123500
vt 0.363691 0.011371
vt 0.356123 0.037777
vt 0.360009 0.016443
vt 0.343720 0.171385
vt 0.088649 0.487353
vt 0.081084 0.515592
vt 0.367735 0.003805
vt 0.370271 0.003782
vt 0.374663 0.144296
vt 0.302623 0.168967
vt 0.302482 0.172077
vt 0.301949 0.170503
vt 0.085302 0.525690
vt 0.080893 0.526204
vt 0.089217 0.515061
vt 0.115606 0.470692
vt 0.077364 0.538115
vt 0.072318 0.540935
vt 0.092433 0.465628
vt 0.096196 0.452192
vt 0.111285 0.478527
vt 0.079147 0.535779
vt 0.047050 0.462254
vt 0.108829 0.487999
vt 0.104309 0.496666
vt 0.106212 0.456319
vt 0.045183 0.507893
vt 0.791839 0.682112
vt 0.790767 0.679494
vt 0.797906 0.679608
vt 0.796291 0.681460
vt 0.041981 0.531964
vt 0.100013 0.498572
vt 0.091499 0.512393
vt 0.095709 0.502357
vt 0.053564 0.543077
vt 0.090957 0.514620
vt 0.091809 0.514095
vt 0.776853 0.690095
vt 0.797890 0.676934
vt 0.857151 0.692419
vt 0.858497 0.699416
vt 0.738210 0.728355
vt 0.886987 0.723906
vt 0.890702 0.723115
vt 0.804698 0.526612
vt 0.816625 0.731315
vt 0.783139 0.713263
vt 0.913027 0.691515
vt 0.900128 0.718786
vt 0.813635 0.698583
vt 0.898064 0.650053
vt 0.906913 0.632964
vt 0.844148 0.722540
vt 0.996904 0.404860
vt 0.991346 0.413134
vt 0.810652 0.670063
vt 0.810952 0.673963
vt 0.799968 0.672630
vt 0.920614 0.602216
vt 0.869980 0.674180
vt 0.870414 0.674798
vt 0.856708 0.676246
vt 0.883056 0.003489
vt 0.889002 -0.000595
vt 0.890541 0.108423
vt 0.891145 0.098165
vt 0.884516 0.018450
vt 0.868039 0.065004
vt 0.872728 0.000363
vt 0.870089 0.004366
vt 0.886219 0.100659
vt 0.988514 0.421791
vt 0.864312 0.030756
vt 0.986113 0.487319
vt 0.642248 0.104133
vt 0.989685 0.480841
vt 0.987563 0.501522
vt 0.884383 0.014443
vt 0.975134 0.542467
vt 0.857701 0.442471
vt 0.857361 0.442017
vt 0.765451 0.091713
vt 0.651371 0.104204
vt 0.654932 0.107417
vt 0.702665 0.177254
vt 0.665922 0.167622
vt 0.693371 0.092375
vt 0.681156 0.231107
vt 0.668830 0.191930
vt 0.701188 0.239401
vt 0.695192 0.251406
vt 0.648927 0.022047
vt 0.651200 0.014794
vt 0.669500 0.208604
vt 0.663257 0.214608
vt 0.662714 0.213942
vt 0.660491 0.022394
vt 0.705363 0.150662
vt 0.682384 0.267808
vt 0.688918 0.280551
vt 0.684666 0.274890
vt 0.838584 0.340241
vt 0.833827 0.339950
vt 0.839449 0.332325
vt 0.765569 0.136168
vt 0.764465 0.125744
vt 0.766364 0.135414
vt 0.819904 0.483373
vt 0.822424 0.482637
vt 0.821575 0.489881
vt 0.823008 0.367647
vt 0.808219 0.489113
vt 0.420336 0.161401
vt 0.448722 0.187335
vt 0.818515 0.461861
vt 0.812232 0.457484
vt 0.833872 0.322917
vt 0.435077 0.105172
vt 0.825230 0.338647
vt 0.540719 0.228119
vt 0.535457 0.231086
vt 0.826230 0.333393
vt 0.524295 0.228041
vt 0.525940 0.225669
vt 0.527334 0.234551
vt 0.500470 0.239279
vt 0.516770 0.235399
vt 0.525514 0.212023
vt 0.531546 0.227135
vt 0.511511 0.230515
vt 0.511371 0.210161
vt 0.628962 0.315373
vt 0.511949 0.169166
vt 0.516857 0.187379
vt 0.498610 0.138381
vt 0.495699 0.145066
vt 0.513778 0.125504
vt 0.640625 0.464147
vt 0.625232 0.474243
vt 0.612031 0.479281
vt 0.524807 0.161540
vt 0.523619 0.152887
vt 0.528190 0.168503
vt 0.475650 0.134207
vt 0.610120 0.469364
vt 0.610101 0.486022
s 1
usemtl Material.003
f 3/1/1 4/2/2 2/3/3
f 5/4/4 4/5/2 3/6/1
f 7/7/5 3/8/1 2/9/3
f 7/10/5 5/11/4 3/12/1
f 8/13/6 7/7/5 2/9/3
f 4/14/2 9/15/7 2/16/3
f 6/17/8 9/15/7 4/14/2
f 5/4/4 10/18/9 6/19/8
f 10/20/9 12/21/10 6/22/8
f 14/23/11 12/21/10 10/20/9
f 16/24/12 13/25/13 9/26/7
f 18/27/14 14/28/11 10/18/9
f 15/29/15 18/30/14 11/31/16
f 21/32/17 20/33/18 19/34/19
f 15/29/15 22/35/20 18/30/14
f 20/36/18 23/37/21 15/38/15
f 19/39/19 16/40/12 17/41/22
f 23/42/21 24/43/23 22/35/20
f 23/44/21 26/45/24 24/46/23
f 25/47/25 27/48/26 23/49/21
f 25/50/25 23/51/21 21/32/17
f 24/52/23 26/53/24 22/54/20
f 23/37/21 27/48/26 26/55/24
f 29/56/27 28/57/28 25/50/25
f 28/58/28 1/59/29 30/60/30
f 35/61/31 33/62/32 31/63/33
f 34/64/34 36/65/35 31/66/33
f 32/67/36 37/68/37 34/69/34
f 38/70/38 32/71/36 33/72/32
f 37/73/37 36/65/35 34/64/34
f 38/70/38 37/74/37 32/71/36
f 36/65/35 41/75/39 35/76/31
f 42/77/40 41/75/39 36/65/35
f 37/73/37 42/77/40 36/65/35
f 46/78/41 45/79/42 38/80/38
f 42/81/40 49/82/43 41/83/39
f 44/84/44 50/85/45 42/81/40
f 51/86/46 46/78/41 47/87/47
f 45/88/42 50/89/45 44/90/44
f 52/91/48 45/79/42 46/78/41
f 53/92/49 52/91/48 51/86/46
f 52/93/48 54/94/50 50/85/45
f 55/95/51 54/96/50 53/97/49
f 56/98/52 53/92/49 51/86/46
f 49/99/43 57/100/53 48/101/54
f 54/94/50 58/102/55 57/103/53
f 59/104/56 56/105/52 57/100/53
f 58/102/55 59/106/56 57/103/53
f 60/107/57 58/108/55 55/95/51
f 60/109/57 55/110/51 56/98/52
f 58/102/55 61/111/58 59/106/56
f 60/112/57 65/113/59 58/102/55
f 62/114/60 60/109/57 59/115/56
f 64/116/61 60/109/57 62/114/60
f 65/117/59 63/118/62 61/119/58
f 64/120/61 66/121/63 65/113/59
f 70/122/64 68/123/65 69/124/66
f 71/125/67 69/126/66 67/127/68
f 71/128/67 70/129/64 69/126/66
f 72/130/69 71/125/67 67/127/68
f 68/123/65 73/131/70 72/132/69
f 75/133/71 73/131/70 74/134/72
f 76/135/73 77/136/74 71/137/67
f 77/138/74 79/139/75 71/128/67
f 78/140/76 73/141/70 75/142/71
f 79/143/75 75/144/71 74/145/72
f 80/146/77 77/147/74 78/148/76
f 81/149/78 75/142/71 79/150/75
f 81/149/78 78/140/76 75/142/71
f 80/151/77 81/152/78 79/153/75
f 83/154/79 78/140/76 81/149/78
f 88/155/80 80/156/77 82/157/81
f 88/158/80 89/159/82 80/146/77
f 90/160/83 88/155/80 82/157/81
f 90/161/83 85/162/84 86/163/85
f 89/164/82 90/165/83 86/166/85
f 92/167/86 93/168/87 94/169/88
f 100/170/89 96/171/90 92/172/86
f 95/173/91 92/174/86 94/175/88
f 100/170/89 99/176/92 96/171/90
f 100/170/89 101/177/93 99/176/92
f 105/178/94 100/179/89 97/180/95
f 98/181/96 102/182/97 95/183/91
f 104/184/98 99/185/92 101/186/93
f 102/187/97 107/188/99 97/180/95
f 106/189/100 103/190/101 99/185/92
f 107/188/99 111/191/102 105/178/94
f 111/192/102 104/193/98 105/194/94
f 109/195/103 112/196/104 108/197/105
f 113/198/106 106/199/100 111/192/102
f 112/196/104 115/200/107 107/201/99
f 114/202/108 113/198/106 111/192/102
f 110/203/109 116/204/110 112/196/104
f 117/205/111 116/206/110 113/207/106
f 115/208/107 119/209/112 114/202/108
f 112/196/104 118/210/113 115/200/107
f 119/209/112 117/211/111 114/202/108
f 116/204/110 118/210/113 112/196/104
f 117/212/111 120/213/114 116/214/110
f 91/215/115 117/211/111 119/209/112
f 123/216/116 124/217/117 125/218/118
f 125/219/118 128/220/119 129/221/120
f 126/222/121 130/223/122 122/224/123
f 122/225/123 131/226/124 124/227/117
f 130/228/122 131/226/124 122/225/123
f 128/229/119 127/230/125 134/231/126
f 135/232/127 136/233/128 131/226/124
f 133/234/129 138/235/130 132/236/131
f 132/236/131 139/237/132 135/238/127
f 127/230/125 136/239/128 141/240/133
f 134/231/126 143/241/134 137/242/135
f 136/239/128 140/243/136 141/240/133
f 138/235/130 142/244/137 139/237/132
f 142/245/137 147/246/138 139/247/132
f 147/246/138 148/248/139 140/249/136
f 146/250/140 149/251/141 152/252/142
f 151/253/143 149/254/141 148/248/139
f 151/253/143 153/255/144 149/254/141
f 152/256/142 153/257/144 121/258/145
f 155/259/146 158/260/147 154/261/148
f 154/261/148 158/260/147 159/262/149
f 154/263/148 159/264/149 160/265/150
f 161/266/151 163/267/152 157/268/153
f 158/260/147 157/268/153 163/267/152
f 158/269/147 163/270/152 162/271/154
f 159/272/149 162/273/154 166/274/155
f 164/275/156 165/276/157 161/266/151
f 162/277/154 163/267/152 166/278/155
f 166/274/155 167/279/158 160/280/150
f 160/281/150 167/282/158 164/283/156
f 163/267/152 165/276/157 169/284/159
f 168/285/160 170/286/161 167/279/158
f 167/282/158 171/287/162 165/288/157
f 169/289/159 171/290/162 173/291/163
f 169/289/159 173/291/163 172/292/164
f 168/293/160 172/292/164 170/294/161
f 170/295/161 176/296/165 175/297/166
f 170/294/161 174/298/167 178/299/168
f 178/300/168 176/301/165 170/286/161
f 174/302/167 177/303/169 178/304/168
f 182/305/170 180/306/171 179/307/172
f 180/308/171 182/309/170 186/310/173
f 179/311/172 181/312/174 183/313/175
f 182/309/170 185/314/176 186/310/173
f 186/315/173 183/316/175 181/317/174
f 179/311/172 183/313/175 184/318/177
f 179/319/172 184/320/177 185/314/176
f 185/314/176 184/320/177 187/321/178
f 186/310/173 187/321/178 188/322/179
f 188/323/179 190/324/180 186/315/173
f 190/324/180 191/325/181 183/316/175
f 184/326/177 189/327/182 197/328/183
f 192/329/184 193/330/185 187/331/178
f 187/331/178 194/332/186 188/333/179
f 193/330/185 198/334/187 194/332/186
f 194/332/186 195/335/188 188/333/179
f 189/327/182 191/336/181 197/328/183
f 191/336/181 196/337/189 199/338/190
f 192/329/184 200/339/191 193/330/185
f 201/340/192 204/341/193 202/342/194
f 203/343/195 204/344/193 205/345/196
f 205/345/196 207/346/197 209/347/198
f 206/348/199 207/349/197 204/341/193
f 205/345/196 209/347/198 210/350/200
f 208/351/201 212/352/202 209/353/198
f 210/354/200 212/355/202 211/356/203
f 208/357/201 210/358/200 211/359/203
f 214/360/204 216/361/205 213/362/206
f 216/363/205 215/364/207 213/365/206
f 215/364/207 217/366/208 213/365/206
f 217/367/208 219/368/209 213/369/206
f 213/362/206 223/370/210 220/371/211
f 216/372/205 222/373/212 218/374/213
f 213/375/206 219/376/209 223/377/210
f 214/378/204 220/379/211 224/380/214
f 220/379/211 223/381/210 224/380/214
f 219/376/209 225/382/215 223/377/210
f 223/381/210 228/383/216 224/380/214
f 217/384/208 222/373/212 227/385/217
f 225/386/215 228/383/216 223/381/210
f 228/383/216 229/387/218 224/380/214
f 225/388/215 231/389/219 232/390/220
f 225/386/215 232/391/220 228/383/216
f 226/392/221 230/393/222 222/373/212
f 225/382/215 227/394/217 231/395/219
f 231/389/219 237/396/223 232/390/220
f 228/397/216 232/398/220 229/399/218
f 227/385/217 230/393/222 235/400/224
f 230/401/222 233/402/225 234/403/226
f 230/393/222 234/404/226 235/400/224
f 231/395/219 235/405/224 236/406/227
f 236/406/227 235/405/224 238/407/228
f 238/407/228 239/408/229 236/409/227
f 235/405/224 240/410/230 241/411/231
f 236/412/227 239/413/229 240/414/230
f 239/413/229 241/415/231 240/414/230
f 239/408/229 238/407/228 242/416/232
f 243/417/233 245/418/234 250/419/235
f 248/420/236 245/418/234 243/417/233
f 249/421/237 246/422/238 244/423/239
f 245/418/234 247/424/240 250/419/235
f 250/425/235 249/421/237 244/423/239
f 246/426/238 252/427/241 243/428/233
f 247/424/240 254/429/242 250/419/235
f 253/430/243 247/431/240 248/432/236
f 254/433/242 255/434/244 250/425/235
f 257/435/245 254/436/242 253/430/243
f 260/437/246 253/430/243 251/438/247
f 260/439/246 257/435/245 253/430/243
f 261/440/248 260/441/246 251/442/247
f 265/443/249 259/444/250 257/435/245
f 266/445/251 257/435/245 260/439/246
f 262/446/252 273/447/253 258/448/254
f 267/449/255 259/444/250 265/443/249
f 268/450/256 266/451/251 261/440/248
f 264/452/257 269/453/258 263/454/259
f 270/455/260 266/451/251 268/450/256
f 272/456/261 267/457/255 265/458/249
f 9/26/7 12/21/10 17/459/22 16/24/12
f 271/460/262 276/461/263 273/447/253
f 274/462/264 269/453/258 259/463/250
f 269/453/258 277/464/265 271/465/262
f 275/466/266 279/467/267 274/468/264
f 281/469/268 279/470/267 275/471/266
f 281/472/268 275/473/266 278/474/269
f 280/475/270 281/476/268 278/477/269
f 284/478/271 285/479/272 283/480/273
f 286/481/274 285/479/272 284/478/271
f 287/482/275 284/483/271 283/484/273
f 287/482/275 286/485/274 284/483/271
f 285/486/272 289/487/276 283/488/273
f 287/489/275 291/490/277 286/491/274
f 292/492/278 288/493/279 289/494/276
f 290/495/280 292/496/278 289/497/276
f 288/498/279 294/499/281 287/489/275
f 296/500/282 295/501/283 292/496/278
f 296/500/282 292/496/278 293/502/284
f 297/503/285 291/490/277 287/489/275
f 294/499/281 297/503/285 287/489/275
f 298/504/286 296/500/282 293/502/284
f 303/505/287 299/506/288 300/507/289
f 305/508/290 301/509/291 302/510/292
f 305/508/290 310/511/293 304/512/294
f 312/513/295 310/511/293 305/508/290
f 309/514/296 308/515/297 306/516/298
f 310/517/293 311/518/299 309/519/296
f 313/520/300 312/513/295 307/521/301
f 314/522/302 313/523/300 308/524/297
f 312/525/295 315/526/303 311/518/299
f 313/520/300 315/527/303 312/513/295
f 315/528/303 314/529/302 311/530/299
f 313/531/300 282/532/304 315/526/303
f 319/533/305 320/534/306 318/535/307
f 323/536/308 317/537/309 318/538/307
f 320/534/306 325/539/310 318/535/307
f 319/533/305 322/540/311 320/534/306
f 323/536/308 321/541/312 317/537/309
f 324/542/313 323/543/308 318/544/307
f 321/545/312 326/546/314 322/547/311
f 330/548/315 329/549/316 326/546/314
f 333/550/317 329/551/316 330/548/315
f 335/552/318 332/553/319 333/550/317
f 336/554/320 333/550/317 330/548/315
f 332/555/319 337/556/321 334/557/322
f 336/554/320 338/558/323 333/550/317
f 337/559/321 338/560/323 336/561/320
f 341/562/324 335/563/318 338/558/323
f 344/564/325 340/565/326 341/566/324
f 343/567/327 346/568/328 342/569/329
f 340/565/326 347/570/330 339/571/331
f 350/572/332 347/570/330 344/564/325
f 346/568/328 351/573/333 345/574/334
f 351/575/333 348/576/335 345/577/334
f 349/578/336 352/579/337 346/568/328
f 352/580/337 348/581/335 351/582/333
f 349/583/336 353/584/338 352/585/337
f 316/586/339 353/587/338 349/588/336
f 353/589/338 316/590/339 352/579/337
f 384/591/340 382/592/341 381/593/342
f 355/594/343 357/595/344 354/596/345
f 357/597/344 356/598/346 354/599/345
f 356/600/346 358/601/347 354/602/345
f 358/603/347 360/604/348 354/605/345
f 354/596/345 360/606/348 361/607/349
f 355/608/343 364/609/350 362/610/351
f 355/608/343 362/610/351 357/611/344
f 355/612/343 361/613/349 364/614/350
f 361/613/349 363/615/352 364/614/350
f 358/603/347 367/616/353 360/604/348
f 362/617/351 358/603/347 359/618/354
f 367/619/353 370/620/355 363/615/352
f 366/621/356 368/622/357 365/623/358
f 367/616/353 369/624/359 371/625/360
f 370/620/355 372/626/361 368/622/357
f 371/625/360 369/624/359 373/627/362
f 372/628/361 375/629/363 368/630/357
f 372/626/361 374/631/364 375/632/363
f 369/633/359 375/634/363 376/635/365
f 374/636/364 380/637/366 375/634/363
f 376/638/365 377/639/367 379/640/368
f 380/637/366 379/641/368 377/642/367
f 380/637/366 382/643/341 379/641/368
f 383/644/369 382/645/341 384/646/340
f 387/647/370 388/648/371 386/649/372
f 388/650/371 389/651/373 386/652/372
f 387/653/370 386/654/372 390/655/374
f 387/656/370 391/657/375 388/658/371
f 389/651/373 392/659/376 386/652/372
f 386/654/372 392/660/376 393/661/377
f 387/656/370 390/662/374 395/663/378
f 390/664/374 393/665/377 394/666/379
f 390/662/374 394/667/379 395/663/378
f 389/668/373 396/669/380 392/670/376
f 397/671/381 398/672/382 393/673/377
f 395/674/378 394/666/379 399/675/383
f 391/676/375 400/677/384 389/668/373
f 398/678/382 397/679/381 404/680/385
f 398/678/382 401/681/386 394/666/379
f 399/682/383 402/683/387 400/684/384
f 400/677/384 402/685/387 403/686/388
f 404/680/385 405/687/389 401/681/386
f 401/681/386 406/688/390 402/689/387
f 406/690/390 407/691/391 402/683/387
f 404/692/385 403/686/388 410/693/392
f 404/694/385 410/695/392 413/696/393
f 404/694/385 413/696/393 405/697/389
f 405/687/389 408/698/394 406/688/390
f 406/690/390 408/699/394 407/691/391
f 407/691/391 408/699/394 409/700/395
f 410/693/392 409/701/395 413/702/393
f 411/703/396 412/704/397 408/698/394
f 413/702/393 414/705/398 385/706/399
f 414/707/398 415/708/400 385/709/399
f 418/710/401 424/711/402 419/712/403
f 417/713/404 427/714/405 422/715/406
f 423/716/407 421/717/408 425/718/409
f 417/719/404 424/720/402 427/721/405
f 422/722/406 428/723/410 420/724/411
f 420/725/411 426/726/412 421/717/408
f 422/722/406 432/727/413 428/723/410
f 427/728/405 429/729/414 430/730/415
f 430/730/415 429/729/414 436/731/416
f 431/732/417 437/733/418 435/734/419
f 425/735/409 433/736/420 438/737/421
f 431/732/417 441/738/422 437/733/418
f 436/731/416 438/739/421 439/740/423
f 436/731/416 439/740/423 440/741/424
f 437/742/418 442/743/425 438/737/421
f 438/737/421 442/743/425 444/744/426
f 431/732/417 446/745/427 441/738/422
f 440/746/424 445/747/428 431/748/417
f 443/749/429 449/750/430 444/744/426
f 440/746/424 447/751/431 448/752/432
f 446/753/427 450/754/433 449/750/430
f 447/755/431 450/756/433 452/757/434
f 448/758/432 452/757/434 451/759/435
f 446/745/427 416/760/436 450/761/433
f 456/762/437 454/763/438 457/764/439
f 454/765/438 455/766/440 457/767/439
f 461/768/441 455/766/440 454/765/438
f 458/769/442 456/770/437 457/771/439
f 459/772/443 454/773/438 456/770/437
f 454/774/438 462/775/444 461/776/441
f 459/777/443 462/775/444 454/774/438
f 460/778/445 466/779/446 463/780/447
f 465/781/448 462/775/444 459/777/443
f 465/781/448 459/777/443 458/782/442
f 466/783/446 458/784/442 463/785/447
f 468/786/449 469/787/450 465/781/448
f 469/787/450 471/788/451 462/775/444
f 472/789/452 468/790/449 470/791/453
f 472/792/452 475/793/454 469/787/450
f 474/794/455 472/789/452 473/795/456
f 476/796/457 474/794/455 473/795/456
f 474/797/455 478/798/458 475/793/454
f 478/799/458 453/800/459 477/801/460
f 453/802/459 479/803/461 477/804/460
f 481/805/462 482/806/463 483/807/464
f 481/808/462 484/809/465 482/810/463
f 482/811/463 487/812/466 483/813/464
f 481/805/462 486/814/467 484/815/465
f 491/816/468 493/817/469 494/818/470
f 490/819/471 494/820/470 497/821/472
f 495/822/473 496/823/474 492/824/475
f 493/817/469 497/825/472 494/818/470
f 495/826/473 500/827/476 501/828/477
f 496/823/474 498/829/478 493/830/469
f 493/817/469 499/831/479 497/825/472
f 497/821/472 499/832/479 500/833/476
f 500/833/476 502/834/480 505/835/481
f 501/828/477 505/836/481 506/837/482
f 504/838/483 509/839/484 503/840/485
f 503/841/485 507/842/486 502/843/480
f 506/837/482 505/835/481 507/844/486
f 504/845/483 506/837/482 509/846/484
f 509/847/484 508/848/487 503/841/485
f 503/841/485 508/848/487 507/842/486
f 509/849/484 507/844/486 480/850/488
f 507/851/486 508/852/487 480/853/488
f 514/854/489 511/855/490 512/856/491
f 513/857/492 517/858/493 516/859/494
f 515/860/495 510/861/496 511/862/490
f 516/863/494 514/864/489 512/865/491
f 513/857/492 518/866/497 517/858/493
f 510/861/496 519/867/498 513/868/492
f 515/869/495 519/870/498 510/871/496
f 518/872/497 520/873/499 517/874/493
f 521/875/500 518/876/497 519/877/498
f 522/878/501 514/879/489 516/880/494
f 522/881/501 516/863/494 517/882/493
f 515/869/495 524/883/502 519/870/498
f 514/879/489 525/884/503 515/869/495
f 522/878/501 525/884/503 514/879/489
f 526/885/504 520/873/499 521/886/500
f 524/887/502 527/888/505 521/889/500
f 528/890/506 531/891/507 529/892/508
f 535/893/509 528/894/506 523/895/510
f 532/896/511 523/895/510 526/885/504
f 531/897/507 534/898/512 529/899/508
f 535/893/509 531/900/507 528/894/506
f 534/898/512 537/901/513 530/902/514
f 538/903/515 532/904/511 533/905/516
f 537/901/513 538/906/515 533/907/516
f 539/908/517 535/893/509 532/896/511
f 540/909/518 536/910/519 535/893/509
f 534/898/512 541/911/520 537/901/513
f 540/912/518 542/913/521 536/914/519
f 536/915/519 543/916/522 534/898/512
f 543/917/522 539/918/517 541/919/520
f 544/920/523 540/921/518 539/918/517
f 542/922/521 546/923/524 543/916/522
f 546/923/524 545/924/525 543/916/522
f 548/925/526 549/926/527 554/927/528
f 550/928/529 549/926/527 548/925/526
f 550/928/529 551/929/530 549/926/527
f 553/930/531 547/931/532 548/932/526
f 551/933/530 555/934/533 549/935/527
f 550/936/529 557/937/534 551/929/530
f 552/938/535 557/939/534 550/940/529
f 551/933/530 558/941/536 555/934/533
f 557/937/534 558/942/536 551/929/530
f 558/941/536 559/943/537 556/944/538
f 552/938/535 562/945/539 557/939/534
f 563/946/540 552/938/535 553/947/531
f 560/948/541 553/947/531 554/949/528
f 560/950/541 554/951/528 556/952/538
f 561/953/542 559/943/537 558/941/536
f 565/954/543 564/955/544 559/943/537
f 565/954/543 559/943/537 561/953/542
f 566/956/545 561/957/542 562/958/539
f 563/946/540 566/959/545 562/945/539
f 564/960/544 568/961/546 563/946/540
f 564/960/544 570/962/547 568/961/546
f 565/963/543 570/964/547 564/965/544
f 571/966/548 574/967/549 567/968/550
f 570/962/547 573/969/551 568/961/546
f 575/970/552 576/971/553 573/969/551
f 577/972/554 580/973/555 569/974/556
f 578/975/557 577/972/554 571/966/548
f 576/976/553 579/977/558 572/978/559
f 569/979/556 580/980/555 575/981/552
f 581/982/560 580/983/555 577/984/554
f 580/980/555 583/985/561 582/986/562
f 582/987/562 578/988/557 579/977/558
f 582/989/562 581/990/560 578/975/557
f 586/991/563 585/992/564 587/993/565
f 585/994/564 588/995/566 592/996/567
f 589/997/568 588/995/566 585/994/564
f 591/998/569 586/999/563 587/1000/565
f 594/1001/570 593/1002/571 589/997/568
f 585/1003/564 595/1004/572 589/1005/568
f 598/1006/573 593/1007/571 597/1008/574
f 595/1004/572 601/1009/575 594/1010/570
f 592/1011/567 599/1012/576 591/998/569
f 600/1013/577 598/1006/573 597/1008/574
f 601/1014/575 597/1008/574 594/1015/570
f 599/1016/576 602/1017/578 596/1018/579
f 602/1017/578 610/1019/580 596/1018/579
f 607/1020/581 599/1012/576 598/1021/573
f 608/1022/582 603/1023/583 600/1013/577
f 609/1024/584 603/1023/583 608/1022/582
f 610/1025/580 608/1026/582 604/1027/585
f 611/1028/586 613/1029/587 606/1030/588
f 614/1031/589 603/1023/583 609/1024/584
f 602/1017/578 613/1032/587 610/1019/580
f 606/1033/588 613/1032/587 602/1017/578
f 614/1034/589 617/1035/590 603/1036/583
f 615/1037/591 614/1031/589 609/1024/584
f 616/1038/592 612/1039/593 613/1040/587
f 611/1028/586 617/1035/590 613/1029/587
f 618/1041/594 609/1042/584 612/1039/593
f 617/1035/590 616/1043/592 613/1029/587
f 617/1044/590 619/1045/595 616/1046/592
f 614/1034/589 619/1047/595 617/1035/590
f 584/1048/596 615/1049/591 618/1041/594
f 584/1050/596 619/1047/595 614/1034/589
f 584/1051/596 614/1031/589 615/1037/591
f 621/1052/597 620/1053/598 622/1054/599
f 624/1055/600 621/1056/597 622/1057/599
f 627/1058/601 625/1059/602 623/1060/603
f 626/1061/604 620/1062/598 621/1063/597
f 626/1061/604 629/1064/605 620/1062/598
f 631/1065/606 627/1066/601 623/1067/603
f 628/1068/607 631/1069/606 623/1070/603
f 633/1071/608 634/1072/609 632/1073/610
f 635/1074/611 633/1075/608 630/1076/612
f 638/1077/613 635/1074/611 630/1076/612
f 638/1077/613 630/1076/612 631/1065/606
f 628/1068/607 638/1078/613 631/1069/606
f 632/1079/610 643/1080/614 629/1081/605
f 637/1082/615 636/1083/616 635/1084/611
f 639/1085/617 637/1086/615 635/1074/611
f 639/1085/617 635/1074/611 638/1077/613
f 640/1087/618 638/1078/613 628/1068/607
f 642/1088/619 639/1085/617 638/1077/613
f 636/1089/616 645/1090/620 634/1091/609
f 646/1092/621 636/1093/616 641/1094/622
f 647/1095/623 642/1096/619 643/1097/614
f 646/1092/621 641/1094/622 644/1098/624
f 646/1099/621 649/1100/625 636/1083/616
f 648/1101/626 646/1102/621 644/1103/624
f 648/1101/626 644/1103/624 647/1104/623
f 648/1101/626 647/1104/623 645/1105/620
f 649/1106/625 648/1107/626 645/1090/620
f 646/1108/621 651/1109/627 649/1110/625
f 649/1106/625 650/1111/628 648/1107/626
f 651/1112/627 650/1113/628 649/1100/625
f 653/1114/629 657/1115/630 655/1116/631
f 653/1114/629 654/1117/632 657/1115/630
f 659/1118/633 657/1119/630 654/1120/632
f 658/1121/634 654/1122/632 653/1123/629
f 654/1124/632 664/1125/635 656/1126/636
f 658/1121/634 664/1127/635 654/1122/632
f 660/1128/637 655/1129/631 657/1130/630
f 661/1131/638 659/1132/633 656/1133/636
f 660/1134/637 662/1135/639 658/1136/634
f 664/1137/635 661/1131/638 656/1133/636
f 666/1138/640 663/1139/641 661/1131/638
f 665/1140/642 668/1141/643 660/1128/637
f 666/1142/640 665/1140/642 663/1143/641
f 662/1135/639 670/1144/644 664/1145/635
f 668/1146/643 671/1147/645 662/1135/639
f 669/1148/646 665/1140/642 666/1142/640
f 673/1149/647 666/1138/640 667/1150/648
f 674/1151/649 665/1140/642 669/1148/646
f 675/1152/650 673/1153/647 670/1154/644
f 668/1146/643 677/1155/651 671/1147/645
f 677/1155/651 680/1156/652 676/1157/653
f 679/1158/654 680/1159/652 668/1160/643
f 681/1161/655 672/1162/656 676/1163/653
f 682/1164/657 678/1165/658 672/1166/656
f 683/1167/659 681/1168/655 680/1169/652
f 679/1158/654 685/1170/660 680/1159/652
f 682/1171/657 684/1172/661 679/1158/654
f 684/1172/661 652/1173/662 685/1170/660
f 687/1174/663 688/1175/664 689/1176/665
f 691/1177/666 690/1178/667 687/1179/663
f 692/1180/668 687/1181/663 689/1182/665
f 690/1178/667 694/1183/669 688/1184/664
f 695/1185/670 693/1186/671 692/1187/668
f 691/1177/666 697/1188/672 690/1178/667
f 696/1189/673 703/1190/674 695/1191/670
f 700/1192/675 699/1193/676 694/1194/669
f 702/1195/677 698/1196/678 693/1186/671
f 704/1197/679 697/1188/672 698/1198/678
f 699/1199/676 705/1200/680 703/1190/674
f 700/1201/675 705/1200/680 699/1199/676
f 706/1202/681 700/1192/675 701/1203/682
f 702/1204/677 704/1197/679 698/1198/678
f 706/1205/681 705/1200/680 700/1201/675
f 703/1206/674 708/1207/683 702/1195/677
f 705/1208/680 708/1207/683 703/1206/674
f 708/1209/683 707/1210/684 702/1204/677
f 705/1200/680 711/1211/685 708/1212/683
f 709/1213/686 707/1210/684 708/1209/683
f 711/1214/685 709/1213/686 708/1209/683
f 686/1215/687 709/1213/686 711/1214/685
f 713/1216/688 714/1217/689 715/1218/690
f 716/1219/691 713/1220/688 715/1221/690
f 718/1222/692 720/1223/693 717/1224/694
f 721/1225/695 718/1226/692 716/1227/691
f 719/1228/696 724/1229/697 722/1230/698
f 723/1231/699 729/1232/700 721/1225/695
f 724/1233/697 731/1234/701 723/1235/699
f 727/1236/702 724/1229/697 725/1237/703
f 728/1238/704 725/1239/703 726/1240/705
f 732/1241/706 727/1242/702 728/1238/704
f 731/1234/701 735/1243/707 732/1244/706
f 730/1245/708 733/1246/709 731/1234/701
f 734/1247/710 730/1248/708 727/1249/702
f 735/1250/707 734/1251/710 732/1241/706
f 731/1234/701 736/1252/711 735/1243/707
f 733/1246/709 736/1252/711 731/1234/701
f 737/1253/712 739/1254/713 734/1251/710
f 737/1253/712 712/1255/714 739/1256/713
f 712/1257/714 737/1258/712 738/1259/715
f 5/4/4 6/19/8 4/5/2
f 2/16/3 9/15/7 8/1260/6
f 7/10/5 11/31/16 5/11/4
f 6/22/8 12/21/10 9/26/7
f 11/31/16 10/1261/9 5/11/4
f 9/26/7 13/25/13 8/1262/6
f 8/1263/6 15/38/15 7/1264/5
f 13/1265/13 15/38/15 8/1263/6
f 7/10/5 15/29/15 11/31/16
f 21/1266/17 22/54/20 26/53/24 25/1267/25
f 14/23/11 17/459/22 12/21/10
f 11/31/16 18/30/14 10/1261/9
f 13/1268/13 19/34/19 20/33/18
f 16/24/12 19/1269/19 13/25/13
f 13/1265/13 20/36/18 15/38/15
f 22/54/20 17/41/22 14/28/11
f 18/27/14 22/54/20 14/28/11
f 15/29/15 23/42/21 22/35/20
f 21/32/17 23/51/21 20/33/18
f 22/54/20 19/39/19 17/41/22
f 22/54/20 21/1266/17 19/39/19
f 39/1270/716 33/62/32 40/1271/717 43/1272/718
f 25/47/25 28/58/28 27/48/26
f 26/53/24 29/1273/27 25/1267/25
f 27/1274/26 29/1273/27 26/53/24
f 28/58/28 30/60/30 27/48/26
f 30/1275/30 29/1273/27 27/1274/26
f 29/1273/27 1/1276/29 28/1277/28
f 30/1278/30 1/1279/29 29/1280/27
f 34/1281/34 31/1282/33 32/1283/36
f 31/1282/33 33/1284/32 32/1283/36
f 31/66/33 36/65/35 35/76/31
f 33/72/32 39/1285/716 38/70/38
f 33/62/32 35/61/31 41/1286/39 40/1271/717
f 38/80/38 43/1287/718 47/87/47 46/78/41
f 39/1285/716 43/1288/718 38/70/38
f 38/1289/38 45/88/42 37/68/37
f 37/1290/37 44/84/44 42/81/40
f 45/88/42 44/90/44 37/68/37
f 47/1291/47 43/1272/718 40/1271/717 48/101/54
f 41/1286/39 48/101/54 40/1271/717
f 51/1292/46 48/101/54 57/100/53 56/105/52
f 41/1286/39 49/99/43 48/101/54
f 42/81/40 50/85/45 49/82/43
f 51/86/46 52/91/48 46/78/41
f 48/101/54 51/1292/46 47/1291/47
f 45/88/42 52/1293/48 50/89/45
f 53/92/49 54/1294/50 52/91/48
f 50/85/45 57/103/53 49/82/43
f 50/85/45 54/94/50 57/103/53
f 76/1295/73 73/131/70 78/1296/76 77/1297/74
f 55/95/51 58/108/55 54/96/50
f 56/98/52 55/110/51 53/92/49
f 59/104/56 60/1298/57 56/105/52
f 61/119/58 62/1299/60 59/104/56
f 58/102/55 65/113/59 61/111/58
f 60/112/57 64/1300/61 65/113/59
f 63/1301/62 64/116/61 62/114/60
f 61/119/58 63/118/62 62/1299/60
f 65/113/59 66/121/63 63/1302/62
f 67/1303/68 69/124/66 68/123/65
f 68/123/65 72/132/69 67/1303/68
f 70/122/64 74/134/72 68/123/65
f 71/128/67 74/1304/72 70/129/64
f 68/123/65 74/134/72 73/131/70
f 73/131/70 76/1295/73 72/132/69
f 72/1305/69 76/135/73 71/137/67
f 71/128/67 79/139/75 74/1304/72
f 87/1306/719 84/1307/720 80/146/77 89/159/82
f 77/136/74 80/151/77 79/153/75
f 80/151/77 84/1308/720 81/152/78
f 82/157/81 80/156/77 78/140/76
f 83/154/79 82/157/81 78/140/76
f 81/152/78 84/1308/720 83/1309/79
f 84/1308/720 86/166/85 83/1309/79
f 94/1310/88 93/1311/87 99/185/92 98/1312/96
f 85/1313/84 82/157/81 83/154/79
f 83/1314/79 86/163/85 85/162/84
f 84/1308/720 87/1315/719 86/166/85
f 87/1315/719 89/164/82 86/166/85
f 85/162/84 90/161/83 82/1316/81
f 89/159/82 88/1317/80 90/1318/83
f 92/1319/86 96/1320/90 93/1321/87
f 97/180/95 100/179/89 92/167/86
f 95/1322/91 97/180/95 92/167/86
f 94/175/88 98/1323/96 95/173/91
f 108/197/105 102/182/97 103/1324/101 109/195/103
f 96/1325/90 99/185/92 93/1311/87
f 99/185/92 103/190/101 98/1312/96
f 95/1322/91 102/187/97 97/180/95
f 98/181/96 103/1324/101 102/182/97
f 100/170/89 105/194/94 101/177/93
f 97/180/95 107/188/99 105/178/94
f 106/189/100 109/1326/103 103/190/101
f 104/184/98 106/189/100 99/185/92
f 102/187/97 108/1327/105 107/188/99
f 91/1328/115 119/1329/112 118/1330/113 120/1331/114
f 105/194/94 104/193/98 101/177/93
f 106/189/100 110/1332/109 109/1326/103
f 111/192/102 106/199/100 104/193/98
f 108/1327/105 112/1333/104 107/188/99
f 110/203/109 112/196/104 109/195/103
f 113/1334/106 110/1332/109 106/189/100
f 107/1335/99 115/208/107 111/192/102
f 115/208/107 114/202/108 111/192/102
f 113/207/106 116/206/110 110/1336/109
f 114/202/108 117/211/111 113/198/106
f 115/1337/107 118/1338/113 119/1339/112
f 116/204/110 120/1340/114 118/210/113
f 117/212/111 91/1341/115 120/213/114
f 132/236/131 126/1342/121 129/1343/120 133/234/129
f 123/216/116 122/1344/123 124/217/117
f 124/1345/117 128/220/119 125/219/118
f 122/224/123 123/1346/116 126/222/121
f 124/1345/117 127/1347/125 128/220/119
f 123/1348/116 125/1349/118 129/1350/120
f 123/1346/116 129/1351/120 126/222/121
f 124/217/117 131/1352/124 127/230/125
f 135/238/127 130/1353/122 126/1342/121 132/236/131
f 141/240/133 143/241/134 134/231/126 127/230/125
f 130/228/122 135/232/127 131/226/124
f 129/1354/120 128/229/119 134/231/126
f 133/1355/129 129/1350/120 134/1356/126
f 127/230/125 131/1352/124 136/239/128
f 132/236/131 138/235/130 139/237/132
f 137/1357/135 138/1358/130 133/1355/129 134/1356/126
f 140/249/136 136/233/128 135/232/127 139/247/132
f 144/1359/721 145/1360/722 138/1358/130 137/1357/135
f 142/1361/137 138/1358/130 145/1360/722
f 137/242/135 143/241/134 144/1362/721
f 148/248/139 146/1363/140 141/1364/133 140/249/136
f 142/1365/137 145/1366/722 147/1367/138
f 139/247/132 147/246/138 140/249/136
f 151/1368/143 147/1367/138 145/1366/722 150/1369/723
f 143/241/134 141/240/133 146/1370/140
f 144/1362/721 143/241/134 146/1370/140
f 121/1371/145 153/1372/144 151/1373/143 150/1374/723
f 148/248/139 149/254/141 146/1363/140
f 147/246/138 151/253/143 148/248/139
f 144/1359/721 146/1375/140 152/1376/142
f 145/1360/722 144/1359/721 150/1377/723
f 150/1377/723 144/1359/721 152/1378/142
f 149/254/141 153/255/144 152/1379/142
f 161/1380/151 156/1381/724 160/265/150 164/1382/156
f 150/1377/723 152/1378/142 121/1383/145
f 154/263/148 157/1384/153 155/1385/146
f 157/1384/153 154/263/148 156/1381/724
f 155/259/146 157/268/153 158/260/147
f 156/1381/724 154/263/148 160/265/150
f 156/1386/724 161/266/151 157/268/153
f 159/272/149 166/274/155 160/280/150
f 169/289/159 168/293/160 166/1387/155 163/1388/152
f 159/1389/149 158/269/147 162/271/154
f 161/266/151 165/276/157 163/267/152
f 166/274/155 168/285/160 167/279/158
f 164/283/156 167/282/158 165/288/157
f 195/1390/188 196/1391/189 190/324/180 188/323/179
f 165/276/157 171/1392/162 169/1393/159
f 167/282/158 170/295/161 175/297/166
f 167/282/158 175/297/166 171/287/162
f 168/293/160 169/289/159 172/292/164
f 171/287/162 175/297/166 173/1394/163
f 172/292/164 173/291/163 174/298/167
f 170/294/161 172/292/164 174/298/167
f 175/1395/166 177/303/169 173/1396/163
f 174/298/167 173/291/163 177/1397/169
f 175/1395/166 176/1398/165 177/303/169
f 176/1399/165 178/299/168 177/1400/169
f 179/307/172 180/306/171 181/1401/174
f 180/1402/171 186/315/173 181/317/174
f 182/309/170 179/319/172 185/314/176
f 186/315/173 190/324/180 183/316/175
f 186/310/173 185/314/176 187/321/178
f 183/313/175 191/1403/181 189/1404/182
f 184/318/177 183/313/175 189/1404/182
f 184/1405/177 192/329/184 187/331/178
f 184/318/177 197/1406/183 192/1407/184
f 187/331/178 193/330/185 194/332/186
f 190/1408/180 196/337/189 191/336/181
f 201/1409/192 198/334/187 193/330/185 200/339/191
f 194/332/186 198/334/187 195/335/188
f 197/328/183 191/336/181 199/338/190
f 195/1390/188 198/1410/187 196/1391/189
f 192/1411/184 203/1412/195 200/1413/191
f 202/1414/194 203/343/195 197/328/183 199/338/190
f 202/342/194 196/1391/189 198/1410/187 201/340/192
f 192/1415/184 197/328/183 203/343/195
f 206/1416/199 200/1413/191 203/1412/195 205/1417/196
f 199/1418/190 196/1391/189 202/342/194
f 226/1419/221 221/1420/725 224/1421/214 229/399/218
f 200/339/191 206/1422/199 201/1409/192
f 203/343/195 202/1414/194 204/344/193
f 201/340/192 206/348/199 204/341/193
f 205/345/196 204/344/193 207/346/197
f 206/1423/199 205/345/196 210/350/200
f 206/1422/199 210/1424/200 207/1425/197
f 210/1424/200 208/1426/201 207/1425/197
f 207/1427/197 208/351/201 209/353/198
f 210/354/200 209/347/198 212/355/202
f 215/1428/207 216/1429/205 218/1430/213
f 215/1431/207 218/1432/213 217/367/208
f 214/360/204 213/362/206 220/371/211
f 216/1429/205 214/1433/204 221/1420/725
f 214/1433/204 224/1421/214 221/1420/725
f 216/372/205 221/1434/725 222/373/212
f 218/374/213 222/373/212 217/384/208
f 221/1434/725 226/392/221 222/373/212
f 219/1435/209 217/384/208 227/385/217
f 240/414/230 233/402/225 237/1436/223 236/412/227
f 225/382/215 219/376/209 227/394/217
f 227/385/217 222/373/212 230/393/222
f 229/399/218 232/398/220 233/402/225
f 229/399/218 233/402/225 226/1419/221
f 231/395/219 227/394/217 235/405/224
f 231/389/219 236/1437/227 237/396/223
f 230/401/222 226/1419/221 233/402/225
f 232/398/220 237/1436/223 233/402/225
f 251/442/247 248/1438/236 243/1439/233 252/1440/241
f 234/403/226 233/402/225 240/414/230
f 235/405/224 234/1441/226 240/410/230
f 238/407/228 235/405/224 241/411/231
f 239/413/229 242/1442/232 241/415/231
f 238/407/228 241/411/231 242/416/232
f 246/1443/238 243/1444/233 244/1445/239
f 244/1446/239 243/417/233 250/419/235
f 245/418/234 248/420/236 247/424/240
f 258/1447/254 249/421/237 250/425/235 255/434/244
f 249/1448/237 252/427/241 246/426/238
f 251/438/247 253/430/243 248/432/236
f 253/430/243 254/436/242 247/431/240
f 249/1449/237 258/448/254 252/1450/241
f 262/1451/252 258/1447/254 255/434/244 263/454/259
f 257/435/245 256/1452/726 254/436/242
f 252/1453/241 261/440/248 251/442/247
f 252/1450/241 268/1454/256 261/1455/248
f 252/1450/241 258/448/254 268/1454/256
f 254/433/242 256/1456/726 255/434/244
f 259/444/250 264/1457/257 256/1452/726
f 257/435/245 259/444/250 256/1452/726
f 255/434/244 256/1456/726 264/452/257 263/454/259
f 271/460/262 262/446/252 263/1458/259 269/1459/258
f 266/445/251 265/443/249 257/435/245
f 261/440/248 266/451/251 260/441/246
f 258/448/254 273/447/253 268/1454/256
f 262/446/252 271/460/262 273/447/253
f 259/444/250 267/449/255 275/471/266 274/1460/264
f 259/444/250 269/1461/258 264/1457/257
f 270/455/260 265/458/249 266/451/251
f 268/1454/256 273/447/253 270/1462/260
f 270/455/260 272/456/261 265/458/249
f 270/455/260 273/1463/253 276/1464/263 272/456/261
f 272/456/261 275/1465/266 267/457/255
f 280/1466/270 277/464/265 274/462/264 279/1467/267
f 271/465/262 277/464/265 276/1468/263
f 269/453/258 274/462/264 277/464/265
f 278/474/269 275/473/266 272/456/261
f 276/1469/263 278/477/269 272/1470/261
f 277/1471/265 280/1472/270 276/1473/263
f 293/1474/284 290/1475/280 286/481/274 291/1476/277
f 276/1473/263 280/1472/270 278/1477/269
f 279/1467/267 281/1478/268 280/1466/270
f 285/486/272 290/1479/280 289/487/276
f 286/481/274 290/1475/280 285/479/272
f 283/1480/273 288/498/279 287/489/275
f 283/488/273 289/487/276 288/1481/279
f 293/1474/284 297/1482/285 300/507/289 299/506/288
f 290/495/280 293/502/284 292/496/278
f 292/492/278 295/1483/283 288/493/279
f 295/1483/283 294/1484/281 288/493/279
f 291/1476/277 297/1482/285 293/1474/284
f 296/500/282 301/1485/291 295/501/283
f 299/1486/288 298/504/286 293/502/284
f 304/1487/294 294/499/281 295/1488/283 301/1489/291
f 294/499/281 306/1490/298 297/503/285
f 294/499/281 304/1487/294 306/1490/298
f 296/500/282 298/504/286 302/1491/292 301/1492/291
f 305/1493/290 302/1491/292 307/1494/301 312/1495/295
f 297/503/285 306/1490/298 300/1496/289
f 303/1497/287 298/504/286 299/1486/288
f 303/1497/287 302/1491/292 298/504/286
f 300/507/289 306/516/298 303/505/287
f 301/1489/291 305/1498/290 304/1487/294
f 302/1491/292 303/1497/287 308/524/297 307/1494/301
f 309/519/296 306/1490/298 304/1487/294 310/517/293
f 306/1499/298 308/1500/297 303/1501/287
f 319/1502/305 317/1503/309 321/545/312 322/547/311
f 309/514/296 311/1504/299 308/515/297
f 310/517/293 312/525/295 311/518/299
f 308/524/297 313/523/300 307/1494/301
f 311/1504/299 314/1505/302 308/515/297
f 314/522/302 282/1506/304 313/523/300
f 315/528/303 282/1507/304 314/529/302
f 317/1508/309 319/533/305 318/535/307
f 325/1509/310 320/1510/306 322/1511/311 329/551/316
f 318/544/307 325/1512/310 324/542/313
f 322/547/311 326/546/314 329/549/316
f 327/1513/727 326/1514/314 321/1515/312
f 323/1516/308 327/1513/727 321/1515/312
f 331/1517/728 327/1513/727 324/1518/313 334/1519/322
f 324/1518/313 327/1513/727 323/1516/308
f 329/551/316 328/1520/729 325/1509/310
f 324/542/313 325/1512/310 328/1521/729 334/557/322
f 330/1522/315 326/1514/314 327/1513/727 336/561/320
f 328/1520/729 329/551/316 333/550/317 332/553/319
f 327/1513/727 331/1517/728 336/561/320
f 336/561/320 331/1517/728 334/1519/322 337/559/321
f 328/1521/729 332/555/319 334/557/322
f 337/1523/321 332/553/319 340/565/326 339/571/331
f 338/558/323 335/563/318 333/550/317
f 345/577/334 341/562/324 342/1524/329 346/1525/328
f 335/552/318 340/565/326 332/553/319
f 337/559/321 343/567/327 338/560/323
f 341/1526/324 340/1527/326 335/1528/318
f 338/558/323 342/1524/329 341/562/324
f 338/560/323 343/567/327 342/569/329
f 337/556/321 339/1529/331 343/1530/327
f 345/577/334 344/1531/325 341/562/324
f 368/1532/357 369/624/359 362/617/351 365/1533/358
f 339/1529/331 347/1534/330 349/583/336
f 344/564/325 347/570/330 340/565/326
f 339/1529/331 349/583/336 343/1530/327
f 345/577/334 348/576/335 344/1531/325
f 343/567/327 349/578/336 346/568/328
f 348/1535/335 350/572/332 344/564/325
f 347/1534/330 350/1536/332 349/583/336
f 346/568/328 352/579/337 351/573/333
f 348/1535/335 316/1537/339 350/572/332
f 350/1538/332 316/586/339 349/588/336
f 352/580/337 316/1539/339 348/581/335
f 356/600/346 357/1540/344 359/1541/354
f 356/600/346 359/1541/354 358/601/347
f 355/594/343 354/596/345 361/607/349
f 357/1542/344 362/617/351 359/618/354
f 360/1543/348 363/1544/352 361/1545/349
f 364/609/350 365/1546/358 362/610/351
f 360/1543/348 367/1547/353 363/1544/352
f 363/615/352 366/621/356 364/614/350
f 363/615/352 370/620/355 366/621/356
f 364/614/350 366/621/356 365/623/358
f 367/619/353 371/1548/360 370/620/355
f 372/1549/361 370/1550/355 371/1551/360 373/1552/362
f 358/603/347 362/617/351 369/624/359
f 367/616/353 358/603/347 369/624/359
f 366/621/356 370/620/355 368/622/357
f 379/640/368 378/1553/730 373/1554/362 376/638/365
f 369/633/359 368/1555/357 375/634/363
f 373/1552/362 369/1556/359 376/1557/365
f 372/1549/361 373/1552/362 378/1558/730
f 376/635/365 375/634/363 377/642/367
f 372/626/361 378/1559/730 374/631/364
f 375/634/363 380/637/366 377/642/367
f 381/1560/342 374/631/364 378/1559/730 384/1561/340
f 378/1562/730 383/1563/369 384/1564/340
f 400/677/384 391/676/375 395/1565/378 399/1566/383
f 374/631/364 381/1560/342 380/1567/366
f 378/1553/730 379/640/368 383/644/369
f 383/644/369 379/640/368 382/1568/341
f 380/637/366 381/1569/342 382/643/341
f 388/650/371 391/1570/375 389/651/373
f 390/655/374 386/654/372 393/661/377
f 387/656/370 395/663/378 391/657/375
f 392/1571/376 397/671/381 393/673/377
f 392/1571/376 396/1572/380 397/671/381
f 394/666/379 393/665/377 398/678/382
f 403/1573/388 404/1574/385 397/1575/381 396/1576/380
f 389/668/373 400/677/384 396/669/380
f 398/678/382 404/680/385 401/681/386
f 394/666/379 401/681/386 399/675/383
f 399/675/383 401/681/386 402/689/387
f 396/669/380 400/677/384 403/686/388
f 425/1577/409 429/729/414 424/1578/402 423/1579/407
f 401/681/386 405/687/389 406/688/390
f 403/686/388 402/685/387 407/1580/391
f 405/687/389 413/1581/393 411/703/396
f 403/686/388 407/1580/391 409/701/395
f 405/687/389 411/703/396 408/698/394
f 410/693/392 403/686/388 409/701/395
f 409/700/395 408/699/394 412/1582/397
f 409/700/395 412/1582/397 414/1583/398
f 413/702/393 409/701/395 414/705/398
f 411/703/396 415/1584/400 412/704/397
f 412/1582/397 415/1585/400 414/1583/398
f 411/1586/396 413/1587/393 385/1588/399
f 411/703/396 385/1589/399 415/1584/400
f 417/1590/404 418/1591/401 419/1592/403
f 417/713/404 421/1593/408 418/1594/401
f 421/1593/408 417/713/404 420/1595/411
f 418/710/401 421/1596/408 423/1597/407
f 420/1595/411 417/713/404 422/715/406
f 418/710/401 423/1597/407 424/711/402
f 417/719/404 419/1598/403 424/720/402
f 420/725/411 428/1599/410 426/726/412
f 425/718/409 421/717/408 426/726/412
f 427/721/405 430/1600/415 422/1601/406
f 435/734/419 432/727/413 430/1602/415 431/732/417
f 427/728/405 424/1578/402 429/729/414
f 422/722/406 430/1602/415 432/727/413
f 430/1602/415 434/1603/731 431/732/417
f 433/736/420 426/726/412 428/1599/410 432/1604/413
f 438/739/421 436/731/416 429/729/414 425/1577/409
f 425/735/409 426/726/412 433/736/420
f 430/1600/415 436/1605/416 434/1606/731
f 432/727/413 435/734/419 437/733/418
f 432/1604/413 437/742/418 433/736/420
f 449/1607/430 447/755/431 439/740/423 444/1608/426
f 434/1603/731 440/1609/424 431/732/417
f 433/736/420 437/742/418 438/737/421
f 434/1606/731 436/1605/416 440/746/424
f 437/733/418 441/738/422 443/1610/429
f 437/742/418 443/749/429 442/743/425
f 439/740/423 438/739/421 444/1608/426
f 442/743/425 443/749/429 444/744/426
f 440/746/424 439/1611/423 447/751/431
f 431/732/417 445/1612/428 446/745/427
f 441/738/422 446/745/427 443/1610/429
f 443/749/429 446/1613/427 449/750/430
f 460/1614/445 463/1615/447 455/766/440 461/1616/441
f 440/746/424 448/752/432 445/747/428
f 447/755/431 449/1607/430 450/756/433
f 448/758/432 447/755/431 452/757/434
f 445/747/428 448/752/432 451/1617/435
f 445/1618/428 451/1619/435 446/745/427
f 446/745/427 451/1619/435 416/760/436
f 452/1620/434 450/1621/433 416/1622/436
f 451/1617/435 452/1623/434 416/1624/436
f 455/766/440 463/1615/447 457/767/439
f 466/779/446 467/1625/732 470/791/453 468/790/449
f 458/769/442 459/772/443 456/770/437
f 461/1626/441 462/1627/444 464/1628/733
f 463/785/447 458/784/442 457/1629/439
f 461/1630/441 464/1631/733 460/778/445
f 467/1625/732 466/779/446 460/778/445
f 464/1631/733 467/1625/732 460/778/445
f 458/784/442 468/1632/449 465/1633/448
f 466/783/446 468/1632/449 458/784/442
f 462/1627/444 467/1634/732 464/1628/733
f 465/781/448 469/787/450 462/775/444
f 467/1634/732 462/1627/444 471/1635/451 470/1636/453
f 490/819/471 485/1637/734 484/1638/465 494/820/470
f 468/786/449 472/792/452 469/787/450
f 473/795/456 472/789/452 470/791/453
f 469/787/450 475/793/454 471/788/451
f 471/1635/451 473/1639/456 470/1636/453
f 471/1635/451 475/1640/454 473/1639/456
f 472/1641/452 474/797/455 475/793/454
f 475/1640/454 477/804/460 473/1639/456
f 477/1642/460 476/796/457 473/795/456
f 475/793/454 478/798/458 477/801/460
f 474/797/455 476/1643/457 478/798/458
f 476/1643/457 479/1644/461 478/798/458
f 477/804/460 479/803/461 476/1645/457
f 478/798/458 479/1644/461 453/1646/459
f 481/805/462 483/807/464 486/814/467
f 482/810/463 484/809/465 485/1647/734
f 482/811/463 485/1648/734 487/812/466
f 489/1649/735 487/1650/466 485/1637/734 490/819/471
f 486/1651/467 483/1652/464 487/1653/466
f 484/1654/465 486/1655/467 488/1656/736
f 484/809/465 488/1657/736 494/818/470
f 492/1658/475 486/1651/467 487/1653/466 489/1659/735
f 486/1655/467 491/1660/468 488/1656/736
f 497/821/472 495/1661/473 489/1649/735 490/819/471
f 486/1655/467 492/824/475 491/1660/468
f 488/1657/736 491/816/468 494/818/470
f 491/1660/468 492/824/475 493/830/469
f 503/840/485 498/829/478 501/1662/477 504/838/483
f 492/1658/475 489/1659/735 495/826/473
f 495/822/473 501/1662/477 496/823/474
f 492/824/475 496/823/474 493/830/469
f 495/1661/473 497/821/472 500/833/476
f 496/823/474 501/1662/477 498/829/478
f 493/817/469 498/1663/478 499/831/479
f 500/833/476 499/832/479 502/834/480
f 501/1664/477 500/833/476 505/835/481
f 501/828/477 506/837/482 504/845/483
f 516/859/494 512/1665/491 510/1666/496 513/857/492
f 498/829/478 503/840/485 499/1667/479
f 499/831/479 503/841/485 502/843/480
f 502/834/480 507/844/486 505/835/481
f 509/846/484 506/837/482 507/1668/486
f 509/839/484 480/1669/488 508/1670/487
f 511/1671/490 510/1672/496 512/1673/491
f 527/1674/505 524/883/502 525/884/503 530/902/514
f 514/854/489 515/1675/495 511/855/490
f 513/1676/492 519/877/498 518/876/497
f 520/873/499 522/1677/501 517/874/493
f 521/875/500 520/1678/499 518/876/497
f 519/870/498 524/883/502 521/1679/500
f 515/869/495 525/884/503 524/883/502
f 520/873/499 528/894/506 522/1677/501
f 526/885/504 523/895/510 520/873/499
f 527/1680/505 526/1681/504 521/875/500
f 522/878/501 529/899/508 525/884/503
f 522/881/501 528/890/506 529/892/508
f 523/895/510 528/894/506 520/873/499
f 542/1682/521 540/921/518 544/920/523 546/1683/524
f 525/884/503 529/899/508 530/902/514
f 527/888/505 533/905/516 526/1684/504
f 527/1674/505 530/902/514 533/907/516
f 532/896/511 535/893/509 523/895/510
f 533/905/516 532/904/511 526/1684/504
f 529/899/508 534/898/512 530/902/514
f 535/893/509 536/910/519 531/900/507
f 530/902/514 537/901/513 533/907/516
f 531/891/507 536/915/519 534/898/512
f 539/908/517 540/909/518 535/893/509
f 538/903/515 539/1685/517 532/904/511
f 537/1686/513 541/1687/520 538/903/515
f 534/898/512 543/916/522 541/1688/520
f 536/915/519 542/922/521 543/916/522
f 541/1687/520 539/1685/517 538/903/515
f 567/1689/550 566/956/545 572/978/559 571/1690/548
f 545/1691/525 544/1692/523 539/1685/517
f 543/917/522 545/1693/525 539/918/517
f 546/1694/524 544/1695/523 545/1696/525
f 547/1697/532 550/1698/529 548/1699/526
f 549/926/527 556/1700/538 554/927/528
f 552/1701/535 550/1702/529 547/931/532
f 554/951/528 553/1703/531 548/1704/526
f 549/926/527 555/1705/533 556/1700/538
f 553/930/531 552/1706/535 547/931/532
f 555/934/533 558/941/536 556/944/538
f 559/943/537 560/1707/541 556/944/538
f 557/1708/534 562/1709/539 558/942/536
f 552/938/535 563/946/540 562/945/539
f 560/948/541 563/946/540 553/947/531
f 559/943/537 564/955/544 560/1707/541
f 562/958/539 561/957/542 558/1710/536
f 560/948/541 564/960/544 563/946/540
f 567/968/550 565/954/543 561/953/542
f 566/956/545 567/1689/550 561/957/542
f 563/946/540 568/961/546 566/959/545
f 569/979/556 570/964/547 565/963/543
f 574/967/549 569/974/556 565/954/543
f 567/968/550 574/967/549 565/954/543
f 572/1711/559 566/959/545 568/961/546 573/969/551
f 571/1690/548 572/978/559 579/977/558 578/988/557
f 569/979/556 575/981/552 570/964/547
f 570/962/547 575/970/552 573/969/551
f 571/966/548 577/972/554 574/967/549
f 573/969/551 576/971/553 572/1711/559
f 574/967/549 577/972/554 569/974/556
f 595/1712/572 585/1713/564 590/1714/737 596/1715/579
f 575/970/552 582/1716/562 576/971/553
f 575/981/552 580/980/555 582/986/562
f 578/975/557 581/990/560 577/972/554
f 576/1717/553 582/1718/562 579/1719/558
f 580/980/555 581/1720/560 583/985/561
f 581/1721/560 582/1718/562 583/1722/561
f 587/1723/565 585/994/564 592/996/567
f 590/1714/737 585/1713/564 586/1724/563
f 592/1011/567 591/998/569 587/1000/565
f 588/995/566 593/1002/571 592/996/567
f 589/997/568 593/1002/571 588/995/566
f 591/998/569 590/1725/737 586/999/563
f 589/1005/568 595/1004/572 594/1010/570
f 592/1011/567 593/1726/571 598/1021/573 599/1012/576
f 594/1015/570 597/1008/574 593/1727/571
f 591/1728/569 596/1018/579 590/1729/737
f 591/1728/569 599/1016/576 596/1018/579
f 601/1009/575 595/1004/572 605/1730/738 604/1027/585
f 601/1014/575 600/1013/577 597/1008/574
f 603/1023/583 607/1731/581 598/1006/573
f 600/1013/577 603/1023/583 598/1006/573
f 604/1732/585 600/1013/577 601/1014/575
f 605/1733/738 595/1734/572 596/1018/579 610/1019/580
f 608/1026/582 610/1025/580 612/1039/593 609/1042/584
f 599/1016/576 606/1033/588 602/1017/578
f 599/1012/576 607/1020/581 606/1735/588
f 604/1732/585 608/1022/582 600/1013/577
f 610/1025/580 604/1027/585 605/1730/738
f 607/1736/581 611/1737/586 606/1033/588
f 603/1023/583 617/1738/590 607/1731/581
f 607/1020/581 617/1035/590 611/1028/586
f 628/1068/607 623/1070/603 620/1739/598 629/1740/605
f 613/1741/587 612/1742/593 610/1743/580
f 616/1038/592 618/1041/594 612/1039/593
f 618/1041/594 615/1049/591 609/1042/584
f 616/1046/592 619/1045/595 618/1744/594
f 619/1745/595 584/1746/596 618/1747/594
f 622/1748/599 620/1749/598 625/1059/602
f 620/1749/598 623/1060/603 625/1059/602
f 622/1057/599 625/1750/602 624/1055/600
f 624/1055/600 626/1751/604 621/1056/597
f 625/1059/602 627/1058/601 630/1752/612
f 647/1753/623 632/1079/610 634/1091/609 645/1090/620
f 624/1754/600 632/1079/610 626/1755/604
f 625/1750/602 630/1756/612 624/1055/600
f 626/1755/604 632/1079/610 629/1081/605
f 624/1055/600 633/1071/608 632/1073/610
f 630/1756/612 633/1071/608 624/1055/600
f 631/1065/606 630/1076/612 627/1066/601
f 629/1757/605 640/1087/618 628/1068/607
f 633/1071/608 636/1083/616 634/1072/609
f 635/1084/611 636/1083/616 633/1071/608
f 629/1081/605 643/1080/614 640/1758/618
f 639/1085/617 641/1094/622 637/1086/615
f 640/1087/618 642/1759/619 638/1078/613
f 632/1079/610 647/1753/623 643/1080/614
f 660/1128/637 659/1760/633 663/1143/641 665/1140/642
f 641/1094/622 636/1093/616 637/1086/615
f 644/1098/624 641/1094/622 639/1085/617
f 642/1088/619 644/1098/624 639/1085/617
f 643/1761/614 642/1759/619 640/1087/618
f 647/1104/623 644/1103/624 642/1762/619
f 636/1083/616 649/1100/625 645/1763/620
f 648/1101/626 650/1764/628 646/1102/621
f 650/1765/628 651/1766/627 646/1092/621
f 656/1767/636 659/1118/633 654/1120/632
f 655/1129/631 658/1768/634 653/1769/629
f 655/1770/631 660/1134/637 658/1136/634
f 657/1130/630 659/1760/633 660/1128/637
f 658/1136/634 662/1135/639 664/1145/635
f 661/1131/638 663/1139/641 659/1132/633
f 669/1771/646 666/1138/640 673/1149/647 672/1166/656
f 667/1150/648 666/1138/640 661/1131/638
f 664/1137/635 667/1150/648 661/1131/638
f 660/1134/637 668/1146/643 662/1135/639
f 664/1125/635 670/1154/644 667/1772/648
f 662/1135/639 671/1147/645 670/1144/644
f 675/1773/650 670/1144/644 671/1147/645 677/1155/651
f 672/1166/656 674/1774/649 669/1771/646
f 670/1154/644 673/1153/647 667/1772/648
f 665/1775/642 674/1776/649 668/1146/643
f 673/1153/647 675/1152/650 676/1163/653 672/1162/656
f 674/1151/649 672/1777/656 678/1778/658 679/1158/654
f 675/1773/650 677/1155/651 676/1157/653
f 682/1164/657 681/1779/655 652/1780/662 684/1781/661
f 674/1151/649 679/1158/654 668/1160/643
f 668/1160/643 680/1159/652 677/1782/651
f 680/1783/652 681/1161/655 676/1163/653
f 681/1779/655 682/1164/657 672/1166/656
f 678/1778/658 682/1171/657 679/1158/654
f 680/1784/652 685/1785/660 683/1786/659
f 679/1158/654 684/1172/661 685/1170/660
f 689/1787/665 688/1788/664 694/1194/669 696/1789/673
f 683/1167/659 652/1790/662 681/1791/655
f 685/1792/660 652/1790/662 683/1167/659
f 687/1793/663 690/1794/667 688/1795/664
f 693/1186/671 691/1796/666 687/1174/663
f 692/1187/668 693/1186/671 687/1174/663
f 689/1182/665 695/1797/670 692/1180/668
f 706/1798/681 707/1210/684 709/1213/686 710/1799/739
f 689/1800/665 696/1189/673 695/1801/670
f 694/1194/669 699/1193/676 696/1789/673
f 690/1178/667 697/1188/672 694/1183/669
f 695/1185/670 703/1206/674 693/1186/671
f 691/1177/666 698/1198/678 697/1188/672
f 693/1186/671 698/1196/678 691/1796/666
f 696/1189/673 699/1199/676 703/1190/674
f 701/1203/682 700/1192/675 694/1194/669
f 697/1802/672 701/1203/682 694/1194/669
f 693/1186/671 703/1206/674 702/1195/677
f 704/1197/679 701/1803/682 697/1188/672
f 704/1197/679 706/1798/681 701/1803/682
f 707/1210/684 706/1798/681 704/1197/679
f 702/1204/677 707/1210/684 704/1197/679
f 706/1205/681 711/1211/685 705/1200/680
f 706/1205/681 710/1804/739 711/1211/685
f 715/1805/690 714/1806/689 719/1228/696 722/1230/698
f 709/1213/686 686/1215/687 710/1799/739
f 710/1804/739 686/1807/687 711/1211/685
f 713/1808/688 717/1809/694 714/1810/689
f 713/1811/688 718/1222/692 717/1224/694
f 716/1227/691 718/1226/692 713/1216/688
f 715/1221/690 722/1812/698 716/1219/691
f 719/1228/696 720/1813/693 725/1237/703 724/1229/697
f 717/1814/694 719/1228/696 714/1806/689
f 717/1224/694 720/1223/693 719/1815/696
f 716/1227/691 722/1816/698 721/1225/695
f 722/1816/698 723/1231/699 721/1225/695
f 722/1817/698 724/1233/697 723/1235/699
f 728/1818/704 726/1819/705 721/1225/695 729/1232/700
f 718/1222/692 726/1240/705 720/1223/693
f 721/1225/695 726/1819/705 718/1226/692
f 726/1240/705 725/1239/703 720/1223/693
f 732/1820/706 729/1232/700 723/1231/699 731/1821/701
f 724/1233/697 730/1245/708 731/1234/701
f 727/1236/702 730/1822/708 724/1229/697
f 728/1238/704 727/1242/702 725/1239/703
f 729/1232/700 732/1820/706 728/1818/704
f 732/1241/706 734/1251/710 727/1242/702
f 730/1823/708 734/1824/710 733/1246/709
f 734/1824/710 739/1825/713 733/1246/709
f 735/1250/707 737/1253/712 734/1251/710
f 736/1826/711 738/1827/715 735/1828/707
f 733/1246/709 739/1825/713 736/1252/711
f 738/1829/715 737/1253/712 735/1250/707
f 736/1252/711 739/1825/713 738/1830/715
f 739/1825/713 712/1831/714 738/1830/715
