# Blender 5.1.0
# www.blender.org
mtllib CommissionsText.mtl
o Text.008
v 8.830538 0.366636 0.060000
v 8.832283 0.371778 0.060000
v 8.837588 0.380966 0.060000
v 8.845015 0.388393 0.060000
v 8.854203 0.393699 0.060000
v 8.859345 0.395444 0.060000
v 8.870502 0.396894 0.060000
v 8.876013 0.396524 0.060000
v 8.886302 0.393699 0.060000
v 8.895298 0.388393 0.060000
v 8.902617 0.380966 0.060000
v 8.907873 0.371778 0.060000
v 8.910686 0.361188 0.060000
v 8.911055 0.355479 0.060000
v 8.909609 0.343595 0.060000
v 8.905526 0.333174 0.060000
v 8.899191 0.324525 0.060000
v 8.890985 0.317962 0.060000
v 8.881295 0.313796 0.060000
v 8.870502 0.312338 0.060000
v 8.859344 0.313796 0.060000
v 8.849410 0.317963 0.060000
v 8.841058 0.324525 0.060000
v 8.834647 0.333174 0.060000
v 8.830537 0.343595 0.060000
v 8.829087 0.355479 0.060000
v 8.830538 0.045669 0.060000
v 8.832283 0.050812 0.060000
v 8.837588 0.060000 0.060000
v 8.845015 0.067427 0.060000
v 8.854203 0.072732 0.060000
v 8.859345 0.074478 0.060000
v 8.870502 0.075928 0.060000
v 8.876013 0.075558 0.060000
v 8.886302 0.072732 0.060000
v 8.895298 0.067427 0.060000
v 8.902617 0.060000 0.060000
v 8.907873 0.050812 0.060000
v 8.910686 0.040221 0.060000
v 8.911055 0.034513 0.060000
v 8.909609 0.022629 0.060000
v 8.905526 0.012207 0.060000
v 8.899191 0.003559 0.060000
v 8.890985 -0.003004 0.060000
v 8.881295 -0.007170 0.060000
v 8.870502 -0.008628 0.060000
v 8.859344 -0.007170 0.060000
v 8.849410 -0.003004 0.060000
v 8.841058 0.003559 0.060000
v 8.834647 0.012207 0.060000
v 8.830537 0.022629 0.060000
v 8.829087 0.034513 0.060000
v 8.477490 0.353214 0.060000
v 8.502209 0.371361 0.060000
v 8.530426 0.383708 0.060000
v 8.545952 0.387085 0.060000
v 8.578252 0.387538 0.060000
v 8.584049 0.386540 0.060000
v 8.576283 0.339085 0.060000
v 8.516459 0.331863 0.060000
v 8.489893 0.321829 0.060000
v 8.465267 0.306618 0.060000
v 8.442368 0.285559 0.060000
v 8.420977 0.257981 0.060000
v 8.423251 0.051487 0.060000
v 8.424980 0.043666 0.060000
v 8.428742 0.034513 0.060000
v 8.430910 0.031503 0.060000
v 8.433572 0.028916 0.060000
v 8.440630 0.024830 0.060000
v 8.450420 0.021894 0.060000
v 8.501219 0.016393 0.060000
v 8.501219 0.000000 0.060000
v 8.313126 0.000000 0.060000
v 8.313126 0.016393 0.060000
v 8.347746 0.021678 0.060000
v 8.355883 0.024319 0.060000
v 8.362438 0.027918 0.060000
v 8.367483 0.032787 0.060000
v 8.371742 0.041981 0.060000
v 8.374962 0.059665 0.060000
v 8.374398 0.329783 0.060000
v 8.372471 0.338573 0.060000
v 8.369465 0.345134 0.060000
v 8.367483 0.347714 0.060000
v 8.365642 0.349335 0.060000
v 8.361120 0.352014 0.060000
v 8.355160 0.354082 0.060000
v 8.317440 0.358930 0.060000
v 8.317440 0.375324 0.060000
v 8.413212 0.395168 0.060000
v 8.425291 0.388266 0.060000
v 8.420977 0.283865 0.060000
v 7.851572 0.212864 0.060000
v 7.865057 0.268038 0.060000
v 7.890190 0.315519 0.060000
v 7.925054 0.353628 0.060000
v 7.967731 0.380689 0.060000
v 8.016304 0.395023 0.060000
v 8.065490 0.395329 0.060000
v 8.109920 0.383116 0.060000
v 8.149712 0.359470 0.060000
v 8.182734 0.325208 0.060000
v 8.206851 0.281142 0.060000
v 8.219933 0.228089 0.060000
v 8.219925 0.168816 0.060000
v 8.206663 0.114768 0.060000
v 8.181860 0.068808 0.060000
v 8.147314 0.032303 0.060000
v 8.126950 0.018023 0.060000
v 8.081161 -0.001738 0.060000
v 8.030123 -0.008628 0.060000
v 7.984410 -0.003008 0.060000
v 7.941957 0.013613 0.060000
v 7.905015 0.040876 0.060000
v 7.889316 0.058385 0.060000
v 7.864868 0.100936 0.060000
v 7.851564 0.153229 0.060000
v 8.171453 0.216074 0.060000
v 8.163294 0.263899 0.060000
v 8.147297 0.304499 0.060000
v 8.123799 0.336697 0.060000
v 8.109343 0.349279 0.060000
v 8.093136 0.359321 0.060000
v 8.075221 0.366675 0.060000
v 8.055641 0.371196 0.060000
v 8.014553 0.371412 0.060000
v 7.978691 0.360966 0.060000
v 7.962887 0.351932 0.060000
v 7.948617 0.340417 0.060000
v 7.925027 0.310126 0.060000
v 7.908615 0.270451 0.060000
v 7.900075 0.221753 0.060000
v 7.899994 0.168144 0.060000
v 7.908048 0.121090 0.060000
v 7.923903 0.081443 0.060000
v 7.947297 0.050208 0.060000
v 7.961737 0.038060 0.060000
v 7.977963 0.028392 0.060000
v 7.995942 0.021331 0.060000
v 8.015640 0.017002 0.060000
v 8.056728 0.016752 0.060000
v 8.092407 0.026505 0.060000
v 8.108192 0.035024 0.060000
v 8.122478 0.045964 0.060000
v 8.146173 0.075082 0.060000
v 8.162727 0.113810 0.060000
v 8.171371 0.162102 0.060000
v 7.808380 0.388266 0.060000
v 7.808380 0.354616 0.060000
v 7.674644 0.354616 0.060000
v 7.676920 0.051487 0.060000
v 7.678648 0.043666 0.060000
v 7.682410 0.034513 0.060000
v 7.684566 0.031503 0.060000
v 7.687159 0.028916 0.060000
v 7.693658 0.024830 0.060000
v 7.701931 0.021894 0.060000
v 7.737630 0.016393 0.060000
v 7.737630 0.000000 0.060000
v 7.566792 0.000000 0.060000
v 7.566792 0.016393 0.060000
v 7.601413 0.021678 0.060000
v 7.609550 0.024319 0.060000
v 7.616105 0.027918 0.060000
v 7.621150 0.032787 0.060000
v 7.625409 0.041981 0.060000
v 7.628629 0.059665 0.060000
v 7.629778 0.354616 0.060000
v 7.549536 0.354616 0.060000
v 7.549536 0.371872 0.060000
v 7.629778 0.379638 0.060000
v 7.636297 0.467637 0.060000
v 7.654321 0.528553 0.060000
v 7.681547 0.572261 0.060000
v 7.697893 0.588320 0.060000
v 7.715676 0.600869 0.060000
v 7.734610 0.610170 0.060000
v 7.774779 0.620085 0.060000
v 7.815475 0.620362 0.060000
v 7.854972 0.613460 0.060000
v 7.835990 0.514236 0.060000
v 7.820460 0.514236 0.060000
v 7.800615 0.590164 0.060000
v 7.790260 0.593647 0.060000
v 7.769554 0.596204 0.060000
v 7.757718 0.595197 0.060000
v 7.746047 0.592109 0.060000
v 7.734704 0.586834 0.060000
v 7.723857 0.579267 0.060000
v 7.713668 0.569303 0.060000
v 7.695928 0.541766 0.060000
v 7.682801 0.503384 0.060000
v 7.674644 0.382226 0.060000
v 6.969413 0.051487 0.060000
v 6.971142 0.043666 0.060000
v 6.974903 0.034513 0.060000
v 6.977060 0.031503 0.060000
v 6.979652 0.028916 0.060000
v 6.986152 0.024830 0.060000
v 6.994424 0.021894 0.060000
v 7.030123 0.016393 0.060000
v 7.030123 0.000000 0.060000
v 6.859286 0.000000 0.060000
v 6.859286 0.016393 0.060000
v 6.893907 0.021678 0.060000
v 6.902043 0.024319 0.060000
v 6.908598 0.027918 0.060000
v 6.913643 0.032787 0.060000
v 6.917902 0.041981 0.060000
v 6.921123 0.059665 0.060000
v 6.920559 0.326332 0.060000
v 6.918632 0.335122 0.060000
v 6.915626 0.341683 0.060000
v 6.913643 0.344262 0.060000
v 6.911802 0.345884 0.060000
v 6.907280 0.348563 0.060000
v 6.901320 0.350631 0.060000
v 6.863600 0.355479 0.060000
v 6.863600 0.371872 0.060000
v 6.959373 0.391717 0.060000
v 6.971452 0.384815 0.060000
v 6.968001 0.333046 0.060000
v 7.009704 0.365705 0.060000
v 7.057158 0.388394 0.060000
v 7.115541 0.396894 0.060000
v 7.157376 0.392216 0.060000
v 7.190798 0.378455 0.060000
v 7.204467 0.368296 0.060000
v 7.216167 0.356018 0.060000
v 7.225944 0.341673 0.060000
v 7.239908 0.306986 0.060000
v 7.251556 0.043666 0.060000
v 7.255317 0.034513 0.060000
v 7.257474 0.031503 0.060000
v 7.260067 0.028916 0.060000
v 7.266566 0.024830 0.060000
v 7.274838 0.021894 0.060000
v 7.310537 0.016393 0.060000
v 7.310537 0.000000 0.060000
v 7.139700 0.000000 0.060000
v 7.139700 0.016393 0.060000
v 7.174321 0.021678 0.060000
v 7.182457 0.024319 0.060000
v 7.189013 0.027918 0.060000
v 7.194057 0.032787 0.060000
v 7.198317 0.041981 0.060000
v 7.200238 0.049948 0.060000
v 7.201766 0.254469 0.060000
v 7.194692 0.293774 0.060000
v 7.181253 0.322402 0.060000
v 7.172379 0.333154 0.060000
v 7.162194 0.341766 0.060000
v 7.150789 0.348417 0.060000
v 7.124693 0.356537 0.060000
v 7.094834 0.358930 0.060000
v 7.043512 0.352315 0.060000
v 7.001203 0.334771 0.060000
v 6.967138 0.309750 0.060000
v 6.575125 -0.002173 0.060000
v 6.533079 0.016266 0.060000
v 6.515285 0.029544 0.060000
v 6.486397 0.063352 0.060000
v 6.466761 0.105668 0.060000
v 6.456758 0.155102 0.060000
v 6.461198 0.240209 0.060000
v 6.477859 0.291822 0.060000
v 6.504778 0.335095 0.060000
v 6.541260 0.368229 0.060000
v 6.586609 0.389428 0.060000
v 6.640132 0.396894 0.060000
v 6.683205 0.391917 0.060000
v 6.718392 0.377497 0.060000
v 6.733037 0.366985 0.060000
v 6.756441 0.339838 0.060000
v 6.772021 0.305166 0.060000
v 6.779799 0.263735 0.060000
v 6.780770 0.209664 0.060000
v 6.501219 0.209664 0.060000
v 6.510266 0.130891 0.060000
v 6.526322 0.092973 0.060000
v 6.550372 0.062927 0.060000
v 6.565387 0.051194 0.060000
v 6.582391 0.041833 0.060000
v 6.622355 0.030769 0.060000
v 6.672371 0.031241 0.060000
v 6.696725 0.036526 0.060000
v 6.737981 0.054645 0.060000
v 6.770417 0.078516 0.060000
v 6.782496 0.065574 0.060000
v 6.740442 0.027930 0.060000
v 6.688801 0.001406 0.060000
v 6.658726 -0.006008 0.060000
v 6.625464 -0.008628 0.060000
v 6.734179 0.234685 0.060000
v 6.724528 0.303295 0.060000
v 6.711314 0.331644 0.060000
v 6.702275 0.343627 0.060000
v 6.691485 0.353881 0.060000
v 6.678851 0.362206 0.060000
v 6.664275 0.368401 0.060000
v 6.647662 0.372265 0.060000
v 6.611722 0.372493 0.060000
v 6.580476 0.363824 0.060000
v 6.566537 0.356374 0.060000
v 6.542310 0.335526 0.060000
v 6.523333 0.307129 0.060000
v 6.510058 0.271638 0.060000
v 6.502944 0.229508 0.060000
v 5.955059 -0.185505 0.060000
v 5.955059 -0.169111 0.060000
v 5.990002 -0.164150 0.060000
v 5.998199 -0.161570 0.060000
v 6.004670 -0.157887 0.060000
v 6.007258 -0.155512 0.060000
v 6.011034 -0.149981 0.060000
v 6.013675 -0.143524 0.060000
v 6.016894 -0.125840 0.060000
v 6.017725 0.308024 0.060000
v 6.014404 0.335122 0.060000
v 6.011398 0.341683 0.060000
v 6.009416 0.344262 0.060000
v 6.007575 0.345884 0.060000
v 6.003053 0.348563 0.060000
v 5.997093 0.350631 0.060000
v 5.959373 0.355479 0.060000
v 5.959373 0.371872 0.060000
v 6.055145 0.391717 0.060000
v 6.067224 0.384815 0.060000
v 6.064284 0.347746 0.060000
v 6.063773 0.327006 0.060000
v 6.097966 0.357780 0.060000
v 6.146348 0.385102 0.060000
v 6.176338 0.393694 0.060000
v 6.210451 0.396894 0.060000
v 6.253628 0.391094 0.060000
v 6.290405 0.374365 0.060000
v 6.306192 0.362217 0.060000
v 6.332157 0.330982 0.060000
v 6.350106 0.291334 0.060000
v 6.359390 0.244281 0.060000
v 6.359031 0.187545 0.060000
v 6.346897 0.130056 0.060000
v 6.323294 0.079720 0.060000
v 6.288918 0.038719 0.060000
v 6.244465 0.009235 0.060000
v 6.218676 -0.000507 0.060000
v 6.160408 -0.008628 0.060000
v 6.123243 -0.005528 0.060000
v 6.062910 0.012942 0.060000
v 6.065186 -0.134018 0.060000
v 6.066914 -0.141838 0.060000
v 6.070675 -0.150992 0.060000
v 6.072847 -0.154002 0.060000
v 6.075544 -0.156589 0.060000
v 6.082882 -0.160675 0.060000
v 6.093431 -0.163611 0.060000
v 6.151780 -0.169111 0.060000
v 6.151780 -0.185505 0.060000
v 6.091127 0.035503 0.060000
v 6.125288 0.020292 0.060000
v 6.145197 0.016126 0.060000
v 6.188485 0.016110 0.060000
v 6.226857 0.027408 0.060000
v 6.243845 0.037101 0.060000
v 6.272896 0.064172 0.060000
v 6.294686 0.100949 0.060000
v 6.308376 0.146786 0.060000
v 6.313126 0.201035 0.060000
v 6.310030 0.242690 0.060000
v 6.300439 0.280318 0.060000
v 6.283898 0.312338 0.060000
v 6.272879 0.325751 0.060000
v 6.259951 0.337168 0.060000
v 6.245058 0.346392 0.060000
v 6.228143 0.353226 0.060000
v 6.209148 0.357471 0.060000
v 6.163172 0.357129 0.060000
v 6.140244 0.351996 0.060000
v 6.099180 0.333365 0.060000
v 6.062910 0.306299 0.060000
v 6.062910 0.304374 0.060000
v 6.062910 0.057808 0.060000
v 5.503858 0.212864 0.060000
v 5.517344 0.268038 0.060000
v 5.542477 0.315519 0.060000
v 5.577341 0.353628 0.060000
v 5.620018 0.380689 0.060000
v 5.668591 0.395023 0.060000
v 5.717776 0.395329 0.060000
v 5.762206 0.383116 0.060000
v 5.801998 0.359470 0.060000
v 5.835020 0.325208 0.060000
v 5.859138 0.281142 0.060000
v 5.872219 0.228089 0.060000
v 5.872212 0.168816 0.060000
v 5.858949 0.114768 0.060000
v 5.847878 0.090691 0.060000
v 5.817979 0.049288 0.060000
v 5.779237 0.018023 0.060000
v 5.733448 -0.001738 0.060000
v 5.708472 -0.006877 0.060000
v 5.682410 -0.008628 0.060000
v 5.636697 -0.003008 0.060000
v 5.594243 0.013613 0.060000
v 5.557302 0.040876 0.060000
v 5.541603 0.058385 0.060000
v 5.517154 0.100936 0.060000
v 5.503850 0.153229 0.060000
v 5.823740 0.216074 0.060000
v 5.815580 0.263899 0.060000
v 5.799584 0.304499 0.060000
v 5.776086 0.336697 0.060000
v 5.761629 0.349279 0.060000
v 5.745422 0.359321 0.060000
v 5.727508 0.366675 0.060000
v 5.707928 0.371196 0.060000
v 5.666840 0.371412 0.060000
v 5.630978 0.360966 0.060000
v 5.615174 0.351932 0.060000
v 5.600904 0.340417 0.060000
v 5.577313 0.310126 0.060000
v 5.560901 0.270451 0.060000
v 5.552362 0.221753 0.060000
v 5.552280 0.168144 0.060000
v 5.560335 0.121090 0.060000
v 5.576190 0.081443 0.060000
v 5.599583 0.050208 0.060000
v 5.614024 0.038060 0.060000
v 5.630250 0.028392 0.060000
v 5.648229 0.021331 0.060000
v 5.667927 0.017002 0.060000
v 5.709015 0.016752 0.060000
v 5.744694 0.026505 0.060000
v 5.760478 0.035024 0.060000
v 5.774765 0.045964 0.060000
v 5.787457 0.059318 0.060000
v 5.807678 0.093248 0.060000
v 5.815013 0.113810 0.060000
v 5.823658 0.162102 0.060000
v 4.962298 0.307235 0.060000
v 4.965808 0.321198 0.060000
v 4.971493 0.334286 0.060000
v 4.979218 0.346403 0.060000
v 5.000248 0.367343 0.060000
v 5.027822 0.383249 0.060000
v 5.060861 0.393355 0.060000
v 5.098286 0.396894 0.060000
v 5.178239 0.385006 0.060000
v 5.214765 0.368421 0.060000
v 5.199234 0.270060 0.060000
v 5.183704 0.270060 0.060000
v 5.163859 0.358067 0.060000
v 5.138103 0.367622 0.060000
v 5.113688 0.371808 0.060000
v 5.075816 0.372119 0.060000
v 5.051788 0.367410 0.060000
v 5.032613 0.358567 0.060000
v 5.018268 0.346189 0.060000
v 5.012899 0.338862 0.060000
v 5.005753 0.322305 0.060000
v 5.003376 0.303710 0.060000
v 5.006012 0.285343 0.060000
v 5.009281 0.277152 0.060000
v 5.019629 0.262362 0.060000
v 5.034937 0.249178 0.060000
v 5.169615 0.181446 0.060000
v 5.192742 0.162421 0.060000
v 5.209602 0.139560 0.060000
v 5.215225 0.126362 0.060000
v 5.218732 0.111810 0.060000
v 5.219942 0.095772 0.060000
v 5.218504 0.079762 0.060000
v 5.214337 0.064971 0.060000
v 5.207660 0.051432 0.060000
v 5.198691 0.039178 0.060000
v 5.174752 0.018658 0.060000
v 5.144270 0.003675 0.060000
v 5.108994 -0.005508 0.060000
v 5.070675 -0.008628 0.060000
v 4.987845 0.003515 0.060000
v 4.949019 0.020708 0.060000
v 4.965412 0.123382 0.060000
v 4.980943 0.123382 0.060000
v 5.004239 0.028473 0.060000
v 5.029101 0.020899 0.060000
v 5.080166 0.015531 0.060000
v 5.107697 0.017843 0.060000
v 5.131296 0.024542 0.060000
v 5.150486 0.035267 0.060000
v 5.164786 0.049660 0.060000
v 5.169953 0.058119 0.060000
v 5.173718 0.067359 0.060000
v 5.176021 0.077337 0.060000
v 5.176070 0.098670 0.060000
v 5.173890 0.108311 0.060000
v 5.170290 0.117059 0.060000
v 5.165298 0.125044 0.060000
v 5.151241 0.139236 0.060000
v 5.006042 0.213866 0.060000
v 4.985053 0.231597 0.060000
v 4.970090 0.252588 0.060000
v 4.965177 0.264636 0.060000
v 4.962138 0.277894 0.060000
v 4.522476 0.051487 0.060000
v 4.524205 0.043666 0.060000
v 4.527966 0.034513 0.060000
v 4.530123 0.031503 0.060000
v 4.532715 0.028916 0.060000
v 4.539215 0.024830 0.060000
v 4.547487 0.021894 0.060000
v 4.583186 0.016393 0.060000
v 4.583186 0.000000 0.060000
v 4.412349 0.000000 0.060000
v 4.412349 0.016393 0.060000
v 4.446970 0.021678 0.060000
v 4.455106 0.024319 0.060000
v 4.461661 0.027918 0.060000
v 4.466706 0.032787 0.060000
v 4.470965 0.041981 0.060000
v 4.474185 0.059665 0.060000
v 4.473622 0.326332 0.060000
v 4.471694 0.335122 0.060000
v 4.468688 0.341683 0.060000
v 4.466706 0.344262 0.060000
v 4.464865 0.345884 0.060000
v 4.460343 0.348563 0.060000
v 4.454383 0.350631 0.060000
v 4.416663 0.355479 0.060000
v 4.416663 0.371872 0.060000
v 4.512435 0.391717 0.060000
v 4.524515 0.384815 0.060000
v 4.521064 0.333046 0.060000
v 4.562767 0.365705 0.060000
v 4.610221 0.388394 0.060000
v 4.668604 0.396894 0.060000
v 4.710439 0.392216 0.060000
v 4.743861 0.378455 0.060000
v 4.757529 0.368296 0.060000
v 4.769230 0.356018 0.060000
v 4.779007 0.341673 0.060000
v 4.792971 0.306986 0.060000
v 4.804619 0.043666 0.060000
v 4.808380 0.034513 0.060000
v 4.810537 0.031503 0.060000
v 4.813129 0.028916 0.060000
v 4.819629 0.024830 0.060000
v 4.827901 0.021894 0.060000
v 4.863600 0.016393 0.060000
v 4.863600 0.000000 0.060000
v 4.692763 0.000000 0.060000
v 4.692763 0.016393 0.060000
v 4.727384 0.021678 0.060000
v 4.735520 0.024319 0.060000
v 4.742075 0.027918 0.060000
v 4.747120 0.032787 0.060000
v 4.751379 0.041981 0.060000
v 4.753301 0.049948 0.060000
v 4.754830 0.254469 0.060000
v 4.747755 0.293774 0.060000
v 4.734316 0.322402 0.060000
v 4.725442 0.333154 0.060000
v 4.715257 0.341766 0.060000
v 4.703852 0.348417 0.060000
v 4.677756 0.356537 0.060000
v 4.647897 0.358930 0.060000
v 4.596575 0.352315 0.060000
v 4.554266 0.334771 0.060000
v 4.520201 0.309750 0.060000
v 3.950794 0.212864 0.060000
v 3.964280 0.268038 0.060000
v 3.989413 0.315519 0.060000
v 4.024277 0.353628 0.060000
v 4.066955 0.380689 0.060000
v 4.115528 0.395023 0.060000
v 4.164714 0.395329 0.060000
v 4.209144 0.383116 0.060000
v 4.248936 0.359470 0.060000
v 4.281958 0.325208 0.060000
v 4.306075 0.281142 0.060000
v 4.319156 0.228089 0.060000
v 4.319149 0.168816 0.060000
v 4.305886 0.114768 0.060000
v 4.281083 0.068808 0.060000
v 4.246538 0.032303 0.060000
v 4.204047 0.006619 0.060000
v 4.180385 -0.001738 0.060000
v 4.129347 -0.008628 0.060000
v 4.083633 -0.003008 0.060000
v 4.041180 0.013613 0.060000
v 4.004239 0.040876 0.060000
v 3.988539 0.058385 0.060000
v 3.964091 0.100936 0.060000
v 3.950787 0.153229 0.060000
v 4.270675 0.216074 0.060000
v 4.262516 0.263899 0.060000
v 4.246521 0.304499 0.060000
v 4.223023 0.336697 0.060000
v 4.208566 0.349279 0.060000
v 4.192359 0.359321 0.060000
v 4.174445 0.366675 0.060000
v 4.154864 0.371196 0.060000
v 4.113777 0.371412 0.060000
v 4.077915 0.360966 0.060000
v 4.062111 0.351932 0.060000
v 4.047842 0.340417 0.060000
v 4.024251 0.310126 0.060000
v 4.007838 0.270451 0.060000
v 3.999299 0.221753 0.060000
v 3.999218 0.168144 0.060000
v 4.007272 0.121090 0.060000
v 4.023128 0.081443 0.060000
v 4.046520 0.050208 0.060000
v 4.060961 0.038060 0.060000
v 4.077187 0.028392 0.060000
v 4.095166 0.021331 0.060000
v 4.136250 0.015531 0.060000
v 4.174445 0.020412 0.060000
v 4.191631 0.026505 0.060000
v 4.207416 0.035024 0.060000
v 4.221702 0.045964 0.060000
v 4.245397 0.075082 0.060000
v 4.261950 0.113810 0.060000
v 4.270595 0.162102 0.060000
v 3.727628 0.527297 0.060000
v 3.730309 0.537168 0.060000
v 3.735327 0.545782 0.060000
v 3.742323 0.552777 0.060000
v 3.750936 0.557795 0.060000
v 3.760807 0.560476 0.060000
v 3.771398 0.560476 0.060000
v 3.781269 0.557795 0.060000
v 3.789882 0.552777 0.060000
v 3.796878 0.545782 0.060000
v 3.801896 0.537168 0.060000
v 3.804577 0.527297 0.060000
v 3.804577 0.516707 0.060000
v 3.801896 0.506835 0.060000
v 3.796878 0.498222 0.060000
v 3.789882 0.491227 0.060000
v 3.781269 0.486208 0.060000
v 3.771398 0.483527 0.060000
v 3.760808 0.483527 0.060000
v 3.750936 0.486208 0.060000
v 3.742323 0.491227 0.060000
v 3.735328 0.498222 0.060000
v 3.730309 0.506835 0.060000
v 3.727628 0.516707 0.060000
v 3.802027 0.051487 0.060000
v 3.803756 0.043666 0.060000
v 3.807518 0.034513 0.060000
v 3.809675 0.031503 0.060000
v 3.812267 0.028916 0.060000
v 3.818766 0.024830 0.060000
v 3.827039 0.021894 0.060000
v 3.862738 0.016393 0.060000
v 3.862738 0.000000 0.060000
v 3.691901 0.000000 0.060000
v 3.691901 0.016393 0.060000
v 3.726521 0.021678 0.060000
v 3.734658 0.024319 0.060000
v 3.741213 0.027918 0.060000
v 3.746258 0.032787 0.060000
v 3.750518 0.041981 0.060000
v 3.753738 0.059665 0.060000
v 3.753173 0.326332 0.060000
v 3.751246 0.335122 0.060000
v 3.748240 0.341683 0.060000
v 3.746258 0.344262 0.060000
v 3.744416 0.345884 0.060000
v 3.739894 0.348563 0.060000
v 3.733935 0.350631 0.060000
v 3.696215 0.355479 0.060000
v 3.696215 0.371872 0.060000
v 3.791987 0.391717 0.060000
v 3.804066 0.384815 0.060000
v 2.914056 0.307235 0.060000
v 2.917566 0.321198 0.060000
v 2.923250 0.334286 0.060000
v 2.930975 0.346403 0.060000
v 2.952006 0.367343 0.060000
v 2.979580 0.383249 0.060000
v 3.012619 0.393355 0.060000
v 3.050043 0.396894 0.060000
v 3.129997 0.385006 0.060000
v 3.166523 0.368421 0.060000
v 3.150992 0.270060 0.060000
v 3.135462 0.270060 0.060000
v 3.115617 0.358067 0.060000
v 3.089861 0.367622 0.060000
v 3.065446 0.371808 0.060000
v 3.027574 0.372119 0.060000
v 3.003546 0.367410 0.060000
v 2.984371 0.358567 0.060000
v 2.970026 0.346189 0.060000
v 2.960486 0.330875 0.060000
v 2.955728 0.313225 0.060000
v 2.955796 0.294170 0.060000
v 2.957770 0.285343 0.060000
v 2.961039 0.277152 0.060000
v 2.971386 0.262362 0.060000
v 2.986696 0.249178 0.060000
v 3.121373 0.181446 0.060000
v 3.144500 0.162421 0.060000
v 3.161360 0.139560 0.060000
v 3.166983 0.126362 0.060000
v 3.170490 0.111810 0.060000
v 3.171700 0.095772 0.060000
v 3.170262 0.079762 0.060000
v 3.166095 0.064971 0.060000
v 3.159418 0.051432 0.060000
v 3.150449 0.039178 0.060000
v 3.126510 0.018658 0.060000
v 3.096028 0.003675 0.060000
v 3.060753 -0.005508 0.060000
v 3.022434 -0.008628 0.060000
v 2.939604 0.003515 0.060000
v 2.900777 0.020708 0.060000
v 2.917170 0.123382 0.060000
v 2.932701 0.123382 0.060000
v 2.955997 0.028473 0.060000
v 2.980859 0.020899 0.060000
v 3.031924 0.015531 0.060000
v 3.059455 0.017843 0.060000
v 3.083054 0.024542 0.060000
v 3.102244 0.035267 0.060000
v 3.116544 0.049660 0.060000
v 3.121711 0.058119 0.060000
v 3.125476 0.067359 0.060000
v 3.127779 0.077337 0.060000
v 3.127827 0.098670 0.060000
v 3.125648 0.108311 0.060000
v 3.122048 0.117059 0.060000
v 3.117055 0.125044 0.060000
v 3.102998 0.139236 0.060000
v 2.957801 0.213866 0.060000
v 2.936811 0.231597 0.060000
v 2.921848 0.252588 0.060000
v 2.916934 0.264636 0.060000
v 2.913896 0.277894 0.060000
v 2.673346 0.527297 0.060000
v 2.676028 0.537168 0.060000
v 2.681046 0.545782 0.060000
v 2.688041 0.552777 0.060000
v 2.696654 0.557795 0.060000
v 2.706526 0.560476 0.060000
v 2.717116 0.560476 0.060000
v 2.726987 0.557795 0.060000
v 2.735600 0.552777 0.060000
v 2.742596 0.545782 0.060000
v 2.747614 0.537168 0.060000
v 2.750296 0.527297 0.060000
v 2.750296 0.516707 0.060000
v 2.747614 0.506835 0.060000
v 2.742596 0.498222 0.060000
v 2.735600 0.491227 0.060000
v 2.726987 0.486208 0.060000
v 2.717116 0.483527 0.060000
v 2.706526 0.483527 0.060000
v 2.696655 0.486208 0.060000
v 2.688041 0.491227 0.060000
v 2.681046 0.498222 0.060000
v 2.676028 0.506835 0.060000
v 2.673346 0.516707 0.060000
v 2.747746 0.051487 0.060000
v 2.749475 0.043666 0.060000
v 2.753236 0.034513 0.060000
v 2.755394 0.031503 0.060000
v 2.757985 0.028916 0.060000
v 2.764484 0.024830 0.060000
v 2.772757 0.021894 0.060000
v 2.808456 0.016393 0.060000
v 2.808456 0.000000 0.060000
v 2.637619 0.000000 0.060000
v 2.637619 0.016393 0.060000
v 2.672240 0.021678 0.060000
v 2.680376 0.024319 0.060000
v 2.686931 0.027918 0.060000
v 2.691976 0.032787 0.060000
v 2.696236 0.041981 0.060000
v 2.699456 0.059665 0.060000
v 2.698892 0.326332 0.060000
v 2.696964 0.335122 0.060000
v 2.693958 0.341683 0.060000
v 2.691976 0.344262 0.060000
v 2.690134 0.345884 0.060000
v 2.685613 0.348563 0.060000
v 2.679653 0.350631 0.060000
v 2.641933 0.355479 0.060000
v 2.641933 0.371872 0.060000
v 2.737705 0.391717 0.060000
v 2.749785 0.384815 0.060000
v 1.881903 0.021678 0.060000
v 1.890039 0.024319 0.060000
v 1.896595 0.027918 0.060000
v 1.901640 0.032787 0.060000
v 1.905900 0.041981 0.060000
v 1.909119 0.059665 0.060000
v 1.908555 0.326332 0.060000
v 1.906628 0.335122 0.060000
v 1.903622 0.341683 0.060000
v 1.901640 0.344262 0.060000
v 1.899798 0.345884 0.060000
v 1.895276 0.348563 0.060000
v 1.889317 0.350631 0.060000
v 1.851596 0.355479 0.060000
v 1.851596 0.371872 0.060000
v 1.947369 0.391717 0.060000
v 1.959448 0.384815 0.060000
v 1.955997 0.327869 0.060000
v 1.996006 0.363021 0.060000
v 2.042534 0.387627 0.060000
v 2.069381 0.394477 0.060000
v 2.112850 0.396394 0.060000
v 2.137741 0.392445 0.060000
v 2.159504 0.384686 0.060000
v 2.178163 0.373259 0.060000
v 2.186336 0.366216 0.060000
v 2.200385 0.349559 0.060000
v 2.211389 0.329594 0.060000
v 2.280846 0.377481 0.060000
v 2.334500 0.394545 0.060000
v 2.365833 0.396894 0.060000
v 2.408031 0.392216 0.060000
v 2.441696 0.378455 0.060000
v 2.455449 0.368296 0.060000
v 2.467213 0.356018 0.060000
v 2.477036 0.341673 0.060000
v 2.491049 0.306986 0.060000
v 2.503500 0.040876 0.060000
v 2.506471 0.034513 0.060000
v 2.508629 0.031503 0.060000
v 2.511221 0.028916 0.060000
v 2.517720 0.024830 0.060000
v 2.525993 0.021894 0.060000
v 2.561691 0.016393 0.060000
v 2.561691 0.000000 0.060000
v 2.390854 0.000000 0.060000
v 2.390854 0.016393 0.060000
v 2.425475 0.021678 0.060000
v 2.433612 0.024319 0.060000
v 2.440167 0.027918 0.060000
v 2.445212 0.032787 0.060000
v 2.448547 0.038799 0.060000
v 2.452438 0.056622 0.060000
v 2.452904 0.254469 0.060000
v 2.445724 0.293774 0.060000
v 2.432144 0.322402 0.060000
v 2.423210 0.333154 0.060000
v 2.412981 0.341766 0.060000
v 2.401560 0.348417 0.060000
v 2.375547 0.356537 0.060000
v 2.345988 0.358930 0.060000
v 2.296744 0.352795 0.060000
v 2.254019 0.336305 0.060000
v 2.217429 0.312338 0.060000
v 2.221824 0.296174 0.060000
v 2.228214 0.056083 0.060000
v 2.231713 0.040297 0.060000
v 2.233083 0.037249 0.060000
v 2.236843 0.031503 0.060000
v 2.239435 0.028916 0.060000
v 2.245934 0.024830 0.060000
v 2.254206 0.021894 0.060000
v 2.289905 0.016393 0.060000
v 2.289905 0.000000 0.060000
v 2.119068 0.000000 0.060000
v 2.119068 0.016393 0.060000
v 2.153689 0.021678 0.060000
v 2.161826 0.024319 0.060000
v 2.168381 0.027918 0.060000
v 2.173426 0.032787 0.060000
v 2.177686 0.041981 0.060000
v 2.179607 0.049948 0.060000
v 2.181154 0.254469 0.060000
v 2.174275 0.293774 0.060000
v 2.161320 0.322402 0.060000
v 2.152826 0.333154 0.060000
v 2.143128 0.341766 0.060000
v 2.132330 0.348417 0.060000
v 2.107856 0.356537 0.060000
v 2.080242 0.358930 0.060000
v 2.030550 0.351612 0.060000
v 1.989295 0.332598 0.060000
v 1.955134 0.306299 0.060000
v 1.957409 0.051487 0.060000
v 1.959138 0.043666 0.060000
v 1.962899 0.034513 0.060000
v 1.965057 0.031503 0.060000
v 1.967649 0.028916 0.060000
v 1.974148 0.024830 0.060000
v 1.982420 0.021894 0.060000
v 2.018119 0.016393 0.060000
v 2.018119 0.000000 0.060000
v 1.847282 0.000000 0.060000
v 1.847282 0.016393 0.060000
v 1.091566 0.021678 0.060000
v 1.099703 0.024319 0.060000
v 1.106258 0.027918 0.060000
v 1.111303 0.032787 0.060000
v 1.115563 0.041981 0.060000
v 1.118783 0.059665 0.060000
v 1.118219 0.326332 0.060000
v 1.116291 0.335122 0.060000
v 1.113285 0.341683 0.060000
v 1.111303 0.344262 0.060000
v 1.109462 0.345884 0.060000
v 1.104940 0.348563 0.060000
v 1.098980 0.350631 0.060000
v 1.061260 0.355479 0.060000
v 1.061260 0.371872 0.060000
v 1.157032 0.391717 0.060000
v 1.169111 0.384815 0.060000
v 1.165660 0.327869 0.060000
v 1.205669 0.363021 0.060000
v 1.252197 0.387627 0.060000
v 1.279044 0.394477 0.060000
v 1.322513 0.396394 0.060000
v 1.347404 0.392445 0.060000
v 1.369167 0.384686 0.060000
v 1.387826 0.373259 0.060000
v 1.395999 0.366216 0.060000
v 1.410048 0.349559 0.060000
v 1.421053 0.329594 0.060000
v 1.490509 0.377481 0.060000
v 1.544163 0.394545 0.060000
v 1.575496 0.396894 0.060000
v 1.617694 0.392216 0.060000
v 1.651360 0.378455 0.060000
v 1.665113 0.368296 0.060000
v 1.676877 0.356018 0.060000
v 1.686699 0.341673 0.060000
v 1.700712 0.306986 0.060000
v 1.713163 0.040876 0.060000
v 1.716135 0.034513 0.060000
v 1.718292 0.031503 0.060000
v 1.720884 0.028916 0.060000
v 1.727383 0.024830 0.060000
v 1.735656 0.021894 0.060000
v 1.771355 0.016393 0.060000
v 1.771355 0.000000 0.060000
v 1.600518 0.000000 0.060000
v 1.600518 0.016393 0.060000
v 1.635138 0.021678 0.060000
v 1.643275 0.024319 0.060000
v 1.649830 0.027918 0.060000
v 1.654875 0.032787 0.060000
v 1.658210 0.038799 0.060000
v 1.662101 0.056622 0.060000
v 1.662567 0.254469 0.060000
v 1.655387 0.293774 0.060000
v 1.641808 0.322402 0.060000
v 1.632873 0.333154 0.060000
v 1.622644 0.341766 0.060000
v 1.611223 0.348417 0.060000
v 1.585211 0.356537 0.060000
v 1.555652 0.358930 0.060000
v 1.506407 0.352795 0.060000
v 1.463682 0.336305 0.060000
v 1.427092 0.312338 0.060000
v 1.431487 0.296174 0.060000
v 1.437878 0.056083 0.060000
v 1.441377 0.040297 0.060000
v 1.442746 0.037249 0.060000
v 1.446506 0.031503 0.060000
v 1.449098 0.028916 0.060000
v 1.455597 0.024830 0.060000
v 1.463870 0.021894 0.060000
v 1.499569 0.016393 0.060000
v 1.499569 0.000000 0.060000
v 1.328732 0.000000 0.060000
v 1.328732 0.016393 0.060000
v 1.363352 0.021678 0.060000
v 1.371489 0.024319 0.060000
v 1.378044 0.027918 0.060000
v 1.383089 0.032787 0.060000
v 1.387349 0.041981 0.060000
v 1.389271 0.049948 0.060000
v 1.390818 0.254469 0.060000
v 1.383938 0.293774 0.060000
v 1.370983 0.322402 0.060000
v 1.362489 0.333154 0.060000
v 1.352791 0.341766 0.060000
v 1.341994 0.348417 0.060000
v 1.317519 0.356537 0.060000
v 1.289905 0.358930 0.060000
v 1.240214 0.351612 0.060000
v 1.198958 0.332598 0.060000
v 1.164797 0.306299 0.060000
v 1.167073 0.051487 0.060000
v 1.168801 0.043666 0.060000
v 1.172563 0.034513 0.060000
v 1.174720 0.031503 0.060000
v 1.177312 0.028916 0.060000
v 1.183811 0.024830 0.060000
v 1.192084 0.021894 0.060000
v 1.227783 0.016393 0.060000
v 1.227783 0.000000 0.060000
v 1.056946 0.000000 0.060000
v 1.056946 0.016393 0.060000
v 0.595391 0.212864 0.060000
v 0.608876 0.268038 0.060000
v 0.634010 0.315519 0.060000
v 0.668874 0.353628 0.060000
v 0.711551 0.380689 0.060000
v 0.760124 0.395023 0.060000
v 0.809310 0.395329 0.060000
v 0.853740 0.383116 0.060000
v 0.893532 0.359470 0.060000
v 0.926554 0.325208 0.060000
v 0.950671 0.281142 0.060000
v 0.963752 0.228089 0.060000
v 0.963745 0.168816 0.060000
v 0.950483 0.114768 0.060000
v 0.925680 0.068808 0.060000
v 0.891134 0.032303 0.060000
v 0.848644 0.006619 0.060000
v 0.824981 -0.001738 0.060000
v 0.773943 -0.008628 0.060000
v 0.728230 -0.003008 0.060000
v 0.685776 0.013613 0.060000
v 0.648835 0.040876 0.060000
v 0.633136 0.058385 0.060000
v 0.608688 0.100936 0.060000
v 0.595384 0.153229 0.060000
v 0.915272 0.216074 0.060000
v 0.907113 0.263899 0.060000
v 0.891117 0.304499 0.060000
v 0.867619 0.336697 0.060000
v 0.853162 0.349279 0.060000
v 0.836955 0.359321 0.060000
v 0.819041 0.366675 0.060000
v 0.799461 0.371196 0.060000
v 0.758373 0.371412 0.060000
v 0.722511 0.360966 0.060000
v 0.706708 0.351932 0.060000
v 0.692438 0.340417 0.060000
v 0.668847 0.310126 0.060000
v 0.652435 0.270451 0.060000
v 0.643896 0.221753 0.060000
v 0.643815 0.168144 0.060000
v 0.651869 0.121090 0.060000
v 0.667724 0.081443 0.060000
v 0.691117 0.050208 0.060000
v 0.705557 0.038060 0.060000
v 0.721783 0.028392 0.060000
v 0.739762 0.021331 0.060000
v 0.759461 0.017002 0.060000
v 0.800549 0.016752 0.060000
v 0.836227 0.026505 0.060000
v 0.852012 0.035024 0.060000
v 0.866298 0.045964 0.060000
v 0.889993 0.075082 0.060000
v 0.906547 0.113810 0.060000
v 0.915191 0.162102 0.060000
v 0.396702 0.590388 0.060000
v 0.503883 0.554789 0.060000
v 0.484038 0.396031 0.060000
v 0.463330 0.396031 0.060000
v 0.444349 0.540984 0.060000
v 0.404691 0.558496 0.060000
v 0.367526 0.566612 0.060000
v 0.295986 0.565998 0.060000
v 0.262986 0.558472 0.060000
v 0.204551 0.530183 0.060000
v 0.157140 0.486842 0.060000
v 0.121880 0.431566 0.060000
v 0.099899 0.367470 0.060000
v 0.092321 0.297670 0.060000
v 0.099187 0.225198 0.060000
v 0.119643 0.159077 0.060000
v 0.153473 0.102351 0.060000
v 0.200460 0.058064 0.060000
v 0.228821 0.041536 0.060000
v 0.295140 0.021615 0.060000
v 0.373214 0.021411 0.060000
v 0.444349 0.037964 0.060000
v 0.463330 0.182054 0.060000
v 0.484038 0.182054 0.060000
v 0.503020 0.023296 0.060000
v 0.382801 -0.005337 0.060000
v 0.278923 -0.006314 0.060000
v 0.202626 0.011783 0.060000
v 0.139775 0.046920 0.060000
v 0.113676 0.070535 0.060000
v 0.072700 0.129166 0.060000
v 0.047447 0.202082 0.060000
v 0.038827 0.288179 0.060000
v 0.048661 0.370550 0.060000
v 0.076950 0.444125 0.060000
v 0.121872 0.506148 0.060000
v 0.181606 0.553862 0.060000
v 0.254330 0.584512 0.060000
v 0.338223 0.595341 0.060000
v 8.830538 0.366636 -0.060000
v 8.832283 0.371778 -0.060000
v 8.837588 0.380966 -0.060000
v 8.845015 0.388393 -0.060000
v 8.854203 0.393699 -0.060000
v 8.859345 0.395444 -0.060000
v 8.870502 0.396894 -0.060000
v 8.876013 0.396524 -0.060000
v 8.886302 0.393699 -0.060000
v 8.895298 0.388393 -0.060000
v 8.902617 0.380966 -0.060000
v 8.907873 0.371778 -0.060000
v 8.910686 0.361188 -0.060000
v 8.911055 0.355479 -0.060000
v 8.909609 0.343595 -0.060000
v 8.905526 0.333174 -0.060000
v 8.899191 0.324525 -0.060000
v 8.890985 0.317962 -0.060000
v 8.881295 0.313796 -0.060000
v 8.870502 0.312338 -0.060000
v 8.859344 0.313796 -0.060000
v 8.849410 0.317963 -0.060000
v 8.841058 0.324525 -0.060000
v 8.834647 0.333174 -0.060000
v 8.830537 0.343595 -0.060000
v 8.829087 0.355479 -0.060000
v 8.830538 0.045669 -0.060000
v 8.832283 0.050812 -0.060000
v 8.837588 0.060000 -0.060000
v 8.845015 0.067427 -0.060000
v 8.854203 0.072732 -0.060000
v 8.859345 0.074478 -0.060000
v 8.870502 0.075928 -0.060000
v 8.876013 0.075558 -0.060000
v 8.886302 0.072732 -0.060000
v 8.895298 0.067427 -0.060000
v 8.902617 0.060000 -0.060000
v 8.907873 0.050812 -0.060000
v 8.910686 0.040221 -0.060000
v 8.911055 0.034513 -0.060000
v 8.909609 0.022629 -0.060000
v 8.905526 0.012207 -0.060000
v 8.899191 0.003559 -0.060000
v 8.890985 -0.003004 -0.060000
v 8.881295 -0.007170 -0.060000
v 8.870502 -0.008628 -0.060000
v 8.859344 -0.007170 -0.060000
v 8.849410 -0.003004 -0.060000
v 8.841058 0.003559 -0.060000
v 8.834647 0.012207 -0.060000
v 8.830537 0.022629 -0.060000
v 8.829087 0.034513 -0.060000
v 8.477490 0.353214 -0.060000
v 8.502209 0.371361 -0.060000
v 8.530426 0.383708 -0.060000
v 8.545952 0.387085 -0.060000
v 8.578252 0.387538 -0.060000
v 8.584049 0.386540 -0.060000
v 8.576283 0.339085 -0.060000
v 8.516459 0.331863 -0.060000
v 8.489893 0.321829 -0.060000
v 8.465267 0.306618 -0.060000
v 8.442368 0.285559 -0.060000
v 8.420977 0.257981 -0.060000
v 8.423251 0.051487 -0.060000
v 8.424980 0.043666 -0.060000
v 8.428742 0.034513 -0.060000
v 8.430910 0.031503 -0.060000
v 8.433572 0.028916 -0.060000
v 8.440630 0.024830 -0.060000
v 8.450420 0.021894 -0.060000
v 8.501219 0.016393 -0.060000
v 8.501219 -0.000000 -0.060000
v 8.313126 -0.000000 -0.060000
v 8.313126 0.016393 -0.060000
v 8.347746 0.021678 -0.060000
v 8.355883 0.024319 -0.060000
v 8.362438 0.027918 -0.060000
v 8.367483 0.032787 -0.060000
v 8.371742 0.041981 -0.060000
v 8.374962 0.059665 -0.060000
v 8.374398 0.329783 -0.060000
v 8.372471 0.338573 -0.060000
v 8.369465 0.345134 -0.060000
v 8.367483 0.347714 -0.060000
v 8.365642 0.349335 -0.060000
v 8.361120 0.352014 -0.060000
v 8.355160 0.354082 -0.060000
v 8.317440 0.358930 -0.060000
v 8.317440 0.375324 -0.060000
v 8.413212 0.395168 -0.060000
v 8.425291 0.388266 -0.060000
v 8.420977 0.283865 -0.060000
v 7.851572 0.212864 -0.060000
v 7.865057 0.268038 -0.060000
v 7.876287 0.292845 -0.060000
v 7.906526 0.335850 -0.060000
v 7.925054 0.353628 -0.060000
v 7.967731 0.380689 -0.060000
v 8.016304 0.395023 -0.060000
v 8.065490 0.395329 -0.060000
v 8.109920 0.383116 -0.060000
v 8.149712 0.359470 -0.060000
v 8.182734 0.325208 -0.060000
v 8.206851 0.281142 -0.060000
v 8.219933 0.228089 -0.060000
v 8.219925 0.168816 -0.060000
v 8.206663 0.114768 -0.060000
v 8.181860 0.068808 -0.060000
v 8.147314 0.032303 -0.060000
v 8.104824 0.006619 -0.060000
v 8.081161 -0.001738 -0.060000
v 8.030123 -0.008628 -0.060000
v 7.984410 -0.003008 -0.060000
v 7.941957 0.013613 -0.060000
v 7.905015 0.040876 -0.060000
v 7.889316 0.058385 -0.060000
v 7.864868 0.100936 -0.060000
v 7.851564 0.153229 -0.060000
v 8.171453 0.216074 -0.060000
v 8.163294 0.263899 -0.060000
v 8.147297 0.304499 -0.060000
v 8.123799 0.336697 -0.060000
v 8.109343 0.349279 -0.060000
v 8.093136 0.359321 -0.060000
v 8.075221 0.366675 -0.060000
v 8.055641 0.371196 -0.060000
v 8.014553 0.371412 -0.060000
v 7.978691 0.360966 -0.060000
v 7.962887 0.351932 -0.060000
v 7.935968 0.326467 -0.060000
v 7.925027 0.310126 -0.060000
v 7.908615 0.270451 -0.060000
v 7.900075 0.221753 -0.060000
v 7.899994 0.168144 -0.060000
v 7.908048 0.121090 -0.060000
v 7.923903 0.081443 -0.060000
v 7.947297 0.050208 -0.060000
v 7.961737 0.038060 -0.060000
v 7.977963 0.028392 -0.060000
v 7.995942 0.021331 -0.060000
v 8.015640 0.017002 -0.060000
v 8.056728 0.016752 -0.060000
v 8.092407 0.026505 -0.060000
v 8.108192 0.035024 -0.060000
v 8.122478 0.045964 -0.060000
v 8.146173 0.075082 -0.060000
v 8.162727 0.113810 -0.060000
v 8.171371 0.162102 -0.060000
v 7.808380 0.388266 -0.060000
v 7.808380 0.354616 -0.060000
v 7.674644 0.354616 -0.060000
v 7.676920 0.051487 -0.060000
v 7.678648 0.043666 -0.060000
v 7.682410 0.034513 -0.060000
v 7.684566 0.031503 -0.060000
v 7.687159 0.028916 -0.060000
v 7.693658 0.024830 -0.060000
v 7.701931 0.021894 -0.060000
v 7.737630 0.016393 -0.060000
v 7.737630 -0.000000 -0.060000
v 7.566792 -0.000000 -0.060000
v 7.566792 0.016393 -0.060000
v 7.601413 0.021678 -0.060000
v 7.609550 0.024319 -0.060000
v 7.616105 0.027918 -0.060000
v 7.621150 0.032787 -0.060000
v 7.625409 0.041981 -0.060000
v 7.628629 0.059665 -0.060000
v 7.629778 0.354616 -0.060000
v 7.549536 0.354616 -0.060000
v 7.549536 0.371872 -0.060000
v 7.629778 0.379638 -0.060000
v 7.636297 0.467637 -0.060000
v 7.654321 0.528553 -0.060000
v 7.681547 0.572261 -0.060000
v 7.697893 0.588320 -0.060000
v 7.715676 0.600869 -0.060000
v 7.734610 0.610170 -0.060000
v 7.774779 0.620085 -0.060000
v 7.815475 0.620362 -0.060000
v 7.854972 0.613460 -0.060000
v 7.835990 0.514236 -0.060000
v 7.820460 0.514236 -0.060000
v 7.800615 0.590164 -0.060000
v 7.790260 0.593647 -0.060000
v 7.769554 0.596204 -0.060000
v 7.757718 0.595197 -0.060000
v 7.746047 0.592109 -0.060000
v 7.734704 0.586834 -0.060000
v 7.723857 0.579267 -0.060000
v 7.713668 0.569303 -0.060000
v 7.695928 0.541766 -0.060000
v 7.682801 0.503384 -0.060000
v 7.674644 0.382226 -0.060000
v 6.969413 0.051487 -0.060000
v 6.971142 0.043666 -0.060000
v 6.974903 0.034513 -0.060000
v 6.977060 0.031503 -0.060000
v 6.979652 0.028916 -0.060000
v 6.986152 0.024830 -0.060000
v 6.994424 0.021894 -0.060000
v 7.030123 0.016393 -0.060000
v 7.030123 -0.000000 -0.060000
v 6.859286 -0.000000 -0.060000
v 6.859286 0.016393 -0.060000
v 6.893907 0.021678 -0.060000
v 6.902043 0.024319 -0.060000
v 6.908598 0.027918 -0.060000
v 6.913643 0.032787 -0.060000
v 6.917902 0.041981 -0.060000
v 6.921123 0.059665 -0.060000
v 6.920559 0.326332 -0.060000
v 6.918632 0.335122 -0.060000
v 6.915626 0.341683 -0.060000
v 6.913643 0.344262 -0.060000
v 6.911802 0.345884 -0.060000
v 6.907280 0.348563 -0.060000
v 6.901320 0.350631 -0.060000
v 6.863600 0.355479 -0.060000
v 6.863600 0.371872 -0.060000
v 6.959373 0.391717 -0.060000
v 6.971452 0.384815 -0.060000
v 6.968001 0.333046 -0.060000
v 7.009704 0.365705 -0.060000
v 7.057158 0.388394 -0.060000
v 7.115541 0.396894 -0.060000
v 7.157376 0.392216 -0.060000
v 7.190798 0.378455 -0.060000
v 7.204467 0.368296 -0.060000
v 7.216167 0.356018 -0.060000
v 7.225944 0.341673 -0.060000
v 7.239908 0.306986 -0.060000
v 7.251556 0.043666 -0.060000
v 7.255317 0.034513 -0.060000
v 7.257474 0.031503 -0.060000
v 7.260067 0.028916 -0.060000
v 7.266566 0.024830 -0.060000
v 7.274838 0.021894 -0.060000
v 7.310537 0.016393 -0.060000
v 7.310537 -0.000000 -0.060000
v 7.139700 -0.000000 -0.060000
v 7.139700 0.016393 -0.060000
v 7.174321 0.021678 -0.060000
v 7.182457 0.024319 -0.060000
v 7.189013 0.027918 -0.060000
v 7.194057 0.032787 -0.060000
v 7.198317 0.041981 -0.060000
v 7.200238 0.049948 -0.060000
v 7.201766 0.254469 -0.060000
v 7.194692 0.293774 -0.060000
v 7.181253 0.322402 -0.060000
v 7.172379 0.333154 -0.060000
v 7.162194 0.341766 -0.060000
v 7.150789 0.348417 -0.060000
v 7.124693 0.356537 -0.060000
v 7.094834 0.358930 -0.060000
v 7.043512 0.352315 -0.060000
v 7.001203 0.334771 -0.060000
v 6.967138 0.309750 -0.060000
v 6.575125 -0.002173 -0.060000
v 6.533079 0.016266 -0.060000
v 6.515285 0.029544 -0.060000
v 6.486397 0.063352 -0.060000
v 6.466761 0.105668 -0.060000
v 6.456758 0.155102 -0.060000
v 6.461198 0.240209 -0.060000
v 6.477859 0.291822 -0.060000
v 6.504778 0.335095 -0.060000
v 6.541260 0.368229 -0.060000
v 6.586609 0.389428 -0.060000
v 6.640132 0.396894 -0.060000
v 6.683205 0.391917 -0.060000
v 6.718392 0.377497 -0.060000
v 6.733037 0.366985 -0.060000
v 6.745718 0.354400 -0.060000
v 6.765208 0.323395 -0.060000
v 6.776884 0.285248 -0.060000
v 6.780770 0.240725 -0.060000
v 6.780770 0.209664 -0.060000
v 6.501219 0.209664 -0.060000
v 6.510266 0.130891 -0.060000
v 6.526322 0.092973 -0.060000
v 6.550372 0.062927 -0.060000
v 6.565387 0.051194 -0.060000
v 6.582391 0.041833 -0.060000
v 6.622355 0.030769 -0.060000
v 6.672371 0.031241 -0.060000
v 6.696725 0.036526 -0.060000
v 6.737981 0.054645 -0.060000
v 6.770417 0.078516 -0.060000
v 6.782496 0.065574 -0.060000
v 6.740442 0.027930 -0.060000
v 6.688801 0.001406 -0.060000
v 6.658726 -0.006008 -0.060000
v 6.625464 -0.008628 -0.060000
v 6.734179 0.234685 -0.060000
v 6.733623 0.252825 -0.060000
v 6.728894 0.287330 -0.060000
v 6.718700 0.318133 -0.060000
v 6.702275 0.343627 -0.060000
v 6.691485 0.353881 -0.060000
v 6.678851 0.362206 -0.060000
v 6.664275 0.368401 -0.060000
v 6.647662 0.372265 -0.060000
v 6.611722 0.372493 -0.060000
v 6.580476 0.363824 -0.060000
v 6.566537 0.356374 -0.060000
v 6.542310 0.335526 -0.060000
v 6.523333 0.307129 -0.060000
v 6.510058 0.271638 -0.060000
v 6.502944 0.229508 -0.060000
v 5.955059 -0.185505 -0.060000
v 5.955059 -0.169111 -0.060000
v 5.990002 -0.164150 -0.060000
v 5.998199 -0.161570 -0.060000
v 6.004670 -0.157887 -0.060000
v 6.007258 -0.155512 -0.060000
v 6.011034 -0.149981 -0.060000
v 6.013675 -0.143524 -0.060000
v 6.016894 -0.125840 -0.060000
v 6.016331 0.326332 -0.060000
v 6.014404 0.335122 -0.060000
v 6.011398 0.341683 -0.060000
v 6.009416 0.344262 -0.060000
v 6.007575 0.345884 -0.060000
v 6.003053 0.348563 -0.060000
v 5.997093 0.350631 -0.060000
v 5.959373 0.355479 -0.060000
v 5.959373 0.371872 -0.060000
v 6.055145 0.391717 -0.060000
v 6.067224 0.384815 -0.060000
v 6.063773 0.327006 -0.060000
v 6.108671 0.365406 -0.060000
v 6.160840 0.389978 -0.060000
v 6.192867 0.396063 -0.060000
v 6.232799 0.395423 -0.060000
v 6.272857 0.384033 -0.060000
v 6.306192 0.362217 -0.060000
v 6.332157 0.330982 -0.060000
v 6.350106 0.291334 -0.060000
v 6.359390 0.244281 -0.060000
v 6.359031 0.187545 -0.060000
v 6.346897 0.130056 -0.060000
v 6.323294 0.079720 -0.060000
v 6.288918 0.038719 -0.060000
v 6.244465 0.009235 -0.060000
v 6.218676 -0.000507 -0.060000
v 6.160408 -0.008628 -0.060000
v 6.123243 -0.005528 -0.060000
v 6.062910 0.012942 -0.060000
v 6.065186 -0.134018 -0.060000
v 6.066914 -0.141838 -0.060000
v 6.070675 -0.150992 -0.060000
v 6.072847 -0.154002 -0.060000
v 6.075544 -0.156589 -0.060000
v 6.082882 -0.160675 -0.060000
v 6.093431 -0.163611 -0.060000
v 6.151780 -0.169111 -0.060000
v 6.151780 -0.185505 -0.060000
v 6.091127 0.035503 -0.060000
v 6.125288 0.020292 -0.060000
v 6.145197 0.016126 -0.060000
v 6.188485 0.016110 -0.060000
v 6.226857 0.027408 -0.060000
v 6.243845 0.037101 -0.060000
v 6.272896 0.064172 -0.060000
v 6.294686 0.100949 -0.060000
v 6.308376 0.146786 -0.060000
v 6.313126 0.201035 -0.060000
v 6.310030 0.242690 -0.060000
v 6.300439 0.280318 -0.060000
v 6.283898 0.312338 -0.060000
v 6.272879 0.325751 -0.060000
v 6.259951 0.337168 -0.060000
v 6.245058 0.346392 -0.060000
v 6.228143 0.353226 -0.060000
v 6.209148 0.357471 -0.060000
v 6.163172 0.357129 -0.060000
v 6.118993 0.343939 -0.060000
v 6.062910 0.306299 -0.060000
v 6.062910 0.057808 -0.060000
v 5.503858 0.212864 -0.060000
v 5.517344 0.268038 -0.060000
v 5.542477 0.315519 -0.060000
v 5.577341 0.353628 -0.060000
v 5.620018 0.380689 -0.060000
v 5.668591 0.395023 -0.060000
v 5.717776 0.395329 -0.060000
v 5.762206 0.383116 -0.060000
v 5.801998 0.359470 -0.060000
v 5.819489 0.343615 -0.060000
v 5.848325 0.304349 -0.060000
v 5.867191 0.255688 -0.060000
v 5.872219 0.228089 -0.060000
v 5.872212 0.168816 -0.060000
v 5.858949 0.114768 -0.060000
v 5.834146 0.068808 -0.060000
v 5.799601 0.032303 -0.060000
v 5.757111 0.006619 -0.060000
v 5.733448 -0.001738 -0.060000
v 5.682410 -0.008628 -0.060000
v 5.636697 -0.003008 -0.060000
v 5.594243 0.013613 -0.060000
v 5.557302 0.040876 -0.060000
v 5.541603 0.058385 -0.060000
v 5.517154 0.100936 -0.060000
v 5.503850 0.153229 -0.060000
v 5.820661 0.240817 -0.060000
v 5.808541 0.285176 -0.060000
v 5.788752 0.321721 -0.060000
v 5.761629 0.349279 -0.060000
v 5.745422 0.359321 -0.060000
v 5.727508 0.366675 -0.060000
v 5.707928 0.371196 -0.060000
v 5.666840 0.371412 -0.060000
v 5.630978 0.360966 -0.060000
v 5.615174 0.351932 -0.060000
v 5.600904 0.340417 -0.060000
v 5.577313 0.310126 -0.060000
v 5.560901 0.270451 -0.060000
v 5.552362 0.221753 -0.060000
v 5.552280 0.168144 -0.060000
v 5.560335 0.121090 -0.060000
v 5.576190 0.081443 -0.060000
v 5.599583 0.050208 -0.060000
v 5.614024 0.038060 -0.060000
v 5.630250 0.028392 -0.060000
v 5.648229 0.021331 -0.060000
v 5.667927 0.017002 -0.060000
v 5.709015 0.016752 -0.060000
v 5.744694 0.026505 -0.060000
v 5.760478 0.035024 -0.060000
v 5.774765 0.045964 -0.060000
v 5.798460 0.075082 -0.060000
v 5.815013 0.113810 -0.060000
v 5.823658 0.162102 -0.060000
v 4.962298 0.307235 -0.060000
v 4.965808 0.321198 -0.060000
v 4.971493 0.334286 -0.060000
v 4.979218 0.346403 -0.060000
v 5.000248 0.367343 -0.060000
v 5.027822 0.383249 -0.060000
v 5.060861 0.393355 -0.060000
v 5.098286 0.396894 -0.060000
v 5.178239 0.385006 -0.060000
v 5.214765 0.368421 -0.060000
v 5.199234 0.270060 -0.060000
v 5.183704 0.270060 -0.060000
v 5.163859 0.358067 -0.060000
v 5.138103 0.367622 -0.060000
v 5.113688 0.371808 -0.060000
v 5.075816 0.372119 -0.060000
v 5.051788 0.367410 -0.060000
v 5.032613 0.358567 -0.060000
v 5.018268 0.346189 -0.060000
v 5.012899 0.338862 -0.060000
v 5.005753 0.322305 -0.060000
v 5.003376 0.303710 -0.060000
v 5.006012 0.285343 -0.060000
v 5.009281 0.277152 -0.060000
v 5.019629 0.262362 -0.060000
v 5.034937 0.249178 -0.060000
v 5.169615 0.181446 -0.060000
v 5.192742 0.162421 -0.060000
v 5.209602 0.139560 -0.060000
v 5.215225 0.126362 -0.060000
v 5.218732 0.111810 -0.060000
v 5.219942 0.095772 -0.060000
v 5.218504 0.079762 -0.060000
v 5.214337 0.064971 -0.060000
v 5.207660 0.051432 -0.060000
v 5.198691 0.039178 -0.060000
v 5.174752 0.018658 -0.060000
v 5.144270 0.003675 -0.060000
v 5.108994 -0.005508 -0.060000
v 5.070675 -0.008628 -0.060000
v 4.987845 0.003515 -0.060000
v 4.949019 0.020708 -0.060000
v 4.965412 0.123382 -0.060000
v 4.980943 0.123382 -0.060000
v 5.004239 0.028473 -0.060000
v 5.029101 0.020899 -0.060000
v 5.080166 0.015531 -0.060000
v 5.107697 0.017843 -0.060000
v 5.131296 0.024542 -0.060000
v 5.150486 0.035267 -0.060000
v 5.164786 0.049660 -0.060000
v 5.169953 0.058119 -0.060000
v 5.173718 0.067359 -0.060000
v 5.176021 0.077337 -0.060000
v 5.176070 0.098670 -0.060000
v 5.173890 0.108311 -0.060000
v 5.170290 0.117059 -0.060000
v 5.165298 0.125044 -0.060000
v 5.151241 0.139236 -0.060000
v 5.006042 0.213866 -0.060000
v 4.985053 0.231597 -0.060000
v 4.970090 0.252588 -0.060000
v 4.965177 0.264636 -0.060000
v 4.962138 0.277894 -0.060000
v 4.522476 0.051487 -0.060000
v 4.524205 0.043666 -0.060000
v 4.527966 0.034513 -0.060000
v 4.530123 0.031503 -0.060000
v 4.532715 0.028916 -0.060000
v 4.539215 0.024830 -0.060000
v 4.547487 0.021894 -0.060000
v 4.583186 0.016393 -0.060000
v 4.583186 -0.000000 -0.060000
v 4.412349 -0.000000 -0.060000
v 4.412349 0.016393 -0.060000
v 4.446970 0.021678 -0.060000
v 4.455106 0.024319 -0.060000
v 4.461661 0.027918 -0.060000
v 4.466706 0.032787 -0.060000
v 4.470965 0.041981 -0.060000
v 4.474185 0.059665 -0.060000
v 4.473622 0.326332 -0.060000
v 4.471694 0.335122 -0.060000
v 4.468688 0.341683 -0.060000
v 4.466706 0.344262 -0.060000
v 4.464865 0.345884 -0.060000
v 4.460343 0.348563 -0.060000
v 4.454383 0.350631 -0.060000
v 4.416663 0.355479 -0.060000
v 4.416663 0.371872 -0.060000
v 4.512435 0.391717 -0.060000
v 4.524515 0.384815 -0.060000
v 4.521064 0.333046 -0.060000
v 4.562767 0.365705 -0.060000
v 4.610221 0.388394 -0.060000
v 4.668604 0.396894 -0.060000
v 4.710439 0.392216 -0.060000
v 4.743861 0.378455 -0.060000
v 4.757529 0.368296 -0.060000
v 4.769230 0.356018 -0.060000
v 4.779007 0.341673 -0.060000
v 4.792971 0.306986 -0.060000
v 4.804619 0.043666 -0.060000
v 4.808380 0.034513 -0.060000
v 4.810537 0.031503 -0.060000
v 4.813129 0.028916 -0.060000
v 4.819629 0.024830 -0.060000
v 4.827901 0.021894 -0.060000
v 4.863600 0.016393 -0.060000
v 4.863600 -0.000000 -0.060000
v 4.692763 -0.000000 -0.060000
v 4.692763 0.016393 -0.060000
v 4.727384 0.021678 -0.060000
v 4.735520 0.024319 -0.060000
v 4.742075 0.027918 -0.060000
v 4.747120 0.032787 -0.060000
v 4.751379 0.041981 -0.060000
v 4.753301 0.049948 -0.060000
v 4.754830 0.254469 -0.060000
v 4.747755 0.293774 -0.060000
v 4.734316 0.322402 -0.060000
v 4.725442 0.333154 -0.060000
v 4.715257 0.341766 -0.060000
v 4.703852 0.348417 -0.060000
v 4.677756 0.356537 -0.060000
v 4.647897 0.358930 -0.060000
v 4.596575 0.352315 -0.060000
v 4.554266 0.334771 -0.060000
v 4.520201 0.309750 -0.060000
v 3.955961 0.241308 -0.060000
v 3.975510 0.292845 -0.060000
v 4.005749 0.335850 -0.060000
v 4.044759 0.368645 -0.060000
v 4.090624 0.389552 -0.060000
v 4.115528 0.395023 -0.060000
v 4.164714 0.395329 -0.060000
v 4.209144 0.383116 -0.060000
v 4.248936 0.359470 -0.060000
v 4.281958 0.325208 -0.060000
v 4.306075 0.281142 -0.060000
v 4.319156 0.228089 -0.060000
v 4.319149 0.168816 -0.060000
v 4.305886 0.114768 -0.060000
v 4.281083 0.068808 -0.060000
v 4.246538 0.032303 -0.060000
v 4.204047 0.006619 -0.060000
v 4.180385 -0.001738 -0.060000
v 4.129347 -0.008628 -0.060000
v 4.083633 -0.003008 -0.060000
v 4.041180 0.013613 -0.060000
v 4.004239 0.040876 -0.060000
v 3.975063 0.078420 -0.060000
v 3.955905 0.125887 -0.060000
v 3.949019 0.182916 -0.060000
v 4.270675 0.216074 -0.060000
v 4.262516 0.263899 -0.060000
v 4.246521 0.304499 -0.060000
v 4.223023 0.336697 -0.060000
v 4.208566 0.349279 -0.060000
v 4.192359 0.359321 -0.060000
v 4.174445 0.366675 -0.060000
v 4.154864 0.371196 -0.060000
v 4.113777 0.371412 -0.060000
v 4.077915 0.360966 -0.060000
v 4.062111 0.351932 -0.060000
v 4.047842 0.340417 -0.060000
v 4.024251 0.310126 -0.060000
v 4.007838 0.270451 -0.060000
v 3.999299 0.221753 -0.060000
v 3.999218 0.168144 -0.060000
v 4.007272 0.121090 -0.060000
v 4.023128 0.081443 -0.060000
v 4.046520 0.050208 -0.060000
v 4.060961 0.038060 -0.060000
v 4.077187 0.028392 -0.060000
v 4.095166 0.021331 -0.060000
v 4.114864 0.017002 -0.060000
v 4.155952 0.016752 -0.060000
v 4.191631 0.026505 -0.060000
v 4.207416 0.035024 -0.060000
v 4.221702 0.045964 -0.060000
v 4.245397 0.075082 -0.060000
v 4.261950 0.113810 -0.060000
v 4.270595 0.162102 -0.060000
v 3.727628 0.527297 -0.060000
v 3.730309 0.537168 -0.060000
v 3.735327 0.545782 -0.060000
v 3.742323 0.552777 -0.060000
v 3.750936 0.557795 -0.060000
v 3.760807 0.560476 -0.060000
v 3.771398 0.560476 -0.060000
v 3.781269 0.557795 -0.060000
v 3.789882 0.552777 -0.060000
v 3.796878 0.545782 -0.060000
v 3.801896 0.537168 -0.060000
v 3.804577 0.527297 -0.060000
v 3.804577 0.516707 -0.060000
v 3.801896 0.506835 -0.060000
v 3.796878 0.498222 -0.060000
v 3.789882 0.491227 -0.060000
v 3.781269 0.486208 -0.060000
v 3.771398 0.483527 -0.060000
v 3.760808 0.483527 -0.060000
v 3.750936 0.486208 -0.060000
v 3.742323 0.491227 -0.060000
v 3.735328 0.498222 -0.060000
v 3.730309 0.506835 -0.060000
v 3.727628 0.516707 -0.060000
v 3.802027 0.051487 -0.060000
v 3.803756 0.043666 -0.060000
v 3.807518 0.034513 -0.060000
v 3.809675 0.031503 -0.060000
v 3.812267 0.028916 -0.060000
v 3.818766 0.024830 -0.060000
v 3.827039 0.021894 -0.060000
v 3.862738 0.016393 -0.060000
v 3.862738 -0.000000 -0.060000
v 3.691901 -0.000000 -0.060000
v 3.691901 0.016393 -0.060000
v 3.726521 0.021678 -0.060000
v 3.734658 0.024319 -0.060000
v 3.741213 0.027918 -0.060000
v 3.746258 0.032787 -0.060000
v 3.750518 0.041981 -0.060000
v 3.753738 0.059665 -0.060000
v 3.753173 0.326332 -0.060000
v 3.751246 0.335122 -0.060000
v 3.748240 0.341683 -0.060000
v 3.746258 0.344262 -0.060000
v 3.744416 0.345884 -0.060000
v 3.739894 0.348563 -0.060000
v 3.733935 0.350631 -0.060000
v 3.696215 0.355479 -0.060000
v 3.696215 0.371872 -0.060000
v 3.791987 0.391717 -0.060000
v 3.804066 0.384815 -0.060000
v 2.914056 0.307235 -0.060000
v 2.917566 0.321198 -0.060000
v 2.923250 0.334286 -0.060000
v 2.930975 0.346403 -0.060000
v 2.952006 0.367343 -0.060000
v 2.979580 0.383249 -0.060000
v 3.012619 0.393355 -0.060000
v 3.050043 0.396894 -0.060000
v 3.129997 0.385006 -0.060000
v 3.166523 0.368421 -0.060000
v 3.150992 0.270060 -0.060000
v 3.135462 0.270060 -0.060000
v 3.115617 0.358067 -0.060000
v 3.089861 0.367622 -0.060000
v 3.065446 0.371808 -0.060000
v 3.027574 0.372119 -0.060000
v 3.003546 0.367410 -0.060000
v 2.984371 0.358567 -0.060000
v 2.970026 0.346189 -0.060000
v 2.960486 0.330875 -0.060000
v 2.955728 0.313225 -0.060000
v 2.955796 0.294170 -0.060000
v 2.957770 0.285343 -0.060000
v 2.961039 0.277152 -0.060000
v 2.971386 0.262362 -0.060000
v 2.986696 0.249178 -0.060000
v 3.121373 0.181446 -0.060000
v 3.144500 0.162421 -0.060000
v 3.161360 0.139560 -0.060000
v 3.166983 0.126362 -0.060000
v 3.170490 0.111810 -0.060000
v 3.171700 0.095772 -0.060000
v 3.170262 0.079762 -0.060000
v 3.166095 0.064971 -0.060000
v 3.159418 0.051432 -0.060000
v 3.150449 0.039178 -0.060000
v 3.126510 0.018658 -0.060000
v 3.096028 0.003675 -0.060000
v 3.060753 -0.005508 -0.060000
v 3.022434 -0.008628 -0.060000
v 2.939604 0.003515 -0.060000
v 2.900777 0.020708 -0.060000
v 2.917170 0.123382 -0.060000
v 2.932701 0.123382 -0.060000
v 2.955997 0.028473 -0.060000
v 2.980859 0.020899 -0.060000
v 3.031924 0.015531 -0.060000
v 3.059455 0.017843 -0.060000
v 3.083054 0.024542 -0.060000
v 3.102244 0.035267 -0.060000
v 3.116544 0.049660 -0.060000
v 3.121711 0.058119 -0.060000
v 3.125476 0.067359 -0.060000
v 3.127779 0.077337 -0.060000
v 3.127827 0.098670 -0.060000
v 3.125648 0.108311 -0.060000
v 3.122048 0.117059 -0.060000
v 3.117055 0.125044 -0.060000
v 3.102998 0.139236 -0.060000
v 2.957801 0.213866 -0.060000
v 2.936811 0.231597 -0.060000
v 2.921848 0.252588 -0.060000
v 2.916934 0.264636 -0.060000
v 2.913896 0.277894 -0.060000
v 2.673346 0.527297 -0.060000
v 2.676028 0.537168 -0.060000
v 2.681046 0.545782 -0.060000
v 2.688041 0.552777 -0.060000
v 2.696654 0.557795 -0.060000
v 2.706526 0.560476 -0.060000
v 2.717116 0.560476 -0.060000
v 2.726987 0.557795 -0.060000
v 2.735600 0.552777 -0.060000
v 2.742596 0.545782 -0.060000
v 2.747614 0.537168 -0.060000
v 2.750296 0.527297 -0.060000
v 2.750296 0.516707 -0.060000
v 2.747614 0.506835 -0.060000
v 2.742596 0.498222 -0.060000
v 2.735600 0.491227 -0.060000
v 2.726987 0.486208 -0.060000
v 2.717116 0.483527 -0.060000
v 2.706526 0.483527 -0.060000
v 2.696655 0.486208 -0.060000
v 2.688041 0.491227 -0.060000
v 2.681046 0.498222 -0.060000
v 2.676028 0.506835 -0.060000
v 2.673346 0.516707 -0.060000
v 2.747746 0.051487 -0.060000
v 2.749475 0.043666 -0.060000
v 2.753236 0.034513 -0.060000
v 2.755394 0.031503 -0.060000
v 2.757985 0.028916 -0.060000
v 2.764484 0.024830 -0.060000
v 2.772757 0.021894 -0.060000
v 2.808456 0.016393 -0.060000
v 2.808456 -0.000000 -0.060000
v 2.637619 -0.000000 -0.060000
v 2.637619 0.016393 -0.060000
v 2.672240 0.021678 -0.060000
v 2.680376 0.024319 -0.060000
v 2.686931 0.027918 -0.060000
v 2.691976 0.032787 -0.060000
v 2.696236 0.041981 -0.060000
v 2.699456 0.059665 -0.060000
v 2.698892 0.326332 -0.060000
v 2.696964 0.335122 -0.060000
v 2.693958 0.341683 -0.060000
v 2.691976 0.344262 -0.060000
v 2.690134 0.345884 -0.060000
v 2.685613 0.348563 -0.060000
v 2.679653 0.350631 -0.060000
v 2.641933 0.355479 -0.060000
v 2.641933 0.371872 -0.060000
v 2.737705 0.391717 -0.060000
v 2.749785 0.384815 -0.060000
v 1.881903 0.021678 -0.060000
v 1.890039 0.024319 -0.060000
v 1.896595 0.027918 -0.060000
v 1.901640 0.032787 -0.060000
v 1.905900 0.041981 -0.060000
v 1.909119 0.059665 -0.060000
v 1.908555 0.326332 -0.060000
v 1.906628 0.335122 -0.060000
v 1.903622 0.341683 -0.060000
v 1.901640 0.344262 -0.060000
v 1.899798 0.345884 -0.060000
v 1.895276 0.348563 -0.060000
v 1.889317 0.350631 -0.060000
v 1.851596 0.355479 -0.060000
v 1.851596 0.371872 -0.060000
v 1.947369 0.391717 -0.060000
v 1.959448 0.384815 -0.060000
v 1.955997 0.327869 -0.060000
v 1.996006 0.363021 -0.060000
v 2.042534 0.387627 -0.060000
v 2.069381 0.394477 -0.060000
v 2.112850 0.396394 -0.060000
v 2.137741 0.392445 -0.060000
v 2.159504 0.384686 -0.060000
v 2.178163 0.373259 -0.060000
v 2.186336 0.366216 -0.060000
v 2.200385 0.349559 -0.060000
v 2.211389 0.329594 -0.060000
v 2.280846 0.377481 -0.060000
v 2.334500 0.394545 -0.060000
v 2.365833 0.396894 -0.060000
v 2.408031 0.392216 -0.060000
v 2.441696 0.378455 -0.060000
v 2.455449 0.368296 -0.060000
v 2.467213 0.356018 -0.060000
v 2.477036 0.341673 -0.060000
v 2.491049 0.306986 -0.060000
v 2.503500 0.040876 -0.060000
v 2.506471 0.034513 -0.060000
v 2.508629 0.031503 -0.060000
v 2.511221 0.028916 -0.060000
v 2.517720 0.024830 -0.060000
v 2.525993 0.021894 -0.060000
v 2.561691 0.016393 -0.060000
v 2.561691 -0.000000 -0.060000
v 2.390854 -0.000000 -0.060000
v 2.390854 0.016393 -0.060000
v 2.425475 0.021678 -0.060000
v 2.433612 0.024319 -0.060000
v 2.440167 0.027918 -0.060000
v 2.445212 0.032787 -0.060000
v 2.448547 0.038799 -0.060000
v 2.452438 0.056622 -0.060000
v 2.452904 0.254469 -0.060000
v 2.445724 0.293774 -0.060000
v 2.432144 0.322402 -0.060000
v 2.423210 0.333154 -0.060000
v 2.412981 0.341766 -0.060000
v 2.401560 0.348417 -0.060000
v 2.375547 0.356537 -0.060000
v 2.345988 0.358930 -0.060000
v 2.296744 0.352795 -0.060000
v 2.254019 0.336305 -0.060000
v 2.217429 0.312338 -0.060000
v 2.221824 0.296174 -0.060000
v 2.228214 0.056083 -0.060000
v 2.231713 0.040297 -0.060000
v 2.233083 0.037249 -0.060000
v 2.236843 0.031503 -0.060000
v 2.239435 0.028916 -0.060000
v 2.245934 0.024830 -0.060000
v 2.254206 0.021894 -0.060000
v 2.289905 0.016393 -0.060000
v 2.289905 -0.000000 -0.060000
v 2.119068 -0.000000 -0.060000
v 2.119068 0.016393 -0.060000
v 2.153689 0.021678 -0.060000
v 2.161826 0.024319 -0.060000
v 2.168381 0.027918 -0.060000
v 2.173426 0.032787 -0.060000
v 2.177686 0.041981 -0.060000
v 2.179607 0.049948 -0.060000
v 2.181154 0.254469 -0.060000
v 2.174275 0.293774 -0.060000
v 2.161320 0.322402 -0.060000
v 2.152826 0.333154 -0.060000
v 2.143128 0.341766 -0.060000
v 2.132330 0.348417 -0.060000
v 2.107856 0.356537 -0.060000
v 2.080242 0.358930 -0.060000
v 2.030550 0.351612 -0.060000
v 1.989295 0.332598 -0.060000
v 1.955134 0.306299 -0.060000
v 1.957409 0.051487 -0.060000
v 1.959138 0.043666 -0.060000
v 1.962899 0.034513 -0.060000
v 1.965057 0.031503 -0.060000
v 1.967649 0.028916 -0.060000
v 1.974148 0.024830 -0.060000
v 1.982420 0.021894 -0.060000
v 2.018119 0.016393 -0.060000
v 2.018119 -0.000000 -0.060000
v 1.847282 -0.000000 -0.060000
v 1.847282 0.016393 -0.060000
v 1.091566 0.021678 -0.060000
v 1.099703 0.024319 -0.060000
v 1.106258 0.027918 -0.060000
v 1.111303 0.032787 -0.060000
v 1.115563 0.041981 -0.060000
v 1.118783 0.059665 -0.060000
v 1.118219 0.326332 -0.060000
v 1.116291 0.335122 -0.060000
v 1.113285 0.341683 -0.060000
v 1.111303 0.344262 -0.060000
v 1.109462 0.345884 -0.060000
v 1.104940 0.348563 -0.060000
v 1.098980 0.350631 -0.060000
v 1.061260 0.355479 -0.060000
v 1.061260 0.371872 -0.060000
v 1.157032 0.391717 -0.060000
v 1.169111 0.384815 -0.060000
v 1.165660 0.327869 -0.060000
v 1.205669 0.363021 -0.060000
v 1.252197 0.387627 -0.060000
v 1.279044 0.394477 -0.060000
v 1.322513 0.396394 -0.060000
v 1.347404 0.392445 -0.060000
v 1.369167 0.384686 -0.060000
v 1.387826 0.373259 -0.060000
v 1.395999 0.366216 -0.060000
v 1.410048 0.349559 -0.060000
v 1.421053 0.329594 -0.060000
v 1.490509 0.377481 -0.060000
v 1.544163 0.394545 -0.060000
v 1.575496 0.396894 -0.060000
v 1.617694 0.392216 -0.060000
v 1.651360 0.378455 -0.060000
v 1.665113 0.368296 -0.060000
v 1.676877 0.356018 -0.060000
v 1.686699 0.341673 -0.060000
v 1.700712 0.306986 -0.060000
v 1.713163 0.040876 -0.060000
v 1.716135 0.034513 -0.060000
v 1.718292 0.031503 -0.060000
v 1.720884 0.028916 -0.060000
v 1.727383 0.024830 -0.060000
v 1.735656 0.021894 -0.060000
v 1.771355 0.016393 -0.060000
v 1.771355 -0.000000 -0.060000
v 1.600518 -0.000000 -0.060000
v 1.600518 0.016393 -0.060000
v 1.635138 0.021678 -0.060000
v 1.643275 0.024319 -0.060000
v 1.649830 0.027918 -0.060000
v 1.654875 0.032787 -0.060000
v 1.658210 0.038799 -0.060000
v 1.662101 0.056622 -0.060000
v 1.662567 0.254469 -0.060000
v 1.655387 0.293774 -0.060000
v 1.641808 0.322402 -0.060000
v 1.632873 0.333154 -0.060000
v 1.622644 0.341766 -0.060000
v 1.611223 0.348417 -0.060000
v 1.585211 0.356537 -0.060000
v 1.555652 0.358930 -0.060000
v 1.506407 0.352795 -0.060000
v 1.463682 0.336305 -0.060000
v 1.427092 0.312338 -0.060000
v 1.431487 0.296174 -0.060000
v 1.437878 0.056083 -0.060000
v 1.441377 0.040297 -0.060000
v 1.442746 0.037249 -0.060000
v 1.446506 0.031503 -0.060000
v 1.449098 0.028916 -0.060000
v 1.455597 0.024830 -0.060000
v 1.463870 0.021894 -0.060000
v 1.499569 0.016393 -0.060000
v 1.499569 -0.000000 -0.060000
v 1.328732 -0.000000 -0.060000
v 1.328732 0.016393 -0.060000
v 1.363352 0.021678 -0.060000
v 1.371489 0.024319 -0.060000
v 1.378044 0.027918 -0.060000
v 1.383089 0.032787 -0.060000
v 1.387349 0.041981 -0.060000
v 1.389271 0.049948 -0.060000
v 1.390818 0.254469 -0.060000
v 1.383938 0.293774 -0.060000
v 1.370983 0.322402 -0.060000
v 1.362489 0.333154 -0.060000
v 1.352791 0.341766 -0.060000
v 1.341994 0.348417 -0.060000
v 1.317519 0.356537 -0.060000
v 1.289905 0.358930 -0.060000
v 1.240214 0.351612 -0.060000
v 1.198958 0.332598 -0.060000
v 1.164797 0.306299 -0.060000
v 1.167073 0.051487 -0.060000
v 1.168801 0.043666 -0.060000
v 1.172563 0.034513 -0.060000
v 1.174720 0.031503 -0.060000
v 1.177312 0.028916 -0.060000
v 1.183811 0.024830 -0.060000
v 1.192084 0.021894 -0.060000
v 1.227783 0.016393 -0.060000
v 1.227783 -0.000000 -0.060000
v 1.056946 -0.000000 -0.060000
v 1.056946 0.016393 -0.060000
v 0.595391 0.212864 -0.060000
v 0.608876 0.268038 -0.060000
v 0.634010 0.315519 -0.060000
v 0.668874 0.353628 -0.060000
v 0.711551 0.380689 -0.060000
v 0.760124 0.395023 -0.060000
v 0.809310 0.395329 -0.060000
v 0.853740 0.383116 -0.060000
v 0.893532 0.359470 -0.060000
v 0.926554 0.325208 -0.060000
v 0.950671 0.281142 -0.060000
v 0.963752 0.228089 -0.060000
v 0.963745 0.168816 -0.060000
v 0.950483 0.114768 -0.060000
v 0.925680 0.068808 -0.060000
v 0.891134 0.032303 -0.060000
v 0.848644 0.006619 -0.060000
v 0.824981 -0.001738 -0.060000
v 0.800006 -0.006877 -0.060000
v 0.773943 -0.008628 -0.060000
v 0.728230 -0.003008 -0.060000
v 0.685776 0.013613 -0.060000
v 0.648835 0.040876 -0.060000
v 0.633136 0.058385 -0.060000
v 0.608688 0.100936 -0.060000
v 0.595384 0.153229 -0.060000
v 0.915272 0.216074 -0.060000
v 0.907113 0.263899 -0.060000
v 0.891117 0.304499 -0.060000
v 0.867619 0.336697 -0.060000
v 0.853162 0.349279 -0.060000
v 0.836955 0.359321 -0.060000
v 0.819041 0.366675 -0.060000
v 0.799461 0.371196 -0.060000
v 0.758373 0.371412 -0.060000
v 0.722511 0.360966 -0.060000
v 0.706708 0.351932 -0.060000
v 0.692438 0.340417 -0.060000
v 0.668847 0.310126 -0.060000
v 0.652435 0.270451 -0.060000
v 0.643896 0.221753 -0.060000
v 0.643815 0.168144 -0.060000
v 0.651869 0.121090 -0.060000
v 0.667724 0.081443 -0.060000
v 0.691117 0.050208 -0.060000
v 0.705557 0.038060 -0.060000
v 0.721783 0.028392 -0.060000
v 0.739762 0.021331 -0.060000
v 0.759461 0.017002 -0.060000
v 0.800549 0.016752 -0.060000
v 0.836227 0.026505 -0.060000
v 0.852012 0.035024 -0.060000
v 0.866298 0.045964 -0.060000
v 0.889993 0.075082 -0.060000
v 0.906547 0.113810 -0.060000
v 0.915191 0.162102 -0.060000
v 0.396702 0.590388 -0.060000
v 0.503883 0.554789 -0.060000
v 0.484038 0.396031 -0.060000
v 0.463330 0.396031 -0.060000
v 0.444349 0.540984 -0.060000
v 0.404691 0.558496 -0.060000
v 0.367526 0.566612 -0.060000
v 0.295986 0.565998 -0.060000
v 0.262986 0.558472 -0.060000
v 0.204551 0.530183 -0.060000
v 0.157140 0.486842 -0.060000
v 0.121880 0.431566 -0.060000
v 0.099899 0.367470 -0.060000
v 0.092321 0.297670 -0.060000
v 0.099187 0.225198 -0.060000
v 0.119643 0.159077 -0.060000
v 0.153473 0.102351 -0.060000
v 0.200460 0.058064 -0.060000
v 0.228821 0.041536 -0.060000
v 0.295140 0.021615 -0.060000
v 0.373214 0.021411 -0.060000
v 0.444349 0.037964 -0.060000
v 0.463330 0.182054 -0.060000
v 0.484038 0.182054 -0.060000
v 0.503020 0.023296 -0.060000
v 0.382801 -0.005337 -0.060000
v 0.278923 -0.006314 -0.060000
v 0.202626 0.011783 -0.060000
v 0.139775 0.046920 -0.060000
v 0.113676 0.070535 -0.060000
v 0.072700 0.129166 -0.060000
v 0.047447 0.202082 -0.060000
v 0.038827 0.288179 -0.060000
v 0.048661 0.370550 -0.060000
v 0.076950 0.444125 -0.060000
v 0.121872 0.506148 -0.060000
v 0.181606 0.553862 -0.060000
v 0.254330 0.584512 -0.060000
v 0.338223 0.595341 -0.060000
v 0.367750 0.594075 -0.060000
v 0.372858 0.653870 -0.000000
v 0.367750 0.594075 0.060000
v 0.424935 0.584448 -0.060000
v 0.439589 0.642643 -0.000000
v 0.424935 0.584448 0.060000
v 0.503883 0.554789 -0.060000
v 0.568747 0.589970 -0.000000
v 0.503883 0.554789 0.060000
v 0.484038 0.396031 -0.060000
v 0.537005 0.336031 -0.000000
v 0.484038 0.396031 0.060000
v 0.463330 0.396031 -0.060000
v 0.410675 0.336031 -0.000000
v 0.463330 0.396031 0.060000
v 0.444349 0.540984 -0.060000
v 0.421703 0.525281 -0.035507
v 0.388874 0.502517 -0.000000
v 0.421703 0.525281 0.035507
v 0.444349 0.540984 0.060000
v 0.423159 0.524507 -0.035507
v 0.407273 0.492740 -0.000000
v 0.423159 0.524507 0.035507
v 0.393025 0.499008 -0.000000
v 0.404691 0.558496 -0.060000
v 0.404691 0.558496 0.060000
v 0.367526 0.566612 -0.060000
v 0.360115 0.507059 -0.000000
v 0.367526 0.566612 0.060000
v 0.295986 0.565998 -0.060000
v 0.304906 0.506492 -0.000000
v 0.295986 0.565998 0.060000
v 0.262986 0.558472 -0.060000
v 0.280790 0.500992 -0.000000
v 0.262986 0.558472 0.060000
v 0.204551 0.530183 -0.060000
v 0.238464 0.480495 -0.000000
v 0.204551 0.530183 0.060000
v 0.157140 0.486842 -0.060000
v 0.203291 0.448299 -0.000000
v 0.157140 0.486842 0.060000
v 0.121880 0.431566 -0.060000
v 0.176080 0.405585 -0.000000
v 0.121880 0.431566 0.060000
v 0.099899 0.367470 -0.060000
v 0.158561 0.354442 -0.000000
v 0.099899 0.367470 0.060000
v 0.092321 0.297670 -0.060000
v 0.152397 0.297448 -0.000000
v 0.092321 0.297670 0.060000
v 0.099187 0.225198 -0.060000
v 0.158132 0.236818 -0.000000
v 0.099187 0.225198 0.060000
v 0.119643 0.159077 -0.060000
v 0.174650 0.183305 -0.000000
v 0.119643 0.159077 0.060000
v 0.153473 0.102351 -0.060000
v 0.200546 0.139787 -0.000000
v 0.153473 0.102351 0.060000
v 0.200460 0.058064 -0.060000
v 0.234678 0.107568 -0.000000
v 0.200460 0.058064 0.060000
v 0.228821 0.041536 -0.060000
v 0.254959 0.095749 -0.000000
v 0.228821 0.041536 0.060000
v 0.295140 0.021615 -0.060000
v 0.303711 0.081164 -0.000000
v 0.295140 0.021615 0.060000
v 0.334669 0.079014 -0.000000
v 0.373214 0.021411 -0.060000
v 0.373214 0.021411 0.060000
v 0.432030 0.047632 -0.047014
v 0.418028 0.092514 -0.000000
v 0.432030 0.047632 0.047014
v 0.444349 0.037964 -0.060000
v 0.432546 0.047798 -0.047014
v 0.389816 0.083402 -0.000000
v 0.432546 0.047798 0.047014
v 0.444349 0.037964 0.060000
v 0.463330 0.182054 -0.060000
v 0.410716 0.242054 -0.000000
v 0.463330 0.182054 0.060000
v 0.484038 0.182054 -0.060000
v 0.537291 0.242054 -0.000000
v 0.484038 0.182054 0.060000
v 0.503020 0.023296 -0.060000
v 0.568394 -0.018078 0.000000
v 0.503020 0.023296 0.060000
v 0.382801 -0.005337 -0.060000
v 0.389592 -0.064958 0.000000
v 0.382801 -0.005337 0.060000
v 0.278923 -0.006314 -0.060000
v 0.272193 -0.066039 0.000000
v 0.278923 -0.006314 0.060000
v 0.202626 0.011783 -0.060000
v 0.180985 -0.044334 0.000000
v 0.202626 0.011783 0.060000
v 0.139775 0.046920 -0.060000
v 0.102890 -0.000621 0.000000
v 0.139775 0.046920 0.060000
v 0.113676 0.070535 -0.060000
v 0.070050 0.029092 -0.000000
v 0.113676 0.070535 0.060000
v 0.072700 0.129166 -0.060000
v 0.019031 0.102020 -0.000000
v 0.072700 0.129166 0.060000
v 0.047447 0.202082 -0.060000
v -0.011303 0.189401 -0.000000
v 0.047447 0.202082 0.060000
v 0.038827 0.288179 -0.060000
v -0.021260 0.288496 -0.000000
v 0.038827 0.288179 0.060000
v 0.048661 0.370550 -0.060000
v -0.009699 0.384973 -0.000000
v 0.048661 0.370550 0.060000
v 0.076950 0.444125 -0.060000
v 0.024070 0.472740 -0.000000
v 0.076950 0.444125 0.060000
v 0.121872 0.506148 -0.060000
v 0.078315 0.547611 -0.000000
v 0.121872 0.506148 0.060000
v 0.181606 0.553862 -0.060000
v 0.150834 0.605536 -0.000000
v 0.181606 0.553862 0.060000
v 0.216458 0.571492 -0.060000
v 0.193053 0.626893 -0.000000
v 0.216458 0.571492 0.060000
v 0.294994 0.592576 -0.060000
v 0.287210 0.652201 -0.000000
v 0.294994 0.592576 0.060000
v 0.595391 0.212864 -0.060000
v 0.535710 0.220027 -0.000000
v 0.595391 0.212864 0.060000
v 0.608876 0.268038 -0.060000
v 0.552688 0.289407 -0.000000
v 0.608876 0.268038 0.060000
v 0.634010 0.315519 -0.060000
v 0.584851 0.350130 -0.000000
v 0.634010 0.315519 0.060000
v 0.668874 0.353628 -0.060000
v 0.630196 0.399670 -0.000000
v 0.668874 0.353628 0.060000
v 0.711551 0.380689 -0.060000
v 0.686602 0.435416 -0.000000
v 0.711551 0.380689 0.060000
v 0.760124 0.395023 -0.060000
v 0.751481 0.454556 -0.000000
v 0.760124 0.395023 0.060000
v 0.809310 0.395329 -0.060000
v 0.817359 0.454923 -0.000000
v 0.809310 0.395329 0.060000
v 0.853740 0.383116 -0.060000
v 0.877279 0.438451 -0.000000
v 0.853740 0.383116 0.060000
v 0.893532 0.359470 -0.060000
v 0.930854 0.406621 -0.000000
v 0.893532 0.359470 0.060000
v 0.926554 0.325208 -0.060000
v 0.974989 0.360844 -0.000000
v 0.926554 0.325208 0.060000
v 0.950671 0.281142 -0.060000
v 1.006702 0.302953 -0.000000
v 0.950671 0.281142 0.060000
v 0.963752 0.228089 -0.060000
v 1.023436 0.235245 -0.000000
v 0.963752 0.228089 0.060000
v 0.963745 0.168816 -0.060000
v 1.023429 0.161668 -0.000000
v 0.963745 0.168816 0.060000
v 0.950483 0.114768 -0.060000
v 1.006590 0.093168 -0.000000
v 0.950483 0.114768 0.060000
v 0.925680 0.068808 -0.060000
v 0.974405 0.033574 -0.000000
v 0.925680 0.068808 0.060000
v 0.891134 0.032303 -0.060000
v 0.928890 -0.014503 0.000000
v 0.891134 0.032303 0.060000
v 0.848644 0.006619 -0.060000
v 0.872489 -0.048591 0.000000
v 0.848644 0.006619 0.060000
v 0.824981 -0.001738 -0.060000
v 0.841093 -0.059679 0.000000
v 0.824981 -0.001738 0.060000
v 0.773943 -0.008628 -0.060000
v 0.774126 -0.068751 0.000000
v 0.773943 -0.008628 0.060000
v 0.728230 -0.003008 -0.060000
v 0.713548 -0.061305 0.000000
v 0.728230 -0.003008 0.060000
v 0.685776 0.013613 -0.060000
v 0.656806 -0.039077 0.000000
v 0.685776 0.013613 0.060000
v 0.648835 0.040876 -0.060000
v 0.606915 -0.002248 0.000000
v 0.648835 0.040876 0.060000
v 0.633136 0.058385 -0.060000
v 0.585679 0.021436 -0.000000
v 0.633136 0.058385 0.060000
v 0.608688 0.100936 -0.060000
v 0.552955 0.078337 -0.000000
v 0.608688 0.100936 0.060000
v 0.595384 0.153229 -0.060000
v 0.535714 0.145896 -0.000000
v 0.595384 0.153229 0.060000
v 0.915272 0.216074 -0.060000
v 0.855418 0.211179 -0.000000
v 0.915272 0.216074 0.060000
v 0.907113 0.263899 -0.060000
v 0.849179 0.247986 -0.000000
v 0.907113 0.263899 0.060000
v 0.891117 0.304499 -0.060000
v 0.838290 0.275794 -0.000000
v 0.891117 0.304499 0.060000
v 0.867619 0.336697 -0.060000
v 0.824769 0.294449 -0.000000
v 0.867619 0.336697 0.060000
v 0.853162 0.349279 -0.060000
v 0.817434 0.300833 -0.000000
v 0.853162 0.349279 0.060000
v 0.836955 0.359321 -0.060000
v 0.809575 0.305702 -0.000000
v 0.836955 0.359321 0.060000
v 0.819041 0.366675 -0.060000
v 0.800779 0.309313 -0.000000
v 0.819041 0.366675 0.060000
v 0.799461 0.371196 -0.060000
v 0.790487 0.311689 -0.000000
v 0.799461 0.371196 0.060000
v 0.758373 0.371412 -0.060000
v 0.766616 0.311828 -0.000000
v 0.758373 0.371412 0.060000
v 0.722511 0.360966 -0.060000
v 0.748151 0.306511 -0.000000
v 0.722511 0.360966 0.060000
v 0.706708 0.351932 -0.060000
v 0.740651 0.302224 -0.000000
v 0.706708 0.351932 0.060000
v 0.692438 0.340417 -0.060000
v 0.733750 0.296655 -0.000000
v 0.692438 0.340417 0.060000
v 0.668847 0.310126 -0.060000
v 0.720957 0.280109 -0.000000
v 0.668847 0.310126 0.060000
v 0.652435 0.270451 -0.060000
v 0.710206 0.253922 -0.000000
v 0.652435 0.270451 0.060000
v 0.643896 0.221753 -0.060000
v 0.703744 0.216760 -0.000000
v 0.643896 0.221753 0.060000
v 0.643815 0.168144 -0.060000
v 0.703669 0.173033 -0.000000
v 0.643815 0.168144 0.060000
v 0.651869 0.121090 -0.060000
v 0.709767 0.137146 -0.000000
v 0.651869 0.121090 0.060000
v 0.667724 0.081443 -0.060000
v 0.720307 0.110607 -0.000000
v 0.667724 0.081443 0.060000
v 0.691117 0.050208 -0.060000
v 0.733313 0.093118 -0.000000
v 0.691117 0.050208 0.060000
v 0.705557 0.038060 -0.060000
v 0.740454 0.087110 -0.000000
v 0.705557 0.038060 0.060000
v 0.721783 0.028392 -0.060000
v 0.748282 0.082446 -0.000000
v 0.721783 0.028392 0.060000
v 0.739762 0.021331 -0.060000
v 0.757278 0.078913 -0.000000
v 0.739762 0.021331 0.060000
v 0.759461 0.017002 -0.060000
v 0.768005 0.076556 -0.000000
v 0.759461 0.017002 0.060000
v 0.800549 0.016752 -0.060000
v 0.792834 0.076389 -0.000000
v 0.800549 0.016752 0.060000
v 0.836227 0.026505 -0.060000
v 0.811810 0.081507 -0.000000
v 0.836227 0.026505 0.060000
v 0.852012 0.035024 -0.060000
v 0.819318 0.085560 -0.000000
v 0.852012 0.035024 0.060000
v 0.866298 0.045964 -0.060000
v 0.826065 0.090726 -0.000000
v 0.866298 0.045964 0.060000
v 0.889993 0.075082 -0.060000
v 0.838388 0.105978 -0.000000
v 0.889993 0.075082 0.060000
v 0.906547 0.113810 -0.060000
v 0.848892 0.130766 -0.000000
v 0.906547 0.113810 0.060000
v 0.915191 0.162102 -0.060000
v 0.855347 0.167177 -0.000000
v 0.915191 0.162102 0.060000
v 1.095837 0.022898 -0.060000
v 1.081254 0.067627 -0.012986
v 1.077225 0.079982 -0.000000
v 1.081254 0.067627 0.012986
v 1.095837 0.022898 0.060000
v 1.085889 0.057071 -0.024493
v 1.081412 0.067685 -0.012986
v 1.081412 0.067685 0.012986
v 1.085889 0.057071 0.024493
v 1.103174 0.025979 -0.060000
v 1.091332 0.047466 -0.035507
v 1.086008 0.057128 -0.024493
v 1.086008 0.057128 0.024493
v 1.091332 0.047466 0.035507
v 1.103174 0.025979 0.060000
v 1.091834 0.047781 -0.035507
v 1.070925 0.076577 -0.000000
v 1.091834 0.047781 0.035507
v 1.108965 0.030174 -0.060000
v 1.091907 0.047841 -0.035507
v 1.091907 0.047841 0.035507
v 1.108965 0.030174 0.060000
v 1.111303 0.032787 -0.060000
v 1.091449 0.047330 -0.035507
v 1.062666 0.068412 -0.000000
v 1.091449 0.047330 0.035507
v 1.111303 0.032787 0.060000
v 1.091218 0.046941 -0.035507
v 1.081459 0.052074 -0.024493
v 1.081459 0.052074 0.024493
v 1.091218 0.046941 0.035507
v 1.081463 0.052083 -0.024493
v 1.070808 0.056459 -0.012986
v 1.070808 0.056459 0.012986
v 1.081463 0.052083 0.024493
v 1.115563 0.041981 -0.060000
v 1.070723 0.056222 -0.012986
v 1.058337 0.060156 -0.000000
v 1.070723 0.056222 0.012986
v 1.115563 0.041981 0.060000
v 1.058270 0.059914 -0.000000
v 1.117485 0.049948 -0.060000
v 1.058440 0.060725 -0.000000
v 1.117485 0.049948 0.060000
v 1.118219 0.326332 -0.060000
v 1.118219 0.326332 0.060000
v 1.071439 0.320841 -0.012986
v 1.058750 0.318026 -0.000000
v 1.071439 0.320841 0.012986
v 1.116291 0.335122 -0.060000
v 1.082455 0.324193 -0.024493
v 1.071489 0.320651 -0.012986
v 1.071489 0.320651 0.012986
v 1.082455 0.324193 0.024493
v 1.116291 0.335122 0.060000
v 1.092652 0.328361 -0.035507
v 1.082631 0.323733 -0.024493
v 1.060345 0.313440 -0.000000
v 1.082631 0.323733 0.024493
v 1.092652 0.328361 0.035507
v 1.113285 0.341683 -0.060000
v 1.102371 0.334573 -0.047014
v 1.092700 0.328273 -0.035507
v 1.092700 0.328273 0.035507
v 1.102371 0.334573 0.047014
v 1.113285 0.341683 0.060000
v 1.111303 0.344262 -0.060000
v 1.101775 0.335349 -0.047014
v 1.067280 0.303080 -0.000000
v 1.101775 0.335349 0.047014
v 1.111303 0.344262 0.060000
v 1.101496 0.335594 -0.047014
v 1.094439 0.326477 -0.035507
v 1.094439 0.326477 0.035507
v 1.101496 0.335594 0.047014
v 1.107356 0.347310 -0.060000
v 1.094807 0.326227 -0.035507
v 1.076615 0.295664 -0.000000
v 1.094807 0.326227 0.035507
v 1.107356 0.347310 0.060000
v 1.094766 0.326248 -0.035507
v 1.090192 0.316214 -0.024493
v 1.090192 0.316214 0.024493
v 1.094766 0.326248 0.035507
v 1.102164 0.349663 -0.060000
v 1.090439 0.316116 -0.024493
v 1.086639 0.305244 -0.012986
v 1.086639 0.305244 0.012986
v 1.090439 0.316116 0.024493
v 1.102164 0.349663 0.060000
v 1.086738 0.305214 -0.012986
v 1.083356 0.292669 -0.000000
v 1.086738 0.305214 0.012986
v 1.061260 0.355479 -0.060000
v 1.001260 0.300404 -0.000000
v 1.061260 0.355479 0.060000
v 1.061260 0.371872 -0.060000
v 1.001260 0.426858 -0.000000
v 1.061260 0.371872 0.060000
v 1.094415 0.436528 -0.000000
v 1.157032 0.391717 -0.060000
v 1.164021 0.456828 -0.000000
v 1.157032 0.391717 0.060000
v 1.169111 0.384815 -0.060000
v 1.232664 0.417604 -0.000000
v 1.169111 0.384815 0.060000
v 1.165695 0.333191 -0.060000
v 1.225691 0.332411 -0.000000
v 1.165695 0.333191 0.060000
v 1.165660 0.327869 -0.060000
v 1.226613 0.472856 -0.000000
v 1.165660 0.327869 0.060000
v 1.175251 0.337383 -0.060000
v 1.133749 0.380728 -0.000000
v 1.175251 0.337383 0.060000
v 1.216548 0.370348 -0.060000
v 1.184677 0.421222 -0.000000
v 1.216548 0.370348 0.060000
v 1.265275 0.391569 -0.060000
v 1.250390 0.449749 -0.000000
v 1.265275 0.391569 0.060000
v 1.293563 0.396277 -0.060000
v 1.288657 0.456128 -0.000000
v 1.293563 0.396277 0.060000
v 1.322513 0.396394 -0.060000
v 1.327077 0.456266 -0.000000
v 1.322513 0.396394 0.060000
v 1.347404 0.392445 -0.060000
v 1.362126 0.450677 -0.000000
v 1.347404 0.392445 0.060000
v 1.369167 0.384686 -0.060000
v 1.395009 0.438925 -0.000000
v 1.369167 0.384686 0.060000
v 1.387826 0.373259 -0.060000
v 1.424539 0.420827 -0.000000
v 1.387826 0.373259 0.060000
v 1.395999 0.366216 -0.060000
v 1.437595 0.409575 -0.000000
v 1.395999 0.366216 0.060000
v 1.410048 0.349559 -0.060000
v 1.410048 0.349559 0.060000
v 1.427310 0.346265 -0.047014
v 1.468511 0.369013 -0.000000
v 1.427310 0.346265 0.047014
v 1.421053 0.329594 -0.060000
v 1.425476 0.349983 -0.047014
v 1.441490 0.423794 -0.000000
v 1.425476 0.349983 0.047014
v 1.421053 0.329594 0.060000
v 1.424316 0.349035 -0.047014
v 1.394947 0.385749 -0.000000
v 1.424316 0.349035 0.047014
v 1.466654 0.363915 -0.060000
v 1.466654 0.363915 0.060000
v 1.503036 0.383113 -0.060000
v 1.480409 0.438725 -0.000000
v 1.503036 0.383113 0.060000
v 1.544163 0.394545 -0.060000
v 1.534938 0.453880 -0.000000
v 1.544163 0.394545 0.060000
v 1.575496 0.396894 -0.060000
v 1.575973 0.456953 -0.000000
v 1.575496 0.396894 0.060000
v 1.617694 0.392216 -0.060000
v 1.632149 0.450599 -0.000000
v 1.617694 0.392216 0.060000
v 1.651360 0.378455 -0.060000
v 1.682952 0.429713 -0.000000
v 1.651360 0.378455 0.060000
v 1.665113 0.368296 -0.060000
v 1.704888 0.413509 -0.000000
v 1.665113 0.368296 0.060000
v 1.676877 0.356018 -0.060000
v 1.723603 0.393976 -0.000000
v 1.676877 0.356018 0.060000
v 1.686699 0.341673 -0.060000
v 1.738738 0.371874 -0.000000
v 1.686699 0.341673 0.060000
v 1.700712 0.306986 -0.060000
v 1.758715 0.322702 -0.000000
v 1.700712 0.306986 0.060000
v 1.757487 0.056709 -0.012986
v 1.770049 0.060036 -0.000000
v 1.757487 0.056709 0.012986
v 1.713163 0.040876 -0.060000
v 1.746665 0.052744 -0.024493
v 1.757523 0.056591 -0.012986
v 1.757523 0.056591 0.012986
v 1.746665 0.052744 0.024493
v 1.713163 0.040876 0.060000
v 1.736736 0.047923 -0.035507
v 1.746720 0.052609 -0.024493
v 1.768924 0.063031 -0.000000
v 1.746720 0.052609 0.024493
v 1.736736 0.047923 0.035507
v 1.716135 0.034513 -0.060000
v 1.736968 0.047490 -0.035507
v 1.736968 0.047490 0.035507
v 1.716135 0.034513 0.060000
v 1.718292 0.031503 -0.060000
v 1.737023 0.047414 -0.035507
v 1.764176 0.070479 -0.000000
v 1.737023 0.047414 0.035507
v 1.718292 0.031503 0.060000
v 1.736847 0.047590 -0.035507
v 1.736847 0.047590 0.035507
v 1.723913 0.026707 -0.060000
v 1.737016 0.047466 -0.035507
v 1.742907 0.056801 -0.024493
v 1.756010 0.077561 -0.000000
v 1.742907 0.056801 0.024493
v 1.737016 0.047466 0.035507
v 1.723913 0.026707 0.060000
v 1.742556 0.056991 -0.024493
v 1.747474 0.067413 -0.012986
v 1.747474 0.067413 0.012986
v 1.742556 0.056991 0.024493
v 1.731296 0.023241 -0.060000
v 1.747109 0.067562 -0.012986
v 1.751477 0.079804 -0.000000
v 1.747109 0.067562 0.012986
v 1.731296 0.023241 0.060000
v 1.771355 0.016393 -0.060000
v 1.831355 0.069756 -0.000000
v 1.771355 0.016393 0.060000
v 1.771355 -0.000000 -0.060000
v 1.831355 -0.064639 0.000000
v 1.771355 0.000000 0.060000
v 1.600518 -0.000000 -0.060000
v 1.540518 -0.064639 0.000000
v 1.600518 0.000000 0.060000
v 1.600518 0.016393 -0.060000
v 1.540518 0.069570 -0.000000
v 1.600518 0.016393 0.060000
v 1.639409 0.022898 -0.060000
v 1.624826 0.067627 -0.012986
v 1.620798 0.079982 -0.000000
v 1.624826 0.067627 0.012986
v 1.639409 0.022898 0.060000
v 1.629461 0.057071 -0.024493
v 1.624984 0.067685 -0.012986
v 1.624984 0.067685 0.012986
v 1.629461 0.057071 0.024493
v 1.646746 0.025979 -0.060000
v 1.634904 0.047466 -0.035507
v 1.629580 0.057128 -0.024493
v 1.629580 0.057128 0.024493
v 1.634904 0.047466 0.035507
v 1.646746 0.025979 0.060000
v 1.635406 0.047781 -0.035507
v 1.614497 0.076577 -0.000000
v 1.635406 0.047781 0.035507
v 1.652537 0.030174 -0.060000
v 1.635479 0.047841 -0.035507
v 1.635479 0.047841 0.035507
v 1.652537 0.030174 0.060000
v 1.654875 0.032787 -0.060000
v 1.635338 0.047684 -0.035507
v 1.607015 0.069280 -0.000000
v 1.635338 0.047684 0.035507
v 1.654875 0.032787 0.060000
v 1.635241 0.047534 -0.035507
v 1.625603 0.052910 -0.024493
v 1.604168 0.064866 -0.000000
v 1.625603 0.052910 0.024493
v 1.635241 0.047534 0.035507
v 1.658210 0.038799 -0.060000
v 1.625331 0.052341 -0.024493
v 1.625331 0.052341 0.024493
v 1.658210 0.038799 0.060000
v 1.625474 0.052749 -0.024493
v 1.602004 0.059833 -0.000000
v 1.625474 0.052749 0.024493
v 1.601913 0.059477 -0.000000
v 1.662101 0.056622 -0.060000
v 1.662101 0.056622 0.060000
v 1.662567 0.254469 -0.060000
v 1.602718 0.249429 -0.000000
v 1.662567 0.254469 0.060000
v 1.655387 0.293774 -0.060000
v 1.598026 0.275739 -0.000000
v 1.655387 0.293774 0.060000
v 1.641808 0.322402 -0.060000
v 1.592393 0.287988 -0.000000
v 1.641808 0.322402 0.060000
v 1.632873 0.333154 -0.060000
v 1.590142 0.290697 -0.000000
v 1.632873 0.333154 0.060000
v 1.622644 0.341766 -0.060000
v 1.587969 0.292527 -0.000000
v 1.622644 0.341766 0.060000
v 1.611223 0.348417 -0.060000
v 1.585096 0.294199 -0.000000
v 1.611223 0.348417 0.060000
v 1.585211 0.356537 -0.060000
v 1.574371 0.297431 -0.000000
v 1.585211 0.356537 0.060000
v 1.555652 0.358930 -0.060000
v 1.555468 0.298895 -0.000000
v 1.555652 0.358930 0.060000
v 1.506407 0.352795 -0.060000
v 1.521318 0.294648 -0.000000
v 1.506407 0.352795 0.060000
v 1.498639 0.286611 -0.000000
v 1.463682 0.336305 -0.060000
v 1.463682 0.336305 0.060000
v 1.443316 0.308362 -0.047014
v 1.470942 0.270306 -0.000000
v 1.443316 0.308362 0.047014
v 1.427092 0.312338 -0.060000
v 1.442200 0.307513 -0.047014
v 1.496895 0.290045 -0.000000
v 1.442200 0.307513 0.047014
v 1.427092 0.312338 0.060000
v 1.441199 0.310726 -0.047014
v 1.486341 0.323887 -0.000000
v 1.441199 0.310726 0.047014
v 1.431487 0.296174 -0.060000
v 1.431487 0.296174 0.060000
v 1.492903 0.293866 -0.000000
v 1.437878 0.056083 -0.060000
v 1.437878 0.056083 0.060000
v 1.497879 0.060402 -0.000000
v 1.485319 0.057101 -0.012986
v 1.497775 0.060808 -0.000000
v 1.485319 0.057101 0.012986
v 1.441377 0.040297 -0.060000
v 1.474448 0.053328 -0.024493
v 1.485165 0.057551 -0.012986
v 1.485165 0.057551 0.012986
v 1.474448 0.053328 0.024493
v 1.441377 0.040297 0.060000
v 1.442746 0.037249 -0.060000
v 1.474351 0.053544 -0.024493
v 1.496152 0.064784 -0.000000
v 1.474351 0.053544 0.024493
v 1.442746 0.037249 0.060000
v 1.464913 0.047866 -0.035507
v 1.474160 0.053870 -0.024493
v 1.474160 0.053870 0.024493
v 1.464913 0.047866 0.035507
v 1.446506 0.031503 -0.060000
v 1.465237 0.047414 -0.035507
v 1.492390 0.070479 -0.000000
v 1.465237 0.047414 0.035507
v 1.446506 0.031503 0.060000
v 1.465061 0.047590 -0.035507
v 1.465061 0.047590 0.035507
v 1.452127 0.026707 -0.060000
v 1.465230 0.047466 -0.035507
v 1.471121 0.056801 -0.024493
v 1.484224 0.077561 -0.000000
v 1.471121 0.056801 0.024493
v 1.465230 0.047466 0.035507
v 1.452127 0.026707 0.060000
v 1.470770 0.056991 -0.024493
v 1.475688 0.067413 -0.012986
v 1.475688 0.067413 0.012986
v 1.470770 0.056991 0.024493
v 1.459510 0.023241 -0.060000
v 1.475323 0.067562 -0.012986
v 1.479691 0.079804 -0.000000
v 1.475323 0.067562 0.012986
v 1.459510 0.023241 0.060000
v 1.499569 0.016393 -0.060000
v 1.559569 0.069756 -0.000000
v 1.499569 0.016393 0.060000
v 1.499569 -0.000000 -0.060000
v 1.559569 -0.064639 0.000000
v 1.499569 0.000000 0.060000
v 1.328732 -0.000000 -0.060000
v 1.268732 -0.064639 0.000000
v 1.328732 0.000000 0.060000
v 1.328732 0.016393 -0.060000
v 1.268732 0.069570 -0.000000
v 1.328732 0.016393 0.060000
v 1.367623 0.022898 -0.060000
v 1.353040 0.067627 -0.012986
v 1.349012 0.079982 -0.000000
v 1.353040 0.067627 0.012986
v 1.367623 0.022898 0.060000
v 1.357675 0.057071 -0.024493
v 1.353198 0.067685 -0.012986
v 1.353198 0.067685 0.012986
v 1.357675 0.057071 0.024493
v 1.374960 0.025979 -0.060000
v 1.363118 0.047466 -0.035507
v 1.357794 0.057128 -0.024493
v 1.357794 0.057128 0.024493
v 1.363118 0.047466 0.035507
v 1.374960 0.025979 0.060000
v 1.363620 0.047781 -0.035507
v 1.342711 0.076577 -0.000000
v 1.363620 0.047781 0.035507
v 1.380751 0.030174 -0.060000
v 1.363693 0.047841 -0.035507
v 1.363693 0.047841 0.035507
v 1.380751 0.030174 0.060000
v 1.383089 0.032787 -0.060000
v 1.363235 0.047330 -0.035507
v 1.334452 0.068412 -0.000000
v 1.363235 0.047330 0.035507
v 1.383089 0.032787 0.060000
v 1.384709 0.035524 -0.060000
v 1.363004 0.046941 -0.035507
v 1.353245 0.052074 -0.024493
v 1.353245 0.052074 0.024493
v 1.363004 0.046941 0.035507
v 1.353249 0.052083 -0.024493
v 1.342594 0.056459 -0.012986
v 1.342594 0.056459 0.012986
v 1.353249 0.052083 0.024493
v 1.342509 0.056222 -0.012986
v 1.330123 0.060156 -0.000000
v 1.342509 0.056222 0.012986
v 1.387349 0.041981 0.060000
v 1.330056 0.059914 -0.000000
v 1.389271 0.049948 -0.060000
v 1.330226 0.060725 -0.000000
v 1.389271 0.049948 0.060000
v 1.390818 0.254469 -0.060000
v 1.330957 0.249629 -0.000000
v 1.390818 0.254469 0.060000
v 1.383938 0.293774 -0.060000
v 1.326366 0.276460 -0.000000
v 1.383938 0.293774 0.060000
v 1.370983 0.322402 -0.060000
v 1.320809 0.289123 -0.000000
v 1.370983 0.322402 0.060000
v 1.362489 0.333154 -0.060000
v 1.318690 0.291806 -0.000000
v 1.362489 0.333154 0.060000
v 1.352791 0.341766 -0.060000
v 1.316866 0.293425 -0.000000
v 1.352791 0.341766 0.060000
v 1.341994 0.348417 -0.060000
v 1.314644 0.294794 -0.000000
v 1.341994 0.348417 0.060000
v 1.317519 0.356537 -0.060000
v 1.305993 0.297551 -0.000000
v 1.317519 0.356537 0.060000
v 1.289905 0.358930 -0.060000
v 1.289810 0.298885 -0.000000
v 1.289905 0.358930 0.060000
v 1.240214 0.351612 -0.060000
v 1.257812 0.294210 -0.000000
v 1.240214 0.351612 0.060000
v 1.237251 0.285483 -0.000000
v 1.198958 0.332598 -0.060000
v 1.198958 0.332598 0.060000
v 1.188580 0.294622 -0.035507
v 1.211535 0.267524 -0.000000
v 1.188580 0.294622 0.035507
v 1.164797 0.306299 -0.060000
v 1.189290 0.295249 -0.035507
v 1.224797 0.279231 -0.000000
v 1.189290 0.295249 0.035507
v 1.164797 0.306299 0.060000
v 1.164797 0.304555 -0.060000
v 1.224797 0.304555 -0.000000
v 1.164797 0.304555 0.060000
v 1.167073 0.051487 -0.060000
v 1.226241 0.061539 -0.000000
v 1.167073 0.051487 0.060000
v 1.214018 0.056632 -0.012986
v 1.226508 0.060213 -0.000000
v 1.214018 0.056632 0.012986
v 1.203257 0.052511 -0.024493
v 1.214071 0.056471 -0.012986
v 1.214071 0.056471 0.012986
v 1.203257 0.052511 0.024493
v 1.171141 0.037248 -0.060000
v 1.193380 0.047570 -0.035507
v 1.203381 0.052211 -0.024493
v 1.203381 0.052211 0.024493
v 1.193380 0.047570 0.035507
v 1.171141 0.037248 0.060000
v 1.193489 0.047360 -0.035507
v 1.223826 0.065984 -0.000000
v 1.193489 0.047360 0.035507
v 1.174720 0.031503 -0.060000
v 1.193451 0.047414 -0.035507
v 1.220604 0.070479 -0.000000
v 1.193451 0.047414 0.035507
v 1.174720 0.031503 0.060000
v 1.193275 0.047590 -0.035507
v 1.193275 0.047590 0.035507
v 1.180341 0.026707 -0.060000
v 1.193444 0.047466 -0.035507
v 1.199335 0.056801 -0.024493
v 1.212438 0.077561 -0.000000
v 1.199335 0.056801 0.024493
v 1.193444 0.047466 0.035507
v 1.180341 0.026707 0.060000
v 1.198984 0.056991 -0.024493
v 1.203902 0.067413 -0.012986
v 1.203902 0.067413 0.012986
v 1.198984 0.056991 0.024493
v 1.187724 0.023241 -0.060000
v 1.203537 0.067562 -0.012986
v 1.207905 0.079804 -0.000000
v 1.203537 0.067562 0.012986
v 1.187724 0.023241 0.060000
v 1.227783 0.016393 -0.060000
v 1.287783 0.069756 -0.000000
v 1.227783 0.016393 0.060000
v 1.227783 -0.000000 -0.060000
v 1.287783 -0.064639 0.000000
v 1.227783 0.000000 0.060000
v 1.056946 -0.000000 -0.060000
v 0.996946 -0.064639 0.000000
v 1.056946 0.000000 0.060000
v 1.056946 0.016393 -0.060000
v 0.996946 0.069570 -0.000000
v 1.056946 0.016393 0.060000
v 1.886173 0.022898 -0.060000
v 1.871590 0.067627 -0.012986
v 1.867562 0.079982 -0.000000
v 1.871590 0.067627 0.012986
v 1.886173 0.022898 0.060000
v 1.876225 0.057071 -0.024493
v 1.871748 0.067685 -0.012986
v 1.871748 0.067685 0.012986
v 1.876225 0.057071 0.024493
v 1.893510 0.025979 -0.060000
v 1.881669 0.047466 -0.035507
v 1.876344 0.057128 -0.024493
v 1.876344 0.057128 0.024493
v 1.881669 0.047466 0.035507
v 1.893510 0.025979 0.060000
v 1.882171 0.047781 -0.035507
v 1.861262 0.076577 -0.000000
v 1.882171 0.047781 0.035507
v 1.899301 0.030174 -0.060000
v 1.882243 0.047841 -0.035507
v 1.882243 0.047841 0.035507
v 1.899301 0.030174 0.060000
v 1.901640 0.032787 -0.060000
v 1.881785 0.047330 -0.035507
v 1.853003 0.068412 -0.000000
v 1.881785 0.047330 0.035507
v 1.901640 0.032787 0.060000
v 1.881555 0.046941 -0.035507
v 1.871795 0.052074 -0.024493
v 1.871795 0.052074 0.024493
v 1.881555 0.046941 0.035507
v 1.871799 0.052083 -0.024493
v 1.861145 0.056459 -0.012986
v 1.861145 0.056459 0.012986
v 1.871799 0.052083 0.024493
v 1.905900 0.041981 -0.060000
v 1.861059 0.056222 -0.012986
v 1.848673 0.060156 -0.000000
v 1.861059 0.056222 0.012986
v 1.905900 0.041981 0.060000
v 1.848607 0.059914 -0.000000
v 1.907821 0.049948 -0.060000
v 1.848777 0.060725 -0.000000
v 1.907821 0.049948 0.060000
v 1.908555 0.326332 -0.060000
v 1.908555 0.326332 0.060000
v 1.861776 0.320841 -0.012986
v 1.849087 0.318026 -0.000000
v 1.861776 0.320841 0.012986
v 1.906628 0.335122 -0.060000
v 1.872792 0.324193 -0.024493
v 1.861826 0.320651 -0.012986
v 1.861826 0.320651 0.012986
v 1.872792 0.324193 0.024493
v 1.906628 0.335122 0.060000
v 1.882989 0.328361 -0.035507
v 1.872968 0.323733 -0.024493
v 1.850682 0.313440 -0.000000
v 1.872968 0.323733 0.024493
v 1.882989 0.328361 0.035507
v 1.903622 0.341683 -0.060000
v 1.892708 0.334573 -0.047014
v 1.883037 0.328273 -0.035507
v 1.883037 0.328273 0.035507
v 1.892708 0.334573 0.047014
v 1.903622 0.341683 0.060000
v 1.901640 0.344262 -0.060000
v 1.892111 0.335349 -0.047014
v 1.857617 0.303080 -0.000000
v 1.892111 0.335349 0.047014
v 1.901640 0.344262 0.060000
v 1.891833 0.335594 -0.047014
v 1.884775 0.326477 -0.035507
v 1.884775 0.326477 0.035507
v 1.891833 0.335594 0.047014
v 1.897693 0.347310 -0.060000
v 1.885144 0.326227 -0.035507
v 1.866951 0.295664 -0.000000
v 1.885144 0.326227 0.035507
v 1.897693 0.347310 0.060000
v 1.885103 0.326248 -0.035507
v 1.880529 0.316214 -0.024493
v 1.880529 0.316214 0.024493
v 1.885103 0.326248 0.035507
v 1.892500 0.349663 -0.060000
v 1.880775 0.316116 -0.024493
v 1.876976 0.305244 -0.012986
v 1.876976 0.305244 0.012986
v 1.880775 0.316116 0.024493
v 1.892500 0.349663 0.060000
v 1.877074 0.305214 -0.012986
v 1.873693 0.292669 -0.000000
v 1.877074 0.305214 0.012986
v 1.851596 0.355479 -0.060000
v 1.791596 0.300404 -0.000000
v 1.851596 0.355479 0.060000
v 1.851596 0.371872 -0.060000
v 1.791596 0.426858 -0.000000
v 1.851596 0.371872 0.060000
v 1.884752 0.436528 -0.000000
v 1.947369 0.391717 -0.060000
v 1.954358 0.456828 -0.000000
v 1.947369 0.391717 0.060000
v 1.959448 0.384815 -0.060000
v 2.023000 0.417604 -0.000000
v 1.959448 0.384815 0.060000
v 1.956032 0.333191 -0.060000
v 2.016028 0.332411 -0.000000
v 1.956032 0.333191 0.060000
v 1.955997 0.327869 -0.060000
v 2.016950 0.472860 -0.000000
v 1.955997 0.327869 0.060000
v 1.965587 0.337383 -0.060000
v 1.924085 0.380728 -0.000000
v 1.965587 0.337383 0.060000
v 2.006884 0.370348 -0.060000
v 1.975013 0.421222 -0.000000
v 2.006884 0.370348 0.060000
v 2.055611 0.391569 -0.060000
v 2.040726 0.449749 -0.000000
v 2.055611 0.391569 0.060000
v 2.083899 0.396277 -0.060000
v 2.078993 0.456128 -0.000000
v 2.083899 0.396277 0.060000
v 2.112850 0.396394 -0.060000
v 2.117414 0.456266 -0.000000
v 2.112850 0.396394 0.060000
v 2.137741 0.392445 -0.060000
v 2.152463 0.450677 -0.000000
v 2.137741 0.392445 0.060000
v 2.159504 0.384686 -0.060000
v 2.185346 0.438924 -0.000000
v 2.159504 0.384686 0.060000
v 2.178163 0.373259 -0.060000
v 2.214876 0.420827 -0.000000
v 2.178163 0.373259 0.060000
v 2.186336 0.366216 -0.060000
v 2.227932 0.409575 -0.000000
v 2.186336 0.366216 0.060000
v 2.200385 0.349559 -0.060000
v 2.200385 0.349559 0.060000
v 2.217647 0.346265 -0.047014
v 2.258848 0.369013 -0.000000
v 2.217647 0.346265 0.047014
v 2.211389 0.329594 -0.060000
v 2.215813 0.349983 -0.047014
v 2.231826 0.423795 -0.000000
v 2.215813 0.349983 0.047014
v 2.211389 0.329594 0.060000
v 2.214653 0.349035 -0.047014
v 2.185283 0.385749 -0.000000
v 2.214653 0.349035 0.047014
v 2.256990 0.363915 -0.060000
v 2.256990 0.363915 0.060000
v 2.293372 0.383113 -0.060000
v 2.270746 0.438725 -0.000000
v 2.293372 0.383113 0.060000
v 2.334500 0.394545 -0.060000
v 2.325274 0.453880 -0.000000
v 2.334500 0.394545 0.060000
v 2.365833 0.396894 -0.060000
v 2.366310 0.456953 -0.000000
v 2.365833 0.396894 0.060000
v 2.408031 0.392216 -0.060000
v 2.422485 0.450599 -0.000000
v 2.408031 0.392216 0.060000
v 2.441696 0.378455 -0.060000
v 2.473289 0.429713 -0.000000
v 2.441696 0.378455 0.060000
v 2.455449 0.368296 -0.060000
v 2.495224 0.413509 -0.000000
v 2.455449 0.368296 0.060000
v 2.467213 0.356018 -0.060000
v 2.513940 0.393976 -0.000000
v 2.467213 0.356018 0.060000
v 2.477036 0.341673 -0.060000
v 2.529074 0.371874 -0.000000
v 2.477036 0.341673 0.060000
v 2.491049 0.306986 -0.060000
v 2.549051 0.322702 -0.000000
v 2.491049 0.306986 0.060000
v 2.547823 0.056709 -0.012986
v 2.560385 0.060036 -0.000000
v 2.547823 0.056709 0.012986
v 2.503500 0.040876 -0.060000
v 2.537002 0.052744 -0.024493
v 2.547859 0.056591 -0.012986
v 2.547859 0.056591 0.012986
v 2.537002 0.052744 0.024493
v 2.503500 0.040876 0.060000
v 2.527072 0.047923 -0.035507
v 2.537057 0.052609 -0.024493
v 2.559261 0.063031 -0.000000
v 2.537057 0.052609 0.024493
v 2.527072 0.047923 0.035507
v 2.506471 0.034513 -0.060000
v 2.527304 0.047492 -0.035507
v 2.527304 0.047492 0.035507
v 2.506471 0.034513 0.060000
v 2.508629 0.031503 -0.060000
v 2.527359 0.047414 -0.035507
v 2.554512 0.070480 -0.000000
v 2.527359 0.047414 0.035507
v 2.508629 0.031503 0.060000
v 2.527184 0.047589 -0.035507
v 2.527184 0.047589 0.035507
v 2.514250 0.026707 -0.060000
v 2.527353 0.047466 -0.035507
v 2.533244 0.056801 -0.024493
v 2.546347 0.077561 -0.000000
v 2.533244 0.056801 0.024493
v 2.527353 0.047466 0.035507
v 2.514250 0.026707 0.060000
v 2.532893 0.056991 -0.024493
v 2.537811 0.067413 -0.012986
v 2.537811 0.067413 0.012986
v 2.532893 0.056991 0.024493
v 2.521633 0.023241 -0.060000
v 2.537446 0.067562 -0.012986
v 2.541814 0.079804 -0.000000
v 2.537446 0.067562 0.012986
v 2.521633 0.023241 0.060000
v 2.561691 0.016393 -0.060000
v 2.621691 0.069756 -0.000000
v 2.561691 0.016393 0.060000
v 2.561691 -0.000000 -0.060000
v 2.621691 -0.064639 0.000000
v 2.561691 0.000000 0.060000
v 2.390854 -0.000000 -0.060000
v 2.330854 -0.064639 0.000000
v 2.390854 0.000000 0.060000
v 2.390854 0.016393 -0.060000
v 2.330854 0.069570 -0.000000
v 2.390854 0.016393 0.060000
v 2.429746 0.022898 -0.060000
v 2.415163 0.067626 -0.012986
v 2.411134 0.079982 -0.000000
v 2.415163 0.067626 0.012986
v 2.429746 0.022898 0.060000
v 2.419797 0.057070 -0.024493
v 2.415320 0.067685 -0.012986
v 2.415320 0.067685 0.012986
v 2.419797 0.057070 0.024493
v 2.437083 0.025979 -0.060000
v 2.425241 0.047465 -0.035507
v 2.419916 0.057127 -0.024493
v 2.419916 0.057127 0.024493
v 2.425241 0.047465 0.035507
v 2.437083 0.025979 0.060000
v 2.425743 0.047781 -0.035507
v 2.404833 0.076577 -0.000000
v 2.425743 0.047781 0.035507
v 2.442873 0.030174 -0.060000
v 2.425815 0.047841 -0.035507
v 2.425815 0.047841 0.035507
v 2.442873 0.030174 0.060000
v 2.445212 0.032787 -0.060000
v 2.425674 0.047684 -0.035507
v 2.397352 0.069280 -0.000000
v 2.425674 0.047684 0.035507
v 2.445212 0.032787 0.060000
v 2.425578 0.047535 -0.035507
v 2.415940 0.052911 -0.024493
v 2.394506 0.064868 -0.000000
v 2.415940 0.052911 0.024493
v 2.425578 0.047535 0.035507
v 2.448547 0.038799 -0.060000
v 2.415668 0.052341 -0.024493
v 2.415668 0.052341 0.024493
v 2.448547 0.038799 0.060000
v 2.415811 0.052749 -0.024493
v 2.392340 0.059832 -0.000000
v 2.415811 0.052749 0.024493
v 2.392249 0.059476 -0.000000
v 2.452438 0.056622 -0.060000
v 2.452438 0.056622 0.060000
v 2.452904 0.254469 -0.060000
v 2.393054 0.249428 -0.000000
v 2.452904 0.254469 0.060000
v 2.445724 0.293774 -0.060000
v 2.388362 0.275739 -0.000000
v 2.445724 0.293774 0.060000
v 2.432144 0.322402 -0.060000
v 2.382729 0.287989 -0.000000
v 2.432144 0.322402 0.060000
v 2.423210 0.333154 -0.060000
v 2.380478 0.290697 -0.000000
v 2.423210 0.333154 0.060000
v 2.412981 0.341766 -0.060000
v 2.378305 0.292527 -0.000000
v 2.412981 0.341766 0.060000
v 2.401560 0.348417 -0.060000
v 2.375432 0.294199 -0.000000
v 2.401560 0.348417 0.060000
v 2.375547 0.356537 -0.060000
v 2.364707 0.297431 -0.000000
v 2.375547 0.356537 0.060000
v 2.345988 0.358930 -0.060000
v 2.345805 0.298895 -0.000000
v 2.345988 0.358930 0.060000
v 2.296744 0.352795 -0.060000
v 2.311655 0.294648 -0.000000
v 2.296744 0.352795 0.060000
v 2.288975 0.286611 -0.000000
v 2.254019 0.336305 -0.060000
v 2.254019 0.336305 0.060000
v 2.233653 0.308362 -0.047014
v 2.261279 0.270306 -0.000000
v 2.233653 0.308362 0.047014
v 2.217429 0.312338 -0.060000
v 2.232537 0.307513 -0.047014
v 2.287232 0.290045 -0.000000
v 2.232537 0.307513 0.047014
v 2.217429 0.312338 0.060000
v 2.231535 0.310725 -0.047014
v 2.276678 0.323887 -0.000000
v 2.231535 0.310725 0.047014
v 2.221824 0.296174 -0.060000
v 2.221824 0.296174 0.060000
v 2.283240 0.293866 -0.000000
v 2.228214 0.056083 -0.060000
v 2.228214 0.056083 0.060000
v 2.288215 0.060401 -0.000000
v 2.275655 0.057101 -0.012986
v 2.288111 0.060808 -0.000000
v 2.275655 0.057101 0.012986
v 2.231713 0.040297 -0.060000
v 2.264784 0.053329 -0.024493
v 2.275501 0.057553 -0.012986
v 2.275501 0.057553 0.012986
v 2.264784 0.053329 0.024493
v 2.231713 0.040297 0.060000
v 2.233083 0.037249 -0.060000
v 2.264687 0.053545 -0.024493
v 2.286488 0.064786 -0.000000
v 2.264687 0.053545 0.024493
v 2.233083 0.037249 0.060000
v 2.255249 0.047866 -0.035507
v 2.264496 0.053871 -0.024493
v 2.264496 0.053871 0.024493
v 2.255249 0.047866 0.035507
v 2.236843 0.031503 -0.060000
v 2.255574 0.047414 -0.035507
v 2.282727 0.070479 -0.000000
v 2.255574 0.047414 0.035507
v 2.236843 0.031503 0.060000
v 2.255398 0.047589 -0.035507
v 2.255398 0.047589 0.035507
v 2.242464 0.026707 -0.060000
v 2.255566 0.047466 -0.035507
v 2.261458 0.056801 -0.024493
v 2.274560 0.077561 -0.000000
v 2.261458 0.056801 0.024493
v 2.255566 0.047466 0.035507
v 2.242464 0.026707 0.060000
v 2.261107 0.056991 -0.024493
v 2.266024 0.067413 -0.012986
v 2.266024 0.067413 0.012986
v 2.261107 0.056991 0.024493
v 2.249847 0.023241 -0.060000
v 2.265660 0.067562 -0.012986
v 2.270027 0.079804 -0.000000
v 2.265660 0.067562 0.012986
v 2.249847 0.023241 0.060000
v 2.289905 0.016393 -0.060000
v 2.349905 0.069756 -0.000000
v 2.289905 0.016393 0.060000
v 2.289905 -0.000000 -0.060000
v 2.349905 -0.064639 0.000000
v 2.289905 0.000000 0.060000
v 2.119068 -0.000000 -0.060000
v 2.059068 -0.064639 0.000000
v 2.119068 0.000000 0.060000
v 2.119068 0.016393 -0.060000
v 2.059068 0.069570 -0.000000
v 2.119068 0.016393 0.060000
v 2.157960 0.022898 -0.060000
v 2.143377 0.067626 -0.012986
v 2.139348 0.079982 -0.000000
v 2.143377 0.067626 0.012986
v 2.157960 0.022898 0.060000
v 2.148011 0.057070 -0.024493
v 2.143534 0.067685 -0.012986
v 2.143534 0.067685 0.012986
v 2.148011 0.057070 0.024493
v 2.165297 0.025979 -0.060000
v 2.153455 0.047465 -0.035507
v 2.148130 0.057127 -0.024493
v 2.148130 0.057127 0.024493
v 2.153455 0.047465 0.035507
v 2.165297 0.025979 0.060000
v 2.153957 0.047781 -0.035507
v 2.133047 0.076577 -0.000000
v 2.153957 0.047781 0.035507
v 2.171088 0.030174 -0.060000
v 2.154029 0.047841 -0.035507
v 2.154029 0.047841 0.035507
v 2.171088 0.030174 0.060000
v 2.173426 0.032787 -0.060000
v 2.153571 0.047330 -0.035507
v 2.124789 0.068412 -0.000000
v 2.153571 0.047330 0.035507
v 2.173426 0.032787 0.060000
v 2.175046 0.035524 -0.060000
v 2.153341 0.046941 -0.035507
v 2.143581 0.052074 -0.024493
v 2.143581 0.052074 0.024493
v 2.153341 0.046941 0.035507
v 2.175046 0.035524 0.060000
v 2.143585 0.052083 -0.024493
v 2.132931 0.056459 -0.012986
v 2.132931 0.056459 0.012986
v 2.143585 0.052083 0.024493
v 2.132845 0.056222 -0.012986
v 2.120460 0.060156 -0.000000
v 2.132845 0.056222 0.012986
v 2.120393 0.059915 -0.000000
v 2.179607 0.049948 -0.060000
v 2.120563 0.060726 -0.000000
v 2.179607 0.049948 0.060000
v 2.181154 0.254469 -0.060000
v 2.121293 0.249630 -0.000000
v 2.181154 0.254469 0.060000
v 2.174275 0.293774 -0.060000
v 2.116703 0.276460 -0.000000
v 2.174275 0.293774 0.060000
v 2.161320 0.322402 -0.060000
v 2.111146 0.289123 -0.000000
v 2.161320 0.322402 0.060000
v 2.152826 0.333154 -0.060000
v 2.109027 0.291806 -0.000000
v 2.152826 0.333154 0.060000
v 2.143128 0.341766 -0.060000
v 2.107203 0.293425 -0.000000
v 2.143128 0.341766 0.060000
v 2.132330 0.348417 -0.060000
v 2.104980 0.294794 -0.000000
v 2.132330 0.348417 0.060000
v 2.107856 0.356537 -0.060000
v 2.096330 0.297551 -0.000000
v 2.107856 0.356537 0.060000
v 2.080242 0.358930 -0.060000
v 2.080146 0.298885 -0.000000
v 2.080242 0.358930 0.060000
v 2.030550 0.351612 -0.060000
v 2.048148 0.294210 -0.000000
v 2.030550 0.351612 0.060000
v 2.027588 0.285483 -0.000000
v 1.989295 0.332598 -0.060000
v 1.989295 0.332598 0.060000
v 1.978917 0.294622 -0.035507
v 2.001872 0.267524 -0.000000
v 1.978917 0.294622 0.035507
v 1.955134 0.306299 -0.060000
v 1.979627 0.295249 -0.035507
v 2.015134 0.279231 -0.000000
v 1.979627 0.295249 0.035507
v 1.955134 0.306299 0.060000
v 1.955134 0.304555 -0.060000
v 2.015134 0.304555 -0.000000
v 1.955134 0.304555 0.060000
v 1.957409 0.051487 -0.060000
v 2.016577 0.061539 -0.000000
v 1.957409 0.051487 0.060000
v 2.004355 0.056632 -0.012986
v 2.016845 0.060213 -0.000000
v 2.004355 0.056632 0.012986
v 1.993594 0.052511 -0.024493
v 2.004407 0.056471 -0.012986
v 2.004407 0.056471 0.012986
v 1.993594 0.052511 0.024493
v 1.961478 0.037248 -0.060000
v 1.983717 0.047570 -0.035507
v 1.993717 0.052211 -0.024493
v 1.993717 0.052211 0.024493
v 1.983717 0.047570 0.035507
v 1.961478 0.037248 0.060000
v 1.983826 0.047360 -0.035507
v 2.014163 0.065984 -0.000000
v 1.983826 0.047360 0.035507
v 1.965057 0.031503 -0.060000
v 1.983788 0.047413 -0.035507
v 2.010941 0.070478 -0.000000
v 1.983788 0.047413 0.035507
v 1.965057 0.031503 0.060000
v 1.983611 0.047590 -0.035507
v 1.983611 0.047590 0.035507
v 1.970678 0.026707 -0.060000
v 1.983780 0.047466 -0.035507
v 1.989672 0.056801 -0.024493
v 2.002774 0.077561 -0.000000
v 1.989672 0.056801 0.024493
v 1.983780 0.047466 0.035507
v 1.970678 0.026707 0.060000
v 1.989321 0.056991 -0.024493
v 1.994238 0.067413 -0.012986
v 1.994238 0.067413 0.012986
v 1.989321 0.056991 0.024493
v 1.978061 0.023241 -0.060000
v 1.993873 0.067562 -0.012986
v 1.998241 0.079804 -0.000000
v 1.993873 0.067562 0.012986
v 1.978061 0.023241 0.060000
v 2.018119 0.016393 -0.060000
v 2.078119 0.069756 -0.000000
v 2.018119 0.016393 0.060000
v 2.018119 -0.000000 -0.060000
v 2.078119 -0.064639 0.000000
v 2.018119 0.000000 0.060000
v 1.847282 -0.000000 -0.060000
v 1.787282 -0.064639 0.000000
v 1.847282 0.000000 0.060000
v 1.847282 0.016393 -0.060000
v 1.787282 0.069570 -0.000000
v 1.847282 0.016393 0.060000
v 2.673346 0.527297 -0.060000
v 2.613744 0.535271 -0.000000
v 2.673346 0.527297 0.060000
v 2.676028 0.537168 -0.060000
v 2.620587 0.560446 -0.000000
v 2.676028 0.537168 0.060000
v 2.681046 0.545782 -0.060000
v 2.633435 0.582499 -0.000000
v 2.681046 0.545782 0.060000
v 2.688041 0.552777 -0.060000
v 2.651325 0.600388 -0.000000
v 2.688041 0.552777 0.060000
v 2.696654 0.557795 -0.060000
v 2.673378 0.613236 -0.000000
v 2.696654 0.557795 0.060000
v 2.706526 0.560476 -0.060000
v 2.698550 0.620079 -0.000000
v 2.706526 0.560476 0.060000
v 2.717116 0.560476 -0.060000
v 2.725092 0.620079 -0.000000
v 2.717116 0.560476 0.060000
v 2.726987 0.557795 -0.060000
v 2.750264 0.613236 -0.000000
v 2.726987 0.557795 0.060000
v 2.735600 0.552777 -0.060000
v 2.772317 0.600388 -0.000000
v 2.735600 0.552777 0.060000
v 2.742596 0.545782 -0.060000
v 2.790207 0.582499 -0.000000
v 2.742596 0.545782 0.060000
v 2.747614 0.537168 -0.060000
v 2.803055 0.560446 -0.000000
v 2.747614 0.537168 0.060000
v 2.750296 0.527297 -0.060000
v 2.809898 0.535272 -0.000000
v 2.750296 0.527297 0.060000
v 2.750296 0.516707 -0.060000
v 2.809898 0.508731 -0.000000
v 2.750296 0.516707 0.060000
v 2.747614 0.506835 -0.060000
v 2.803055 0.483558 -0.000000
v 2.747614 0.506835 0.060000
v 2.742596 0.498222 -0.060000
v 2.790207 0.461505 -0.000000
v 2.742596 0.498222 0.060000
v 2.735600 0.491227 -0.060000
v 2.772317 0.443616 -0.000000
v 2.735600 0.491227 0.060000
v 2.726987 0.486208 -0.060000
v 2.750264 0.430768 -0.000000
v 2.726987 0.486208 0.060000
v 2.717116 0.483527 -0.060000
v 2.725092 0.423925 -0.000000
v 2.717116 0.483527 0.060000
v 2.706526 0.483527 -0.060000
v 2.698550 0.423925 -0.000000
v 2.706526 0.483527 0.060000
v 2.696655 0.486208 -0.060000
v 2.673378 0.430768 -0.000000
v 2.696655 0.486208 0.060000
v 2.688041 0.491227 -0.060000
v 2.651325 0.443616 -0.000000
v 2.688041 0.491227 0.060000
v 2.681046 0.498222 -0.060000
v 2.633435 0.461505 -0.000000
v 2.681046 0.498222 0.060000
v 2.676028 0.506835 -0.060000
v 2.620587 0.483558 -0.000000
v 2.676028 0.506835 0.060000
v 2.673346 0.516707 -0.060000
v 2.613744 0.508731 -0.000000
v 2.673346 0.516707 0.060000
v 2.747746 0.051487 -0.060000
v 2.806913 0.061540 -0.000000
v 2.747746 0.051487 0.060000
v 2.794691 0.056633 -0.012986
v 2.807181 0.060214 -0.000000
v 2.794691 0.056633 0.012986
v 2.783930 0.052511 -0.024493
v 2.794744 0.056471 -0.012986
v 2.794744 0.056471 0.012986
v 2.783930 0.052511 0.024493
v 2.751814 0.037248 -0.060000
v 2.763606 0.042720 -0.047014
v 2.774054 0.047569 -0.035507
v 2.784054 0.052210 -0.024493
v 2.784054 0.052210 0.024493
v 2.774054 0.047569 0.035507
v 2.763606 0.042720 0.047014
v 2.751814 0.037248 0.060000
v 2.774162 0.047360 -0.035507
v 2.804499 0.065986 -0.000000
v 2.774162 0.047360 0.035507
v 2.755394 0.031503 -0.060000
v 2.774124 0.047414 -0.035507
v 2.801276 0.070480 -0.000000
v 2.774124 0.047414 0.035507
v 2.755394 0.031503 0.060000
v 2.773948 0.047589 -0.035507
v 2.773948 0.047589 0.035507
v 2.761015 0.026707 -0.060000
v 2.774117 0.047466 -0.035507
v 2.780009 0.056801 -0.024493
v 2.793111 0.077561 -0.000000
v 2.780009 0.056801 0.024493
v 2.774117 0.047466 0.035507
v 2.761015 0.026707 0.060000
v 2.779658 0.056991 -0.024493
v 2.784575 0.067413 -0.012986
v 2.784575 0.067413 0.012986
v 2.779658 0.056991 0.024493
v 2.768398 0.023241 -0.060000
v 2.784210 0.067562 -0.012986
v 2.788578 0.079804 -0.000000
v 2.784210 0.067562 0.012986
v 2.768398 0.023241 0.060000
v 2.808456 0.016393 -0.060000
v 2.868456 0.069756 -0.000000
v 2.808456 0.016393 0.060000
v 2.808456 -0.000000 -0.060000
v 2.868456 -0.064639 0.000000
v 2.808456 0.000000 0.060000
v 2.637619 -0.000000 -0.060000
v 2.577619 -0.064639 0.000000
v 2.637619 0.000000 0.060000
v 2.637619 0.016393 -0.060000
v 2.577619 0.069570 -0.000000
v 2.637619 0.016393 0.060000
v 2.676510 0.022898 -0.060000
v 2.661927 0.067626 -0.012986
v 2.657899 0.079982 -0.000000
v 2.661927 0.067626 0.012986
v 2.676510 0.022898 0.060000
v 2.666562 0.057070 -0.024493
v 2.662085 0.067685 -0.012986
v 2.662085 0.067685 0.012986
v 2.666562 0.057070 0.024493
v 2.683847 0.025979 -0.060000
v 2.672005 0.047465 -0.035507
v 2.666681 0.057127 -0.024493
v 2.666681 0.057127 0.024493
v 2.672005 0.047465 0.035507
v 2.683847 0.025979 0.060000
v 2.672507 0.047781 -0.035507
v 2.651598 0.076577 -0.000000
v 2.672507 0.047781 0.035507
v 2.689638 0.030174 -0.060000
v 2.672580 0.047841 -0.035507
v 2.672580 0.047841 0.035507
v 2.689638 0.030174 0.060000
v 2.691976 0.032787 -0.060000
v 2.672121 0.047329 -0.035507
v 2.643338 0.068410 -0.000000
v 2.672121 0.047329 0.035507
v 2.691976 0.032787 0.060000
v 2.671891 0.046941 -0.035507
v 2.662132 0.052074 -0.024493
v 2.662132 0.052074 0.024493
v 2.671891 0.046941 0.035507
v 2.693596 0.035524 0.060000
v 2.662136 0.052084 -0.024493
v 2.651482 0.056460 -0.012986
v 2.651482 0.056460 0.012986
v 2.662136 0.052084 0.024493
v 2.696236 0.041981 -0.060000
v 2.651396 0.056222 -0.012986
v 2.639010 0.060156 -0.000000
v 2.651396 0.056222 0.012986
v 2.638943 0.059915 -0.000000
v 2.698158 0.049948 -0.060000
v 2.639113 0.060726 -0.000000
v 2.698158 0.049948 0.060000
v 2.698892 0.326332 -0.060000
v 2.698892 0.326332 0.060000
v 2.652112 0.320841 -0.012986
v 2.639424 0.318026 -0.000000
v 2.652112 0.320841 0.012986
v 2.696964 0.335122 -0.060000
v 2.663128 0.324192 -0.024493
v 2.652163 0.320650 -0.012986
v 2.652163 0.320650 0.012986
v 2.663128 0.324192 0.024493
v 2.696964 0.335122 0.060000
v 2.673325 0.328361 -0.035507
v 2.663304 0.323732 -0.024493
v 2.641019 0.313439 -0.000000
v 2.663304 0.323732 0.024493
v 2.673325 0.328361 0.035507
v 2.693958 0.341683 -0.060000
v 2.683044 0.334573 -0.047014
v 2.673373 0.328274 -0.035507
v 2.673373 0.328274 0.035507
v 2.683044 0.334573 0.047014
v 2.693958 0.341683 0.060000
v 2.691976 0.344262 -0.060000
v 2.682448 0.335349 -0.047014
v 2.647954 0.303079 -0.000000
v 2.682448 0.335349 0.047014
v 2.691976 0.344262 0.060000
v 2.682170 0.335594 -0.047014
v 2.675112 0.326476 -0.035507
v 2.675112 0.326476 0.035507
v 2.682170 0.335594 0.047014
v 2.688029 0.347310 -0.060000
v 2.675479 0.326227 -0.035507
v 2.657286 0.295664 -0.000000
v 2.675479 0.326227 0.035507
v 2.688029 0.347310 0.060000
v 2.675439 0.326248 -0.035507
v 2.670865 0.316214 -0.024493
v 2.670865 0.316214 0.024493
v 2.675439 0.326248 0.035507
v 2.682837 0.349663 -0.060000
v 2.671112 0.316116 -0.024493
v 2.667312 0.305244 -0.012986
v 2.667312 0.305244 0.012986
v 2.671112 0.316116 0.024493
v 2.682837 0.349663 0.060000
v 2.667411 0.305214 -0.012986
v 2.664029 0.292669 -0.000000
v 2.667411 0.305214 0.012986
v 2.641933 0.355479 -0.060000
v 2.581933 0.300404 -0.000000
v 2.641933 0.355479 0.060000
v 2.641933 0.371872 -0.060000
v 2.581933 0.426858 -0.000000
v 2.641933 0.371872 0.060000
v 2.675089 0.436528 -0.000000
v 2.737705 0.391717 -0.060000
v 2.744694 0.456828 -0.000000
v 2.737705 0.391717 0.060000
v 2.749785 0.384815 -0.060000
v 2.813811 0.417333 -0.000000
v 2.749785 0.384815 0.060000
v 2.914056 0.307235 -0.060000
v 2.854656 0.317049 -0.000000
v 2.914056 0.307235 0.060000
v 2.917566 0.321198 -0.060000
v 2.860574 0.340592 -0.000000
v 2.917566 0.321198 0.060000
v 2.923250 0.334286 -0.060000
v 2.870107 0.362540 -0.000000
v 2.923250 0.334286 0.060000
v 2.930975 0.346403 -0.060000
v 2.882793 0.382440 -0.000000
v 2.930975 0.346403 0.060000
v 2.952006 0.367343 -0.060000
v 2.915637 0.415222 -0.000000
v 2.952006 0.367343 0.060000
v 2.979580 0.383249 -0.060000
v 2.955758 0.438421 -0.000000
v 2.979580 0.383249 0.060000
v 3.012619 0.393355 -0.060000
v 3.001022 0.452302 -0.000000
v 3.012619 0.393355 0.060000
v 3.050043 0.396894 -0.060000
v 3.049158 0.456918 -0.000000
v 3.050043 0.396894 0.060000
v 3.129997 0.385006 -0.060000
v 3.148395 0.442136 -0.000000
v 3.129997 0.385006 0.060000
v 3.166523 0.368421 -0.060000
v 3.232205 0.399699 -0.000000
v 3.166523 0.368421 0.060000
v 3.150992 0.270060 -0.060000
v 3.202262 0.210060 -0.000000
v 3.150992 0.270060 0.060000
v 3.135462 0.270060 -0.060000
v 3.087485 0.210060 -0.000000
v 3.135462 0.270060 0.060000
v 3.115617 0.358067 -0.060000
v 3.104369 0.348915 -0.047014
v 3.063646 0.315782 -0.000000
v 3.104369 0.348915 0.047014
v 3.115617 0.358067 0.060000
v 3.103917 0.349120 -0.047014
v 3.085515 0.305842 -0.000000
v 3.103917 0.349120 0.047014
v 3.089861 0.367622 -0.060000
v 3.074651 0.309565 -0.000000
v 3.089861 0.367622 0.060000
v 3.065446 0.371808 -0.060000
v 3.059922 0.312055 -0.000000
v 3.065446 0.371808 0.060000
v 3.027574 0.372119 -0.060000
v 3.033158 0.312308 -0.000000
v 3.027574 0.372119 0.060000
v 3.003546 0.367410 -0.060000
v 3.021846 0.310156 -0.000000
v 3.003546 0.367410 0.060000
v 2.984371 0.358567 -0.060000
v 3.016807 0.307914 -0.000000
v 2.984371 0.358567 0.060000
v 2.970026 0.346189 -0.060000
v 3.015736 0.307058 -0.000000
v 2.970026 0.346189 0.060000
v 2.964657 0.338862 -0.060000
v 3.015739 0.307062 -0.000000
v 2.964657 0.338862 0.060000
v 2.957511 0.322305 -0.060000
v 3.015574 0.306608 -0.000000
v 2.957511 0.322305 0.060000
v 2.955134 0.303710 -0.060000
v 3.015264 0.303919 -0.000000
v 2.955134 0.303710 0.060000
v 3.015338 0.302844 -0.000000
v 2.957770 0.285343 -0.060000
v 3.015276 0.303122 -0.000000
v 2.957770 0.285343 0.060000
v 2.961039 0.277152 -0.060000
v 3.015014 0.303779 -0.000000
v 2.961039 0.277152 0.060000
v 3.014919 0.303939 -0.000000
v 2.971386 0.262362 -0.060000
v 3.015622 0.303072 -0.000000
v 2.971386 0.262362 0.060000
v 2.986696 0.249178 -0.060000
v 3.021579 0.298058 -0.000000
v 2.986696 0.249178 0.060000
v 3.121373 0.181446 -0.060000
v 3.155203 0.231058 -0.000000
v 3.121373 0.181446 0.060000
v 3.144500 0.162421 -0.060000
v 3.187696 0.204228 -0.000000
v 3.144500 0.162421 0.060000
v 3.161360 0.139560 -0.060000
v 3.214673 0.167504 -0.000000
v 3.161360 0.139560 0.060000
v 3.166983 0.126362 -0.060000
v 3.224141 0.145281 -0.000000
v 3.166983 0.126362 0.060000
v 3.170490 0.111810 -0.060000
v 3.229956 0.121157 -0.000000
v 3.170490 0.111810 0.060000
v 3.171700 0.095772 -0.060000
v 3.231903 0.095343 -0.000000
v 3.171700 0.095772 0.060000
v 3.170262 0.079762 -0.060000
v 3.229524 0.068851 -0.000000
v 3.170262 0.079762 0.060000
v 3.166095 0.064971 -0.060000
v 3.222350 0.043385 -0.000000
v 3.166095 0.064971 0.060000
v 3.159418 0.051432 -0.060000
v 3.210919 0.020208 -0.000000
v 3.159418 0.051432 0.060000
v 3.150449 0.039178 -0.060000
v 3.196052 -0.000103 0.000000
v 3.150449 0.039178 0.060000
v 3.126510 0.018658 -0.060000
v 3.159276 -0.031746 0.000000
v 3.126510 0.018658 0.060000
v 3.096028 0.003675 -0.060000
v 3.116731 -0.052721 0.000000
v 3.096028 0.003675 0.060000
v 3.060753 -0.005508 -0.060000
v 3.070683 -0.064738 0.000000
v 3.060753 -0.005508 0.060000
v 3.022434 -0.008628 -0.060000
v 3.023134 -0.068649 0.000000
v 3.022434 -0.008628 0.060000
v 2.939604 0.003515 -0.060000
v 2.921538 -0.053720 0.000000
v 2.939604 0.003515 0.060000
v 2.900777 0.020708 -0.060000
v 2.834933 -0.011137 0.000000
v 2.900777 0.020708 0.060000
v 2.917170 0.123382 -0.060000
v 2.865990 0.183382 -0.000000
v 2.917170 0.123382 0.060000
v 2.932701 0.123382 -0.060000
v 2.979755 0.183382 -0.000000
v 2.932701 0.123382 0.060000
v 2.955997 0.028473 -0.060000
v 2.966949 0.038330 -0.047014
v 3.006599 0.074015 -0.000000
v 2.966949 0.038330 0.047014
v 2.955997 0.028473 0.060000
v 2.966433 0.038516 -0.047014
v 2.981625 0.083014 -0.000000
v 2.966433 0.038516 0.047014
v 2.980859 0.020899 -0.060000
v 2.994408 0.079358 -0.000000
v 2.980859 0.020899 0.060000
v 3.031924 0.015531 -0.060000
v 3.031022 0.075544 -0.000000
v 3.031924 0.015531 0.060000
v 3.059455 0.017843 -0.060000
v 3.048867 0.076972 -0.000000
v 3.059455 0.017843 0.060000
v 3.083054 0.024542 -0.060000
v 3.060252 0.080151 -0.000000
v 3.083054 0.024542 0.060000
v 3.102244 0.035267 -0.060000
v 3.066088 0.083333 -0.000000
v 3.102244 0.035267 0.060000
v 3.116544 0.049660 -0.060000
v 3.067813 0.084984 -0.000000
v 3.116544 0.049660 0.060000
v 3.121711 0.058119 -0.060000
v 3.067977 0.085252 -0.000000
v 3.121711 0.058119 0.060000
v 3.125476 0.067359 -0.060000
v 3.068095 0.085541 -0.000000
v 3.125476 0.067359 0.060000
v 3.127779 0.077337 -0.060000
v 3.068276 0.086326 -0.000000
v 3.127779 0.077337 0.060000
v 3.127827 0.098670 -0.060000
v 3.068285 0.089948 -0.000000
v 3.127827 0.098670 0.060000
v 3.125648 0.108311 -0.060000
v 3.068238 0.090153 -0.000000
v 3.125648 0.108311 0.060000
v 3.122048 0.117059 -0.060000
v 3.068489 0.089544 -0.000000
v 3.122048 0.117059 0.060000
v 3.117055 0.125044 -0.060000
v 3.068644 0.089296 -0.000000
v 3.117055 0.125044 0.060000
v 3.102998 0.139236 -0.060000
v 3.065474 0.092314 -0.000000
v 3.102998 0.139236 0.060000
v 2.957801 0.213866 -0.060000
v 2.923381 0.164659 -0.000000
v 2.957801 0.213866 0.060000
v 2.936811 0.231597 -0.060000
v 2.892991 0.190439 -0.000000
v 2.936811 0.231597 0.060000
v 2.921848 0.252588 -0.060000
v 2.868095 0.225507 -0.000000
v 2.921848 0.252588 0.060000
v 2.916934 0.264636 -0.060000
v 2.859539 0.246485 -0.000000
v 2.916934 0.264636 0.060000
v 2.913896 0.277894 -0.060000
v 2.854377 0.269008 -0.000000
v 2.913896 0.277894 0.060000
v 3.727628 0.527297 -0.060000
v 3.668025 0.535271 -0.000000
v 3.727628 0.527297 0.060000
v 3.730309 0.537168 -0.060000
v 3.674869 0.560446 -0.000000
v 3.730309 0.537168 0.060000
v 3.735327 0.545782 -0.060000
v 3.687717 0.582499 -0.000000
v 3.735327 0.545782 0.060000
v 3.742323 0.552777 -0.060000
v 3.705606 0.600388 -0.000000
v 3.742323 0.552777 0.060000
v 3.750936 0.557795 -0.060000
v 3.727659 0.613236 -0.000000
v 3.750936 0.557795 0.060000
v 3.760807 0.560476 -0.060000
v 3.752831 0.620079 -0.000000
v 3.760807 0.560476 0.060000
v 3.771398 0.560476 -0.060000
v 3.779374 0.620079 -0.000000
v 3.771398 0.560476 0.060000
v 3.781269 0.557795 -0.060000
v 3.804546 0.613236 -0.000000
v 3.781269 0.557795 0.060000
v 3.789882 0.552777 -0.060000
v 3.826599 0.600388 -0.000000
v 3.789882 0.552777 0.060000
v 3.796878 0.545782 -0.060000
v 3.844488 0.582499 -0.000000
v 3.796878 0.545782 0.060000
v 3.801896 0.537168 -0.060000
v 3.857336 0.560446 -0.000000
v 3.801896 0.537168 0.060000
v 3.804577 0.527297 -0.060000
v 3.864180 0.535272 -0.000000
v 3.804577 0.527297 0.060000
v 3.804577 0.516707 -0.060000
v 3.864180 0.508731 -0.000000
v 3.804577 0.516707 0.060000
v 3.801896 0.506835 -0.060000
v 3.857336 0.483558 -0.000000
v 3.801896 0.506835 0.060000
v 3.796878 0.498222 -0.060000
v 3.844488 0.461505 -0.000000
v 3.796878 0.498222 0.060000
v 3.789882 0.491227 -0.060000
v 3.826599 0.443616 -0.000000
v 3.789882 0.491227 0.060000
v 3.781269 0.486208 -0.060000
v 3.804546 0.430768 -0.000000
v 3.781269 0.486208 0.060000
v 3.771398 0.483527 -0.060000
v 3.779374 0.423925 -0.000000
v 3.771398 0.483527 0.060000
v 3.760808 0.483527 -0.060000
v 3.752832 0.423925 -0.000000
v 3.760808 0.483527 0.060000
v 3.750936 0.486208 -0.060000
v 3.727660 0.430768 -0.000000
v 3.750936 0.486208 0.060000
v 3.742323 0.491227 -0.060000
v 3.705606 0.443616 -0.000000
v 3.742323 0.491227 0.060000
v 3.735328 0.498222 -0.060000
v 3.687717 0.461505 -0.000000
v 3.735328 0.498222 0.060000
v 3.730309 0.506835 -0.060000
v 3.674869 0.483558 -0.000000
v 3.730309 0.506835 0.060000
v 3.727628 0.516707 -0.060000
v 3.668026 0.508731 -0.000000
v 3.727628 0.516707 0.060000
v 3.802027 0.051487 -0.060000
v 3.861195 0.061540 -0.000000
v 3.802027 0.051487 0.060000
v 3.848973 0.056633 -0.012986
v 3.861463 0.060214 -0.000000
v 3.848973 0.056633 0.012986
v 3.838212 0.052511 -0.024493
v 3.849025 0.056471 -0.012986
v 3.849025 0.056471 0.012986
v 3.838212 0.052511 0.024493
v 3.806096 0.037248 -0.060000
v 3.817888 0.042720 -0.047014
v 3.828336 0.047569 -0.035507
v 3.838336 0.052210 -0.024493
v 3.838336 0.052210 0.024493
v 3.828336 0.047569 0.035507
v 3.817888 0.042720 0.047014
v 3.806096 0.037248 0.060000
v 3.828444 0.047360 -0.035507
v 3.858780 0.065986 -0.000000
v 3.828444 0.047360 0.035507
v 3.809675 0.031503 -0.060000
v 3.828405 0.047414 -0.035507
v 3.855558 0.070480 -0.000000
v 3.828405 0.047414 0.035507
v 3.809675 0.031503 0.060000
v 3.828230 0.047589 -0.035507
v 3.828230 0.047589 0.035507
v 3.815296 0.026707 -0.060000
v 3.828399 0.047466 -0.035507
v 3.834291 0.056801 -0.024493
v 3.847393 0.077561 -0.000000
v 3.834291 0.056801 0.024493
v 3.828399 0.047466 0.035507
v 3.815296 0.026707 0.060000
v 3.833940 0.056991 -0.024493
v 3.838857 0.067413 -0.012986
v 3.838857 0.067413 0.012986
v 3.833940 0.056991 0.024493
v 3.822679 0.023241 -0.060000
v 3.838492 0.067562 -0.012986
v 3.842860 0.079804 -0.000000
v 3.838492 0.067562 0.012986
v 3.822679 0.023241 0.060000
v 3.862738 0.016393 -0.060000
v 3.922738 0.069756 -0.000000
v 3.862738 0.016393 0.060000
v 3.862738 -0.000000 -0.060000
v 3.922738 -0.064639 0.000000
v 3.862738 0.000000 0.060000
v 3.691901 -0.000000 -0.060000
v 3.631901 -0.064639 0.000000
v 3.691901 0.000000 0.060000
v 3.691901 0.016393 -0.060000
v 3.631901 0.069570 -0.000000
v 3.691901 0.016393 0.060000
v 3.730792 0.022898 -0.060000
v 3.716209 0.067626 -0.012986
v 3.712180 0.079982 -0.000000
v 3.716209 0.067626 0.012986
v 3.730792 0.022898 0.060000
v 3.720844 0.057070 -0.024493
v 3.716367 0.067685 -0.012986
v 3.716367 0.067685 0.012986
v 3.720844 0.057070 0.024493
v 3.738129 0.025979 -0.060000
v 3.726287 0.047465 -0.035507
v 3.720962 0.057127 -0.024493
v 3.720962 0.057127 0.024493
v 3.726287 0.047465 0.035507
v 3.738129 0.025979 0.060000
v 3.726789 0.047781 -0.035507
v 3.705879 0.076577 -0.000000
v 3.726789 0.047781 0.035507
v 3.743920 0.030174 -0.060000
v 3.726861 0.047841 -0.035507
v 3.726861 0.047841 0.035507
v 3.743920 0.030174 0.060000
v 3.746258 0.032787 -0.060000
v 3.726403 0.047329 -0.035507
v 3.697620 0.068410 -0.000000
v 3.726403 0.047329 0.035507
v 3.746258 0.032787 0.060000
v 3.726173 0.046941 -0.035507
v 3.716413 0.052074 -0.024493
v 3.716413 0.052074 0.024493
v 3.726173 0.046941 0.035507
v 3.747878 0.035524 0.060000
v 3.716418 0.052084 -0.024493
v 3.705763 0.056460 -0.012986
v 3.705763 0.056460 0.012986
v 3.716418 0.052084 0.024493
v 3.750518 0.041981 -0.060000
v 3.705678 0.056222 -0.012986
v 3.693292 0.060156 -0.000000
v 3.705678 0.056222 0.012986
v 3.693225 0.059915 -0.000000
v 3.752439 0.049948 -0.060000
v 3.693395 0.060726 -0.000000
v 3.752439 0.049948 0.060000
v 3.753173 0.326332 -0.060000
v 3.753173 0.326332 0.060000
v 3.706394 0.320841 -0.012986
v 3.693705 0.318026 -0.000000
v 3.706394 0.320841 0.012986
v 3.751246 0.335122 -0.060000
v 3.717410 0.324192 -0.024493
v 3.706445 0.320650 -0.012986
v 3.706445 0.320650 0.012986
v 3.717410 0.324192 0.024493
v 3.751246 0.335122 0.060000
v 3.727607 0.328361 -0.035507
v 3.717586 0.323732 -0.024493
v 3.695301 0.313439 -0.000000
v 3.717586 0.323732 0.024493
v 3.727607 0.328361 0.035507
v 3.748240 0.341683 -0.060000
v 3.737326 0.334573 -0.047014
v 3.727655 0.328274 -0.035507
v 3.727655 0.328274 0.035507
v 3.737326 0.334573 0.047014
v 3.748240 0.341683 0.060000
v 3.746258 0.344262 -0.060000
v 3.736730 0.335349 -0.047014
v 3.702236 0.303079 -0.000000
v 3.736730 0.335349 0.047014
v 3.746258 0.344262 0.060000
v 3.736451 0.335594 -0.047014
v 3.729394 0.326476 -0.035507
v 3.729394 0.326476 0.035507
v 3.736451 0.335594 0.047014
v 3.742311 0.347310 -0.060000
v 3.729761 0.326227 -0.035507
v 3.711568 0.295664 -0.000000
v 3.729761 0.326227 0.035507
v 3.742311 0.347310 0.060000
v 3.729721 0.326248 -0.035507
v 3.725146 0.316214 -0.024493
v 3.725146 0.316214 0.024493
v 3.729721 0.326248 0.035507
v 3.737118 0.349663 -0.060000
v 3.725394 0.316116 -0.024493
v 3.721594 0.305244 -0.012986
v 3.721594 0.305244 0.012986
v 3.725394 0.316116 0.024493
v 3.737118 0.349663 0.060000
v 3.721692 0.305214 -0.012986
v 3.718311 0.292669 -0.000000
v 3.721692 0.305214 0.012986
v 3.696215 0.355479 -0.060000
v 3.636215 0.300404 -0.000000
v 3.696215 0.355479 0.060000
v 3.696215 0.371872 -0.060000
v 3.636215 0.426858 -0.000000
v 3.696215 0.371872 0.060000
v 3.729370 0.436528 -0.000000
v 3.791987 0.391717 -0.060000
v 3.798976 0.456828 -0.000000
v 3.791987 0.391717 0.060000
v 3.804066 0.384815 -0.060000
v 3.868093 0.417333 -0.000000
v 3.804066 0.384815 0.060000
v 3.950794 0.212864 -0.060000
v 3.891113 0.220027 -0.000000
v 3.950794 0.212864 0.060000
v 3.964280 0.268038 -0.060000
v 3.908091 0.289407 -0.000000
v 3.964280 0.268038 0.060000
v 3.989413 0.315519 -0.060000
v 3.940254 0.350130 -0.000000
v 3.989413 0.315519 0.060000
v 4.024277 0.353628 -0.060000
v 3.985600 0.399670 -0.000000
v 4.024277 0.353628 0.060000
v 4.066955 0.380689 -0.060000
v 4.042006 0.435416 -0.000000
v 4.066955 0.380689 0.060000
v 4.115528 0.395023 -0.060000
v 4.106884 0.454556 -0.000000
v 4.115528 0.395023 0.060000
v 4.164714 0.395329 -0.060000
v 4.172763 0.454923 -0.000000
v 4.164714 0.395329 0.060000
v 4.209144 0.383116 -0.060000
v 4.232683 0.438451 -0.000000
v 4.209144 0.383116 0.060000
v 4.248936 0.359470 -0.060000
v 4.286258 0.406621 -0.000000
v 4.248936 0.359470 0.060000
v 4.281958 0.325208 -0.060000
v 4.330393 0.360844 -0.000000
v 4.281958 0.325208 0.060000
v 4.306075 0.281142 -0.060000
v 4.362106 0.302953 -0.000000
v 4.306075 0.281142 0.060000
v 4.319156 0.228089 -0.060000
v 4.378839 0.235245 -0.000000
v 4.319156 0.228089 0.060000
v 4.319149 0.168816 -0.060000
v 4.378832 0.161668 -0.000000
v 4.319149 0.168816 0.060000
v 4.305886 0.114768 -0.060000
v 4.361994 0.093168 -0.000000
v 4.305886 0.114768 0.060000
v 4.281083 0.068808 -0.060000
v 4.329809 0.033574 -0.000000
v 4.281083 0.068808 0.060000
v 4.246538 0.032303 -0.060000
v 4.284294 -0.014503 0.000000
v 4.246538 0.032303 0.060000
v 4.204047 0.006619 -0.060000
v 4.227892 -0.048591 0.000000
v 4.204047 0.006619 0.060000
v 4.180385 -0.001738 -0.060000
v 4.196496 -0.059679 0.000000
v 4.180385 -0.001738 0.060000
v 4.129347 -0.008628 -0.060000
v 4.129529 -0.068751 0.000000
v 4.129347 -0.008628 0.060000
v 4.083633 -0.003008 -0.060000
v 4.068952 -0.061305 0.000000
v 4.083633 -0.003008 0.060000
v 4.041180 0.013613 -0.060000
v 4.012210 -0.039077 0.000000
v 4.041180 0.013613 0.060000
v 4.004239 0.040876 -0.060000
v 3.962318 -0.002248 0.000000
v 4.004239 0.040876 0.060000
v 3.988539 0.058385 -0.060000
v 3.941082 0.021436 -0.000000
v 3.988539 0.058385 0.060000
v 3.964091 0.100936 -0.060000
v 3.908358 0.078337 -0.000000
v 3.964091 0.100936 0.060000
v 3.950787 0.153229 -0.060000
v 3.891118 0.145896 -0.000000
v 3.950787 0.153229 0.060000
v 4.270675 0.216074 -0.060000
v 4.210822 0.211179 -0.000000
v 4.270675 0.216074 0.060000
v 4.262516 0.263899 -0.060000
v 4.204583 0.247986 -0.000000
v 4.262516 0.263899 0.060000
v 4.246521 0.304499 -0.060000
v 4.193693 0.275794 -0.000000
v 4.246521 0.304499 0.060000
v 4.223023 0.336697 -0.060000
v 4.180173 0.294449 -0.000000
v 4.223023 0.336697 0.060000
v 4.208566 0.349279 -0.060000
v 4.172838 0.300833 -0.000000
v 4.208566 0.349279 0.060000
v 4.192359 0.359321 -0.060000
v 4.164979 0.305702 -0.000000
v 4.192359 0.359321 0.060000
v 4.174445 0.366675 -0.060000
v 4.156182 0.309313 -0.000000
v 4.174445 0.366675 0.060000
v 4.154864 0.371196 -0.060000
v 4.145891 0.311689 -0.000000
v 4.154864 0.371196 0.060000
v 4.113777 0.371412 -0.060000
v 4.122020 0.311828 -0.000000
v 4.113777 0.371412 0.060000
v 4.077915 0.360966 -0.060000
v 4.103554 0.306511 -0.000000
v 4.077915 0.360966 0.060000
v 4.062111 0.351932 -0.060000
v 4.096055 0.302224 -0.000000
v 4.062111 0.351932 0.060000
v 4.047842 0.340417 -0.060000
v 4.089154 0.296655 -0.000000
v 4.047842 0.340417 0.060000
v 4.024251 0.310126 -0.060000
v 4.076361 0.280109 -0.000000
v 4.024251 0.310126 0.060000
v 4.007838 0.270451 -0.060000
v 4.065610 0.253922 -0.000000
v 4.007838 0.270451 0.060000
v 3.999299 0.221753 -0.060000
v 4.059148 0.216760 -0.000000
v 3.999299 0.221753 0.060000
v 3.999218 0.168144 -0.060000
v 4.059072 0.173033 -0.000000
v 3.999218 0.168144 0.060000
v 4.007272 0.121090 -0.060000
v 4.065170 0.137146 -0.000000
v 4.007272 0.121090 0.060000
v 4.023128 0.081443 -0.060000
v 4.075711 0.110607 -0.000000
v 4.023128 0.081443 0.060000
v 4.046520 0.050208 -0.060000
v 4.088717 0.093118 -0.000000
v 4.046520 0.050208 0.060000
v 4.060961 0.038060 -0.060000
v 4.095858 0.087110 -0.000000
v 4.060961 0.038060 0.060000
v 4.077187 0.028392 -0.060000
v 4.103685 0.082446 -0.000000
v 4.077187 0.028392 0.060000
v 4.095166 0.021331 -0.060000
v 4.112681 0.078913 -0.000000
v 4.095166 0.021331 0.060000
v 4.114864 0.017002 -0.060000
v 4.123408 0.076556 -0.000000
v 4.114864 0.017002 0.060000
v 4.155952 0.016752 -0.060000
v 4.148238 0.076389 -0.000000
v 4.155952 0.016752 0.060000
v 4.191631 0.026505 -0.060000
v 4.167213 0.081507 -0.000000
v 4.191631 0.026505 0.060000
v 4.207416 0.035024 -0.060000
v 4.174722 0.085560 -0.000000
v 4.207416 0.035024 0.060000
v 4.221702 0.045964 -0.060000
v 4.181468 0.090726 -0.000000
v 4.221702 0.045964 0.060000
v 4.245397 0.075082 -0.060000
v 4.193792 0.105978 -0.000000
v 4.245397 0.075082 0.060000
v 4.261950 0.113810 -0.060000
v 4.204295 0.130766 -0.000000
v 4.261950 0.113810 0.060000
v 4.270595 0.162102 -0.060000
v 4.210750 0.167177 -0.000000
v 4.270595 0.162102 0.060000
v 4.522476 0.051487 -0.060000
v 4.581644 0.061540 -0.000000
v 4.522476 0.051487 0.060000
v 4.569422 0.056631 -0.012986
v 4.581912 0.060213 -0.000000
v 4.569422 0.056631 0.012986
v 4.558661 0.052511 -0.024493
v 4.569474 0.056471 -0.012986
v 4.569474 0.056471 0.012986
v 4.558661 0.052511 0.024493
v 4.526545 0.037248 -0.060000
v 4.548784 0.047569 -0.035507
v 4.558784 0.052210 -0.024493
v 4.558784 0.052210 0.024493
v 4.548784 0.047569 0.035507
v 4.526545 0.037248 0.060000
v 4.548893 0.047359 -0.035507
v 4.579230 0.065983 -0.000000
v 4.548893 0.047359 0.035507
v 4.530123 0.031503 -0.060000
v 4.548854 0.047414 -0.035507
v 4.576007 0.070479 -0.000000
v 4.548854 0.047414 0.035507
v 4.530123 0.031503 0.060000
v 4.548677 0.047590 -0.035507
v 4.548677 0.047590 0.035507
v 4.535745 0.026707 -0.060000
v 4.548847 0.047466 -0.035507
v 4.554738 0.056801 -0.024493
v 4.567840 0.077561 -0.000000
v 4.554738 0.056801 0.024493
v 4.548847 0.047466 0.035507
v 4.535745 0.026707 0.060000
v 4.554388 0.056991 -0.024493
v 4.559305 0.067413 -0.012986
v 4.559305 0.067413 0.012986
v 4.554388 0.056991 0.024493
v 4.543128 0.023241 -0.060000
v 4.558940 0.067562 -0.012986
v 4.563308 0.079804 -0.000000
v 4.558940 0.067562 0.012986
v 4.543128 0.023241 0.060000
v 4.583186 0.016393 -0.060000
v 4.643186 0.069756 -0.000000
v 4.583186 0.016393 0.060000
v 4.583186 -0.000000 -0.060000
v 4.643186 -0.064639 0.000000
v 4.583186 0.000000 0.060000
v 4.412349 -0.000000 -0.060000
v 4.352349 -0.064639 0.000000
v 4.412349 0.000000 0.060000
v 4.412349 0.016393 -0.060000
v 4.352349 0.069570 -0.000000
v 4.412349 0.016393 0.060000
v 4.451240 0.022898 -0.060000
v 4.436657 0.067626 -0.012986
v 4.432629 0.079982 -0.000000
v 4.436657 0.067626 0.012986
v 4.451240 0.022898 0.060000
v 4.441292 0.057071 -0.024493
v 4.436815 0.067685 -0.012986
v 4.436815 0.067685 0.012986
v 4.441292 0.057071 0.024493
v 4.458577 0.025979 -0.060000
v 4.446736 0.047466 -0.035507
v 4.441411 0.057128 -0.024493
v 4.441411 0.057128 0.024493
v 4.446736 0.047466 0.035507
v 4.458577 0.025979 0.060000
v 4.447237 0.047781 -0.035507
v 4.426327 0.076576 -0.000000
v 4.447237 0.047781 0.035507
v 4.464368 0.030174 -0.060000
v 4.447309 0.047841 -0.035507
v 4.447309 0.047841 0.035507
v 4.464368 0.030174 0.060000
v 4.466706 0.032787 -0.060000
v 4.446848 0.047326 -0.035507
v 4.418061 0.068403 -0.000000
v 4.446848 0.047326 0.035507
v 4.466706 0.032787 0.060000
v 4.446618 0.046936 -0.035507
v 4.436857 0.052068 -0.024493
v 4.436857 0.052068 0.024493
v 4.446618 0.046936 0.035507
v 4.436865 0.052085 -0.024493
v 4.426211 0.056461 -0.012986
v 4.426211 0.056461 0.012986
v 4.436865 0.052085 0.024493
v 4.470965 0.041981 -0.060000
v 4.426126 0.056225 -0.012986
v 4.413740 0.060159 -0.000000
v 4.426126 0.056225 0.012986
v 4.470965 0.041981 0.060000
v 4.413673 0.059917 -0.000000
v 4.472887 0.049948 -0.060000
v 4.413842 0.060726 -0.000000
v 4.472887 0.049948 0.060000
v 4.473622 0.326332 -0.060000
v 4.473622 0.326332 0.060000
v 4.426842 0.320841 -0.012986
v 4.414154 0.318026 -0.000000
v 4.426842 0.320841 0.012986
v 4.471694 0.335122 -0.060000
v 4.437858 0.324193 -0.024493
v 4.426893 0.320651 -0.012986
v 4.426893 0.320651 0.012986
v 4.437858 0.324193 0.024493
v 4.471694 0.335122 0.060000
v 4.448056 0.328361 -0.035507
v 4.438035 0.323732 -0.024493
v 4.415749 0.313439 -0.000000
v 4.438035 0.323732 0.024493
v 4.448056 0.328361 0.035507
v 4.468688 0.341683 -0.060000
v 4.457774 0.334573 -0.047014
v 4.448103 0.328274 -0.035507
v 4.448103 0.328274 0.035507
v 4.457774 0.334573 0.047014
v 4.468688 0.341683 0.060000
v 4.466706 0.344262 -0.060000
v 4.457178 0.335350 -0.047014
v 4.422681 0.303083 -0.000000
v 4.457178 0.335350 0.047014
v 4.466706 0.344262 0.060000
v 4.456900 0.335594 -0.047014
v 4.449842 0.326477 -0.035507
v 4.449842 0.326477 0.035507
v 4.456900 0.335594 0.047014
v 4.462760 0.347310 -0.060000
v 4.450211 0.326227 -0.035507
v 4.432018 0.295664 -0.000000
v 4.450211 0.326227 0.035507
v 4.462760 0.347310 0.060000
v 4.450170 0.326248 -0.035507
v 4.445595 0.316214 -0.024493
v 4.445595 0.316214 0.024493
v 4.450170 0.326248 0.035507
v 4.457567 0.349663 -0.060000
v 4.445843 0.316116 -0.024493
v 4.442043 0.305244 -0.012986
v 4.442043 0.305244 0.012986
v 4.445843 0.316116 0.024493
v 4.457567 0.349663 0.060000
v 4.442142 0.305214 -0.012986
v 4.438760 0.292669 -0.000000
v 4.442142 0.305214 0.012986
v 4.416663 0.355479 -0.060000
v 4.356663 0.300404 -0.000000
v 4.416663 0.355479 0.060000
v 4.416663 0.371872 -0.060000
v 4.356663 0.426858 -0.000000
v 4.416663 0.371872 0.060000
v 4.449819 0.436528 -0.000000
v 4.512435 0.391717 -0.060000
v 4.519425 0.456828 -0.000000
v 4.512435 0.391717 0.060000
v 4.524515 0.384815 -0.060000
v 4.588454 0.417382 -0.000000
v 4.524515 0.384815 0.060000
v 4.521099 0.337755 -0.060000
v 4.581094 0.336883 -0.000000
v 4.521099 0.337755 0.060000
v 4.521064 0.333046 -0.060000
v 4.582047 0.465840 -0.000000
v 4.521064 0.333046 0.060000
v 4.531233 0.341915 -0.060000
v 4.492473 0.387723 -0.000000
v 4.531233 0.341915 0.060000
v 4.573889 0.372476 -0.060000
v 4.544291 0.424702 -0.000000
v 4.573889 0.372476 0.060000
v 4.623590 0.392014 -0.060000
v 4.610165 0.450539 -0.000000
v 4.623590 0.392014 0.060000
v 4.668604 0.396894 -0.060000
v 4.669147 0.456951 -0.000000
v 4.668604 0.396894 0.060000
v 4.710439 0.392216 -0.060000
v 4.725000 0.450574 -0.000000
v 4.710439 0.392216 0.060000
v 4.743861 0.378455 -0.060000
v 4.775600 0.429623 -0.000000
v 4.743861 0.378455 0.060000
v 4.757529 0.368296 -0.060000
v 4.797431 0.413396 -0.000000
v 4.757529 0.368296 0.060000
v 4.769230 0.356018 -0.060000
v 4.816048 0.393862 -0.000000
v 4.769230 0.356018 0.060000
v 4.779007 0.341673 -0.060000
v 4.831100 0.371778 -0.000000
v 4.779007 0.341673 0.060000
v 4.792971 0.306986 -0.060000
v 4.850983 0.322662 -0.000000
v 4.792971 0.306986 0.060000
v 4.804619 0.043666 -0.060000
v 4.849836 0.056631 -0.012986
v 4.862326 0.060213 -0.000000
v 4.849836 0.056631 0.012986
v 4.804619 0.043666 0.060000
v 4.839075 0.052511 -0.024493
v 4.849888 0.056471 -0.012986
v 4.849888 0.056471 0.012986
v 4.839075 0.052511 0.024493
v 4.829198 0.047569 -0.035507
v 4.839198 0.052210 -0.024493
v 4.839198 0.052210 0.024493
v 4.829198 0.047569 0.035507
v 4.808380 0.034513 -0.060000
v 4.829307 0.047359 -0.035507
v 4.859644 0.065983 -0.000000
v 4.829307 0.047359 0.035507
v 4.808380 0.034513 0.060000
v 4.810537 0.031503 -0.060000
v 4.829268 0.047414 -0.035507
v 4.856421 0.070479 -0.000000
v 4.829268 0.047414 0.035507
v 4.810537 0.031503 0.060000
v 4.829092 0.047590 -0.035507
v 4.829092 0.047590 0.035507
v 4.816159 0.026707 -0.060000
v 4.829261 0.047466 -0.035507
v 4.835152 0.056801 -0.024493
v 4.848254 0.077561 -0.000000
v 4.835152 0.056801 0.024493
v 4.829261 0.047466 0.035507
v 4.816159 0.026707 0.060000
v 4.834802 0.056991 -0.024493
v 4.839719 0.067413 -0.012986
v 4.839719 0.067413 0.012986
v 4.834802 0.056991 0.024493
v 4.823542 0.023241 -0.060000
v 4.839355 0.067562 -0.012986
v 4.843722 0.079804 -0.000000
v 4.839355 0.067562 0.012986
v 4.823542 0.023241 0.060000
v 4.863600 0.016393 -0.060000
v 4.923600 0.069756 -0.000000
v 4.863600 0.016393 0.060000
v 4.863600 -0.000000 -0.060000
v 4.923600 -0.064639 0.000000
v 4.863600 0.000000 0.060000
v 4.692763 -0.000000 -0.060000
v 4.632763 -0.064639 0.000000
v 4.692763 0.000000 0.060000
v 4.692763 0.016393 -0.060000
v 4.632763 0.069570 -0.000000
v 4.692763 0.016393 0.060000
v 4.731654 0.022898 -0.060000
v 4.717071 0.067626 -0.012986
v 4.713043 0.079982 -0.000000
v 4.717071 0.067626 0.012986
v 4.731654 0.022898 0.060000
v 4.721706 0.057071 -0.024493
v 4.717229 0.067685 -0.012986
v 4.717229 0.067685 0.012986
v 4.721706 0.057071 0.024493
v 4.738991 0.025979 -0.060000
v 4.727150 0.047466 -0.035507
v 4.721825 0.057128 -0.024493
v 4.721825 0.057128 0.024493
v 4.727150 0.047466 0.035507
v 4.738991 0.025979 0.060000
v 4.727651 0.047781 -0.035507
v 4.706741 0.076576 -0.000000
v 4.727651 0.047781 0.035507
v 4.744782 0.030174 -0.060000
v 4.727724 0.047841 -0.035507
v 4.727724 0.047841 0.035507
v 4.744782 0.030174 0.060000
v 4.747120 0.032787 -0.060000
v 4.727262 0.047326 -0.035507
v 4.698475 0.068403 -0.000000
v 4.727262 0.047326 0.035507
v 4.747120 0.032787 0.060000
v 4.727032 0.046936 -0.035507
v 4.717271 0.052068 -0.024493
v 4.717271 0.052068 0.024493
v 4.727032 0.046936 0.035507
v 4.717279 0.052085 -0.024493
v 4.706625 0.056461 -0.012986
v 4.706625 0.056461 0.012986
v 4.717279 0.052085 0.024493
v 4.751379 0.041981 -0.060000
v 4.706540 0.056225 -0.012986
v 4.694154 0.060159 -0.000000
v 4.706540 0.056225 0.012986
v 4.751379 0.041981 0.060000
v 4.694087 0.059917 -0.000000
v 4.753301 0.049948 -0.060000
v 4.694257 0.060726 -0.000000
v 4.753301 0.049948 0.060000
v 4.754830 0.254469 -0.060000
v 4.694975 0.249510 -0.000000
v 4.754830 0.254469 0.060000
v 4.747755 0.293774 -0.060000
v 4.690331 0.275944 -0.000000
v 4.747755 0.293774 0.060000
v 4.734316 0.322402 -0.060000
v 4.684772 0.288171 -0.000000
v 4.734316 0.322402 0.060000
v 4.725442 0.333154 -0.060000
v 4.682592 0.290812 -0.000000
v 4.725442 0.333154 0.060000
v 4.715257 0.341766 -0.060000
v 4.680512 0.292571 -0.000000
v 4.715257 0.341766 0.060000
v 4.703852 0.348417 -0.060000
v 4.677721 0.294198 -0.000000
v 4.703852 0.348417 0.060000
v 4.677756 0.356537 -0.060000
v 4.666978 0.297420 -0.000000
v 4.677756 0.356537 0.060000
v 4.647897 0.358930 -0.060000
v 4.647749 0.298894 -0.000000
v 4.647897 0.358930 0.060000
v 4.596575 0.352315 -0.060000
v 4.612266 0.294369 -0.000000
v 4.596575 0.352315 0.060000
v 4.590656 0.286187 -0.000000
v 4.554266 0.334771 -0.060000
v 4.554266 0.334771 0.060000
v 4.543574 0.297615 -0.035507
v 4.566173 0.270212 -0.000000
v 4.543574 0.297615 0.035507
v 4.520201 0.309750 -0.060000
v 4.544694 0.298588 -0.035507
v 4.580201 0.282406 -0.000000
v 4.544694 0.298588 0.035507
v 4.520201 0.309750 0.060000
v 4.520201 0.307593 -0.060000
v 4.580201 0.307593 -0.000000
v 4.520201 0.307593 0.060000
v 4.962298 0.307235 -0.060000
v 4.902899 0.317049 -0.000000
v 4.962298 0.307235 0.060000
v 4.965808 0.321198 -0.060000
v 4.908816 0.340592 -0.000000
v 4.965808 0.321198 0.060000
v 4.971493 0.334286 -0.060000
v 4.918350 0.362540 -0.000000
v 4.971493 0.334286 0.060000
v 4.979218 0.346403 -0.060000
v 4.931036 0.382440 -0.000000
v 4.979218 0.346403 0.060000
v 5.000248 0.367343 -0.060000
v 4.963879 0.415222 -0.000000
v 5.000248 0.367343 0.060000
v 5.027822 0.383249 -0.060000
v 5.004000 0.438421 -0.000000
v 5.027822 0.383249 0.060000
v 5.060861 0.393355 -0.060000
v 5.049264 0.452302 -0.000000
v 5.060861 0.393355 0.060000
v 5.098286 0.396894 -0.060000
v 5.097401 0.456918 -0.000000
v 5.098286 0.396894 0.060000
v 5.178239 0.385006 -0.060000
v 5.196638 0.442136 -0.000000
v 5.178239 0.385006 0.060000
v 5.214765 0.368421 -0.060000
v 5.280447 0.399700 -0.000000
v 5.214765 0.368421 0.060000
v 5.199234 0.270060 -0.060000
v 5.250504 0.210060 -0.000000
v 5.199234 0.270060 0.060000
v 5.183704 0.270060 -0.060000
v 5.135727 0.210060 -0.000000
v 5.183704 0.270060 0.060000
v 5.163859 0.358067 -0.060000
v 5.152611 0.348915 -0.047014
v 5.111888 0.315782 -0.000000
v 5.152611 0.348915 0.047014
v 5.163859 0.358067 0.060000
v 5.152159 0.349120 -0.047014
v 5.133758 0.305842 -0.000000
v 5.152159 0.349120 0.047014
v 5.138103 0.367622 -0.060000
v 5.122892 0.309565 -0.000000
v 5.138103 0.367622 0.060000
v 5.113688 0.371808 -0.060000
v 5.108164 0.312055 -0.000000
v 5.113688 0.371808 0.060000
v 5.075816 0.372119 -0.060000
v 5.081400 0.312308 -0.000000
v 5.075816 0.372119 0.060000
v 5.051788 0.367410 -0.060000
v 5.070087 0.310156 -0.000000
v 5.051788 0.367410 0.060000
v 5.032613 0.358567 -0.060000
v 5.065049 0.307914 -0.000000
v 5.032613 0.358567 0.060000
v 5.018268 0.346189 -0.060000
v 5.063978 0.307058 -0.000000
v 5.018268 0.346189 0.060000
v 5.012899 0.338862 -0.060000
v 5.063981 0.307061 -0.000000
v 5.012899 0.338862 0.060000
v 5.005753 0.322305 -0.060000
v 5.063816 0.306608 -0.000000
v 5.005753 0.322305 0.060000
v 5.003376 0.303710 -0.060000
v 5.063506 0.303919 -0.000000
v 5.003376 0.303710 0.060000
v 5.063581 0.302843 -0.000000
v 5.006012 0.285343 -0.060000
v 5.063518 0.303122 -0.000000
v 5.006012 0.285343 0.060000
v 5.009281 0.277152 -0.060000
v 5.063256 0.303780 -0.000000
v 5.009281 0.277152 0.060000
v 5.063161 0.303939 -0.000000
v 5.019629 0.262362 -0.060000
v 5.063864 0.303072 -0.000000
v 5.019629 0.262362 0.060000
v 5.034937 0.249178 -0.060000
v 5.069821 0.298058 -0.000000
v 5.034937 0.249178 0.060000
v 5.169615 0.181446 -0.060000
v 5.203445 0.231058 -0.000000
v 5.169615 0.181446 0.060000
v 5.192742 0.162421 -0.060000
v 5.235940 0.204227 -0.000000
v 5.192742 0.162421 0.060000
v 5.209602 0.139560 -0.060000
v 5.262915 0.167504 -0.000000
v 5.209602 0.139560 0.060000
v 5.215225 0.126362 -0.060000
v 5.272383 0.145281 -0.000000
v 5.215225 0.126362 0.060000
v 5.218732 0.111810 -0.060000
v 5.278198 0.121157 -0.000000
v 5.218732 0.111810 0.060000
v 5.219942 0.095772 -0.060000
v 5.280145 0.095342 -0.000000
v 5.219942 0.095772 0.060000
v 5.218504 0.079762 -0.060000
v 5.277765 0.068850 -0.000000
v 5.218504 0.079762 0.060000
v 5.214337 0.064971 -0.060000
v 5.270592 0.043385 -0.000000
v 5.214337 0.064971 0.060000
v 5.207660 0.051432 -0.060000
v 5.259161 0.020208 -0.000000
v 5.207660 0.051432 0.060000
v 5.198691 0.039178 -0.060000
v 5.244294 -0.000103 0.000000
v 5.198691 0.039178 0.060000
v 5.174752 0.018658 -0.060000
v 5.207518 -0.031746 0.000000
v 5.174752 0.018658 0.060000
v 5.144270 0.003675 -0.060000
v 5.164972 -0.052721 0.000000
v 5.144270 0.003675 0.060000
v 5.108994 -0.005508 -0.060000
v 5.118925 -0.064738 0.000000
v 5.108994 -0.005508 0.060000
v 5.070675 -0.008628 -0.060000
v 5.071376 -0.068649 0.000000
v 5.070675 -0.008628 0.060000
v 4.987845 0.003515 -0.060000
v 4.969780 -0.053720 0.000000
v 4.987845 0.003515 0.060000
v 4.949019 0.020708 -0.060000
v 4.883175 -0.011137 0.000000
v 4.949019 0.020708 0.060000
v 4.965412 0.123382 -0.060000
v 4.914232 0.183382 -0.000000
v 4.965412 0.123382 0.060000
v 4.980943 0.123382 -0.060000
v 5.027997 0.183382 -0.000000
v 4.980943 0.123382 0.060000
v 5.004239 0.028473 -0.060000
v 5.015192 0.038330 -0.047014
v 5.054842 0.074014 -0.000000
v 5.015192 0.038330 0.047014
v 5.004239 0.028473 0.060000
v 5.014675 0.038516 -0.047014
v 5.029868 0.083014 -0.000000
v 5.014675 0.038516 0.047014
v 5.029101 0.020899 -0.060000
v 5.042650 0.079358 -0.000000
v 5.029101 0.020899 0.060000
v 5.080166 0.015531 -0.060000
v 5.079264 0.075544 -0.000000
v 5.080166 0.015531 0.060000
v 5.107697 0.017843 -0.060000
v 5.097108 0.076972 -0.000000
v 5.107697 0.017843 0.060000
v 5.131296 0.024542 -0.060000
v 5.108495 0.080151 -0.000000
v 5.131296 0.024542 0.060000
v 5.150486 0.035267 -0.060000
v 5.114331 0.083334 -0.000000
v 5.150486 0.035267 0.060000
v 5.164786 0.049660 -0.060000
v 5.116056 0.084984 -0.000000
v 5.164786 0.049660 0.060000
v 5.169953 0.058119 -0.060000
v 5.116220 0.085252 -0.000000
v 5.169953 0.058119 0.060000
v 5.173718 0.067359 -0.060000
v 5.116337 0.085540 -0.000000
v 5.173718 0.067359 0.060000
v 5.176021 0.077337 -0.060000
v 5.116518 0.086326 -0.000000
v 5.176021 0.077337 0.060000
v 5.176070 0.098670 -0.060000
v 5.116527 0.089949 -0.000000
v 5.176070 0.098670 0.060000
v 5.173890 0.108311 -0.060000
v 5.116481 0.090153 -0.000000
v 5.173890 0.108311 0.060000
v 5.170290 0.117059 -0.060000
v 5.116731 0.089545 -0.000000
v 5.170290 0.117059 0.060000
v 5.165298 0.125044 -0.060000
v 5.116886 0.089297 -0.000000
v 5.165298 0.125044 0.060000
v 5.151241 0.139236 -0.060000
v 5.113718 0.092313 -0.000000
v 5.151241 0.139236 0.060000
v 5.006042 0.213866 -0.060000
v 4.971622 0.164659 -0.000000
v 5.006042 0.213866 0.060000
v 4.985053 0.231597 -0.060000
v 4.941232 0.190440 -0.000000
v 4.985053 0.231597 0.060000
v 4.970090 0.252588 -0.060000
v 4.916337 0.225508 -0.000000
v 4.970090 0.252588 0.060000
v 4.965177 0.264636 -0.060000
v 4.907781 0.246485 -0.000000
v 4.965177 0.264636 0.060000
v 4.962138 0.277894 -0.060000
v 4.902619 0.269008 -0.000000
v 4.962138 0.277894 0.060000
v 5.503858 0.212864 -0.060000
v 5.444178 0.220028 -0.000000
v 5.503858 0.212864 0.060000
v 5.517344 0.268038 -0.060000
v 5.461155 0.289406 -0.000000
v 5.517344 0.268038 0.060000
v 5.542477 0.315519 -0.060000
v 5.493318 0.350130 -0.000000
v 5.542477 0.315519 0.060000
v 5.577341 0.353628 -0.060000
v 5.538663 0.399670 -0.000000
v 5.577341 0.353628 0.060000
v 5.620018 0.380689 -0.060000
v 5.595069 0.435416 -0.000000
v 5.620018 0.380689 0.060000
v 5.668591 0.395023 -0.060000
v 5.659947 0.454556 -0.000000
v 5.668591 0.395023 0.060000
v 5.717776 0.395329 -0.060000
v 5.725825 0.454923 -0.000000
v 5.717776 0.395329 0.060000
v 5.762206 0.383116 -0.060000
v 5.785746 0.438451 -0.000000
v 5.762206 0.383116 0.060000
v 5.801998 0.359470 -0.060000
v 5.839320 0.406621 -0.000000
v 5.801998 0.359470 0.060000
v 5.835020 0.325208 -0.060000
v 5.883455 0.360844 -0.000000
v 5.835020 0.325208 0.060000
v 5.859138 0.281142 -0.060000
v 5.915168 0.302953 -0.000000
v 5.859138 0.281142 0.060000
v 5.872219 0.228089 -0.060000
v 5.931902 0.235245 -0.000000
v 5.872219 0.228089 0.060000
v 5.872212 0.168816 -0.060000
v 5.931895 0.161669 -0.000000
v 5.872212 0.168816 0.060000
v 5.858949 0.114768 -0.060000
v 5.915057 0.093168 -0.000000
v 5.858949 0.114768 0.060000
v 5.834146 0.068808 -0.060000
v 5.882872 0.033575 -0.000000
v 5.834146 0.068808 0.060000
v 5.799601 0.032303 -0.060000
v 5.837357 -0.014503 0.000000
v 5.799601 0.032303 0.060000
v 5.757111 0.006619 -0.060000
v 5.780955 -0.048591 0.000000
v 5.757111 0.006619 0.060000
v 5.733448 -0.001738 -0.060000
v 5.749559 -0.059679 0.000000
v 5.733448 -0.001738 0.060000
v 5.682410 -0.008628 -0.060000
v 5.682592 -0.068751 0.000000
v 5.682410 -0.008628 0.060000
v 5.636697 -0.003008 -0.060000
v 5.622015 -0.061305 0.000000
v 5.636697 -0.003008 0.060000
v 5.594243 0.013613 -0.060000
v 5.565273 -0.039077 0.000000
v 5.594243 0.013613 0.060000
v 5.557302 0.040876 -0.060000
v 5.515381 -0.002248 0.000000
v 5.557302 0.040876 0.060000
v 5.541603 0.058385 -0.060000
v 5.494145 0.021436 -0.000000
v 5.541603 0.058385 0.060000
v 5.517154 0.100936 -0.060000
v 5.461422 0.078337 -0.000000
v 5.517154 0.100936 0.060000
v 5.503850 0.153229 -0.060000
v 5.444181 0.145896 -0.000000
v 5.503850 0.153229 0.060000
v 5.823740 0.216074 -0.060000
v 5.763886 0.211180 -0.000000
v 5.823740 0.216074 0.060000
v 5.815580 0.263899 -0.060000
v 5.757647 0.247986 -0.000000
v 5.815580 0.263899 0.060000
v 5.799584 0.304499 -0.060000
v 5.746757 0.275794 -0.000000
v 5.799584 0.304499 0.060000
v 5.776086 0.336697 -0.060000
v 5.733236 0.294449 -0.000000
v 5.776086 0.336697 0.060000
v 5.761629 0.349279 -0.060000
v 5.725901 0.300833 -0.000000
v 5.761629 0.349279 0.060000
v 5.745422 0.359321 -0.060000
v 5.718041 0.305702 -0.000000
v 5.745422 0.359321 0.060000
v 5.727508 0.366675 -0.060000
v 5.709246 0.309313 -0.000000
v 5.727508 0.366675 0.060000
v 5.707928 0.371196 -0.060000
v 5.698954 0.311689 -0.000000
v 5.707928 0.371196 0.060000
v 5.666840 0.371412 -0.060000
v 5.675083 0.311828 -0.000000
v 5.666840 0.371412 0.060000
v 5.630978 0.360966 -0.060000
v 5.656617 0.306511 -0.000000
v 5.630978 0.360966 0.060000
v 5.615174 0.351932 -0.060000
v 5.649117 0.302224 -0.000000
v 5.615174 0.351932 0.060000
v 5.600904 0.340417 -0.060000
v 5.642216 0.296655 -0.000000
v 5.600904 0.340417 0.060000
v 5.577313 0.310126 -0.060000
v 5.629423 0.280109 -0.000000
v 5.577313 0.310126 0.060000
v 5.560901 0.270451 -0.060000
v 5.618672 0.253922 -0.000000
v 5.560901 0.270451 0.060000
v 5.552362 0.221753 -0.060000
v 5.612211 0.216760 -0.000000
v 5.552362 0.221753 0.060000
v 5.552280 0.168144 -0.060000
v 5.612135 0.173032 -0.000000
v 5.552280 0.168144 0.060000
v 5.560335 0.121090 -0.060000
v 5.618233 0.137146 -0.000000
v 5.560335 0.121090 0.060000
v 5.576190 0.081443 -0.060000
v 5.628773 0.110607 -0.000000
v 5.576190 0.081443 0.060000
v 5.599583 0.050208 -0.060000
v 5.641779 0.093118 -0.000000
v 5.599583 0.050208 0.060000
v 5.614024 0.038060 -0.060000
v 5.648921 0.087110 -0.000000
v 5.614024 0.038060 0.060000
v 5.630250 0.028392 -0.060000
v 5.656748 0.082446 -0.000000
v 5.630250 0.028392 0.060000
v 5.648229 0.021331 -0.060000
v 5.665744 0.078913 -0.000000
v 5.648229 0.021331 0.060000
v 5.667927 0.017002 -0.060000
v 5.676471 0.076556 -0.000000
v 5.667927 0.017002 0.060000
v 5.709015 0.016752 -0.060000
v 5.701301 0.076389 -0.000000
v 5.709015 0.016752 0.060000
v 5.744694 0.026505 -0.060000
v 5.720276 0.081507 -0.000000
v 5.744694 0.026505 0.060000
v 5.760478 0.035024 -0.060000
v 5.727785 0.085560 -0.000000
v 5.760478 0.035024 0.060000
v 5.774765 0.045964 -0.060000
v 5.734532 0.090726 -0.000000
v 5.774765 0.045964 0.060000
v 5.798460 0.075082 -0.060000
v 5.746855 0.105978 -0.000000
v 5.798460 0.075082 0.060000
v 5.815013 0.113810 -0.060000
v 5.757358 0.130765 -0.000000
v 5.815013 0.113810 0.060000
v 5.823658 0.162102 -0.060000
v 5.763813 0.167177 -0.000000
v 5.823658 0.162102 0.060000
v 5.955059 -0.185505 -0.060000
v 5.895059 -0.250144 0.000000
v 5.955059 -0.185505 0.060000
v 5.955059 -0.169111 -0.060000
v 5.895059 -0.115794 0.000000
v 5.955059 -0.169111 0.060000
v 5.990002 -0.164150 -0.060000
v 5.990002 -0.164150 0.060000
v 5.980115 -0.118116 -0.012986
v 5.976192 -0.105725 0.000000
v 5.980115 -0.118116 0.012986
v 5.998199 -0.161570 -0.060000
v 5.984354 -0.128819 -0.024493
v 5.979867 -0.118206 -0.012986
v 5.979867 -0.118206 0.012986
v 5.984354 -0.128819 0.024493
v 5.998199 -0.161570 0.060000
v 5.989468 -0.138579 -0.035507
v 5.983990 -0.128996 -0.024493
v 5.971807 -0.107686 0.000000
v 5.983990 -0.128996 0.024493
v 5.989468 -0.138579 0.035507
v 6.004670 -0.157887 -0.060000
v 5.989528 -0.138539 -0.035507
v 5.967577 -0.110491 0.000000
v 5.989528 -0.138539 0.035507
v 6.004670 -0.157887 0.060000
v 6.007258 -0.155512 -0.060000
v 5.989153 -0.138883 -0.035507
v 5.962907 -0.114776 0.000000
v 5.989153 -0.138883 0.035507
v 6.007258 -0.155512 0.060000
v 5.989104 -0.138947 -0.035507
v 5.989104 -0.138947 0.035507
v 6.011034 -0.149981 -0.060000
v 5.989328 -0.138567 -0.035507
v 5.979568 -0.133435 -0.024493
v 5.957862 -0.122021 0.000000
v 5.979568 -0.133435 0.024493
v 5.989328 -0.138567 0.035507
v 6.011034 -0.149981 0.060000
v 5.979574 -0.133422 -0.024493
v 5.968920 -0.129046 -0.012986
v 5.968920 -0.129046 0.012986
v 5.979574 -0.133422 0.024493
v 6.013675 -0.143524 -0.060000
v 5.968834 -0.129283 -0.012986
v 5.956449 -0.125349 0.000000
v 5.968834 -0.129283 0.012986
v 6.013675 -0.143524 0.060000
v 5.956382 -0.125588 0.000000
v 5.956552 -0.124779 0.000000
v 6.016894 -0.125840 -0.060000
v 6.016894 -0.125840 0.060000
v 6.016331 0.326332 -0.060000
v 6.016331 0.326332 0.060000
v 5.969552 0.320841 -0.012986
v 5.956863 0.318026 -0.000000
v 5.969552 0.320841 0.012986
v 6.014404 0.335122 -0.060000
v 5.980567 0.324193 -0.024493
v 5.969602 0.320651 -0.012986
v 5.969602 0.320651 0.012986
v 5.980567 0.324193 0.024493
v 6.014404 0.335122 0.060000
v 5.990765 0.328361 -0.035507
v 5.980744 0.323732 -0.024493
v 5.958458 0.313439 -0.000000
v 5.980744 0.323732 0.024493
v 5.990765 0.328361 0.035507
v 6.011398 0.341683 -0.060000
v 6.000484 0.334573 -0.047014
v 5.990812 0.328274 -0.035507
v 5.990812 0.328274 0.035507
v 6.000484 0.334573 0.047014
v 6.011398 0.341683 0.060000
v 6.009416 0.344262 -0.060000
v 5.999887 0.335350 -0.047014
v 5.965390 0.303083 -0.000000
v 5.999887 0.335350 0.047014
v 6.009416 0.344262 0.060000
v 5.999609 0.335594 -0.047014
v 5.992551 0.326477 -0.035507
v 5.992551 0.326477 0.035507
v 5.999609 0.335594 0.047014
v 6.005469 0.347310 -0.060000
v 5.992920 0.326227 -0.035507
v 5.974728 0.295664 -0.000000
v 5.992920 0.326227 0.035507
v 6.005469 0.347310 0.060000
v 5.992879 0.326248 -0.035507
v 5.988305 0.316214 -0.024493
v 5.988305 0.316214 0.024493
v 5.992879 0.326248 0.035507
v 6.000277 0.349663 -0.060000
v 5.988552 0.316116 -0.024493
v 5.984753 0.305244 -0.012986
v 5.984753 0.305244 0.012986
v 5.988552 0.316116 0.024493
v 6.000277 0.349663 0.060000
v 5.984851 0.305214 -0.012986
v 5.981470 0.292669 -0.000000
v 5.984851 0.305214 0.012986
v 5.959373 0.355479 -0.060000
v 5.899373 0.300404 -0.000000
v 5.959373 0.355479 0.060000
v 5.959373 0.371872 -0.060000
v 5.899373 0.426858 -0.000000
v 5.959373 0.371872 0.060000
v 5.992528 0.436528 -0.000000
v 6.055145 0.391717 -0.060000
v 6.062134 0.456828 -0.000000
v 6.055145 0.391717 0.060000
v 6.067224 0.384815 -0.060000
v 6.130763 0.417611 -0.000000
v 6.067224 0.384815 0.060000
v 6.063807 0.332345 -0.060000
v 6.123804 0.331570 -0.000000
v 6.063807 0.332345 0.060000
v 6.063773 0.327006 -0.060000
v 6.124730 0.473583 -0.000000
v 6.063773 0.327006 0.060000
v 6.071075 0.334362 -0.060000
v 6.029118 0.377262 -0.000000
v 6.071075 0.334362 0.060000
v 6.108671 0.365406 -0.060000
v 6.075394 0.415367 -0.000000
v 6.108671 0.365406 0.060000
v 6.160840 0.389978 -0.060000
v 6.144245 0.447700 -0.000000
v 6.160840 0.389978 0.060000
v 6.192867 0.396063 -0.060000
v 6.187183 0.455861 -0.000000
v 6.192867 0.396063 0.060000
v 6.232799 0.395423 -0.060000
v 6.240913 0.455019 -0.000000
v 6.232799 0.395423 0.060000
v 6.272857 0.384033 -0.060000
v 6.297817 0.438784 -0.000000
v 6.272857 0.384033 0.060000
v 6.306192 0.362217 -0.060000
v 6.346336 0.407033 -0.000000
v 6.306192 0.362217 0.060000
v 6.332157 0.330982 -0.060000
v 6.383238 0.362715 -0.000000
v 6.332157 0.330982 0.060000
v 6.350106 0.291334 -0.060000
v 6.407402 0.309474 -0.000000
v 6.350106 0.291334 0.060000
v 6.359390 0.244281 -0.060000
v 6.419193 0.249951 -0.000000
v 6.359390 0.244281 0.060000
v 6.359031 0.187545 -0.060000
v 6.418797 0.181407 -0.000000
v 6.359031 0.187545 0.060000
v 6.346897 0.130056 -0.060000
v 6.403930 0.111106 -0.000000
v 6.346897 0.130056 0.060000
v 6.323294 0.079720 -0.060000
v 6.374080 0.047533 -0.000000
v 6.323294 0.079720 0.060000
v 6.288918 0.038719 -0.060000
v 6.329134 -0.006017 0.000000
v 6.288918 0.038719 0.060000
v 6.244465 0.009235 -0.060000
v 6.269901 -0.045295 0.000000
v 6.244465 0.009235 0.060000
v 6.190628 -0.006552 -0.060000
v 6.199048 -0.066116 0.000000
v 6.190628 -0.006552 0.060000
v 6.132070 -0.006835 -0.060000
v 6.124491 -0.066367 0.000000
v 6.132070 -0.006835 0.060000
v 6.069508 0.010162 -0.060000
v 6.046820 -0.045387 0.000000
v 6.069508 0.010162 0.060000
v 6.062910 0.012942 -0.060000
v 6.122910 -0.077455 0.000000
v 6.062910 0.012942 0.060000
v 6.065186 -0.134018 -0.060000
v 6.065186 -0.134018 0.060000
v 6.066914 -0.141838 -0.060000
v 6.112132 -0.128873 -0.012986
v 6.124621 -0.125292 0.000000
v 6.112132 -0.128873 0.012986
v 6.066914 -0.141838 0.060000
v 6.101370 -0.132993 -0.024493
v 6.112183 -0.129034 -0.012986
v 6.112183 -0.129034 0.012986
v 6.101370 -0.132993 0.024493
v 6.091493 -0.137935 -0.035507
v 6.101493 -0.133294 -0.024493
v 6.101493 -0.133294 0.024493
v 6.091493 -0.137935 0.035507
v 6.070675 -0.150992 -0.060000
v 6.091585 -0.138111 -0.035507
v 6.121896 -0.119438 0.000000
v 6.091585 -0.138111 0.035507
v 6.070675 -0.150992 0.060000
v 6.072847 -0.154002 -0.060000
v 6.091407 -0.137865 -0.035507
v 6.118313 -0.114473 0.000000
v 6.091407 -0.137865 0.035507
v 6.072847 -0.154002 0.060000
v 6.075544 -0.156589 -0.060000
v 6.090934 -0.137412 -0.035507
v 6.113245 -0.109612 0.000000
v 6.090934 -0.137412 0.035507
v 6.075544 -0.156589 0.060000
v 6.078858 -0.158798 -0.060000
v 6.090897 -0.137387 -0.035507
v 6.096311 -0.127759 -0.024493
v 6.108350 -0.106348 0.000000
v 6.096311 -0.127759 0.024493
v 6.090897 -0.137387 0.035507
v 6.078858 -0.158798 0.060000
v 6.095984 -0.127607 -0.024493
v 6.100231 -0.116891 -0.012986
v 6.100231 -0.116891 0.012986
v 6.095984 -0.127607 0.024493
v 6.087709 -0.162264 -0.060000
v 6.100469 -0.116969 -0.012986
v 6.103994 -0.104458 0.000000
v 6.100469 -0.116969 0.012986
v 6.087709 -0.162264 0.060000
v 6.151780 -0.169111 -0.060000
v 6.211780 -0.112826 0.000000
v 6.151780 -0.169111 0.060000
v 6.151780 -0.185505 -0.060000
v 6.211780 -0.248154 0.000000
v 6.151780 -0.185505 0.060000
v 6.085710 0.070085 -0.035507
v 6.109191 0.096733 -0.000000
v 6.085710 0.070085 0.035507
v 6.091127 0.035503 -0.060000
v 6.122762 0.086521 -0.000000
v 6.091127 0.035503 0.060000
v 6.125288 0.020292 -0.060000
v 6.141829 0.078008 -0.000000
v 6.125288 0.020292 0.060000
v 6.145197 0.016126 -0.060000
v 6.153326 0.075610 -0.000000
v 6.145197 0.016126 0.060000
v 6.188485 0.016110 -0.060000
v 6.180099 0.075678 -0.000000
v 6.188485 0.016110 0.060000
v 6.226857 0.027408 -0.060000
v 6.201180 0.081837 -0.000000
v 6.226857 0.027408 0.060000
v 6.243845 0.037101 -0.060000
v 6.210054 0.086900 -0.000000
v 6.243845 0.037101 0.060000
v 6.272896 0.064172 -0.060000
v 6.225918 0.101742 -0.000000
v 6.272896 0.064172 0.060000
v 6.294686 0.100949 -0.060000
v 6.239527 0.124844 -0.000000
v 6.294686 0.100949 0.060000
v 6.308376 0.146786 -0.060000
v 6.249330 0.157871 -0.000000
v 6.308376 0.146786 0.060000
v 6.313126 0.201035 -0.060000
v 6.253079 0.201239 -0.000000
v 6.313126 0.201035 0.060000
v 6.310030 0.242690 -0.060000
v 6.250714 0.233282 -0.000000
v 6.310030 0.242690 0.060000
v 6.300439 0.280318 -0.060000
v 6.244126 0.259332 -0.000000
v 6.300439 0.280318 0.060000
v 6.283898 0.312338 -0.060000
v 6.234765 0.277625 -0.000000
v 6.283898 0.312338 0.060000
v 6.272879 0.325751 -0.060000
v 6.229564 0.283955 -0.000000
v 6.272879 0.325751 0.060000
v 6.259951 0.337168 -0.060000
v 6.224040 0.288834 -0.000000
v 6.259951 0.337168 0.060000
v 6.245058 0.346392 -0.060000
v 6.217826 0.292682 -0.000000
v 6.245058 0.346392 0.060000
v 6.228143 0.353226 -0.060000
v 6.210242 0.295746 -0.000000
v 6.228143 0.353226 0.060000
v 6.209148 0.357471 -0.060000
v 6.200489 0.297926 -0.000000
v 6.209148 0.357471 0.060000
v 6.163172 0.357129 -0.060000
v 6.171963 0.297734 -0.000000
v 6.163172 0.357129 0.060000
v 6.140244 0.351996 -0.060000
v 6.157579 0.294515 -0.000000
v 6.140244 0.351996 0.060000
v 6.137184 0.285985 -0.000000
v 6.099180 0.333365 -0.060000
v 6.099180 0.333365 0.060000
v 6.087105 0.294685 -0.035507
v 6.109534 0.267151 -0.000000
v 6.087105 0.294685 0.035507
v 6.062910 0.306299 -0.060000
v 6.087403 0.294937 -0.035507
v 6.122910 0.278467 -0.000000
v 6.087403 0.294937 0.035507
v 6.062910 0.306299 0.060000
v 6.062910 0.304374 -0.060000
v 6.122910 0.304374 -0.000000
v 6.062910 0.304374 0.060000
v 6.062910 0.057808 -0.060000
v 6.087403 0.068520 -0.035507
v 6.122910 0.084047 -0.000000
v 6.087403 0.068520 0.035507
v 6.062910 0.057808 0.060000
v 6.575125 -0.002173 -0.060000
v 6.559182 -0.060176 0.000000
v 6.575125 -0.002173 0.060000
v 6.533079 0.016266 -0.060000
v 6.500851 -0.034549 0.000000
v 6.533079 0.016266 0.060000
v 6.515285 0.029544 -0.060000
v 6.475789 -0.015846 0.000000
v 6.515285 0.029544 0.060000
v 6.486397 0.063352 -0.060000
v 6.435674 0.031042 -0.000000
v 6.486397 0.063352 0.060000
v 6.466761 0.105668 -0.060000
v 6.409586 0.087135 -0.000000
v 6.466761 0.105668 0.060000
v 6.456758 0.155102 -0.060000
v 6.396966 0.149290 -0.000000
v 6.456758 0.155102 0.060000
v 6.456931 0.211837 -0.060000
v 6.397148 0.217763 -0.000000
v 6.456931 0.211837 0.060000
v 6.468203 0.266946 -0.060000
v 6.411029 0.285466 -0.000000
v 6.468203 0.266946 0.060000
v 6.490080 0.314614 -0.060000
v 6.439052 0.346416 -0.000000
v 6.490080 0.314614 0.060000
v 6.521867 0.353042 -0.060000
v 6.481430 0.397584 -0.000000
v 6.521867 0.353042 0.060000
v 6.562870 0.380433 -0.060000
v 6.537341 0.434923 -0.000000
v 6.562870 0.380433 0.060000
v 6.586609 0.389428 -0.060000
v 6.569558 0.447130 -0.000000
v 6.586609 0.389428 0.060000
v 6.640132 0.396894 -0.060000
v 6.639752 0.457009 -0.000000
v 6.640132 0.396894 0.060000
v 6.683205 0.391917 -0.060000
v 6.697941 0.450225 -0.000000
v 6.683205 0.391917 0.060000
v 6.718392 0.377497 -0.060000
v 6.749543 0.428994 -0.000000
v 6.718392 0.377497 0.060000
v 6.733037 0.366985 -0.060000
v 6.771907 0.412941 -0.000000
v 6.733037 0.366985 0.060000
v 6.756441 0.339838 -0.060000
v 6.807338 0.371908 -0.000000
v 6.756441 0.339838 0.060000
v 6.772021 0.305166 -0.060000
v 6.829467 0.322846 -0.000000
v 6.772021 0.305166 0.060000
v 6.779799 0.263735 -0.060000
v 6.839629 0.269040 -0.000000
v 6.779799 0.263735 0.060000
v 6.780770 0.209664 -0.060000
v 6.840770 0.149664 -0.000000
v 6.780770 0.209664 0.060000
v 6.501219 0.209664 -0.060000
v 6.561219 0.149664 -0.000000
v 6.501219 0.209664 0.060000
v 6.501219 0.208999 -0.060000
v 6.561219 0.208999 -0.000000
v 6.501219 0.208999 0.060000
v 6.548233 0.201035 -0.012986
v 6.561219 0.201035 -0.000000
v 6.548233 0.201035 0.012986
v 6.548233 0.201135 -0.012986
v 6.561219 0.201401 -0.000000
v 6.548233 0.201135 0.012986
v 6.510266 0.130891 -0.060000
v 6.567946 0.147747 -0.000000
v 6.510266 0.130891 0.060000
v 6.526322 0.092973 -0.060000
v 6.578133 0.123513 -0.000000
v 6.526322 0.092973 0.060000
v 6.550372 0.062927 -0.060000
v 6.591041 0.107294 -0.000000
v 6.550372 0.062927 0.060000
v 6.565387 0.051194 -0.060000
v 6.598539 0.101434 -0.000000
v 6.565387 0.051194 0.060000
v 6.582391 0.041833 -0.060000
v 6.607194 0.096670 -0.000000
v 6.582391 0.041833 0.060000
v 6.622355 0.030769 -0.060000
v 6.630166 0.090398 -0.000000
v 6.622355 0.030769 0.060000
v 6.672371 0.031241 -0.060000
v 6.663821 0.090668 -0.000000
v 6.672371 0.031241 0.060000
v 6.696725 0.036526 -0.060000
v 6.679869 0.094147 -0.000000
v 6.696725 0.036526 0.060000
v 6.737981 0.054645 -0.060000
v 6.707264 0.106213 -0.000000
v 6.737981 0.054645 0.060000
v 6.770417 0.078516 -0.060000
v 6.775286 0.161235 -0.000000
v 6.770417 0.078516 0.060000
v 6.782496 0.065574 -0.060000
v 6.865064 0.065043 -0.000000
v 6.782496 0.065574 0.060000
v 6.740442 0.027930 -0.060000
v 6.775126 -0.021067 0.000000
v 6.740442 0.027930 0.060000
v 6.688801 0.001406 -0.060000
v 6.707876 -0.055532 0.000000
v 6.688801 0.001406 0.060000
v 6.658726 -0.006008 -0.060000
v 6.668330 -0.065285 0.000000
v 6.658726 -0.006008 0.060000
v 6.625464 -0.008628 -0.060000
v 6.624760 -0.068702 0.000000
v 6.625464 -0.008628 0.060000
v 6.734179 0.234685 -0.060000
v 6.720798 0.247375 -0.047014
v 6.672355 0.293316 -0.000000
v 6.720798 0.247375 0.047014
v 6.734179 0.234685 0.060000
v 6.720656 0.251990 -0.047014
v 6.673713 0.248971 -0.000000
v 6.720656 0.251990 0.047014
v 6.731894 0.270440 -0.060000
v 6.731894 0.270440 0.060000
v 6.670297 0.274143 -0.000000
v 6.718700 0.318133 -0.060000
v 6.664237 0.292675 -0.000000
v 6.718700 0.318133 0.060000
v 6.702275 0.343627 -0.060000
v 6.657354 0.303544 -0.000000
v 6.702275 0.343627 0.060000
v 6.691485 0.353881 -0.060000
v 6.654018 0.306715 -0.000000
v 6.691485 0.353881 0.060000
v 6.678851 0.362206 -0.060000
v 6.650378 0.309113 -0.000000
v 6.678851 0.362206 0.060000
v 6.664275 0.368401 -0.060000
v 6.645604 0.311142 -0.000000
v 6.664275 0.368401 0.060000
v 6.647662 0.372265 -0.060000
v 6.638682 0.312752 -0.000000
v 6.647662 0.372265 0.060000
v 6.611722 0.372493 -0.060000
v 6.619643 0.312878 -0.000000
v 6.611722 0.372493 0.060000
v 6.580476 0.363824 -0.060000
v 6.604850 0.308819 -0.000000
v 6.580476 0.363824 0.060000
v 6.566537 0.356374 -0.060000
v 6.598726 0.305546 -0.000000
v 6.566537 0.356374 0.060000
v 6.542310 0.335526 -0.060000
v 6.587465 0.295806 -0.000000
v 6.542310 0.335526 0.060000
v 6.523333 0.307129 -0.060000
v 6.576924 0.279927 -0.000000
v 6.523333 0.307129 0.060000
v 6.510058 0.271638 -0.060000
v 6.510058 0.271638 0.060000
v 6.518517 0.249193 -0.047014
v 6.564907 0.241297 -0.000000
v 6.518517 0.249193 0.047014
v 6.502944 0.229508 -0.060000
v 6.517714 0.242828 -0.047014
v 6.571184 0.291051 -0.000000
v 6.517714 0.242828 0.047014
v 6.502944 0.229508 0.060000
v 6.969413 0.051487 -0.060000
v 7.028581 0.061540 -0.000000
v 6.969413 0.051487 0.060000
v 7.016359 0.056631 -0.012986
v 7.028849 0.060213 -0.000000
v 7.016359 0.056631 0.012986
v 7.005598 0.052511 -0.024493
v 7.016411 0.056471 -0.012986
v 7.016411 0.056471 0.012986
v 7.005598 0.052511 0.024493
v 6.973482 0.037248 -0.060000
v 6.995721 0.047569 -0.035507
v 7.005721 0.052210 -0.024493
v 7.005721 0.052210 0.024493
v 6.995721 0.047569 0.035507
v 6.973482 0.037248 0.060000
v 6.995830 0.047359 -0.035507
v 7.026167 0.065983 -0.000000
v 6.995830 0.047359 0.035507
v 6.977060 0.031503 -0.060000
v 6.995791 0.047414 -0.035507
v 7.022944 0.070479 -0.000000
v 6.995791 0.047414 0.035507
v 6.977060 0.031503 0.060000
v 6.995615 0.047590 -0.035507
v 6.995615 0.047590 0.035507
v 6.982682 0.026707 -0.060000
v 6.995784 0.047466 -0.035507
v 7.001675 0.056801 -0.024493
v 7.014777 0.077561 -0.000000
v 7.001675 0.056801 0.024493
v 6.995784 0.047466 0.035507
v 6.982682 0.026707 0.060000
v 7.001325 0.056991 -0.024493
v 7.006242 0.067413 -0.012986
v 7.006242 0.067413 0.012986
v 7.001325 0.056991 0.024493
v 6.990065 0.023241 -0.060000
v 7.005877 0.067562 -0.012986
v 7.010245 0.079804 -0.000000
v 7.005877 0.067562 0.012986
v 6.990065 0.023241 0.060000
v 7.030123 0.016393 -0.060000
v 7.090123 0.069756 -0.000000
v 7.030123 0.016393 0.060000
v 7.030123 -0.000000 -0.060000
v 7.090123 -0.064639 0.000000
v 7.030123 0.000000 0.060000
v 6.859286 -0.000000 -0.060000
v 6.799286 -0.064639 0.000000
v 6.859286 0.000000 0.060000
v 6.859286 0.016393 -0.060000
v 6.799286 0.069570 -0.000000
v 6.859286 0.016393 0.060000
v 6.898177 0.022898 -0.060000
v 6.883594 0.067626 -0.012986
v 6.879566 0.079982 -0.000000
v 6.883594 0.067626 0.012986
v 6.898177 0.022898 0.060000
v 6.888229 0.057071 -0.024493
v 6.883752 0.067685 -0.012986
v 6.883752 0.067685 0.012986
v 6.888229 0.057071 0.024493
v 6.905514 0.025979 -0.060000
v 6.893673 0.047466 -0.035507
v 6.888348 0.057128 -0.024493
v 6.888348 0.057128 0.024493
v 6.893673 0.047466 0.035507
v 6.905514 0.025979 0.060000
v 6.894174 0.047781 -0.035507
v 6.873264 0.076576 -0.000000
v 6.894174 0.047781 0.035507
v 6.911305 0.030174 -0.060000
v 6.894247 0.047841 -0.035507
v 6.894247 0.047841 0.035507
v 6.911305 0.030174 0.060000
v 6.913643 0.032787 -0.060000
v 6.893785 0.047326 -0.035507
v 6.864998 0.068403 -0.000000
v 6.893785 0.047326 0.035507
v 6.913643 0.032787 0.060000
v 6.893555 0.046936 -0.035507
v 6.883794 0.052068 -0.024493
v 6.883794 0.052068 0.024493
v 6.893555 0.046936 0.035507
v 6.883802 0.052085 -0.024493
v 6.873148 0.056461 -0.012986
v 6.873148 0.056461 0.012986
v 6.883802 0.052085 0.024493
v 6.917902 0.041981 -0.060000
v 6.873063 0.056225 -0.012986
v 6.860677 0.060159 -0.000000
v 6.873063 0.056225 0.012986
v 6.917902 0.041981 0.060000
v 6.860610 0.059917 -0.000000
v 6.919824 0.049948 -0.060000
v 6.860780 0.060726 -0.000000
v 6.919824 0.049948 0.060000
v 6.920559 0.326332 -0.060000
v 6.920559 0.326332 0.060000
v 6.873779 0.320841 -0.012986
v 6.861091 0.318026 -0.000000
v 6.873779 0.320841 0.012986
v 6.918632 0.335122 -0.060000
v 6.884795 0.324193 -0.024493
v 6.873830 0.320651 -0.012986
v 6.873830 0.320651 0.012986
v 6.884795 0.324193 0.024493
v 6.918632 0.335122 0.060000
v 6.894993 0.328361 -0.035507
v 6.884972 0.323732 -0.024493
v 6.862686 0.313439 -0.000000
v 6.884972 0.323732 0.024493
v 6.894993 0.328361 0.035507
v 6.915626 0.341683 -0.060000
v 6.904711 0.334573 -0.047014
v 6.895040 0.328274 -0.035507
v 6.895040 0.328274 0.035507
v 6.904711 0.334573 0.047014
v 6.915626 0.341683 0.060000
v 6.913643 0.344262 -0.060000
v 6.904115 0.335350 -0.047014
v 6.869618 0.303083 -0.000000
v 6.904115 0.335350 0.047014
v 6.913643 0.344262 0.060000
v 6.903837 0.335594 -0.047014
v 6.896779 0.326477 -0.035507
v 6.896779 0.326477 0.035507
v 6.903837 0.335594 0.047014
v 6.909697 0.347310 -0.060000
v 6.897148 0.326227 -0.035507
v 6.878955 0.295664 -0.000000
v 6.897148 0.326227 0.035507
v 6.909697 0.347310 0.060000
v 6.897107 0.326248 -0.035507
v 6.892532 0.316214 -0.024493
v 6.892532 0.316214 0.024493
v 6.897107 0.326248 0.035507
v 6.904504 0.349663 -0.060000
v 6.892780 0.316116 -0.024493
v 6.888980 0.305244 -0.012986
v 6.888980 0.305244 0.012986
v 6.892780 0.316116 0.024493
v 6.904504 0.349663 0.060000
v 6.889079 0.305214 -0.012986
v 6.885697 0.292669 -0.000000
v 6.889079 0.305214 0.012986
v 6.863600 0.355479 -0.060000
v 6.803600 0.300404 -0.000000
v 6.863600 0.355479 0.060000
v 6.863600 0.371872 -0.060000
v 6.803600 0.426858 -0.000000
v 6.863600 0.371872 0.060000
v 6.896756 0.436528 -0.000000
v 6.959373 0.391717 -0.060000
v 6.966362 0.456828 -0.000000
v 6.959373 0.391717 0.060000
v 6.971452 0.384815 -0.060000
v 7.035391 0.417382 -0.000000
v 6.971452 0.384815 0.060000
v 6.968036 0.337755 -0.060000
v 7.028031 0.336883 -0.000000
v 6.968036 0.337755 0.060000
v 6.968001 0.333046 -0.060000
v 7.028984 0.465840 -0.000000
v 6.968001 0.333046 0.060000
v 6.978170 0.341915 -0.060000
v 6.939410 0.387723 -0.000000
v 6.978170 0.341915 0.060000
v 7.020826 0.372476 -0.060000
v 6.991229 0.424702 -0.000000
v 7.020826 0.372476 0.060000
v 7.070527 0.392014 -0.060000
v 7.057102 0.450539 -0.000000
v 7.070527 0.392014 0.060000
v 7.115541 0.396894 -0.060000
v 7.116083 0.456951 -0.000000
v 7.115541 0.396894 0.060000
v 7.157376 0.392216 -0.060000
v 7.171938 0.450574 -0.000000
v 7.157376 0.392216 0.060000
v 7.190798 0.378455 -0.060000
v 7.222538 0.429623 -0.000000
v 7.190798 0.378455 0.060000
v 7.204467 0.368296 -0.060000
v 7.244370 0.413396 -0.000000
v 7.204467 0.368296 0.060000
v 7.216167 0.356018 -0.060000
v 7.262985 0.393862 -0.000000
v 7.216167 0.356018 0.060000
v 7.225944 0.341673 -0.060000
v 7.278037 0.371778 -0.000000
v 7.225944 0.341673 0.060000
v 7.239908 0.306986 -0.060000
v 7.297920 0.322662 -0.000000
v 7.239908 0.306986 0.060000
v 7.251556 0.043666 -0.060000
v 7.296773 0.056631 -0.012986
v 7.309263 0.060213 -0.000000
v 7.296773 0.056631 0.012986
v 7.251556 0.043666 0.060000
v 7.286012 0.052511 -0.024493
v 7.296825 0.056471 -0.012986
v 7.296825 0.056471 0.012986
v 7.286012 0.052511 0.024493
v 7.276135 0.047569 -0.035507
v 7.286135 0.052210 -0.024493
v 7.286135 0.052210 0.024493
v 7.276135 0.047569 0.035507
v 7.255317 0.034513 -0.060000
v 7.276244 0.047359 -0.035507
v 7.306581 0.065983 -0.000000
v 7.276244 0.047359 0.035507
v 7.255317 0.034513 0.060000
v 7.257474 0.031503 -0.060000
v 7.276205 0.047414 -0.035507
v 7.303359 0.070479 -0.000000
v 7.276205 0.047414 0.035507
v 7.257474 0.031503 0.060000
v 7.276029 0.047590 -0.035507
v 7.276029 0.047590 0.035507
v 7.263096 0.026707 -0.060000
v 7.276198 0.047466 -0.035507
v 7.282089 0.056801 -0.024493
v 7.295191 0.077561 -0.000000
v 7.282089 0.056801 0.024493
v 7.276198 0.047466 0.035507
v 7.263096 0.026707 0.060000
v 7.281739 0.056991 -0.024493
v 7.286656 0.067413 -0.012986
v 7.286656 0.067413 0.012986
v 7.281739 0.056991 0.024493
v 7.270479 0.023241 -0.060000
v 7.286292 0.067562 -0.012986
v 7.290659 0.079804 -0.000000
v 7.286292 0.067562 0.012986
v 7.270479 0.023241 0.060000
v 7.310537 0.016393 -0.060000
v 7.370537 0.069756 -0.000000
v 7.310537 0.016393 0.060000
v 7.310537 -0.000000 -0.060000
v 7.370537 -0.064639 0.000000
v 7.310537 0.000000 0.060000
v 7.139700 -0.000000 -0.060000
v 7.079700 -0.064639 0.000000
v 7.139700 0.000000 0.060000
v 7.139700 0.016393 -0.060000
v 7.079700 0.069570 -0.000000
v 7.139700 0.016393 0.060000
v 7.178591 0.022898 -0.060000
v 7.164008 0.067626 -0.012986
v 7.159980 0.079982 -0.000000
v 7.164008 0.067626 0.012986
v 7.178591 0.022898 0.060000
v 7.168643 0.057071 -0.024493
v 7.164166 0.067685 -0.012986
v 7.164166 0.067685 0.012986
v 7.168643 0.057071 0.024493
v 7.185928 0.025979 -0.060000
v 7.174087 0.047466 -0.035507
v 7.168762 0.057128 -0.024493
v 7.168762 0.057128 0.024493
v 7.174087 0.047466 0.035507
v 7.185928 0.025979 0.060000
v 7.174588 0.047781 -0.035507
v 7.153678 0.076576 -0.000000
v 7.174588 0.047781 0.035507
v 7.191719 0.030174 -0.060000
v 7.174661 0.047841 -0.035507
v 7.174661 0.047841 0.035507
v 7.191719 0.030174 0.060000
v 7.194057 0.032787 -0.060000
v 7.174200 0.047326 -0.035507
v 7.145412 0.068403 -0.000000
v 7.174200 0.047326 0.035507
v 7.194057 0.032787 0.060000
v 7.195676 0.035524 -0.060000
v 7.173969 0.046936 -0.035507
v 7.164208 0.052068 -0.024493
v 7.164208 0.052068 0.024493
v 7.173969 0.046936 0.035507
v 7.164217 0.052085 -0.024493
v 7.153562 0.056461 -0.012986
v 7.153562 0.056461 0.012986
v 7.164217 0.052085 0.024493
v 7.153477 0.056225 -0.012986
v 7.141091 0.060159 -0.000000
v 7.153477 0.056225 0.012986
v 7.198317 0.041981 0.060000
v 7.141024 0.059917 -0.000000
v 7.200238 0.049948 -0.060000
v 7.141194 0.060726 -0.000000
v 7.200238 0.049948 0.060000
v 7.201766 0.254469 -0.060000
v 7.141912 0.249510 -0.000000
v 7.201766 0.254469 0.060000
v 7.194692 0.293774 -0.060000
v 7.137268 0.275944 -0.000000
v 7.194692 0.293774 0.060000
v 7.181253 0.322402 -0.060000
v 7.131709 0.288171 -0.000000
v 7.181253 0.322402 0.060000
v 7.172379 0.333154 -0.060000
v 7.129529 0.290812 -0.000000
v 7.172379 0.333154 0.060000
v 7.162194 0.341766 -0.060000
v 7.127449 0.292571 -0.000000
v 7.162194 0.341766 0.060000
v 7.150789 0.348417 -0.060000
v 7.124659 0.294198 -0.000000
v 7.150789 0.348417 0.060000
v 7.124693 0.356537 -0.060000
v 7.113915 0.297420 -0.000000
v 7.124693 0.356537 0.060000
v 7.094834 0.358930 -0.060000
v 7.094686 0.298894 -0.000000
v 7.094834 0.358930 0.060000
v 7.043512 0.352315 -0.060000
v 7.059203 0.294369 -0.000000
v 7.043512 0.352315 0.060000
v 7.037593 0.286187 -0.000000
v 7.001203 0.334771 -0.060000
v 7.001203 0.334771 0.060000
v 6.990511 0.297615 -0.035507
v 7.013110 0.270212 -0.000000
v 6.990511 0.297615 0.035507
v 6.967138 0.309750 -0.060000
v 6.991631 0.298588 -0.035507
v 7.027138 0.282406 -0.000000
v 6.991631 0.298588 0.035507
v 6.967138 0.309750 0.060000
v 6.967138 0.307593 -0.060000
v 7.027138 0.307593 -0.000000
v 6.967138 0.307593 0.060000
v 7.808380 0.388266 -0.060000
v 7.868380 0.451037 -0.000000
v 7.808380 0.388266 0.060000
v 7.808380 0.354616 -0.060000
v 7.868380 0.294616 -0.000000
v 7.808380 0.354616 0.060000
v 7.674644 0.354616 -0.060000
v 7.734644 0.294616 -0.000000
v 7.674644 0.354616 0.060000
v 7.676920 0.051487 -0.060000
v 7.736088 0.061540 -0.000000
v 7.676920 0.051487 0.060000
v 7.723866 0.056631 -0.012986
v 7.736356 0.060213 -0.000000
v 7.723866 0.056631 0.012986
v 7.713104 0.052511 -0.024493
v 7.723917 0.056471 -0.012986
v 7.723917 0.056471 0.012986
v 7.713104 0.052511 0.024493
v 7.680988 0.037248 -0.060000
v 7.703228 0.047569 -0.035507
v 7.713228 0.052210 -0.024493
v 7.713228 0.052210 0.024493
v 7.703228 0.047569 0.035507
v 7.680988 0.037248 0.060000
v 7.703337 0.047358 -0.035507
v 7.733675 0.065980 -0.000000
v 7.703337 0.047358 0.035507
v 7.684566 0.031503 -0.060000
v 7.703298 0.047413 -0.035507
v 7.730453 0.070476 -0.000000
v 7.703298 0.047413 0.035507
v 7.684566 0.031503 0.060000
v 7.703121 0.047590 -0.035507
v 7.703121 0.047590 0.035507
v 7.690188 0.026707 -0.060000
v 7.703290 0.047466 -0.035507
v 7.709181 0.056801 -0.024493
v 7.722283 0.077561 -0.000000
v 7.709181 0.056801 0.024493
v 7.703290 0.047466 0.035507
v 7.690188 0.026707 0.060000
v 7.708831 0.056991 -0.024493
v 7.713748 0.067413 -0.012986
v 7.713748 0.067413 0.012986
v 7.708831 0.056991 0.024493
v 7.697571 0.023241 -0.060000
v 7.713384 0.067562 -0.012986
v 7.717752 0.079804 -0.000000
v 7.713384 0.067562 0.012986
v 7.697571 0.023241 0.060000
v 7.737630 0.016393 -0.060000
v 7.797630 0.069756 -0.000000
v 7.737630 0.016393 0.060000
v 7.737630 -0.000000 -0.060000
v 7.797630 -0.064639 0.000000
v 7.737630 0.000000 0.060000
v 7.566792 -0.000000 -0.060000
v 7.506793 -0.064639 0.000000
v 7.566792 0.000000 0.060000
v 7.566792 0.016393 -0.060000
v 7.506793 0.069570 -0.000000
v 7.566792 0.016393 0.060000
v 7.605683 0.022898 -0.060000
v 7.591100 0.067626 -0.012986
v 7.587072 0.079982 -0.000000
v 7.591100 0.067626 0.012986
v 7.605683 0.022898 0.060000
v 7.595736 0.057071 -0.024493
v 7.591259 0.067685 -0.012986
v 7.591259 0.067685 0.012986
v 7.595736 0.057071 0.024493
v 7.613020 0.025979 -0.060000
v 7.601179 0.047466 -0.035507
v 7.595854 0.057128 -0.024493
v 7.595854 0.057128 0.024493
v 7.601179 0.047466 0.035507
v 7.613020 0.025979 0.060000
v 7.601681 0.047781 -0.035507
v 7.580772 0.076577 -0.000000
v 7.601681 0.047781 0.035507
v 7.618812 0.030174 -0.060000
v 7.601754 0.047842 -0.035507
v 7.601754 0.047842 0.035507
v 7.618812 0.030174 0.060000
v 7.621150 0.032787 -0.060000
v 7.601293 0.047327 -0.035507
v 7.572508 0.068406 -0.000000
v 7.601293 0.047327 0.035507
v 7.621150 0.032787 0.060000
v 7.601063 0.046938 -0.035507
v 7.591302 0.052070 -0.024493
v 7.591302 0.052070 0.024493
v 7.601063 0.046938 0.035507
v 7.591309 0.052083 -0.024493
v 7.580654 0.056459 -0.012986
v 7.580654 0.056459 0.012986
v 7.591309 0.052083 0.024493
v 7.625409 0.041981 -0.060000
v 7.580569 0.056222 -0.012986
v 7.568183 0.060155 -0.000000
v 7.580569 0.056222 0.012986
v 7.625409 0.041981 0.060000
v 7.568117 0.059917 -0.000000
v 7.628629 0.059665 -0.060000
v 7.628629 0.059665 0.060000
v 7.629778 0.354616 -0.060000
v 7.569778 0.294616 -0.000000
v 7.629778 0.354616 0.060000
v 7.549536 0.354616 -0.060000
v 7.489536 0.294616 -0.000000
v 7.549536 0.354616 0.060000
v 7.549536 0.371872 -0.060000
v 7.489536 0.426346 -0.000000
v 7.549536 0.371872 0.060000
v 7.629778 0.379638 -0.060000
v 7.616792 0.391428 -0.047014
v 7.569778 0.434111 -0.000000
v 7.616792 0.391428 0.047014
v 7.629778 0.379638 0.060000
v 7.616792 0.387658 -0.047014
v 7.569778 0.388582 -0.000000
v 7.616792 0.387658 0.047014
v 7.636297 0.467637 -0.060000
v 7.577186 0.478382 -0.000000
v 7.636297 0.467637 0.060000
v 7.654321 0.528553 -0.060000
v 7.599367 0.552979 -0.000000
v 7.654321 0.528553 0.060000
v 7.681547 0.572261 -0.060000
v 7.636086 0.611709 -0.000000
v 7.681547 0.572261 0.060000
v 7.697893 0.588320 -0.060000
v 7.659318 0.634535 -0.000000
v 7.697893 0.588320 0.060000
v 7.715676 0.600869 -0.060000
v 7.684961 0.652629 -0.000000
v 7.715676 0.600869 0.060000
v 7.734610 0.610170 -0.060000
v 7.712140 0.665981 -0.000000
v 7.734610 0.610170 0.060000
v 7.774779 0.620085 -0.060000
v 7.767884 0.679796 -0.000000
v 7.774779 0.620085 0.060000
v 7.815475 0.620362 -0.060000
v 7.815475 0.620362 0.060000
v 7.833130 0.678762 -0.000000
v 7.854972 0.613460 -0.060000
v 7.924645 0.658333 -0.000000
v 7.854972 0.613460 0.060000
v 7.835990 0.514236 -0.060000
v 7.885600 0.454236 -0.000000
v 7.835990 0.514236 0.060000
v 7.820460 0.514236 -0.060000
v 7.774127 0.454236 -0.000000
v 7.820460 0.514236 0.060000
v 7.800615 0.590164 -0.060000
v 7.750256 0.545566 -0.000000
v 7.800615 0.590164 0.060000
v 7.798025 0.591189 -0.060000
v 7.776928 0.535010 -0.000000
v 7.798025 0.591189 0.060000
v 7.779907 0.595596 -0.060000
v 7.772726 0.536020 -0.000000
v 7.779907 0.595596 0.060000
v 7.771129 0.560671 -0.024493
v 7.770430 0.536185 -0.000000
v 7.771129 0.560671 0.024493
v 7.770810 0.560676 -0.024493
v 7.771677 0.536168 -0.000000
v 7.770810 0.560676 0.024493
v 7.757718 0.595197 -0.060000
v 7.768011 0.535856 -0.000000
v 7.757718 0.595197 0.060000
v 7.746047 0.592109 -0.060000
v 7.766531 0.535465 -0.000000
v 7.746047 0.592109 0.060000
v 7.734704 0.586834 -0.060000
v 7.764746 0.534634 -0.000000
v 7.734704 0.586834 0.060000
v 7.723857 0.579267 -0.060000
v 7.762258 0.532898 -0.000000
v 7.723857 0.579267 0.060000
v 7.713668 0.569303 -0.060000
v 7.758891 0.529606 -0.000000
v 7.713668 0.569303 0.060000
v 7.695928 0.541766 -0.060000
v 7.750145 0.515808 -0.000000
v 7.695928 0.541766 0.060000
v 7.682801 0.503384 -0.060000
v 7.741251 0.489546 -0.000000
v 7.682801 0.503384 0.060000
v 7.710151 0.423066 -0.024493
v 7.734644 0.422670 -0.000000
v 7.710151 0.423066 0.024493
v 7.674644 0.382226 -0.060000
v 7.710151 0.419373 -0.024493
v 7.734644 0.444997 -0.000000
v 7.710151 0.419373 0.024493
v 7.674644 0.382226 0.060000
v 7.851572 0.212864 -0.060000
v 7.791891 0.220028 -0.000000
v 7.851572 0.212864 0.060000
v 7.865057 0.268038 -0.060000
v 7.808868 0.289406 -0.000000
v 7.865057 0.268038 0.060000
v 7.890190 0.315519 -0.060000
v 7.841031 0.350130 -0.000000
v 7.890190 0.315519 0.060000
v 7.925054 0.353628 -0.060000
v 7.886377 0.399670 -0.000000
v 7.925054 0.353628 0.060000
v 7.967731 0.380689 -0.060000
v 7.942782 0.435416 -0.000000
v 7.967731 0.380689 0.060000
v 8.016304 0.395023 -0.060000
v 8.007660 0.454556 -0.000000
v 8.016304 0.395023 0.060000
v 8.065490 0.395329 -0.060000
v 8.073539 0.454923 -0.000000
v 8.065490 0.395329 0.060000
v 8.109920 0.383116 -0.060000
v 8.133459 0.438451 -0.000000
v 8.109920 0.383116 0.060000
v 8.149712 0.359470 -0.060000
v 8.187034 0.406621 -0.000000
v 8.149712 0.359470 0.060000
v 8.182734 0.325208 -0.060000
v 8.231169 0.360844 -0.000000
v 8.182734 0.325208 0.060000
v 8.206851 0.281142 -0.060000
v 8.262882 0.302953 -0.000000
v 8.206851 0.281142 0.060000
v 8.219933 0.228089 -0.060000
v 8.279615 0.235245 -0.000000
v 8.219933 0.228089 0.060000
v 8.219925 0.168816 -0.060000
v 8.279609 0.161669 -0.000000
v 8.219925 0.168816 0.060000
v 8.206663 0.114768 -0.060000
v 8.262770 0.093168 -0.000000
v 8.206663 0.114768 0.060000
v 8.181860 0.068808 -0.060000
v 8.230585 0.033575 -0.000000
v 8.181860 0.068808 0.060000
v 8.147314 0.032303 -0.060000
v 8.185070 -0.014503 0.000000
v 8.147314 0.032303 0.060000
v 8.104824 0.006619 -0.060000
v 8.128669 -0.048591 0.000000
v 8.104824 0.006619 0.060000
v 8.081161 -0.001738 -0.060000
v 8.097273 -0.059679 0.000000
v 8.081161 -0.001738 0.060000
v 8.030123 -0.008628 -0.060000
v 8.030306 -0.068751 0.000000
v 8.030123 -0.008628 0.060000
v 7.984410 -0.003008 -0.060000
v 7.969728 -0.061305 0.000000
v 7.984410 -0.003008 0.060000
v 7.941957 0.013613 -0.060000
v 7.912986 -0.039077 0.000000
v 7.941957 0.013613 0.060000
v 7.905015 0.040876 -0.060000
v 7.863095 -0.002248 0.000000
v 7.905015 0.040876 0.060000
v 7.889316 0.058385 -0.060000
v 7.841859 0.021436 -0.000000
v 7.889316 0.058385 0.060000
v 7.864868 0.100936 -0.060000
v 7.809135 0.078337 -0.000000
v 7.864868 0.100936 0.060000
v 7.851564 0.153229 -0.060000
v 7.791894 0.145896 -0.000000
v 7.851564 0.153229 0.060000
v 8.171453 0.216074 -0.060000
v 8.111599 0.211180 -0.000000
v 8.171453 0.216074 0.060000
v 8.163294 0.263899 -0.060000
v 8.105360 0.247986 -0.000000
v 8.163294 0.263899 0.060000
v 8.147297 0.304499 -0.060000
v 8.094471 0.275794 -0.000000
v 8.147297 0.304499 0.060000
v 8.123799 0.336697 -0.060000
v 8.080950 0.294449 -0.000000
v 8.123799 0.336697 0.060000
v 8.109343 0.349279 -0.060000
v 8.073614 0.300833 -0.000000
v 8.109343 0.349279 0.060000
v 8.093136 0.359321 -0.060000
v 8.065755 0.305702 -0.000000
v 8.093136 0.359321 0.060000
v 8.075221 0.366675 -0.060000
v 8.056959 0.309313 -0.000000
v 8.075221 0.366675 0.060000
v 8.055641 0.371196 -0.060000
v 8.046667 0.311689 -0.000000
v 8.055641 0.371196 0.060000
v 8.014553 0.371412 -0.060000
v 8.022797 0.311828 -0.000000
v 8.014553 0.371412 0.060000
v 7.978691 0.360966 -0.060000
v 8.004330 0.306511 -0.000000
v 7.978691 0.360966 0.060000
v 7.962887 0.351932 -0.060000
v 7.996830 0.302224 -0.000000
v 7.962887 0.351932 0.060000
v 7.948617 0.340417 -0.060000
v 7.989930 0.296655 -0.000000
v 7.948617 0.340417 0.060000
v 7.925027 0.310126 -0.060000
v 7.977137 0.280109 -0.000000
v 7.925027 0.310126 0.060000
v 7.908615 0.270451 -0.060000
v 7.966386 0.253922 -0.000000
v 7.908615 0.270451 0.060000
v 7.900075 0.221753 -0.060000
v 7.959924 0.216760 -0.000000
v 7.900075 0.221753 0.060000
v 7.899994 0.168144 -0.060000
v 7.959848 0.173032 -0.000000
v 7.899994 0.168144 0.060000
v 7.908048 0.121090 -0.060000
v 7.965946 0.137146 -0.000000
v 7.908048 0.121090 0.060000
v 7.923903 0.081443 -0.060000
v 7.976487 0.110607 -0.000000
v 7.923903 0.081443 0.060000
v 7.947297 0.050208 -0.060000
v 7.989493 0.093118 -0.000000
v 7.947297 0.050208 0.060000
v 7.961737 0.038060 -0.060000
v 7.996634 0.087110 -0.000000
v 7.961737 0.038060 0.060000
v 7.977963 0.028392 -0.060000
v 8.004461 0.082446 -0.000000
v 7.977963 0.028392 0.060000
v 7.995942 0.021331 -0.060000
v 8.013458 0.078913 -0.000000
v 7.995942 0.021331 0.060000
v 8.015640 0.017002 -0.060000
v 8.024185 0.076556 -0.000000
v 8.015640 0.017002 0.060000
v 8.056728 0.016752 -0.060000
v 8.049014 0.076389 -0.000000
v 8.056728 0.016752 0.060000
v 8.092407 0.026505 -0.060000
v 8.067989 0.081507 -0.000000
v 8.092407 0.026505 0.060000
v 8.108192 0.035024 -0.060000
v 8.075499 0.085560 -0.000000
v 8.108192 0.035024 0.060000
v 8.122478 0.045964 -0.060000
v 8.082245 0.090726 -0.000000
v 8.122478 0.045964 0.060000
v 8.146173 0.075082 -0.060000
v 8.094568 0.105978 -0.000000
v 8.146173 0.075082 0.060000
v 8.162727 0.113810 -0.060000
v 8.105072 0.130765 -0.000000
v 8.162727 0.113810 0.060000
v 8.171371 0.162102 -0.060000
v 8.111526 0.167177 -0.000000
v 8.171371 0.162102 0.060000
v 8.428802 0.295526 -0.060000
v 8.379350 0.329509 -0.000000
v 8.428802 0.295526 0.060000
v 8.466339 0.342587 -0.060000
v 8.423496 0.384640 -0.000000
v 8.466339 0.342587 0.060000
v 8.489433 0.362888 -0.060000
v 8.453888 0.411311 -0.000000
v 8.489433 0.362888 0.060000
v 8.515859 0.378384 -0.060000
v 8.491742 0.433451 -0.000000
v 8.515859 0.378384 0.060000
v 8.545952 0.387085 -0.060000
v 8.537395 0.446626 -0.000000
v 8.545952 0.387085 0.060000
v 8.578252 0.387538 -0.060000
v 8.585827 0.447063 -0.000000
v 8.578252 0.387538 0.060000
v 8.584049 0.386540 -0.060000
v 8.652578 0.433780 -0.000000
v 8.584049 0.386540 0.060000
v 8.576283 0.339085 -0.060000
v 8.627476 0.280387 -0.000000
v 8.576283 0.339085 0.060000
v 8.516459 0.331863 -0.060000
v 8.532601 0.274018 -0.000000
v 8.516459 0.331863 0.060000
v 8.489893 0.321829 -0.060000
v 8.516330 0.267889 -0.000000
v 8.489893 0.321829 0.060000
v 8.465267 0.306618 -0.060000
v 8.501587 0.258774 -0.000000
v 8.465267 0.306618 0.060000
v 8.442368 0.285559 -0.060000
v 8.442368 0.285559 0.060000
v 8.468637 0.243746 -0.012986
v 8.478896 0.235768 -0.000000
v 8.468637 0.243746 0.012986
v 8.420977 0.257981 -0.060000
v 8.467991 0.242847 -0.012986
v 8.480977 0.238666 -0.000000
v 8.467991 0.242847 0.012986
v 8.420977 0.257981 0.060000
v 8.423251 0.051487 -0.060000
v 8.482419 0.061540 -0.000000
v 8.423251 0.051487 0.060000
v 8.470197 0.056634 -0.012986
v 8.482686 0.060216 -0.000000
v 8.470197 0.056634 0.012986
v 8.459435 0.052514 -0.024493
v 8.470248 0.056474 -0.012986
v 8.470248 0.056474 0.012986
v 8.459435 0.052514 0.024493
v 8.427320 0.037248 -0.060000
v 8.449558 0.047572 -0.035507
v 8.459558 0.052215 -0.024493
v 8.459558 0.052215 0.024493
v 8.449558 0.047572 0.035507
v 8.427320 0.037248 0.060000
v 8.449656 0.047386 -0.035507
v 8.479972 0.066048 -0.000000
v 8.449656 0.047386 0.035507
v 8.430910 0.031503 -0.060000
v 8.449526 0.047566 -0.035507
v 8.476511 0.070853 -0.000000
v 8.449526 0.047566 0.035507
v 8.430910 0.031503 0.060000
v 8.433572 0.028916 -0.060000
v 8.449150 0.047931 -0.035507
v 8.471733 0.075497 -0.000000
v 8.449150 0.047931 0.035507
v 8.433572 0.028916 0.060000
v 8.436790 0.026707 -0.060000
v 8.449166 0.047920 -0.035507
v 8.454731 0.057459 -0.024493
v 8.467108 0.078672 -0.000000
v 8.454731 0.057459 0.024493
v 8.449166 0.047920 0.035507
v 8.436790 0.026707 0.060000
v 8.454360 0.057640 -0.024493
v 8.458810 0.068273 -0.012986
v 8.458810 0.068273 0.012986
v 8.454360 0.057640 0.024493
v 8.445152 0.023241 -0.060000
v 8.458794 0.068279 -0.012986
v 8.462563 0.080719 -0.000000
v 8.458794 0.068279 0.012986
v 8.445152 0.023241 0.060000
v 8.501219 0.016393 -0.060000
v 8.561219 0.072040 -0.000000
v 8.501219 0.016393 0.060000
v 8.501219 -0.000000 -0.060000
v 8.561219 -0.063091 0.000000
v 8.501219 0.000000 0.060000
v 8.313126 -0.000000 -0.060000
v 8.253126 -0.064639 0.000000
v 8.313126 0.000000 0.060000
v 8.313126 0.016393 -0.060000
v 8.253126 0.069570 -0.000000
v 8.313126 0.016393 0.060000
v 8.352016 0.022898 -0.060000
v 8.337433 0.067626 -0.012986
v 8.333405 0.079982 -0.000000
v 8.337433 0.067626 0.012986
v 8.352016 0.022898 0.060000
v 8.342069 0.057071 -0.024493
v 8.337591 0.067685 -0.012986
v 8.337591 0.067685 0.012986
v 8.342069 0.057071 0.024493
v 8.359354 0.025979 -0.060000
v 8.347512 0.047466 -0.035507
v 8.342188 0.057128 -0.024493
v 8.342188 0.057128 0.024493
v 8.347512 0.047466 0.035507
v 8.359354 0.025979 0.060000
v 8.348013 0.047781 -0.035507
v 8.327103 0.076576 -0.000000
v 8.348013 0.047781 0.035507
v 8.365145 0.030174 -0.060000
v 8.348085 0.047841 -0.035507
v 8.348085 0.047841 0.035507
v 8.365145 0.030174 0.060000
v 8.367483 0.032787 -0.060000
v 8.347625 0.047326 -0.035507
v 8.318838 0.068403 -0.000000
v 8.347625 0.047326 0.035507
v 8.367483 0.032787 0.060000
v 8.347395 0.046936 -0.035507
v 8.337633 0.052068 -0.024493
v 8.337633 0.052068 0.024493
v 8.347395 0.046936 0.035507
v 8.337642 0.052085 -0.024493
v 8.326987 0.056461 -0.012986
v 8.326987 0.056461 0.012986
v 8.337642 0.052085 0.024493
v 8.371742 0.041981 -0.060000
v 8.326902 0.056225 -0.012986
v 8.314516 0.060159 -0.000000
v 8.326902 0.056225 0.012986
v 8.371742 0.041981 0.060000
v 8.314449 0.059917 -0.000000
v 8.373663 0.049948 -0.060000
v 8.314619 0.060726 -0.000000
v 8.373663 0.049948 0.060000
v 8.374398 0.329783 -0.060000
v 8.374398 0.329783 0.060000
v 8.327619 0.324293 -0.012986
v 8.314930 0.321478 -0.000000
v 8.327619 0.324293 0.012986
v 8.372471 0.338573 -0.060000
v 8.338634 0.327644 -0.024493
v 8.327669 0.324102 -0.012986
v 8.327669 0.324102 0.012986
v 8.338634 0.327644 0.024493
v 8.372471 0.338573 0.060000
v 8.348832 0.331812 -0.035507
v 8.338811 0.327183 -0.024493
v 8.316525 0.316890 -0.000000
v 8.338811 0.327183 0.024493
v 8.348832 0.331812 0.035507
v 8.369465 0.345134 -0.060000
v 8.358551 0.338024 -0.047014
v 8.348879 0.331725 -0.035507
v 8.348879 0.331725 0.035507
v 8.358551 0.338024 0.047014
v 8.369465 0.345134 0.060000
v 8.367483 0.347714 -0.060000
v 8.357954 0.338801 -0.047014
v 8.323458 0.306535 -0.000000
v 8.357954 0.338801 0.047014
v 8.367483 0.347714 0.060000
v 8.357676 0.339045 -0.047014
v 8.350618 0.329928 -0.035507
v 8.350618 0.329928 0.035507
v 8.357676 0.339045 0.047014
v 8.363537 0.350761 -0.060000
v 8.350986 0.329678 -0.035507
v 8.332794 0.299115 -0.000000
v 8.350986 0.329678 0.035507
v 8.363537 0.350761 0.060000
v 8.350946 0.329699 -0.035507
v 8.346372 0.319665 -0.024493
v 8.346372 0.319665 0.024493
v 8.350946 0.329699 0.035507
v 8.358343 0.353114 -0.060000
v 8.346619 0.319567 -0.024493
v 8.342819 0.308695 -0.012986
v 8.342819 0.308695 0.012986
v 8.346619 0.319567 0.024493
v 8.358343 0.353114 0.060000
v 8.342918 0.308665 -0.012986
v 8.339537 0.296120 -0.000000
v 8.342918 0.308665 0.012986
v 8.317440 0.358930 -0.060000
v 8.257440 0.303855 -0.000000
v 8.317440 0.358930 0.060000
v 8.317440 0.375324 -0.060000
v 8.257440 0.430309 -0.000000
v 8.317440 0.375324 0.060000
v 8.350595 0.439979 -0.000000
v 8.413212 0.395168 -0.060000
v 8.420201 0.460280 -0.000000
v 8.413212 0.395168 0.060000
v 8.425291 0.388266 -0.060000
v 8.489325 0.420780 -0.000000
v 8.425291 0.388266 0.060000
v 8.420977 0.287317 -0.060000
v 8.480977 0.287258 -0.000000
v 8.420977 0.287317 0.060000
v 8.420977 0.283865 -0.060000
v 8.480977 0.480942 -0.000000
v 8.420977 0.283865 0.060000
v 8.830538 0.366636 -0.060000
v 8.772450 0.382175 -0.000000
v 8.830538 0.366636 0.060000
v 8.832283 0.371778 -0.060000
v 8.782586 0.406654 -0.000000
v 8.834648 0.376570 0.060000
v 8.837588 0.380966 -0.060000
v 8.789896 0.417583 -0.000000
v 8.798540 0.427438 -0.000000
v 8.841059 0.384922 0.060000
v 8.845015 0.388393 -0.060000
v 8.808394 0.436084 -0.000000
v 8.819326 0.443395 -0.000000
v 8.849411 0.391334 0.060000
v 8.854203 0.393699 -0.060000
v 8.859345 0.395444 -0.060000
v 8.843804 0.453531 -0.000000
v 8.859345 0.395444 0.060000
v 8.870502 0.396894 -0.060000
v 8.870572 0.457024 -0.000000
v 8.870502 0.396894 0.060000
v 8.884068 0.456118 -0.000000
v 8.876013 0.396524 0.060000
v 8.881295 0.395444 -0.060000
v 8.897249 0.453423 -0.000000
v 8.909802 0.449048 -0.000000
v 8.886302 0.393699 0.060000
v 8.890985 0.391334 -0.060000
v 8.921540 0.443120 -0.000000
v 8.932318 0.435771 -0.000000
v 8.895298 0.388393 0.060000
v 8.899191 0.384922 -0.060000
v 8.942012 0.427129 -0.000000
v 8.950512 0.417313 -0.000000
v 8.902617 0.380966 0.060000
v 8.905526 0.376570 -0.060000
v 8.957703 0.406447 -0.000000
v 8.963474 0.394664 -0.000000
v 8.907873 0.371778 0.060000
v 8.909609 0.366636 -0.060000
v 8.967710 0.382112 -0.000000
v 8.970307 0.368973 -0.000000
v 8.910686 0.361188 0.060000
v 8.911055 0.355479 -0.060000
v 8.971171 0.355605 -0.000000
v 8.911055 0.355479 0.060000
v 8.909609 0.343595 -0.060000
v 8.967900 0.328882 -0.000000
v 8.909609 0.343595 0.060000
v 8.905526 0.333174 -0.060000
v 8.958210 0.304199 -0.000000
v 8.905526 0.333174 0.060000
v 8.899191 0.324525 -0.060000
v 8.942612 0.282929 -0.000000
v 8.899191 0.324525 0.060000
v 8.890985 0.317962 -0.060000
v 8.921953 0.266414 -0.000000
v 8.890985 0.317962 0.060000
v 8.881295 0.313796 -0.060000
v 8.897386 0.255850 -0.000000
v 8.881295 0.313796 0.060000
v 8.870502 0.312338 -0.060000
v 8.870572 0.252207 -0.000000
v 8.870502 0.312338 0.060000
v 8.859344 0.313796 -0.060000
v 8.843670 0.255741 -0.000000
v 8.859344 0.313796 0.060000
v 8.849410 0.317963 -0.060000
v 8.818914 0.266133 -0.000000
v 8.849410 0.317963 0.060000
v 8.841058 0.324525 -0.060000
v 8.797935 0.282615 -0.000000
v 8.841058 0.324525 0.060000
v 8.834647 0.333174 -0.060000
v 8.782073 0.303995 -0.000000
v 8.834647 0.333174 0.060000
v 8.830537 0.343595 -0.060000
v 8.772259 0.328821 -0.000000
v 8.830537 0.343595 0.060000
v 8.829087 0.355479 -0.060000
v 8.768970 0.355610 -0.000000
v 8.829087 0.355479 0.060000
v 8.830538 0.045669 -0.060000
v 8.772450 0.061209 -0.000000
v 8.830538 0.045669 0.060000
v 8.832283 0.050812 -0.060000
v 8.776733 0.073830 -0.000000
v 8.832283 0.050812 0.060000
v 8.837588 0.060000 -0.060000
v 8.789895 0.096617 -0.000000
v 8.837588 0.060000 0.060000
v 8.845015 0.067427 -0.060000
v 8.808394 0.115117 -0.000000
v 8.845015 0.067427 0.060000
v 8.854203 0.072732 -0.060000
v 8.831185 0.128282 -0.000000
v 8.854203 0.072732 0.060000
v 8.859345 0.074478 -0.060000
v 8.843804 0.132564 -0.000000
v 8.859345 0.074478 0.060000
v 8.870502 0.075928 -0.060000
v 8.870572 0.136058 -0.000000
v 8.870502 0.075928 0.060000
v 8.881295 0.074478 -0.060000
v 8.897249 0.132457 -0.000000
v 8.881295 0.074478 0.060000
v 8.890985 0.070367 -0.060000
v 8.921540 0.122154 -0.000000
v 8.890985 0.070367 0.060000
v 8.899191 0.063956 -0.060000
v 8.942012 0.106162 -0.000000
v 8.899191 0.063956 0.060000
v 8.905526 0.055603 -0.060000
v 8.957703 0.085481 -0.000000
v 8.905526 0.055603 0.060000
v 8.909609 0.045669 -0.060000
v 8.967710 0.061145 -0.000000
v 8.909609 0.045669 0.060000
v 8.911055 0.034513 -0.060000
v 8.971171 0.034638 -0.000000
v 8.911055 0.034513 0.060000
v 8.909609 0.022629 -0.060000
v 8.967900 0.007915 -0.000000
v 8.909609 0.022629 0.060000
v 8.905526 0.012207 -0.060000
v 8.958210 -0.016767 0.000000
v 8.905526 0.012207 0.060000
v 8.899191 0.003559 -0.060000
v 8.942612 -0.038038 0.000000
v 8.899191 0.003559 0.060000
v 8.890985 -0.003004 -0.060000
v 8.921953 -0.054552 0.000000
v 8.890985 -0.003004 0.060000
v 8.881295 -0.007170 -0.060000
v 8.897386 -0.065116 0.000000
v 8.881295 -0.007170 0.060000
v 8.870502 -0.008628 -0.060000
v 8.870573 -0.068759 0.000000
v 8.870502 -0.008628 0.060000
v 8.859344 -0.007170 -0.060000
v 8.843670 -0.065225 0.000000
v 8.859344 -0.007170 0.060000
v 8.849410 -0.003004 -0.060000
v 8.818914 -0.054833 0.000000
v 8.849410 -0.003004 0.060000
v 8.841058 0.003559 -0.060000
v 8.797935 -0.038351 0.000000
v 8.841058 0.003559 0.060000
v 8.834647 0.012207 -0.060000
v 8.782072 -0.016972 0.000000
v 8.834647 0.012207 0.060000
v 8.830537 0.022629 -0.060000
v 8.772259 0.007854 -0.000000
v 8.830537 0.022629 0.060000
v 8.829087 0.034513 -0.060000
v 8.768970 0.034644 -0.000000
v 8.829087 0.034513 0.060000
v 3.322183 0.314523 0.060000
v 3.325693 0.328486 0.060000
v 3.331377 0.341574 0.060000
v 3.339102 0.353691 0.060000
v 3.360133 0.374630 0.060000
v 3.387707 0.390537 0.060000
v 3.420746 0.400643 0.060000
v 3.458170 0.404182 0.060000
v 3.538124 0.392294 0.060000
v 3.574650 0.375709 0.060000
v 3.559119 0.277348 0.060000
v 3.543589 0.277348 0.060000
v 3.523744 0.365355 0.060000
v 3.497988 0.374910 0.060000
v 3.473573 0.379096 0.060000
v 3.435701 0.379406 0.060000
v 3.411673 0.374698 0.060000
v 3.392498 0.365855 0.060000
v 3.378153 0.353477 0.060000
v 3.368613 0.338163 0.060000
v 3.363854 0.320513 0.060000
v 3.363923 0.301458 0.060000
v 3.365897 0.292631 0.060000
v 3.369165 0.284440 0.060000
v 3.379513 0.269650 0.060000
v 3.394822 0.256466 0.060000
v 3.529500 0.188734 0.060000
v 3.552627 0.169708 0.060000
v 3.569487 0.146848 0.060000
v 3.575109 0.133650 0.060000
v 3.578617 0.119098 0.060000
v 3.579827 0.103060 0.060000
v 3.578389 0.087050 0.060000
v 3.574222 0.072259 0.060000
v 3.567545 0.058720 0.060000
v 3.558576 0.046466 0.060000
v 3.534637 0.025946 0.060000
v 3.504155 0.010963 0.060000
v 3.468879 0.001780 0.060000
v 3.430560 -0.001340 0.060000
v 3.347730 0.010803 0.060000
v 3.308904 0.027995 0.060000
v 3.325297 0.130670 0.060000
v 3.340828 0.130670 0.060000
v 3.364124 0.035761 0.060000
v 3.388985 0.028187 0.060000
v 3.440051 0.022819 0.060000
v 3.467582 0.025131 0.060000
v 3.491181 0.031830 0.060000
v 3.510370 0.042555 0.060000
v 3.524671 0.056948 0.060000
v 3.529838 0.065407 0.060000
v 3.533602 0.074647 0.060000
v 3.535905 0.084625 0.060000
v 3.535954 0.105958 0.060000
v 3.533774 0.115599 0.060000
v 3.530175 0.124347 0.060000
v 3.525182 0.132332 0.060000
v 3.511125 0.146524 0.060000
v 3.365928 0.221154 0.060000
v 3.344938 0.238885 0.060000
v 3.329975 0.259876 0.060000
v 3.325061 0.271924 0.060000
v 3.322023 0.285182 0.060000
v 3.322183 0.314523 -0.060000
v 3.325693 0.328486 -0.060000
v 3.331377 0.341574 -0.060000
v 3.339102 0.353691 -0.060000
v 3.360133 0.374630 -0.060000
v 3.387707 0.390537 -0.060000
v 3.420746 0.400643 -0.060000
v 3.458170 0.404182 -0.060000
v 3.538124 0.392294 -0.060000
v 3.574650 0.375709 -0.060000
v 3.559119 0.277348 -0.060000
v 3.543589 0.277348 -0.060000
v 3.523744 0.365355 -0.060000
v 3.497988 0.374910 -0.060000
v 3.473573 0.379096 -0.060000
v 3.435701 0.379406 -0.060000
v 3.411673 0.374698 -0.060000
v 3.392498 0.365855 -0.060000
v 3.378153 0.353477 -0.060000
v 3.368613 0.338163 -0.060000
v 3.363854 0.320513 -0.060000
v 3.363923 0.301458 -0.060000
v 3.365897 0.292631 -0.060000
v 3.369165 0.284440 -0.060000
v 3.379513 0.269650 -0.060000
v 3.394822 0.256466 -0.060000
v 3.529500 0.188734 -0.060000
v 3.552627 0.169708 -0.060000
v 3.569487 0.146848 -0.060000
v 3.575109 0.133650 -0.060000
v 3.578617 0.119098 -0.060000
v 3.579827 0.103060 -0.060000
v 3.578389 0.087050 -0.060000
v 3.574222 0.072259 -0.060000
v 3.567545 0.058720 -0.060000
v 3.558576 0.046466 -0.060000
v 3.534637 0.025946 -0.060000
v 3.504155 0.010963 -0.060000
v 3.468879 0.001780 -0.060000
v 3.430560 -0.001340 -0.060000
v 3.347730 0.010803 -0.060000
v 3.308904 0.027995 -0.060000
v 3.325297 0.130670 -0.060000
v 3.340828 0.130670 -0.060000
v 3.364124 0.035761 -0.060000
v 3.388985 0.028187 -0.060000
v 3.440051 0.022819 -0.060000
v 3.467582 0.025131 -0.060000
v 3.491181 0.031830 -0.060000
v 3.510370 0.042555 -0.060000
v 3.524671 0.056948 -0.060000
v 3.529838 0.065407 -0.060000
v 3.533602 0.074647 -0.060000
v 3.535905 0.084625 -0.060000
v 3.535954 0.105958 -0.060000
v 3.533774 0.115599 -0.060000
v 3.530175 0.124347 -0.060000
v 3.525182 0.132332 -0.060000
v 3.511125 0.146524 -0.060000
v 3.365928 0.221154 -0.060000
v 3.344938 0.238885 -0.060000
v 3.329975 0.259876 -0.060000
v 3.325061 0.271924 -0.060000
v 3.322023 0.285182 -0.060000
v 3.322183 0.314523 -0.060000
v 3.262783 0.324337 -0.000000
v 3.322183 0.314523 0.060000
v 3.325693 0.328486 -0.060000
v 3.268701 0.347880 -0.000000
v 3.325693 0.328486 0.060000
v 3.331377 0.341574 -0.060000
v 3.278234 0.369828 -0.000000
v 3.331377 0.341574 0.060000
v 3.339102 0.353691 -0.060000
v 3.290920 0.389728 -0.000000
v 3.339102 0.353691 0.060000
v 3.360133 0.374630 -0.060000
v 3.323763 0.422510 -0.000000
v 3.360133 0.374630 0.060000
v 3.387707 0.390537 -0.060000
v 3.363885 0.445709 -0.000000
v 3.387707 0.390537 0.060000
v 3.420746 0.400643 -0.060000
v 3.409149 0.459590 -0.000000
v 3.420746 0.400643 0.060000
v 3.458170 0.404182 -0.060000
v 3.457285 0.464206 -0.000000
v 3.458170 0.404182 0.060000
v 3.538124 0.392294 -0.060000
v 3.556522 0.449424 -0.000000
v 3.538124 0.392294 0.060000
v 3.574650 0.375709 -0.060000
v 3.640332 0.406987 -0.000000
v 3.574650 0.375709 0.060000
v 3.559119 0.277348 -0.060000
v 3.610389 0.217348 -0.000000
v 3.559119 0.277348 0.060000
v 3.543589 0.277348 -0.060000
v 3.495611 0.217348 -0.000000
v 3.543589 0.277348 0.060000
v 3.523744 0.365355 -0.060000
v 3.512496 0.356203 -0.047014
v 3.471773 0.323069 -0.000000
v 3.512496 0.356203 0.047014
v 3.523744 0.365355 0.060000
v 3.512044 0.356408 -0.047014
v 3.493642 0.313130 -0.000000
v 3.512044 0.356408 0.047014
v 3.497988 0.374910 -0.060000
v 3.482777 0.316853 -0.000000
v 3.497988 0.374910 0.060000
v 3.473573 0.379096 -0.060000
v 3.468049 0.319343 -0.000000
v 3.473573 0.379096 0.060000
v 3.435701 0.379406 -0.060000
v 3.441284 0.319596 -0.000000
v 3.435701 0.379406 0.060000
v 3.411673 0.374698 -0.060000
v 3.429973 0.317444 -0.000000
v 3.411673 0.374698 0.060000
v 3.392498 0.365855 -0.060000
v 3.424934 0.315202 -0.000000
v 3.392498 0.365855 0.060000
v 3.378153 0.353477 -0.060000
v 3.423863 0.314346 -0.000000
v 3.378153 0.353477 0.060000
v 3.372784 0.346150 -0.060000
v 3.423866 0.314350 -0.000000
v 3.372784 0.346150 0.060000
v 3.365638 0.329593 -0.060000
v 3.423701 0.313896 -0.000000
v 3.365638 0.329593 0.060000
v 3.363261 0.310998 -0.060000
v 3.423390 0.311207 -0.000000
v 3.363261 0.310998 0.060000
v 3.423465 0.310132 -0.000000
v 3.365897 0.292631 -0.060000
v 3.423403 0.310410 -0.000000
v 3.365897 0.292631 0.060000
v 3.369165 0.284440 -0.060000
v 3.423141 0.311067 -0.000000
v 3.369165 0.284440 0.060000
v 3.423045 0.311227 -0.000000
v 3.379513 0.269650 -0.060000
v 3.423749 0.310360 -0.000000
v 3.379513 0.269650 0.060000
v 3.394822 0.256466 -0.060000
v 3.429706 0.305346 -0.000000
v 3.394822 0.256466 0.060000
v 3.529500 0.188734 -0.060000
v 3.563329 0.238346 -0.000000
v 3.529500 0.188734 0.060000
v 3.552627 0.169708 -0.060000
v 3.595823 0.211516 -0.000000
v 3.552627 0.169708 0.060000
v 3.569487 0.146848 -0.060000
v 3.622800 0.174792 -0.000000
v 3.569487 0.146848 0.060000
v 3.575109 0.133650 -0.060000
v 3.632268 0.152569 -0.000000
v 3.575109 0.133650 0.060000
v 3.578617 0.119098 -0.060000
v 3.638083 0.128445 -0.000000
v 3.578617 0.119098 0.060000
v 3.579827 0.103060 -0.060000
v 3.640030 0.102631 -0.000000
v 3.579827 0.103060 0.060000
v 3.578389 0.087050 -0.060000
v 3.637651 0.076139 -0.000000
v 3.578389 0.087050 0.060000
v 3.574222 0.072259 -0.060000
v 3.630477 0.050673 -0.000000
v 3.574222 0.072259 0.060000
v 3.567545 0.058720 -0.060000
v 3.619046 0.027496 -0.000000
v 3.567545 0.058720 0.060000
v 3.558576 0.046466 -0.060000
v 3.604179 0.007185 -0.000000
v 3.558576 0.046466 0.060000
v 3.534637 0.025946 -0.060000
v 3.567403 -0.024458 0.000000
v 3.534637 0.025946 0.060000
v 3.504155 0.010963 -0.060000
v 3.524858 -0.045433 0.000000
v 3.504155 0.010963 0.060000
v 3.468879 0.001780 -0.060000
v 3.478810 -0.057450 0.000000
v 3.468879 0.001780 0.060000
v 3.430560 -0.001340 -0.060000
v 3.431261 -0.061361 0.000000
v 3.430560 -0.001340 0.060000
v 3.347730 0.010803 -0.060000
v 3.329665 -0.046432 0.000000
v 3.347730 0.010803 0.060000
v 3.308904 0.027995 -0.060000
v 3.243059 -0.003849 0.000000
v 3.308904 0.027995 0.060000
v 3.325297 0.130670 -0.060000
v 3.274117 0.190670 -0.000000
v 3.325297 0.130670 0.060000
v 3.340828 0.130670 -0.060000
v 3.387882 0.190670 -0.000000
v 3.340828 0.130670 0.060000
v 3.364124 0.035761 -0.060000
v 3.375076 0.045618 -0.047014
v 3.414726 0.081303 -0.000000
v 3.375076 0.045618 0.047014
v 3.364124 0.035761 0.060000
v 3.374560 0.045804 -0.047014
v 3.389752 0.090302 -0.000000
v 3.374560 0.045804 0.047014
v 3.388985 0.028187 -0.060000
v 3.402535 0.086646 -0.000000
v 3.388985 0.028187 0.060000
v 3.440051 0.022819 -0.060000
v 3.439148 0.082832 -0.000000
v 3.440051 0.022819 0.060000
v 3.467582 0.025131 -0.060000
v 3.456993 0.084260 -0.000000
v 3.467582 0.025131 0.060000
v 3.491181 0.031830 -0.060000
v 3.468379 0.087439 -0.000000
v 3.491181 0.031830 0.060000
v 3.510370 0.042555 -0.060000
v 3.474215 0.090621 -0.000000
v 3.510370 0.042555 0.060000
v 3.524671 0.056948 -0.060000
v 3.475940 0.092272 -0.000000
v 3.524671 0.056948 0.060000
v 3.529838 0.065407 -0.060000
v 3.476104 0.092540 -0.000000
v 3.529838 0.065407 0.060000
v 3.533602 0.074647 -0.060000
v 3.476222 0.092829 -0.000000
v 3.533602 0.074647 0.060000
v 3.535905 0.084625 -0.060000
v 3.476403 0.093614 -0.000000
v 3.535905 0.084625 0.060000
v 3.535954 0.105958 -0.060000
v 3.476412 0.097236 -0.000000
v 3.535954 0.105958 0.060000
v 3.533774 0.115599 -0.060000
v 3.476365 0.097441 -0.000000
v 3.533774 0.115599 0.060000
v 3.530175 0.124347 -0.060000
v 3.476616 0.096832 -0.000000
v 3.530175 0.124347 0.060000
v 3.525182 0.132332 -0.060000
v 3.476770 0.096584 -0.000000
v 3.525182 0.132332 0.060000
v 3.511125 0.146524 -0.060000
v 3.473601 0.099602 -0.000000
v 3.511125 0.146524 0.060000
v 3.365928 0.221154 -0.060000
v 3.331508 0.171947 -0.000000
v 3.365928 0.221154 0.060000
v 3.344938 0.238885 -0.060000
v 3.301118 0.197727 -0.000000
v 3.344938 0.238885 0.060000
v 3.329975 0.259876 -0.060000
v 3.276222 0.232795 -0.000000
v 3.329975 0.259876 0.060000
v 3.325061 0.271924 -0.060000
v 3.267665 0.253773 -0.000000
v 3.325061 0.271924 0.060000
v 3.322023 0.285182 -0.060000
v 3.262504 0.276296 -0.000000
v 3.322023 0.285182 0.060000
vn -0.4576 0.3916 0.7982
vn -0.1867 0.6795 0.7096
vn -0.0632 0.7095 0.7019
vn -0.0000 -0.0000 1.0000
vn 0.6103 -0.7921 -0.0000
vn 0.5596 -0.4311 0.7078
vn 0.4311 -0.5596 0.7078
vn -0.9691 -0.2466 -0.0000
vn -0.6175 -0.3429 0.7079
vn -0.6846 -0.1739 0.7079
vn 0.4860 0.5089 -0.7105
vn 0.4924 0.8704 -0.0000
vn 0.6906 0.7232 -0.0000
vn -0.5654 -0.3206 0.7600
vn -0.7671 -0.6415 -0.0000
vn -0.4740 -0.5313 0.7022
vn -0.5896 -0.7681 -0.2497
vn 0.4685 -0.6990 -0.5402
vn 0.7997 -0.6004 -0.0000
vn 0.3923 0.5881 -0.7073
vn 0.7378 0.6750 -0.0000
vn 0.5518 0.8340 -0.0000
vn -0.9164 0.4003 -0.0000
vn -0.6963 0.1078 0.7096
vn -0.9882 0.1533 -0.0000
vn 0.7299 0.0352 -0.6827
vn -0.9159 0.4014 -0.0002
vn -0.9667 0.2559 0.0090
vn 0.6215 0.3342 -0.7086
vn 0.5071 0.4867 -0.7113
vn 0.6187 0.3392 -0.7086
vn -0.2726 0.6516 -0.7079
vn -0.6103 0.7921 -0.0000
vn -0.3862 0.9224 -0.0000
vn -0.5645 0.4205 -0.7103
vn -0.6083 0.7937 -0.0000
vn -0.4295 0.5607 -0.7079
vn -0.6103 0.7922 -0.0000
vn -0.2726 0.6516 0.7079
vn -0.4738 -0.5312 0.7023
vn 0.3000 0.6428 -0.7048
vn 0.4150 -0.9077 -0.0615
vn -0.9970 -0.0778 -0.0000
vn -0.9745 -0.2246 -0.0000
vn -0.7047 -0.0550 -0.7074
vn -0.7039 0.0346 0.7094
vn -0.7047 -0.0550 0.7074
vn -0.9970 -0.0777 -0.0000
vn 0.6187 0.3391 0.7086
vn -0.8249 0.0643 -0.5617
vn 0.6220 0.3340 0.7082
vn 0.2938 0.6450 -0.7054
vn 0.5484 0.4381 -0.7123
vn 0.4556 -0.8894 -0.0372
vn -0.0492 -0.7056 0.7069
vn 0.0609 -0.9981 -0.0000
vn -0.0696 -0.9976 -0.0000
vn 0.8308 -0.5565 -0.0000
vn 0.3976 0.4479 0.8008
vn 0.4936 -0.3547 0.7940
vn 0.4057 -0.9139 -0.0155
vn 0.6843 0.1918 0.7035
vn -0.8556 -0.5176 -0.0000
vn 0.4061 -0.9137 -0.0152
vn 0.6847 0.1886 0.7040
vn -0.2776 0.9607 0.0079
vn -0.7222 0.0463 -0.6902
vn -0.9894 0.1454 -0.0000
vn -0.6364 -0.7714 0.0001
vn -0.7050 0.0592 -0.7067
vn -0.9115 0.4112 -0.0000
vn -0.4688 0.5247 0.7106
vn -0.6703 0.7421 -0.0000
vn -0.5431 0.8397 -0.0000
vn -0.0000 -0.0000 -1.0000
vn 0.2727 -0.6516 -0.7079
vn 0.3862 -0.9224 -0.0000
vn -0.6084 0.7937 -0.0000
vn -0.5645 0.4206 0.7103
vn -0.4295 0.5607 0.7079
vn -0.7009 -0.0878 0.7078
vn -0.9928 0.1196 -0.0000
vn -0.9922 -0.1244 -0.0000
vn -0.7465 -0.5333 -0.3980
vn -0.2434 -0.9699 0.0007
vn 0.8742 -0.4855 -0.0000
vn 0.7011 0.7130 -0.0000
vn 0.6164 0.3449 0.7079
vn 0.4906 0.5043 0.7106
vn 0.9330 -0.3598 -0.0000
vn 0.5722 -0.4141 -0.7079
vn 0.6591 -0.2540 -0.7079
vn 0.3053 -0.9523 -0.0000
vn 0.0431 -0.7036 0.7093
vn 0.2158 -0.6727 0.7077
vn 0.6268 -0.3151 -0.7127
vn 0.6875 -0.7261 -0.0000
vn 0.8932 -0.4496 -0.0000
vn -0.4740 -0.5310 0.7024
vn 0.3018 0.6424 -0.7045
vn -0.7407 -0.0958 0.6650
vn -0.3589 0.6056 0.7102
vn 0.4679 -0.6991 -0.5407
vn -0.3216 0.6238 0.7124
vn 0.0810 0.7052 0.7044
vn 0.4578 0.3916 0.7982
vn 0.7532 0.6577 -0.0000
vn -0.7794 0.6265 -0.0000
vn -0.6474 0.2830 0.7076
vn 0.4107 -0.3856 -0.8262
vn 0.7532 0.6578 -0.0000
vn 0.7007 -0.7134 -0.0000
vn 0.8680 0.4965 -0.0062
vn 0.7967 0.6044 0.0062
vn 0.5600 0.4247 0.7114
vn 0.4666 -0.7012 0.5391
vn -0.3589 0.6057 -0.7102
vn -0.3219 0.6239 -0.7122
vn 0.6103 0.7922 -0.0000
vn 0.2727 0.6516 -0.7079
vn 0.3862 0.9224 -0.0000
vn 0.6132 0.3506 0.7079
vn 0.9665 0.2568 -0.0000
vn 0.8680 0.4966 -0.0000
vn 0.4104 -0.3912 -0.8237
vn 0.7351 0.6780 -0.0000
vn 0.7060 -0.7082 -0.0000
vn 0.8229 0.3989 0.4046
vn -0.3055 0.6353 -0.7093
vn 0.9088 0.4166 -0.0233
vn -0.2727 -0.6516 0.7079
vn -0.6103 -0.7921 -0.0000
vn -0.3862 -0.9224 -0.0000
vn 0.1295 0.9916 -0.0000
vn -0.1247 0.6925 0.7105
vn -0.1724 0.9850 -0.0000
vn -0.4536 0.5414 -0.7079
vn -0.8173 0.5762 -0.0000
vn -0.6422 0.7666 -0.0000
vn 0.4778 0.5201 -0.7080
vn 0.4867 0.8736 -0.0000
vn 0.6733 0.7394 -0.0000
vn 0.4667 -0.7017 0.5383
vn -0.3222 0.6238 -0.7121
vn -0.6289 -0.3212 -0.7080
vn -0.9867 -0.1623 -0.0000
vn -0.6934 -0.1145 -0.7114
vn 0.3019 -0.6355 -0.7106
vn 0.4240 -0.9057 -0.0000
vn 0.5643 -0.8256 -0.0000
vn -0.6049 0.3646 0.7079
vn -0.6704 0.7420 -0.0000
vn 0.4582 -0.8882 0.0343
vn 0.4585 -0.8880 0.0344
vn 0.4460 -0.8945 0.0314
vn -0.2000 -0.9798 -0.0000
vn 0.0201 -0.7070 -0.7070
vn -0.1409 -0.6924 -0.7076
vn 0.7921 -0.6104 -0.0000
vn 0.6516 -0.2727 -0.7079
vn 0.9224 -0.3862 -0.0000
vn 0.6891 0.7247 -0.0000
vn 0.4888 0.5082 -0.7091
vn 0.4011 0.5823 -0.7071
vn 0.2858 0.6475 0.7065
vn -0.5927 -0.3715 -0.7146
vn 0.5348 0.4603 0.7085
vn 0.5030 0.4959 0.7079
vn 0.7121 0.7021 -0.0000
vn 0.1466 0.9892 -0.0000
vn -0.0911 0.7005 0.7078
vn -0.1294 0.9916 -0.0000
vn 0.7001 -0.0934 0.7079
vn 0.6516 -0.2726 0.7079
vn 0.1165 0.6760 0.7276
vn 0.1605 0.9870 -0.0000
vn -0.1892 0.9819 -0.0000
vn -0.5896 -0.7654 -0.2580
vn 0.7691 0.6379 0.0391
vn 0.4668 -0.7005 -0.5398
vn -0.3809 -0.9246 -0.0015
vn -0.0007 -1.0000 -0.0000
vn 0.1502 -0.9884 -0.0230
vn 0.9928 -0.1201 -0.0000
vn 0.7013 0.0852 -0.7078
vn 0.9927 0.1206 -0.0000
vn 0.1813 -0.6786 0.7118
vn 0.2643 -0.9645 -0.0000
vn 0.0771 -0.9970 -0.0000
vn 0.0043 -0.7064 -0.7078
vn -0.2452 -0.9695 -0.0000
vn -0.1733 -0.6848 -0.7078
vn -0.7141 -0.0263 -0.6995
vn -0.3673 -0.9301 -0.0000
vn -0.7114 -0.7028 -0.0000
vn -0.1671 0.9859 -0.0000
vn -0.3313 0.9435 -0.0000
vn -0.1181 0.6967 -0.7075
vn 0.2991 0.6432 0.7049
vn -0.4740 -0.5314 -0.7022
vn -0.6032 -0.3577 -0.7129
vn 0.5585 0.3302 -0.7610
vn 0.1165 0.6760 -0.7276
vn 0.9509 0.3094 -0.0000
vn -0.3638 0.6060 -0.7074
vn 0.4976 0.8311 -0.2482
vn 0.5507 -0.8347 -0.0000
vn 0.5354 -0.4561 0.7108
vn 0.3894 -0.5894 0.7078
vn 0.7122 -0.7020 -0.0000
vn 0.4082 -0.4083 0.8165
vn 0.4098 -0.4073 0.8162
vn 0.6070 0.3610 -0.7080
vn 0.6763 0.7367 -0.0000
vn 0.4729 0.5209 -0.7106
vn 0.4239 -0.9057 -0.0000
vn 0.0974 -0.6996 -0.7079
vn 0.1380 -0.9904 -0.0000
vn -0.0772 -0.7028 -0.7072
vn 0.9799 -0.1391 0.1429
vn 0.1309 -0.6909 -0.7110
vn -0.3219 0.6235 0.7124
vn -0.5910 -0.7634 -0.2606
vn 0.6039 -0.7971 -0.0000
vn -0.4107 -0.3856 -0.8262
vn 0.3786 0.5962 0.7080
vn -0.7568 0.6537 -0.0029
vn 0.3867 -0.9222 -0.0081
vn -0.5590 -0.8292 -0.0000
vn -0.8990 0.4379 0.0024
vn -0.7537 0.6572 -0.0000
vn -0.6050 0.3643 0.7080
vn -0.8565 0.5161 -0.0000
vn -0.2775 0.9607 0.0079
vn -0.7181 0.0466 -0.6944
vn -0.9895 0.1448 -0.0000
vn 0.7996 -0.6006 -0.0000
vn 0.6038 -0.7971 -0.0000
vn 0.8216 0.4016 -0.4046
vn -0.2401 0.5111 0.8253
vn -0.3647 0.9311 -0.0000
vn 0.2262 0.4855 0.8445
vn -0.6736 0.2114 -0.7082
vn -0.6409 0.2911 -0.7103
vn -0.9541 0.2996 -0.0000
vn -0.7728 -0.6346 -0.0000
vn 0.3911 -0.9198 -0.0324
vn 0.5469 -0.8353 0.0564
vn 0.0934 -0.7001 0.7079
vn 0.1323 -0.9912 -0.0000
vn 0.6920 0.1496 -0.7063
vn 0.4642 -0.8854 0.0241
vn 0.4641 -0.8854 0.0240
vn 0.9630 0.2696 -0.0000
vn 0.7278 -0.6201 0.2930
vn 0.8242 0.5661 -0.0138
vn 0.4581 -0.8882 0.0344
vn 0.7200 0.0224 0.6936
vn 0.6774 0.1903 0.7106
vn -0.5419 -0.4480 -0.7111
vn -0.9266 -0.3760 -0.0000
vn -0.6544 -0.2655 -0.7080
vn 0.6581 0.2563 -0.7079
vn -0.3875 -0.9219 -0.0000
vn -0.1382 -0.3285 0.9343
vn -0.5884 -0.7665 -0.2576
vn -0.8149 -0.5796 -0.0000
vn -0.6608 -0.2507 0.7075
vn -0.5718 -0.4105 0.7103
vn 0.2765 0.6499 -0.7079
vn 0.6209 0.7839 -0.0000
vn 0.4386 0.5536 -0.7079
vn 0.7996 -0.6005 -0.0000
vn 0.4686 -0.6982 0.5412
vn -0.5895 -0.7651 0.2590
vn 0.3932 -0.4601 -0.7961
vn -0.6245 -0.7810 -0.0000
vn -0.3844 -0.4807 -0.7881
vn -0.1867 0.6794 -0.7096
vn 0.9089 0.4163 -0.0228
vn 0.6875 -0.7262 -0.0000
vn 0.4810 -0.5136 -0.7106
vn 0.2156 0.5457 -0.8098
vn -0.4243 0.9055 -0.0000
vn 0.3928 0.4109 -0.8227
vn -0.5759 -0.8175 -0.0000
vn -0.4378 -0.8991 -0.0000
vn -0.3112 -0.6306 -0.7110
vn -0.6049 0.3645 -0.7080
vn -0.8565 0.5162 -0.0000
vn -0.7007 -0.7134 -0.0000
vn 0.2964 0.6441 -0.7052
vn 0.5403 0.4503 -0.7109
vn 0.2092 0.9779 -0.0000
vn 0.3447 0.6161 -0.7083
vn 0.1479 0.6873 -0.7112
vn -0.3219 0.6236 0.7124
vn -0.5895 -0.7651 -0.2590
vn 0.9675 0.2528 -0.0000
vn -0.3368 0.6214 -0.7074
vn 0.5395 0.8023 -0.2553
vn 0.7995 -0.6006 -0.0000
vn 0.6038 -0.7972 -0.0000
vn 0.8218 0.4020 -0.4037
vn -0.4581 -0.5386 0.7072
vn -0.5419 -0.4480 0.7111
vn -0.7672 -0.6414 -0.0000
vn -0.1177 0.9930 -0.0000
vn -0.0847 0.6989 0.7102
vn 0.0232 0.7067 0.7072
vn 0.0816 0.7076 0.7019
vn -0.8970 0.4419 -0.0067
vn -0.4739 -0.5314 -0.7022
vn -0.3747 -0.9269 -0.0191
vn -0.3748 -0.9269 -0.0190
vn -0.6967 0.1092 -0.7090
vn 0.5797 0.8148 -0.0000
vn 0.4402 0.8979 -0.0000
vn 0.4093 0.5752 -0.7083
vn 0.4422 0.3477 0.8268
vn 0.6746 -0.7381 -0.0000
vn 0.7906 0.6123 -0.0000
vn 0.1438 -0.9896 -0.0000
vn 0.2978 -0.6401 0.7082
vn 0.1021 -0.6990 0.7078
vn 0.8600 0.5103 -0.0000
vn 0.6068 0.3564 -0.7104
vn 0.5479 0.4451 -0.7083
vn -0.2884 0.6419 -0.7105
vn -0.4049 0.9143 -0.0000
vn -0.0916 0.7005 0.7078
vn -0.4050 0.9143 -0.0000
vn -0.1292 0.9916 -0.0000
vn 0.3583 -0.9336 -0.0000
vn 0.5679 0.3022 -0.7656
vn 0.8865 0.4628 -0.0000
vn 0.7287 -0.0172 -0.6846
vn 0.6921 0.1469 -0.7067
vn 0.5989 -0.8009 -0.0000
vn 0.0977 -0.6995 0.7079
vn 0.3019 -0.6355 0.7106
vn -0.5968 -0.3525 -0.7208
vn -0.1554 0.9236 -0.3504
vn 0.6843 0.1903 0.7039
vn 0.2978 -0.6401 -0.7082
vn 0.6663 -0.7457 -0.0000
vn 0.4221 -0.9066 -0.0000
vn -0.5764 0.2520 -0.7773
vn 0.8800 0.4749 -0.0000
vn -0.8890 -0.4579 -0.0000
vn -0.1867 0.6795 0.7095
vn 0.9097 0.4146 0.0245
vn -0.0630 0.7094 0.7020
vn 0.3970 -0.4497 -0.8001
vn 0.8654 0.5010 -0.0000
vn 0.6618 -0.7497 -0.0000
vn -0.6596 -0.7516 -0.0000
vn -0.3963 -0.4516 -0.7994
vn -0.7254 0.0339 -0.6874
vn -0.8489 0.5286 -0.0000
vn 0.4680 -0.6989 0.5407
vn -0.3747 -0.9270 -0.0190
vn -0.6962 0.1023 -0.7105
vn -0.7254 0.0340 -0.6874
vn 0.8398 -0.5430 -0.0000
vn 0.9210 -0.3895 0.0053
vn -0.6544 -0.2655 0.7080
vn -0.7019 0.0658 0.7093
vn -0.6475 -0.7621 0.0001
vn -0.9072 0.4208 -0.0000
vn 0.1903 -0.6714 -0.7162
vn 0.2655 -0.9641 -0.0000
vn 0.4420 -0.8970 -0.0000
vn 0.4960 -0.8684 -0.0000
vn -0.7019 0.0658 -0.7093
vn 0.6767 0.1934 0.7104
vn 0.8696 0.4938 -0.0000
vn 0.6124 0.3513 0.7082
vn -0.4730 0.5243 0.7081
vn -0.8467 0.5321 -0.0000
vn -0.5980 0.3761 0.7078
vn -0.6846 -0.1738 -0.7079
vn -1.0000 0.0040 -0.0000
vn -0.7064 0.0028 -0.7078
vn -0.6194 -0.3396 0.7078
vn -0.7116 -0.7026 -0.0000
vn -0.8767 -0.4811 -0.0000
vn 0.7657 -0.6432 -0.0000
vn 0.6365 -0.3066 -0.7077
vn 0.5409 -0.4544 -0.7078
vn 0.6959 0.1036 -0.7106
vn 0.9136 0.4066 -0.0000
vn 0.6455 0.2867 -0.7079
vn -0.4741 -0.5316 0.7018
vn -0.8973 0.4414 0.0061
vn 0.0808 0.7052 -0.7044
vn 0.9510 0.3093 -0.0000
vn -0.3635 0.6063 0.7073
vn -0.5158 0.8567 -0.0000
vn -0.5596 0.4311 -0.7078
vn -0.4311 0.5596 -0.7078
vn 0.4218 0.5665 -0.7079
vn 0.3960 0.9183 -0.0000
vn 0.2826 0.6473 -0.7079
vn 0.7798 0.6260 -0.0000
vn 0.5510 0.4419 -0.7079
vn 0.0674 0.6977 -0.7132
vn 0.0997 0.9950 -0.0000
vn -0.3520 0.6104 0.7096
vn -0.5957 0.8032 -0.0059
vn -0.4969 0.4970 0.7114
vn 0.0950 -0.9951 0.0263
vn -0.1525 -0.9883 0.0001
vn -0.9776 -0.2106 -0.0000
vn 0.2269 -0.9731 -0.0401
vn -0.5027 0.8645 -0.0000
vn -1.0000 0.0009 -0.0000
vn -0.4536 0.5414 0.7079
vn 0.9660 -0.2582 -0.0121
vn 0.9664 -0.2569 -0.0108
vn 0.7811 -0.6244 0.0054
vn 0.2169 0.9762 -0.0000
vn 0.5335 0.3294 0.7791
vn -0.3962 0.4518 -0.7993
vn -0.5764 0.2520 0.7773
vn -0.4381 0.4330 0.7878
vn -0.3962 0.4518 0.7993
vn 0.3976 0.4479 -0.8008
vn -0.6593 0.7519 -0.0000
vn 0.6638 0.7479 -0.0000
vn 0.9663 -0.2573 0.0112
vn -0.0674 -0.7045 0.7065
vn -0.7426 -0.6697 -0.0000
vn 0.9982 -0.0602 -0.0000
vn 0.6698 -0.2246 0.7077
vn 0.9481 -0.3179 -0.0000
vn 0.0793 0.7050 -0.7048
vn -0.2917 0.6431 -0.7080
vn 0.2156 0.5457 0.8098
vn 0.3928 0.4109 0.8227
vn 0.7013 -0.0849 -0.7077
vn 0.0617 0.7316 0.6790
vn 0.1700 0.6832 0.7101
vn 0.4444 0.3960 0.8036
vn 0.1278 -0.9918 -0.0000
vn -0.0788 -0.7021 -0.7077
vn 0.0921 -0.7062 -0.7020
vn -0.1118 -0.9937 -0.0000
vn -0.2565 -0.6579 -0.7081
vn -0.6785 0.1564 0.7178
vn -0.7470 -0.5319 -0.3988
vn 0.7604 -0.1619 -0.6289
vn -0.6510 -0.2694 -0.7097
vn -0.7443 -0.6679 -0.0000
vn -0.5205 -0.4725 -0.7112
vn -0.3219 0.6238 0.7122
vn -0.5915 -0.7659 -0.2520
vn -0.6028 -0.3671 -0.7084
vn -0.6968 -0.7173 -0.0000
vn -0.4901 -0.5045 -0.7108
vn -1.0000 0.0077 -0.0000
vn -0.6934 -0.1145 0.7114
vn -0.7067 0.0055 0.7075
vn -0.6963 0.1078 -0.7096
vn -0.6474 0.2830 -0.7076
vn -0.9912 0.1323 -0.0000
vn -0.7001 -0.0934 0.7079
vn -0.7001 0.0934 0.7079
vn 0.7335 -0.6796 -0.0001
vn -0.0772 -0.7028 0.7072
vn -0.1105 -0.9939 -0.0000
vn 0.6210 0.3358 0.7082
vn 0.9667 0.2559 -0.0000
vn 0.6821 0.1819 0.7082
vn -0.1409 -0.6925 0.7076
vn -0.4574 -0.8893 -0.0000
vn -0.3251 -0.6234 0.7111
vn 0.7529 -0.6581 -0.0000
vn 0.6365 -0.3067 0.7077
vn 0.9008 -0.4342 -0.0000
vn 0.4490 -0.8931 -0.0285
vn 0.4585 -0.8880 -0.0342
vn 0.4583 -0.8881 -0.0342
vn -0.8990 0.4379 0.0022
vn -0.4738 -0.5311 0.7024
vn -0.9347 0.3555 -0.0000
vn -0.5774 0.4070 0.7078
vn 0.9436 -0.3139 -0.1051
vn -0.0685 -0.7046 -0.7063
vn 0.9435 -0.3143 -0.1054
vn 0.9970 0.0774 -0.0000
vn 0.9739 0.2269 -0.0000
vn 0.7047 0.0547 -0.7074
vn -0.4132 0.9106 -0.0000
vn -0.1033 0.6986 0.7080
vn -0.1457 0.9893 -0.0000
vn 0.0922 0.7002 -0.7080
vn 0.1311 0.9914 -0.0000
vn -0.4117 0.5733 -0.7084
vn -0.5585 0.4237 -0.7131
vn -0.4147 0.5712 -0.7084
vn -0.7168 -0.6972 -0.0000
vn -0.3580 -0.6088 0.7079
vn -0.5063 -0.4924 0.7079
vn 0.2765 0.6499 0.7079
vn 0.3914 0.9202 -0.0000
vn -0.6603 0.2511 0.7078
vn 0.8056 0.5925 -0.0000
vn 0.6035 -0.3659 0.7084
vn 0.8555 -0.5178 -0.0000
vn 0.6543 -0.2484 0.7143
vn -0.3930 0.4607 0.7959
vn -0.8887 -0.4584 -0.0000
vn -0.5532 -0.3031 0.7759
vn 0.6582 0.2563 0.7079
vn 0.7013 0.0852 0.7078
vn 0.7013 -0.0849 0.7078
vn -0.1247 0.6925 -0.7105
vn -0.6781 -0.7349 -0.0000
vn -0.5947 -0.3801 -0.7084
vn -0.8454 -0.5342 -0.0000
vn 0.7013 -0.0849 -0.7078
vn 0.8101 -0.5863 -0.0000
vn 0.2091 -0.6713 0.7110
vn 0.0059 -1.0000 -0.0000
vn 0.3025 -0.9532 -0.0000
vn 0.4224 -0.5622 0.7110
vn 0.6007 -0.7995 -0.0000
vn 0.3235 -0.6287 0.7071
vn 0.4575 -0.8892 -0.0000
vn 0.0043 -0.7064 0.7078
vn 0.4224 -0.5622 -0.7110
vn 0.8101 -0.5864 -0.0000
vn -0.6860 -0.1578 0.7103
vn -0.8766 -0.4813 -0.0000
vn -0.9744 -0.2246 -0.0000
vn -0.3010 -0.9536 -0.0000
vn -0.1525 -0.9883 -0.0000
vn -0.1105 -0.6951 -0.7104
vn -0.3609 -0.6036 -0.7109
vn 0.4578 0.3916 -0.7982
vn -0.7009 -0.0878 -0.7078
vn -0.7782 -0.6280 -0.0000
vn -0.4172 -0.5700 0.7078
vn -0.5849 -0.8111 -0.0000
vn 0.9997 -0.0252 -0.0000
vn 0.0534 0.5882 -0.8070
vn 0.0727 0.9974 -0.0000
vn -0.9928 0.1197 -0.0000
vn -0.7014 0.0845 -0.7078
vn 0.0201 -0.7070 0.7070
vn -0.1999 -0.9798 -0.0000
vn -0.6193 -0.3402 0.7076
vn -0.4982 -0.4969 0.7105
vn -0.6193 -0.3402 -0.7076
vn -0.4982 -0.4969 -0.7105
vn 0.2106 0.6786 -0.7037
vn -0.0257 0.9997 -0.0000
vn 0.2985 0.9544 -0.0000
vn -0.2680 -0.9634 -0.0000
vn -0.3953 -0.5805 0.7119
vn -0.5682 -0.8229 -0.0000
vn -0.4196 -0.5677 0.7083
vn -0.3181 -0.6247 0.7131
vn -0.5942 -0.8043 -0.0000
vn 0.5264 0.8502 -0.0000
vn 0.9450 -0.3085 -0.1088
vn 0.8616 -0.4662 0.2006
vn 0.0974 -0.6996 0.7079
vn -0.9998 -0.0206 -0.0000
vn -0.7092 -0.0146 0.7049
vn -0.9741 -0.2261 -0.0000
vn 0.5638 -0.8222 -0.0778
vn 0.5639 -0.8222 -0.0776
vn 0.4148 -0.9078 0.0613
vn 0.3981 -0.5830 0.7082
vn 0.4810 -0.5135 0.7106
vn 0.5639 -0.8258 -0.0000
vn 0.6268 -0.3151 0.7127
vn -0.4478 -0.3950 -0.8022
vn -0.7666 0.6421 -0.0000
vn -0.4781 0.3833 -0.7903
vn 0.7263 0.6874 -0.0000
vn 0.3085 0.6297 0.7129
vn 0.6981 -0.0675 0.7128
vn 0.7047 0.0547 0.7074
vn -0.6846 -0.1739 -0.7079
vn 0.9446 -0.3092 0.1099
vn 0.9446 -0.3094 0.1093
vn 0.8724 0.4888 -0.0000
vn 0.6856 0.1593 0.7103
vn 0.6164 0.3451 0.7078
vn 0.2883 0.9575 -0.0000
vn 0.1060 0.6961 -0.7101
vn 0.7005 0.0962 -0.7071
vn 0.4076 -0.9130 0.0155
vn 0.6881 0.1910 -0.7001
vn -0.0911 0.7005 -0.7078
vn 0.6101 0.3489 -0.7114
vn 0.9249 0.3801 0.0063
vn -0.0916 0.7005 -0.7078
vn -0.5848 -0.8111 -0.0000
vn -0.3917 -0.5897 -0.7063
vn -0.4172 -0.5700 -0.7078
vn -0.5087 -0.4895 0.7082
vn -0.6284 -0.7779 -0.0000
vn -0.7206 -0.6934 -0.0000
vn -0.2727 -0.6516 -0.7079
vn 0.4055 -0.9140 0.0156
vn 0.4056 -0.9139 0.0156
vn 0.7003 0.0955 -0.7074
vn -0.6772 0.2017 -0.7076
vn -0.9583 0.2856 -0.0000
vn -0.7039 0.0346 -0.7094
vn -0.9988 0.0496 -0.0000
vn 0.7478 0.6639 -0.0000
vn -0.0630 0.7095 -0.7019
vn 0.9091 0.4158 0.0235
vn -0.0631 0.7095 0.7019
vn 0.9089 0.4163 -0.0232
vn -0.3218 0.6238 -0.7123
vn 0.5596 -0.4311 -0.7078
vn 0.4311 -0.5596 -0.7078
vn -0.6348 -0.7484 -0.1919
vn 0.7739 0.6316 0.0467
vn 0.7605 -0.1617 -0.6289
vn -0.1584 -0.3454 -0.9250
vn 0.5395 0.8023 0.2553
vn 0.0674 0.6977 0.7132
vn -0.4107 -0.3856 0.8262
vn -0.4576 0.3916 0.7983
vn 0.5679 0.3021 0.7657
vn 0.2106 0.6786 0.7037
vn 0.2982 0.9545 -0.0000
vn -0.4479 -0.3949 -0.8021
vn 0.7869 -0.6171 0.0030
vn 0.7868 -0.6172 0.0026
vn -0.1440 -0.7779 -0.6117
vn -0.2768 0.9609 -0.0087
vn -0.2756 0.9612 -0.0100
vn -0.5118 0.8591 -0.0010
vn -0.4060 -0.5773 0.7084
vn -0.3111 -0.6307 0.7109
vn -0.5751 -0.8181 -0.0000
vn 0.0810 0.7050 0.7045
vn 0.2002 0.6750 0.7101
vn -0.1429 -0.7792 -0.6103
vn -0.6054 -0.3629 -0.7084
vn -0.6263 -0.3254 -0.7084
vn 0.8376 -0.5450 0.0376
vn 0.9440 -0.3123 0.1067
vn -0.6054 -0.3629 0.7084
vn -0.1429 -0.7792 0.6102
vn -0.6264 -0.3255 0.7083
vn 0.7868 -0.6172 0.0034
vn -0.1431 -0.7791 -0.6103
vn -0.1862 -0.6784 0.7107
vn -0.0670 -0.7040 0.7070
vn 0.7859 -0.6183 0.0049
vn 0.8406 -0.5400 -0.0415
vn 0.7859 -0.6184 0.0050
vn 0.9441 -0.3115 -0.1077
vn 0.9441 -0.3115 -0.1075
vn -0.0669 -0.7044 -0.7067
vn -0.9056 0.4241 -0.0000
vn 0.9404 -0.0070 0.3399
vn -0.6630 0.7486 -0.0000
vn 0.7790 -0.6271 -0.0008
vn 0.9662 -0.2576 0.0109
vn 0.9662 -0.2577 0.0112
vn 0.9915 0.1300 -0.0000
vn -0.0834 0.7138 -0.6953
vn 0.7003 0.0955 0.7074
vn -0.7487 -0.6629 -0.0000
vn -0.4108 -0.5745 -0.7079
vn -0.5848 -0.8112 -0.0000
vn -0.3812 -0.9245 -0.0011
vn -0.0006 -1.0000 -0.0001
vn 0.9990 0.0451 -0.0000
vn 0.5677 0.3048 -0.7647
vn 0.8844 0.4667 -0.0000
vn 0.5677 0.3048 0.7647
vn 0.1937 0.9811 -0.0000
vn 0.3464 0.6151 -0.7083
vn 0.1369 0.6883 -0.7124
vn -0.6263 -0.3255 -0.7083
vn -0.4771 0.8787 0.0136
vn -0.7568 0.6536 -0.0026
vn -0.5986 -0.3517 -0.7197
vn -0.0816 -0.2674 0.9601
vn 0.3056 -0.9522 -0.0000
vn -0.2912 -0.9567 -0.0000
vn 0.3604 -0.9328 -0.0000
vn -0.1382 -0.3286 -0.9343
vn 0.4977 0.8311 0.2482
vn -0.3635 0.6063 -0.7073
vn 0.4981 0.8310 -0.2478
vn 0.2244 -0.9402 -0.2561
vn -0.4762 0.8792 -0.0126
vn -0.7183 0.0487 0.6941
vn 0.3467 0.6151 -0.7081
vn 0.4950 0.8689 -0.0000
vn -0.6362 -0.7470 0.1933
vn -0.3238 0.6224 -0.7126
vn 0.9090 0.4161 -0.0235
vn 0.5611 -0.8277 -0.0000
vn 0.9836 -0.1801 -0.0000
vn 0.9349 -0.3549 -0.0000
vn 0.6940 -0.1273 -0.7086
vn 0.9662 -0.2576 -0.0111
vn 0.9662 -0.2575 -0.0110
vn 0.7789 -0.6271 0.0004
vn -0.6999 -0.0811 -0.7097
vn -0.9351 -0.3545 -0.0000
vn -0.6608 -0.2507 -0.7075
vn 0.0810 0.7051 -0.7044
vn 0.4577 0.3916 -0.7982
vn 0.5682 0.4293 -0.7020
vn -0.1146 -0.4666 0.8770
vn -0.6220 -0.7830 -0.0000
vn -0.4709 -0.8822 -0.0000
vn -0.3295 -0.6175 -0.7143
vn -0.1146 -0.4665 -0.8770
vn -0.8189 0.5740 -0.0000
vn -0.4838 0.8739 -0.0473
vn 0.4689 -0.8833 -0.0000
vn -0.7075 0.0572 0.7044
vn 0.3323 -0.6259 -0.7055
vn 0.9077 -0.4166 -0.0498
vn -0.8873 0.4611 -0.0000
vn -0.6179 -0.2680 0.7392
vn 0.9614 0.2750 -0.0000
vn -0.1147 -0.4665 0.8770
vn -0.2120 -0.9773 -0.0000
vn 0.5443 -0.8372 -0.0533
vn 0.5412 -0.8395 -0.0494
vn 0.3885 -0.9208 0.0341
vn 0.2688 -0.9631 0.0124
vn 0.7022 0.0316 0.7113
vn -0.3806 0.6085 -0.6964
vn 0.9614 0.2751 -0.0001
vn 0.6211 0.3357 -0.7082
vn 0.6821 0.1818 -0.7083
vn 0.6856 0.1594 -0.7104
vn 0.6164 0.3451 -0.7078
vn 0.3269 -0.9450 -0.0000
vn 0.0323 -0.9995 -0.0000
vn -0.6307 0.7760 -0.0000
vn -0.2785 0.6491 0.7079
vn -0.3945 0.9189 -0.0000
vn 0.3447 0.6161 0.7082
vn 0.1479 0.6873 0.7112
vn 0.7762 0.6305 -0.0000
vn 0.4860 0.5089 0.7105
vn 0.5479 0.4451 0.7083
vn -0.7536 0.6572 -0.0080
vn -0.7405 -0.0957 -0.6652
vn 0.9764 0.2160 -0.0000
vn 0.6068 0.3564 0.7104
vn 0.6930 0.1479 0.7056
vn -0.2785 0.6491 -0.7079
vn -0.4433 0.5466 -0.7105
vn 0.8910 0.4541 -0.0000
vn 0.6496 -0.7603 -0.0000
vn -0.6175 -0.3429 -0.7079
vn -0.3218 0.6238 0.7122
vn -0.5897 -0.7651 -0.2585
vn -0.4738 -0.5308 -0.7026
vn 0.0811 0.7056 0.7039
vn -0.8982 0.4395 -0.0039
vn -0.7581 0.6521 -0.0006
vn -0.5833 -0.3576 -0.7293
vn -0.3589 0.6057 0.7101
vn 0.4682 -0.6969 -0.5433
vn -0.3210 0.6236 0.7128
vn -0.5589 -0.8292 -0.0000
vn -0.8978 0.4403 0.0049
vn -0.4739 -0.5309 0.7026
vn -0.8978 0.4404 -0.0051
vn -0.7559 0.6547 -0.0000
vn -0.8981 0.4397 -0.0042
vn -0.4738 -0.5311 -0.7024
vn 0.1565 -0.9877 -0.0000
vn 0.3083 -0.9513 -0.0000
vn 0.1106 -0.6981 0.7074
vn -0.9090 -0.4168 -0.0000
vn -0.9893 -0.1459 -0.0000
vn -0.6958 -0.1060 0.7104
vn 0.0136 0.7176 -0.6963
vn 0.1588 0.6861 -0.7100
vn -0.8931 0.4494 0.0192
vn 0.4107 -0.3856 0.8262
vn 0.6581 0.2563 0.7079
vn 0.9317 0.3631 -0.0000
vn 0.7921 -0.6103 -0.0000
vn -0.1431 -0.7791 -0.6104
vn -0.6264 -0.3255 -0.7083
vn -0.4772 0.8787 0.0133
vn -0.4954 0.4988 0.7111
vn -0.4918 0.5039 0.7101
vn 0.6958 0.0888 0.7127
vn 0.4056 -0.9139 -0.0155
vn 0.4057 -0.9139 -0.0157
vn -0.5919 -0.7638 0.2574
vn 0.4664 -0.7013 0.5391
vn -0.5896 -0.7679 0.2504
vn -0.3213 0.6234 -0.7128
vn -0.1867 0.6794 0.7096
vn -0.1146 -0.4665 -0.8771
vn -0.4919 0.8698 -0.0383
vn -0.8189 0.5739 -0.0001
vn -0.0631 0.7104 -0.7009
vn 0.9100 0.4140 -0.0231
vn 0.9093 0.4154 -0.0247
vn -0.0873 -0.6976 -0.7111
vn -0.3111 -0.6307 -0.7109
vn -0.3054 0.6355 0.7091
vn 0.6004 0.7997 -0.0000
vn 0.1638 -0.9642 -0.2086
vn 0.5530 -0.8332 -0.0000
vn 0.7477 0.6641 -0.0000
vn -0.0632 0.7095 -0.7019
vn -0.0115 0.9999 -0.0000
vn 0.1769 0.6838 0.7079
vn 0.2500 0.9682 -0.0000
vn 0.6846 0.1898 0.7037
vn 0.6483 0.2795 0.7083
vn -0.6823 -0.1578 -0.7139
vn -0.9741 -0.2260 -0.0000
vn -0.6781 -0.7350 -0.0000
vn -0.5948 -0.3800 0.7084
vn -0.4770 -0.5169 0.7109
vn 0.0835 0.7046 -0.7047
vn 0.1177 0.9930 -0.0000
vn 0.4512 0.3393 -0.8254
vn -0.2524 0.9676 -0.0000
vn -0.0755 0.9971 -0.0000
vn -0.0534 0.7047 -0.7075
vn -0.3609 -0.9013 0.2397
vn -0.3219 0.6236 -0.7124
vn 0.7478 0.6640 -0.0000
vn -0.4781 0.3833 0.7903
vn 0.7268 -0.0301 0.6862
vn 0.5832 -0.8123 -0.0000
vn 0.0046 -0.7065 -0.7077
vn 0.8619 -0.5054 -0.0421
vn 0.9444 -0.3107 0.1077
vn 0.9090 0.4161 -0.0232
vn -0.3218 0.6238 -0.7122
vn -0.0624 0.9981 -0.0000
vn -0.2658 0.6518 0.7103
vn -0.0443 0.7023 0.7105
vn -0.8462 -0.5327 0.0107
vn 0.5561 -0.3161 -0.7686
vn -0.8033 0.5956 -0.0059
vn -0.6103 0.3520 0.7097
vn 0.9440 -0.3121 -0.1069
vn -0.0689 -0.7046 -0.7063
vn 0.9442 -0.3117 -0.1064
vn 0.7963 -0.6042 -0.0305
vn 0.3806 -0.5948 0.7080
vn 0.5191 -0.4788 0.7080
vn -0.7213 0.0467 -0.6911
vn -0.4760 0.8794 0.0128
vn -0.6194 -0.3396 -0.7078
vn -0.1745 0.6823 -0.7099
vn -0.5160 0.8566 -0.0000
vn -0.2425 0.9702 -0.0000
vn -0.3776 0.5976 -0.7073
vn 0.9473 0.3202 -0.0000
vn -0.5360 0.8442 -0.0000
vn 0.5638 -0.8222 -0.0775
vn 0.7087 0.0275 0.7050
vn -0.6264 -0.3252 0.7084
vn -0.1432 -0.7791 0.6103
vn 0.7508 0.6605 -0.0000
vn 0.7025 0.0241 -0.7113
vn 0.5468 -0.8354 0.0564
vn 0.5469 -0.8353 0.0563
vn -0.8248 0.0642 0.5617
vn 0.4667 -0.8841 0.0238
vn 0.4666 -0.8841 0.0239
vn 0.3464 0.6151 0.7083
vn 0.2985 0.6434 -0.7050
vn -0.5979 -0.3521 0.7201
vn -0.7575 0.6528 -0.0018
vn -0.5908 -0.3562 -0.7239
vn -0.8988 0.4383 -0.0028
vn 0.0801 0.7022 0.7074
vn -0.8975 0.4411 -0.0057
vn -0.4738 -0.5312 -0.7023
vn -0.8983 0.4394 -0.0038
vn 0.4057 -0.9139 0.0155
vn 0.4058 -0.9138 0.0155
vn -0.6783 0.1560 0.7180
vn 0.7597 -0.1632 -0.6295
vn -0.0136 0.7039 -0.7102
vn 0.5677 0.3047 -0.7648
vn -0.3608 -0.9013 0.2396
vn 0.1060 0.6961 0.7101
vn 0.1465 0.9892 -0.0000
vn -0.5896 -0.7666 0.2544
vn 0.9089 0.4163 -0.0234
vn -0.4576 0.3916 -0.7982
vn -0.4581 -0.5385 -0.7072
vn -0.6516 -0.2727 0.7079
vn -0.7921 -0.6103 -0.0000
vn -0.5596 -0.4311 0.7078
vn 0.9090 0.4161 0.0233
vn -0.3218 0.6237 0.7124
vn 0.9090 0.4161 -0.0231
vn -0.3239 0.6223 -0.7126
vn 0.4670 -0.7006 -0.5395
vn -0.3589 0.6057 0.7102
vn 0.3932 -0.4601 0.7961
vn -0.3871 -0.9220 0.0039
vn -0.6395 -0.7687 0.0109
vn -0.9913 0.1317 0.0011
vn -0.3745 -0.9270 0.0194
vn -0.3744 -0.9271 0.0193
vn -0.4467 -0.8946 -0.0067
vn -0.4489 -0.8935 -0.0085
vn -0.9907 0.1360 -0.0000
vn -0.6470 -0.7625 0.0003
vn -0.3747 -0.9270 0.0190
vn 0.4936 -0.3547 -0.7940
vn -0.3810 -0.9246 0.0016
vn -0.7140 -0.0264 0.6997
vn -0.7064 0.0077 0.7077
vn -0.4768 0.8789 -0.0131
vn -0.4762 0.8793 -0.0126
vn -0.7222 0.0462 0.6901
vn -0.9998 -0.0200 -0.0000
vn -0.7092 -0.0142 -0.7049
vn 0.5967 -0.8025 -0.0000
vn 0.4360 -0.9000 -0.0000
vn 0.3102 -0.6301 0.7119
vn 0.3551 -0.6131 0.7057
vn 0.5012 -0.8654 -0.0000
vn 0.9953 -0.0969 -0.0000
vn 0.9635 -0.2678 -0.0000
vn 0.3806 -0.5948 -0.7080
vn 0.5191 -0.4788 -0.7080
vn -0.6968 -0.7172 -0.0000
vn -0.6028 -0.3672 -0.7084
vn -0.8565 -0.5162 -0.0000
vn -0.6028 -0.3672 0.7084
vn -0.4901 -0.5045 0.7108
vn -0.5968 -0.8024 -0.0000
vn -0.3251 -0.6234 -0.7111
vn -0.2609 -0.9654 -0.0000
vn -0.1840 -0.6819 0.7079
vn 0.2318 -0.6640 0.7109
vn -0.3056 0.6353 -0.7093
vn -0.6363 -0.7714 -0.0000
vn -0.7049 0.0591 0.7068
vn -0.8055 -0.5926 0.0101
vn -0.5257 -0.8498 -0.0399
vn -0.0873 0.7174 -0.6911
vn 0.4680 -0.6994 -0.5402
vn -0.3219 0.6239 0.7122
vn -0.3631 -0.9317 -0.0000
vn 0.0616 0.7048 -0.7068
vn 0.0871 0.9962 -0.0000
vn 0.4422 0.3477 -0.8268
vn -0.4082 -0.4083 -0.8165
vn -0.7404 0.6722 -0.0000
vn -0.4406 0.4000 -0.8037
vn 0.4642 -0.8854 -0.0241
vn 0.4641 -0.8854 -0.0240
vn 0.3409 0.6184 -0.7081
vn 0.1768 0.6838 -0.7079
vn 0.5197 0.4778 -0.7083
vn 0.0135 -0.9999 -0.0000
vn -0.2061 -0.6799 -0.7037
vn 0.0052 -0.7048 -0.7094
vn 0.0808 0.7050 -0.7046
vn 0.2002 0.6751 -0.7101
vn -0.8981 0.4397 0.0042
vn -0.4738 -0.5309 0.7026
vn 0.4057 -0.9138 0.0158
vn -0.3124 0.6343 0.7071
vn -0.2916 0.9565 -0.0000
vn -0.4418 0.8971 -0.0000
vn -0.8981 0.4398 0.0044
vn 0.5952 -0.3802 0.7079
vn 0.8428 -0.5382 -0.0000
vn -0.3868 -0.9221 0.0038
vn -0.3869 -0.9221 0.0038
vn 0.7014 0.0856 -0.7076
vn -0.0635 0.7084 -0.7029
vn 0.9085 0.4173 -0.0246
vn 0.9092 0.4158 -0.0230
vn 0.4688 -0.8833 -0.0000
vn -0.7076 0.0574 0.7043
vn 0.8213 0.4013 0.4055
vn -0.3054 0.6354 -0.7092
vn 0.9090 0.4162 -0.0234
vn 0.4670 -0.7005 0.5395
vn -0.3743 -0.9271 0.0196
vn -0.3748 -0.9269 0.0192
vn -0.9824 0.1866 -0.0000
vn -0.6209 0.3368 -0.7079
vn -0.6899 0.1311 -0.7120
vn -0.6618 0.2362 0.7115
vn 0.5289 -0.4865 -0.6953
vn -0.4912 0.5029 0.7112
vn -0.3743 -0.9271 -0.0193
vn -0.3750 -0.9268 -0.0188
vn 0.9090 0.4161 0.0234
vn -0.6413 -0.7420 -0.1955
vn -0.3239 0.6223 0.7126
vn 0.5135 0.4852 0.7077
vn 0.5466 0.8374 -0.0000
vn 0.3852 0.5931 0.7070
vn 0.9996 -0.0272 -0.0090
vn 0.6982 0.0713 0.7123
vn 0.7058 -0.0427 0.7071
vn 0.6544 -0.7561 0.0002
vn -0.6179 -0.2678 0.7392
vn -0.9893 0.1457 -0.0000
vn -0.7227 0.0463 -0.6896
vn 0.0824 0.7071 -0.7023
vn 0.7200 0.0222 0.6936
vn 0.6479 -0.4325 -0.6270
vn -0.1429 -0.7791 -0.6104
vn -0.6054 -0.3630 -0.7084
vn -0.6263 -0.3256 -0.7084
vn -0.1429 -0.7790 0.6105
vn -0.6263 -0.3256 0.7084
vn -0.3593 -0.6085 0.7076
vn 0.8447 -0.5326 0.0531
vn 0.7861 -0.6181 -0.0041
vn 0.7865 -0.6176 0.0040
vn 0.7864 -0.6177 0.0039
vn -0.1431 -0.7792 -0.6102
vn 0.6124 0.3513 -0.7082
vn -0.3593 -0.6085 0.7075
vn 0.7861 -0.6180 -0.0047
vn 0.8584 -0.5095 0.0602
vn 0.7787 -0.6274 -0.0000
vn 0.9663 -0.2571 -0.0114
vn -0.0669 -0.7045 -0.7066
vn 0.9662 -0.2575 -0.0111
vn -0.6739 0.2019 0.7107
vn -0.9565 0.2918 -0.0000
vn -0.6999 -0.0811 0.7097
vn -0.9933 -0.1157 -0.0000
vn -0.7097 -0.7045 -0.0000
vn -0.8210 -0.5710 -0.0000
vn -0.5017 -0.4981 -0.7072
vn 0.9439 -0.3127 -0.1062
vn 0.9438 -0.3128 -0.1064
vn -0.4479 -0.3949 0.8021
vn -0.8473 -0.5311 -0.0000
vn -0.6840 -0.1583 0.7121
vn -0.5961 -0.3779 0.7084
vn -0.4311 0.5596 0.7078
vn -0.6344 0.3124 -0.7071
vn -0.8815 0.4721 0.0094
vn -0.5705 0.4085 -0.7125
vn 0.5677 0.3047 0.7648
vn -0.6516 0.2726 -0.7079
vn -0.7921 0.6103 -0.0000
vn -0.6798 -0.7334 -0.0000
vn -0.4781 -0.5158 0.7109
vn -0.1382 -0.3285 0.9344
vn -0.1378 -0.3286 -0.9344
vn 0.4979 0.8310 0.2481
vn -0.7014 0.0845 -0.7077
vn -0.3609 -0.6036 0.7109
vn -0.5130 -0.8584 -0.0000
vn 0.3447 0.6161 0.7083
vn 0.5354 -0.4561 -0.7109
vn 0.5511 -0.8345 -0.0000
vn 0.3894 -0.5894 -0.7078
vn -0.1745 0.6823 0.7099
vn 0.1176 -0.6969 0.7074
vn 0.0052 -0.7048 0.7094
vn 0.7921 0.6103 -0.0000
vn 0.6516 0.2726 0.7079
vn 0.9224 0.3862 -0.0000
vn -0.1299 -0.9915 -0.0000
vn -0.0917 -0.7009 0.7074
vn 0.0817 0.9967 -0.0000
vn 0.2458 0.9693 -0.0000
vn 0.1738 0.6850 -0.7075
vn 0.7010 0.0954 0.7068
vn 0.9915 0.1302 -0.0000
vn 0.1738 0.6850 0.7075
vn 0.2898 0.6386 0.7129
vn 0.7604 -0.1618 0.6289
vn -0.9885 -0.1515 -0.0000
vn -0.6963 -0.1028 -0.7103
vn -0.6733 -0.2121 -0.7083
vn -0.3745 -0.9270 0.0189
vn -0.3752 -0.9268 0.0186
vn 0.9662 -0.2577 0.0109
vn -0.0697 -0.7061 0.7047
vn -0.1146 -0.4665 0.8770
vn -0.8189 0.5740 -0.0001
vn 0.6845 0.1907 0.7037
vn 0.2041 -0.6690 0.7147
vn 0.2962 -0.9551 -0.0000
vn 0.0792 -0.9969 -0.0000
vn -0.4738 -0.5310 -0.7026
vn 0.6815 -0.1854 0.7080
vn 0.8998 -0.4363 0.0079
vn 0.6125 -0.3515 0.7080
vn -0.4023 0.9155 -0.0000
vn -0.2864 0.6494 0.7044
vn 0.0021 1.0000 -0.0000
vn 0.1866 0.6812 0.7079
vn 0.2645 0.9644 -0.0000
vn 0.1561 0.6912 -0.7056
vn 0.0442 0.7056 -0.7072
vn 0.0977 -0.6995 -0.7079
vn -0.3638 0.6060 0.7074
vn -0.2069 -0.6749 -0.7083
vn -0.4134 -0.9106 -0.0000
vn -0.2931 -0.9561 -0.0000
vn 0.6931 0.1479 -0.7055
vn 0.1813 -0.6786 -0.7118
vn 0.0545 -0.7051 -0.7070
vn 0.2091 -0.6713 -0.7110
vn 0.3235 -0.6287 -0.7071
vn 0.7187 -0.0967 0.6886
vn 0.6024 0.2918 0.7429
vn 0.3613 0.6093 0.7058
vn -0.3364 0.9417 -0.0000
vn -0.4834 0.8754 -0.0000
vn -0.3387 0.6129 -0.7139
vn 0.4583 -0.8882 -0.0339
vn -0.4738 -0.5310 -0.7025
vn -0.7685 -0.6399 -0.0000
vn 0.7645 -0.6446 -0.0000
vn 0.6037 -0.3656 -0.7084
vn -0.8985 0.4390 0.0032
vn 0.0872 0.7318 0.6759
vn -0.4740 -0.5310 -0.7024
vn -0.0934 -0.7001 0.7079
vn -0.1323 -0.9912 -0.0000
vn -0.5530 -0.4388 0.7082
vn -0.9084 -0.4182 0.0001
vn -0.6395 -0.2931 0.7107
vn 0.5954 0.3795 0.7082
vn 0.9693 0.2459 -0.0000
vn 0.8432 0.5376 -0.0000
vn -0.9224 -0.3862 -0.0000
vn -0.9912 -0.1323 -0.0000
vn -0.6448 -0.7644 0.0001
vn -0.9100 0.4147 -0.0000
vn -0.1358 -0.3267 0.9353
vn -0.3840 -0.9233 -0.0000
vn 0.4643 -0.8854 0.0240
vn -0.5774 0.4070 -0.7078
vn -0.2176 -0.9760 -0.0096
vn 0.3952 0.3156 -0.8627
vn 0.6757 -0.2045 -0.7083
vn -0.3219 0.6237 -0.7124
vn 0.4680 -0.6990 0.5407
vn -0.3589 0.6056 -0.7102
vn -0.7092 -0.0142 0.7049
vn -0.9757 -0.2190 -0.0000
vn -0.7470 -0.5319 0.3988
vn -0.6782 0.1558 -0.7182
vn 0.4664 -0.8842 -0.0238
vn 0.4666 -0.8841 -0.0238
vn 0.9090 0.4162 -0.0233
vn -0.5891 -0.7660 0.2573
vn 0.9089 0.4163 -0.0233
vn -0.0051 1.0000 -0.0000
vn -0.0063 0.7029 0.7113
vn -0.9999 -0.0154 -0.0000
vn -0.2417 -0.9704 0.0009
vn -0.7063 -0.0109 0.7078
vn -0.4771 0.8788 -0.0133
vn -0.4760 0.8793 -0.0127
vn -0.7224 0.0464 0.6900
vn 0.6171 0.7869 -0.0000
vn -0.6490 0.7608 -0.0000
vn -0.4068 -0.5767 -0.7084
vn -0.5762 -0.8173 -0.0000
vn -0.1812 0.6793 -0.7112
vn -0.6823 -0.1578 0.7139
vn -0.5947 -0.3802 0.7084
vn -0.5750 -0.8181 -0.0000
vn -0.6603 0.2510 0.7078
vn -0.0873 -0.6976 0.7111
vn 0.0494 -0.9988 -0.0000
vn 0.2468 -0.9691 -0.0000
vn 0.1744 -0.6787 -0.7134
vn -0.5531 -0.4388 -0.7083
vn -0.3056 0.6353 0.7093
vn 0.8213 0.4021 -0.4046
vn 0.6041 -0.7969 -0.0000
vn -0.2500 0.9682 -0.0000
vn -0.3247 0.6273 -0.7079
vn -0.4562 0.8899 -0.0000
vn -0.3609 -0.9012 -0.2399
vn -0.1033 0.6986 -0.7080
vn 0.3097 -0.6373 -0.7056
vn 0.4370 -0.8994 -0.0000
vn -0.8462 -0.5328 0.0106
vn 0.2938 0.6438 0.7065
vn -0.4194 -0.5679 0.7083
vn -0.6018 0.7987 -0.0000
vn -0.2328 0.6632 0.7113
vn -0.4254 0.5637 0.7080
vn -0.6209 0.3368 0.7079
vn -0.8790 0.4768 -0.0000
vn -0.8981 0.4398 -0.0042
vn 0.7010 0.0954 -0.7068
vn 0.4099 -0.4074 -0.8161
vn -0.7008 0.0871 -0.7081
vn -0.9333 0.3591 -0.0000
vn -0.6570 0.2528 -0.7102
vn 0.0834 0.7147 0.6945
vn -0.8988 0.4384 -0.0027
vn 0.5691 0.4183 0.7079
vn 0.0921 -0.7062 0.7020
vn -0.3428 0.6178 -0.7077
vn 0.8213 0.4018 0.4050
vn 0.0930 -0.7003 0.7078
vn 0.5722 -0.4141 0.7079
vn -0.5530 -0.4388 -0.7082
vn -0.7783 -0.6279 -0.0000
vn -0.3870 -0.9221 0.0038
vn 0.3633 -0.6057 0.7079
vn 0.7217 -0.6922 -0.0000
vn 0.5099 -0.4888 0.7079
vn 0.9090 0.4162 0.0229
vn 0.7025 -0.0429 -0.7104
vn 0.7040 0.0617 -0.7075
vn 0.2940 0.6448 -0.7056
vn -0.7408 -0.0925 0.6653
vn -0.1433 -0.7789 -0.6106
vn 0.2087 -0.9403 0.2689
vn 0.5030 0.4959 -0.7079
vn -0.3055 0.6354 0.7092
vn 0.3024 -0.9532 -0.0000
vn 0.5293 -0.4862 0.6953
vn -0.6617 0.2363 -0.7115
vn -0.4919 0.5034 -0.7104
vn 0.7604 -0.1622 0.6288
vn 0.7965 -0.6047 -0.0000
vn 0.4669 -0.7004 0.5399
vn -0.3749 -0.9269 -0.0190
vn -0.3746 -0.9270 -0.0192
vn -0.3747 -0.9269 0.0189
vn 0.1744 -0.6788 -0.7133
vn 0.0795 0.7049 0.7048
vn 0.6823 -0.0842 0.7262
vn 0.7005 0.0962 0.7071
vn 0.9913 0.1313 -0.0000
vn -0.6617 0.2363 0.7115
vn 0.5287 -0.4872 -0.6950
vn -0.4576 0.3916 -0.7983
vn -0.9919 0.1273 -0.0000
vn -0.6855 -0.1534 -0.7117
vn -0.6855 -0.1534 0.7117
vn 0.0133 0.9999 -0.0002
vn 0.0132 0.9975 0.0700
vn 0.0132 0.9975 0.0701
vn -0.5964 -0.8027 -0.0000
vn -0.3011 -0.9536 -0.0000
vn -0.1409 -0.6925 -0.7076
vn 0.2859 0.6476 -0.7063
vn 0.5348 0.4603 -0.7085
vn -0.5927 -0.3711 0.7148
vn 0.8637 -0.5040 0.0013
vn -0.6193 -0.3399 -0.7077
vn 0.2990 0.6432 -0.7049
vn 0.5348 0.4604 -0.7085
vn -0.5973 -0.3518 0.7207
vn 0.6162 0.3456 -0.7077
vn 0.7011 0.7131 -0.0000
vn 0.4906 0.5043 -0.7106
vn -0.3609 -0.9013 -0.2398
vn 0.6932 -0.1172 -0.7111
vn 0.9010 -0.4339 -0.0000
vn 0.9860 -0.1668 -0.0000
vn -0.5825 0.8128 -0.0000
vn -0.5718 0.4097 -0.7107
vn -0.8128 0.5825 -0.0000
vn -0.0874 0.7176 0.6909
vn -0.7050 0.0592 0.7067
vn 0.6111 0.7916 -0.0000
vn -0.0874 0.7176 -0.6909
vn -0.6022 -0.3496 -0.7178
vn -0.7075 0.0574 -0.7044
vn -0.6450 -0.7642 -0.0002
vn -0.8188 -0.5740 -0.0098
vn 0.9915 0.1299 -0.0000
vn -0.0830 0.7168 -0.6923
vn -0.8047 0.5936 -0.0000
vn -0.6234 0.3314 -0.7082
vn 0.6856 0.1594 0.7104
vn -0.3216 0.6236 -0.7125
vn 0.4682 -0.6986 0.5411
vn 0.6482 0.2796 -0.7083
vn 0.6845 0.1903 -0.7037
vn -0.5925 -0.3638 0.7187
vn -0.5963 -0.3518 0.7216
vn -0.6742 -0.2090 -0.7084
vn -0.4433 0.5466 0.7105
vn -0.7410 0.6715 -0.0000
vn -0.8975 0.4410 0.0055
vn 0.0810 0.7052 -0.7044
vn -0.7558 0.6547 -0.0000
vn -0.8982 0.4395 0.0040
vn 0.2002 0.6750 -0.7101
vn 0.7067 0.0040 -0.7075
vn 0.9654 -0.2607 -0.0000
vn 1.0000 0.0044 -0.0000
vn -0.5129 0.8585 -0.0000
vn -0.2776 0.9607 -0.0079
vn 0.2954 0.6444 -0.7053
vn 0.5484 0.4381 -0.7122
vn 0.8786 0.4775 -0.0000
vn 0.8166 0.5773 -0.0000
vn 0.7380 0.6748 -0.0000
vn 0.0812 0.7052 -0.7043
vn 0.3816 0.4866 -0.7859
vn 0.9083 -0.4183 -0.0000
vn -0.9988 0.0497 -0.0000
vn 0.7060 0.0527 -0.7062
vn 0.9972 0.0744 -0.0000
vn 0.4141 -0.3814 -0.8265
vn -0.6987 -0.7154 -0.0000
vn 0.4105 -0.3899 -0.8243
vn 0.7049 -0.7093 -0.0000
vn -0.6516 -0.2727 -0.7079
vn 0.0922 0.7002 0.7080
vn -0.9224 0.3862 -0.0000
vn -0.6516 0.2726 0.7079
vn 0.4386 0.5536 0.7079
vn 0.4778 0.5201 0.7080
vn 0.3409 0.6184 0.7081
vn -0.0934 -0.7001 -0.7079
vn 0.6516 -0.2727 0.7079
vn -0.4311 -0.5595 -0.7078
vn 0.6154 0.7882 0.0063
vn 0.5005 0.4934 -0.7114
vn 0.3565 0.6055 -0.7115
vn 0.1323 0.9912 -0.0000
vn -0.0934 0.7001 -0.7079
vn -0.1323 0.9912 -0.0000
vn -0.3427 0.6178 -0.7077
vn 0.5596 0.4311 -0.7078
vn 0.7921 0.6104 -0.0000
vn 0.0934 -0.7001 -0.7079
vn -0.1893 0.9819 -0.0000
vn 0.7964 -0.6047 -0.0000
vn 0.6004 -0.7997 -0.0000
vn -0.7001 0.0934 -0.7079
vn -0.6516 0.2727 -0.7079
vn 0.9915 0.1301 -0.0000
vn 0.9912 0.1324 -0.0000
vn 0.7001 0.0934 0.7079
vn -0.7001 -0.0934 -0.7079
vn 0.7001 0.0934 -0.7079
vn 0.6516 0.2727 -0.7079
vn -0.5596 -0.4311 -0.7078
vn 0.6103 0.7921 -0.0000
vn 0.5596 0.4311 0.7078
vn 0.7597 -0.1631 0.6295
vn -0.7470 -0.5318 0.3991
vn -0.6784 0.1562 -0.7179
vn 0.8592 0.5116 -0.0000
vn 0.6840 0.1801 -0.7069
vn 0.9678 0.2516 -0.0000
vn 0.5135 0.4852 -0.7077
vn 0.2727 -0.6516 0.7079
vn 0.6516 0.2726 -0.7079
vn -0.0008 0.7070 -0.7073
vn -0.1323 0.6900 -0.7116
vn -0.1856 0.9826 -0.0000
vn -0.6797 -0.7335 -0.0000
vn 0.7001 -0.0934 -0.7079
vn -0.9912 -0.1324 -0.0000
vn 0.9912 0.1323 -0.0000
vn 0.9912 -0.1323 -0.0000
vn -0.5767 -0.4016 -0.7114
vn -0.9500 -0.3122 -0.0000
vn -0.6711 -0.2205 -0.7078
vn 0.3126 -0.9494 0.0290
vn 0.7200 0.0224 -0.6936
vn 0.6931 0.1480 -0.7055
vn -0.4108 -0.5745 0.7079
vn 0.5585 0.3302 0.7610
vn 0.9928 0.1199 -0.0000
vn 0.8747 0.4846 -0.0000
vn 0.2933 0.6422 0.7082
vn 0.1003 0.9950 -0.0000
vn 0.0717 0.6991 0.7114
vn 0.4704 -0.5266 0.7081
vn 0.2937 0.6450 -0.7055
vn 0.5346 0.4604 -0.7087
vn -0.8978 0.4403 -0.0050
vn -0.8982 0.4395 0.0039
vn -0.4738 -0.5307 0.7028
vn -0.8979 0.4402 0.0048
vn 0.9812 0.1924 0.0124
vn -0.0699 0.7018 0.7090
vn 0.4679 -0.6972 0.5431
vn -0.6962 0.1026 0.7105
vn -0.3748 -0.9269 0.0190
vn -0.3747 -0.9269 0.0191
vn 0.8630 -0.5052 0.0009
vn 0.9443 -0.3107 0.1083
vn 0.7297 0.0358 0.6828
vn 0.1083 0.7000 0.7059
vn -0.7071 -0.7071 -0.0000
vn 0.0808 0.7051 0.7045
vn -0.8973 0.4414 -0.0061
vn -0.4741 -0.5316 -0.7018
vn -0.0631 0.7095 -0.7019
vn 0.9090 0.4161 0.0232
vn -0.3796 0.8096 0.4478
vn -0.4004 -0.9163 -0.0000
vn 0.5984 -0.1118 -0.7934
vn -0.3218 0.6238 0.7123
vn -0.5894 -0.7656 -0.2577
vn -0.3869 -0.9221 -0.0037
vn -0.3872 -0.9220 -0.0040
vn -0.3868 -0.9221 -0.0038
vn 0.4704 -0.5266 -0.7081
vn -0.6834 -0.7301 -0.0000
vn -0.9526 0.3042 -0.0000
vn -0.6967 0.1091 -0.7090
vn -0.3511 0.9363 -0.0000
vn 0.7860 -0.6183 0.0045
vn 0.8480 -0.5268 -0.0578
vn 0.7860 -0.6182 0.0047
vn 0.6815 -0.1854 -0.7080
vn 0.6286 -0.7777 -0.0059
vn 0.9652 -0.2617 -0.0000
vn -0.4813 -0.8764 -0.0153
vn -0.4814 -0.8764 -0.0138
vn -0.7177 -0.0392 -0.6952
vn -0.9900 0.1412 -0.0011
vn -0.7215 0.0463 -0.6908
vn 0.0794 0.7047 -0.7050
vn -0.6054 -0.3628 -0.7084
vn -0.6264 -0.3254 0.7083
vn -0.1432 -0.7790 0.6105
vn -0.6054 -0.3628 0.7084
vn -0.1431 -0.7792 0.6103
vn 0.7859 -0.6183 -0.0047
vn 0.7859 -0.6183 -0.0048
vn 0.7858 -0.6184 0.0050
vn 0.7858 -0.6184 0.0049
vn 0.6847 0.1890 -0.7039
vn 0.6479 0.2803 -0.7083
vn 0.2221 -0.9405 -0.2572
vn -0.4761 0.8793 -0.0129
vn -0.7224 0.0466 0.6899
vn -0.5947 -0.3800 -0.7084
vn -0.3238 0.6224 0.7126
vn -0.6360 -0.7472 -0.1931
vn 0.6005 -0.7996 -0.0000
vn 0.6981 -0.0675 -0.7128
vn 1.0000 -0.0043 -0.0000
vn 0.7067 -0.0031 0.7075
vn 0.9891 0.1475 -0.0000
vn -0.5961 -0.3616 -0.7169
vn 0.5348 0.4604 0.7085
vn -0.7410 -0.0939 -0.6649
vn -0.7670 -0.6416 -0.0000
vn -0.9265 -0.3763 -0.0000
vn -0.5063 -0.4925 0.7079
vn -0.1360 0.6934 0.7076
vn -0.0136 0.7039 0.7102
vn 0.7242 -0.6896 -0.0000
vn -0.4819 -0.8761 0.0140
vn -0.4803 -0.8769 0.0158
vn 0.5563 0.3017 -0.7743
vn 0.7071 0.0267 -0.7066
vn 0.5675 -0.8193 0.0817
vn 0.5673 -0.8194 0.0822
vn -0.6954 0.1089 0.7103
vn -0.9887 0.1498 -0.0000
vn -0.6603 0.2510 -0.7078
vn -0.8841 0.4670 -0.0174
vn -0.8863 0.4627 -0.0196
vn -0.3844 -0.4807 0.7881
vn -0.2964 -0.9551 -0.0000
vn -0.0847 0.6989 -0.7102
vn -0.2864 0.6494 -0.7044
vn 0.3924 0.5881 0.7073
vn 0.5517 0.8340 -0.0000
vn 0.9319 0.3628 -0.0000
vn 0.9663 -0.2573 -0.0112
vn 0.7787 -0.6274 -0.0001
vn -0.9988 -0.0488 -0.0000
vn -0.6711 -0.2205 0.7078
vn -0.7028 -0.0345 0.7106
vn 0.0431 -0.7036 -0.7093
vn 0.2158 -0.6727 -0.7077
vn -0.1840 -0.6819 -0.7079
vn 0.0021 -1.0000 -0.0000
vn 0.7091 -0.7051 -0.0040
vn 0.6125 -0.3515 -0.7080
vn 0.5192 -0.4787 -0.7080
vn 0.7067 0.0040 0.7075
vn 0.4105 -0.3899 0.8243
vn -0.5950 0.8037 -0.0000
vn -0.5506 0.4422 -0.7081
vn -0.4175 0.5697 -0.7079
vn 0.8785 0.4777 -0.0000
vn 0.5220 0.4761 0.7077
vn 0.5255 0.4665 0.7115
vn -0.7557 -0.1354 -0.6407
vn 0.6843 0.1883 0.7045
vn -0.9160 0.4011 -0.0001
vn -0.9538 -0.3004 -0.0000
vn -0.8963 -0.4434 -0.0000
vn -0.6734 -0.2119 0.7083
vn 0.5264 0.8503 -0.0000
vn 0.9448 -0.3084 -0.1104
vn 0.8619 -0.5070 0.0052
vn 0.6516 -0.2726 -0.7079
vn 0.3853 0.5931 -0.7070
vn 0.3924 0.5881 -0.7073
vn 0.3849 0.5932 -0.7071
vn -0.7072 0.7070 0.0064
vn -0.4085 0.5706 -0.7125
vn -0.0934 0.7001 0.7079
vn 0.3428 -0.9394 -0.0000
vn 0.5002 -0.8659 -0.0000
vn 0.3504 -0.6065 -0.7138
vn -0.4101 -0.3887 -0.8251
vn 0.5133 0.4853 0.7078
vn -0.0855 -0.6978 -0.7111
vn 0.9615 0.2748 -0.0000
vn 0.3807 -0.5948 0.7080
vn -0.0842 0.9964 -0.0000
vn 0.0574 0.6995 -0.7123
vn -0.0597 0.7043 -0.7074
vn 0.6976 0.1082 -0.7083
vn 0.9882 0.1532 -0.0000
vn 0.7007 -0.0096 -0.7134
vn 0.2897 0.6386 0.7129
vn 0.0824 0.7070 0.7024
vn -0.2018 0.6739 0.7107
vn -0.9893 -0.1457 -0.0025
vn -0.6954 0.1089 -0.7103
vn -0.9887 0.1496 -0.0000
vn 0.3072 -0.9516 -0.0000
vn 0.2167 -0.6698 0.7102
vn 0.3896 -0.5893 0.7077
vn -0.4797 0.8773 0.0153
vn -0.4769 0.8789 0.0121
vn 0.2165 0.8347 0.5063
vn 0.3040 0.9527 0.0001
vn 0.3490 0.9371 -0.0000
vn 0.8931 -0.4395 -0.0957
vn 0.9445 -0.3107 0.1066
vn 0.6075 0.3553 0.7104
vn 0.9765 0.2154 -0.0000
vn 0.8609 0.5087 -0.0000
vn 0.3964 -0.5845 -0.7080
vn -0.4223 0.9064 -0.0000
vn -0.2935 0.6389 -0.7111
vn -0.4019 0.5817 -0.7071
vn 0.4582 -0.8882 0.0341
vn -0.3930 0.4607 -0.7959
vn -0.4739 -0.5310 0.7025
vn 0.3816 0.4866 0.7859
vn 0.4369 0.4679 0.7682
vn 0.7297 0.0359 -0.6828
vn -0.9160 0.4011 0.0001
vn -0.9667 0.2558 0.0090
vn 0.3504 -0.6065 0.7138
vn 0.1021 -0.6990 -0.7078
vn -0.0917 -0.7009 -0.7074
vn 0.4058 -0.9138 -0.0158
vn -0.1359 0.6934 -0.7076
vn 0.4324 0.5541 0.7114
vn 0.5077 0.8615 -0.0064
vn -0.7361 -0.6768 -0.0000
vn -0.6290 -0.3152 0.7106
vn -0.3929 0.4607 -0.7959
vn -0.8887 -0.4585 -0.0000
vn -0.2328 0.6632 -0.7113
vn -0.6019 0.7986 -0.0000
vn -0.4254 0.5638 -0.7080
vn -0.4254 0.5638 0.7080
vn -0.7839 0.6209 -0.0000
vn -0.9101 0.4143 -0.0000
vn -0.5558 0.4355 0.7081
vn -0.6409 0.2911 0.7103
vn 0.5501 0.8351 -0.0000
vn 0.4099 0.9121 -0.0000
vn 0.2920 0.6402 -0.7106
vn -0.9998 0.0177 -0.0000
vn -0.7069 0.0125 -0.7072
vn 0.1106 -0.6981 -0.7074
vn 0.0093 -0.7044 -0.7097
vn -0.6739 0.2019 -0.7107
vn -0.3918 -0.5897 0.7062
vn -0.1181 0.6967 0.7076
vn 0.6655 0.7464 -0.0000
vn 0.2933 0.6422 -0.7082
vn 0.4156 0.9095 -0.0000
vn -0.6290 -0.3152 -0.7106
vn -0.7360 -0.6770 -0.0000
vn 0.6976 0.1081 0.7083
vn 0.7007 -0.0096 0.7134
vn 0.4092 0.5752 -0.7083
vn -0.6733 -0.2120 0.7083
vn -0.6963 -0.1028 0.7103
vn -0.3112 -0.6306 0.7110
vn -0.2175 -0.9760 0.0096
vn 0.2116 -0.9774 -0.0000
vn 0.9049 -0.4257 -0.0000
vn -0.6039 -0.7971 -0.0000
vn 0.0805 0.7051 -0.7046
vn 0.0934 0.7001 0.7079
vn -0.4311 -0.5595 0.7078
vn -0.6479 -0.7617 -0.0000
vn -0.4581 -0.5385 0.7072
vn 0.6455 0.2867 0.7079
vn 0.5510 0.4419 0.7079
vn 0.8081 0.5867 -0.0520
vn 0.8103 0.5832 -0.0567
vn -0.0576 0.7159 0.6958
vn -0.3165 -0.6198 -0.7181
vn -0.8741 -0.4858 -0.0000
vn 0.2036 0.6760 -0.7082
vn 0.0807 0.7050 0.7046
vn 0.5679 0.3022 0.7656
vn -0.3593 -0.9027 -0.2367
vn 0.6591 -0.2540 0.7079
vn 0.2727 0.6516 0.7079
vn 0.7993 0.6009 0.0003
vn 0.9267 0.3758 -0.0038
vn 0.9266 0.3760 -0.0039
vn -0.4311 -0.5596 0.7078
vn -0.3608 0.6042 0.7105
vn 0.5691 0.4183 -0.7079
vn 0.6582 0.2568 -0.7077
vn -0.4917 0.5026 -0.7111
vn -0.6994 0.7147 -0.0000
vn -0.0545 0.7062 -0.7059
vn 0.8106 0.5829 0.0561
vn 0.8082 0.5866 0.0517
vn -0.2433 -0.9699 -0.0005
vn 0.4669 -0.7005 0.5397
vn -0.3795 0.8096 -0.4478
vn 0.6840 0.1801 0.7069
vn 0.0132 0.9975 -0.0701
vn 0.4055 -0.9139 0.0156
vn 0.4056 -0.9139 0.0155
vn 0.4311 0.5596 -0.7078
vn -0.4478 -0.3950 0.8022
vn 0.6767 0.1934 -0.7104
vn -0.7014 0.0845 0.7078
vn -0.5257 -0.8497 0.0399
vn -0.0875 0.7174 0.6912
vn -0.4954 0.4988 0.7112
vn -0.4918 0.5037 0.7102
vn 0.8554 -0.5180 -0.0000
vn 0.6037 -0.3656 -0.7085
vn 0.2002 0.6751 0.7101
vn 0.2036 0.6760 0.7082
vn 0.6351 -0.2458 0.7323
vn -0.6437 -0.7652 0.0098
vn -0.0630 0.7095 0.7019
vn -0.5718 -0.4105 -0.7103
vn -0.5910 -0.7636 0.2602
vn 0.9090 0.4161 -0.0233
vn -0.3870 -0.9221 -0.0039
vn -0.3869 -0.9221 -0.0038
vn -0.0830 0.7169 0.6922
vn 0.2738 0.6470 0.7116
vn 0.2646 0.9643 -0.0065
vn 0.0729 0.6977 0.7126
vn -0.1228 -0.9924 -0.0000
vn -0.0855 -0.6978 0.7111
vn 0.0378 -0.7066 0.7066
vn 0.7479 0.6638 -0.0000
vn -0.7220 0.0457 0.6904
vn -0.2775 0.9607 -0.0079
vn -0.4763 0.8792 0.0127
vn 0.7861 -0.6181 -0.0043
vn 0.8625 -0.5060 -0.0103
vn 0.7867 -0.6173 -0.0037
vn 0.9437 -0.3132 0.1062
vn 0.5265 0.8502 -0.0000
vn 0.8923 -0.4513 -0.0123
vn -0.4774 0.8786 0.0140
vn -0.7331 0.0441 -0.6787
vn 0.9664 0.2570 -0.0063
vn 0.6500 0.2669 0.7115
vn 0.4683 -0.6993 0.5401
vn -0.4761 0.8793 -0.0128
vn -0.7223 0.0463 0.6900
vn -0.6871 -0.1463 0.7117
vn 0.9972 0.0752 -0.0000
vn 0.7297 0.0358 -0.6828
vn -0.7841 0.6206 -0.0000
vn 0.5676 0.3052 0.7646
vn 0.3598 -0.9330 -0.0000
vn 0.8842 0.4670 -0.0000
vn 0.9662 -0.2577 -0.0108
vn -0.4917 0.5026 0.7111
vn 0.7392 0.6735 -0.0000
vn 0.0617 0.7315 -0.6790
vn -0.8030 0.5960 -0.0000
vn -0.2917 0.6431 0.7080
vn -0.6179 -0.2675 -0.7393
vn 0.2765 0.6500 -0.7079
vn -0.7576 0.6527 -0.0014
vn 0.6808 -0.1892 0.7076
vn -0.7092 -0.0146 -0.7049
vn -0.4066 -0.5769 0.7085
vn -0.0685 0.6991 0.7117
vn -0.0969 0.9953 -0.0000
vn -0.1733 -0.6848 0.7078
vn 0.5293 -0.4852 0.6960
vn 0.4011 0.5823 0.7071
vn 0.5673 0.8235 -0.0000
vn -0.6700 0.7424 -0.0000
vn -0.4730 0.5243 -0.7081
vn 0.6480 -0.4308 0.6281
vn -0.5914 -0.7660 0.2520
vn -0.0631 0.7095 0.7018
vn -0.6544 -0.2659 0.7079
vn -0.6860 -0.1578 -0.7103
vn -0.6194 -0.3397 0.7078
vn -0.6193 -0.3399 0.7077
vn -0.4539 -0.8911 -0.0000
vn -0.3182 -0.6247 0.7131
vn -0.1524 -0.9883 -0.0000
vn -0.1105 -0.6951 0.7104
vn 0.3985 -0.5827 0.7082
vn 0.4810 -0.5136 0.7106
vn 0.5645 -0.8254 -0.0000
vn 0.2967 0.6442 -0.7050
vn -0.7604 0.6494 -0.0030
vn -0.5968 -0.3538 0.7202
vn -0.3917 -0.5897 0.7063
vn -0.5553 -0.8317 -0.0000
vn -0.2565 -0.6579 0.7081
vn 0.6940 -0.1271 0.7086
vn -0.5774 0.4070 -0.7079
vn 0.6856 0.1593 -0.7104
vn 0.8724 0.4889 -0.0000
vn 0.6164 0.3449 -0.7079
vn 0.6162 0.3456 0.7077
vn 0.6163 0.3453 -0.7078
vn 0.2036 0.6761 -0.7082
vn -0.1293 0.9916 -0.0000
vn -0.5432 0.8396 -0.0000
vn -0.7001 0.1013 0.7068
vn 0.0916 0.7005 -0.7077
vn 0.5679 0.3021 -0.7657
vn -0.5967 -0.3539 -0.7202
vn -0.1529 0.9232 -0.3525
vn 0.6845 0.1903 0.7037
vn -0.9918 0.1276 -0.0000
vn 0.0328 0.9995 -0.0000
vn 0.0232 0.7067 -0.7072
vn -0.8556 -0.5177 -0.0000
vn 0.6847 0.1895 -0.7038
vn 0.4056 -0.9139 0.0157
vn 0.4059 -0.9138 -0.0153
vn 0.6842 0.1932 0.7033
vn -0.5931 -0.3578 -0.7213
vn -0.7573 0.6531 -0.0020
vn -0.7604 0.6495 0.0025
vn -0.4740 -0.5312 -0.7022
vn -0.8988 0.4384 -0.0025
vn -0.8970 0.4419 0.0067
vn -0.4739 -0.5314 0.7022
vn 0.0934 0.7001 -0.7079
vn 0.4668 -0.7008 0.5394
vn -0.3312 0.9436 -0.0000
vn 0.6932 -0.1172 0.7111
vn 0.6365 -0.3066 0.7077
vn 0.6843 0.1920 0.7035
vn -0.4893 -0.8721 -0.0054
vn -0.3181 -0.6247 -0.7131
vn -0.6772 0.2017 0.7076
vn -0.3806 0.6085 0.6964
vn -0.1867 0.6795 -0.7095
vn 0.9091 0.4158 -0.0237
vn 0.9091 0.4160 0.0232
vn -0.6617 0.2367 -0.7115
vn -0.4912 0.5028 -0.7113
vn -0.2920 -0.9564 -0.0000
vn 0.7121 0.7020 -0.0063
vn -0.3742 -0.9271 0.0196
vn -0.3749 -0.9269 0.0190
vn 0.2422 0.9702 -0.0000
vn 0.5086 0.8610 -0.0000
vn 0.3970 -0.4497 0.8001
vn 0.6924 0.1391 -0.7080
vn 0.4664 -0.8842 0.0241
vn 0.9675 0.2527 -0.0000
vn -0.3368 0.6214 0.7074
vn -0.4778 0.8784 -0.0000
vn -0.6055 -0.3628 -0.7084
vn 0.2093 -0.9401 0.2690
vn -0.6055 -0.3628 0.7084
vn -0.1435 -0.7787 0.6107
vn 0.7847 -0.6198 -0.0065
vn 0.7847 -0.6198 -0.0064
vn 0.7777 0.6286 -0.0000
vn 0.5490 0.4438 -0.7083
vn 0.7851 -0.6194 0.0060
vn 0.7850 -0.6194 0.0060
vn -0.1433 -0.7788 -0.6107
vn -0.2125 -0.6732 -0.7083
vn -0.4538 -0.8911 -0.0000
vn 0.9662 -0.2576 0.0110
vn -0.0669 -0.7044 0.7067
vn -0.2471 0.6581 -0.7112
vn 0.7788 -0.6273 0.0001
vn 0.9662 -0.2577 -0.0109
vn -0.5239 0.4748 -0.7072
vn 0.3551 -0.6131 -0.7057
vn 0.0349 -0.7066 0.7067
vn 0.1744 -0.6787 0.7134
vn 0.9267 0.3759 0.0038
vn -0.9913 0.1316 0.0011
vn 0.3584 -0.9336 -0.0000
vn -0.3593 -0.9027 0.2367
vn -0.1585 -0.3452 0.9251
vn -0.4173 -0.9088 -0.0000
vn 0.2955 0.6445 -0.7052
vn -0.5958 -0.3562 0.7198
vn -0.1323 0.6900 0.7116
vn 0.4681 -0.6988 -0.5409
vn -0.0597 0.7043 0.7074
vn 0.6922 0.1472 0.7065
vn 0.7287 -0.0171 0.6847
vn 0.6958 0.0888 -0.7127
vn 0.8473 0.5311 -0.0000
vn 0.4698 0.5270 0.7082
vn 0.5984 0.3750 0.7080
vn -0.0008 0.7070 0.7073
vn 0.5630 0.3144 0.7643
vn 0.8814 0.4724 -0.0000
vn 0.4698 0.5270 -0.7082
vn 0.5984 0.3750 -0.7080
vn 0.6847 0.1894 -0.7038
vn 0.4947 0.8690 -0.0000
vn 0.3000 0.6428 0.7048
vn 0.5403 0.4503 0.7109
vn -0.3963 -0.4516 0.7994
vn -0.4984 -0.4086 0.7646
vn -0.7254 0.0339 0.6874
vn -0.6050 0.3644 -0.7080
vn 0.4874 0.5076 -0.7105
vn 0.6926 0.7214 -0.0000
vn 0.4874 0.5076 0.7105
vn 0.5490 0.4438 0.7083
vn -0.8932 0.4492 -0.0190
vn 0.0136 0.7176 0.6963
vn 0.4141 -0.3814 0.8265
vn 0.7308 -0.6826 -0.0000
vn 0.6921 0.1470 0.7066
vn 0.7286 -0.0171 0.6847
vn 0.9799 -0.1393 -0.1431
vn 0.9799 -0.1394 -0.1429
vn -0.7069 0.0125 0.7072
vn -0.4966 -0.4345 0.7514
vn 0.4054 -0.9140 0.0158
vn 0.3786 0.5961 0.7080
vn -0.7589 0.6512 0.0008
vn 0.0810 0.7051 0.7044
vn 0.3613 0.6093 -0.7058
vn 0.7187 -0.0967 -0.6886
vn 0.2318 -0.6640 -0.7109
vn 0.6075 0.3553 -0.7104
vn 0.5290 -0.4866 0.6952
vn 0.0013 0.7045 -0.7097
vn -0.0300 0.9995 -0.0094
vn 0.1176 0.9930 0.0061
vn 0.3584 0.6087 0.7079
vn -0.6570 0.2527 -0.7102
vn -0.8830 0.4694 -0.0000
vn 0.5380 -0.8429 -0.0000
vn 0.2158 -0.6728 0.7077
vn 0.0810 0.7050 -0.7045
vn 0.9090 0.4160 -0.0234
vn -0.1409 -0.6924 0.7076
vn -0.5877 -0.7672 0.2567
vn 0.9091 0.4159 -0.0240
vn -0.6452 -0.7640 0.0004
vn 0.4682 -0.6987 0.5409
vn 0.6849 -0.1729 -0.7079
vn 0.9731 -0.2305 0.0007
vn -0.3872 -0.9220 0.0039
vn -0.3866 -0.9222 0.0033
vn -0.0695 -0.7137 0.6970
vn 0.9443 -0.3108 0.1082
vn 0.4078 -0.9129 -0.0154
vn 0.6842 0.1785 0.7071
vn -0.7063 -0.0109 -0.7078
vn -0.6840 -0.1582 0.7121
vn -0.3776 0.5976 0.7073
vn -0.5961 -0.3778 -0.7084
vn -0.4781 -0.5158 -0.7109
vn -0.7729 -0.6346 -0.0000
vn 0.5348 0.4603 -0.7086
vn 0.0378 -0.7066 -0.7066
vn 0.0535 -0.9986 -0.0000
vn 0.2658 -0.9640 -0.0000
vn -0.5559 0.4354 -0.7081
vn -0.5892 -0.7660 -0.2573
vn 0.6364 -0.3004 0.7105
vn 0.7252 -0.6885 -0.0000
vn 0.5099 -0.4838 0.7113
vn -0.4422 -0.5475 0.7104
vn -0.2908 -0.6407 0.7106
vn -0.0834 0.7139 0.6953
vn -0.5460 -0.8364 0.0472
vn 0.6158 0.7879 -0.0000
vn -0.5460 -0.8364 -0.0473
vn -0.7008 0.0871 0.7081
vn -0.6570 0.2528 0.7102
vn 0.7298 0.0355 0.6827
vn -0.5645 0.4205 0.7103
vn -0.8048 0.5936 -0.0000
vn -0.0628 -0.6840 0.7268
vn 0.9436 -0.3140 0.1052
vn 0.9435 -0.3143 0.1054
vn -0.1361 0.6934 -0.7076
vn 0.6964 -0.1468 -0.7025
vn 0.6365 -0.3067 -0.7077
vn -0.6289 -0.3212 0.7080
vn -0.8907 -0.4546 -0.0000
vn 0.5563 0.3017 0.7743
vn -0.4966 -0.4344 0.7514
vn -0.1417 -0.6913 0.7085
vn -0.1417 -0.6913 -0.7085
vn 0.9077 -0.4167 0.0499
vn -0.2007 -0.9797 -0.0000
vn -0.9103 0.4139 -0.0000
vn -0.5559 0.4355 0.7081
vn 0.6126 -0.3515 0.7080
vn -0.4101 -0.3887 0.8251
vn 0.3053 -0.9522 -0.0000
vn 0.2158 -0.6728 -0.7077
vn 0.5380 -0.8430 -0.0000
vn 0.9439 -0.3128 -0.1061
vn 0.8398 -0.5430 -0.0001
vn -0.3427 0.6178 0.7077
vn -0.4471 -0.8944 0.0071
vn -0.4493 -0.8933 0.0089
vn 0.9667 0.2559 -0.0001
vn 0.6210 0.3358 -0.7082
vn 0.6821 0.1819 -0.7082
vn 0.5409 -0.4544 0.7078
vn 0.3964 -0.5845 0.7080
vn 0.3923 0.5881 0.7073
vn -0.5128 0.8585 -0.0000
vn -0.9892 0.1464 -0.0000
vn -0.2775 0.9607 -0.0080
vn 0.3853 0.5931 0.7070
vn -0.0455 0.7057 0.7071
vn -0.6962 0.1024 0.7105
vn 0.9438 -0.3128 -0.1062
vn -0.0670 -0.7044 -0.7066
vn -0.6099 -0.7924 -0.0001
vn -0.7538 -0.1340 0.6433
vn -0.7813 -0.6242 -0.0000
vn 0.4055 -0.9140 -0.0158
vn 0.6847 0.1895 0.7038
vn 0.2100 -0.9401 0.2685
vn 0.6038 -0.3653 0.7085
vn 0.5354 -0.4561 0.7109
vn 0.1529 0.9882 -0.0000
vn -0.3043 -0.9526 -0.0000
vn -0.4377 -0.8991 -0.0000
vn -0.1253 -0.9921 -0.0000
vn 0.9077 -0.4167 0.0497
vn -0.3929 0.4607 0.7959
vn 0.1885 -0.6806 -0.7080
vn 0.0016 -0.7063 -0.7079
vn 0.1180 -0.6968 -0.7075
vn 0.2167 -0.6698 -0.7102
vn 0.1665 -0.9860 -0.0000
vn 0.6922 0.1471 -0.7066
vn 0.7286 -0.0172 -0.6847
vn -0.6617 0.2363 0.7116
vn 0.5293 -0.4863 -0.6953
vn 0.4078 -0.9130 0.0153
vn 0.4077 -0.9130 0.0156
vn 0.6189 -0.3404 0.7079
vn 0.8759 -0.4824 -0.0000
vn -0.4255 0.5637 -0.7080
vn -0.5559 0.4355 -0.7081
vn -0.6736 0.2114 0.7082
vn -0.9540 0.2997 -0.0000
vn -0.6824 0.1821 0.7079
vn -0.7064 0.0028 0.7078
vn -0.0661 -0.7041 0.7070
vn 0.4639 -0.8856 0.0243
vn 0.4641 -0.8855 0.0241
vn -0.0788 -0.7021 0.7077
vn -0.4191 0.3390 0.8423
vn -0.6945 -0.1497 0.7037
vn 0.0949 -0.9951 -0.0264
vn 0.6543 -0.2483 -0.7143
vn 0.6940 -0.1272 -0.7086
vn -0.5204 -0.4777 -0.7078
vn -0.5532 -0.3031 -0.7759
vn -0.6963 -0.1029 -0.7103
vn -0.6734 -0.2119 -0.7083
vn -0.6175 -0.3430 -0.7079
vn -0.9692 -0.2463 -0.0000
vn 0.5444 -0.8372 -0.0531
vn 0.7026 0.0241 0.7112
vn 0.6940 -0.1272 0.7086
vn 0.6542 -0.2483 0.7144
vn -0.5941 -0.8044 -0.0000
vn -0.5203 -0.4777 -0.7078
vn 0.6920 0.1496 0.7063
vn 0.4639 -0.8856 -0.0243
vn 0.4646 -0.8852 -0.0234
vn -0.3593 -0.9028 -0.2366
vn -0.0492 -0.7056 -0.7069
vn -0.3387 0.6129 0.7138
vn 0.0046 -0.7065 0.7077
vn 0.5763 -0.8172 -0.0000
vn 0.2205 -0.6689 -0.7099
vn 0.4093 -0.5813 -0.7033
vn -0.6544 -0.2659 -0.7079
vn -0.4082 -0.4083 0.8165
vn -0.4080 -0.4051 0.8182
vn 0.7995 -0.6007 -0.0000
vn 0.6845 0.1907 -0.7037
vn 0.4055 -0.9140 0.0155
vn 0.0972 -0.6996 -0.7079
vn -0.5307 -0.4661 -0.7079
vn -0.7072 -0.7071 -0.0000
vn 0.6856 0.1593 -0.7103
vn 0.6856 0.1593 0.7104
vn -0.7224 0.0466 -0.6899
vn -0.6871 -0.1463 -0.7116
vn -0.7113 -0.0009 -0.7029
vn -0.6412 -0.7420 0.1955
vn 0.6845 0.1905 -0.7037
vn 0.3097 -0.6373 0.7056
vn -0.8462 -0.5327 -0.0105
vn -0.4688 0.5247 -0.7106
vn -0.6050 0.3642 -0.7080
vn 0.4444 0.3960 -0.8036
vn -0.4780 0.8783 -0.0141
vn -0.4765 0.8791 -0.0123
vn -0.7221 0.0459 0.6902
vn -0.1181 0.6967 -0.7076
vn -0.5204 -0.4777 0.7078
vn -0.4100 -0.3895 -0.8247
vn -0.7538 0.6571 -0.0000
vn -0.4555 0.3930 -0.7987
vn -0.4100 -0.3895 0.8247
vn -0.6981 -0.7160 -0.0000
vn 0.2041 -0.6690 -0.7147
vn 0.0561 -0.7054 -0.7066
vn 0.3126 -0.9494 -0.0291
vn 0.5520 -0.8338 -0.0000
vn -0.0978 0.6993 0.7081
vn -0.2232 0.6651 0.7126
vn 0.9673 0.2537 -0.0000
vn 0.2936 0.6450 -0.7056
vn 0.5344 0.4605 -0.7088
vn -0.5889 -0.3698 0.7186
vn 0.0808 0.7051 -0.7045
vn 1.0000 0.0039 -0.0000
vn 0.9694 -0.2454 -0.0000
vn 0.7067 -0.0031 -0.7075
vn -0.6050 0.3644 0.7080
vn -0.3745 -0.9270 -0.0189
vn 0.2765 0.6500 0.7079
vn -0.0612 -0.6771 0.7334
vn 0.9442 -0.3111 0.1081
vn -0.5596 0.4311 0.7078
vn -0.6263 -0.3256 -0.7083
vn -0.1440 -0.7778 0.6118
vn -0.6263 -0.3256 0.7083
vn 0.7863 -0.6178 -0.0039
vn 0.9047 -0.4236 -0.0451
vn 0.7869 -0.6171 -0.0031
vn 0.7867 -0.6173 -0.0026
vn 0.9445 -0.3096 -0.1095
vn -0.0661 -0.7043 -0.7068
vn 0.8829 -0.4694 -0.0094
vn 0.6231 0.3313 -0.7085
vn 0.5197 0.4777 -0.7083
vn 0.6192 0.3384 -0.7085
vn -0.6234 0.3314 0.7082
vn 0.5676 0.3052 -0.7646
vn 0.4682 -0.6987 -0.5409
vn -0.6995 0.0944 -0.7083
vn -0.1358 -0.3267 -0.9353
vn -0.3610 -0.9022 -0.2360
vn -0.4780 0.3833 0.7903
vn -0.0978 0.6993 -0.7081
vn 0.6070 0.3610 0.7080
vn -0.3745 -0.9270 -0.0192
vn -0.6958 -0.1060 -0.7104
vn -0.4776 0.8786 -0.0000
vn 0.0717 0.6991 -0.7114
vn -0.6963 -0.1029 0.7103
vn -0.5969 -0.3527 -0.7207
vn 0.6843 0.1904 0.7039
vn -0.2018 0.6739 -0.7107
vn 0.6797 0.1787 -0.7113
vn 0.0641 0.9979 -0.0000
vn 0.0453 0.7062 -0.7066
vn 0.1176 -0.6969 -0.7074
vn 0.1664 -0.9861 -0.0000
vn -0.2061 -0.6799 0.7037
vn 0.4730 0.5209 0.7106
vn -0.6967 0.1091 0.7090
vn 0.5392 0.8025 -0.2554
vn -0.1585 -0.3452 0.9250
vn 0.8242 0.5662 0.0138
vn 0.9448 -0.3086 -0.1103
vn -0.0674 -0.7044 -0.7066
vn 0.6482 0.2796 0.7083
vn -0.6570 0.2527 0.7102
vn 0.7130 0.0202 -0.7009
vn 0.4054 -0.9140 0.0155
vn 0.4058 -0.9138 0.0154
vn 0.2803 0.6349 0.7200
vn -0.3580 -0.6088 -0.7079
vn -0.5063 -0.4924 -0.7079
vn -0.3166 -0.6198 0.7181
vn 0.5219 0.4761 -0.7077
vn 0.1588 0.6861 0.7100
vn 0.4403 0.3973 -0.8052
vn -0.2935 0.6389 0.7111
vn -0.0992 0.9951 -0.0000
vn 0.4104 -0.3911 0.8238
vn 0.4404 0.3972 0.8052
vn 0.0453 0.7062 0.7066
vn -0.1111 0.9938 -0.0000
vn -0.6339 -0.7734 -0.0000
vn 0.3000 0.6430 -0.7046
vn 0.5348 0.4601 -0.7087
vn -0.5983 -0.3511 0.7203
vn -0.2778 0.6493 0.7079
vn -0.3894 0.9211 -0.0000
vn -0.4777 0.8784 0.0139
vn -0.7274 0.0447 -0.6848
vn -0.4760 0.8793 0.0120
vn -0.6833 -0.7301 -0.0001
vn -0.6510 -0.2694 0.7097
vn -0.5205 -0.4725 0.7112
vn 0.3766 0.9264 -0.0000
vn -0.5087 -0.4896 -0.7082
vn -0.2401 0.5111 -0.8253
vn 0.6189 -0.3404 -0.7079
vn 0.8761 -0.4821 -0.0000
vn -0.4422 -0.5475 -0.7104
vn -0.2908 -0.6407 -0.7106
vn 0.6849 -0.1729 0.7079
vn -0.3812 -0.9245 0.0012
vn -0.0006 -1.0000 0.0001
vn -0.9893 0.1456 -0.0000
vn -0.6472 -0.7624 0.0004
vn 0.4054 -0.9140 -0.0155
vn -0.2006 -0.9797 -0.0000
vn -0.1416 -0.6913 -0.7085
vn 0.1903 -0.6714 0.7162
vn -0.5506 0.4422 0.7081
vn -0.4175 0.5697 0.7079
vn -0.0273 -0.9994 -0.0218
vn -0.2589 -0.8794 0.3995
vn -0.5258 -0.8498 -0.0363
vn -0.0158 -0.9997 0.0171
vn -0.3787 0.9255 -0.0001
vn -0.0000 -0.0000 -0.0000
vn 0.4681 -0.6989 -0.5407
vn -0.3953 -0.5805 -0.7119
vn -0.1890 -0.6802 -0.7082
vn 0.8789 0.4770 0.0001
vn 0.5219 0.4761 0.7077
vn -0.5767 -0.4016 0.7114
vn -0.7028 -0.0345 -0.7106
vn -0.9947 0.1026 -0.0000
vn -0.6516 0.2727 0.7079
vn -0.5980 0.3761 -0.7078
vn -0.1738 0.6845 -0.7080
vn -0.0086 0.7064 -0.7078
vn -0.9336 0.3584 -0.0000
vn -0.5518 0.4406 0.7081
vn -0.7789 0.6271 -0.0000
vn 0.5074 0.8617 -0.0000
vn -0.1812 0.6793 0.7112
vn 0.5954 0.3795 -0.7082
vn 0.6815 0.1736 -0.7109
vn 0.0930 -0.7003 -0.7078
vn 0.3102 -0.6301 -0.7119
vn 0.6071 0.5244 -0.5971
vn 0.6834 0.0050 -0.7300
vn 0.2205 -0.6689 0.7099
vn 0.4093 -0.5813 0.7033
vn 0.2920 0.6402 0.7106
vn 0.4267 -0.4453 0.7872
vn -0.4309 0.4488 0.7829
vn -0.6949 0.1228 0.7086
vn 0.7040 0.0617 0.7075
vn 0.7025 -0.0429 0.7104
vn 0.6479 0.2803 -0.7082
vn 0.0534 0.5882 0.8070
vn 0.5831 -0.0310 0.8118
vn 0.3633 -0.6057 -0.7079
vn 0.5099 -0.4888 -0.7079
vn 0.5831 -0.0310 -0.8118
vn -0.0778 0.6991 0.7108
vn -0.4581 -0.5386 -0.7072
vn 0.3807 -0.5948 -0.7080
vn -0.5017 -0.4981 0.7072
vn 0.4661 -0.8844 -0.0241
vn 0.6924 0.1391 0.7080
vn 0.4577 0.3916 0.7982
vn 0.7596 -0.1652 0.6291
vn 0.9431 -0.3160 -0.1030
vn -0.0693 -0.7047 -0.7062
vn 0.9428 -0.3168 -0.1037
vn -0.3295 -0.6175 0.7143
vn 0.9426 -0.3182 0.1009
vn 0.9424 -0.3187 0.1016
vn -0.1547 -0.9880 -0.0000
vn 0.1311 -0.9914 -0.0000
vn -0.1738 0.6845 0.7080
vn -0.0086 0.7064 0.7078
vn -0.0011 1.0000 -0.0000
vn -0.3610 0.6067 0.7082
vn -0.5114 0.8593 -0.0000
vn -0.4299 0.5575 0.7102
vn 0.2262 0.4855 -0.8444
vn 0.4425 0.5499 0.7084
vn 0.3124 0.6236 0.7166
vn 0.3514 -0.6152 -0.7057
vn -0.4740 -0.5317 0.7019
vn -0.8986 0.4388 0.0033
vn 0.6843 0.1916 0.7035
vn 0.2967 0.6440 0.7052
vn -0.7558 0.6548 -0.0000
vn -0.3747 -0.9270 -0.0189
vn 0.6846 0.1894 0.7039
vn 0.4059 -0.9138 -0.0154
vn 0.6364 -0.3004 -0.7105
vn 0.5099 -0.4838 -0.7113
vn -0.2098 -0.6760 0.7064
vn -0.0797 -0.6966 0.7130
vn -0.5203 -0.4777 0.7078
vn 0.5354 -0.4561 -0.7108
vn 0.9092 0.4157 -0.0237
vn 0.9091 0.4160 0.0235
vn -0.3746 -0.9270 -0.0191
vn 0.7022 0.0316 -0.7113
vn -0.3810 -0.9246 -0.0016
vn 0.5952 -0.3802 -0.7079
vn -0.6840 -0.1582 -0.7121
vn 0.6192 0.3385 0.7085
vn 0.6108 0.3428 0.7138
vn -0.4797 0.8773 -0.0150
vn -0.4771 0.8788 -0.0121
vn -0.6264 -0.3251 -0.7084
vn 0.7863 -0.6179 0.0041
vn 0.7863 -0.6178 0.0041
vn -0.3594 -0.6084 0.7076
vn 0.7864 -0.6177 -0.0041
vn 0.7861 -0.6181 -0.0045
vn 0.7477 0.6640 -0.0000
vn 0.8809 -0.4729 0.0199
vn -0.4462 -0.5245 -0.7252
vn -0.7049 0.0592 -0.7068
vn -0.6364 -0.7713 -0.0001
vn -0.8055 -0.5925 -0.0102
vn -0.0632 0.7094 -0.7019
vn 0.6821 0.1818 0.7083
vn 0.6959 0.1036 0.7106
vn 0.1180 -0.6968 0.7075
vn 0.7007 -0.0095 -0.7134
vn 0.6976 0.1081 -0.7083
vn -0.3835 0.5928 -0.7082
vn 0.2712 0.6249 -0.7321
vn -0.5915 -0.3464 0.7281
vn -0.1585 -0.3450 -0.9251
vn 0.5393 0.8025 0.2555
vn -0.6553 -0.0589 0.7531
vn -0.4816 -0.8763 0.0135
vn -0.2418 -0.9703 -0.0012
vn 0.6516 0.2727 0.7079
vn 0.3125 -0.9495 -0.0290
vn 0.5521 -0.8337 -0.0000
vn 0.1084 0.5923 -0.7984
vn -0.3594 -0.9026 0.2368
vn 0.6351 -0.2458 -0.7323
vn 0.6823 -0.0837 -0.7262
vn -0.6617 0.2362 -0.7116
vn -0.4911 0.5028 -0.7113
vn 0.4640 -0.8855 -0.0240
vn 0.6843 0.1920 -0.7035
vn -0.4737 -0.5309 -0.7027
vn -0.6179 -0.2680 -0.7392
vn -0.4966 -0.4344 -0.7514
vn -0.8462 -0.5328 -0.0106
vn 0.5144 -0.8576 -0.0000
vn 0.2673 -0.9636 -0.0000
vn 1.0000 0.0046 -0.0000
vn 0.9906 0.1369 -0.0000
vn 0.9668 0.2554 -0.0000
vn -0.6967 0.1092 0.7090
vn 0.9092 0.4158 0.0235
vn -0.5839 -0.7721 -0.2511
vn 0.4092 0.5752 0.7083
vn -0.2670 0.9637 -0.0021
vn -0.7075 0.0011 -0.7067
vn -0.4299 0.5575 -0.7102
vn -0.6106 0.7919 -0.0000
vn -0.1416 -0.6913 0.7085
vn -0.6840 -0.1583 -0.7121
vn 0.6926 0.7213 -0.0000
vn 0.6132 0.7899 -0.0000
vn 0.6483 0.2795 -0.7083
vn -0.4196 -0.5677 -0.7083
vn 0.9438 -0.3132 0.1060
vn -0.6343 0.3124 -0.7071
vn 0.7071 -0.7071 -0.0000
vn 0.6910 0.7229 -0.0000
vn 0.4082 -0.4083 -0.8165
vn -0.7583 0.6518 -0.0003
vn -0.5307 -0.4661 0.7079
vn -0.8985 0.4389 -0.0035
vn -0.0778 0.6991 -0.7108
vn -0.2778 0.6493 -0.7079
vn 0.9813 0.1923 -0.0125
vn -0.4381 0.4330 -0.7878
vn 0.3118 0.6247 -0.7159
vn -0.4788 -0.5449 0.6883
vn 0.6844 0.1910 -0.7036
vn -0.6050 0.3643 -0.7080
vn 0.6847 0.1891 0.7039
vn 0.6479 0.2803 0.7083
vn -0.0633 0.7095 -0.7019
vn 0.9091 0.4160 -0.0232
vn -0.3220 0.6238 -0.7122
vn 0.9094 0.4151 -0.0245
vn 0.4669 -0.7005 0.5398
vn -0.5898 -0.7651 0.2583
vn 0.5682 0.4294 -0.7020
vn -0.5518 0.4406 -0.7081
vn -0.6545 0.2519 -0.7129
vn 0.0972 -0.6996 0.7079
vn 0.3948 0.3939 0.8301
vn 0.0150 -0.9999 -0.0000
vn -0.1890 -0.6802 0.7082
vn 0.4680 -0.6992 -0.5405
vn 0.2165 0.8347 -0.5063
vn -0.4309 0.4488 -0.7829
vn -0.4406 0.4000 0.8037
vn 0.3040 0.9527 -0.0001
vn 0.0991 0.9950 -0.0119
vn 0.7475 -0.6642 -0.0004
vn 0.9799 -0.1393 0.1428
vn -0.4761 0.8793 0.0128
vn 0.4646 -0.8852 0.0237
vn -0.2658 0.6518 -0.7103
vn -0.0443 0.7023 -0.7105
vn 0.4425 0.5499 -0.7084
vn -0.9847 0.1740 -0.0000
vn -0.6949 0.1228 -0.7086
vn -0.3793 -0.4912 -0.7841
vn 0.0916 0.7005 0.7077
vn -0.5774 0.4070 0.7079
vn 0.6372 -0.7707 -0.0000
vn 0.3890 -0.4704 -0.7921
vn -0.7029 0.0724 0.7076
vn 0.4512 0.3393 0.8254
vn 0.3890 -0.4704 0.7921
vn -0.6112 -0.7915 -0.0000
vn 0.4218 0.5665 0.7079
vn 0.6698 -0.2246 -0.7077
vn 0.3323 -0.6259 0.7055
vn -0.7075 0.0572 -0.7044
vn 0.7298 0.0355 -0.6827
vn -0.4390 -0.5526 0.7085
vn 0.6964 -0.1468 0.7025
vn 0.1638 -0.9642 0.2086
vn -0.6603 0.2511 -0.7078
vn 0.5755 -0.8178 0.0002
vn 0.4537 -0.5408 0.7083
vn 0.5274 -0.4658 0.7105
vn 0.6426 -0.7662 -0.0000
vn 0.6847 0.1891 -0.7039
vn -0.6630 0.7486 -0.0001
vn 0.9662 -0.2574 0.0111
vn -0.3247 0.6273 0.7079
vn 0.5335 0.3294 -0.7791
vn -0.7076 0.0573 -0.7043
vn 0.6481 -0.4319 0.6272
vn -0.3589 0.6057 -0.7101
vn -0.7014 0.0845 0.7077
vn 0.6193 0.3383 0.7086
vn 0.6397 0.3202 0.6987
vn -0.4190 -0.5682 -0.7083
vn 0.4077 -0.9130 -0.0156
vn -0.5531 -0.4387 0.7082
vn 0.6981 -0.0675 0.7129
vn -0.0631 0.7095 -0.7018
vn -0.4760 0.8794 -0.0126
vn -0.7223 0.0466 0.6900
vn -0.6871 -0.1464 0.7117
vn -0.8865 0.4624 0.0193
vn -0.8841 0.4670 0.0174
vn 0.4093 0.5752 0.7083
vn 0.5630 0.3144 -0.7643
vn 0.6845 0.1905 0.7037
vn 0.4055 -0.9140 -0.0155
vn 0.6546 -0.7559 -0.0000
vn -0.2884 0.6419 0.7105
vn -0.6995 0.0946 0.7083
vn 0.3947 0.3939 -0.8301
vn -0.0685 0.6991 -0.7117
vn -0.0635 0.7094 -0.7019
vn -0.4019 0.5817 0.7071
vn -0.5684 0.8227 -0.0000
vn 0.4267 -0.4453 -0.7872
vn 0.0022 -1.0000 -0.0000
vn -0.4780 0.3833 -0.7903
vn 0.0616 0.7048 0.7068
vn -0.4685 -0.8683 0.1629
vn -0.2200 -0.9755 0.0007
vn -0.6434 -0.7655 -0.0101
vn 0.6640 0.7477 0.0002
vn 0.1885 -0.6806 0.7080
vn 0.3125 -0.9495 0.0290
vn 0.7200 0.0222 -0.6936
vn 0.5138 -0.4843 -0.7082
vn 0.4164 -0.5635 -0.7135
vn 0.6981 -0.0675 -0.7129
vn 0.5274 -0.4658 -0.7105
vn -0.4761 0.8793 0.0129
vn -0.5063 -0.4925 -0.7079
vn -0.4146 0.5711 0.7085
vn -0.0984 -0.8543 -0.5105
vn -0.4128 0.5720 0.7088
vn -0.3610 -0.9022 0.2360
vn 0.4679 -0.6993 0.5404
vn 0.7865 -0.6175 -0.0042
vn 0.0442 0.7056 0.7072
vn 0.0625 0.9980 -0.0000
vn -0.0710 0.7000 0.7106
vn -0.0534 0.7047 0.7075
vn 0.9091 0.4158 0.0233
vn -0.3753 -0.9267 -0.0185
vn -0.4760 0.8793 0.0128
vn -0.5654 -0.3212 -0.7597
vn 0.6843 0.1918 -0.7035
vn 0.4058 -0.9138 0.0152
vn -0.3793 -0.4912 0.7841
vn -0.6054 -0.3629 -0.7083
vn -0.1433 -0.7788 0.6107
vn 0.7509 0.6605 -0.0000
vn -0.6054 -0.3629 0.7083
vn -0.3594 -0.6086 0.7075
vn 0.7864 -0.6177 -0.0039
vn -0.6028 -0.3671 0.7084
vn -0.7001 0.1012 0.7068
vn 0.9441 -0.3116 0.1073
vn 0.6227 0.3338 -0.7076
vn 0.6193 0.3383 -0.7086
vn -0.0785 -0.6960 0.7137
vn -0.1056 -0.9944 -0.0000
vn 0.1866 0.6812 -0.7079
vn 0.2668 -0.9638 -0.0000
vn 0.6827 0.1812 0.7079
vn -0.0815 -0.2672 -0.9602
vn -0.4684 -0.8683 -0.1629
vn 0.4579 0.8709 -0.1785
vn 0.7973 0.6036 -0.0000
vn -0.9647 0.2635 -0.0000
vn -0.6782 0.1855 -0.7111
vn 0.4606 0.8688 0.1818
vn -0.2580 0.9662 0.0002
vn -0.1594 0.6852 0.7107
vn 0.8099 0.5866 -0.0000
vn -0.6739 0.2018 -0.7107
vn -0.9618 0.2738 -0.0008
vn 0.3584 0.6087 -0.7079
vn 0.9934 0.1143 0.0059
vn 0.7046 0.0026 -0.7096
vn 0.6791 0.1805 -0.7115
vn 0.4642 -0.8854 -0.0240
vn 0.6827 0.1812 -0.7079
vn 0.7064 0.0028 -0.7078
vn -0.6175 -0.3430 0.7079
vn 0.7278 -0.6201 -0.2930
vn -0.5070 -0.8620 -0.0000
vn -0.3124 0.6343 -0.7071
vn -0.6846 -0.1738 0.7079
vn 1.0000 0.0051 -0.0000
vn -0.6343 0.3124 0.7071
vn -0.5718 0.4097 0.7107
vn -0.4098 0.5718 0.7107
vn 0.4311 0.5596 0.7078
vn -0.3124 0.6344 -0.7071
vn 0.3902 0.9207 0.0064
vn 0.1857 0.6776 -0.7116
vn 0.6132 0.3506 -0.7079
vn 0.3922 0.5881 -0.7073
vn -0.4298 0.5606 -0.7079
vn 0.3895 -0.5894 0.7078
vn -0.6736 0.2113 -0.7082
vn -0.6409 0.2910 -0.7103
vn -0.9542 0.2991 -0.0000
vn 0.9667 0.2557 -0.0000
vn 0.6822 0.1818 0.7083
vn 0.6038 -0.3655 0.7084
vn -0.3929 0.4607 0.7958
vn -0.4172 -0.5700 0.7079
vn 0.9836 -0.1802 -0.0000
vn 0.6940 -0.1271 -0.7086
vn 0.9079 -0.4162 -0.0494
vn -0.8874 0.4611 -0.0000
vn -0.9089 -0.4170 0.0001
vn -0.9892 -0.1464 -0.0001
vn 0.3849 0.5932 0.7071
vn 0.7259 0.6878 -0.0000
vn 0.7162 -0.6951 -0.0615
vn 0.6038 -0.3655 -0.7084
vn -0.5530 -0.4388 -0.7083
vn -0.6742 -0.2090 -0.7083
vn 0.9654 -0.2608 -0.0000
vn -0.3512 0.9363 -0.0000
vn -0.9887 0.1499 -0.0000
vn 0.0610 -0.9981 -0.0000
vn 0.7549 -0.6558 0.0036
vn 0.6125 -0.3517 -0.7079
vn 0.7067 0.0041 0.7075
vn 0.8789 0.4770 -0.0000
vn -0.9161 0.4011 -0.0001
vn -0.9538 -0.3003 -0.0000
vn -0.6733 -0.2121 0.7083
vn 0.3852 0.5931 -0.7070
vn -0.3929 0.4607 -0.7958
vn 0.4369 0.4680 0.7682
vn -0.6018 0.7986 -0.0000
vn -0.4255 0.5637 -0.7079
vn -0.4255 0.5637 0.7080
vn -0.7842 0.6205 -0.0000
vn -0.9107 0.4130 -0.0000
vn -0.6409 0.2910 0.7103
vn -0.3916 -0.5897 0.7063
vn -0.5551 -0.8318 -0.0000
vn 0.6940 -0.1273 0.7086
vn 0.5379 -0.8430 -0.0000
vn -0.5558 0.4355 -0.7081
vn -0.1360 0.6934 -0.7076
vn 0.9078 -0.4165 0.0496
vn 0.3922 0.5881 0.7073
vn 0.1178 -0.6969 -0.7075
vn 0.1666 -0.9860 -0.0000
vn -0.6736 0.2113 0.7082
vn -0.5205 -0.4776 -0.7078
vn -0.5205 -0.4776 0.7078
vn -0.9333 0.3590 -0.0000
vn 0.1178 -0.6969 0.7075
vn -0.6395 -0.2932 0.7107
vn -0.5530 -0.4388 0.7083
vn 0.5133 0.4853 -0.7078
vn 0.2970 0.6440 -0.7050
vn -0.7567 0.6538 0.0027
vn -0.5971 -0.3531 0.7203
vn -0.5890 -0.7686 -0.2495
vn 0.7698 0.6369 0.0417
vn 0.4692 -0.6980 -0.5409
vn 0.5220 0.4761 -0.7077
vn -0.7576 0.6528 0.0016
vn 0.4148 -0.9079 -0.0613
vn 0.5071 0.4867 0.7113
vn 0.4522 -0.8909 -0.0412
vn -0.7572 0.6532 0.0021
vn 0.2966 0.6442 -0.7050
vn 0.3786 0.5962 -0.7080
vn 0.4056 -0.9139 -0.0157
vn 0.4056 -0.9139 -0.0156
vn 0.6845 0.1902 0.7037
vn 0.6844 0.1903 0.7038
vn -0.1521 0.9232 -0.3530
vn -0.5967 -0.3535 -0.7204
vn 0.7029 -0.7113 -0.0001
vn 0.4063 -0.9136 -0.0149
vn 0.4083 -0.9128 -0.0127
vn 0.4080 -0.9129 -0.0129
vn 0.4058 -0.9138 -0.0156
vn 0.6845 0.1906 0.7037
vn -0.1534 0.9233 -0.3520
vn -0.5970 -0.3527 -0.7206
vn 0.7004 -0.7138 -0.0000
vn 0.4042 -0.9145 -0.0170
vn 0.4004 -0.9161 -0.0212
vn 0.4008 -0.9159 -0.0206
vn -0.6871 -0.1464 -0.7117
vn -0.7113 -0.0008 -0.7029
vn -0.5129 0.8584 -0.0002
vn -0.2780 0.9606 0.0075
vn -0.2777 0.9606 0.0077
vn -0.8055 -0.5926 -0.0101
vn -0.7049 0.0591 -0.7068
vn -0.3835 0.5927 0.7082
vn 0.7595 -0.1654 -0.6291
vn 0.7599 -0.1613 -0.6297
vn -0.7453 -0.5338 -0.3994
vn -0.7464 -0.5332 -0.3982
vn 0.2969 0.6441 -0.7050
vn -0.7548 0.6560 0.0057
vn -0.7408 -0.0950 0.6650
vn -0.4449 0.5497 0.7070
vn -0.5692 0.3931 0.7222
vn 0.4680 -0.6991 -0.5406
vn 0.7691 0.6379 0.0400
vn -0.5891 -0.7655 -0.2588
vn -0.5914 -0.7645 0.2564
vn 0.7691 0.6379 -0.0398
vn 0.4665 -0.7011 0.5392
vn -0.5692 0.3931 -0.7221
vn -0.4449 0.5498 -0.7070
vn 0.9088 0.4166 -0.0231
vn 0.9091 0.4161 -0.0227
vn -0.0630 0.7098 -0.7016
vn -0.3039 0.6412 -0.7047
vn 0.9107 0.4126 -0.0188
vn 0.9099 0.4144 -0.0208
vn -0.5914 -0.7643 0.2570
vn 0.7690 0.6380 -0.0398
vn -0.4449 0.5497 -0.7070
vn 0.3981 -0.5830 -0.7082
vn 0.7200 0.0227 0.6936
vn 0.4590 -0.8878 0.0350
vn 0.3127 -0.9494 -0.0289
vn 0.3128 -0.9494 -0.0287
vn 0.7200 0.0226 0.6936
vn -0.8597 -0.5108 -0.0000
vn 0.7200 0.0221 0.6936
vn 0.0324 -0.9995 -0.0000
vn 0.2898 0.6386 -0.7129
vn 0.4129 0.9108 -0.0000
vn 0.3785 0.5962 0.7080
vn 0.2969 0.6440 0.7051
vn -0.7579 0.6523 -0.0010
vn -0.5970 -0.3536 -0.7201
vn 0.9912 -0.1324 -0.0000
vn 0.4669 -0.7005 -0.5398
vn -0.1110 -0.9938 -0.0000
vn 0.0545 -0.7051 0.7070
vn -0.4080 -0.4051 -0.8182
vn -0.7064 0.0077 -0.7077
vn -0.6856 0.1479 -0.7128
vn -0.3672 -0.9301 -0.0000
vn -0.9999 0.0109 -0.0000
vn -0.7115 -0.7027 -0.0000
vn -0.0063 0.7029 -0.7113
vn -0.5971 -0.3527 -0.7205
vn -0.7573 0.6531 -0.0021
vn 0.2970 0.6439 0.7051
vn 0.1835 -0.9830 -0.0000
vn 0.9082 0.4178 0.0248
vn 0.9076 0.4190 0.0261
vn -0.3241 0.6199 0.7146
vn -0.0639 0.7083 0.7030
vn 0.9084 0.4174 0.0246
vn 0.9091 0.4159 0.0229
vn 0.9088 0.4165 0.0233
vn 0.5484 0.4381 0.7122
vn -0.8995 0.4369 0.0035
vn -0.8991 0.4377 0.0027
vn -0.4736 -0.5319 0.7020
vn -0.6871 -0.1464 -0.7116
vn -0.7113 -0.0007 -0.7029
vn -0.5127 0.8586 0.0001
vn -0.2773 0.9608 0.0081
vn -0.2774 0.9607 0.0080
vn 0.3952 0.3156 0.8627
vn 0.2685 -0.9632 -0.0120
vn 0.3225 -0.9466 0.0002
vn 0.2687 -0.9631 -0.0123
vn 0.3228 -0.9465 0.0001
vn -0.8660 -0.5000 -0.0000
vn 0.2688 -0.9631 -0.0124
vn 0.7272 -0.0183 -0.6862
vn 0.4635 -0.8858 0.0247
vn 0.4636 -0.8857 0.0248
vn 0.4642 -0.8854 0.0239
vn 0.4579 -0.8884 0.0342
vn 0.4580 -0.8883 0.0341
vn 0.7200 0.0223 0.6936
vn 0.6253 0.3295 0.7074
vn 0.9095 0.4152 0.0225
vn 0.9098 0.4144 0.0216
vn -0.3202 0.6263 0.7108
vn -0.0622 0.7113 0.7002
vn 0.9099 0.4142 0.0215
vn 0.9087 0.4168 0.0240
vn 0.9090 0.4161 0.0235
vn 0.4684 -0.6986 0.5409
vn 0.7690 0.6379 -0.0400
vn -0.5890 -0.7657 0.2584
vn -0.4066 -0.5769 -0.7085
vn 0.3912 -0.9197 -0.0321
vn -0.7567 0.6537 0.0028
vn 0.9078 0.4186 0.0265
vn 0.9067 0.4207 0.0289
vn -0.3259 0.6167 0.7165
vn -0.0629 0.7098 0.7016
vn 0.9093 0.4155 0.0231
vn 0.9091 0.4160 0.0236
vn 0.2964 0.6442 0.7051
vn 0.2003 0.6750 0.7101
vn -0.8972 0.4416 -0.0070
vn -0.8971 0.4418 -0.0067
vn -0.6750 0.2117 -0.7068
vn 0.4668 -0.7006 0.5397
vn -0.3750 -0.9268 -0.0193
vn -0.3740 -0.9272 -0.0182
vn -0.3724 -0.9279 -0.0163
vn -0.6449 -0.7643 -0.0000
vn -0.9542 0.2992 -0.0000
vn -0.3750 -0.9268 -0.0192
vn -0.3753 -0.9267 -0.0196
vn -0.6451 -0.7641 -0.0002
vn 0.3085 0.6297 -0.7129
vn -0.3835 0.5927 -0.7082
vn 0.5345 0.4605 0.7087
vn 0.9095 0.4150 0.0251
vn 0.9095 0.4149 0.0249
vn 0.9094 0.4152 0.0250
vn 0.9101 0.4137 0.0235
vn -0.0626 0.7104 0.7010
vn -0.4984 -0.4086 -0.7646
vn -0.3550 -0.9348 0.0027
vn -0.3683 -0.9296 -0.0116
vn -0.3654 -0.9304 -0.0290
vn -0.3747 -0.9269 -0.0192
vn -0.6468 -0.7627 -0.0001
vn 0.4679 -0.6992 0.5405
vn -0.6750 0.2118 -0.7068
vn -0.5692 0.3932 -0.7221
vn -0.6468 -0.7627 -0.0000
vn -0.9541 0.2993 -0.0000
vn -0.9907 0.1357 -0.0000
vn -0.6470 -0.7625 -0.0003
vn -0.7018 0.0667 0.7092
vn -0.8136 -0.5813 0.0112
vn -0.6485 -0.7612 0.0013
vn 0.5956 -0.8033 -0.0000
vn 0.3123 -0.6339 -0.7076
vn 0.3514 -0.6152 0.7057
vn -0.7020 0.0663 -0.7091
vn -0.8136 -0.5813 -0.0111
vn -0.6485 -0.7612 -0.0013
vn 0.3786 0.5961 -0.7080
vn -0.4738 -0.5305 0.7029
vn -0.8971 0.4417 0.0060
vn -0.8970 0.4419 0.0056
vn -0.4721 0.8815 0.0095
vn -0.9244 -0.3814 -0.0000
vn -0.6945 -0.1497 -0.7037
vn -0.4191 0.3390 -0.8423
vn -1.0000 0.0016 -0.0000
vn -1.0000 0.0015 -0.0000
vn -0.3255 -0.9455 -0.0000
vn -0.3219 -0.9468 -0.0002
vn -0.6783 0.1628 0.7166
vn -0.7075 0.0011 0.7067
vn -0.6853 -0.1454 0.7136
vn 0.6139 -0.1975 -0.7643
vn -0.2686 0.9633 0.0036
vn -0.5035 0.8640 0.0009
vn 0.7788 -0.6273 -0.0001
vn -0.1862 -0.6784 -0.7107
vn 0.1561 0.6912 0.7056
vn 0.7789 -0.6271 -0.0004
vn 0.9662 -0.2575 0.0109
vn 0.9662 -0.2575 0.0111
vn 0.3785 0.5962 -0.7080
vn -0.7470 -0.5320 -0.3988
vn -0.7474 -0.5317 -0.3984
vn 0.7604 -0.1623 -0.6289
vn -0.5393 0.4488 0.7126
vn -0.6750 0.1697 0.7180
vn 0.7480 0.6637 -0.0000
vn 0.9096 0.4148 0.0248
vn -0.6899 0.1311 0.7120
vn 0.9435 0.0007 -0.3314
vn 0.4589 -0.8878 -0.0350
vn 0.4590 -0.8877 -0.0347
vn 0.7200 0.0227 -0.6936
vn 0.7200 0.0226 -0.6936
vn 0.3128 -0.9494 0.0287
vn 0.3126 -0.9494 0.0289
vn 0.7200 0.0221 -0.6936
vn -0.8990 0.4380 0.0021
vn -0.8990 0.4380 0.0022
vn -0.4738 -0.5308 0.7027
vn -0.3593 -0.6086 -0.7075
vn -0.1009 -0.8526 0.5128
vn -0.4770 -0.5169 -0.7109
vn -0.2126 -0.6732 -0.7083
vn -0.3182 -0.6247 -0.7131
vn 0.7772 -0.6293 -0.0032
vn 0.9663 -0.2573 -0.0114
vn 0.9664 -0.2567 -0.0107
vn 0.3221 -0.9467 -0.0002
vn 0.2684 -0.9632 0.0120
vn 0.2686 -0.9632 0.0123
vn -0.8661 -0.4999 -0.0000
vn 0.3224 -0.9466 0.0001
vn 0.3085 0.6297 -0.7130
vn 0.7000 -0.7142 -0.0000
vn 0.4079 -0.9129 0.0153
vn 0.4086 -0.9126 0.0144
vn 0.4085 -0.9126 0.0145
vn 0.4080 -0.9128 0.0150
vn 0.4094 -0.9123 0.0135
vn 0.6848 0.1915 -0.7032
vn -0.4311 -0.5596 -0.7078
vn 0.4060 -0.9137 0.0150
vn 0.4059 -0.9138 0.0150
vn 0.4055 -0.9140 0.0157
vn 0.4053 -0.9140 0.0158
vn 0.6845 0.1901 -0.7038
vn 0.7006 -0.7135 -0.0000
vn -0.3203 0.6277 0.7095
vn 0.9109 0.4123 0.0191
vn 0.9101 0.4138 0.0212
vn 0.9083 0.4176 0.0247
vn 0.9115 0.4110 0.0175
vn -0.0613 0.7143 0.6971
vn 0.9090 0.4162 -0.0232
vn 0.9092 0.4158 -0.0228
vn 0.9094 0.4153 -0.0226
vn -0.3216 0.6246 -0.7117
vn 0.7605 -0.1622 -0.6288
vn 0.2826 0.6473 0.7079
vn -0.7113 -0.0008 0.7029
vn -0.4978 -0.4995 -0.7090
vn 0.9662 -0.2574 0.0109
vn 0.7784 -0.6278 0.0009
vn -0.4978 -0.4995 0.7090
vn -0.3594 -0.6085 -0.7075
vn -0.3593 -0.6085 -0.7075
vn 0.9662 -0.2577 0.0108
vn 0.6656 0.1993 -0.7192
vn 0.7022 0.0317 -0.7113
vn 0.2688 -0.9631 -0.0123
vn 0.3222 -0.9467 0.0002
vn 0.2684 -0.9632 -0.0120
vn 0.2686 -0.9632 -0.0123
vn 0.1502 -0.9884 -0.0231
vn -0.0006 -1.0000 -0.0000
vn 0.9990 0.0449 -0.0000
vn 0.9990 0.0450 -0.0000
vn 0.3222 -0.9467 -0.0000
vn 0.3223 -0.9466 -0.0000
vn -0.2756 0.9612 0.0099
vn -0.5116 0.8592 0.0012
vn -0.2769 0.9609 0.0086
vn -0.5128 0.8585 0.0001
vn 0.8545 0.5194 -0.0000
vn -0.4749 0.8800 0.0086
vn -0.4790 0.8778 0.0095
vn -0.4771 0.8788 0.0115
vn 0.2968 0.6441 0.7050
vn 0.6405 -0.0568 -0.7659
vn -0.4718 0.8815 -0.0185
vn -0.4744 0.8802 -0.0149
vn 0.9091 0.4160 -0.0233
vn 0.9090 0.4162 -0.0236
vn -0.0631 0.7093 -0.7021
vn -0.3245 0.6212 -0.7133
vn 0.9086 0.4169 -0.0244
vn 0.9088 0.4165 -0.0239
vn 0.6543 -0.2484 -0.7143
vn 0.9999 -0.0137 -0.0000
vn 0.2897 0.6386 -0.7129
vn -0.8189 0.5739 -0.0000
vn -0.4839 0.8739 0.0473
vn -0.4390 -0.5526 -0.7085
vn 0.1875 -0.6741 -0.7144
vn -0.6450 -0.7642 0.0002
vn -0.8188 -0.5740 0.0099
vn -0.7075 0.0574 0.7044
vn 0.7341 0.6688 0.1177
vn -0.1147 -0.4667 0.8770
vn -0.1147 -0.4666 -0.8770
vn 0.7341 0.6688 -0.1177
vn 0.9615 0.2748 -0.0001
vn 0.3225 -0.9466 -0.0002
vn 0.2687 -0.9632 0.0122
vn 0.1502 -0.9884 0.0230
vn 0.5562 -0.3161 0.7686
vn 0.6656 0.1993 0.7192
vn 0.7022 0.0317 0.7113
vn 0.7341 0.6688 0.1178
vn 0.9615 0.2749 -0.0000
vn 0.5197 0.4778 0.7083
vn 0.2968 0.6448 0.7044
vn 0.9090 0.4161 0.0231
vn 0.9091 0.4159 0.0230
vn -0.3215 0.6243 0.7120
vn -0.0634 0.7088 0.7025
vn 0.9091 0.4159 0.0231
vn 0.9089 0.4163 0.0233
vn -0.8982 0.4396 -0.0038
vn -0.8982 0.4396 -0.0039
vn -0.4738 -0.5308 -0.7027
vn 0.2967 0.6441 0.7050
vn 0.5346 0.4604 0.7087
vn -0.5692 0.3932 0.7221
vn -0.8978 0.4404 0.0049
vn -0.8978 0.4404 0.0050
vn -0.4737 -0.5311 -0.7025
vn -0.8978 0.4404 -0.0052
vn -0.8979 0.4402 -0.0053
vn -0.8981 0.4397 -0.0040
vn -0.8981 0.4398 -0.0041
vn 0.0093 -0.7044 0.7097
vn -0.6742 -0.2090 0.7084
vn -0.9091 -0.4166 -0.0000
vn -0.9552 -0.2961 -0.0000
vn -0.8928 0.4500 0.0198
vn -0.8940 0.4476 0.0230
vn 0.0128 0.7199 -0.6940
vn 0.3466 0.6118 -0.7110
vn -0.8929 0.4498 0.0202
vn 0.8545 0.5195 -0.0000
vn -0.5139 0.8578 -0.0010
vn -0.2784 0.9604 0.0071
vn -0.2799 0.9600 0.0055
vn -0.4723 0.8814 0.0116
vn -0.4723 0.8813 0.0167
vn -0.4747 0.8800 0.0145
vn -0.3428 0.6178 0.7077
vn 0.6479 0.2804 0.7083
vn 0.4082 -0.9128 -0.0128
vn 0.4084 -0.9127 -0.0126
vn 0.4064 -0.9136 -0.0148
vn -0.3187 0.6293 -0.7088
vn 0.9110 0.4121 -0.0195
vn 0.9101 0.4138 -0.0214
vn 0.9082 0.4177 -0.0251
vn 0.9115 0.4108 -0.0176
vn -0.0605 0.7145 -0.6971
vn 0.9092 0.4157 -0.0236
vn -0.1146 -0.4666 -0.8770
vn 0.4888 0.5082 0.7091
vn 0.5682 0.4294 0.7020
vn 0.1084 0.5923 0.7984
vn 0.9093 0.4154 -0.0246
vn 0.9094 0.4152 -0.0245
vn -0.1867 0.6795 -0.7096
vn 0.9095 0.4149 -0.0241
vn -0.1254 -0.9921 -0.0000
vn 0.9092 0.4158 0.0231
vn -0.3054 0.6358 0.7088
vn -0.0633 0.7093 0.7021
vn 0.9089 0.4163 0.0236
vn 0.9091 0.4160 0.0234
vn -0.5973 -0.3521 -0.7206
vn -0.1546 0.9235 -0.3512
vn 0.6846 0.1901 0.7037
vn -0.5889 -0.7658 0.2583
vn 0.7690 0.6380 -0.0402
vn 0.4681 -0.6990 0.5407
vn -0.4448 0.5498 -0.7070
vn 0.7127 0.0201 0.7012
vn 0.9662 -0.2577 0.0110
vn 0.9662 -0.2575 0.0110
vn 0.7789 -0.6272 -0.0005
vn -0.0632 0.7088 -0.7025
vn 0.9087 0.4168 -0.0240
vn 0.9091 0.4160 -0.0231
vn 0.9091 0.4160 -0.0230
vn -0.3217 0.6241 -0.7120
vn -0.3817 0.9243 -0.0000
vn -0.3594 -0.6084 -0.7076
vn 0.4766 0.8394 -0.2613
vn 0.6127 0.3530 0.7071
vn -0.4800 0.8773 -0.0083
vn -0.8264 -0.0553 0.5603
vn -0.4798 0.8773 -0.0080
vn 0.8544 0.5196 -0.0000
vn -0.5131 0.8583 0.0001
vn 0.6127 0.3530 -0.7071
vn 0.7269 -0.0303 -0.6861
vn -0.8521 -0.5234 -0.0000
vn -0.7784 -0.6277 -0.0000
vn 0.4645 -0.8852 0.0262
vn 0.4661 -0.8844 0.0244
vn 0.4650 -0.8849 0.0256
vn 0.4649 -0.8850 0.0259
vn 0.7267 -0.0314 -0.6863
vn 0.1369 0.6883 0.7124
vn -0.7572 0.6532 0.0022
vn -0.5973 -0.3525 0.7204
vn 0.5345 0.4604 0.7087
vn -0.4736 -0.5319 -0.7020
vn -0.8990 0.4380 -0.0032
vn -0.8993 0.4372 -0.0040
vn -0.8974 0.4412 -0.0056
vn -0.8974 0.4412 -0.0057
vn -0.8983 0.4394 -0.0037
vn -0.8983 0.4393 -0.0036
vn 0.4041 -0.9145 0.0172
vn 0.4004 -0.9161 0.0212
vn 0.4008 -0.9159 0.0207
vn 0.6845 0.1906 -0.7037
vn -0.6750 0.1697 0.7181
vn 0.2036 0.6761 0.7082
vn 0.9089 0.4163 -0.0235
vn -0.0633 0.7093 -0.7021
vn -0.3218 0.6241 -0.7120
vn 0.9091 0.4159 -0.0231
vn 0.9092 0.4156 0.0227
vn -0.0629 0.7100 0.7014
vn -0.3220 0.6231 0.7127
vn 0.9087 0.4168 0.0241
vn 0.9088 0.4165 0.0237
vn -0.0632 0.7091 -0.7023
vn 0.9088 0.4166 -0.0237
vn 0.9090 0.4161 -0.0230
vn 0.9088 0.4167 -0.0237
vn 0.9086 0.4171 -0.0241
vn -0.3242 0.6215 -0.7132
vn -0.3608 0.6042 -0.7104
vn -0.4448 0.5498 0.7070
vn -0.6995 0.0945 -0.7083
vn -0.6283 0.3144 -0.7116
vn -0.6641 0.2216 -0.7141
vn -0.3749 -0.9269 0.0171
vn -0.3842 -0.9232 0.0072
vn -0.3872 -0.9220 0.0037
vn -0.3876 -0.9218 0.0033
vn -0.6398 -0.7685 0.0107
vn -0.6396 -0.7687 0.0109
vn -0.9570 0.2901 0.0023
vn -0.9913 0.1318 0.0012
vn -0.3752 -0.9268 0.0192
vn -0.3749 -0.9269 0.0196
vn -0.3750 -0.9268 0.0190
vn -0.3654 -0.9304 0.0290
vn -0.3749 -0.9269 0.0191
vn -0.6470 -0.7625 0.0001
vn 0.4681 -0.6990 -0.5406
vn 0.4684 -0.6985 -0.5410
vn -0.4487 -0.8936 -0.0088
vn -0.4357 -0.8998 -0.0236
vn -0.4449 -0.8955 -0.0135
vn 0.6479 -0.4312 -0.6279
vn 0.6479 -0.4313 -0.6279
vn -0.3683 -0.9296 0.0116
vn -0.3551 -0.9348 -0.0027
vn -0.3751 -0.9268 0.0192
vn -0.6750 0.2118 0.7068
vn 0.4681 -0.6991 -0.5405
vn -0.6468 -0.7626 0.0001
vn -0.3747 -0.9269 0.0190
vn 0.3227 -0.9465 -0.0000
vn -0.0007 -1.0000 -0.0001
vn -0.3809 -0.9246 0.0015
vn -0.6856 0.1479 0.7128
vn -0.4723 0.8814 -0.0116
vn -0.4725 0.8812 -0.0169
vn -0.4745 0.8801 -0.0144
vn 0.4219 -0.5673 0.7072
vn -0.4210 -0.5665 -0.7084
vn -0.0633 0.7091 -0.7023
vn 0.9088 0.4165 -0.0238
vn 0.9091 0.4159 -0.0232
vn 0.9091 0.4159 -0.0230
vn -0.3055 0.6356 -0.7090
vn 0.6113 0.7914 -0.0000
vn -0.4448 0.5499 0.7070
vn 0.4681 -0.6991 -0.5406
vn 0.7690 0.6381 0.0397
vn -0.5888 -0.7663 -0.2571
vn 0.4643 -0.8854 -0.0239
vn 0.7271 -0.0180 0.6863
vn 0.4635 -0.8858 -0.0247
vn 0.4636 -0.8857 -0.0247
vn -0.8981 0.4398 0.0042
vn -0.4737 -0.5309 0.7027
vn 0.4068 -0.9134 0.0143
vn 0.4101 -0.9120 0.0108
vn 0.4097 -0.9122 0.0112
vn 0.7008 -0.7134 -0.0000
vn -0.8981 0.4399 0.0044
vn -0.6340 -0.7734 -0.0000
vn -0.6343 -0.7731 -0.0003
vn -0.3877 -0.9218 0.0030
vn -0.3872 -0.9220 0.0035
vn -0.3918 -0.9201 -0.0016
vn -0.4060 -0.9137 -0.0171
vn -0.6562 0.2641 -0.7069
vn 0.9077 0.4188 -0.0263
vn -0.3228 0.6211 -0.7142
vn 0.9083 0.4176 -0.0250
vn -0.6447 -0.7644 -0.0002
vn -0.8187 -0.5741 0.0097
vn -0.7075 0.0573 0.7044
vn 0.9089 0.4164 -0.0234
vn 0.9093 0.4156 -0.0226
vn -0.0628 0.7100 -0.7014
vn -0.3056 0.6344 -0.7100
vn 0.9087 0.4168 -0.0241
vn 0.9088 0.4165 -0.0237
vn -0.5896 -0.7654 0.2578
vn 0.7691 0.6379 -0.0392
vn 0.4668 -0.7005 0.5398
vn -0.3750 -0.9268 0.0196
vn -0.3690 -0.9293 0.0131
vn -0.3728 -0.9277 0.0171
vn -0.3643 -0.9309 0.0278
vn -0.3716 -0.9283 0.0160
vn -0.6424 -0.7664 -0.0012
vn 0.4679 -0.6992 -0.5405
vn -0.6436 -0.7653 -0.0000
vn -0.5890 -0.7656 -0.2585
vn 0.7690 0.6380 0.0402
vn 0.4683 -0.6988 -0.5407
vn -0.5686 0.4176 0.7088
vn -0.6283 0.3144 0.7116
vn -0.3729 -0.9277 -0.0169
vn -0.3691 -0.9293 -0.0127
vn -0.6436 -0.7654 -0.0000
vn -0.9894 0.1455 -0.0000
vn -0.3641 -0.9309 -0.0276
vn -0.3715 -0.9283 -0.0157
vn -0.6423 -0.7664 0.0013
vn -0.6447 -0.7645 -0.0012
vn -0.3608 0.6042 0.7104
vn -0.4486 0.5465 0.7072
vn 0.7597 -0.1629 -0.6295
vn 0.7738 0.6317 0.0465
vn -0.6361 -0.7479 -0.1897
vn 0.6873 -0.1517 0.7104
vn -0.2774 0.9607 0.0079
vn -0.6871 -0.1463 -0.7117
vn 0.6253 0.3296 0.7073
vn -0.4448 0.5497 0.7070
vn -0.5532 0.4266 0.7155
vn 0.6478 -0.4316 -0.6278
vn 0.7691 0.6379 0.0396
vn -0.5920 -0.7654 -0.2525
vn -0.1859 -0.6785 -0.7107
vn 0.9662 -0.2574 -0.0111
vn 0.7790 -0.6270 0.0006
vn 0.9662 -0.2576 -0.0112
vn 0.0574 0.6995 0.7123
vn -0.6348 -0.7484 0.1919
vn 0.7739 0.6316 -0.0467
vn 0.7605 -0.1615 0.6289
vn -0.5393 0.4488 -0.7126
vn -0.4485 0.5466 -0.7072
vn -0.3608 0.6042 -0.7105
vn -0.9538 -0.3005 -0.0000
vn -0.3769 -0.9260 0.0211
vn -0.3216 -0.9460 -0.0402
vn -0.3573 -0.9340 -0.0022
vn -0.3736 -0.9274 0.0175
vn -0.3717 -0.9282 0.0154
vn -0.6432 -0.7657 -0.0012
vn 0.4681 -0.6995 -0.5399
vn -0.6444 -0.7647 -0.0000
vn 0.7811 -0.6244 -0.0055
vn 0.9663 -0.2573 0.0106
vn 0.9660 -0.2582 0.0122
vn 0.4055 -0.9140 -0.0156
vn 0.7010 -0.7132 -0.0000
vn 0.4054 -0.9140 -0.0156
vn 0.4050 -0.9142 -0.0159
vn 0.4051 -0.9141 -0.0159
vn 0.0561 -0.7054 0.7066
vn 0.0016 0.7063 0.7079
vn -0.0710 0.7000 -0.7106
vn -0.0785 -0.6960 -0.7137
vn -0.0797 -0.6966 -0.7130
vn -0.3787 0.9255 -0.0000
vn -0.3790 0.9254 -0.0002
vn -0.7251 0.6860 -0.0603
vn 0.7186 -0.0965 0.6887
vn -0.2379 0.6662 -0.7068
vn 0.6774 0.1902 -0.7106
vn 0.7200 0.0223 -0.6936
vn 0.4580 -0.8883 -0.0342
vn 0.4582 -0.8882 -0.0339
vn 0.6253 0.3295 -0.7074
vn 0.2972 0.6440 0.7050
vn -0.8983 0.4394 0.0028
vn -0.8984 0.4391 0.0030
vn -0.4740 -0.5304 0.7028
vn 0.6815 0.1736 0.7109
vn -0.5890 -0.7657 0.2585
vn 0.7690 0.6379 -0.0403
vn 0.4682 -0.6990 0.5406
vn -0.6750 0.1697 -0.7180
vn 0.7604 -0.1623 0.6289
vn -0.7474 -0.5317 0.3984
vn 0.4659 -0.8845 -0.0242
vn 0.4643 -0.8853 -0.0260
vn 0.4645 -0.8852 -0.0262
vn 0.7279 -0.0307 0.6850
vn 0.4647 -0.8851 -0.0256
vn 0.4649 -0.8850 -0.0255
vn 0.4810 -0.5135 -0.7106
vn -0.1181 0.6967 0.7075
vn -0.9741 -0.2259 -0.0000
vn -0.9999 -0.0155 -0.0000
vn -0.3008 -0.9537 -0.0000
vn -0.3009 -0.9537 -0.0000
vn -0.6871 -0.1464 0.7116
vn -0.4749 0.8800 -0.0086
vn -0.4791 0.8777 -0.0094
vn -0.4772 0.8787 -0.0114
vn -0.4060 -0.5773 -0.7084
vn -0.4769 -0.5169 -0.7109
vn 0.0349 -0.7066 -0.7067
vn -0.3747 -0.9269 -0.0190
vn -0.3772 -0.9259 -0.0216
vn -0.3819 -0.9238 -0.0269
vn -0.3666 -0.9300 -0.0271
vn -0.3739 -0.9273 -0.0182
vn -0.6446 -0.7646 0.0003
vn -0.6451 -0.7641 -0.0004
vn -0.6395 -0.2932 -0.7107
vn -0.3055 0.6358 0.7088
vn -0.0633 0.7091 0.7023
vn 0.9090 0.4162 0.0232
vn 0.5562 -0.3161 -0.7686
vn -0.4954 0.4987 -0.7112
vn -0.6395 -0.2931 -0.7107
vn -0.6396 -0.7686 0.0110
vn 0.9962 0.0873 -0.0000
vn 0.9089 0.4164 0.0232
vn 0.9091 0.4159 0.0228
vn -0.0630 0.7098 0.7016
vn -0.3206 0.6276 0.7094
vn 0.9108 0.4125 0.0189
vn 0.9099 0.4143 0.0208
vn -0.7574 0.6530 0.0018
vn -0.7408 -0.0958 0.6648
vn 0.8546 0.5193 -0.0000
vn -0.2776 0.9607 0.0080
vn -0.5140 0.8578 -0.0012
vn -0.2783 0.9605 0.0071
vn -0.2798 0.9600 0.0056
vn -0.5101 -0.6686 -0.5411
vn -0.4761 0.8793 0.0134
vn -0.4761 0.8793 0.0130
vn 0.9088 0.4166 0.0239
vn 0.9085 0.4172 0.0244
vn -0.3054 0.6341 0.7104
vn 0.9088 0.4166 0.0233
vn 0.9090 0.4162 0.0234
vn -0.5686 0.4175 -0.7088
vn 0.4667 -0.7006 0.5398
vn 0.7691 0.6378 -0.0396
vn -0.5896 -0.7655 0.2577
vn -0.6393 -0.7689 -0.0110
vn -0.6396 -0.7686 -0.0115
vn -0.3758 -0.9265 -0.0202
vn -0.3751 -0.9268 -0.0195
vn -0.3756 -0.9266 -0.0200
vn 0.4661 -0.7018 0.5387
vn -0.3703 -0.9288 -0.0139
vn -0.3616 -0.9323 -0.0043
vn -0.6467 -0.7627 -0.0000
vn -0.5685 0.4176 0.7088
vn -0.6283 0.3143 0.7116
vn -0.6995 0.0946 -0.7083
vn 0.4372 0.8994 -0.0000
vn -0.4210 -0.5665 0.7084
vn 0.7791 -0.6269 0.0007
vn 0.9662 -0.2574 -0.0110
vn -0.5971 -0.3523 0.7206
vn -0.7573 0.6531 0.0021
vn -0.4098 0.5718 -0.7108
vn 0.4053 -0.9140 0.0156
vn 0.4050 -0.9142 0.0159
vn 0.4050 -0.9142 0.0160
vn 0.4058 -0.9138 0.0157
vn 0.6846 0.1902 -0.7037
vn -0.1546 0.9235 0.3512
vn -0.5972 -0.3524 0.7205
vn 0.6479 0.2804 -0.7083
vn 0.2965 0.6442 -0.7050
vn -0.5972 -0.3526 0.7204
vn -0.5239 0.4747 0.7072
vn -0.8975 0.4409 0.0056
vn -0.8975 0.4409 0.0053
vn -0.8982 0.4396 0.0039
vn -0.2777 0.9606 -0.0078
vn -0.2779 0.9606 -0.0075
vn -0.5130 0.8584 0.0002
vn 0.4446 -0.8952 -0.0324
vn -0.7577 0.6526 0.0013
vn 0.4369 0.4679 -0.7682
vn -0.4954 0.4988 -0.7112
vn -0.6750 0.1697 -0.7181
vn 0.7600 -0.1610 0.6296
vn -0.7458 -0.5325 0.4004
vn -0.7468 -0.5319 0.3992
vn -0.0012 1.0000 -0.0000
vn 0.3121 -0.9496 0.0296
vn 0.3106 -0.9500 0.0311
vn 0.7201 0.0202 -0.6936
vn -0.5973 -0.3524 0.7204
vn -0.7586 0.6516 -0.0000
vn -0.8978 0.4404 -0.0050
vn -0.8978 0.4404 -0.0049
vn -0.4738 -0.5310 0.7025
vn -0.8979 0.4401 0.0046
vn -0.8980 0.4400 0.0050
vn -0.1147 -0.4665 -0.8770
vn 0.7340 0.6688 -0.1177
vn 0.9615 0.2750 -0.0000
vn -0.0991 0.9951 -0.0000
vn -0.5890 -0.7684 0.2502
vn 0.7698 0.6369 -0.0418
vn 0.4690 -0.6983 0.5408
vn -0.4450 0.5494 -0.7072
vn -0.6398 -0.7685 0.0112
vn -0.3753 -0.9267 0.0196
vn -0.3750 -0.9268 0.0192
vn -0.3708 -0.9286 0.0146
vn -0.3626 -0.9319 0.0057
vn -0.3752 -0.9267 0.0195
vn 0.4668 -0.7007 -0.5395
vn -0.6750 0.2117 0.7068
vn -0.6396 -0.7687 0.0110
vn -0.9667 0.2557 -0.0091
vn 0.2978 0.6433 0.7053
vn -0.8970 0.4419 -0.0056
vn -0.8972 0.4417 -0.0059
vn -0.4738 -0.5305 -0.7029
vn -0.7070 -0.7072 -0.0000
vn 0.9093 0.4156 0.0230
vn 0.9093 0.4155 0.0223
vn -0.3212 0.6250 0.7115
vn 0.9091 0.4159 0.0234
vn -0.6654 0.2165 0.7144
vn -0.3739 -0.9273 -0.0184
vn -0.3837 -0.9234 -0.0079
vn -0.3874 -0.9219 -0.0035
vn -0.3880 -0.9216 -0.0028
vn -0.6396 -0.7686 -0.0106
vn -0.6562 0.2642 0.7068
vn -0.4059 -0.9137 0.0171
vn -0.3918 -0.9201 0.0015
vn -0.3872 -0.9220 -0.0035
vn -0.3877 -0.9218 -0.0029
vn -0.6342 -0.7731 0.0003
vn -0.6392 -0.7689 -0.0110
vn -0.9570 0.2902 -0.0023
vn -0.9900 0.1410 -0.0012
vn -0.6395 -0.7687 -0.0113
vn -0.2471 0.6581 0.7112
vn -0.0962 -0.8559 0.5081
vn -0.4825 -0.8758 -0.0145
vn -0.4844 -0.8747 -0.0146
vn -0.5030 -0.8634 -0.0378
vn -0.5023 -0.8639 -0.0370
vn -0.4878 -0.8727 -0.0200
vn -0.6318 0.3167 -0.7075
vn -0.4825 -0.8757 -0.0148
vn -0.6783 0.1628 -0.7166
vn -0.5129 0.8584 -0.0000
vn -0.4977 -0.4994 -0.7091
vn -0.5139 0.8578 0.0009
vn -0.2800 0.9600 -0.0055
vn -0.2785 0.9604 -0.0069
vn -0.4977 -0.4994 0.7091
vn -0.1509 0.9244 0.3504
vn -0.6871 -0.1463 0.7116
vn 0.6407 -0.0512 -0.7661
vn -0.4759 0.8794 -0.0133
vn 0.9086 0.4170 0.0242
vn -0.3245 0.6212 0.7133
vn -0.0631 0.7093 0.7021
vn 0.9089 0.4162 0.0236
vn 0.9091 0.4159 0.0233
vn -0.2472 0.6581 0.7112
vn -0.1925 0.9813 -0.0000
vn -0.0962 -0.8558 -0.5082
vn -0.4825 -0.8758 0.0145
vn -0.4844 -0.8747 0.0145
vn -0.5031 -0.8634 0.0379
vn -0.5024 -0.8638 0.0371
vn -0.4875 -0.8729 0.0197
vn 0.8408 -0.5414 -0.0000
vn -0.8846 0.4660 -0.0184
vn -0.8853 0.4646 -0.0203
vn -0.8857 0.4637 -0.0215
vn 0.3567 0.6063 0.7107
vn -0.2098 -0.6760 -0.7064
vn 0.9662 -0.2575 -0.0112
vn 0.8166 0.5772 -0.0000
vn 0.6479 0.2804 0.7082
vn -0.7565 -0.1350 -0.6399
vn 0.0945 0.8457 -0.5252
vn 0.6851 0.1893 0.7034
vn 0.2418 -0.6630 -0.7085
vn -0.6957 -0.1060 -0.7104
vn -0.4779 0.8783 0.0109
vn -0.4803 0.8771 0.0083
vn -0.4778 0.8784 0.0111
vn 0.2166 0.8347 0.5063
vn 0.0991 0.9950 0.0119
vn 0.9663 -0.2572 0.0113
vn 0.9664 -0.2569 0.0106
vn 0.9661 -0.2578 0.0111
vn 0.7772 -0.6292 0.0032
vn 0.3121 -0.9496 -0.0296
vn 0.3106 -0.9500 -0.0311
vn 0.7201 0.0199 0.6936
vn -0.8597 -0.5107 -0.0000
vn 1.0000 0.0045 -0.0000
vn 0.1309 -0.6909 0.7110
vn 0.2418 -0.6630 0.7085
vn 0.6844 0.1910 0.7036
vn 0.4058 -0.9139 -0.0154
vn 0.4057 -0.9139 -0.0156
vn 0.4097 -0.9122 -0.0112
vn 0.4101 -0.9120 -0.0108
vn 0.4068 -0.9134 -0.0143
vn 0.4055 -0.9140 -0.0157
vn 0.3883 0.5896 -0.7082
vn -0.4067 -0.5768 0.7084
vn 0.6757 -0.2045 0.7083
vn -0.5075 -0.8617 -0.0000
vn -0.8116 0.5843 -0.0000
vn 0.9266 0.3761 -0.0040
vn 0.5845 -0.8114 -0.0000
vn 0.7994 0.6008 0.0001
vn -0.4485 0.5466 0.7072
vn -0.2232 0.6651 -0.7126
vn 0.7007 -0.0095 0.7134
vn 0.9999 -0.0136 -0.0000
vn 0.7009 -0.7133 -0.0000
vn -0.1504 0.9243 0.3509
vn 0.6847 0.1897 -0.7038
vn 0.4053 -0.9140 0.0160
vn 0.4050 -0.9142 0.0162
vn 0.4054 -0.9140 0.0157
vn -0.3256 0.6168 -0.7166
vn 0.9067 0.4207 -0.0291
vn 0.9079 0.4184 -0.0266
vn 0.9091 0.4159 -0.0237
vn 0.9094 0.4153 -0.0233
vn -0.0631 0.7098 -0.7016
vn 0.9091 0.4159 -0.0238
vn 0.3085 0.6298 0.7129
vn 0.4164 -0.5635 0.7135
vn 0.5138 -0.4843 0.7082
vn -0.6617 0.2366 0.7114
vn -0.6586 -0.1218 0.7425
vn -0.3873 -0.9220 -0.0041
vn -0.3863 -0.9224 -0.0045
vn -0.3855 -0.9227 -0.0058
vn -0.6387 -0.7693 -0.0116
vn -0.6395 -0.7687 -0.0110
vn 0.6774 0.1903 -0.7106
vn 0.6253 0.3296 -0.7074
vn 0.1875 -0.6741 0.7144
vn -0.2773 0.9608 -0.0081
vn -0.5127 0.8585 -0.0001
vn -0.2774 0.9607 -0.0080
vn -0.7113 -0.0007 0.7029
vn 0.9662 -0.2576 0.0112
vn 0.7791 -0.6269 -0.0007
vn 0.7787 -0.6273 -0.0001
vn 0.7805 -0.6251 0.0041
vn 0.9662 -0.2574 -0.0107
vn 0.9660 -0.2583 -0.0116
vn -0.4743 0.8802 0.0150
vn 0.3257 0.5742 0.7511
vn -0.4744 0.8802 0.0150
vn -0.6853 -0.1454 -0.7137
vn 0.6402 -0.0488 -0.7666
vn -0.4744 0.8802 -0.0145
vn -0.4755 0.8796 -0.0134
vn 0.2426 -0.9395 -0.2419
vn 0.1700 0.6832 -0.7101
vn 0.3985 -0.5827 -0.7082
vn -0.4966 -0.4345 -0.7514
vn 0.7013 -0.0849 0.7077
vn 0.6479 -0.4312 0.6279
vn 0.7692 0.6378 -0.0399
vn -0.5920 -0.7654 0.2525
vn -0.2126 -0.6732 0.7083
vn -0.5977 -0.3553 0.7187
vn 0.6808 -0.1892 -0.7076
vn -0.2125 -0.6732 0.7083
vn -0.1146 -0.4665 0.8771
vn -0.4919 0.8698 0.0383
vn -0.3835 0.5928 0.7082
vn -0.6395 -0.7687 -0.0107
vn 0.4057 -0.9139 0.0157
vn 0.4059 -0.9138 0.0153
vn 0.4082 -0.9128 0.0128
vn 0.4085 -0.9127 0.0125
vn 0.4064 -0.9136 0.0148
vn 0.4055 -0.9139 -0.0157
vn 0.4053 -0.9140 -0.0160
vn 0.6847 0.1896 0.7038
vn 0.4050 -0.9142 -0.0162
vn 0.4051 -0.9141 -0.0162
vn 0.2968 0.6439 0.7052
vn -0.8986 0.4388 -0.0021
vn -0.8987 0.4386 -0.0025
vn -0.4738 -0.5306 -0.7028
vn -0.8972 0.4416 0.0070
vn -0.8971 0.4418 0.0067
vn -0.6284 0.3143 -0.7116
vn -0.5686 0.4173 -0.7089
vn -0.4955 0.4987 -0.7112
vn -0.5896 -0.7655 -0.2577
vn 0.7691 0.6379 0.0393
vn 0.4667 -0.7006 -0.5398
vn 0.4669 -0.7004 -0.5399
vn -0.3731 -0.9276 0.0171
vn -0.3859 -0.9220 0.0317
vn -0.3787 -0.9252 0.0235
vn -0.3642 -0.9309 0.0277
vn -0.3717 -0.9282 0.0157
vn -0.6393 -0.7689 0.0098
vn 0.4688 -0.6979 -0.5414
vn -0.6406 -0.7678 0.0110
vn 0.4689 -0.6976 -0.5417
vn 0.1666 0.6833 0.7109
vn -0.4979 -0.4994 -0.7091
vn -0.5127 0.8586 -0.0001
vn -0.5129 0.8585 0.0001
vn -0.5080 -0.6704 -0.5408
vn -0.4747 0.8800 0.0144
vn -0.4755 0.8796 0.0134
vn -0.4979 -0.4994 0.7091
vn -0.4978 -0.4994 0.7091
vn -0.3593 -0.6084 0.7076
vn -0.3593 -0.6084 -0.7076
vn -0.4978 -0.4994 -0.7091
vn -0.1569 0.9234 0.3503
vn 0.9267 0.3759 0.0037
vn 0.7993 0.6010 -0.0002
vn 0.9267 0.3758 0.0038
vn 0.2970 0.6440 0.7050
vn -0.7573 0.6530 -0.0018
vn 0.4146 -0.9079 0.0612
vn -0.8865 0.4618 -0.0301
vn 0.7969 -0.5718 0.1948
vn -0.0515 -0.7664 -0.6403
vn -0.8704 0.4885 -0.0614
vn 0.7060 0.0527 0.7062
vn 0.5347 0.4604 0.7086
vn 0.6024 0.2918 -0.7429
vn 0.7187 -0.0964 -0.6886
vn -0.7251 0.6860 0.0603
vn -0.3788 0.9255 0.0004
vn 0.9089 0.4164 -0.0244
vn 0.9100 0.4140 -0.0217
vn -0.0623 0.7112 -0.7002
vn -0.3205 0.6262 -0.7108
vn 0.9100 0.4141 -0.0219
vn 0.9096 0.4149 -0.0228
vn -0.3771 -0.9259 0.0216
vn -0.3820 -0.9238 0.0267
vn 0.4670 -0.7004 -0.5399
vn -0.6445 -0.7646 -0.0003
vn -0.3739 -0.9273 0.0182
vn -0.3744 -0.9271 0.0187
vn -0.6393 -0.7689 0.0123
vn -0.3840 -0.9233 0.0073
vn -0.3859 -0.9225 0.0052
vn -0.3900 -0.9208 0.0004
vn -0.3983 -0.9172 -0.0085
vn -0.6583 0.2536 -0.7088
vn 0.4081 -0.9128 -0.0151
vn 0.4095 -0.9122 -0.0136
vn 0.6846 0.1920 0.7032
vn -0.8533 -0.5214 -0.0000
vn 0.4079 -0.9129 -0.0153
vn 0.4087 -0.9126 -0.0144
vn 0.4085 -0.9126 -0.0145
vn -0.9999 -0.0153 -0.0000
vn 0.4766 0.8394 0.2613
vn -0.5896 -0.7656 -0.2575
vn 0.4667 -0.7006 -0.5397
vn 0.4670 -0.7003 -0.5399
vn 0.7299 0.0352 0.6827
vn -0.9667 0.2558 -0.0090
vn -0.9159 0.4014 0.0002
vn -0.2472 0.6581 -0.7112
vn 0.9791 -0.2032 -0.0000
vn -0.4765 0.8791 -0.0122
vn -0.8280 -0.0450 0.5589
vn -0.4767 0.8790 -0.0124
vn -0.4765 0.8791 -0.0130
vn 0.7783 -0.6279 -0.0008
vn 0.9662 -0.2576 -0.0110
vn 0.9662 -0.2574 -0.0109
vn -0.7255 0.0340 0.6874
vn 0.9210 -0.3894 -0.0053
vn -0.5532 0.4266 -0.7155
vn 0.6481 -0.4307 0.6280
vn -0.4490 -0.8935 0.0092
vn -0.4453 -0.8953 0.0138
vn -0.4361 -0.8996 0.0240
vn -0.7113 -0.0009 0.7029
vn -0.2783 0.9605 -0.0072
vn -0.2797 0.9601 -0.0057
vn -0.5140 0.8578 0.0013
vn -0.9913 0.1314 0.0012
vn -0.9569 0.2903 0.0023
vn -0.6409 -0.7676 0.0113
vn 0.6846 0.1902 0.7036
vn -0.1546 0.9234 -0.3512
vn -0.5972 -0.3525 -0.7205
vn -0.5060 -0.6732 -0.5391
vn -0.4771 0.8788 0.0116
vn -0.4766 0.8790 0.0122
vn 0.1083 0.7000 -0.7059
vn -0.1119 -0.6947 -0.7106
vn -0.2148 -0.6723 -0.7084
vn -0.5684 0.4177 0.7088
vn -0.7565 -0.1352 0.6398
vn 0.0959 0.8451 0.5260
vn 0.6851 0.1892 -0.7034
vn 0.6842 0.1787 -0.7071
vn -0.1859 -0.6785 0.7107
vn 0.4642 -0.8854 0.0240
vn 0.4634 -0.8858 0.0247
vn 0.4634 -0.8858 0.0248
vn 0.7286 -0.0175 -0.6847
vn -0.4196 -0.5678 -0.7082
vn 0.4641 -0.8855 -0.0241
vn 0.4634 -0.8858 -0.0247
vn 0.7287 -0.0177 0.6846
vn -0.3228 0.6223 -0.7132
vn 0.9084 0.4174 -0.0243
vn 0.9088 0.4166 -0.0239
vn 0.9091 0.4160 -0.0234
vn 0.9088 0.4165 -0.0233
vn -0.2379 0.6662 0.7068
vn -0.2757 0.9612 -0.0099
vn -0.5116 0.8592 -0.0012
vn -0.2769 0.9609 -0.0086
vn -0.5969 -0.3525 0.7208
vn -0.1554 0.9236 0.3504
vn 0.6843 0.1903 -0.7039
vn -0.4195 -0.5678 0.7082
vn 0.6808 -0.1893 -0.7076
vn 0.9091 0.4158 -0.0236
vn 0.9614 0.2750 -0.0001
vn -0.7067 0.0056 -0.7075
vn -0.4556 0.3931 0.7987
vn 0.6797 0.1787 0.7113
vn -0.3769 -0.9260 -0.0211
vn -0.3213 -0.9461 0.0405
vn -0.3577 -0.9338 0.0017
vn -0.3736 -0.9274 -0.0175
vn -0.3717 -0.9282 -0.0155
vn -0.6431 -0.7658 0.0012
vn 0.4681 -0.6995 0.5399
vn -0.6437 -0.7653 0.0008
vn -0.7049 0.0592 0.7068
vn -0.8055 -0.5925 0.0102
vn -0.6364 -0.7713 0.0001
vn -0.4979 -0.4992 0.7092
vn 0.9661 -0.2579 0.0119
vn 0.9663 -0.2571 0.0110
vn 0.7805 -0.6251 -0.0040
vn -0.6408 -0.7676 0.0107
vn 0.9089 0.4163 0.0241
vn 0.9087 0.4167 0.0245
vn 0.9089 0.4164 0.0239
vn 0.9092 0.4157 0.0235
vn 0.9090 0.4160 0.0237
vn 0.4666 -0.7010 0.5393
vn -0.3749 -0.9269 -0.0188
vn -0.3748 -0.9269 -0.0191
vn -0.3752 -0.9267 -0.0192
vn -0.6394 -0.7688 -0.0110
vn -0.9570 0.2900 -0.0023
vn -0.9900 0.1410 -0.0011
vn -0.3656 -0.9304 -0.0274
vn -0.3731 -0.9276 -0.0174
vn -0.6387 -0.7694 -0.0104
vn -0.6396 -0.7686 -0.0113
vn 0.1666 0.6833 -0.7109
vn -0.6437 -0.7653 -0.0008
vn 0.4063 -0.9136 0.0148
vn 0.4082 -0.9128 0.0126
vn 0.4080 -0.9129 0.0129
vn -0.4058 -0.5774 -0.7084
vn 0.4358 0.5551 0.7085
vn 0.3466 0.6118 0.7110
vn -0.9597 0.2809 -0.0000
vn -0.9919 0.1274 -0.0000
vn -0.5974 -0.3521 0.7205
vn -0.4795 0.8775 0.0080
vn 0.3119 0.5914 0.7436
vn -0.6871 -0.1461 -0.7117
vn -0.9541 0.2994 -0.0000
vn -0.6469 -0.7626 0.0001
vn 0.3122 -0.6339 0.7076
vn -0.5259 -0.8498 0.0363
vn 0.4681 -0.6990 -0.5407
vn 0.7690 0.6379 0.0400
vn -0.5889 -0.7658 -0.2582
vn -0.7029 0.0724 -0.7076
vn -0.6545 0.2519 0.7129
vn 0.3884 0.5895 0.7082
vn 0.5255 0.4664 -0.7116
vn 0.7597 -0.1629 0.6295
vn 0.7738 0.6317 -0.0466
vn -0.6361 -0.7479 0.1897
vn -0.2148 -0.6723 0.7084
vn -0.1119 -0.6947 0.7106
vn 0.4219 -0.5673 -0.7072
vn -0.4740 -0.5316 0.7019
vn -0.8987 0.4385 0.0037
vn -0.8991 0.4377 0.0045
vn 0.4053 -0.9140 -0.0158
vn 0.6846 0.1900 0.7038
vn 0.4057 -0.9139 -0.0154
vn 0.4061 -0.9137 -0.0150
vn 0.4061 -0.9137 -0.0151
vn -0.6742 -0.2089 0.7084
vn -0.9552 -0.2960 -0.0000
vn 0.4682 -0.6988 0.5408
vn -0.3752 -0.9267 -0.0190
vn -0.3751 -0.9268 -0.0192
vn -0.3749 -0.9269 -0.0187
vn -0.6469 -0.7625 -0.0000
vn -0.6471 -0.7624 -0.0002
vn 0.3226 -0.9465 -0.0001
vn -0.5119 0.8591 0.0009
vn -0.2756 0.9612 0.0101
vn -0.2768 0.9609 0.0087
vn -0.4708 0.8822 -0.0028
vn -0.4805 0.8770 -0.0082
vn -0.4781 0.8782 -0.0110
vn -0.5146 -0.8575 -0.0000
vn 0.4358 0.5551 -0.7085
vn -0.5585 0.4236 0.7132
vn -0.6318 0.3166 0.7075
vn -0.4899 -0.8717 0.0063
vn -0.5029 0.8643 0.0001
vn -0.5683 0.4179 -0.7088
vn -0.5968 -0.3537 0.7202
vn -0.1529 0.9232 0.3526
vn -0.6447 -0.7645 0.0012
vn -0.6363 -0.7714 0.0001
vn 0.9089 0.4163 0.0231
vn -0.5034 0.8640 -0.0008
vn 0.4448 0.4878 0.7511
vn -0.2676 0.9635 -0.0026
vn -0.3610 0.6067 -0.7082
vn -0.8971 0.4418 -0.0000
vn 0.5197 0.4777 0.7083
vn -0.8986 0.4387 -0.0038
vn -0.8990 0.4379 -0.0046
vn -0.0699 0.7018 -0.7090
vn -0.8846 0.4660 0.0184
vn -0.8853 0.4645 0.0203
vn -0.8858 0.4636 0.0213
vn 0.3567 0.6063 -0.7108
vn -0.6782 0.1855 0.7111
vn -0.5692 0.3931 0.7221
vn -0.6451 -0.7641 0.0003
vn -0.3749 -0.9269 0.0193
vn -0.3740 -0.9273 0.0182
vn -0.3724 -0.9279 0.0163
vn 0.4668 -0.7006 -0.5397
vn 0.6844 0.1901 -0.7039
vn -0.1524 0.9233 0.3527
vn -0.5967 -0.3530 0.7206
vn 0.9092 0.4158 0.0234
vn -0.7075 0.0573 -0.7044
vn -0.8187 -0.5741 -0.0097
vn -0.6447 -0.7644 0.0002
vn -0.4448 0.5497 -0.7070
vn 0.4076 -0.9130 -0.0156
vn 0.5683 0.4293 0.7020
vn 0.0016 -0.7063 0.7079
vn 0.4537 -0.5408 -0.7083
vn -0.4486 0.5465 -0.7072
vn -0.6397 -0.7685 -0.0108
vn -0.2069 -0.6749 0.7083
vn 0.7064 0.0028 0.7078
vn 0.0835 0.7046 0.7047
vn 0.4058 -0.9138 -0.0153
vn 0.0016 0.7063 -0.7079
vn 0.6542 -0.2483 -0.7144
vn -0.6742 -0.2090 0.7083
vn -0.9090 -0.4169 -0.0000
vn 0.7379 0.6749 -0.0000
vn 0.8787 0.4773 -0.0000
vn 0.9906 0.1370 -0.0000
vn 0.4369 0.4680 -0.7682
vt 0.759542 1.000000
vt 0.786260 1.000000
vt 0.786260 0.600000
vt 0.905263 0.000000
vt 0.326316 0.000000
vt 0.915789 0.000000
vt 0.515789 0.000000
vt 0.736842 0.000000
vt 0.600000 0.000000
vt 0.625000 0.500000
vt 0.583333 1.000000
vt 0.625000 1.000000
vt 0.937500 0.500000
vt 0.895833 1.000000
vt 0.937500 1.000000
vt 0.288945 0.000000
vt 0.286432 0.500000
vt 0.288945 0.500000
vt 0.118519 0.200000
vt 0.118519 0.500000
vt 0.133333 0.300000
vt 0.663158 0.000000
vt 0.652632 0.000000
vt 0.084211 0.000000
vt 0.591463 0.800000
vt 0.603659 0.800000
vt 0.603659 0.500000
vt 0.380000 0.000000
vt 0.366667 0.500000
vt 0.380000 0.500000
vt 0.311475 0.500000
vt 0.344262 1.000000
vt 0.344262 0.500000
vt 0.673333 0.100000
vt 0.680000 0.500000
vt 0.680000 0.100000
vt 0.919540 0.200000
vt 0.925287 0.000000
vt 0.919540 0.000000
vt 0.166667 0.000000
vt 0.125000 0.500000
vt 0.166667 0.500000
vt 0.020000 0.000000
vt 0.033333 0.500000
vt 0.033333 0.000000
vt 0.166667 1.000000
vt 0.628141 0.300000
vt 0.628141 0.200000
vt 0.623116 0.200000
vt 0.000000 0.500000
vt 0.041667 0.500000
vt 1.000000 0.000000
vt 0.958333 1.000000
vt 0.000000 1.000000
vt 1.000000 0.500000
vt 0.919540 1.000000
vt 0.925287 0.800000
vt 0.919540 0.800000
vt 0.346734 0.200000
vt 0.341709 0.000000
vt 0.341709 0.200000
vt 0.226667 1.000000
vt 0.260000 0.500000
vt 0.226667 0.500000
vt 0.850427 0.000000
vt 0.841880 0.000000
vt 0.521368 0.000000
vt 0.637255 0.500000
vt 0.627451 1.000000
vt 0.637255 1.000000
vt 0.934866 0.000000
vt 0.490421 0.000000
vt 0.096296 0.700000
vt 0.103704 0.800000
vt 0.111111 0.500000
vt 0.034351 0.700000
vt 0.038168 0.800000
vt 0.041985 0.500000
vt 0.082915 0.400000
vt 0.082915 0.300000
vt 0.040201 0.500000
vt 0.476510 0.000000
vt 0.865772 0.000000
vt 0.859060 0.000000
vt 0.475096 0.000000
vt 0.950192 0.000000
vt 0.836683 0.500000
vt 0.839196 0.800000
vt 0.839196 0.500000
vt 0.833333 1.000000
vt 0.833333 0.500000
vt 0.812500 0.500000
vt 0.694737 0.000000
vt 0.715789 0.000000
vt 0.031579 0.000000
vt 0.666667 0.000000
vt 0.666667 0.500000
vt 0.020000 1.000000
vt 0.033333 1.000000
vt 0.774566 0.000000
vt 0.768786 0.000000
vt 0.919075 0.000000
vt 0.958333 0.500000
vt 0.467337 0.700000
vt 0.472362 0.700000
vt 0.467337 0.500000
vt 0.541667 0.500000
vt 0.583333 0.000000
vt 0.541667 0.000000
vt 0.273333 0.500000
vt 0.260000 1.000000
vt 0.273333 1.000000
vt 0.375000 0.000000
vt 0.333333 0.500000
vt 0.375000 0.500000
vt 0.625954 0.300000
vt 0.625954 0.200000
vt 0.618321 0.200000
vt 0.221374 1.000000
vt 0.232824 0.800000
vt 0.221374 0.800000
vt 0.208092 0.000000
vt 0.069364 0.000000
vt 0.000000 0.000000
vt 0.633166 0.600000
vt 0.650754 1.000000
vt 0.650754 0.500000
vt 0.278689 0.500000
vt 0.311475 1.000000
vt 0.800000 0.000000
vt 0.821053 0.000000
vt 0.431579 0.000000
vt 0.190476 0.000000
vt 0.182540 0.500000
vt 0.190476 0.500000
vt 0.395833 0.500000
vt 0.375000 1.000000
vt 0.484127 0.200000
vt 0.460317 0.000000
vt 0.460317 0.200000
vt 0.291667 0.000000
vt 0.291667 0.500000
vt 0.395833 1.000000
vt 0.437500 0.500000
vt 0.994253 0.000000
vt 0.988506 0.500000
vt 0.994253 0.500000
vt 0.797710 0.200000
vt 0.793893 0.200000
vt 0.790076 0.300000
vt 0.791667 1.000000
vt 0.791667 0.500000
vt 0.801008 0.000000
vt 0.224181 0.000000
vt 0.806045 0.000000
vt 0.689655 0.500000
vt 0.724138 1.000000
vt 0.724138 0.500000
vt 0.125000 0.000000
vt 0.083333 0.500000
vt 0.321839 0.000000
vt 0.310345 0.500000
vt 0.321839 0.500000
vt 0.833333 0.000000
vt 0.852941 0.500000
vt 0.852941 0.000000
vt 0.312500 0.500000
vt 0.875000 1.000000
vt 0.186398 0.000000
vt 0.841310 0.000000
vt 0.831234 0.000000
vt 0.336683 0.800000
vt 0.339196 0.800000
vt 0.341709 0.800000
vt 0.804020 0.500000
vt 0.809045 0.000000
vt 0.804020 0.000000
vt 0.583333 0.500000
vt 0.236181 0.500000
vt 0.236181 0.000000
vt 0.233668 0.000000
vt 0.133333 0.800000
vt 0.118519 0.800000
vt 0.118519 1.000000
vt 0.354167 1.000000
vt 0.354167 0.500000
vt 0.708333 0.500000
vt 0.750000 1.000000
vt 0.750000 0.500000
vt 0.500000 1.000000
vt 0.541667 1.000000
vt 0.315789 0.000000
vt 0.926316 0.000000
vt 0.947368 0.000000
vt 0.526316 0.000000
vt 0.153266 1.000000
vt 0.153266 0.500000
vt 0.135678 0.500000
vt 0.022613 0.800000
vt 0.025126 0.800000
vt 0.027638 0.800000
vt 0.557789 0.100000
vt 0.560301 0.500000
vt 0.560301 0.100000
vt 0.500000 0.500000
vt 0.458333 0.000000
vt 0.458333 0.500000
vt 0.925373 0.000000
vt 0.932836 0.000000
vt 0.671642 0.000000
vt 0.274510 1.000000
vt 0.274510 0.500000
vt 0.264706 0.500000
vt 0.729167 0.000000
vt 0.770833 0.500000
vt 0.770833 0.000000
vt 0.503704 0.400000
vt 0.503704 0.500000
vt 0.577778 0.500000
vt 0.766667 0.500000
vt 0.780000 0.500000
vt 0.766667 0.000000
vt 0.053435 0.800000
vt 0.053435 0.700000
vt 0.045802 0.800000
vt 0.880952 0.500000
vt 0.888889 0.000000
vt 0.880952 0.000000
vt 0.188442 0.500000
vt 0.198492 0.000000
vt 0.188442 0.000000
vt 0.533333 0.500000
vt 0.520000 1.000000
vt 0.533333 1.000000
vt 0.014815 0.500000
vt 0.007407 1.000000
vt 0.014815 1.000000
vt 0.620690 0.000000
vt 0.643678 0.500000
vt 0.643678 0.000000
vt 0.250000 0.000000
vt 0.250000 0.500000
vt 0.866667 0.000000
vt 0.896296 0.300000
vt 0.903704 0.000000
vt 0.793893 0.800000
vt 0.797710 0.800000
vt 0.797710 0.500000
vt 0.664122 0.500000
vt 0.755725 0.000000
vt 0.664122 0.000000
vt 0.346734 1.000000
vt 0.344221 0.800000
vt 0.625954 0.500000
vt 0.629771 0.400000
vt 0.388889 1.000000
vt 0.444444 0.600000
vt 0.388889 0.500000
vt 0.875000 0.500000
vt 0.737805 0.400000
vt 0.737805 0.300000
vt 0.634146 0.500000
vt 0.484127 0.500000
vt 0.468254 0.500000
vt 0.468254 0.800000
vt 1.000000 0.900000
vt 0.960000 0.500000
vt 0.960000 0.900000
vt 0.820000 0.000000
vt 0.813333 0.000000
vt 0.820000 0.500000
vt 0.623116 0.500000
vt 0.620603 0.200000
vt 0.708333 1.000000
vt 0.603053 0.000000
vt 0.606870 0.300000
vt 0.610687 0.200000
vt 0.844828 0.500000
vt 0.839080 1.000000
vt 0.844828 1.000000
vt 0.334171 0.700000
vt 0.334171 1.000000
vt 0.875000 0.000000
vt 0.916667 0.500000
vt 0.916667 0.000000
vt 0.416667 0.000000
vt 0.185930 0.500000
vt 0.185930 0.000000
vt 0.010526 0.000000
vt 0.225191 0.800000
vt 0.225191 0.500000
vt 0.475410 0.500000
vt 0.442623 1.000000
vt 0.475410 1.000000
vt 0.333333 0.000000
vt 0.232824 0.500000
vt 0.232824 0.200000
vt 0.225191 0.200000
vt 0.160000 0.000000
vt 0.786260 0.000000
vt 0.364162 0.000000
vt 0.375723 0.000000
vt 0.416185 0.000000
vt 0.992593 0.300000
vt 0.992593 0.500000
vt 0.881679 0.500000
vt 0.885496 0.500000
vt 0.885496 0.000000
vt 0.755725 0.500000
vt 0.623116 0.000000
vt 0.281407 0.500000
vt 0.286432 0.000000
vt 0.281407 0.000000
vt 0.477099 0.500000
vt 0.492366 0.000000
vt 0.477099 0.000000
vt 0.854167 1.000000
vt 0.271357 0.500000
vt 0.271357 1.000000
vt 0.276382 1.000000
vt 0.061069 0.600000
vt 0.057252 0.600000
vt 0.032663 0.300000
vt 0.032663 0.400000
vt 0.040201 0.000000
vt 0.645833 0.500000
vt 0.645833 0.000000
vt 0.140244 1.000000
vt 0.146341 0.500000
vt 0.140244 0.500000
vt 0.770115 0.500000
vt 0.758621 1.000000
vt 0.770115 1.000000
vt 0.347368 0.000000
vt 0.884211 0.000000
vt 0.293970 0.500000
vt 0.293970 0.000000
vt 0.291457 0.000000
vt 0.791667 0.000000
vt 0.469466 0.500000
vt 0.427481 0.000000
vt 0.427481 0.500000
vt 0.603053 0.400000
vt 0.553435 0.000000
vt 0.603053 0.500000
vt 0.250000 1.000000
vt 0.291667 1.000000
vt 0.376238 0.000000
vt 0.396040 0.000000
vt 0.881188 0.000000
vt 0.904523 0.800000
vt 0.902010 0.800000
vt 0.899498 0.800000
vt 0.758621 0.000000
vt 0.747126 0.500000
vt 0.758621 0.500000
vt 0.607843 0.100000
vt 0.598039 0.500000
vt 0.607843 0.500000
vt 0.444444 1.000000
vt 0.451852 0.700000
vt 0.432161 0.000000
vt 0.371859 0.500000
vt 0.432161 0.500000
vt 0.117647 0.000000
vt 0.107843 0.500000
vt 0.117647 0.500000
vt 0.127451 0.500000
vt 0.127451 0.000000
vt 0.137255 0.200000
vt 0.137255 0.500000
vt 0.805344 0.200000
vt 0.812977 0.300000
vt 0.824427 0.000000
vt 0.147059 0.500000
vt 0.147059 0.200000
vt 0.916667 1.000000
vt 0.770492 0.200000
vt 0.754098 0.500000
vt 0.770492 0.500000
vt 0.170732 0.000000
vt 0.170732 0.500000
vt 0.182927 0.500000
vt 0.688525 0.500000
vt 0.770492 0.800000
vt 0.480000 1.000000
vt 0.473333 0.500000
vt 0.473333 1.000000
vt 0.206897 1.000000
vt 0.183908 0.500000
vt 0.183908 1.000000
vt 0.937500 0.000000
vt 0.979167 0.500000
vt 0.979167 0.000000
vt 0.083333 1.000000
vt 0.196319 0.000000
vt 0.208589 0.000000
vt 0.313726 0.500000
vt 0.313726 0.000000
vt 0.392157 0.000000
vt 0.411765 0.500000
vt 0.411765 0.000000
vt 0.633588 0.400000
vt 0.198492 1.000000
vt 0.198492 0.500000
vt 0.894737 0.000000
vt 0.063158 0.000000
vt 0.673684 0.000000
vt 0.083333 0.000000
vt 0.450980 0.000000
vt 0.460784 0.500000
vt 0.460784 0.000000
vt 0.431373 0.500000
vt 0.431373 0.000000
vt 0.480392 0.000000
vt 0.480392 0.500000
vt 0.355705 0.000000
vt 0.348993 0.000000
vt 0.986577 0.000000
vt 0.145833 1.000000
vt 0.104167 1.000000
vt 0.040000 0.100000
vt 0.040000 0.500000
vt 0.120000 0.500000
vt 0.333333 0.600000
vt 0.327586 0.500000
vt 0.235632 0.500000
vt 0.125000 1.000000
vt 0.196532 0.000000
vt 0.057803 0.000000
vt 0.265896 0.000000
vt 0.373563 0.400000
vt 0.379310 0.400000
vt 0.379310 0.500000
vt 0.049020 0.500000
vt 0.107843 1.000000
vt 0.617647 0.000000
vt 0.607843 0.900000
vt 0.607843 1.000000
vt 0.617647 1.000000
vt 0.627451 0.000000
vt 0.617647 0.500000
vt 0.627451 0.500000
vt 0.714286 0.600000
vt 0.714286 0.700000
vt 0.777778 0.500000
vt 0.712644 0.500000
vt 0.992593 0.700000
vt 1.000000 1.000000
vt 0.500000 0.000000
vt 0.329268 0.600000
vt 0.329268 1.000000
vt 0.371951 1.000000
vt 0.715686 0.500000
vt 0.764706 0.000000
vt 0.715686 0.000000
vt 0.764706 0.500000
vt 0.784314 0.000000
vt 0.469849 0.700000
vt 0.464824 0.800000
vt 0.200000 0.000000
vt 0.280000 0.500000
vt 0.280000 0.000000
vt 0.459259 0.800000
vt 0.466667 0.800000
vt 0.466667 0.500000
vt 0.791457 0.000000
vt 0.793970 0.500000
vt 0.793970 0.000000
vt 0.872549 0.500000
vt 0.852941 1.000000
vt 0.872549 1.000000
vt 0.344262 0.000000
vt 0.311475 0.000000
vt 0.814815 0.500000
vt 0.866667 1.000000
vt 0.866667 0.500000
vt 0.353333 1.000000
vt 0.346667 0.500000
vt 0.346667 1.000000
vt 0.804020 1.000000
vt 0.798995 0.500000
vt 0.798995 1.000000
vt 0.933333 0.500000
vt 0.948148 1.000000
vt 0.948148 0.500000
vt 0.339196 0.200000
vt 0.336683 0.200000
vt 0.119048 0.400000
vt 0.111111 0.300000
vt 0.339695 0.300000
vt 0.343511 0.300000
vt 0.339695 0.200000
vt 0.208333 1.000000
vt 0.208333 0.500000
vt 0.195402 0.200000
vt 0.201149 0.000000
vt 0.195402 0.000000
vt 0.854167 0.500000
vt 0.812500 1.000000
vt 0.041667 1.000000
vt 0.513333 1.000000
vt 0.513333 0.500000
vt 0.506667 1.000000
vt 0.660000 1.000000
vt 0.653333 0.500000
vt 0.653333 1.000000
vt 0.416667 1.000000
vt 0.458333 1.000000
vt 0.724138 0.000000
vt 0.512563 0.500000
vt 0.510050 0.000000
vt 0.510050 0.500000
vt 0.687500 1.000000
vt 0.729167 0.500000
vt 0.687500 0.500000
vt 0.666667 1.000000
vt 0.729167 1.000000
vt 0.625000 0.000000
vt 0.187500 0.500000
vt 0.208333 0.000000
vt 0.812500 0.000000
vt 0.369347 0.500000
vt 0.371859 0.000000
vt 0.369347 0.000000
vt 0.958333 0.000000
vt 0.860000 0.500000
vt 0.873333 1.000000
vt 0.873333 0.500000
vt 0.850575 0.500000
vt 0.839080 0.000000
vt 0.839080 0.500000
vt 0.809045 1.000000
vt 0.126667 0.000000
vt 0.073333 0.500000
vt 0.126667 0.500000
vt 0.011494 0.500000
vt 0.034483 1.000000
vt 0.034483 0.500000
vt 0.145833 0.500000
vt 0.768293 0.500000
vt 0.774390 0.200000
vt 0.768293 0.200000
vt 0.858779 0.500000
vt 0.858779 1.000000
vt 0.866412 0.500000
vt 0.620603 0.700000
vt 0.620603 0.800000
vt 0.623116 0.800000
vt 0.312500 1.000000
vt 0.333333 1.000000
vt 0.120603 0.000000
vt 0.123116 0.500000
vt 0.123116 0.000000
vt 0.460000 0.500000
vt 0.706349 0.700000
vt 0.706349 0.800000
vt 0.708333 0.000000
vt 0.268293 0.000000
vt 0.286585 0.300000
vt 0.292683 0.200000
vt 0.750000 0.000000
vt 0.395833 0.000000
vt 0.416667 0.500000
vt 0.946667 0.000000
vt 0.873333 0.000000
vt 0.491803 1.000000
vt 0.508197 0.500000
vt 0.491803 0.500000
vt 0.894472 0.400000
vt 0.896985 0.300000
vt 0.889447 0.000000
vt 0.997487 0.500000
vt 0.015075 0.500000
vt 0.015075 0.400000
vt 0.573171 1.000000
vt 0.579268 0.700000
vt 0.573171 0.600000
vt 0.015075 0.000000
vt 0.017588 0.300000
vt 0.020101 0.200000
vt 0.459799 0.800000
vt 0.462312 0.800000
vt 0.138728 0.000000
vt 0.473282 1.000000
vt 0.477099 1.000000
vt 0.480392 1.000000
vt 0.392593 0.500000
vt 0.385185 1.000000
vt 0.392593 1.000000
vt 0.427481 1.000000
vt 0.423664 0.500000
vt 0.423664 1.000000
vt 0.126667 1.000000
vt 0.120603 0.500000
vt 0.356322 0.200000
vt 0.356322 0.100000
vt 0.350575 0.100000
vt 0.316794 0.600000
vt 0.312977 0.600000
vt 0.312977 0.500000
vt 0.515075 1.000000
vt 0.517588 1.000000
vt 0.515075 0.500000
vt 0.914573 0.600000
vt 0.914573 1.000000
vt 0.932161 1.000000
vt 0.090452 0.100000
vt 0.087940 0.000000
vt 0.087940 0.100000
vt 0.095477 0.500000
vt 0.095477 0.800000
vt 0.097990 0.800000
vt 0.087940 1.000000
vt 0.090452 0.900000
vt 0.087940 0.900000
vt 0.690476 0.200000
vt 0.690476 0.100000
vt 0.682540 0.100000
vt 0.100503 1.000000
vt 0.100503 0.700000
vt 0.097990 0.700000
vt 0.092965 0.200000
vt 0.095477 0.200000
vt 0.092965 0.100000
vt 0.706349 0.200000
vt 0.706349 0.300000
vt 0.714286 0.300000
vt 0.807407 0.500000
vt 0.814815 0.000000
vt 0.807407 0.000000
vt 0.722222 0.500000
vt 0.722222 0.600000
vt 0.022901 0.500000
vt 0.950382 1.000000
vt 0.022901 1.000000
vt 0.813725 0.500000
vt 0.803922 0.000000
vt 0.803922 0.500000
vt 0.570352 0.500000
vt 0.020134 0.000000
vt 0.308725 0.000000
vt 0.322148 0.000000
vt 0.155779 0.000000
vt 0.155779 0.500000
vt 0.155779 1.000000
vt 0.526718 0.500000
vt 0.534351 0.000000
vt 0.526718 0.000000
vt 0.674603 0.100000
vt 0.674603 0.200000
vt 0.909548 1.000000
vt 0.907035 0.800000
vt 0.993902 0.000000
vt 0.987805 0.500000
vt 0.993902 0.500000
vt 0.183417 0.500000
vt 0.185930 1.000000
vt 0.188442 1.000000
vt 0.344828 0.800000
vt 0.339080 0.700000
vt 0.333333 0.700000
vt 0.534351 0.500000
vt 0.459799 0.200000
vt 0.457286 0.200000
vt 0.454774 0.300000
vt 0.294118 0.500000
vt 0.506667 0.500000
vt 0.343511 0.400000
vt 0.347328 0.400000
vt 0.347328 0.500000
vt 0.409836 0.000000
vt 0.442623 0.500000
vt 0.442623 0.000000
vt 0.914573 0.400000
vt 0.932161 0.500000
vt 0.932161 0.000000
vt 0.241206 0.000000
vt 0.246231 0.100000
vt 0.320000 0.500000
vt 0.360000 0.500000
vt 0.360000 0.000000
vt 0.246231 0.900000
vt 0.243719 0.500000
vt 0.243719 0.900000
vt 0.927481 0.500000
vt 0.946565 0.200000
vt 0.931298 0.000000
vt 0.180000 0.900000
vt 0.173333 0.500000
vt 0.173333 0.900000
vt 0.248744 0.500000
vt 0.246231 0.500000
vt 0.615578 0.600000
vt 0.565327 1.000000
vt 0.256281 0.000000
vt 0.353333 0.000000
vt 0.346667 0.000000
vt 0.819095 0.500000
vt 0.809045 0.500000
vt 0.036585 0.500000
vt 0.048780 1.000000
vt 0.048780 0.500000
vt 0.286432 1.000000
vt 0.281407 1.000000
vt 0.291457 0.500000
vt 0.288945 1.000000
vt 0.291457 1.000000
vt 0.625954 1.000000
vt 0.622137 0.800000
vt 0.618321 0.800000
vt 0.298995 0.500000
vt 0.293970 1.000000
vt 0.298995 1.000000
vt 0.653266 0.000000
vt 0.650754 0.000000
vt 0.048780 0.000000
vt 0.036585 0.000000
vt 0.153333 0.500000
vt 0.160000 0.500000
vt 0.895833 0.000000
vt 0.020101 0.800000
vt 0.022613 0.500000
vt 0.111111 0.700000
vt 0.126984 0.600000
vt 0.119048 0.600000
vt 0.111111 1.000000
vt 0.103175 0.800000
vt 0.095238 0.800000
vt 0.585366 1.000000
vt 0.585366 0.800000
vt 0.346734 0.500000
vt 0.349246 0.400000
vt 0.346734 0.300000
vt 0.349246 0.600000
vt 0.351759 0.500000
vt 0.912060 0.600000
vt 0.909548 0.700000
vt 0.965517 0.500000
vt 0.942529 0.500000
vt 0.965517 1.000000
vt 0.853333 0.500000
vt 0.840000 0.500000
vt 0.840000 1.000000
vt 0.351759 0.600000
vt 0.948276 0.400000
vt 0.948276 0.000000
vt 0.936782 0.300000
vt 0.380952 0.500000
vt 0.190476 1.000000
vt 0.380952 1.000000
vt 0.476190 1.000000
vt 0.476190 0.800000
vt 0.047619 1.000000
vt 0.071429 0.700000
vt 0.063492 0.600000
vt 0.091603 0.500000
vt 0.183206 1.000000
vt 0.183206 0.500000
vt 0.468254 0.200000
vt 0.591463 0.500000
vt 0.591463 0.200000
vt 0.585366 0.200000
vt 0.444444 0.400000
vt 0.451852 0.400000
vt 0.451852 0.300000
vt 0.517588 0.500000
vt 0.522613 0.000000
vt 0.517588 0.000000
vt 0.460317 0.800000
vt 0.450980 0.500000
vt 0.985185 0.700000
vt 0.985185 0.500000
vt 0.444444 0.500000
vt 0.264368 0.500000
vt 0.287356 1.000000
vt 0.287356 0.500000
vt 0.079365 0.800000
vt 0.079365 0.900000
vt 0.505025 0.000000
vt 0.505025 0.500000
vt 0.555556 0.000000
vt 0.807692 0.000000
vt 0.816239 0.000000
vt 0.371859 1.000000
vt 0.510050 1.000000
vt 0.512563 1.000000
vt 0.725926 0.000000
vt 0.740741 0.500000
vt 0.785185 0.000000
vt 0.620690 0.500000
vt 0.632184 0.500000
vt 0.632184 0.000000
vt 0.183417 0.000000
vt 0.793893 0.000000
vt 0.434673 0.500000
vt 0.452261 0.500000
vt 0.452261 0.400000
vt 0.825397 0.500000
vt 0.785714 1.000000
vt 0.880952 1.000000
vt 0.902299 0.600000
vt 0.902299 0.500000
vt 0.335878 0.500000
vt 0.335878 0.800000
vt 0.339695 0.800000
vt 0.688889 0.500000
vt 0.674074 1.000000
vt 0.688889 1.000000
vt 0.555276 0.100000
vt 0.557789 0.000000
vt 0.062500 1.000000
vt 0.837838 0.000000
vt 0.819820 0.000000
vt 0.270270 0.000000
vt 0.300000 0.500000
vt 0.286667 1.000000
vt 0.300000 1.000000
vt 0.658730 0.300000
vt 0.666667 0.300000
vt 0.377863 0.500000
vt 0.374046 0.000000
vt 0.374046 0.500000
vt 0.208543 0.000000
vt 0.208543 0.500000
vt 0.597701 0.000000
vt 0.574713 0.500000
vt 0.597701 0.500000
vt 0.618090 0.700000
vt 0.615578 0.700000
vt 0.324427 0.900000
vt 0.328244 0.900000
vt 0.328244 0.500000
vt 0.615578 0.300000
vt 0.618090 0.300000
vt 0.620603 0.300000
vt 0.925287 0.200000
vt 0.913793 0.200000
vt 0.908046 0.300000
vt 0.534351 1.000000
vt 0.909548 0.300000
vt 0.909548 0.200000
vt 0.904523 0.200000
vt 0.629771 0.600000
vt 0.633588 0.500000
vt 0.630653 0.600000
vt 0.628141 0.700000
vt 0.914573 0.500000
vt 0.909548 0.500000
vt 0.022901 0.000000
vt 0.030534 0.400000
vt 0.034351 0.300000
vt 0.653266 1.000000
vt 0.653266 0.500000
vt 0.073333 0.000000
vt 0.452381 0.300000
vt 0.713568 0.000000
vt 0.716080 0.500000
vt 0.716080 0.000000
vt 0.713568 1.000000
vt 0.716080 1.000000
vt 0.183206 0.000000
vt 0.091603 0.000000
vt 0.854167 0.000000
vt 0.736181 0.700000
vt 0.733668 1.000000
vt 0.738693 0.800000
vt 0.452261 0.000000
vt 0.020101 1.000000
vt 0.160000 1.000000
vt 0.751256 0.400000
vt 0.753769 0.500000
vt 0.758794 0.500000
vt 0.240458 0.700000
vt 0.240458 0.600000
vt 0.496296 0.700000
vt 0.496296 0.600000
vt 0.481481 0.500000
vt 0.824427 0.500000
vt 0.816794 0.500000
vt 0.812977 0.600000
vt 0.637255 0.000000
vt 0.557789 0.900000
vt 0.503704 0.600000
vt 0.674603 0.800000
vt 0.666667 0.700000
vt 0.658730 0.700000
vt 0.781407 0.500000
vt 0.781407 0.000000
vt 0.640000 0.500000
vt 0.600000 0.500000
vt 0.600000 1.000000
vt 0.829146 1.000000
vt 0.826633 0.500000
vt 0.286667 0.000000
vt 0.300000 0.000000
vt 0.791457 0.500000
vt 0.791457 1.000000
vt 0.793970 1.000000
vt 0.796482 0.500000
vt 0.798995 0.000000
vt 0.770833 1.000000
vt 0.819095 1.000000
vt 0.733668 0.000000
vt 0.736181 0.300000
vt 0.738693 0.200000
vt 0.839196 0.200000
vt 0.836683 0.200000
vt 0.839196 1.000000
vt 0.841709 1.000000
vt 0.793893 1.000000
vt 0.805344 0.800000
vt 0.784314 0.500000
vt 0.356436 0.000000
vt 0.900990 0.000000
vt 0.121951 0.000000
vt 0.121951 0.500000
vt 0.140244 0.000000
vt 0.585185 0.000000
vt 0.592593 0.500000
vt 0.592593 0.000000
vt 0.606870 0.700000
vt 0.610687 0.800000
vt 0.614504 0.500000
vt 0.310345 0.000000
vt 0.287356 0.000000
vt 0.618321 0.000000
vt 0.573333 0.500000
vt 0.626667 0.000000
vt 0.573333 0.000000
vt 0.351759 0.400000
vt 0.351759 0.000000
vt 0.628141 0.500000
vt 0.630653 0.400000
vt 0.912060 0.400000
vt 0.735632 1.000000
vt 0.735632 0.500000
vt 0.746231 0.500000
vt 0.751256 0.300000
vt 0.380952 0.000000
vt 0.994975 0.500000
vt 0.934673 1.000000
vt 0.994975 1.000000
vt 0.444444 0.000000
vt 0.786260 0.400000
vt 0.790076 0.400000
vt 0.741206 0.200000
vt 0.027638 0.200000
vt 0.020101 0.000000
vt 0.892157 0.500000
vt 0.911765 0.000000
vt 0.892157 0.000000
vt 0.492063 0.800000
vt 0.484127 0.800000
vt 0.240458 0.300000
vt 0.240458 0.400000
vt 0.251908 0.000000
vt 0.452381 0.700000
vt 0.457286 0.800000
vt 0.460000 1.000000
vt 0.446667 0.500000
vt 0.446667 1.000000
vt 0.479167 0.500000
vt 0.479167 1.000000
vt 0.180000 0.500000
vt 0.148148 0.400000
vt 0.200000 0.500000
vt 0.481481 0.800000
vt 0.459259 1.000000
vt 0.095477 1.000000
vt 0.092965 0.800000
vt 0.332061 0.200000
vt 0.332061 0.100000
vt 0.328244 0.100000
vt 0.473333 0.000000
vt 0.335878 0.200000
vt 0.786585 0.500000
vt 0.829268 0.500000
vt 0.780488 0.400000
vt 0.100503 0.300000
vt 0.100503 0.400000
vt 0.020833 1.000000
vt 0.020833 0.500000
vt 0.409836 1.000000
vt 0.409836 0.500000
vt 0.045977 0.500000
vt 0.068966 0.500000
vt 0.045977 0.000000
vt 0.097990 0.300000
vt 0.097990 0.200000
vt 0.377863 0.000000
vt 0.396947 0.500000
vt 0.120603 1.000000
vt 0.123116 1.000000
vt 0.874046 0.500000
vt 0.866412 1.000000
vt 0.874046 1.000000
vt 0.041667 0.000000
vt 0.062500 0.500000
vt 0.877863 0.500000
vt 0.877863 1.000000
vt 0.520000 0.000000
vt 0.533333 0.000000
vt 0.208543 1.000000
vt 0.560000 1.000000
vt 0.573333 1.000000
vt 0.793103 0.500000
vt 0.793103 1.000000
vt 0.218593 0.500000
vt 0.223618 0.500000
vt 0.223618 0.000000
vt 0.074074 1.000000
vt 0.074074 0.500000
vt 0.223618 1.000000
vt 0.228643 1.000000
vt 0.464824 0.200000
vt 0.986667 0.500000
vt 0.986667 0.000000
vt 0.980000 0.000000
vt 0.615854 0.700000
vt 0.615854 0.600000
vt 0.419540 0.500000
vt 0.373563 0.600000
vt 0.373563 0.700000
vt 0.896985 0.700000
vt 0.902010 0.500000
vt 0.639344 1.000000
vt 0.639344 0.500000
vt 0.606557 0.500000
vt 0.904523 0.500000
vt 0.320000 1.000000
vt 0.306667 0.500000
vt 0.306667 1.000000
vt 0.263819 0.500000
vt 0.263819 1.000000
vt 0.229167 0.500000
vt 0.270833 1.000000
vt 0.270833 0.500000
vt 0.049020 0.000000
vt 0.009804 0.000000
vt 0.357895 0.000000
vt 0.540984 0.000000
vt 0.524590 0.500000
vt 0.540984 0.500000
vt 0.298995 0.000000
vt 0.274510 0.000000
vt 0.264706 0.000000
vt 0.687500 0.000000
vt 0.983607 0.800000
vt 0.983607 1.000000
vt 0.049180 1.000000
vt 0.793103 0.000000
vt 0.346734 0.700000
vt 0.341709 0.500000
vt 0.520000 0.500000
vt 0.513333 0.000000
vt 0.133333 0.500000
vt 0.140741 0.400000
vt 0.633588 0.600000
vt 0.625954 0.700000
vt 0.660305 0.000000
vt 0.633588 0.000000
vt 0.860000 1.000000
vt 0.853333 1.000000
vt 0.344828 1.000000
vt 0.367816 0.500000
vt 0.344828 0.500000
vt 0.934673 0.500000
vt 0.434673 1.000000
vt 0.452261 1.000000
vt 0.452261 0.600000
vt 0.942748 0.500000
vt 0.946565 0.500000
vt 0.568965 0.000000
vt 0.568965 0.500000
vt 0.920000 0.100000
vt 0.960000 0.000000
vt 0.880000 0.000000
vt 0.221374 0.200000
vt 0.221374 0.000000
vt 0.781407 1.000000
vt 0.786432 0.500000
vt 0.467337 0.300000
vt 0.469849 0.300000
vt 0.908046 0.700000
vt 0.913793 0.800000
vt 0.022613 0.200000
vt 0.753333 0.500000
vt 0.753333 1.000000
vt 0.660000 0.500000
vt 0.881679 0.000000
vt 0.505025 1.000000
vt 0.522613 1.000000
vt 0.527638 0.500000
vt 0.537688 0.500000
vt 0.537688 0.000000
vt 0.860000 0.000000
vt 0.741206 0.800000
vt 0.741206 0.500000
vt 0.241379 0.500000
vt 0.229885 0.000000
vt 0.229885 0.500000
vt 0.183417 1.000000
vt 0.547739 0.000000
vt 0.545226 0.500000
vt 0.346734 0.800000
vt 0.793333 0.500000
vt 0.780000 1.000000
vt 0.793333 1.000000
vt 0.911765 1.000000
vt 0.911765 0.500000
vt 0.633166 0.500000
vt 0.074074 0.000000
vt 0.014815 0.000000
vt 0.006667 0.500000
vt 0.006667 0.000000
vt 0.715686 1.000000
vt 0.738693 0.000000
vt 0.882883 0.000000
vt 0.900901 0.000000
vt 0.207207 0.000000
vt 0.645833 1.000000
vt 0.604167 0.500000
vt 0.604167 1.000000
vt 0.419540 0.000000
vt 0.425287 0.500000
vt 0.425287 0.000000
vt 0.388889 0.000000
vt 0.790076 0.700000
vt 0.712644 0.000000
vt 0.701149 0.000000
vt 0.324427 0.100000
vt 0.324427 0.200000
vt 0.354167 0.000000
vt 0.746231 0.200000
vt 0.748744 0.200000
vt 0.743719 0.200000
vt 0.464824 0.500000
vt 0.027638 0.500000
vt 0.367521 0.000000
vt 0.273504 0.000000
vt 0.264957 0.000000
vt 0.500000 0.400000
vt 0.500000 0.300000
vt 0.812977 0.700000
vt 0.805344 0.500000
vt 0.061069 1.000000
vt 0.087786 1.000000
vt 0.219512 0.600000
vt 0.268293 1.000000
vt 0.268293 0.500000
vt 0.385185 0.000000
vt 0.392593 0.000000
vt 0.786432 0.000000
vt 0.786432 1.000000
vt 0.551724 0.500000
vt 0.551724 0.400000
vt 0.563218 0.400000
vt 0.117117 0.000000
vt 0.981982 0.000000
vt 0.135135 0.000000
vt 0.133333 0.200000
vt 0.118519 0.000000
vt 0.698413 0.500000
vt 0.698413 0.200000
vt 0.053435 0.200000
vt 0.045802 0.000000
vt 0.045802 0.200000
vt 0.352941 0.000000
vt 0.352941 0.500000
vt 0.841709 0.000000
vt 0.841709 0.500000
vt 0.095238 0.500000
vt 0.946565 0.800000
vt 0.942748 0.800000
vt 0.020000 0.500000
vt 0.013333 0.000000
vt 0.079365 0.100000
vt 0.079365 0.200000
vt 0.095238 0.200000
vt 0.846667 0.000000
vt 0.036585 1.000000
vt 0.024390 0.500000
vt 0.633166 0.400000
vt 0.126984 0.500000
vt 0.914573 0.000000
vt 0.785714 0.500000
vt 0.777778 0.000000
vt 0.080402 0.500000
vt 0.082915 0.600000
vt 0.934673 0.000000
vt 0.353333 0.500000
vt 0.997487 1.000000
vt 0.015075 1.000000
vt 0.015075 0.600000
vt 0.673333 0.500000
vt 0.390805 0.000000
vt 0.390805 0.500000
vt 0.413793 0.000000
vt 0.524390 0.500000
vt 0.378049 0.000000
vt 0.378049 0.500000
vt 0.126984 1.000000
vt 0.182540 1.000000
vt 0.994975 0.000000
vt 0.997487 0.000000
vt 0.321839 1.000000
vt 0.310345 1.000000
vt 0.312500 0.000000
vt 0.459799 0.500000
vt 0.889447 0.500000
vt 0.889447 1.000000
vt 0.460000 0.000000
vt 0.519084 0.000000
vt 0.507634 0.000000
vt 0.507634 0.500000
vt 0.068966 0.000000
vt 0.091954 0.500000
vt 0.091954 0.000000
vt 0.331658 0.400000
vt 0.334171 0.300000
vt 0.803922 1.000000
vt 0.888889 1.000000
vt 0.047619 0.500000
vt 0.888889 0.500000
vt 0.655172 1.000000
vt 0.643678 1.000000
vt 0.747126 1.000000
vt 0.111111 0.200000
vt 0.095238 0.000000
vt 0.598039 0.900000
vt 0.529412 1.000000
vt 0.603659 0.200000
vt 0.585366 0.000000
vt 0.758794 1.000000
vt 0.751256 0.600000
vt 0.751256 0.700000
vt 0.698413 0.800000
vt 0.454023 0.500000
vt 0.425287 1.000000
vt 0.673333 0.900000
vt 0.700000 1.000000
vt 0.585185 0.500000
vt 0.153266 0.000000
vt 0.733668 0.500000
vt 0.733668 0.400000
vt 0.733668 0.600000
vt 0.436782 0.000000
vt 0.436782 0.500000
vt 0.500000 0.700000
vt 0.500000 0.600000
vt 0.747126 0.000000
vt 0.555276 0.500000
vt 0.557789 0.500000
vt 0.523810 0.000000
vt 0.046667 0.500000
vt 0.385185 0.500000
vt 0.207407 0.000000
vt 0.207407 0.500000
vt 0.320000 0.000000
vt 0.374046 1.000000
vt 0.377863 1.000000
vt 0.432161 1.000000
vt 0.218391 0.300000
vt 0.218391 0.400000
vt 0.224138 0.400000
vt 0.189474 0.000000
vt 0.168421 0.000000
vt 0.115789 0.000000
vt 0.523810 0.500000
vt 0.658730 0.400000
vt 0.087786 0.000000
vt 0.061069 0.000000
vt 0.061069 0.400000
vt 0.674603 0.000000
vt 0.674603 0.900000
vt 0.682540 0.900000
vt 0.682540 0.500000
vt 0.674603 1.000000
vt 0.690476 0.900000
vt 0.690476 0.800000
vt 0.087786 0.500000
vt 0.038168 0.200000
vt 0.038168 0.000000
vt 0.324427 0.800000
vt 0.320611 0.700000
vt 0.316794 0.700000
vt 0.372549 0.500000
vt 0.372549 1.000000
vt 0.392157 0.500000
vt 0.045802 1.000000
vt 0.618321 0.500000
vt 0.060000 1.000000
vt 0.073333 1.000000
vt 0.201149 0.500000
vt 0.212644 0.800000
vt 0.218391 0.700000
vt 0.795970 0.000000
vt 0.798489 0.000000
vt 0.234257 0.000000
vt 0.153333 0.000000
vt 0.826667 1.000000
vt 0.826667 0.500000
vt 0.323171 0.600000
vt 0.317073 0.700000
vt 0.271357 0.000000
vt 0.263819 0.000000
vt 0.380000 1.000000
vt 0.714286 0.400000
vt 0.114943 0.500000
vt 0.091954 1.000000
vt 0.114943 1.000000
vt 0.260000 0.000000
vt 0.273333 0.000000
vt 0.306667 0.000000
vt 0.378049 1.000000
vt 0.245902 0.500000
vt 0.278689 0.000000
vt 0.245902 0.000000
vt 0.366667 1.000000
vt 0.304878 1.000000
vt 0.304878 0.800000
vt 0.292683 0.800000
vt 0.980000 0.500000
vt 0.973333 0.500000
vt 0.980000 1.000000
vt 0.446667 0.000000
vt 0.104167 0.500000
vt 0.911111 0.500000
vt 0.918519 0.500000
vt 0.918519 0.000000
vt 0.530488 0.500000
vt 0.524390 0.000000
vt 0.893130 0.000000
vt 0.480000 0.500000
vt 0.213568 0.500000
vt 0.218593 0.000000
vt 0.213568 0.000000
vt 0.486667 0.000000
vt 0.486667 0.500000
vt 0.493333 0.000000
vt 0.148148 0.500000
vt 0.148148 0.600000
vt 0.187500 1.000000
vt 0.826667 0.000000
vt 0.546667 0.500000
vt 0.546667 1.000000
vt 0.750000 0.200000
vt 0.743902 0.300000
vt 0.600000 0.900000
vt 0.607407 0.500000
vt 0.768293 0.800000
vt 0.774390 0.800000
vt 0.545802 1.000000
vt 0.553435 0.500000
vt 0.545802 0.500000
vt 0.294118 0.000000
vt 0.960784 0.500000
vt 0.960784 0.000000
vt 0.950980 0.000000
vt 0.660000 0.000000
vt 0.673333 1.000000
vt 0.918519 1.000000
vt 0.770115 0.000000
vt 0.030534 0.600000
vt 0.060000 0.000000
vt 0.973333 1.000000
vt 0.780000 0.000000
vt 0.793333 0.000000
vt 0.806667 0.500000
vt 0.813333 0.500000
vt 0.806667 1.000000
vt 0.813333 1.000000
vt 0.655172 0.500000
vt 0.377049 0.500000
vt 0.377049 0.000000
vt 0.965517 0.000000
vt 0.988506 0.000000
vt 0.020833 0.000000
vt 0.946667 1.000000
vt 0.766667 1.000000
vt 0.655172 0.000000
vt 0.973333 0.000000
vt 0.486667 1.000000
vt 0.493333 1.000000
vt 0.986667 1.000000
vt 0.885496 1.000000
vt 0.920000 0.900000
vt 0.920000 0.500000
vt 0.800000 0.500000
vt 0.931035 0.500000
vt 0.126984 0.400000
vt 0.411765 1.000000
vt 0.431373 1.000000
vt 0.189655 0.800000
vt 0.189655 0.700000
vt 0.183908 0.700000
vt 0.931035 0.800000
vt 0.895833 0.500000
vt 0.369347 1.000000
vt 0.469466 1.000000
vt 0.178161 0.500000
vt 0.178161 0.600000
vt 0.183908 0.600000
vt 0.457286 1.000000
vt 0.931373 0.000000
vt 0.931373 0.500000
vt 0.183908 0.300000
vt 0.189655 0.300000
vt 0.189655 0.200000
vt 0.472362 0.300000
vt 0.434673 0.000000
vt 0.436782 1.000000
vt 0.597701 1.000000
vt 0.551724 0.600000
vt 0.071429 0.300000
vt 0.063492 0.400000
vt 0.777778 1.000000
vt 0.061069 0.500000
vt 0.053435 0.500000
vt 0.480000 0.000000
vt 0.839196 0.000000
vt 0.713568 0.500000
vt 0.940298 0.000000
vt 0.664179 0.000000
vt 0.743719 1.000000
vt 0.743719 0.800000
vt 0.633166 1.000000
vt 0.219512 1.000000
vt 0.213415 0.600000
vt 0.187023 0.500000
vt 0.187023 0.000000
vt 0.475410 0.000000
vt 0.950382 0.000000
vt 0.893130 0.500000
vt 0.893130 1.000000
vt 0.900763 1.000000
vt 0.737805 0.700000
vt 0.737805 0.600000
vt 0.389474 0.000000
vt 0.452632 0.000000
vt 0.284211 0.000000
vt 0.090452 0.500000
vt 0.092965 0.900000
vt 0.698413 1.000000
vt 0.344828 0.200000
vt 0.333333 0.300000
vt 0.339080 0.300000
vt 0.085427 0.700000
vt 0.082915 0.700000
vt 0.082915 1.000000
vt 0.563218 0.500000
vt 0.931373 1.000000
vt 0.371951 0.500000
vt 0.329268 0.400000
vt 0.329268 0.500000
vt 0.221053 0.000000
vt 0.536842 0.000000
vt 0.173333 0.100000
vt 0.858779 0.000000
vt 0.881679 1.000000
vt 0.060976 1.000000
vt 0.060976 0.500000
vt 0.233668 1.000000
vt 0.233668 0.500000
vt 0.206897 0.500000
vt 0.206897 0.000000
vt 0.481481 0.200000
vt 0.466667 0.200000
vt 0.423664 0.000000
vt 0.049618 0.200000
vt 0.946667 0.500000
vt 0.784314 1.000000
vt 0.523810 1.000000
vt 0.689655 0.000000
vt 0.041985 0.800000
vt 0.276382 0.500000
vt 0.276382 0.000000
vt 0.087302 0.500000
vt 0.045802 0.500000
vt 0.628141 1.000000
vt 0.625628 0.800000
vt 0.053435 1.000000
vt 0.049618 0.800000
vt 0.133333 0.700000
vt 0.140741 0.600000
vt 0.057252 0.400000
vt 0.053435 0.300000
vt 0.091603 1.000000
vt 0.352941 1.000000
vt 0.212644 0.200000
vt 0.256281 1.000000
vt 0.573171 0.000000
vt 0.579268 0.300000
vt 0.809160 0.200000
vt 0.801527 0.200000
vt 0.626667 0.500000
vt 0.114754 0.500000
vt 0.049180 0.500000
vt 0.187023 1.000000
vt 0.213740 1.000000
vt 0.213740 0.600000
vt 0.117647 1.000000
vt 0.902299 0.000000
vt 0.492366 1.000000
vt 0.492366 0.500000
vt 0.324427 0.000000
vt 0.087940 0.200000
vt 0.324427 1.000000
vt 0.762195 0.800000
vt 0.762195 0.900000
vt 0.541985 0.500000
vt 0.541985 0.000000
vt 0.762195 0.200000
vt 0.762195 0.100000
vt 0.756098 0.100000
vt 0.187500 0.000000
vt 0.100503 0.600000
vt 0.046667 0.000000
vt 0.024390 0.000000
vt 0.829146 0.000000
vt 0.527638 1.000000
vt 0.537688 1.000000
vt 0.183908 0.400000
vt 0.469466 0.000000
vt 0.473282 0.000000
vt 0.473282 0.500000
vt 0.904523 0.000000
vt 0.507634 1.000000
vt 0.213568 1.000000
vt 0.553435 1.000000
vt 0.603053 0.600000
vt 0.047619 0.000000
vt 0.678161 0.500000
vt 0.678161 1.000000
vt 0.519084 1.000000
vt 0.914634 1.000000
vt 0.914634 0.500000
vt 0.678161 0.000000
vt 0.628141 0.800000
vt 0.623116 1.000000
vt 0.127451 1.000000
vt 0.137255 1.000000
vt 0.137255 0.800000
vt 0.538168 0.000000
vt 0.538168 0.500000
vt 0.538168 1.000000
vt 0.541985 1.000000
vt 0.936782 0.700000
vt 0.948276 0.600000
vt 0.413793 1.000000
vt 0.413793 0.500000
vt 0.896296 0.700000
vt 0.888889 0.700000
vt 0.377049 1.000000
vt 0.173333 1.000000
vt 0.049180 0.000000
vt 0.983607 0.200000
vt 0.819095 0.000000
vt 0.759542 0.500000
vt 0.755725 1.000000
vt 0.660305 0.500000
vt 0.664122 1.000000
vt 0.545802 0.000000
vt 0.229167 0.000000
vt 0.013333 0.500000
vt 0.530488 1.000000
vt 0.286667 0.500000
vt 0.217557 0.300000
vt 0.035176 0.500000
vt 0.032663 0.600000
vt 0.520833 0.000000
vt 0.520833 0.500000
vt 0.812977 0.400000
vt 0.714286 1.000000
vt 0.286585 0.700000
vt 0.874046 0.000000
vt 0.877863 0.000000
vt 0.900763 0.000000
vt 0.900763 0.500000
vt 0.916031 0.500000
vt 0.806667 0.000000
vt 0.800000 1.000000
vt 0.720000 0.500000
vt 0.720000 1.000000
vt 0.508197 1.000000
vt 0.524590 1.000000
vt 0.946565 0.000000
vt 0.950382 0.500000
vt 0.946565 1.000000
vt 0.006667 1.000000
vt 0.343511 0.700000
vt 0.339695 0.700000
vt 0.962963 0.000000
vt 0.948148 0.000000
vt 0.153333 1.000000
vt 0.200000 1.000000
vt 0.180000 0.100000
vt 0.207407 1.000000
vt 0.524390 1.000000
vt 0.460317 1.000000
vt 0.496296 0.300000
vt 0.496296 0.400000
vt 0.313726 1.000000
vt 0.294118 1.000000
vt 0.251908 0.500000
vt 0.229167 1.000000
vt 0.824427 1.000000
vt 0.310976 0.500000
vt 0.304878 0.200000
vt 0.304878 0.500000
vt 0.700000 0.500000
vt 0.400000 0.500000
vt 0.522613 0.500000
vt 0.560000 0.000000
vt 0.546667 0.000000
vt 0.560000 0.500000
vt 0.748744 0.800000
vt 0.746231 0.800000
vt 0.280488 0.400000
vt 0.562500 1.000000
vt 0.562500 0.500000
vt 0.072072 0.000000
vt 0.468468 0.000000
vt 0.486486 0.000000
vt 0.820000 1.000000
vt 0.979167 1.000000
vt 0.829268 1.000000
vt 0.780488 0.700000
vt 0.764706 1.000000
vt 0.080000 1.000000
vt 0.040000 0.900000
vt 0.506667 0.000000
vt 0.653333 0.000000
vt 0.603053 1.000000
vt 0.226667 0.000000
vt 0.896552 0.500000
vt 0.942529 0.000000
vt 0.896552 0.000000
vt 0.658730 0.600000
vt 0.585185 1.000000
vt 0.577778 1.000000
vt 0.032663 0.700000
vt 0.899498 0.200000
vt 0.813725 0.000000
vt 0.316794 0.300000
vt 0.316794 0.000000
vt 0.309160 0.000000
vt 0.899498 0.000000
vt 0.547739 1.000000
vt 0.555276 0.900000
vt 0.371951 0.000000
vt 0.960000 1.000000
vt 0.132184 0.000000
vt 0.137931 0.500000
vt 0.137931 0.000000
vt 0.132184 1.000000
vt 0.132184 0.500000
vt 0.639344 0.000000
vt 0.606557 0.000000
vt 0.331658 0.600000
vt 0.331658 0.500000
vt 0.172414 1.000000
vt 0.372549 0.000000
vt 0.615854 0.300000
vt 0.634146 0.000000
vt 0.344828 0.000000
vt 0.344828 0.100000
vt 0.750000 0.100000
vt 0.350575 0.900000
vt 0.344828 0.900000
vt 0.332061 0.900000
vt 0.362069 0.200000
vt 0.356322 0.800000
vt 0.356322 0.900000
vt 0.774390 0.300000
vt 0.780488 0.300000
vt 0.614504 0.200000
vt 0.614504 0.000000
vt 0.419540 1.000000
vt 0.013333 1.000000
vt 0.494253 0.500000
vt 0.568965 1.000000
vt 0.563218 1.000000
vt 0.865854 0.500000
vt 0.835366 1.000000
vt 0.908537 1.000000
vt 0.172414 0.000000
vt 0.620690 1.000000
vt 0.840000 0.000000
vt 0.147541 0.500000
vt 0.147541 0.000000
vt 0.626667 1.000000
vt 0.634146 1.000000
vt 0.844828 0.000000
vt 0.890805 0.000000
vt 0.088889 0.400000
vt 0.096296 0.300000
vt 0.936782 0.800000
vt 0.931035 0.200000
vt 0.366667 0.000000
vt 0.948276 1.000000
vt 0.454774 0.700000
vt 0.960784 1.000000
vt 0.980392 0.500000
vt 0.994253 1.000000
vt 0.988506 1.000000
vt 0.147541 1.000000
vt 0.196721 0.500000
vt 0.633166 0.000000
vt 0.229508 1.000000
vt 0.229508 0.500000
vt 0.320611 0.300000
vt 0.280000 1.000000
vt 0.000000 0.900000
vt 0.491803 0.000000
vt 1.000000 0.100000
vt 0.562500 0.000000
vt 0.508197 0.000000
vt 0.524590 0.000000
vt 0.520833 1.000000
vt 0.244275 0.500000
vt 0.170732 1.000000
vt 0.278689 1.000000
vt 0.245902 1.000000
vt 0.786885 0.000000
vt 0.786885 0.500000
vt 0.770492 1.000000
vt 0.786885 1.000000
vt 0.983607 0.500000
vt 0.034483 0.000000
vt 0.011494 0.000000
vt 0.068966 1.000000
vt 0.114943 0.000000
vt 0.183908 0.000000
vt 0.241379 0.000000
vt 0.264368 0.000000
vt 0.637037 0.500000
vt 0.651852 1.000000
vt 0.651852 0.500000
vt 0.367816 0.000000
vt 0.563218 0.600000
vt 0.942529 1.000000
vt 0.896552 1.000000
vt 0.146341 1.000000
vt 0.622222 1.000000
vt 0.701149 1.000000
vt 0.712644 1.000000
vt 0.292683 0.000000
vt 0.850575 1.000000
vt 0.604167 0.000000
vt 0.850575 0.000000
vt 0.196721 1.000000
vt 0.045977 1.000000
vt 0.902299 1.000000
vt 0.367816 0.300000
vt 0.373563 0.300000
vt 0.367816 0.200000
vt 0.360000 1.000000
vt 0.367816 0.700000
vt 0.367816 0.800000
vt 0.440000 0.500000
vt 0.241379 1.000000
vt 0.264368 1.000000
vt 0.519084 0.500000
vt 0.659259 1.000000
vt 0.960000 0.100000
vt 0.310976 1.000000
vt 0.317073 0.800000
vt 0.704918 0.000000
vt 0.111111 0.800000
vt 0.720000 0.000000
vt 0.343511 1.000000
vt 0.176471 1.000000
vt 0.215686 1.000000
vt 0.738693 1.000000
vt 0.213740 0.000000
vt 0.017588 0.700000
vt 0.565327 0.000000
vt 0.735632 0.000000
vt 0.866412 0.000000
vt 0.316794 0.400000
vt 0.614504 1.000000
vt 0.614504 0.800000
vt 0.750000 0.800000
vt 0.743902 0.700000
vt 0.335878 1.000000
vt 0.332061 0.800000
vt 0.573171 0.500000
vt 0.573171 0.400000
vt 0.362069 0.500000
vt 0.362069 0.800000
vt 0.310976 0.800000
vt 0.103015 0.500000
vt 0.836683 0.800000
vt 0.213740 0.500000
vt 0.213740 0.400000
vt 0.908537 0.500000
vt 0.908537 0.000000
vt 0.182540 0.000000
vt 0.392157 1.000000
vt 0.936782 0.200000
vt 0.224138 0.600000
vt 0.218391 0.600000
vt 0.246231 0.000000
vt 0.660305 1.000000
vt 0.350575 0.500000
vt 0.219512 0.000000
vt 0.219512 0.400000
vt 0.173333 0.000000
vt 0.340000 0.500000
vt 0.251908 1.000000
vt 0.461538 0.000000
vt 0.901709 0.000000
vt 0.333333 0.400000
vt 0.247126 0.000000
vt 0.659259 0.000000
vt 0.659259 0.500000
vt 0.145833 0.000000
vt 0.007407 0.500000
vt 0.007407 0.000000
vt 0.813725 1.000000
vt 0.196721 0.000000
vt 0.229508 0.000000
vt 0.598039 0.100000
vt 0.607843 0.000000
vt 0.317073 0.200000
vt 0.310976 0.200000
vt 0.786260 0.500000
vt 0.103704 1.000000
vt 0.217557 0.700000
vt 0.459259 0.200000
vt 0.651852 0.000000
vt 0.637037 0.000000
vt 0.992593 1.000000
vt 0.011494 1.000000
vt 0.600000 0.100000
vt 0.592593 1.000000
vt 0.607407 0.100000
vt 0.888889 0.300000
vt 0.085427 0.300000
vt 0.674074 0.000000
vt 0.688889 0.000000
vt 0.310976 0.000000
vt 0.622222 0.500000
vt 0.622222 0.000000
vt 0.689655 1.000000
vt 0.792593 0.500000
vt 0.792593 0.000000
vt 0.137931 1.000000
vt 0.785185 1.000000
vt 0.792593 1.000000
vt 0.450980 1.000000
vt 0.931298 1.000000
vt 0.962963 1.000000
vt 0.985185 0.300000
vt 0.040201 1.000000
vt 0.896296 0.500000
vt 0.925926 1.000000
vt 0.933333 1.000000
vt 0.925926 0.500000
vt 0.103704 0.000000
vt 0.103704 0.200000
vt 0.807407 1.000000
vt 0.343511 0.600000
vt 0.229885 1.000000
vt 0.107843 0.000000
vt 0.459259 0.000000
vt 0.280488 0.600000
vt 0.317073 0.300000
vt 0.323171 0.400000
vt 0.914634 0.000000
vt 0.992593 0.000000
vt 0.060976 0.000000
vt 0.950980 1.000000
vt 0.950980 0.500000
vt 0.146341 0.000000
vt 0.829268 0.000000
vt 0.835366 0.500000
vt 0.835366 0.000000
vt 0.121951 1.000000
vt 0.987805 0.000000
vt 0.213415 0.500000
vt 0.213415 0.400000
vt 0.219512 0.500000
vt 0.207317 0.000000
vt 0.195122 0.000000
vt 0.933333 0.000000
vt 0.195402 1.000000
vt 0.201149 0.800000
vt 0.195402 0.800000
vt 0.563218 0.000000
vt 0.009804 1.000000
vt 0.009804 0.500000
vt 0.980392 1.000000
vt 0.632184 1.000000
vt 0.615854 0.400000
vt 0.750000 0.900000
vt 0.756098 0.900000
vt 0.756098 0.500000
vt 0.362069 1.000000
vt 0.774390 0.700000
vt 0.785714 0.000000
vt 0.557377 1.000000
vt 0.557377 0.500000
vt 0.270833 0.000000
vt 0.437500 1.000000
vt 0.993902 1.000000
vt 0.987805 1.000000
vt 0.160920 0.500000
vt 0.160920 0.000000
vt 0.785185 0.500000
vt 0.088889 0.600000
vt 0.479167 0.000000
vt 0.437500 0.000000
vt 0.589474 0.000000
vt 0.568421 0.000000
vt 0.547368 0.000000
vt 0.978947 0.000000
vt 0.768421 0.000000
vt 0.957895 0.000000
vt 0.936842 0.000000
vt 0.789474 0.000000
vt 0.873684 0.000000
vt 0.852632 0.000000
vt 0.810526 0.000000
vt 0.831579 0.000000
vt 0.747368 0.000000
vt 0.621053 0.000000
vt 0.631579 0.000000
vt 0.125926 0.200000
vt 0.294737 0.000000
vt 0.273684 0.000000
vt 0.968421 0.000000
vt 0.252632 0.000000
vt 0.989474 0.000000
vt 0.231579 0.000000
vt 0.505263 0.000000
vt 0.210526 0.000000
vt 0.147368 0.000000
vt 0.578947 0.000000
vt 0.126316 0.000000
vt 0.105263 0.000000
vt 0.610526 0.000000
vt 0.042105 0.000000
vt 0.021053 0.000000
vt 0.484211 0.000000
vt 0.757895 0.000000
vt 0.463158 0.000000
vt 0.778947 0.000000
vt 0.442105 0.000000
vt 0.410526 0.000000
vt 0.842105 0.000000
vt 0.368421 0.000000
vt 0.863158 0.000000
vt 0.597561 0.800000
vt 0.625628 0.200000
vt 0.925287 1.000000
vt 0.344221 0.200000
vt 0.346734 0.000000
vt 0.739316 0.000000
vt 0.735043 0.000000
vt 0.709402 0.000000
vt 0.098291 0.000000
vt 0.700855 0.000000
vt 0.102564 0.000000
vt 0.128205 0.000000
vt 0.136752 0.000000
vt 0.145299 0.000000
vt 0.692308 0.000000
vt 0.149573 0.000000
vt 0.688034 0.000000
vt 0.683761 0.000000
vt 0.158120 0.000000
vt 0.670940 0.000000
vt 0.662393 0.000000
vt 0.948718 0.000000
vt 0.226496 0.000000
vt 0.183761 0.000000
vt 0.628205 0.000000
vt 0.594017 0.000000
vt 0.756410 0.000000
vt 0.576923 0.000000
vt 0.782051 0.000000
vt 0.773504 0.000000
vt 0.568376 0.000000
vt 0.794872 0.000000
vt 0.564103 0.000000
vt 0.803419 0.000000
vt 0.547009 0.000000
vt 0.538462 0.000000
vt 0.824786 0.000000
vt 0.529915 0.000000
vt 0.512821 0.000000
vt 0.504274 0.000000
vt 0.858974 0.000000
vt 0.495726 0.000000
vt 0.867521 0.000000
vt 0.491453 0.000000
vt 0.871795 0.000000
vt 0.876068 0.000000
vt 0.482906 0.000000
vt 0.880342 0.000000
vt 0.474359 0.000000
vt 0.884615 0.000000
vt 0.465812 0.000000
vt 0.457265 0.000000
vt 0.440171 0.000000
vt 0.910256 0.000000
vt 0.423077 0.000000
vt 0.927350 0.000000
vt 0.944444 0.000000
vt 0.379310 0.000000
vt 0.348659 0.000000
vt 0.375479 0.000000
vt 0.429119 0.000000
vt 0.505747 0.000000
vt 0.528736 0.000000
vt 0.521073 0.000000
vt 0.904215 0.000000
vt 0.540230 0.000000
vt 0.536398 0.000000
vt 0.881226 0.000000
vt 0.547893 0.000000
vt 0.544061 0.000000
vt 0.877395 0.000000
vt 0.605364 0.000000
vt 0.862069 0.000000
vt 0.869732 0.000000
vt 0.885057 0.000000
vt 0.325671 0.000000
vt 0.340996 0.000000
vt 0.662835 0.000000
vt 0.639847 0.000000
vt 0.762452 0.000000
vt 0.785441 0.000000
vt 0.800766 0.000000
vt 0.624521 0.000000
vt 0.808429 0.000000
vt 0.616858 0.000000
vt 0.819923 0.000000
vt 0.827586 0.000000
vt 0.329502 0.000000
vt 0.318008 0.000000
vt 0.260536 0.000000
vt 0.210728 0.000000
vt 0.187739 0.000000
vt 0.218391 0.000000
vt 0.088123 0.000000
vt 0.065134 0.000000
vt 0.057471 0.000000
vt 0.226054 0.000000
vt 0.049808 0.000000
vt 0.233716 0.000000
vt 0.042146 0.000000
vt 0.245211 0.000000
vt 0.030651 0.000000
vt 0.022989 0.000000
vt 0.103704 0.700000
vt 0.088889 0.500000
vt 0.096296 0.600000
vt 0.038168 0.700000
vt 0.030534 0.500000
vt 0.034351 0.600000
vt 0.082915 0.000000
vt 0.077889 0.000000
vt 0.080402 0.400000
vt 0.993289 0.000000
vt 0.335570 0.000000
vt 0.979866 0.000000
vt 0.966443 0.000000
vt 0.369128 0.000000
vt 0.953020 0.000000
vt 0.879195 0.000000
vt 0.382550 0.000000
vt 0.006711 0.000000
vt 0.013423 0.000000
vt 0.046980 0.000000
vt 0.033557 0.000000
vt 0.288591 0.000000
vt 0.073826 0.000000
vt 0.060403 0.000000
vt 0.261745 0.000000
vt 0.275168 0.000000
vt 0.154362 0.000000
vt 0.127517 0.000000
vt 0.174497 0.000000
vt 0.201342 0.000000
vt 0.228188 0.000000
vt 0.167785 0.000000
vt 0.161074 0.000000
vt 0.302013 0.000000
vt 0.677852 0.000000
vt 0.671141 0.000000
vt 0.664430 0.000000
vt 0.657718 0.000000
vt 0.630872 0.000000
vt 0.577181 0.000000
vt 0.704698 0.000000
vt 0.563758 0.000000
vt 0.758389 0.000000
vt 0.550336 0.000000
vt 0.785235 0.000000
vt 0.536913 0.000000
vt 0.798658 0.000000
vt 0.771812 0.000000
vt 0.523490 0.000000
vt 0.812081 0.000000
vt 0.516779 0.000000
vt 0.818792 0.000000
vt 0.825503 0.000000
vt 0.510067 0.000000
vt 0.503356 0.000000
vt 0.832215 0.000000
vt 0.496644 0.000000
vt 0.845638 0.000000
vt 0.489933 0.000000
vt 0.483221 0.000000
vt 0.852349 0.000000
vt 0.463087 0.000000
vt 0.449664 0.000000
vt 0.052632 0.000000
vt 0.684211 0.000000
vt 0.336842 0.000000
vt 0.595376 0.000000
vt 0.560694 0.000000
vt 0.554913 0.000000
vt 0.606936 0.000000
vt 0.410405 0.000000
vt 0.618497 0.000000
vt 0.352601 0.000000
vt 0.630058 0.000000
vt 0.346821 0.000000
vt 0.341040 0.000000
vt 0.647399 0.000000
vt 0.323699 0.000000
vt 0.670520 0.000000
vt 0.312139 0.000000
vt 0.924855 0.000000
vt 0.745665 0.000000
vt 0.757225 0.000000
vt 0.849711 0.000000
vt 0.803468 0.000000
vt 0.843931 0.000000
vt 0.791907 0.000000
vt 0.780347 0.000000
vt 0.472362 0.500000
vt 0.467337 0.800000
vt 0.622137 0.200000
vt 0.229008 1.000000
vt 0.232824 1.000000
vt 0.229008 0.800000
vt 0.115607 0.000000
vt 0.104046 0.000000
vt 0.092486 0.000000
vt 0.080925 0.000000
vt 0.046243 0.000000
vt 0.023121 0.000000
vt 0.034682 0.000000
vt 0.011561 0.000000
vt 0.254335 0.000000
vt 0.242775 0.000000
vt 0.231214 0.000000
vt 0.219653 0.000000
vt 0.184971 0.000000
vt 0.161850 0.000000
vt 0.173410 0.000000
vt 0.150289 0.000000
vt 0.127168 0.000000
vt 0.178947 0.000000
vt 0.557895 0.000000
vt 0.476190 0.200000
vt 0.484127 0.000000
vt 0.476190 0.000000
vt 0.793893 0.300000
vt 0.607053 0.000000
vt 0.566751 0.000000
vt 0.783375 0.000000
vt 0.559194 0.000000
vt 0.788413 0.000000
vt 0.654912 0.000000
vt 0.652393 0.000000
vt 0.637280 0.000000
vt 0.717884 0.000000
vt 0.715365 0.000000
vt 0.732997 0.000000
vt 0.738035 0.000000
vt 0.632242 0.000000
vt 0.743073 0.000000
vt 0.627204 0.000000
vt 0.748111 0.000000
vt 0.624685 0.000000
vt 0.619647 0.000000
vt 0.755668 0.000000
vt 0.617128 0.000000
vt 0.760705 0.000000
vt 0.246851 0.000000
vt 0.549118 0.000000
vt 0.450882 0.000000
vt 0.435768 0.000000
vt 0.433249 0.000000
vt 0.372796 0.000000
vt 0.455919 0.000000
vt 0.370277 0.000000
vt 0.355164 0.000000
vt 0.350126 0.000000
vt 0.460957 0.000000
vt 0.345088 0.000000
vt 0.465995 0.000000
vt 0.342569 0.000000
vt 0.340050 0.000000
vt 0.471033 0.000000
vt 0.335013 0.000000
vt 0.299748 0.000000
vt 0.501259 0.000000
vt 0.294710 0.000000
vt 0.506297 0.000000
vt 0.481108 0.000000
vt 0.292191 0.000000
vt 0.511335 0.000000
vt 0.289673 0.000000
vt 0.513854 0.000000
vt 0.287154 0.000000
vt 0.516373 0.000000
vt 0.282116 0.000000
vt 0.518892 0.000000
vt 0.277078 0.000000
vt 0.523929 0.000000
vt 0.272040 0.000000
vt 0.528967 0.000000
vt 0.261965 0.000000
vt 0.539043 0.000000
vt 0.241814 0.000000
vt 0.793451 0.000000
vt 0.236776 0.000000
vt 0.229219 0.000000
vt 0.219144 0.000000
vt 0.211587 0.000000
vt 0.811083 0.000000
vt 0.206549 0.000000
vt 0.196474 0.000000
vt 0.821159 0.000000
vt 0.156171 0.000000
vt 0.153652 0.000000
vt 0.088161 0.000000
vt 0.123426 0.000000
vt 0.103275 0.000000
vt 0.098237 0.000000
vt 0.120907 0.000000
vt 0.093199 0.000000
vt 0.090680 0.000000
vt 0.937028 0.000000
vt 0.934509 0.000000
vt 0.919395 0.000000
vt 0.997481 0.000000
vt 0.012594 0.000000
vt 0.017632 0.000000
vt 0.914358 0.000000
vt 0.022670 0.000000
vt 0.909320 0.000000
vt 0.027708 0.000000
vt 0.906801 0.000000
vt 0.904282 0.000000
vt 0.035264 0.000000
vt 0.896725 0.000000
vt 0.045340 0.000000
vt 0.891688 0.000000
vt 0.078086 0.000000
vt 0.083123 0.000000
vt 0.336683 0.700000
vt 0.334171 0.600000
vt 0.336683 0.500000
vt 0.228643 0.000000
vt 0.228643 0.500000
vt 0.133333 1.000000
vt 0.125926 0.800000
vt 0.201493 0.000000
vt 0.208955 0.000000
vt 0.156716 0.000000
vt 0.388060 0.000000
vt 0.455224 0.000000
vt 0.141791 0.000000
vt 0.395522 0.000000
vt 0.440298 0.000000
vt 0.470149 0.000000
vt 0.126866 0.000000
vt 0.485075 0.000000
vt 0.119403 0.000000
vt 0.111940 0.000000
vt 0.507463 0.000000
vt 0.089552 0.000000
vt 0.537313 0.000000
vt 0.074627 0.000000
vt 0.582090 0.000000
vt 0.589552 0.000000
vt 0.597015 0.000000
vt 0.007463 0.000000
vt 0.014925 0.000000
vt 0.604478 0.000000
vt 0.626866 0.000000
vt 0.641791 0.000000
vt 0.970149 0.000000
vt 0.656716 0.000000
vt 0.955224 0.000000
vt 0.679105 0.000000
vt 0.694030 0.000000
vt 0.910448 0.000000
vt 0.902985 0.000000
vt 0.731343 0.000000
vt 0.843284 0.000000
vt 0.791045 0.000000
vt 0.813433 0.000000
vt 0.798507 0.000000
vt 0.805970 0.000000
vt 0.917910 0.000000
vt 0.215686 0.500000
vt 0.264706 1.000000
vt 0.577778 0.000000
vt 0.503704 0.000000
vt 0.511111 0.500000
vt 0.753333 0.000000
vt 0.903704 0.500000
vt 0.793893 0.700000
vt 0.790076 0.600000
vt 0.341709 1.000000
vt 0.629771 0.300000
vt 0.737805 0.000000
vt 0.725610 0.000000
vt 0.731707 0.500000
vt 0.731707 0.400000
vt 0.613065 0.400000
vt 0.613065 0.500000
vt 0.615578 0.400000
vt 0.618090 0.500000
vt 0.606870 0.400000
vt 0.610687 0.300000
vt 0.339196 1.000000
vt 0.073684 0.000000
vt 0.494737 0.000000
vt 0.221374 0.700000
vt 0.217557 0.600000
vt 0.229008 0.200000
vt 0.628141 0.000000
vt 0.057252 0.700000
vt 0.035176 0.000000
vt 0.027638 0.000000
vt 0.030151 0.200000
vt 0.030151 0.300000
vt 0.037688 0.500000
vt 0.035176 0.400000
vt 0.613861 0.000000
vt 0.623762 0.000000
vt 0.633663 0.000000
vt 0.643564 0.000000
vt 0.722772 0.000000
vt 0.772277 0.000000
vt 0.485149 0.000000
vt 0.534653 0.000000
vt 0.792079 0.000000
vt 0.465347 0.000000
vt 0.811881 0.000000
vt 0.455446 0.000000
vt 0.821782 0.000000
vt 0.435644 0.000000
vt 0.841584 0.000000
vt 0.861386 0.000000
vt 0.415842 0.000000
vt 0.920792 0.000000
vt 0.940594 0.000000
vt 0.336634 0.000000
vt 0.960396 0.000000
vt 0.316832 0.000000
vt 0.980198 0.000000
vt 0.297030 0.000000
vt 0.267327 0.000000
vt 0.029703 0.000000
vt 0.217822 0.000000
vt 0.108911 0.000000
vt 0.138614 0.000000
vt 0.118812 0.000000
vt 0.128713 0.000000
vt 0.178218 0.000000
vt 0.277228 0.000000
vt 0.899498 1.000000
vt 0.904523 1.000000
vt 0.459259 0.700000
vt 0.451852 0.600000
vt 0.137255 0.000000
vt 0.809160 0.300000
vt 0.816794 0.400000
vt 0.816794 0.000000
vt 0.805344 0.000000
vt 0.820611 0.500000
vt 0.754098 0.200000
vt 0.195122 0.500000
vt 0.182927 0.000000
vt 0.704918 1.000000
vt 0.754098 0.800000
vt 0.374233 0.000000
vt 0.380368 0.000000
vt 0.337423 0.000000
vt 0.527607 0.000000
vt 0.533742 0.000000
vt 0.570552 0.000000
vt 0.582822 0.000000
vt 0.325153 0.000000
vt 0.595092 0.000000
vt 0.312883 0.000000
vt 0.306748 0.000000
vt 0.607362 0.000000
vt 0.300613 0.000000
vt 0.625767 0.000000
vt 0.282209 0.000000
vt 0.650307 0.000000
vt 0.269939 0.000000
vt 0.220859 0.000000
vt 0.730061 0.000000
vt 0.742331 0.000000
vt 0.920245 0.000000
vt 0.754601 0.000000
vt 0.791411 0.000000
vt 0.834356 0.000000
vt 0.840491 0.000000
vt 0.914110 0.000000
vt 0.779141 0.000000
vt 0.030675 0.000000
vt 0.042945 0.000000
vt 0.171779 0.000000
vt 0.184049 0.000000
vt 0.766871 0.000000
vt 0.760736 0.000000
vt 0.055215 0.000000
vt 0.061350 0.000000
vt 0.147239 0.000000
vt 0.122699 0.000000
vt 0.141104 0.000000
vt 0.625954 0.000000
vt 0.315436 0.000000
vt 0.328859 0.000000
vt 0.342282 0.000000
vt 0.080000 0.000000
vt 0.000000 0.100000
vt 0.224138 0.500000
vt 0.224138 1.000000
vt 0.247126 1.000000
vt 0.327586 0.600000
vt 0.373563 0.000000
vt 0.049020 1.000000
vt 0.464824 1.000000
vt 0.469849 1.000000
vt 0.892157 1.000000
vt 0.814815 1.000000
vt 0.336683 0.300000
vt 0.334171 0.400000
vt 0.119048 0.300000
vt 0.343511 0.000000
vt 0.335878 0.000000
vt 0.201149 0.200000
vt 0.512563 0.000000
vt 0.786585 0.400000
vt 0.613065 0.600000
vt 0.280488 0.500000
vt 0.286585 0.400000
vt 0.292683 0.300000
vt 0.896985 0.400000
vt 0.899498 0.300000
vt 0.894472 0.500000
vt 0.585366 0.700000
vt 0.579268 0.600000
vt 0.017588 0.400000
vt 0.020101 0.300000
vt 0.460784 1.000000
vt 0.309160 1.000000
vt 0.316794 1.000000
vt 0.090452 0.000000
vt 0.103015 0.600000
vt 0.090452 1.000000
vt 0.095477 0.000000
vt 0.698413 0.000000
vt 0.714286 0.000000
vt 0.615578 0.000000
vt 0.605528 0.000000
vt 0.610553 0.500000
vt 0.650794 0.400000
vt 0.650794 0.500000
vt 0.666667 0.200000
vt 0.909548 0.800000
vt 0.339080 0.800000
vt 0.454774 0.400000
vt 0.457286 0.300000
vt 0.493333 0.500000
vt 0.243719 0.100000
vt 0.916031 0.000000
vt 0.942748 0.200000
vt 0.248744 0.100000
vt 0.248744 0.900000
vt 0.560301 0.900000
vt 0.557789 1.000000
vt 0.615578 1.000000
vt 0.605528 1.000000
vt 0.618321 1.000000
vt 0.625954 0.800000
vt 0.020101 0.700000
vt 0.017588 0.600000
vt 0.119048 0.700000
vt 0.095238 1.000000
vt 0.597561 1.000000
vt 0.603659 1.000000
vt 0.349246 0.300000
vt 0.349246 0.700000
vt 0.912060 0.700000
vt 0.846667 1.000000
vt 0.846667 0.500000
vt 0.351759 1.000000
vt 0.942529 0.300000
vt 0.942529 0.400000
vt 0.936782 0.000000
vt 0.079365 1.000000
vt 0.079365 0.700000
vt 0.063492 0.500000
vt 0.071429 0.600000
vt 0.585366 0.300000
vt 0.579268 0.400000
vt 0.236181 1.000000
vt 0.241206 1.000000
vt 0.246231 1.000000
vt 0.459259 0.300000
vt 0.460317 0.700000
vt 0.452381 0.600000
vt 0.087302 0.800000
vt 0.239316 0.000000
vt 0.487179 0.000000
vt 0.478632 0.000000
vt 0.282051 0.000000
vt 0.311966 0.000000
vt 0.316239 0.000000
vt 0.371795 0.000000
vt 0.256410 0.000000
vt 0.918803 0.000000
vt 0.260684 0.000000
vt 0.247863 0.000000
vt 0.801527 0.000000
vt 0.890805 1.000000
vt 0.347328 0.600000
vt 0.674074 0.500000
vt 0.090090 0.000000
vt 0.054054 0.000000
vt 0.036036 0.000000
vt 0.504505 0.000000
vt 0.027027 0.000000
vt 0.009009 0.000000
vt 0.522523 0.000000
vt 0.774775 0.000000
vt 0.540541 0.000000
vt 0.513514 0.000000
vt 0.756757 0.000000
vt 0.738739 0.000000
vt 0.567568 0.000000
vt 0.702703 0.000000
vt 0.585586 0.000000
vt 0.621622 0.000000
vt 0.657658 0.000000
vt 0.963964 0.000000
vt 0.171171 0.000000
vt 0.153153 0.000000
vt 0.945946 0.000000
vt 0.189189 0.000000
vt 0.918919 0.000000
vt 0.243243 0.000000
vt 0.225225 0.000000
vt 0.855856 0.000000
vt 0.873874 0.000000
vt 0.864865 0.000000
vt 0.252252 0.000000
vt 0.846847 0.000000
vt 0.306306 0.000000
vt 0.288288 0.000000
vt 0.324324 0.000000
vt 0.783784 0.000000
vt 0.927928 0.000000
vt 0.658730 0.000000
vt 0.574713 0.000000
vt 0.618090 1.000000
vt 0.320611 0.800000
vt 0.320611 0.500000
vt 0.618090 0.000000
vt 0.902299 0.400000
vt 0.919540 0.500000
vt 0.925287 0.500000
vt 0.913793 0.300000
vt 0.908046 0.400000
vt 0.526718 1.000000
vt 0.907035 0.200000
vt 0.629771 0.700000
vt 0.630653 0.700000
vt 0.034351 0.400000
vt 0.038168 0.300000
vt 0.452381 0.400000
vt 0.460317 0.300000
vt 0.736181 0.600000
vt 0.738693 0.700000
vt 0.457286 0.000000
vt 0.025126 1.000000
vt 0.027638 1.000000
vt 0.758794 0.000000
vt 0.748744 0.000000
vt 0.748744 0.300000
vt 0.753769 0.400000
vt 0.756281 0.500000
vt 0.236641 0.800000
vt 0.236641 0.700000
vt 0.244275 0.600000
vt 0.488889 0.800000
vt 0.488889 0.700000
vt 0.809160 0.700000
vt 0.809160 0.800000
vt 0.805344 1.000000
vt 0.816794 1.000000
vt 0.816794 0.600000
vt 0.503704 1.000000
vt 0.658730 1.000000
vt 0.666667 0.800000
vt 0.640000 1.000000
vt 0.796482 0.000000
vt 0.736181 0.400000
vt 0.738693 0.300000
vt 0.801527 1.000000
vt 0.801527 0.800000
vt 0.610687 0.700000
vt 0.606870 0.600000
vt 0.630653 0.300000
vt 0.912060 0.300000
vt 0.025126 0.200000
vt 0.025126 0.000000
vt 0.484127 1.000000
vt 0.492063 1.000000
vt 0.244275 0.000000
vt 0.232824 0.000000
vt 0.236641 0.200000
vt 0.236641 0.300000
vt 0.248092 0.500000
vt 0.244275 0.400000
vt 0.462312 1.000000
vt 0.148148 0.000000
vt 0.474074 1.000000
vt 0.481481 1.000000
vt 0.474074 0.800000
vt 0.780488 0.000000
vt 0.103015 0.400000
vt 0.100503 0.000000
vt 0.218593 1.000000
vt 0.462312 0.200000
vt 0.464824 0.000000
vt 0.462312 0.000000
vt 0.609756 0.800000
vt 0.609756 0.700000
vt 0.621951 0.600000
vt 0.621951 0.500000
vt 0.379310 0.600000
vt 0.373563 1.000000
vt 0.899498 0.700000
vt 0.894472 0.600000
vt 0.896985 0.600000
vt 0.606557 1.000000
vt 0.980392 0.000000
vt 0.557377 0.000000
vt 0.215686 0.000000
vt 1.000000 0.800000
vt 0.334171 0.000000
vt 0.339196 0.000000
vt 0.140741 0.300000
vt 0.633588 1.000000
vt 0.367816 1.000000
vt 0.229008 0.000000
vt 0.469849 0.000000
vt 0.467337 0.200000
vt 0.913793 0.700000
vt 0.908046 0.600000
vt 0.474874 0.500000
vt 0.479899 1.000000
vt 0.515075 0.000000
vt 0.527638 0.000000
vt 0.853333 0.000000
vt 0.743719 0.000000
vt 0.279279 0.000000
vt 0.297297 0.000000
vt 0.810811 0.000000
vt 0.315315 0.000000
vt 0.792793 0.000000
vt 0.828829 0.000000
vt 0.261261 0.000000
vt 0.701149 0.500000
vt 0.312977 0.400000
vt 0.320611 0.200000
vt 0.746231 0.000000
vt 0.405983 0.000000
vt 0.507937 0.500000
vt 0.507937 0.400000
vt 0.492063 0.200000
vt 0.492063 0.300000
vt 0.796482 1.000000
vt 0.133333 0.000000
vt 0.722222 0.400000
vt 0.053435 0.000000
vt 0.087302 0.200000
vt 0.079365 0.000000
vt 0.024390 1.000000
vt 0.909548 0.000000
vt 0.077889 1.000000
vt 0.080402 0.600000
vt 0.673333 0.000000
vt 0.103175 0.200000
vt 0.111111 0.000000
vt 0.490196 0.500000
vt 0.597561 0.200000
vt 0.603659 0.000000
vt 0.597561 0.000000
vt 0.753769 0.600000
vt 0.748744 0.700000
vt 0.746231 1.000000
vt 0.753769 1.000000
vt 0.494253 1.000000
vt 0.680000 0.900000
vt 0.492063 0.700000
vt 0.507937 0.600000
vt 0.507937 0.000000
vt 0.515873 0.500000
vt 0.046667 1.000000
vt 0.206897 0.200000
vt 0.212644 0.300000
vt 0.212644 0.000000
vt 0.224138 0.000000
vt 0.094737 0.000000
vt 0.473684 0.000000
vt 0.263158 0.000000
vt 0.305263 0.000000
vt 0.242105 0.000000
vt 0.642857 0.000000
vt 0.682540 0.000000
vt 0.650794 0.600000
vt 0.682540 1.000000
vt 0.041985 0.200000
vt 0.457286 0.700000
vt 0.454774 0.600000
vt 0.060000 0.500000
vt 0.206897 0.800000
vt 0.212644 0.700000
vt 0.212644 0.500000
vt 0.323171 0.700000
vt 0.317073 1.000000
vt 0.176471 0.000000
vt 0.292683 1.000000
vt 0.298781 0.800000
vt 0.911111 0.000000
vt 0.530488 0.000000
vt 0.148148 1.000000
vt 0.743902 0.200000
vt 0.607407 0.900000
vt 0.780488 0.600000
vt 0.786585 0.600000
vt 0.903704 1.000000
vt 0.911111 1.000000
vt 0.038168 1.000000
vt 0.880000 1.000000
vt 0.936782 0.500000
vt 0.948276 0.500000
vt 0.126984 0.000000
vt 0.195402 0.500000
vt 0.189655 0.500000
vt 0.079365 0.300000
vt 0.071429 0.400000
vt 0.221374 0.300000
vt 0.217557 0.400000
vt 0.195122 1.000000
vt 0.207317 1.000000
vt 0.916031 1.000000
vt 0.731707 0.600000
vt 0.725610 1.000000
vt 0.737805 1.000000
vt 0.339080 0.200000
vt 0.087940 0.800000
vt 0.085427 0.800000
vt 0.329268 0.000000
vt 0.474074 0.200000
vt 0.140741 0.700000
vt 0.057252 0.300000
vt 0.809160 0.000000
vt 0.114754 1.000000
vt 0.328244 0.000000
vt 0.085427 0.500000
vt 0.085427 0.200000
vt 0.328244 1.000000
vt 0.756098 1.000000
vt 0.768293 1.000000
vt 0.768293 0.000000
vt 0.756098 0.000000
vt 0.902010 0.200000
vt 0.178161 0.400000
vt 0.942529 0.700000
vt 0.942529 0.600000
vt 0.390805 1.000000
vt 0.983607 0.000000
vt 0.000000 0.200000
vt 0.030151 0.700000
vt 0.030151 0.800000
vt 0.035176 1.000000
vt 0.035176 0.600000
vt 0.292683 0.700000
vt 0.298781 0.500000
vt 0.286585 0.600000
vt 0.479899 0.000000
vt 0.574713 1.000000
vt 0.962963 0.500000
vt 0.147059 0.800000
vt 0.481481 0.000000
vt 0.488889 0.200000
vt 0.488889 0.300000
vt 0.700000 0.000000
vt 0.440000 0.000000
vt 0.400000 0.000000
vt 0.748744 1.000000
vt 0.298781 0.200000
vt 0.780488 1.000000
vt 0.642857 1.000000
vt 0.494253 0.000000
vt 0.872549 0.000000
vt 0.609756 0.200000
vt 0.609756 0.300000
vt 0.621951 0.400000
vt 0.621951 0.000000
vt 0.628049 0.500000
vt 0.350575 0.000000
vt 0.743902 0.500000
vt 0.350575 1.000000
vt 0.362069 0.000000
vt 0.114754 0.000000
vt 0.621951 1.000000
vt 0.103704 0.300000
vt 0.096296 0.400000
vt 0.931035 1.000000
vt 0.936782 1.000000
vt 0.244275 1.000000
vt 0.182927 1.000000
vt 0.770492 0.000000
vt 0.637037 1.000000
vt 0.304878 0.000000
vt 0.400000 1.000000
vt 0.440000 1.000000
vt 0.640000 0.000000
vt 0.759542 0.000000
vt 0.743902 0.800000
vt 0.317073 0.500000
vt 0.931035 0.000000
vt 0.201149 1.000000
vt 0.212644 1.000000
vt 0.339080 0.500000
vt 0.470085 0.000000
vt 0.327586 0.400000
vt 0.529412 0.000000
vt 0.323171 0.300000
vt 0.317073 0.000000
vt 0.160920 1.000000
vt 0.474074 0.000000
vt 0.925926 0.000000
vt 0.540984 1.000000
vt 0.725926 1.000000
s 1
f 4597/1/1 4602/2/2 4601/3/3
f 143/4/4 110/5/4 144/6/4
f 27/7/4 39/8/4 32/9/4
f 3996/10/5 3994/11/6 3997/12/7
f 6524/13/8 6522/14/9 6525/15/10
f 3166/16/11 3164/17/12 3167/18/13
f 5899/19/14 5900/20/15 5907/21/16
f 129/22/4 128/23/4 98/24/4
f 6352/25/17 6360/26/18 6359/27/19
f 3828/28/20 3826/29/21 3829/30/22
f 5308/31/23 5312/32/24 5311/33/25
f 4823/34/26 4828/35/27 4827/36/28
f 5247/37/29 5251/38/30 5246/39/31
f 3962/40/32 3960/41/33 3963/42/34
f 3755/43/35 3759/44/36 3758/45/37
f 3522/41/38 3526/46/39 3525/42/34
f 3347/47/40 3346/48/41 3339/49/42
f 4260/50/43 4263/51/44 4259/52/45
f 6234/53/46 6147/54/47 6146/55/48
f 5250/56/49 5254/57/50 5249/58/51
f 3204/59/52 3196/60/53 3197/61/54
f 4732/62/55 4734/63/56 4731/64/57
f 370/65/4 369/66/4 341/67/4
f 2273/68/58 2271/69/59 2274/70/60
f 258/71/4 257/39/4 224/72/4
f 5888/73/61 5893/74/62 5896/75/63
f 5545/76/64 5550/77/65 5553/78/63
f 2533/79/66 2532/80/67 2524/81/68
f 469/82/4 498/83/4 497/84/4
f 533/85/4 569/86/4 568/71/4
f 2933/87/69 2938/88/70 2937/89/71
f 6225/90/72 6224/91/73 6221/92/74
f 1226/93/75 1227/94/75 1190/95/75
f 3560/96/76 3558/10/5 3561/97/77
f 4696/44/78 4694/98/79 4697/99/80
f 574/24/4 605/22/4 604/23/4
f 669/100/4 668/101/4 675/102/4
f 4258/53/81 4185/55/82 4257/103/83
f 3261/104/84 3269/105/85 3260/106/86
f 4314/10/87 4312/11/88 4315/12/89
f 4224/107/90 4226/108/91 4223/109/92
f 4737/110/93 4735/111/94 4738/112/95
f 6181/113/96 6179/114/97 6182/115/98
f 4572/116/99 4571/117/100 4564/118/101
f 4417/119/102 4428/120/103 4416/121/104
f 759/122/4 747/123/4 741/124/4
f 2844/125/105 2848/126/106 2847/127/107
f 5305/128/108 5309/129/109 5308/31/23
f 1519/130/75 1520/131/75 1499/132/75
f 4069/133/110 4067/134/111 4070/135/112
f 6483/136/113 6480/115/114 6481/137/115
f 3663/138/116 3649/139/117 3650/140/118
f 3537/114/119 3533/141/120 3534/142/121
f 6561/143/122 6563/144/123 6560/136/124
f 5280/145/125 5278/146/126 5281/147/127
f 5800/148/128 5795/149/129 5790/150/130
f 4009/151/131 4011/91/132 4008/152/133
f 880/153/4 815/154/4 881/155/4
f 5453/156/134 5457/157/135 5456/158/136
f 2326/159/137 2324/160/138 2327/41/139
f 5410/161/140 5408/162/141 5411/163/142
f 4101/138/143 4087/139/117 4088/140/144
f 2290/164/145 2294/165/146 2293/166/147
f 6172/141/148 6173/142/149 6176/167/150
f 2475/168/151 2471/91/152 2472/90/72
f 914/169/4 989/170/4 988/171/4
f 2676/172/153 2679/173/154 2684/174/155
f 3436/175/156 3438/176/157 3435/177/158
f 3555/178/159 3551/109/160 3552/107/161
f 3134/179/162 3133/180/163 3130/181/164
f 5910/182/165 5901/183/166 5902/184/167
f 1005/24/4 1036/22/4 1035/23/4
f 6558/185/168 6560/136/124 6557/186/169
f 4326/187/170 4330/188/171 4329/189/172
f 3990/107/161 3988/190/173 3991/191/174
f 1204/192/75 1240/193/75 1241/194/75
f 1121/7/75 1122/195/75 1126/9/75
f 2584/196/175 2583/197/176 2581/198/177
f 3014/199/178 3017/200/179 3022/201/180
f 2792/202/181 2797/203/182 2796/204/183
f 2354/205/184 2350/206/185 2351/207/186
f 1284/208/75 1285/209/75 1272/210/75
f 2221/211/187 2220/212/188 2217/213/189
f 4941/214/190 4945/215/191 4944/216/192
f 5969/217/193 5970/218/194 5977/219/195
f 4837/220/196 4840/221/197 4836/222/198
f 5567/223/199 5566/224/200 5558/225/201
f 4179/226/176 4181/227/202 4178/228/203
f 2595/229/204 2597/230/205 2594/231/206
f 3862/232/207 3860/233/208 3863/234/209
f 5877/235/210 5875/236/211 5878/237/212
f 5440/238/213 5444/239/214 5443/240/215
f 2420/142/216 2416/241/217 2417/242/218
f 6032/243/219 6038/244/220 6041/245/221
f 4611/246/222 4615/247/223 4614/248/224
f 5777/249/112 5779/250/225 5776/251/110
f 3209/252/226 3202/253/227 3199/174/228
f 4573/254/229 4578/255/230 4572/116/99
f 4077/256/1 4081/257/3 4076/258/231
f 5041/91/152 5045/168/232 5044/259/233
f 6386/260/234 6385/261/235 6377/262/236
f 4102/263/237 4094/264/238 4095/265/239
f 5485/266/240 5533/267/241 5534/268/242
f 3914/269/243 3911/270/244 3915/271/245
f 2825/272/246 2824/49/247 2819/273/248
f 3999/97/77 4003/274/249 4002/187/250
f 4545/275/251 4550/276/252 4554/277/253
f 5229/278/254 5227/279/255 5230/280/256
f 3191/172/257 3185/281/258 3186/282/259
f 6136/283/260 6140/284/261 6139/285/262
f 6100/286/263 6104/207/186 6103/206/185
f 2592/287/264 2594/231/206 2591/288/265
f 1699/94/75 1700/8/75 1661/289/75
f 4416/121/104 4420/290/266 4419/291/238
f 5323/292/267 5321/293/268 5324/294/269
f 2338/141/270 2342/114/271 2341/295/272
f 5614/296/273 5613/297/274 5605/298/275
f 4713/299/276 4717/42/277 4716/40/278
f 5785/300/279 5790/150/280 5795/149/129
f 1861/301/75 1862/302/75 1864/303/75
f 2426/114/281 2428/113/96 2425/295/282
f 1976/170/75 1901/169/75 1975/171/75
f 6066/304/283 6067/305/284 5870/52/285
f 5842/306/286 5845/307/287 5844/308/288
f 2473/283/289 2471/91/152 2474/259/290
f 4593/309/291 4589/251/110 4590/249/112
f 2824/49/247 2831/48/292 2823/310/293
f 3161/311/294 3163/312/295 3160/313/296
f 5603/121/297 5607/290/298 5606/291/224
f 4516/314/299 4518/315/300 4515/316/301
f 3664/263/302 3656/264/303 3657/265/304
f 6135/317/305 6138/168/306 6137/259/307
f 2640/318/308 2641/319/309 2644/320/310
f 4389/321/311 4384/322/312 4379/224/313
f 2513/323/314 2514/324/315 2523/325/316
f 6203/326/317 6206/97/318 6202/327/319
f 6255/328/320 6257/329/321 6254/330/322
f 5220/331/323 5218/332/324 5221/333/325
f 1018/334/4 1050/4/4 1049/335/4
f 3173/336/326 3172/337/327 3169/338/328
f 6217/339/329 6218/152/330 6221/92/74
f 2463/188/331 2465/152/332 2462/189/333
f 5697/340/334 5693/341/335 5694/342/336
f 5733/343/337 5729/344/338 5734/345/339
f 4287/142/149 4285/346/340 4288/347/341
f 2127/23/75 2128/22/75 2096/24/75
f 2161/348/75 2162/349/75 2180/350/75
f 2965/351/342 2961/352/343 2957/353/344
f 791/102/4 785/100/4 784/101/4
f 5216/354/345 5214/355/346 5217/356/347
f 2262/357/348 2259/358/349 2263/359/350
f 5937/360/351 5941/361/352 5936/257/353
f 2710/362/225 2708/363/112 2711/364/291
f 2196/365/354 2194/366/355 2197/367/356
f 2196/365/354 2200/368/357 2199/369/358
f 2203/370/359 2199/369/358 2204/371/360
f 4621/372/361 4629/373/362 4639/374/363
f 2203/370/364 2208/375/365 2207/376/366
f 6140/284/261 6138/168/306 6141/377/367
f 5353/378/368 5350/379/369 5354/380/370
f 6259/381/371 6260/382/372 6263/383/373
f 5350/379/369 5346/384/374 5355/385/375
f 4779/386/376 4775/387/377 4776/388/378
f 5394/389/379 5390/390/380 5391/391/381
f 6598/392/382 6602/393/383 6601/394/384
f 6153/395/385 6155/41/386 6152/160/387
f 1187/52/75 1156/396/75 1157/397/75
f 2226/398/388 2228/295/389 2225/399/390
f 2237/400/391 2241/401/392 2240/402/393
f 5759/116/394 5765/255/395 5769/403/396
f 3110/229/397 3114/404/398 3113/405/399
f 618/406/4 587/334/4 619/4/4
f 387/407/4 421/408/4 420/22/4
f 3518/409/400 3522/41/38 3521/159/401
f 2246/410/402 2250/411/403 2249/412/404
f 2240/402/393 2244/413/405 2243/414/406
f 2252/415/407 2250/411/403 2253/416/408
f 700/417/4 699/418/4 739/419/4
f 6460/420/409 6458/41/410 6456/421/411
f 5487/422/412 5488/423/413 5492/424/414
f 5114/425/415 5109/426/416 5103/427/417
f 4894/160/138 4898/428/418 4897/41/139
f 642/429/4 630/430/4 648/431/4
f 5148/432/419 5152/433/420 5153/434/421
f 2191/435/422 2195/436/423 2194/366/355
f 2263/359/350 2266/437/424 2262/357/348
f 2264/438/425 2265/439/426 2268/440/427
f 2269/441/428 2267/442/429 2270/443/430
f 3727/444/431 3728/445/432 3734/446/433
f 5205/447/434 5209/157/435 5208/158/436
f 4582/403/437 4572/116/99 4578/255/230
f 4194/41/139 4196/40/438 4193/159/137
f 6067/305/284 6068/448/439 5872/449/440
f 4217/206/185 4221/205/184 4220/450/441
f 6321/451/442 6322/452/443 6325/453/444
f 2276/454/445 2278/455/446 2275/456/447
f 2279/457/448 2281/458/449 2278/455/446
f 2750/459/450 2746/104/451 2741/460/452
f 5493/461/453 5497/462/454 5496/463/455
f 5946/464/456 5950/465/457 5949/466/224
f 3423/467/458 3427/468/459 3426/469/460
f 2297/470/461 2295/471/462 2298/472/463
f 5308/31/23 5310/473/464 5307/474/465
f 3513/55/466 3583/53/467 3514/449/468
f 6030/475/469 6034/476/470 6033/477/471
f 3823/478/472 3819/479/473 3820/480/474
f 2922/481/475 2918/482/476 2919/483/477
f 6054/484/478 6058/485/479 6057/486/480
f 2682/61/481 2678/487/482 2672/488/483
f 4053/75/229 4058/489/484 4052/490/485
f 4891/51/486 4895/395/487 4894/160/138
f 5671/491/488 5675/492/489 5670/493/490
f 4305/205/491 4308/107/492 4304/450/493
f 2329/40/438 2327/41/139 2330/42/494
f 2330/42/494 2334/494/495 2333/495/496
f 4905/241/497 4903/495/496 4906/242/498
f 5075/496/499 5079/497/500 5074/498/501
f 6518/499/502 6516/500/503 6519/317/504
f 2340/347/505 2342/114/271 2339/142/506
f 2318/50/82 2322/501/507 2321/51/486
f 6098/115/508 6094/295/272 6095/114/271
f 3857/502/509 3856/503/510 3854/504/511
f 3881/505/512 3877/506/513 3878/507/514
f 4921/207/186 4919/508/515 4922/509/516
f 2354/205/184 2352/509/516 2355/190/517
f 5455/510/518 5453/156/134 5456/158/136
f 3283/511/519 3279/512/520 3280/513/521
f 6107/205/184 6109/109/92 6106/450/522
f 4929/108/91 4927/107/90 4930/178/523
f 4237/514/524 4239/515/525 4236/516/526
f 4227/178/523 4231/12/527 4230/10/528
f 2367/517/529 2369/516/526 2366/97/530
f 4942/515/525 4940/514/524 4943/518/531
f 2362/519/532 2360/178/533 2363/10/528
f 2397/501/534 2399/160/535 2396/51/536
f 4238/214/190 4242/215/191 4241/216/192
f 2411/520/537 2414/495/538 2413/521/539
f 2375/215/191 2377/522/540 2374/216/192
f 3220/523/107 3222/524/110 3219/525/541
f 2386/285/262 2390/103/83 2389/526/542
f 3930/527/543 3934/528/544 3933/529/545
f 4185/55/82 4256/526/542 4257/103/83
f 5468/530/546 5464/531/547 5465/532/548
f 6142/526/542 6071/55/549 6070/52/550
f 2925/533/551 2921/175/552 2922/481/475
f 4972/41/386 4970/395/553 4973/428/554
f 4968/409/555 4972/41/386 4971/159/556
f 3770/534/557 3768/535/558 3771/536/559
f 5366/537/560 5370/538/561 5369/539/562
f 4273/420/563 4276/46/564 4272/540/565
f 6412/541/566 6415/542/567 6411/543/568
f 4986/241/217 4984/495/538 4987/242/218
f 2418/346/569 2420/142/216 2417/242/218
f 4986/241/217 4990/142/216 4989/141/148
f 5830/544/570 5831/545/571 5833/546/572
f 3336/547/573 3337/548/574 3341/549/575
f 4291/550/576 4294/551/577 4290/167/578
f 2426/114/281 2430/137/579 2429/115/98
f 4996/114/281 5000/137/579 4999/115/98
f 2575/552/580 2579/553/581 2578/554/582
f 4772/555/583 4776/388/378 4775/387/377
f 4321/517/584 4320/97/318 4317/326/317
f 4303/509/585 4306/190/586 4305/205/491
f 6523/392/587 6527/393/383 6526/394/384
f 3728/445/432 3722/556/588 3723/557/589
f 2444/178/590 2442/191/591 2445/11/592
f 4323/516/593 4326/187/170 4325/558/594
f 6278/559/595 6284/560/596 6289/561/597
f 4326/187/170 4328/562/598 4325/558/594
f 6482/563/599 6483/136/113 6484/564/600
f 2465/152/332 2461/562/601 2462/189/333
f 4870/529/602 4872/565/603 4869/566/604
f 5327/567/605 5329/568/606 5326/569/607
f 3573/91/132 3569/339/608 3570/152/133
f 3461/570/609 3464/571/610 3458/572/611
f 2476/285/612 2474/259/290 2477/284/613
f 2479/526/614 2477/284/613 2480/103/615
f 3510/573/231 2999/574/616 2998/575/617
f 6339/576/351 6343/577/618 6338/578/619
f 2482/579/279 2487/580/620 2492/581/621
f 3992/108/622 3996/10/5 3995/519/623
f 2733/582/624 2736/583/625 2741/460/626
f 1832/124/75 1844/584/75 1850/122/75
f 4967/501/534 4969/160/535 4966/51/44
f 4516/314/299 4514/585/627 4517/586/628
f 2250/411/403 2254/587/629 2253/416/408
f 5931/588/231 5929/589/630 5932/590/631
f 4508/591/632 4504/592/176 4505/593/175
f 4705/535/558 4709/594/633 4708/536/634
f 3094/553/581 3090/552/635 3091/595/433
f 5134/596/636 5133/597/637 5129/598/638
f 5642/599/639 5638/600/640 5637/601/641
f 3287/602/642 3290/603/643 3286/604/644
f 3498/605/645 3499/606/646 3502/607/106
f 2549/608/647 2542/609/648 2543/610/649
f 2559/611/566 2560/612/650 2565/613/651
f 2547/614/652 2551/615/653 2546/616/654
f 3712/617/655 3711/618/655 3707/619/656
f 2571/620/657 2570/621/658 2564/622/651
f 2554/623/659 2558/624/660 2553/625/661
f 4158/626/662 4159/627/663 4163/628/664
f 6027/629/665 6029/630/666 6026/631/667
f 4169/632/668 4170/633/669 4165/444/670
f 4350/634/671 4682/635/672 4351/636/673
f 2288/637/674 2284/638/675 2285/639/676
f 3307/202/677 3312/203/678 3316/640/679
f 5008/205/491 5011/107/492 5007/450/493
f 1535/641/75 1551/642/75 1552/643/75
f 2585/644/680 2583/197/176 2586/645/681
f 2583/197/176 2587/646/682 2586/645/681
f 5715/647/683 5717/648/684 5714/649/685
f 3707/619/656 3701/650/686 3702/651/687
f 2975/652/226 2968/653/688 2965/351/689
f 6444/654/690 6442/655/691 6445/656/692
f 2591/288/265 2589/657/693 2592/287/264
f 2595/229/204 2593/658/694 2596/659/695
f 3110/229/397 3112/230/696 3109/231/697
f 2324/160/138 2328/428/418 2327/41/139
f 5125/660/698 5120/661/699 5115/662/700
f 4530/648/701 4528/647/683 4531/663/702
f 2731/664/703 2726/665/704 2721/666/705
f 2225/399/390 2223/667/706 2226/398/388
f 3850/205/707 3853/668/708 3849/450/709
f 4489/669/710 4493/670/711 4494/671/712
f 5316/672/713 5320/673/714 5319/674/715
f 2981/675/716 2986/676/107 2985/677/717
f 2619/179/162 2618/180/163 2615/181/164
f 3136/678/718 3133/180/163 3142/679/719
f 5500/680/720 5503/681/721 5502/682/722
f 2629/683/723 2624/684/724 2625/685/725
f 5856/686/726 5863/687/727 5857/688/728
f 3789/689/729 3784/690/730 3785/691/731
f 2632/692/732 2627/679/733 2628/693/734
f 2629/683/723 2632/692/732 2628/693/734
f 2821/547/735 2822/548/736 2826/549/737
f 3326/694/738 3316/640/679 3315/695/739
f 3149/696/740 3142/679/719 3147/692/741
f 3819/479/473 3821/697/742 3818/698/743
f 5010/109/744 5014/178/590 5013/108/745
f 2927/699/746 2923/176/157 2924/700/747
f 6242/701/748 6246/702/749 6245/703/750
f 3165/704/751 3161/311/294 3162/705/752
f 2648/312/295 2646/311/294 2649/17/12
f 2649/17/12 2651/16/11 2648/312/295
f 2655/706/753 2653/707/754 2656/708/755
f 4576/709/226 4569/710/756 4566/711/757
f 2661/712/758 2659/713/759 2662/714/760
f 2847/127/107 2849/715/110 2846/716/541
f 6242/701/748 6244/717/761 6241/718/762
f 4713/299/276 4711/719/763 4714/720/764
f 6520/721/765 6524/13/8 6523/392/587
f 3010/722/766 3014/199/767 3013/723/224
f 3616/724/768 3626/725/769 3621/726/770
f 4056/727/226 4049/728/771 4046/729/772
f 4930/178/523 4934/12/527 4933/10/528
f 6349/730/773 6360/26/774 6348/731/775
f 3206/732/776 3211/733/777 3205/734/778
f 2697/735/779 2701/736/780 2691/732/776
f 3498/605/645 3493/737/781 3488/738/782
f 5477/739/783 5474/740/784 5478/741/785
f 3927/742/786 3921/743/787 3922/744/788
f 3220/523/107 3216/736/780 3217/745/105
f 5273/746/789 5272/747/790 5263/748/791
f 4073/749/291 4071/750/792 4074/751/630
f 2349/508/793 2351/207/186 2348/564/794
f 3993/178/795 3991/191/174 3994/11/6
f 4145/619/796 4139/650/797 4140/651/798
f 4099/752/799 4098/753/800 4095/265/239
f 3586/754/801 3593/755/802 3589/756/803
f 5582/757/112 5586/758/630 5585/759/291
f 4093/760/804 4102/263/237 4101/138/805
f 6351/761/224 6350/762/806 6345/763/807
f 3639/256/1 3644/360/808 3643/257/3
f 3144/683/809 3140/685/810 3139/684/811
f 5934/764/812 5939/765/813 5938/766/814
f 2774/767/287 2776/768/815 2773/769/816
f 3653/770/817 3657/265/304 3656/264/303
f 2243/414/406 2247/771/818 2246/410/402
f 6064/772/819 6067/305/284 6063/773/820
f 3638/258/231 3642/774/821 3641/764/822
f 5402/775/823 5406/776/824 5405/777/825
f 4046/729/772 4037/778/826 4038/779/827
f 3280/513/521 3276/780/828 3277/781/829
f 1440/782/75 1460/783/75 1461/784/75
f 3224/785/792 3226/364/291 3223/363/112
f 2768/511/830 2766/786/831 2769/787/832
f 6014/788/833 6016/789/834 6017/790/835
f 2391/53/81 2318/55/82 2390/103/83
f 5181/791/836 5184/792/837 5183/793/838
f 2585/644/680 2589/657/693 2588/794/839
f 4608/149/840 4621/372/361 4607/795/117
f 3229/796/231 3233/797/841 3232/798/617
f 4177/799/177 4176/800/842 4180/801/175
f 5236/802/843 5235/803/844 5229/278/254
f 6128/215/191 6124/214/845 6125/515/525
f 4480/804/566 4481/805/846 4486/806/847
f 2997/579/279 3002/580/848 3007/581/849
f 6012/807/850 6010/808/851 6013/809/852
f 3303/810/853 3307/202/677 3306/811/854
f 6456/421/411 6454/160/855 6452/812/856
f 4484/491/857 4488/492/858 4483/493/859
f 297/813/4 296/814/4 275/815/4
f 4743/816/860 4741/817/861 4744/818/862
f 3690/819/863 3696/820/864 3702/651/687
f 5687/821/581 5683/822/635 5684/823/433
f 4265/409/865 4269/41/386 4268/159/556
f 2600/824/866 2598/405/867 2601/825/868
f 5177/826/869 5175/827/870 5178/828/871
f 3336/547/573 3332/829/872 3327/830/873
f 5654/831/874 5659/832/875 5658/833/876
f 2809/834/877 2815/835/878 2820/836/879
f 5252/837/880 5242/838/881 5238/839/882
f 4528/647/683 4532/840/883 4531/663/702
f 3486/841/485 3485/842/884 3478/843/885
f 3490/652/226 3483/653/886 3480/351/887
f 4579/844/888 4583/845/780 4573/254/229
f 3359/125/889 3354/846/890 3349/847/891
f 2978/737/892 2982/848/780 2972/849/776
f 5536/850/611 5539/851/893 5542/852/894
f 3265/459/895 3261/104/84 3256/460/896
f 2847/127/107 2851/853/792 2850/854/112
f 4705/535/558 4707/534/557 4704/855/897
f 3100/644/898 3104/657/693 3103/794/899
f 6213/274/900 6212/187/901 6209/516/593
f 3164/17/12 3168/707/754 3167/18/13
f 3655/760/902 3650/140/118 3645/856/903
f 4930/178/523 4932/519/532 4929/108/91
f 2852/857/225 2856/858/231 2855/859/904
f 2856/858/231 2854/860/630 2857/861/631
f 5582/757/112 5584/862/225 5581/863/110
f 4954/259/307 4953/283/260 4950/864/905
f 4018/377/906 4014/259/907 4015/168/908
f 2866/865/909 2862/866/808 2871/867/910
f 3231/868/279 3236/666/911 3241/665/912
f 3022/201/913 3010/722/766 3011/869/914
f 4711/719/763 4715/870/915 4714/720/764
f 2891/871/916 2895/872/917 2900/873/918
f 5624/874/919 5623/875/920 5614/296/273
f 5967/876/921 5966/877/922 5957/878/273
f 4640/879/923 4635/880/924 4631/881/925
f 2269/441/428 2273/68/58 2272/882/926
f 2801/640/679 2797/203/678 2794/883/927
f 5971/884/928 5975/234/929 5977/219/195
f 4141/885/930 4136/886/931 4131/887/932
f 2903/888/933 2902/889/934 2900/873/918
f 5518/890/935 5515/891/936 5516/892/937
f 2931/893/938 2938/88/70 2929/894/939
f 4303/509/585 4302/207/940 4299/564/941
f 4739/895/942 4743/816/860 4742/896/943
f 2912/468/944 2908/467/945 2909/897/946
f 2912/468/944 2910/898/947 2913/899/948
f 3430/900/949 3433/482/476 3432/901/950
f 6516/500/503 6512/215/951 6513/902/952
f 6155/41/386 6151/409/865 6152/160/387
f 3442/699/746 3440/533/551 3443/903/953
f 2477/284/613 2481/53/46 2480/103/615
f 3373/904/279 3378/905/848 3383/906/954
f 2933/87/955 2936/907/956 2932/908/957
f 2938/88/70 2939/909/958 2942/910/959
f 5799/911/914 5810/912/960 5798/246/961
f 2282/913/962 2284/638/675 2281/458/449
f 1069/348/4 1068/914/4 1089/915/4
f 6250/916/963 6251/917/964 6253/918/965
f 5979/919/966 5983/920/967 5982/921/968
f 2325/395/487 2321/51/486 2322/501/507
f 4553/922/969 4557/923/970 4560/924/63
f 5405/777/825 5407/925/971 5404/926/972
f 4571/117/100 4563/927/973 4564/118/101
f 4808/928/974 4810/929/975 4807/930/976
f 3211/733/777 3215/931/977 3214/932/978
f 2833/933/776 2838/934/979 2832/47/980
f 4352/851/981 4355/852/610 4349/850/611
f 6543/46/982 6545/520/983 6542/42/984
f 3487/849/776 3492/935/985 3486/841/485
f 3633/750/792 3635/749/291 3632/135/112
f 5208/158/436 5212/936/986 5211/937/987
f 3397/938/302 3407/871/988 3406/939/989
f 4069/133/110 4073/749/291 4072/940/225
f 4920/206/990 4924/205/184 4923/450/441
f 2461/562/601 2459/187/170 2462/189/333
f 2992/941/291 2990/942/792 2993/943/630
f 2993/943/630 2995/573/231 2992/941/291
f 5932/590/631 5936/257/353 5931/588/231
f 3640/944/279 3645/856/848 3650/140/118
f 4599/945/991 4604/946/992 4603/150/993
f 4669/686/994 4676/687/995 4670/688/728
f 2873/947/996 2868/906/997 2863/905/998
f 3020/948/999 3006/949/117 3007/581/849
f 4437/874/1000 4436/875/1001 4427/296/273
f 5614/296/273 5606/291/224 5607/290/298
f 2300/950/1002 2302/951/1003 2299/952/1004
f 3670/953/1005 3665/954/1006 3660/753/1007
f 4434/955/1008 4435/956/1009 4444/957/316
f 3644/360/808 3648/958/1010 3643/257/3
f 3256/460/896 3248/582/1011 3244/959/1012
f 3836/960/1013 3832/961/1014 3833/962/1015
f 6491/963/1016 6489/509/1017 6492/964/1018
f 4725/965/1019 4722/691/1020 4726/689/729
f 3038/325/316 3039/81/1021 3047/80/1022
f 5917/966/1023 5922/967/111 5921/461/541
f 2676/172/153 2670/281/1024 2671/282/259
f 6143/103/83 6141/377/367 6144/53/81
f 5958/968/1025 5946/464/456 5947/969/773
f 3064/608/1026 3057/609/1027 3058/610/1028
f 3062/614/652 3066/615/1029 3061/616/1030
f 3076/970/1031 3075/612/1032 3070/971/1033
f 5662/972/1034 5661/973/1035 5657/974/1036
f 3837/975/1037 3835/555/583 3838/387/377
f 2561/970/1038 2560/612/650 2555/971/1039
f 4480/804/566 4483/493/859 4479/976/1040
f 6426/977/1041 6429/978/433 6421/979/1042
f 3091/595/433 3082/980/1043 3083/981/1044
f 6602/393/383 6531/982/1045 6530/983/1046
f 5318/984/1047 5320/673/714 5317/985/1048
f 5372/986/1049 5375/987/1050 5371/988/1051
f 3078/989/1052 3082/980/1043 3077/990/1053
f 5686/991/582 5687/821/581 5689/992/177
f 3094/553/581 3092/993/1054 3095/994/842
f 5836/995/1055 5834/996/1056 5837/997/1057
f 3964/46/39 3960/41/33 3961/428/1058
f 6450/998/1059 6451/999/1060 6453/409/1061
f 3098/197/176 3102/646/1062 3101/645/681
f 3953/998/1063 3957/160/1064 3956/409/400
f 4652/1000/1065 4650/997/1057 4653/1001/1066
f 3107/287/264 3109/231/697 3106/288/1067
f 2587/646/682 2589/657/693 2586/645/681
f 3110/229/397 3108/658/1068 3111/659/1069
f 2389/526/542 2318/55/82 2317/52/1070
f 4242/215/191 4246/500/1071 4245/92/1072
f 2650/704/1073 2646/311/294 2647/705/752
f 4795/1002/1074 4799/232/1075 4798/1003/1076
f 3117/1004/1077 3113/405/399 3114/404/398
f 4806/1005/1078 4809/1006/1079 4808/928/974
f 3978/115/1080 3982/508/1081 3981/564/1082
f 5223/1007/1083 5221/333/325 5224/1008/1084
f 3122/1009/1085 3125/1010/1086 3124/1011/1087
f 5877/235/210 5881/1012/1088 5880/1013/1089
f 3126/1014/1090 3129/1015/1091 3125/1010/1086
f 2726/665/704 2731/664/703 2739/1016/1092
f 4885/1017/1093 4884/1018/1094 4881/1019/1095
f 6369/1020/1096 6368/1021/1097 6359/27/19
f 6107/205/184 6103/206/185 6104/207/186
f 5156/1022/433 5149/1023/1098 5150/1024/1099
f 3142/679/1100 3139/684/1101 3143/693/734
f 3139/684/1101 3144/683/723 3143/693/734
f 3147/692/732 3142/679/1100 3143/693/734
f 2952/1025/802 2957/353/1102 2960/1026/63
f 5345/1027/1103 5344/1028/1104 5341/1029/1105
f 2965/351/689 2973/738/1106 2964/1030/15
f 6091/141/270 6095/114/271 6094/295/272
f 3813/1031/1107 3809/1032/1108 3810/1033/1109
f 3156/319/309 3152/1034/1110 3153/1035/1111
f 2637/1034/1110 2641/319/309 2640/318/308
f 6548/1036/1112 6552/1037/1113 6551/1038/1114
f 2191/435/422 2190/1039/1115 2187/1040/1116
f 4287/142/149 4283/241/1117 4284/242/218
f 2602/1004/1077 2598/405/867 2599/404/1118
f 2141/335/75 2109/334/75 2110/1041/75
f 2276/454/445 2272/882/926 2273/68/58
f 5334/1042/1119 5332/1043/1120 5335/1044/1121
f 2655/706/753 2658/336/326 2654/338/328
f 3176/712/758 3174/713/759 3177/714/760
f 2657/337/327 2661/712/758 2660/1045/1122
f 2217/213/189 2219/1046/1123 2216/1047/1124
f 3835/555/583 3839/388/378 3838/387/377
f 2271/69/59 2267/442/429 2268/440/427
f 4236/516/526 4235/1048/1125 4232/96/1126
f 6214/562/601 6212/187/901 6215/189/172
f 5363/1049/1127 5364/1050/1128 5288/1051/1129
f 5459/355/1130 5462/1007/1131 5461/1052/1132
f 3193/487/1133 3197/61/54 3196/60/53
f 2684/174/155 2692/1053/1134 2683/1054/1135
f 5693/341/335 5691/592/176 5694/342/336
f 3856/503/510 3859/1055/1136 3855/1056/1137
f 6189/509/585 6192/190/586 6191/205/491
f 5908/1057/776 5913/1058/1138 5907/21/16
f 4584/1059/1139 4579/844/888 4574/1060/1140
f 3493/737/781 3497/848/780 3487/849/776
f 3568/188/1141 3570/152/133 3567/189/1142
f 4586/1061/541 4581/1062/978 4582/403/437
f 4868/1063/1143 4864/742/1144 4865/1064/1145
f 5415/1065/1146 5417/1066/1147 5414/1067/1148
f 6093/347/505 6095/114/271 6092/142/506
f 3579/284/1149 3583/53/467 3582/103/1150
f 3504/1068/112 3508/943/630 3507/941/291
f 3230/1069/631 3235/1070/808 3234/1071/619
f 5863/687/727 5860/1072/1151 5864/1073/1152
f 5175/827/870 5171/1074/1153 5172/1075/1154
f 4560/924/63 4554/277/253 4550/276/1155
f 4893/409/1156 4891/51/486 4894/160/138
f 5528/1076/1157 5531/1077/1158 5526/1078/1159
f 4413/1079/1160 4426/297/1161 4412/1080/1162
f 2903/888/933 2904/1081/1163 2906/1082/1164
f 2739/1016/1092 2744/1083/1165 2749/1084/1166
f 5241/1085/1167 5245/1086/1168 5254/57/50
f 2858/904/279 2863/905/1169 2868/906/997
f 2497/1087/1170 2492/581/621 2487/580/1171
f 4998/113/96 4996/114/281 4999/115/98
f 4837/220/196 4834/1088/1172 4835/1089/1173
f 6115/519/532 6113/178/523 6116/10/528
f 2759/205/1174 2754/105/1175 2760/190/1176
f 3703/885/1177 3698/886/1178 3693/887/1179
f 3881/505/512 3883/97/1180 3880/1090/1181
f 4654/1091/1182 4652/1000/1065 4655/306/1183
f 2354/205/184 2356/109/92 2353/450/522
f 5180/238/1184 5178/828/871 5181/791/836
f 3278/1092/1185 3280/513/521 3277/781/829
f 3283/511/519 3281/786/1186 3284/787/832
f 2771/604/1187 2774/767/287 2773/769/816
f 4185/50/82 4189/501/1188 4188/51/486
f 2778/1093/1189 2774/767/287 2775/603/643
f 2780/1094/1190 2783/1095/1191 2782/1096/1192
f 3028/323/314 3029/324/314 3038/325/316
f 3929/1097/1193 3927/742/786 3930/527/543
f 4332/152/332 4328/562/598 4329/189/172
f 3386/867/1194 3390/1098/1195 3389/1099/1196
f 5399/1100/1197 5395/1101/1198 5396/1102/1199
f 3104/657/693 3102/646/1062 3105/1103/1200
f 4902/521/1201 4900/42/494 4903/495/496
f 2786/1104/1202 2785/1105/1203 2788/810/1204
f 3199/174/228 3202/253/227 3208/1106/1205
f 2406/420/1206 2409/46/564 2405/540/565
f 4939/516/526 4938/1048/1125 4935/96/1126
f 4843/1107/1207 4841/1108/1208 4844/1109/1209
f 2300/950/1002 2304/1110/1210 2303/1111/1211
f 2839/846/1212 2843/1112/780 2833/933/776
f 3488/738/782 3479/1030/15 3480/351/887
f 5877/235/210 5879/1113/1213 5876/1114/1214
f 4683/124/1215 4687/1115/1216 4686/1116/1217
f 2345/115/508 2341/295/272 2342/114/271
f 3346/48/41 3338/310/293 3339/49/42
f 3354/846/890 3358/1112/780 3348/933/776
f 4064/725/1218 4059/726/1219 4054/724/782
f 2346/137/1220 2348/564/794 2345/115/508
f 6152/160/387 6150/501/534 6153/395/385
f 2276/454/445 2274/70/60 2277/1117/1221
f 3382/1118/1222 3383/906/954 3388/947/1223
f 5515/891/936 5513/233/1224 5516/892/937
f 6077/160/138 6081/428/418 6080/41/139
f 1399/1119/75 1400/1120/75 1366/1121/75
f 2364/12/527 2360/178/533 2361/11/1225
f 4866/1097/1226 4864/742/1144 4867/527/1227
f 2882/938/302 2891/871/916 2890/939/1228
f 6579/1122/1229 6575/1123/1230 6576/1124/1231
f 5155/1125/635 5159/1126/581 5158/1127/582
f 4079/764/822 4078/944/279 4075/1128/904
f 4602/2/2 4606/1129/1232 4601/3/3
f 5205/447/434 5204/1130/1233 5201/1131/1234
f 5793/1129/1232 5789/2/808 5798/246/961
f 5759/116/394 5758/117/1235 5751/118/1236
f 4470/974/1237 4464/1132/797 4465/1133/1238
f 6560/136/124 6556/1134/1239 6557/186/169
f 4091/770/1240 4095/265/239 4094/264/238
f 2371/214/190 2375/215/191 2374/216/192
f 6122/516/1241 6121/1048/1125 6118/96/1126
f 3396/1135/1242 3401/1136/1243 3392/1137/1244
f 2739/1016/1245 2731/664/703 2740/1138/1246
f 2506/1139/302 2505/948/1247 2497/1087/1170
f 328/1140/4 324/1141/4 323/1142/4
f 4102/263/237 4111/1143/1248 4110/1144/1249
f 4632/1145/1250 4631/881/925 4622/1146/273
f 3295/1094/1190 3298/1095/1191 3297/1096/1251
f 5576/321/1252 5577/1147/646 5580/1148/106
f 6276/1149/1253 6280/1150/1254 6279/1151/1255
f 4108/953/1256 4103/954/1257 4098/753/800
f 5927/1152/225 5931/588/231 5930/1153/1258
f 3220/523/107 3224/785/792 3223/363/112
f 4190/409/1156 4188/51/486 4191/160/138
f 3417/889/934 3415/873/1259 3418/888/933
f 3420/1154/1260 3424/897/946 3423/467/458
f 2907/1155/1261 2909/897/946 2906/1082/1164
f 4496/822/635 4500/821/581 4499/991/582
f 5432/1156/1262 5431/1157/1263 5434/1158/1264
f 2915/900/1265 2912/468/944 2913/899/948
f 266/1159/4 308/1160/4 267/1161/4
f 6164/520/1266 6167/495/538 6166/521/539
f 2918/482/476 2920/177/1267 2917/901/950
f 5906/1162/1268 5898/1163/1269 5899/19/1270
f 4155/1164/566 4158/626/662 4154/1165/1271
f 2921/175/552 2923/176/157 2920/177/1267
f 2398/409/1272 2402/41/386 2401/159/556
f 5563/1166/1273 5555/1167/1274 5556/1168/1275
f 6196/108/1276 6200/10/1277 6199/519/1278
f 2590/1103/1279 2592/287/264 2589/657/693
f 2231/1169/1280 2229/114/1281 2232/1170/1282
f 6539/41/1283 6535/409/1284 6536/160/1285
f 3455/1171/1286 3451/907/1287 3456/1172/1288
f 3453/88/70 3454/909/958 3457/910/1289
f 3616/724/768 3607/1173/15 3608/729/1290
f 5865/1174/1291 5860/1072/1292 5861/1175/1293
f 5537/634/1294 5869/635/1295 5538/636/673
f 4693/1176/1296 4692/43/35 4689/1177/1297
f 2946/570/610 2949/571/609 2943/572/611
f 5012/191/1298 5014/178/590 5011/107/492
f 4692/43/35 4696/44/78 4695/45/37
f 5600/1079/1299 5613/297/1300 5599/1080/117
f 3595/1178/1301 3596/1179/1302 3606/1180/1303
f 2963/843/1304 2964/1030/15 2971/841/980
f 3923/1181/1305 3921/743/787 3927/742/786
f 6243/1182/1306 6242/701/748 6239/1183/1307
f 3347/47/40 3353/934/1308 3357/1184/1309
f 3621/726/770 3625/1185/1310 3615/75/776
f 2977/935/1311 2981/675/716 2980/1186/1312
f 3814/295/1313 3812/680/1314 3815/114/1315
f 3737/1187/581 3733/1188/635 3734/446/433
f 2529/1189/1316 2524/81/68 2534/1190/1317
f 2682/61/481 2689/59/1318 2681/60/1319
f 3503/1191/110 3501/676/107 3504/1068/112
f 3505/942/792 3501/676/107 3502/607/106
f 4759/1192/1320 4761/681/1321 4763/29/1322
f 2996/1193/1 2486/1194/808 2485/1195/619
f 4397/862/225 4395/757/112 4398/759/291
f 2704/525/541 2699/932/1312 2700/931/1323
f 4819/96/1324 4820/97/1180 4824/1196/1325
f 4346/526/614 4344/284/613 4347/103/1326
f 5419/1197/1327 5420/1198/1328 5422/1199/1329
f 6330/1200/1330 6326/1201/1331 6327/1202/1332
f 4064/725/1218 4065/1203/646 4068/1204/106
f 2854/860/630 2850/854/112 2851/853/792
f 3223/363/112 3225/362/225 3222/524/110
f 3506/1205/225 3510/573/231 3509/1206/1258
f 4016/285/1333 4014/259/907 4017/284/1149
f 6086/495/496 6090/346/1334 6089/242/498
f 3510/573/231 3508/943/630 3511/1193/631
f 3954/51/1335 3952/54/468 3955/501/1336
f 2343/551/1337 2345/115/508 2342/114/271
f 5412/1207/1338 5408/162/141 5409/1208/1339
f 4004/562/1340 4008/152/133 4007/339/608
f 3555/178/159 3553/191/1341 3556/11/6
f 4007/339/608 4011/91/132 4010/164/1342
f 6476/114/1343 6478/1134/1344 6474/1209/1345
f 4006/188/1141 4008/152/133 4005/189/1142
f 3564/187/250 3568/188/1141 3567/189/1142
f 3418/888/933 3415/873/1259 3419/1081/1163
f 3969/242/1346 3965/521/1347 3966/495/1348
f 2867/1118/1349 2868/906/997 2873/947/996
f 3539/113/1350 3537/114/119 3540/115/1351
f 4001/558/1352 3999/97/77 4002/187/250
f 3742/801/175 3741/226/176 3739/799/1353
f 3255/1138/1354 3247/1210/1355 3248/582/1011
f 3512/124/1356 3516/51/1335 3515/998/1357
f 2944/1211/1358 2942/910/959 2945/1212/673
f 3566/562/1340 3570/152/133 3569/339/608
f 3988/190/173 3984/207/1359 3985/509/1360
f 3558/10/5 3556/11/6 3559/12/7
f 3581/526/1361 3513/55/466 3512/52/1356
f 3543/564/1082 3545/206/1362 3542/286/1363
f 3576/259/907 3578/285/1333 3575/283/1364
f 3975/114/1365 3979/137/1366 3978/115/1080
f 3254/1016/1367 3259/1083/1368 3264/1084/1369
f 4002/187/250 4006/188/1141 4005/189/1142
f 5441/791/1370 5437/826/1371 5438/828/1372
f 4772/555/583 4774/975/1037 4771/1213/1373
f 3996/10/5 3998/96/76 3995/519/623
f 3558/10/5 3562/517/1374 3561/97/77
f 3978/115/1080 3980/286/1375 3977/113/1350
f 3996/10/5 4000/517/1374 3999/97/77
f 4524/1214/1376 4521/1215/1377 4522/1216/1378
f 5839/1000/1379 5837/997/1057 5840/1001/1066
f 3548/450/1380 3552/107/161 3551/109/160
f 4017/284/1149 4021/53/467 4020/103/1381
f 3548/450/1380 3546/207/1382 3549/205/1383
f 3951/55/466 4021/53/467 3952/449/468
f 5374/1217/1384 5378/1218/1385 5377/1219/1386
f 2989/1068/112 2991/1205/225 2988/1191/110
f 2746/104/451 2754/105/1175 2745/106/86
f 3178/1220/1387 3182/1221/1388 3175/1045/1389
f 2282/913/962 2286/1222/1390 2285/639/676
f 3745/1223/1391 3585/1224/1392 3744/1225/1393
f 5191/1226/1394 5187/239/1395 5188/1227/1396
f 5211/937/987 5215/1228/1397 5214/355/346
f 3613/1229/1398 3605/1230/1399 3606/1180/1303
f 3638/258/231 3636/751/630 3639/256/1
f 5047/284/613 5051/53/46 5050/103/1326
f 3212/735/1400 3216/736/780 3206/732/776
f 3615/75/776 3620/489/1401 3614/490/1402
f 2696/733/1403 2700/931/1323 2699/932/1312
f 3144/683/723 3147/692/732 3143/693/734
f 2260/1231/1404 2259/358/349 2257/1232/1405
f 6358/1233/1406 6344/1234/117 6345/763/807
f 2901/1235/1407 2892/1236/1408 2893/1237/1409
f 4155/1164/566 4156/1238/1410 4161/557/1411
f 5161/1239/177 5159/1126/581 5160/1240/842
f 3888/1241/1412 3895/1242/1413 3898/1089/1173
f 5979/919/966 5977/219/195 5980/1243/1414
f 2581/198/177 2583/197/176 2582/1244/203
f 5771/1059/1415 5766/844/1416 5761/1060/1417
f 2856/858/231 2860/1245/616 2859/1246/1418
f 3377/866/2 3381/865/1419 3376/1247/619
f 5428/1248/1420 5426/1126/1421 5429/1249/1422
f 2495/722/1423 2499/199/1424 2498/723/238
f 3389/1099/1196 3388/947/1223 3383/906/954
f 4113/1250/1425 4112/1251/1426 4102/263/237
f 3409/1237/1425 3408/1236/1427 3397/938/302
f 5213/1252/1428 5211/937/987 5214/355/346
f 2393/55/43 2480/103/615 2481/53/46
f 6085/521/1201 6083/42/494 6086/495/496
f 3307/202/677 3304/1253/1429 3308/1254/1430
f 4110/1144/1249 4111/1143/1248 4119/1255/1431
f 4697/99/80 4699/1256/1432 4696/44/78
f 5928/1257/291 5924/1258/110 5925/1259/112
f 3069/623/1433 3073/624/1434 3068/625/1435
f 4748/1260/1436 4746/1032/1437 4749/680/1438
f 3107/287/264 3105/1103/1200 3108/658/1068
f 5687/821/581 5685/1261/1054 5688/1262/842
f 2714/796/231 2712/1263/630 2715/1069/1
f 5093/1264/1439 5094/1265/1440 5098/1266/1441
f 11/1267/4 10/1268/4 7/1269/4
f 4120/1270/1442 4129/1271/66 4128/819/1443
f 5578/1272/717 5573/1273/1312 5574/1274/1444
f 3707/619/656 3700/1275/1445 3701/650/686
f 4142/1276/1446 4147/1277/1447 4146/1278/876
f 3705/1279/1448 3709/1277/1449 3704/1276/654
f 4147/1277/1447 4152/1280/1450 4151/1281/1451
f 4150/617/1452 4154/1165/1271 4149/618/1453
f 4150/617/1452 4149/618/1453 4145/619/796
f 4389/321/311 4393/1148/106 4392/1282/107
f 5547/1283/1454 5556/1168/1275 5546/1284/1455
f 3457/910/1289 3459/1211/1358 3456/1172/1288
f 4466/1285/1456 4461/1286/1457 4456/1287/1458
f 2768/511/830 2764/512/1459 2765/513/521
f 3096/198/177 3094/553/581 3095/994/842
f 2729/959/1460 2733/582/1461 2732/1210/1462
f 3743/227/202 3741/226/176 3744/1225/1393
f 3585/1224/1392 3743/227/202 3744/1225/1393
f 6187/206/1463 6188/207/940 6191/205/491
f 2235/1288/1464 2236/1289/1465 2238/1290/1466
f 5567/223/199 5558/225/1467 5559/1291/1468
f 3760/99/80 3762/1256/1432 3759/44/36
f 5753/711/1469 5761/1060/1417 5752/1292/1470
f 2387/284/1471 2383/283/260 2384/259/307
f 6593/499/502 6591/500/503 6594/317/1472
f 4703/1293/1473 4706/1294/1474 4705/535/558
f 5081/1295/1475 5091/1296/1476 5096/1297/1477
f 1790/418/75 1791/417/75 1830/419/75
f 3776/299/276 3774/719/763 3777/720/764
f 2607/1009/1085 2610/1010/1086 2609/1011/1087
f 2073/1298/75 2074/1299/75 2012/1300/75
f 4710/1301/1478 4708/536/634 4711/719/763
f 3324/834/1479 3330/835/1480 3335/836/1481
f 3919/1302/1482 3921/743/787 3918/1303/1483
f 4890/998/1484 4888/50/82 4891/51/486
f 3774/719/763 3778/870/915 3777/720/764
f 6321/451/442 6316/1304/1485 6311/1305/1486
f 3780/42/277 3778/870/915 3781/46/1487
f 3455/1171/1286 3459/1211/1358 3458/572/611
f 2208/375/365 2210/42/1488 2203/370/359
f 2637/1034/1110 2639/1306/1489 2636/1307/1490
f 3829/30/22 3833/962/1015 3832/961/1014
f 4763/29/1322 4767/1308/1491 4766/30/1492
f 3794/64/57 3795/62/55 3797/63/56
f 6099/137/1220 6101/564/1493 6098/115/508
f 3726/1309/1494 3731/632/1495 3734/446/433
f 5381/1310/1496 5379/1311/1497 5382/1312/1498
f 4733/1313/1499 4737/110/93 4736/1314/1500
f 6511/216/1501 6509/515/1502 6512/215/951
f 5404/926/972 5402/775/823 5405/777/825
f 3806/816/1503 3808/1315/1504 3805/896/1505
f 3810/1033/1109 3806/816/1503 3807/818/862
f 3811/1260/1436 3809/1032/1108 3812/680/1314
f 3812/680/1314 3816/551/1506 3815/114/1315
f 4643/544/570 4644/545/571 4646/546/572
f 6328/1316/1507 6330/1200/1330 6327/1202/1332
f 5302/1317/1508 5304/1318/1509 5301/1319/1510
f 3822/1192/1511 3827/1320/1512 3826/29/21
f 6301/1321/1513 6300/1322/1514 6292/1323/1515
f 3888/1241/1412 3891/35/1516 3887/1196/1325
f 3945/1324/1517 3942/1325/1518 3946/1326/1519
f 3717/1164/1520 3720/626/1521 3716/1165/1522
f 3989/109/1523 3993/178/795 3992/108/622
f 4766/30/1492 4768/1327/1524 4765/28/1525
f 3831/1327/1526 3829/30/22 3832/961/1014
f 6455/1328/1527 6458/41/410 6457/159/1528
f 3963/42/34 3967/494/1529 3966/495/1348
f 6045/1329/1530 6048/1330/1531 6047/1331/1532
f 6333/1332/231 6329/1333/1533 6330/1200/1330
f 4769/961/1014 4773/960/1534 4772/555/583
f 4658/307/287 4660/1334/1535 4657/308/288
f 3838/387/377 3842/386/376 3841/1335/1536
f 3806/816/1503 3804/817/1537 3807/818/862
f 3119/1336/1538 3121/1337/1539 3118/1338/1540
f 3843/1339/1541 3844/1340/1542 3846/1341/1543
f 2611/1014/1090 2614/1015/1544 2610/1010/1086
f 4212/115/508 4208/295/272 4209/114/271
f 5922/967/111 5918/1342/780 5919/1343/1545
f 6546/1344/1546 6548/1036/1112 6545/520/983
f 4858/743/1547 4854/1345/1548 4855/1303/1549
f 3865/1346/1550 3863/234/209 3866/1347/1551
f 4800/234/1552 4802/1346/1550 4799/232/1075
f 6397/1348/1553 6385/261/235 6391/1349/1554
f 5988/1350/1555 5991/1351/1556 5987/891/1557
f 6412/541/566 6413/1352/1558 6418/1353/1559
f 5728/1354/1560 5730/1355/1561 5727/1356/1562
f 2222/1357/1563 2220/212/188 2223/667/706
f 2312/1358/1564 2311/1359/1565 2308/1360/1566
f 3191/172/257 3194/173/1567 3199/174/228
f 6071/50/549 6073/998/1484 6070/124/550
f 3814/295/1313 3815/114/1315 3819/479/473
f 3883/97/1180 3879/1361/1568 3880/1090/1181
f 2691/732/776 2696/733/1403 2690/734/1569
f 3884/517/1570 3889/1362/1571 3888/1241/1412
f 3886/34/1572 3891/35/1573 3890/36/1574
f 6049/1363/1575 6048/1330/1531 6045/1329/1530
f 5219/1364/1576 5223/1007/1083 5222/1052/1577
f 4354/1365/1578 4350/634/671 4351/636/673
f 4705/535/558 4704/855/897 4701/1366/1579
f 6477/551/1580 6476/114/1343 6475/167/1581
f 3939/267/1582 3943/1367/1583 3942/1325/1518
f 4816/1361/1584 4814/506/1585 4817/1090/1181
f 3902/1368/1586 3906/1107/1587 3905/1369/1588
f 3907/1109/1589 3909/1370/1590 3906/1107/1587
f 3912/1371/1591 3910/1372/1592 3913/1373/1593
f 5447/1374/1594 5450/97/1595 5449/96/1596
f 5314/1375/1597 5317/985/1048 5313/1376/1598
f 5476/1377/1599 5477/739/783 5479/1378/1600
f 2705/523/107 2709/785/792 2708/363/112
f 6529/1379/1601 6602/393/383 6530/983/1046
f 6083/42/494 6087/494/495 6086/495/496
f 3933/529/545 3935/565/603 3932/566/604
f 4874/1380/1602 4870/529/602 4871/528/544
f 3898/1089/1173 3901/1381/1603 3900/220/196
f 5193/97/1604 5189/1382/1605 5190/1374/1606
f 5191/1226/1394 5193/97/1604 5190/1374/1606
f 4878/1383/1607 4876/267/1608 4879/1325/1518
f 3845/1384/1609 3848/1385/1610 3844/1340/1542
f 2449/327/1611 2446/519/1278 2450/326/317
f 4883/1326/1612 4886/1386/1613 4885/1017/1093
f 3525/42/34 3529/494/1529 3528/495/1348
f 4659/1387/1614 4658/307/287 4655/306/1183
f 4994/550/576 4997/551/577 4993/167/578
f 5530/1388/1615 5529/1389/1616 5524/1390/1617
f 5273/746/789 5263/748/791 5258/1391/1618
f 4052/490/485 4058/489/484 4062/1392/1619
f 3524/40/32 3522/41/38 3525/42/34
f 4011/91/132 4013/283/1364 4010/164/1342
f 3575/283/1364 3573/91/132 3576/259/907
f 3527/521/1347 3525/42/34 3528/495/1348
f 3543/564/1082 3547/509/1360 3546/207/1382
f 3969/242/1346 3967/494/1529 3970/346/1620
f 4015/168/908 4011/91/132 4012/90/1621
f 4951/499/1622 4948/92/1072 4952/317/1623
f 3581/526/1361 3579/284/1149 3582/103/1150
f 3985/509/1360 3981/564/1082 3982/508/1081
f 2244/413/405 2242/1393/1624 2245/1394/1625
f 3563/558/1352 3561/97/77 3564/187/250
f 3532/346/1620 3534/142/121 3531/242/1346
f 5073/1395/1626 5072/1396/1627 5067/1397/1628
f 5258/1391/1618 5254/57/50 5259/1398/1629
f 3367/857/225 3371/858/231 3370/859/904
f 3984/207/1359 3986/450/1380 3983/206/1362
f 6519/317/504 6521/1399/1630 6518/499/502
f 2455/1048/1631 2453/97/318 2456/516/593
f 3540/115/1351 3542/286/1363 3539/113/1350
f 2333/495/496 2337/346/1334 2336/242/498
f 2702/745/1632 2706/1400/106 2705/523/107
f 5697/340/334 5695/591/1633 5698/1401/1634
f 3564/187/250 3566/562/1340 3563/558/1352
f 6114/11/1225 6110/107/90 6111/191/1635
f 3954/51/1335 3950/124/1356 3951/50/466
f 3973/347/1636 3975/114/1365 3972/142/121
f 5061/1402/1637 5062/1403/1638 5066/1404/1639
f 3580/377/906 3576/259/907 3577/168/908
f 3574/90/1640 3576/259/907 3573/91/132
f 2741/460/452 2729/959/1460 2730/1405/1641
f 4914/113/1642 4918/564/794 4917/286/1643
f 4019/526/1361 4017/284/1149 4020/103/1381
f 2305/1406/1644 2303/1111/1211 2306/1407/1645
f 3550/190/173 3546/207/1382 3547/509/1360
f 5064/1408/1646 5070/1409/1647 5069/1410/1648
f 3260/106/86 3267/1411/1649 3259/1083/1368
f 2505/948/1650 2491/949/117 2492/581/621
f 2710/362/225 2714/796/231 2713/1412/1258
f 4782/1384/1609 4781/1340/1542 4779/386/376
f 5430/1413/1651 5439/1414/1652 5433/1415/1653
f 4045/1173/15 4028/1416/1654 4025/1417/1655
f 3971/141/120 3975/114/1365 3974/295/1656
f 2337/346/1334 2339/142/506 2336/242/498
f 3735/1418/1657 3737/1187/581 3734/446/433
f 3624/1392/716 3614/490/1402 3620/489/1401
f 4059/726/1219 4063/1185/780 4053/75/229
f 4384/322/312 4388/1419/780 4378/1420/229
f 3840/1421/1658 3838/387/377 3841/1335/1536
f 4067/134/111 4071/750/792 4070/135/112
f 6075/501/1188 6071/50/549 6072/54/1659
f 3215/931/977 3220/523/107 3219/525/541
f 1721/430/75 1733/429/75 1739/431/75
f 2935/1422/1660 2936/907/1287 2940/1171/1661
f 3366/853/792 3368/1423/291 3365/854/112
f 191/1424/4 190/209/4 176/1425/4
f 3394/1426/1662 3393/1427/1663 3390/1098/1195
f 4793/503/1664 4796/1055/1136 4792/1056/1665
f 5606/291/224 5605/298/275 5600/1079/1299
f 2393/50/43 2396/51/536 2392/52/45
f 3359/125/889 3360/1428/1666 3363/126/106
f 5026/516/593 5023/97/318 5027/514/1667
f 2771/604/1187 2768/511/830 2772/602/642
f 6277/1429/1668 6276/1149/1253 6272/1430/1669
f 4397/862/225 4401/1431/231 4400/1432/1258
f 3511/1193/631 3001/1194/808 3000/1195/1670
f 2483/575/1418 2482/579/279 2994/1206/904
f 5319/674/715 5323/292/267 5322/1433/1671
f 4613/148/1672 4608/149/840 4603/150/1673
f 3675/1250/1674 3674/1251/1675 3664/263/302
f 3176/712/758 3172/337/327 3173/336/326
f 5867/1434/1676 5537/634/1294 5536/850/611
f 435/6/4 400/5/4 436/193/4
f 6473/347/1677 6471/1038/1678 6469/346/1679
f 2678/487/482 2682/61/481 2681/60/1319
f 4661/1435/1680 4662/1436/1681 4665/1437/1682
f 6112/108/91 6110/107/90 6113/178/523
f 3371/858/231 3375/1245/1683 3374/1246/822
f 6388/1438/1684 6387/1439/1685 6377/262/236
f 1115/1440/75 1118/1441/75 1110/1442/75
f 4128/819/1443 4134/820/1686 4140/651/798
f 4145/619/796 4138/1275/1445 4139/650/797
f 4143/1279/1448 4147/1277/1447 4142/1276/1446
f 3712/617/655 3716/1165/1522 3711/618/655
f 3065/1443/876 3066/615/1029 3071/1444/1687
f 3719/1445/1038 3718/1238/1688 3713/1281/1689
f 4218/207/186 4214/286/263 4215/564/794
f 3074/611/566 3075/612/1032 3080/613/1690
f 5667/804/1691 5670/493/490 5666/976/1692
f 5124/1446/1693 5112/1447/1694 5118/1448/1686
f 6487/144/1695 6485/508/1696 6489/509/1017
f 6358/1233/1697 6350/762/806 6359/27/19
f 4173/1418/1054 4175/1187/581 4172/446/433
f 3055/1449/1698 3050/1450/1699 3051/1451/1700
f 4197/42/494 4199/521/1201 4196/40/438
f 5224/1008/1084 5226/532/1701 5223/1007/1083
f 3886/34/1702 3882/96/1324 3887/1196/1325
f 4844/1109/1209 4846/1370/1703 4843/1107/1207
f 5167/190/1704 5169/1452/1705 5166/205/1706
f 4169/632/1495 4172/446/433 4164/1309/1707
f 3963/42/34 3965/521/1347 3962/40/32
f 2303/1111/1211 2307/1453/1708 2306/1407/1645
f 4185/50/82 4187/998/1484 4184/124/1070
f 6324/1454/1709 6319/1455/1710 6320/1456/1711
f 63/397/4 62/396/4 93/52/4
f 2357/107/90 2361/11/1225 2360/178/533
f 6084/46/1712 6080/41/139 6081/428/418
f 1488/1457/75 1504/1458/75 1487/461/75
f 4286/141/148 4287/142/149 4290/167/578
f 2332/521/1201 2330/42/494 2333/495/496
f 3434/483/477 3433/482/476 3430/900/949
f 4903/495/496 4907/346/1334 4906/242/498
f 4720/1459/1713 4716/40/278 4721/690/730
f 4909/142/506 4905/241/497 4906/242/498
f 4205/141/1714 4209/114/271 4208/295/272
f 6098/115/508 6096/551/1337 6099/137/1220
f 4175/1187/581 4171/1188/635 4172/446/433
f 6139/285/262 6143/103/83 6142/526/542
f 4211/113/1642 4215/564/794 4214/286/263
f 2436/509/585 2439/190/586 2438/205/491
f 2351/207/186 2347/286/263 2348/564/794
f 4219/509/516 4221/205/184 4218/207/186
f 4200/495/496 4202/241/497 4199/521/1201
f 2972/849/776 2977/935/1311 2971/841/980
f 2358/191/1635 2354/205/184 2355/190/517
f 4221/205/184 4223/109/92 4220/450/441
f 4937/517/529 4940/514/524 4939/516/526
f 2694/252/226 2687/253/1715 2684/174/155
f 5002/564/941 4999/115/98 5003/508/1716
f 4642/1460/1717 4640/879/923 4643/544/570
f 5843/1461/1718 5846/1387/1614 5842/306/286
f 6119/97/530 6116/10/528 6120/517/529
f 6245/703/750 6249/1462/1719 6248/1463/1720
f 4931/11/1225 4927/107/90 4928/191/1635
f 4945/215/191 4943/518/531 4946/902/1721
f 5808/372/1722 5800/148/128 5809/1146/237
f 6132/500/1071 6128/215/191 6129/902/1721
f 3132/1464/1723 3134/179/162 3131/1465/1724
f 5393/1466/1725 5395/1101/1198 5392/1467/1726
f 4249/317/1623 4252/168/306 4251/259/307
f 5957/878/273 5956/1468/1727 5948/1469/1728
f 4502/992/1353 4504/592/176 4503/1470/203
f 2369/516/526 2368/1048/1125 2365/96/1126
f 5784/1/1 5789/2/808 5788/3/1729
f 4255/377/1730 4257/103/83 4254/284/1471
f 2388/377/367 2390/103/83 2387/284/1471
f 2399/160/535 2395/998/1731 2396/51/536
f 4266/160/535 4264/501/534 4267/395/1732
f 2402/41/386 2400/395/1733 2403/428/554
f 4981/520/537 4978/42/1734 4979/46/1735
f 4285/346/340 4281/495/1736 4282/494/1737
f 4988/346/340 4990/142/216 4987/242/218
f 4989/141/148 4990/142/216 4993/167/578
f 2424/550/1738 2427/551/1739 2423/167/1740
f 4376/1166/1741 4373/1471/1742 4369/1168/1743
f 3933/529/545 3937/1380/1744 3936/1472/1745
f 2436/509/585 2435/207/940 2432/564/941
f 4299/564/941 4302/207/940 4301/206/1463
f 2279/457/448 2283/1473/1746 2282/913/962
f 3851/190/1747 3854/504/511 3853/668/708
f 2434/206/1463 2435/207/940 2438/205/491
f 6076/409/1748 6074/51/486 6077/160/138
f 6195/191/1298 6197/178/590 6194/107/492
f 4307/109/1749 4311/178/1750 4310/108/1751
f 6200/10/1277 6198/11/1752 6201/12/89
f 2443/108/1753 2447/10/87 2446/519/1278
f 4282/494/1737 4281/495/1736 4278/520/1266
f 6208/1048/1754 6206/97/318 6209/516/593
f 5031/562/598 5029/187/170 5032/189/1755
f 2627/679/733 2624/684/724 2628/693/734
f 4343/285/612 4341/259/233 4344/284/613
f 4876/267/1608 4880/1367/1583 4879/1325/1518
f 5042/90/72 5041/91/152 5038/92/1756
f 4121/1474/1757 4120/1270/1442 4112/1251/1426
f 2909/897/946 2905/1154/1260 2906/1082/1164
f 6230/284/613 6232/526/614 6229/285/612
f 4252/168/306 4254/284/1471 4251/259/307
f 3397/938/302 3389/1099/1196 3390/1098/1195
f 5452/1475/1758 5450/97/1595 5453/156/134
f 4506/341/1759 4504/592/176 4507/342/336
f 4371/225/1760 4367/1476/1761 4363/77/1762
f 3746/52/1215 3948/1017/1093 3747/55/1763
f 2640/318/308 2643/1477/1764 2642/1478/1765
f 3603/1479/1766 3596/1179/1767 3590/1416/1768
f 4031/755/1769 4037/778/1770 4041/1479/1766
f 4371/225/1771 4379/224/313 4370/1480/15
f 2836/1481/226 2829/1482/1772 2826/549/737
f 4381/1483/226 4374/1484/1773 4371/225/1771
f 2415/494/1737 2414/495/538 2411/520/537
f 5909/1485/1774 5919/1343/1545 5914/1486/1775
f 4378/1420/229 4383/1487/1776 4377/1488/1777
f 3972/142/121 3968/241/1778 3969/242/1346
f 3655/760/902 3664/263/302 3663/138/1779
f 3904/1108/1208 3906/1107/1587 3903/221/1780
f 4392/1282/107 4394/863/110 4391/1272/541
f 4392/1282/107 4396/1489/792 4395/757/112
f 2233/1490/1781 2229/114/1281 2230/551/1782
f 3229/796/231 3227/1263/630 3230/1069/631
f 4191/160/138 4195/428/418 4194/41/139
f 3372/861/631 3377/866/2 3376/1247/619
f 4358/76/802 4363/77/1783 4366/78/1766
f 2445/11/592 2447/10/87 2444/178/590
f 5081/1295/1475 5093/1264/1439 5087/1491/1784
f 4977/40/1785 4978/42/1734 4981/520/537
f 6152/160/387 6148/998/1731 6149/51/536
f 3368/1423/291 3364/715/110 3365/854/112
f 5044/259/233 5048/377/1786 5047/284/613
f 3150/1492/1787 3153/1035/1111 3152/1034/1110
f 6345/763/807 6335/1493/1788 6340/1494/1789
f 4082/360/808 4086/958/1790 4081/257/3
f 5808/372/1722 5813/1495/1791 5804/1496/1792
f 3874/1497/1793 3878/507/514 3877/506/513
f 6478/1134/1344 6479/186/1794 6480/115/114
f 2506/1139/302 2498/723/238 2499/199/1424
f 5820/1145/1795 5819/881/1796 5809/1146/237
f 5288/1051/1129 5290/1498/1797 5287/1499/1798
f 4402/1500/631 4407/1501/808 4406/1502/619
f 4945/215/191 4947/522/540 4944/216/192
f 2927/699/746 2925/533/551 2928/903/953
f 2198/1503/1799 2194/366/355 2195/436/423
f 3366/853/792 3362/127/107 3363/126/106
f 5233/1504/1800 5238/839/1801 5242/838/881
f 5794/795/1349 5795/149/129 5800/148/128
f 5703/314/1802 5707/1505/1803 5706/1506/1804
f 4470/974/1237 4463/1507/1805 4464/1132/797
f 3061/616/1030 3066/615/1029 3065/1443/876
f 3064/608/1026 3058/610/1028 3059/1508/1806
f 4468/1509/1807 4472/832/1808 4467/831/654
f 6413/1352/1558 6408/1510/1809 6409/1511/1810
f 4537/1512/1811 4540/1356/1562 4536/1513/1812
f 6407/1514/1813 6406/1515/1814 6402/1516/1815
f 5662/972/1034 5666/976/1692 5661/973/1035
f 6407/1514/1813 6411/543/568 6406/1515/1814
f 3074/611/566 3077/990/1053 3073/624/1434
f 4277/1517/1816 4275/42/1817 4278/520/1266
f 3091/595/433 3084/1518/1818 3085/621/1819
f 4695/45/37 4699/1256/1432 4698/1519/1820
f 5681/671/1821 5684/823/433 5676/669/1822
f 4912/114/271 4910/347/505 4913/551/1337
f 6238/1520/1823 6239/1183/1307 6241/718/762
f 2929/894/939 2936/907/1287 2930/1521/1824
f 4498/1261/1054 4500/821/581 4497/823/433
f 3096/198/177 3098/197/176 3097/1244/203
f 4505/593/175 4504/592/176 4502/992/1353
f 6179/114/97 6183/137/579 6182/115/98
f 2832/47/980 2831/48/292 2824/49/247
f 3537/114/119 3541/137/1366 3540/115/1351
f 3479/1030/15 3464/571/1655 3461/570/609
f 2781/1522/1825 2784/1523/1826 2780/1094/1190
f 5081/1295/1475 5070/1409/1647 5065/1524/1827
f 5830/544/570 5829/1460/1717 5827/879/1828
f 4506/341/1759 4510/340/1829 4509/1525/1830
f 4512/1526/1831 4510/340/1829 4513/1527/1832
f 4513/1527/1832 4515/316/301 4512/1526/1831
f 2970/842/1833 2962/1528/1399 2963/843/1834
f 5710/1529/1835 5706/1506/1804 5707/1505/1803
f 5604/119/914 5615/120/1836 5603/121/297
f 2604/1336/1538 2602/1004/1077 2605/1530/1837
f 5731/1531/1838 5735/1532/1839 5734/345/339
f 4181/227/202 4023/1224/1392 4022/1533/1840
f 5196/1534/1841 5194/517/1842 5197/1535/1843
f 4522/1216/1378 4523/1529/1835 4526/1536/1844
f 6440/1537/1845 6442/655/691 6439/1538/1846
f 5192/96/1847 5196/1534/1841 5195/1539/1848
f 4022/1533/1840 4028/1416/610 4034/1179/1849
f 5715/647/683 5719/840/883 5718/663/1850
f 3350/1540/1851 3341/549/575 3342/1541/1852
f 2201/1542/1853 2206/1543/1854 2205/1544/1855
f 6226/283/1856 6224/91/73 6227/259/290
f 4533/1545/1857 4531/663/702 4534/1546/1858
f 4535/1547/1859 4531/663/702 4532/840/883
f 4538/1548/1860 4541/1354/1560 4540/1356/1562
f 5265/1549/1861 5275/1550/1862 5258/1391/1618
f 5424/1551/1863 5423/1552/1864 5420/1198/1328
f 4547/345/339 4544/1531/1865 4548/1532/1866
f 6040/1553/1867 6037/1554/1868 6034/476/470
f 2991/1205/225 2995/573/231 2994/1206/904
f 3590/1416/610 3596/1179/1302 3584/1533/1840
f 5314/1375/1597 5315/1555/1869 5317/985/1048
f 4718/46/1487 4723/1556/1870 4722/691/1020
f 5557/1480/15 5542/852/1871 5539/851/893
f 3618/727/1872 3611/728/1873 3608/729/1290
f 3217/745/105 3212/735/1400 3207/1053/1134
f 2983/605/1874 2978/737/892 2973/738/1106
f 5287/1499/1798 5286/1557/1875 5361/1558/1876
f 3106/288/1067 3104/657/693 3107/287/264
f 2842/1184/716 2847/127/107 2846/716/541
f 3438/176/157 3442/699/746 3441/1559/1877
f 4596/1560/231 4594/1561/630 4597/1/1
f 2986/676/107 2990/942/792 2989/1068/112
f 4587/1562/107 4589/251/110 4586/1061/541
f 4587/1562/107 4591/1563/792 4590/249/112
f 4543/1355/1561 4539/1564/1878 4540/1356/1562
f 2881/1135/1879 2873/947/996 2882/938/302
f 6465/1565/1880 6466/1036/1881 6468/242/1882
f 6557/186/169 6555/550/1883 6558/185/168
f 4858/743/1547 4856/1302/1482 4859/744/788
f 4676/687/995 4673/1072/1151 4677/1073/1152
f 3752/1177/1297 3749/1116/1884 3753/1566/1885
f 6338/578/619 6333/1332/231 6334/1567/1
f 4072/940/225 4076/258/231 4075/1128/904
f 3803/1568/1886 3801/112/1887 3804/817/1537
f 3496/675/1888 3501/676/107 3500/677/717
f 2721/666/1889 2726/665/704 2716/868/279
f 3433/482/476 3437/481/1890 3436/175/156
f 4418/298/1891 4413/1079/1160 4408/1569/1892
f 3039/81/1021 3034/1570/1893 3030/1571/1409
f 4427/296/273 4426/297/1894 4418/298/1891
f 6493/1572/1895 6491/963/1016 6494/1573/1896
f 5809/1146/237 5818/1574/1897 5817/373/1898
f 4167/1575/657 4166/445/1899 4160/556/1900
f 6287/1576/1901 6292/1323/1902 6300/1322/1514
f 2554/623/659 2553/625/661 2549/608/647
f 2200/368/357 2198/1503/1799 2201/1542/1853
f 3273/450/1903 3267/1411/1649 3274/205/1174
f 4183/1223/1391 4023/1224/1392 4182/1225/1393
f 4649/995/1055 4647/996/1904 4650/997/1057
f 5175/827/870 5179/1414/1905 5178/828/871
f 4648/1577/1906 4652/1000/1065 4651/1578/1907
f 3349/847/891 3340/272/1908 3341/549/575
f 2245/1394/1625 2247/771/818 2244/413/405
f 3478/843/885 3485/842/884 3477/1528/1909
f 5845/307/287 5847/1334/1535 5844/308/288
f 5850/1579/1910 5848/1435/1680 5851/1580/1911
f 5851/1580/1911 5852/1437/1682 5854/1581/1912
f 3905/1369/1588 3909/1370/1590 3908/1582/1913
f 2882/938/302 2874/1099/238 2875/1098/1914
f 5525/1583/1915 5521/1584/1916 5522/1585/1917
f 5332/1043/1120 5330/1586/1918 5333/1587/1919
f 4680/1434/1920 4675/1588/1921 4676/687/995
f 4681/1589/1922 4679/1590/1923 4682/635/672
f 5033/188/171 5035/152/330 5032/189/1755
f 4687/1115/1216 4685/54/1924 4688/1591/1925
f 4825/1241/1926 4828/35/1516 4824/1196/1325
f 3757/98/1927 3759/44/36 3756/1176/1928
f 5678/1592/1929 5672/1593/1930 5673/806/1931
f 3504/1068/112 3506/1205/225 3503/1191/110
f 3768/535/558 3767/855/897 3764/1366/1932
f 6057/486/480 6059/1594/1933 6056/1595/1934
f 2292/90/1935 2294/165/146 2291/91/1936
f 3775/1596/1937 3771/536/559 3772/594/633
f 2546/616/654 2551/615/653 2550/1443/876
f 4715/870/915 4717/42/277 4714/720/764
f 3100/644/898 3098/197/176 3101/645/681
f 3789/689/729 3786/1556/1938 3792/1597/1939
f 6130/522/540 6128/215/191 6131/92/1072
f 3790/461/1940 3787/1598/1941 3791/967/1942
f 4849/1371/1943 4847/1372/1944 4850/1373/1593
f 5928/1257/291 5926/1599/792 5929/589/630
f 2707/524/110 2705/523/107 2708/363/112
f 4746/1032/1437 4744/818/862 4747/1033/1945
f 6333/1332/231 6331/1600/1946 6334/1567/1
f 3798/111/94 3800/110/1947 3797/63/56
f 3796/1313/1499 3800/110/1947 3799/1314/1948
f 4736/1314/1500 4740/1568/1949 4739/895/942
f 4745/1315/1504 4743/816/860 4746/1032/1437
f 4746/1032/1437 4750/1031/1107 4749/680/1438
f 4401/1431/231 4399/758/630 4402/1500/631
f 4753/551/1506 4749/680/1438 4750/1031/1107
f 3762/1256/1432 3758/45/37 3759/44/36
f 2559/611/566 2562/990/1950 2558/624/660
f 2205/1544/1855 2208/375/1951 2204/371/360
f 3657/265/304 3653/770/817 3654/1601/1952
f 5964/1602/1953 5965/1603/1954 5969/217/193
f 3816/551/1506 3820/480/474 3819/479/473
f 4756/479/1955 4758/697/1956 4755/698/1957
f 2227/1604/1958 2223/667/706 2224/1605/1959
f 3826/29/21 3830/1308/1960 3829/30/22
f 4450/601/1961 4445/1606/1962 4455/599/1963
f 4770/962/1964 4766/30/1492 4767/1308/1491
f 6467/1607/1965 6469/346/1679 6468/242/1882
f 5820/1145/1795 5810/912/960 5828/1608/1966
f 2563/989/1967 2567/980/1968 2562/990/1950
f 6304/1609/1969 6298/1610/1970 6299/1611/1971
f 3593/755/1972 3599/778/1973 3603/1479/1766
f 2549/608/647 2543/610/649 2544/1508/1974
f 4794/502/1975 4797/233/1976 4796/1055/1136
f 2604/1336/1538 2606/1337/1539 2603/1338/1540
f 4771/1213/1373 4769/961/1014 4772/555/583
f 3886/34/1702 3891/35/1516 3894/1612/1977
f 5502/682/722 5503/681/721 5506/1613/1978
f 3291/768/815 3289/767/1979 3292/1614/1980
f 4314/10/87 4310/108/1751 4311/178/1750
f 3369/860/630 3371/858/231 3368/1423/291
f 4724/1598/1981 4721/690/730 4725/965/1019
f 4820/97/1180 4816/1361/1584 4817/1090/1181
f 4820/97/1180 4818/505/1982 4821/517/1570
f 6505/1048/1983 6509/515/1502 6508/214/1984
f 4832/1242/1413 4835/1089/1173 4825/1241/1926
f 3867/1615/1985 3864/1616/1986 3868/1617/1987
f 4542/344/1988 4547/345/339 4546/343/1989
f 5584/862/225 5588/1431/231 5587/1432/1258
f 4918/564/794 4916/137/1220 4919/508/515
f 3404/1618/1990 3398/1619/1991 3393/1427/1663
f 6284/560/1992 6281/1620/1993 6299/1611/1971
f 6494/1573/1896 6498/1621/1994 6497/1622/1995
f 1359/1623/75 1376/1624/75 1377/1625/75
f 4842/1369/1996 4846/1370/1703 4845/1582/1997
f 4849/1371/1943 4845/1582/1997 4846/1370/1703
f 3916/1626/1998 3919/1302/1482 3915/271/245
f 4853/1626/1998 4856/1302/1482 4852/271/1999
f 6449/982/2000 6527/393/383 6528/1627/2001
f 6430/1628/1054 6429/978/433 6423/1629/2002
f 5747/924/63 5741/277/2003 5737/276/2004
f 2280/1630/2005 2276/454/445 2277/1117/1221
f 5486/54/2006 5491/1631/2007 5489/1632/2008
f 4790/668/708 4789/1633/2009 4786/450/2010
f 3939/267/1582 3941/1383/1607 3938/1077/2011
f 3876/1634/2012 3874/1497/1793 3877/506/513
f 4543/1355/1561 4541/1354/1560 4544/1531/1865
f 3571/151/131 3573/91/132 3570/152/133
f 3948/1017/1093 3947/1018/2013 3944/1019/2014
f 4683/52/1215 4885/1017/1093 4684/55/1763
f 2617/1464/1723 2619/179/162 2616/1465/1724
f 6595/721/2015 6599/13/2016 6598/392/382
f 2327/41/139 2331/46/1712 2330/42/494
f 4899/40/438 4897/41/139 4900/42/494
f 2821/547/735 2817/829/2017 2812/830/2018
f 4788/190/2019 4791/504/2020 4790/668/708
f 6158/540/2021 6161/42/1817 6160/40/1785
f 4875/1077/2022 4873/1472/1745 4876/267/1608
f 4216/508/793 4218/207/186 4215/564/794
f 4204/346/1334 4206/142/506 4203/242/498
f 4911/295/272 4915/115/508 4914/113/1642
f 4212/115/508 4210/551/1337 4213/137/1220
f 3554/108/622 3558/10/5 3557/519/623
f 5736/1635/2023 5744/923/2024 5740/922/2025
f 6097/113/1642 6101/564/1493 6100/286/263
f 3293/1093/1189 3289/767/1979 3290/603/643
f 6104/207/186 6102/508/793 6105/509/516
f 4511/1401/2026 4513/1527/1832 4510/340/1829
f 4339/90/72 4338/91/152 4335/92/1756
f 6107/205/184 6111/191/1635 6110/107/90
f 4924/205/184 4926/109/92 4923/450/441
f 4254/284/1471 4250/283/260 4251/259/307
f 4094/264/238 4093/760/804 4088/140/144
f 4731/64/57 4734/63/56 4730/1636/2027
f 2368/1048/1125 2372/515/525 2371/214/190
f 2370/514/524 2372/515/525 2369/516/526
f 5463/1008/2028 5462/1007/1131 5459/355/1130
f 4821/517/1570 4826/1362/1571 4825/1241/1926
f 6128/215/191 6126/518/2029 6129/902/1721
f 2384/259/307 2383/283/260 2380/864/905
f 4242/215/191 4244/522/540 4241/216/192
f 2379/500/1071 2375/215/191 2376/902/1721
f 4251/259/307 4250/283/260 4247/864/905
f 2387/284/1471 2385/168/306 2388/377/367
f 5471/1637/2030 5473/1638/2031 5470/1639/2032
f 4965/998/1731 4969/160/535 4968/409/555
f 4960/103/83 4958/377/367 4961/53/81
f 4257/103/83 4253/285/2033 4254/284/1471
f 6144/53/81 6071/55/549 6143/103/83
f 3693/887/1179 3692/1640/1685 3682/1270/1442
f 5981/1641/2034 5977/219/195 5978/1642/2035
f 4262/998/1731 4266/160/535 4265/409/865
f 5971/884/928 5966/877/922 5967/876/921
f 3031/1643/1409 3030/1571/1409 3021/1139/2036
f 2960/1026/63 2954/1644/2037 2949/571/2038
f 6162/46/564 6161/42/1817 6158/540/2021
f 4971/159/556 4972/41/386 4975/540/2021
f 4566/711/757 4574/1060/1140 4565/1292/15
f 6169/241/2039 6167/495/538 6170/242/218
f 2414/495/538 2416/241/217 2413/521/539
f 6169/241/2039 6173/142/149 6172/141/148
f 2287/1645/2040 2291/91/1936 2290/164/145
f 4852/271/1999 4855/1303/1549 4854/1345/1548
f 6185/564/941 6188/207/940 6187/206/1463
f 5158/1127/582 5159/1126/581 5161/1239/177
f 5427/1240/2041 5429/1249/1422 5426/1126/1421
f 2440/109/2042 2444/178/590 2443/108/1753
f 4311/178/1750 4309/191/2043 4312/11/88
f 4317/326/317 4320/97/318 4316/327/1611
f 5019/327/1611 5016/519/1278 5020/326/317
f 4453/1646/2044 4452/1647/2045 4447/1648/2046
f 3247/1210/1355 3246/664/2047 3241/665/912
f 3478/843/885 3468/1649/1455 3469/1644/2048
f 2871/867/910 2875/1098/1914 2874/1099/238
f 2787/1650/2049 2790/1651/2050 2785/1105/1203
f 4323/516/593 4320/97/318 4324/514/1667
f 4953/283/260 4957/284/1471 4956/285/262
f 2595/229/204 2599/404/1118 2598/405/867
f 3514/54/468 3516/51/1335 3513/50/466
f 2468/92/1756 2471/91/152 2470/164/2051
f 4901/46/1712 4897/41/139 4898/428/418
f 4338/91/152 4340/283/2052 4337/164/2051
f 1745/301/75 1746/302/75 1748/303/75
f 6230/284/613 6234/53/46 6233/103/1326
f 6324/1454/1709 6326/1201/1331 6323/1652/2053
f 4344/284/613 4348/53/46 4347/103/1326
f 5049/526/614 5050/103/1326 4963/50/43
f 5653/1285/2054 5648/1286/2055 5643/1287/2056
f 3900/220/196 3903/221/1780 3899/222/2057
f 3936/1472/1745 3940/1653/2058 3939/267/1582
f 5845/307/287 5849/1436/1681 5848/1435/1680
f 6216/188/331 6218/152/330 6215/189/172
f 4004/562/1340 4002/187/250 4005/189/1142
f 2635/1492/1787 2638/1035/1111 2637/1034/1110
f 2293/166/147 2294/165/146 2297/470/461
f 3357/1184/1309 3362/127/107 3361/716/541
f 5026/516/593 5029/187/170 5028/558/594
f 5052/1654/2059 5056/1655/2060 5055/1656/2061
f 5709/1216/1378 5710/1529/1835 5713/1536/1844
f 5054/1657/2062 5056/1655/2060 5053/1658/2063
f 3339/49/42 3334/273/1481 3335/836/1481
f 5343/1659/2064 5340/1660/2065 5341/1029/1105
f 3180/1661/2066 3179/1662/2067 3177/714/760
f 5059/1663/2068 5068/391/2069 5067/1397/1628
f 3631/133/110 3629/134/107 3632/135/112
f 3050/1450/1699 3049/1190/1685 3039/81/1021
f 5197/1535/1843 5199/156/2070 5196/1534/1841
f 4376/1166/2071 4368/1167/2072 4369/1168/2073
f 4377/1488/1777 4383/1487/1776 4387/1274/2074
f 6568/1572/1895 6566/963/2075 6569/1573/2076
f 4976/420/1206 4978/42/1734 4975/540/2021
f 2235/1288/1464 2238/1290/1466 2234/1664/2077
f 6224/91/73 6228/168/2078 6227/259/290
f 6358/1233/1406 6366/1665/2079 6376/1666/1431
f 3529/494/1529 3531/242/1346 3528/495/1348
f 3515/998/1357 3519/160/1064 3518/409/400
f 2765/513/521 2763/1092/1185 2766/786/831
f 3865/1346/1550 3861/1003/1076 3862/232/207
f 4207/347/2080 4209/114/271 4206/142/506
f 4076/258/231 4074/751/630 4077/256/1
f 4019/526/1361 3951/55/466 3950/52/1356
f 4491/1592/2081 4485/1593/2082 4486/806/847
f 3451/907/1287 3448/87/69 3452/89/71
f 3957/160/1064 3955/501/1336 3958/395/2083
f 5129/598/638 5122/1667/1445 5123/1668/2084
f 3225/362/225 3229/796/231 3228/1412/1258
f 6402/1516/1815 6396/1669/797 6397/1348/1553
f 5127/1065/1448 5131/1670/2085 5126/1671/2086
f 6227/259/290 6231/377/1786 6230/284/613
f 4471/833/876 4472/832/1808 4477/1672/2087
f 5134/596/636 5138/1673/2088 5133/597/637
f 5135/1674/2089 5131/1670/2085 5136/1675/2090
f 6416/1676/2091 6420/1677/2092 6415/542/567
f 5667/804/1691 5668/805/2093 5673/806/1931
f 4811/1497/1793 4815/507/514 4814/506/1585
f 5746/1678/2094 5750/927/2095 5745/1679/2096
f 5157/1680/1054 5159/1126/581 5156/1022/433
f 3704/1276/654 3709/1277/1449 3708/1278/876
f 4691/1681/2097 4694/98/79 4693/1176/1296
f 5165/450/2098 5163/1682/176 5166/205/1706
f 4420/290/266 4428/120/2099 4427/296/273
f 2986/676/107 2988/1191/110 2985/677/717
f 5818/1574/1897 5826/374/2100 5817/373/1898
f 5173/1683/2101 5169/1452/1705 5170/1684/2102
f 6434/1685/1353 6433/1686/2103 6437/1687/175
f 5055/1656/2061 5064/1408/1646 5058/1688/2104
f 3244/959/1012 3248/582/1011 3247/1210/1355
f 5163/1682/176 5167/190/1704 5166/205/1706
f 3486/841/485 3492/935/985 3496/675/1888
f 5441/791/1370 5439/1414/1652 5442/1689/2105
f 3296/1522/1825 3299/1523/1826 3295/1094/1190
f 3672/1144/2106 3673/1143/2106 3681/1255/1431
f 3917/1345/1548 3921/743/787 3920/1690/2107
f 4519/1506/2108 4521/1215/1377 4518/315/300
f 5187/239/1395 5189/1382/1605 5186/240/2109
f 3748/449/1924 3948/1017/1093 3949/1386/2110
f 4885/1017/1093 4685/449/1924 4684/55/1763
f 3480/351/2111 3476/352/343 3472/353/2112
f 6462/1517/2113 6466/1036/1881 6465/1565/1880
f 5781/1561/630 5777/249/112 5778/1563/792
f 5195/1539/1848 5199/156/2070 5198/1475/2114
f 5293/1691/2115 5292/1692/2116 5290/1498/1797
f 3793/1636/2027 3791/967/1942 3794/64/57
f 4804/1615/2117 4801/1616/1986 4805/1617/2118
f 5218/332/324 5214/355/346 5215/1228/1397
f 5758/117/1235 5750/927/2095 5751/118/1236
f 3871/928/974 3875/1693/2119 3874/1497/1793
f 5444/239/214 5442/1689/2105 5445/1227/2120
f 5216/354/345 5220/331/323 5219/1364/1576
f 6378/1694/2121 6369/1020/1096 6360/26/774
f 3766/1293/1473 3769/1294/1474 3768/535/558
f 3435/177/158 3433/482/476 3436/175/156
f 6056/1595/1934 6054/484/478 6057/486/480
f 3908/1582/1913 3912/1371/1591 3911/270/244
f 5700/1527/1832 5702/316/2122 5699/1526/2123
f 5228/1695/2124 5226/532/1701 5229/278/254
f 3721/627/2125 3725/628/2126 3720/626/1521
f 3608/729/1290 3599/778/1762 3600/779/2127
f 3750/1115/1216 3748/54/1924 3751/1591/2128
f 4680/1434/1920 4350/634/671 4349/850/611
f 5231/1696/2129 5228/1695/2124 5229/278/254
f 5879/1113/1213 5882/1697/2130 5885/1698/2131
f 5726/1564/1878 5730/1355/1561 5729/344/338
f 3286/604/644 3289/767/1979 3288/769/816
f 5266/1699/2132 5259/1398/1629 5254/57/50
f 6514/522/2133 6518/499/502 6517/864/2134
f 5252/837/880 5258/1391/1618 5257/1700/2135
f 4763/29/1322 4765/28/1525 4762/1701/2136
f 5265/1549/1861 5266/1699/2132 5276/1702/2137
f 5273/746/789 5278/146/126 5277/1378/2138
f 4508/591/632 4510/340/1829 4507/342/336
f 2729/959/1460 2724/1703/909 2720/1070/808
f 2313/1704/2139 2315/1705/2140 2312/1358/1564
f 5282/1706/2141 5278/146/126 5279/1707/2142
f 2761/780/828 2765/513/521 2764/512/1459
f 6229/285/612 6227/259/290 6230/284/613
f 5293/1691/2115 5294/1708/2143 5296/1709/2144
f 3407/871/988 3411/872/2145 3415/873/1259
f 2692/1053/1134 2702/745/1632 2697/735/779
f 2838/934/979 2842/1184/716 2841/1710/1312
f 4051/1229/2146 4043/1230/2147 4044/1180/2148
f 5300/1711/2149 5302/1317/1508 5299/1712/2150
f 2460/274/900 2459/187/170 2456/516/593
f 4052/490/485 4051/1229/2146 4044/1180/2148
f 3768/535/558 3772/594/633 3771/536/559
f 5652/1133/2151 5640/1646/2152 5646/1713/2153
f 2793/1254/1430 2788/810/1204 2789/1253/2154
f 1353/71/75 1354/86/75 1318/85/75
f 4900/42/494 4904/494/495 4903/495/496
f 5497/462/454 5495/1597/2155 5498/1714/2156
f 5485/1715/240 5488/423/413 5484/50/2157
f 6177/550/576 6180/551/1739 6176/167/150
f 5326/569/607 5329/568/606 5325/1716/2158
f 5533/267/241 5484/55/2157 5483/1717/2159
f 6571/1718/2160 6569/1573/2076 6572/1622/2161
f 5328/1719/2162 5332/1043/1120 5331/1720/2163
f 6573/1621/1994 6569/1573/2076 6570/1721/2164
f 3309/883/2165 3312/203/2166 3308/1254/1430
f 5632/1606/2167 5627/1722/2168 5623/875/920
f 2945/1212/673 2957/353/1762 2952/1025/2169
f 4956/285/262 4960/103/83 4959/526/542
f 4839/1368/1586 4843/1107/1207 4842/1369/1996
f 4724/1598/1981 4728/967/2170 4727/461/2171
f 6263/383/373 6260/382/372 6261/1723/2172
f 5306/1724/2173 5302/1317/1508 5303/1725/2174
f 5357/1726/2175 5353/378/368 5358/1727/2176
f 2653/707/754 2649/17/12 2650/704/1073
f 5355/385/375 5356/1728/2177 5359/1729/2178
f 5359/1729/2178 5364/1050/1128 5363/1049/1127
f 5284/55/2179 5361/1558/1876 5362/1730/2180
f 4612/911/914 4623/912/2181 4611/246/222
f 5363/1049/1127 5284/55/2179 5362/1730/2180
f 5366/537/560 5368/1731/2182 5365/1732/2183
f 4763/29/1322 4759/1192/2184 4764/1320/2185
f 5378/1218/1385 5376/1733/2186 5379/1311/1497
f 5377/1219/1386 5381/1310/1496 5380/1734/2187
f 5380/1734/2187 5381/1310/1496 5384/1655/2188
f 3519/160/1064 3517/501/2189 3520/395/2083
f 4213/137/1220 4215/564/794 4212/115/508
f 5390/390/380 5392/1467/1726 5389/1735/2190
f 5398/1736/2191 5402/775/823 5401/1737/2192
f 5997/1738/2193 6001/1739/2194 6000/1740/2195
f 5405/777/825 5409/1208/1339 5408/162/141
f 4907/346/1334 4909/142/506 4906/242/498
f 6554/167/2196 6552/1037/1113 6555/550/1883
f 5412/1207/1338 5414/1067/1148 5411/163/142
f 5182/1689/2197 5178/828/871 5179/1414/1905
f 5413/1667/2198 5417/1066/1147 5416/1741/2199
f 4959/526/542 4888/55/82 4887/52/1070
f 5426/1126/1421 5424/1551/1863 5427/1240/2041
f 4293/114/281 4297/137/579 4296/115/98
f 5511/1002/2200 5515/891/936 5514/9/2201
f 1676/192/75 1712/193/75 1713/194/75
f 5436/1742/2202 5432/1156/2203 5433/1415/1653
f 5475/1743/2204 5471/1637/2030 5472/1744/2205
f 5451/517/2206 5450/97/1595 5447/1374/1594
f 2230/551/1782 2226/398/388 2227/1604/1958
f 6260/382/372 6258/1745/2207 6261/1723/2172
f 5047/284/613 5049/526/614 5046/285/612
f 2577/993/1054 2579/553/581 2576/595/433
f 5988/1350/1555 5989/892/2208 5995/1746/2209
f 4179/226/176 4183/1223/1391 4182/1225/1393
f 5203/1747/2210 5206/1748/2211 5205/447/434
f 5462/1007/1131 5464/531/547 5461/1052/1132
f 6298/1610/1970 6288/1749/2212 6289/561/597
f 5468/530/546 5466/279/2213 5469/1750/2214
f 6500/1123/1230 6502/327/2215 6499/1751/2216
f 5467/1752/2217 5471/1637/2030 5470/1639/2032
f 5299/1712/2150 5297/1753/2218 5300/1711/2149
f 6137/259/307 6136/283/260 6133/864/2219
f 3802/895/2220 3806/816/1503 3805/896/1505
f 3171/708/755 3174/713/759 3173/336/326
f 5369/539/562 5370/538/561 5373/1754/2221
f 5241/1085/2222 5237/1755/2223 5245/1086/1168
f 4341/259/233 4345/377/1786 4344/284/613
f 3364/715/110 3362/127/107 3365/854/112
f 3626/725/769 3630/1204/2224 3629/134/107
f 4200/495/496 4204/346/1334 4203/242/498
f 3246/664/2047 3255/1138/1354 3254/1016/2225
f 5143/1756/2226 5147/1757/2227 5142/1758/2228
f 5506/1613/1978 5503/681/721 5504/1759/2229
f 2315/1705/2140 2311/1359/1565 2312/1358/1564
f 5150/1024/1099 5144/1760/2230 5145/1761/2231
f 5511/1002/2200 5509/1762/2232 5512/1055/2233
f 5402/775/823 5400/1763/2234 5403/1764/2235
f 5711/1214/1376 5709/1216/1378 5712/1765/2236
f 5514/9/2201 5515/891/936 5518/890/935
f 4156/1238/1410 4151/1281/1451 4152/1280/1450
f 6007/517/2237 6006/97/2238 6004/1766/2239
f 5532/1767/2240 5529/1389/1616 5533/267/241
f 5530/1388/1615 5533/267/241 5529/1389/1616
f 6306/1768/2241 6312/1769/2242 6300/1322/1514
f 5471/1637/2030 5469/1750/2214 5472/1744/2205
f 2940/1171/1661 2944/1211/1358 2943/572/611
f 5346/384/374 5353/378/368 5347/1770/2243
f 5564/1488/2244 5570/1487/2245 5574/1274/1444
f 4235/1048/1125 4239/515/525 4238/214/190
f 3534/142/121 3530/241/1778 3531/242/1346
f 5487/422/412 5484/50/2157 5488/423/413
f 5466/279/2213 5462/1007/1131 5463/1008/2028
f 6232/526/614 6233/103/1326 6146/50/48
f 3467/1025/61 3472/353/2246 3475/1026/1766
f 4864/742/1144 4858/743/1547 4859/744/788
f 4046/729/772 4055/1771/2247 4054/724/782
f 2690/734/1569 2689/59/1318 2682/61/481
f 5914/1486/1775 5918/1342/780 5908/1057/776
f 5766/844/1416 5770/845/2248 5760/254/776
f 5622/956/2249 5632/1606/2167 5631/957/316
f 5538/636/673 5550/77/2250 5545/76/2251
f 5051/53/46 4964/54/47 4963/55/43
f 5579/1282/107 5581/863/110 5578/1272/717
f 5579/1282/107 5583/1489/792 5582/757/112
f 3440/533/551 3436/175/156 3437/481/1890
f 2719/1071/619 2714/796/231 2715/1069/1
f 5521/1584/1916 5523/130/2252 5520/1772/2253
f 4491/1592/2081 4492/1773/657 4498/1261/1054
f 4596/1560/231 4592/250/225 4593/309/291
f 2711/364/291 2709/785/792 2712/1263/630
f 3561/97/77 3565/274/249 3564/187/250
f 2205/1544/1855 2212/1774/2254 2215/1775/2255
f 4873/1472/1745 4877/1653/2256 4876/267/1608
f 5588/1431/231 5586/758/630 5589/1500/1
f 2852/857/225 2850/854/112 2853/1423/291
f 2883/1619/180 2871/867/910 2872/1776/914
f 3983/206/1362 3981/564/1082 3984/207/1359
f 3858/1002/2257 3862/232/207 3861/1003/1076
f 4403/1777/279 4408/1569/2258 4413/1079/1160
f 4224/107/90 4228/11/1225 4227/178/523
f 2490/1778/2259 2486/1194/808 2495/722/1423
f 3773/1301/1478 3771/536/559 3774/719/763
f 4915/115/508 4913/551/1337 4916/137/1220
f 3388/947/1223 3397/938/302 3396/1135/1242
f 2893/1237/1409 2892/1236/1408 2882/938/302
f 5614/296/273 5622/956/2249 5621/955/2260
f 2799/1779/2261 2792/202/2262 2801/640/679
f 5210/1780/2263 5208/158/436 5211/937/987
f 4645/1781/2264 4649/995/1055 4648/1577/1906
f 3682/1270/1442 3691/1271/234 3690/819/863
f 5641/1782/66 5640/1646/2152 5632/1606/2167
f 4202/241/497 4206/142/506 4205/141/1714
f 4864/742/1144 4860/1181/1305 4858/743/1547
f 4562/1783/2265 4566/711/757 4561/1784/2266
f 6398/1785/2267 6393/1786/2268 6388/1438/1684
f 5657/974/1036 5650/1507/648 5651/1132/2269
f 4467/831/654 4472/832/1808 4471/833/876
f 5655/1509/652 5659/832/875 5654/831/874
f 4475/972/2270 4479/976/1040 4474/973/2271
f 4475/972/2270 4474/973/2271 4470/974/1237
f 4482/1787/2272 4481/805/846 4476/1788/2273
f 2551/615/653 2556/1444/2274 2555/971/1039
f 3956/409/400 3960/41/33 3959/159/401
f 6333/1332/231 6337/1789/2275 6336/1790/1418
f 5139/1791/1520 5140/1792/2276 5145/1761/2231
f 6311/1305/1486 6305/1793/2277 6312/1769/2242
f 2568/981/1044 2573/1794/1041 2576/595/433
f 3197/61/54 3193/487/1133 3187/488/483
f 3453/88/2278 3448/87/2279 3449/1795/2280
f 4401/1431/231 4405/1796/841 4404/1797/2281
f 4177/799/177 4179/226/176 4178/228/203
f 6434/1685/1353 6436/1798/176 6435/1799/203
f 4062/1392/1619 4067/134/111 4066/1800/717
f 5769/403/396 5774/1562/107 5773/1061/717
f 4757/480/2282 4759/1192/2184 4756/479/1955
f 2239/1801/2283 2241/401/392 2238/1290/1466
f 3871/928/974 3868/1617/1987 3869/1005/2284
f 4781/1340/1542 4783/1341/2285 4780/1339/2286
f 4334/522/2287 4331/339/329 4335/92/1756
f 5252/837/880 5257/1700/2135 5262/1802/2288
f 6189/509/585 6188/207/940 6185/564/941
f 3614/490/1402 3613/1229/1398 3606/1180/2289
f 4523/1529/1835 4519/1506/2108 4520/1505/1803
f 4777/1421/1658 4775/387/377 4778/1335/1536
f 5703/314/1802 5701/585/2290 5704/586/2291
f 5705/315/300 5703/314/1802 5706/1506/1804
f 5100/1803/2292 5095/1804/2293 5096/1297/1477
f 5290/1498/1797 5286/1557/1875 5287/1499/1798
f 3155/318/308 3158/1477/1764 3157/1478/1765
f 3119/1336/1538 3117/1004/1077 3120/1530/1837
f 2745/106/86 2752/1411/2294 2744/1083/1165
f 3540/115/1351 3544/508/2295 3543/564/1082
f 5723/1513/1812 5720/1545/1857 5724/1512/1811
f 2665/1661/2296 2664/1662/2297 2662/714/760
f 2634/696/740 2626/1805/2298 2627/679/719
f 3873/929/975 3871/928/974 3874/1497/1793
f 4584/1059/1139 4588/1806/106 4587/1562/107
f 5126/1671/2086 5131/1670/2085 5130/1807/876
f 5697/340/334 5699/1526/2123 5696/1525/2299
f 5698/1401/1634 5700/1527/1832 5697/340/334
f 6278/559/595 6273/1808/2300 6274/1809/2301
f 2881/1135/1879 2886/1136/2302 2877/1137/2303
f 5740/922/2304 5744/923/2024 5747/924/63
f 4366/78/1766 4360/1283/2305 4355/852/1654
f 2826/549/737 2834/847/2306 2825/272/246
f 3783/1459/2307 3782/1810/2308 3779/40/278
f 5565/1420/776 5570/1487/2245 5564/1488/2244
f 3348/933/776 3353/934/1308 3347/47/40
f 3308/1254/1430 3305/1651/2309 3309/883/2165
f 6580/1048/1983 6578/326/2310 6581/516/2311
f 4752/114/2312 4754/1811/2313 4756/479/2314
f 5774/1562/107 5776/251/110 5773/1061/717
f 5774/1562/107 5778/1563/792 5777/249/112
f 5917/966/1023 5907/21/16 5913/1058/1138
f 3205/734/778 3204/59/52 3197/61/54
f 3977/113/1350 3975/114/1365 3978/115/1080
f 4798/1003/1076 4802/1346/1550 4801/1616/1986
f 4295/113/96 4293/114/281 4296/115/98
f 3274/205/1174 3269/105/85 3275/190/1176
f 5783/1560/231 5781/1561/630 5784/1/1
f 4437/874/1000 4428/120/103 4446/1812/2315
f 6092/142/506 6088/241/497 6089/242/498
f 5783/1560/231 5779/250/225 5780/309/291
f 3970/346/1620 3972/142/121 3969/242/1346
f 3235/1070/808 3239/1703/2316 3234/1071/619
f 3444/894/939 3451/907/1287 3445/1521/1824
f 5798/246/961 5802/247/2317 5801/248/224
f 1428/944/75 1429/1813/75 1473/1814/75
f 5957/878/273 5965/1603/1954 5964/1602/1953
f 5021/1122/2318 5023/97/318 5020/326/317
f 4427/296/273 4435/956/1009 4434/955/1008
f 5113/1815/2319 5104/1816/2320 5103/427/417
f 3422/1155/1261 3424/897/946 3421/1082/1164
f 2478/377/1786 2474/259/290 2475/168/151
f 6002/1817/2321 6003/1818/2322 6006/97/2238
f 2220/212/188 2224/1605/1959 2223/667/706
f 4191/160/138 4193/159/137 4190/409/1156
f 4729/1597/2323 4726/689/729 4723/1556/1870
f 5832/1781/2324 5836/995/1055 5835/1577/1906
f 2911/469/460 2912/468/944 2915/900/1265
f 4664/1580/1911 4663/1579/1910 4661/1435/1680
f 4516/314/299 4520/1505/1803 4519/1506/2108
f 5720/1545/1857 5718/663/1850 5721/1546/2325
f 5867/1434/1676 5862/1588/1921 5863/687/727
f 5868/1589/2326 5866/1590/1923 5869/635/1295
f 4033/1178/2327 4034/1179/1849 4044/1180/2148
f 4271/1819/2328 4268/159/556 4272/540/565
f 2323/409/1156 2321/51/486 2324/160/138
f 4818/505/1982 4814/506/1585 4815/507/514
f 3086/620/657 3085/621/1819 3079/622/2329
f 6536/160/1285 6535/409/1284 6532/998/2330
f 5874/1820/2331 5870/124/285 5871/50/2332
f 5873/1821/2333 5877/235/210 5876/1114/1214
f 5556/1168/1275 5557/1480/15 5564/1488/2244
f 3753/1566/1885 3751/1591/2128 3754/1681/2097
f 4024/754/801 4037/778/826 4031/755/802
f 5763/709/1872 5756/710/2334 5753/711/1469
f 2291/91/1936 2289/1822/2335 2292/90/1935
f 5760/254/776 5765/255/395 5759/116/394
f 5571/322/2336 5575/1419/2248 5565/1420/776
f 5706/1506/1804 5708/1215/1377 5705/315/300
f 4387/1274/2074 4388/1419/780 4392/1282/107
f 3629/134/107 3633/750/792 3632/135/112
f 5922/967/111 5924/1258/110 5921/461/541
f 5295/1823/2337 5299/1712/2150 5298/1824/2338
f 5922/967/111 5926/1599/792 5925/1259/112
f 4591/1563/792 4593/309/291 4590/249/112
f 4957/284/1471 4955/168/306 4958/377/367
f 5298/1824/2338 5302/1317/1508 5301/1319/1510
f 2258/1825/2339 2262/357/348 2261/1826/2340
f 6308/1827/2341 6303/1828/2342 6304/1609/1969
f 4908/141/270 4912/114/271 4911/295/272
f 3552/107/161 3550/190/173 3553/191/1341
f 4360/1283/2343 4369/1168/2073 4359/1284/1455
f 5275/1550/1862 5279/1707/2142 5278/146/126
f 4596/1560/231 4600/1829/616 4599/945/1418
f 6521/1399/1630 6517/864/2134 6518/499/502
f 5041/91/152 5043/283/2344 5040/164/2051
f 5901/183/166 5893/74/2345 5894/1830/2346
f 5588/1431/231 5592/1796/2275 5591/1797/2347
f 4197/42/494 4201/494/495 4200/495/496
f 6088/241/497 6086/495/496 6089/242/498
f 4088/140/144 4078/944/279 4083/856/2348
f 4411/1831/2259 4406/1502/619 4407/1501/808
f 5948/1469/1728 5943/1832/2349 5938/766/2350
f 3020/948/2351 3012/1087/2352 3021/1139/2036
f 5771/1059/1415 5775/1806/2224 5774/1562/107
f 2454/517/584 2453/97/318 2450/326/317
f 5957/878/273 5949/466/224 5950/465/457
f 2627/679/719 2626/1805/2298 2621/678/2353
f 3799/1314/1948 3803/1568/1886 3802/895/2220
f 4338/91/152 4342/168/2078 4341/259/233
f 5997/1738/2193 5999/1833/2354 5996/1834/2355
f 6171/346/2356 6167/495/538 6168/494/1737
f 6069/1835/2357 6068/448/439 6064/772/819
f 5053/1658/2063 5282/1706/2141 5054/1657/2062
f 5480/146/2358 5367/1836/2359 5366/537/560
f 2834/847/2306 2844/125/105 2839/846/1212
f 4615/247/223 4623/912/2360 4622/1146/273
f 5986/1837/2361 5985/9/2362 5982/921/968
f 5984/1838/2363 5989/892/2208 5988/1350/1555
f 5986/1837/2361 5991/1351/2364 5990/1839/2365
f 6497/1622/1995 6501/1124/1231 6500/1123/1230
f 6036/1225/2366 6038/244/220 6035/1840/2367
f 3522/41/38 3520/395/2083 3523/428/1058
f 6002/1817/2321 6000/1740/2195 6003/1818/2322
f 6004/1766/2239 6000/1740/2195 6001/1739/2194
f 2532/80/67 2538/1841/2368 2544/1508/1974
f 5732/275/251 5737/276/2369 5741/277/2003
f 6008/1842/2370 6012/807/850 6011/1843/2371
f 6298/1610/1970 6308/1827/2341 6302/1844/2372
f 3446/893/938 3453/88/70 3444/894/939
f 5986/1837/2361 5994/1845/2373 5993/1846/2374
f 6023/130/2375 6027/629/665 6026/631/667
f 2758/450/1903 2752/1411/2294 2759/205/1174
f 3069/623/1433 3068/625/1435 3064/608/1026
f 3527/521/1347 3531/242/1346 3530/241/1778
f 2714/796/231 2718/797/616 2717/798/1418
f 5450/97/1595 5454/1847/2376 5453/156/134
f 5426/1126/1421 5422/1199/1329 5423/1552/1864
f 6074/51/486 6078/395/2377 6077/160/138
f 6017/790/835 6021/1848/2378 6020/1849/2379
f 5384/1655/2188 5382/1312/1498 5385/1850/2380
f 3631/133/110 3635/749/291 3634/940/225
f 6021/1848/2378 6019/1851/2381 6022/1852/2382
f 6020/1849/2379 6024/1390/2383 6023/130/2375
f 5280/145/125 5053/1658/2063 5052/1654/2059
f 5305/128/108 5307/474/465 5304/1318/1509
f 2248/1853/2384 2250/411/403 2247/771/818
f 5207/510/2385 5205/447/434 5208/158/436
f 5858/1854/2386 5865/1174/2387 5856/686/726
f 5414/1067/1148 5410/161/140 5411/163/142
f 4823/34/2388 4828/35/1516 4831/1612/1977
f 5501/1031/2389 5504/1759/2229 5500/680/720
f 2335/241/497 2339/142/506 2338/141/270
f 3960/41/33 3958/395/2083 3961/428/1058
f 6061/1855/2390 6057/486/480 6058/485/479
f 6063/773/820 6066/304/283 6062/1856/2391
f 2516/1643/1409 2507/201/180 2525/1857/2315
f 3785/691/731 3784/690/730 3781/46/1487
f 4988/346/340 4984/495/538 4985/494/1737
f 2318/50/82 2320/998/2392 2317/124/1070
f 4888/50/82 4892/501/1188 4891/51/486
f 5361/1558/1876 5357/1726/2175 5362/1730/2180
f 6037/1554/1868 6039/1858/2393 6036/1225/2366
f 6052/1859/2394 6055/1860/2395 6051/1861/2396
f 4192/395/487 4188/51/486 4189/501/1188
f 4894/160/138 4896/159/137 4893/409/1156
f 5171/1074/1153 5169/1452/1705 5172/1075/1154
f 4198/46/1712 4194/41/139 4195/428/418
f 5899/19/1270 5889/1862/1455 5890/1863/2397
f 2335/241/497 2333/495/496 2336/242/498
f 3624/1392/716 3629/134/107 3628/1800/541
f 2506/1139/302 2514/324/315 2513/323/314
f 2954/1644/1302 2963/843/1834 2953/1649/1455
f 4917/286/1643 4921/207/186 4920/206/990
f 5809/1146/237 5801/248/224 5802/247/2317
f 4922/509/516 4924/205/184 4921/207/186
f 4924/205/184 4928/191/1635 4927/107/90
f 3113/405/399 3115/824/866 3112/230/696
f 6028/1864/2398 6030/475/469 6027/629/665
f 6577/327/2215 6575/1123/1230 6578/326/2310
f 5509/1762/2232 5513/233/1224 5512/1055/2233
f 6123/514/524 6125/515/525 6122/516/1241
f 4938/1048/1125 4942/515/525 4941/214/190
f 4240/518/531 4242/215/191 4239/515/525
f 4945/215/191 4949/500/1071 4948/92/1072
f 6348/731/775 6352/25/17 6351/761/224
f 5677/1865/2399 5678/1592/1929 5684/823/433
f 2382/317/1623 2385/168/306 2384/259/307
f 5393/1466/1725 5397/1866/2400 5396/1102/1199
f 2193/1867/2401 2191/435/422 2194/366/355
f 4673/1072/1151 4669/686/994 4678/1174/2402
f 5695/591/1633 5691/592/176 5692/593/175
f 5718/663/1850 5722/1547/1859 5721/1546/2325
f 2373/518/531 2375/215/191 2372/515/525
f 6574/1751/2216 6572/1622/2161 6575/1123/1230
f 4269/41/386 4267/395/1732 4270/428/554
f 5956/1468/2403 5942/1868/2404 5943/1832/2349
f 4712/1596/1937 4708/536/634 4709/594/633
f 4888/55/82 4961/53/81 4889/449/2405
f 5749/1783/2406 5753/711/1469 5748/1784/2407
f 2405/540/565 2408/42/1734 2404/1819/2408
f 5724/1512/1811 5722/1547/1859 5725/1548/1860
f 6164/520/1266 6161/42/1817 6162/46/564
f 4283/241/1117 4281/495/1736 4284/242/218
f 2414/495/538 2418/346/569 2417/242/218
f 3634/940/225 3638/258/231 3637/1128/904
f 6173/142/149 6171/346/2356 6174/347/341
f 6283/1869/2409 6279/1151/1255 6280/1150/1254
f 5576/321/1252 5571/322/2336 5566/224/200
f 2423/167/1740 2426/114/281 2425/295/282
f 2983/605/1874 2987/607/2224 2986/676/107
f 6214/562/601 6218/152/330 6217/339/329
f 3930/527/543 3928/1064/1145 3931/1063/2410
f 2432/564/941 2435/207/940 2434/206/1463
f 5006/509/2411 5009/190/586 5008/205/491
f 5783/1560/231 5787/1829/841 5786/945/2412
f 2540/1449/2413 2535/1450/2414 2536/1451/2415
f 6193/109/744 6197/178/590 6196/108/1276
f 5013/108/745 5017/10/1277 5016/519/1278
f 6309/1870/2416 6315/1871/2417 6319/1455/1710
f 6203/326/317 6201/12/89 6204/1122/2418
f 6436/1798/176 6438/1872/2419 6435/1799/203
f 3460/1212/673 3472/353/2420 3467/1025/2421
f 5038/92/1756 5041/91/152 5040/164/2051
f 5173/1683/2101 5175/827/870 5172/1075/1154
f 3741/226/176 3745/1223/1391 3744/1225/1393
f 2459/187/170 2463/188/331 2462/189/333
f 6212/187/901 6216/188/331 6215/189/172
f 3787/1598/1941 3784/690/730 3788/965/2422
f 4332/152/332 4330/188/171 4333/151/2423
f 2472/90/72 2471/91/152 2468/92/1756
f 3416/1235/2424 3408/1236/1427 3409/1237/1425
f 4753/551/1506 4757/480/2282 4756/479/1955
f 6062/1856/2391 6066/304/283 6065/1873/2425
f 6247/1874/2426 6245/703/750 6248/1463/1720
f 3012/1087/2352 3007/581/849 3002/580/1169
f 5399/1100/1197 5397/1866/2400 5400/1763/2234
f 5593/1502/1729 5588/1431/231 5589/1500/1
f 5930/1153/1258 5931/588/231 5934/764/2427
f 3746/124/1215 3750/1115/1216 3749/1116/1884
f 2310/1875/2428 2312/1358/1564 2309/1876/2429
f 2496/869/914 2507/201/180 2495/722/1423
f 6253/918/965 6257/329/321 6256/1877/2430
f 6584/515/2431 6586/216/1501 6583/214/1984
f 4234/517/529 4237/514/524 4236/516/526
f 6428/1878/635 6432/1879/581 6431/1880/2432
f 3776/299/276 3780/42/277 3779/40/278
f 6252/1881/2433 6255/328/320 6251/917/964
f 3717/1164/1520 3718/1238/1688 3723/557/589
f 6256/1877/2430 6260/382/372 6259/381/371
f 6438/1872/2419 6442/655/691 6441/1882/2434
f 6271/1883/2435 6274/1809/2301 6270/1884/2436
f 6272/1430/1669 6275/1885/2437 6271/1883/2435
f 6582/514/2438 6584/515/2431 6581/516/2311
f 4399/758/630 4395/757/112 4396/1489/792
f 6304/1609/1969 6300/1322/1514 6305/1793/2277
f 4799/232/1075 4797/233/1976 4800/234/1552
f 2660/1045/1122 2663/1220/2439 2667/1221/2440
f 4260/55/43 4261/54/47 4263/51/44
f 4673/1072/1151 4678/1174/2402 4677/1073/1152
f 6268/1886/2441 6265/1887/2442 6270/1884/2436
f 3302/1650/2049 3305/1651/2309 3300/1105/1203
f 5981/1641/2034 5983/920/967 5980/1243/1414
f 5031/562/598 5035/152/330 5034/339/329
f 5002/564/941 5005/207/940 5004/206/2443
f 6051/1861/2396 6054/484/478 6053/1888/2444
f 6107/205/184 6105/509/516 6108/190/517
f 5017/10/1277 5015/11/1752 5018/12/89
f 4808/928/974 4812/1693/2119 4811/1497/1793
f 3154/1306/1489 3152/1034/1110 3155/318/308
f 4465/1133/1238 4453/1646/2044 4459/1713/2445
f 6328/1316/1507 6324/1454/1709 6325/453/444
f 6082/40/438 6080/41/139 6083/42/494
f 6592/864/2446 6596/1399/1630 6595/721/2015
f 6121/1048/1125 6125/515/525 6124/214/845
f 5657/974/1036 5651/1132/2269 5652/1133/2151
f 5078/1889/2447 5082/1890/2448 5077/1891/2449
f 5165/450/2098 5169/1452/1705 5168/1892/2450
f 4622/1146/273 4621/372/2451 4613/148/1672
f 3709/1277/1449 3714/1280/2452 3713/1281/1689
f 2189/1893/2453 2188/1894/2454 2316/1895/2455
f 2344/113/1642 2348/564/794 2347/286/263
f 5139/1791/1520 5142/1758/2228 5138/1673/2088
f 2857/861/631 2862/866/808 2861/1247/619
f 2359/108/91 2357/107/90 2360/178/533
f 4229/519/532 4227/178/523 4230/10/528
f 5185/1896/2456 5188/1227/1396 5184/792/837
f 3005/1778/1419 3001/1194/808 3010/722/766
f 5598/1831/2457 5594/1501/808 5603/121/297
f 6359/27/19 6367/1897/2458 6366/1665/2079
f 3241/665/912 3246/664/2047 3254/1016/1367
f 3047/80/1022 3053/1841/2459 3059/1508/1806
f 5901/183/2460 5909/1485/1774 5900/20/15
f 5044/259/233 5046/285/612 5043/283/2344
f 4131/887/932 4130/1640/1317 4120/1270/1442
f 6092/142/506 6090/346/1334 6093/347/505
f 5896/75/63 5890/1863/2461 5885/1698/2462
f 6027/629/665 6025/1583/2463 6028/1864/2398
f 6402/1516/1815 6395/562/2464 6396/1669/797
f 6399/1898/654 6404/1899/2465 6403/1900/2466
f 5129/598/638 5123/1668/2084 5124/1446/1693
f 6400/188/2467 6404/1899/2465 6399/1898/654
f 6408/1510/1809 6404/1899/2465 6409/1511/1810
f 5141/1901/2468 5140/1792/2276 5135/1674/2089
f 5659/832/875 5664/1672/2087 5663/1788/2469
f 5668/805/2093 5663/1788/2469 5664/1672/2087
f 2288/637/674 2286/1222/1390 2289/1822/2335
f 3425/898/2470 3427/468/459 3424/897/946
f 3683/1474/2471 3674/1251/1675 3675/1250/1674
f 6423/1629/2002 6417/1902/2472 6418/1353/1559
f 3938/1077/2011 3936/1472/1745 3939/267/1582
f 3736/1903/582 3737/1187/581 3739/799/1353
f 5692/593/175 5691/592/176 5689/992/177
f 1659/71/75 1660/86/75 1624/85/75
f 6497/1622/1995 6499/1751/2216 6496/1718/2160
f 5872/54/440 5874/1820/2331 5871/50/2332
f 4559/1678/2473 4563/927/973 4558/1679/2474
f 5339/1904/2475 5338/1905/2476 5335/1044/1121
f 6554/167/2196 6550/1906/2477 6551/1038/1114
f 6503/326/2310 6507/514/2438 6506/516/2478
f 6440/1537/1845 6436/1798/176 6437/1687/175
f 6564/1907/2479 6566/963/2075 6563/144/123
f 3832/961/1014 3834/1213/1373 3831/1327/1526
f 6446/1908/2480 6442/655/691 6443/1909/2481
f 6235/52/2482 6445/656/692 6236/55/2483
f 5387/1910/2484 5389/1735/2190 5386/1911/2485
f 6236/55/2483 6446/1908/2480 6237/449/2486
f 6463/520/2487 6460/420/409 6464/1344/2488
f 5835/1577/1906 5839/1000/1379 5838/1578/1907
f 5029/187/170 5033/188/171 5032/189/1755
f 6024/1390/2383 6022/1852/2382 6025/1583/2463
f 6019/1851/2381 6018/1912/2489 6016/789/834
f 6447/1379/2490 6527/393/383 6448/983/2491
f 6553/1209/2492 6557/186/169 6556/1134/1239
f 5884/1913/2169 5880/1013/1089 5881/1012/1088
f 6488/207/2493 6490/1914/2494 6486/1915/2495
f 3159/320/310 3162/705/752 3158/1477/1764
f 6594/317/1472 6596/1399/1630 6593/499/502
f 4549/1635/2023 4557/923/970 4553/922/2496
f 6077/160/138 6079/159/137 6076/409/1748
f 4740/1568/1949 4738/112/95 4741/817/861
f 3021/1139/2036 3029/324/314 3028/323/314
f 6562/1915/2497 6566/963/2075 6565/1914/2498
f 6597/14/2499 6599/13/2016 6596/1399/1630
f 6117/12/527 6113/178/523 6114/11/1225
f 6584/515/2431 6580/1048/1983 6581/516/2311
f 5222/1052/1577 5226/532/1701 5225/531/2500
f 6032/243/219 6030/475/469 6033/477/471
f 5387/1910/2484 5391/391/381 5390/390/380
f 6587/215/951 6591/500/503 6590/92/2501
f 6587/215/951 6589/522/2133 6586/216/1501
f 6589/522/2133 6593/499/502 6592/864/2446
f 6545/520/983 6544/1517/2113 6541/40/2502
f 6525/15/10 6527/393/383 6524/13/8
f 6600/15/2503 6602/393/383 6599/13/2016
f 4751/295/1313 4749/680/1438 4752/114/2504
f 3930/527/543 3932/566/604 3929/1097/1193
f 6530/983/1046 6531/982/1045 6534/501/2505
f 4867/527/1227 4869/566/604 4866/1097/1226
f 2793/1254/1430 2790/1651/2050 2794/883/927
f 6448/983/2491 6452/812/856 6451/999/1060
f 6539/41/1283 6537/395/2506 6540/428/2507
f 3537/114/119 3535/347/1636 3538/551/2508
f 6548/1036/1112 6544/1517/2113 6545/520/983
f 6463/520/2487 6462/1517/2113 6461/40/2509
f 4658/307/287 4662/1436/1681 4661/1435/1680
f 6550/1906/2477 6548/1036/1112 6551/1038/1114
f 6472/142/2510 6474/1209/1345 6470/1906/2511
f 6559/563/2512 6563/144/123 6562/1915/2497
f 2263/359/350 2260/1231/1404 2264/438/425
f 6572/1622/2161 6576/1124/1231 6575/1123/1230
f 6479/186/1794 6476/114/1343 6477/551/1580
f 4622/1146/273 4630/1574/2260 4629/373/362
f 3664/263/302 3673/1143/2106 3672/1144/2106
f 2516/1643/1409 2515/1571/1408 2506/1139/302
f 6430/1628/1054 6432/1879/581 6429/978/433
f 6496/1718/2160 6494/1573/1896 6497/1622/1995
f 3877/506/513 3879/1361/1568 3876/1634/2012
f 6504/1122/1229 6500/1123/1230 6501/1124/1231
f 6514/522/2133 6512/215/951 6515/92/2501
f 6505/1048/1983 6503/326/2310 6506/516/2478
f 6507/514/2438 6509/515/1502 6506/516/2478
f 6584/515/2431 6588/902/952 6587/215/951
f 6509/515/1502 6513/902/952 6512/215/951
f 6578/326/2310 6582/514/2438 6581/516/2311
f 4867/527/1227 4871/528/544 4870/529/602
f 5365/1732/2183 5480/146/2358 5366/537/560
f 3986/450/1380 3990/107/161 3989/109/1523
f 4813/1634/2012 4811/1497/1793 4814/506/1585
f 6566/963/2075 6570/1721/2164 6569/1573/2076
f 4221/205/184 4225/191/1635 4224/107/90
f 6814/28/2513 6812/29/1322 6815/30/22
f 6741/43/35 6745/44/36 6744/45/2514
f 6848/232/207 6846/233/208 6849/234/2515
f 6900/269/2516 6897/270/2517 6901/271/2518
f 6627/417/4 6626/418/4 6666/419/4
f 6809/478/472 6805/479/2519 6806/480/2520
f 6843/502/2521 6842/503/510 6840/504/2020
f 6867/505/2522 6863/506/1585 6864/507/514
f 6916/527/1227 6920/528/2523 6919/529/602
f 6756/534/557 6754/535/558 6757/536/559
f 6836/205/2524 6839/668/708 6835/450/2525
f 6775/689/2526 6770/690/2527 6771/691/731
f 6805/479/2519 6807/697/742 6804/698/1957
f 6913/742/2528 6907/743/2529 6908/744/788
f 6822/960/1534 6818/961/1014 6819/962/2530
f 6823/975/1037 6821/555/2531 6824/387/377
f 6799/1031/1107 6795/1032/2532 6796/1033/1945
f 6821/555/2531 6825/388/378 6824/387/377
f 6842/503/510 6845/1055/1136 6841/1056/2533
f 6867/505/2522 6869/97/1180 6866/1090/1181
f 6915/1097/2534 6913/742/2528 6916/527/1227
f 6909/1181/2535 6907/743/2529 6913/742/2528
f 6800/295/1313 6798/680/2536 6801/114/2312
f 6874/1241/1412 6881/1242/1413 6884/1089/1173
f 6746/99/80 6748/1256/2537 6745/44/36
f 6690/418/75 6691/417/75 6730/419/75
f 6762/299/276 6760/719/763 6763/720/764
f 6905/1302/1482 6907/743/2529 6904/1303/2538
f 6760/719/763 6764/870/915 6763/720/764
f 6766/42/277 6764/870/915 6767/46/1487
f 6815/30/22 6819/962/2530 6818/961/1014
f 6780/64/57 6781/62/55 6783/63/2539
f 6792/816/2540 6794/1315/2541 6791/896/943
f 6796/1033/1945 6792/816/2540 6793/818/862
f 6797/1260/1436 6795/1032/2532 6798/680/2536
f 6798/680/2536 6802/551/2542 6801/114/2312
f 6808/1192/2543 6813/1320/2185 6812/29/1322
f 6874/1241/1412 6877/35/2544 6873/1196/1325
f 6931/1324/2545 6928/1325/1518 6932/1326/2546
f 6817/1327/2547 6815/30/22 6818/961/1014
f 6824/387/377 6828/386/376 6827/1335/1536
f 6792/816/2540 6790/817/861 6793/818/862
f 6829/1339/2286 6830/1340/1542 6832/1341/2285
f 6851/1346/1550 6849/234/2515 6852/1347/1551
f 6800/295/1313 6801/114/2312 6805/479/2519
f 6869/97/1180 6865/1361/2548 6866/1090/1181
f 6870/517/1570 6875/1362/2549 6874/1241/1412
f 6872/34/1572 6877/35/1573 6876/36/1574
f 6925/267/1608 6929/1367/1583 6928/1325/1518
f 6888/1368/1586 6892/1107/2550 6891/1369/2551
f 6893/1109/2552 6895/1370/2553 6892/1107/2550
f 6898/1371/2554 6896/1372/1944 6899/1373/2555
f 6919/529/602 6921/565/603 6918/566/604
f 6884/1089/1173 6887/1381/1603 6886/220/196
f 6831/1384/1609 6834/1385/1610 6830/1340/1542
f 6826/1421/1658 6824/387/377 6827/1335/1536
f 6872/34/1702 6868/96/1324 6873/1196/1325
f 6919/529/602 6923/1380/2556 6922/1472/2557
f 6837/190/2558 6840/504/2020 6839/668/708
f 6732/52/1215 6934/1017/1093 6733/55/1763
f 6890/1108/1208 6892/1107/2550 6889/221/197
f 6860/1497/1793 6864/507/514 6863/506/1585
f 6738/1177/1297 6735/1116/1884 6739/1566/1885
f 6789/1568/2559 6787/112/1887 6790/817/861
f 6891/1369/2551 6895/1370/2553 6894/1582/2560
f 6743/98/1927 6745/44/36 6742/1176/1296
f 6754/535/558 6753/855/897 6750/1366/2561
f 6761/1596/1937 6757/536/559 6758/594/633
f 6775/689/2526 6772/1556/1938 6778/1597/2323
f 6776/461/2171 6773/1598/2562 6777/967/2170
f 6784/111/94 6786/110/93 6783/63/2539
f 6782/1313/1499 6786/110/93 6785/1314/1948
f 6748/1256/2537 6744/45/2514 6745/44/36
f 6802/551/2542 6806/480/2520 6805/479/2519
f 6812/29/1322 6816/1308/2563 6815/30/22
f 6872/34/1702 6877/35/1516 6880/1612/1977
f 6853/1615/2564 6850/1616/1986 6854/1617/2565
f 6902/1626/2566 6905/1302/1482 6901/271/2518
f 6925/267/1608 6927/1383/1607 6924/1077/2567
f 6862/1634/2012 6860/1497/1793 6863/506/1585
f 6934/1017/1093 6933/1018/2013 6930/1019/1095
f 6886/220/196 6889/221/197 6885/222/2057
f 6922/1472/2557 6926/1653/2568 6925/267/1608
f 6851/1346/1550 6847/1003/1076 6848/232/207
f 6903/1345/1548 6907/743/2529 6906/1690/2107
f 6734/449/1924 6934/1017/1093 6935/1386/2110
f 6779/1636/2027 6777/967/2170 6780/64/57
f 6857/928/974 6861/1693/2119 6860/1497/1793
f 6752/1293/1473 6755/1294/1474 6754/535/558
f 6894/1582/2560 6898/1371/2554 6897/270/2517
f 6736/1115/2569 6734/54/1924 6737/1591/2128
f 6754/535/558 6758/594/633 6757/536/559
f 6788/895/2220 6792/816/2540 6791/896/943
f 6844/1002/2257 6848/232/207 6847/1003/1076
f 6759/1301/1478 6757/536/559 6760/719/763
f 6857/928/974 6854/1617/2565 6855/1005/2570
f 6859/929/975 6857/928/974 6860/1497/1793
f 6769/1459/2307 6768/1810/2308 6765/40/278
f 6739/1566/1885 6737/1591/2128 6740/1681/2097
f 6785/1314/1948 6789/1568/2559 6788/895/2220
f 6771/691/731 6770/690/2527 6767/46/1487
f 6916/527/1227 6914/1064/2571 6917/1063/2572
f 6773/1598/2562 6770/690/2527 6774/965/2422
f 6732/124/1215 6736/1115/2569 6735/1116/1884
f 6762/299/276 6766/42/277 6765/40/278
f 6924/1077/2567 6922/1472/2557 6925/267/1608
f 6818/961/1014 6820/1213/2573 6817/1327/2547
f 6916/527/1227 6918/566/604 6915/1097/2534
f 6863/506/1585 6865/1361/2548 6862/1634/2012
f 4601/3/3 4600/1829/616 4596/1560/231
f 4596/1560/231 4597/1/1 4601/3/3
f 143/4/4 111/334/4 110/5/4
f 31/1916/4 30/1917/4 29/1918/4
f 29/1918/4 28/195/4 31/1916/4
f 28/195/4 27/7/4 31/1916/4
f 27/7/4 52/52/4 39/8/4
f 52/52/4 51/1919/4 41/1920/4
f 51/1919/4 50/1921/4 41/1920/4
f 50/1921/4 49/1922/4 47/406/4
f 41/1920/4 50/1921/4 42/1923/4
f 49/1922/4 48/6/4 47/406/4
f 47/406/4 46/1924/4 42/1923/4
f 46/1924/4 45/1925/4 43/1926/4
f 47/406/4 42/1923/4 50/1921/4
f 45/1925/4 44/1927/4 43/1926/4
f 43/1926/4 42/1923/4 46/1924/4
f 41/1920/4 40/1928/4 52/52/4
f 40/1928/4 39/8/4 52/52/4
f 39/8/4 38/94/4 33/1929/4
f 38/94/4 37/93/4 33/1929/4
f 37/93/4 36/408/4 33/1929/4
f 36/408/4 35/23/4 34/1930/4
f 33/1929/4 36/408/4 34/1930/4
f 33/1929/4 32/9/4 39/8/4
f 32/9/4 31/1916/4 27/7/4
f 3996/10/5 3993/178/795 3994/11/6
f 6524/13/8 6521/1399/1630 6522/14/9
f 3166/16/11 3163/312/295 3164/17/12
f 5908/1057/776 5907/21/16 5900/20/15
f 5907/21/16 5906/1162/1268 5899/19/14
f 5906/1162/2574 5903/1931/2575 5899/19/2576
f 145/193/4 144/6/4 110/5/4
f 110/5/4 109/192/4 145/193/4
f 109/192/4 108/1932/4 146/194/4
f 145/193/4 109/192/4 146/194/4
f 108/1932/4 107/1933/4 147/1934/4
f 107/1933/4 106/1935/4 148/1936/4
f 106/1935/4 105/1937/4 119/1938/4
f 105/1937/4 104/1939/4 120/195/4
f 119/1938/4 105/1937/4 120/195/4
f 104/1939/4 103/1267/4 121/1918/4
f 103/1267/4 102/1268/4 121/1918/4
f 121/1918/4 102/1268/4 122/1917/4
f 102/1268/4 101/1940/4 123/1941/4
f 101/1940/4 100/1942/4 125/9/4
f 123/1941/4 101/1940/4 124/1916/4
f 100/1942/4 99/1943/4 126/1944/4
f 99/1943/4 98/24/4 127/1930/4
f 126/1944/4 99/1943/4 127/1930/4
f 98/24/4 97/407/4 129/22/4
f 97/407/4 96/1945/4 131/93/4
f 96/1945/4 95/1946/4 132/94/4
f 95/1946/4 94/124/4 133/8/4
f 132/94/4 95/1946/4 133/8/4
f 94/124/4 118/1947/4 134/1948/4
f 118/1947/4 117/1949/4 135/1950/4
f 117/1949/4 116/1951/4 136/130/4
f 116/1951/4 115/132/4 136/130/4
f 115/132/4 114/1952/4 137/131/4
f 114/1952/4 113/1440/4 139/1953/4
f 113/1440/4 112/1954/4 141/1955/4
f 112/1954/4 111/334/4 142/335/4
f 141/1955/4 112/1954/4 142/335/4
f 111/334/4 143/4/4 142/335/4
f 114/1952/4 139/1953/4 138/1927/4
f 118/1947/4 135/1950/4 134/1948/4
f 97/407/4 131/93/4 130/408/4
f 131/93/4 96/1945/4 132/94/4
f 107/1933/4 148/1936/4 147/1934/4
f 148/1936/4 106/1935/4 119/1938/4
f 113/1440/4 141/1955/4 140/1925/4
f 113/1440/4 140/1925/4 139/1953/4
f 147/1934/4 146/194/4 108/1932/4
f 114/1952/4 138/1927/4 137/131/4
f 115/132/4 137/131/4 136/130/4
f 121/1918/4 120/195/4 104/1939/4
f 117/1949/4 136/130/4 135/1950/4
f 123/1941/4 122/1917/4 102/1268/4
f 94/124/4 134/1948/4 133/8/4
f 124/1916/4 101/1940/4 125/9/4
f 126/1944/4 125/9/4 100/1942/4
f 97/407/4 130/408/4 129/22/4
f 128/23/4 127/1930/4 98/24/4
f 6359/27/19 6351/761/224 6352/25/17
f 6352/25/2577 6355/1956/2578 6360/26/2579
f 3828/28/20 3825/1701/2580 3826/29/21
f 5308/31/23 5309/129/109 5312/32/24
f 4823/34/2388 4824/1196/1325 4828/35/1516
f 5247/37/29 5252/837/880 5251/38/30
f 3962/40/32 3959/159/401 3960/41/33
f 3755/43/35 3756/1176/1928 3759/44/36
f 3522/41/38 3523/428/1058 3526/46/39
f 3339/49/42 3340/272/1908 3347/47/40
f 3340/272/1908 3348/933/776 3347/47/40
f 3346/48/2574 3343/1957/2581 3339/49/2582
f 4262/998/1731 4259/52/45 4263/51/44
f 4259/52/45 4346/526/614 4260/50/43
f 4346/526/614 4347/103/1326 4260/50/43
f 6150/501/534 6149/51/536 6147/54/47
f 6149/51/536 6146/55/48 6147/54/47
f 6146/55/48 6233/103/1326 6234/53/46
f 5250/56/49 5255/1958/2583 5254/57/50
f 3197/61/2584 3201/1959/2585 3204/59/2586
f 3204/59/52 3203/1960/2587 3196/60/53
f 4732/62/55 4735/111/94 4734/63/56
f 4731/64/57 4728/967/2170 4732/62/55
f 4728/967/2170 4729/1597/2323 4732/62/55
f 359/1961/4 358/1962/4 357/1963/4
f 359/1961/4 357/1963/4 310/1964/4
f 357/1963/4 356/1965/4 310/1964/4
f 311/1966/4 310/1964/4 312/1967/4
f 312/1967/4 310/1964/4 313/1968/4
f 310/1964/4 356/1965/4 313/1968/4
f 313/1968/4 356/1965/4 314/1969/4
f 356/1965/4 355/1970/4 314/1969/4
f 314/1969/4 355/1970/4 315/1971/4
f 355/1970/4 354/1972/4 315/1971/4
f 315/1971/4 354/1972/4 353/1973/4
f 316/1974/4 315/1971/4 353/1973/4
f 316/1974/4 353/1973/4 317/40/4
f 353/1973/4 352/1975/4 317/40/4
f 317/40/4 352/1975/4 351/1976/4
f 382/1977/4 319/1978/4 383/52/4
f 319/1978/4 318/1979/4 383/52/4
f 318/1979/4 317/40/4 351/1976/4
f 350/1980/4 349/1981/4 360/1982/4
f 349/1981/4 348/1983/4 362/1984/4
f 361/1985/4 349/1981/4 362/1984/4
f 318/1979/4 351/1976/4 350/1980/4
f 383/52/4 318/1979/4 350/1980/4
f 349/1981/4 361/1985/4 360/1982/4
f 348/1983/4 347/1986/4 363/1987/4
f 347/1986/4 346/1988/4 364/1989/4
f 346/1988/4 345/782/4 365/783/4
f 345/782/4 344/1990/4 366/784/4
f 344/1990/4 343/1991/4 367/1992/4
f 366/784/4 344/1990/4 367/1992/4
f 343/1991/4 342/1993/4 368/164/4
f 342/1993/4 341/67/4 369/66/4
f 341/67/4 340/1994/4 370/65/4
f 340/1994/4 339/1995/4 371/1996/4
f 339/1995/4 338/1997/4 372/1998/4
f 338/1997/4 337/1999/4 373/2000/4
f 373/2000/4 337/1999/4 374/2001/4
f 337/1999/4 336/2002/4 375/2003/4
f 336/2002/4 335/2004/4 376/2005/4
f 335/2004/4 334/2006/4 377/227/4
f 334/2006/4 333/2007/4 378/1814/4
f 333/2007/4 332/2008/4 379/2009/4
f 332/2008/4 331/2010/4 380/2011/4
f 379/2009/4 332/2008/4 380/2011/4
f 331/2010/4 381/2012/4 380/2011/4
f 334/2006/4 378/1814/4 377/227/4
f 336/2002/4 376/2005/4 375/2003/4
f 342/1993/4 369/66/4 368/164/4
f 340/1994/4 371/1996/4 370/65/4
f 346/1988/4 365/783/4 364/1989/4
f 360/1982/4 383/52/4 350/1980/4
f 333/2007/4 379/2009/4 378/1814/4
f 362/1984/4 348/1983/4 363/1987/4
f 335/2004/4 377/227/4 376/2005/4
f 364/1989/4 363/1987/4 347/1986/4
f 337/1999/4 375/2003/4 374/2001/4
f 366/784/4 365/783/4 345/782/4
f 338/1997/4 373/2000/4 372/1998/4
f 339/1995/4 372/1998/4 371/1996/4
f 368/164/4 367/1992/4 343/1991/4
f 2273/68/58 2270/443/430 2271/69/59
f 221/1127/4 220/2013/4 218/2014/4
f 220/2013/4 219/2015/4 218/2014/4
f 223/85/4 222/2016/4 221/1127/4
f 225/2017/4 224/72/4 257/39/4
f 224/72/4 223/85/4 258/71/4
f 227/2018/4 226/2019/4 255/1639/4
f 226/2019/4 225/2017/4 256/2020/4
f 255/1639/4 226/2019/4 256/2020/4
f 229/2021/4 228/2022/4 252/2023/4
f 228/2022/4 227/2018/4 254/227/4
f 231/2024/4 230/2025/4 251/2026/4
f 230/2025/4 229/2021/4 252/2023/4
f 251/2026/4 230/2025/4 252/2023/4
f 233/2027/4 232/782/4 249/2028/4
f 232/782/4 231/2024/4 250/2029/4
f 249/2028/4 232/782/4 250/2029/4
f 228/2022/4 254/227/4 253/2030/4
f 223/85/4 221/1127/4 214/2031/4
f 221/1127/4 218/2014/4 217/2032/4
f 240/96/4 239/2033/4 238/2034/4
f 242/2035/4 241/354/4 243/2036/4
f 241/354/4 240/96/4 244/1052/4
f 243/2036/4 241/354/4 244/1052/4
f 240/96/4 238/2034/4 237/793/4
f 240/96/4 237/793/4 244/1052/4
f 244/1052/4 237/793/4 245/2037/4
f 237/793/4 236/2038/4 245/2037/4
f 245/2037/4 236/2038/4 246/2039/4
f 236/2038/4 235/238/4 246/2039/4
f 246/2039/4 235/238/4 234/2040/4
f 247/2041/4 246/2039/4 234/2040/4
f 247/2041/4 234/2040/4 233/2027/4
f 248/2042/4 247/2041/4 233/2027/4
f 221/1127/4 217/2032/4 216/295/4
f 221/1127/4 216/295/4 215/2043/4
f 248/2042/4 233/2027/4 249/2028/4
f 250/2029/4 231/2024/4 251/2026/4
f 221/1127/4 215/2043/4 214/2031/4
f 223/85/4 214/2031/4 213/2044/4
f 223/85/4 213/2044/4 212/925/4
f 253/2030/4 252/2023/4 228/2022/4
f 223/85/4 212/925/4 259/86/4
f 212/925/4 211/2045/4 259/86/4
f 255/1639/4 254/227/4 227/2018/4
f 206/2046/4 205/2047/4 204/1735/4
f 204/1735/4 203/1219/4 207/2048/4
f 203/1219/4 202/2049/4 201/2050/4
f 203/1219/4 201/2050/4 200/2051/4
f 207/2048/4 206/2046/4 204/1735/4
f 208/2052/4 207/2048/4 200/2051/4
f 208/2052/4 200/2051/4 199/2053/4
f 203/1219/4 200/2051/4 207/2048/4
f 208/2052/4 199/2053/4 209/2054/4
f 199/2053/4 198/988/4 209/2054/4
f 209/2054/4 198/988/4 197/2055/4
f 210/2056/4 209/2054/4 197/2055/4
f 210/2056/4 197/2055/4 196/2057/4
f 211/2045/4 210/2056/4 195/2058/4
f 210/2056/4 196/2057/4 195/2058/4
f 211/2045/4 195/2058/4 259/86/4
f 257/39/4 256/2020/4 225/2017/4
f 223/85/4 259/86/4 258/71/4
f 5888/73/2588 5892/2059/2589 5893/74/2590
f 5893/74/2591 5897/1771/2592 5901/183/2593
f 5901/183/2460 5900/20/15 5896/75/63
f 5896/75/63 5883/2060/2594 5884/1913/2169
f 5884/1913/2595 5887/2061/2596 5888/73/2597
f 5893/74/62 5901/183/2460 5896/75/63
f 5896/75/63 5884/1913/2169 5888/73/61
f 5545/76/803 5549/2062/2598 5550/77/2599
f 5550/77/1762 5554/1476/2600 5558/225/2601
f 5558/225/201 5557/1480/15 5553/78/63
f 5553/78/63 5540/2063/2602 5541/1365/803
f 5541/1365/2603 5544/2064/2604 5545/76/2605
f 5550/77/65 5558/225/201 5553/78/63
f 5553/78/63 5541/1365/803 5545/76/64
f 2531/2065/2606 2526/2066/2607 2532/80/67
f 2526/2066/2607 2523/325/316 2532/80/67
f 2532/80/67 2523/325/316 2524/81/68
f 2524/81/68 2529/1189/1316 2533/79/66
f 2529/1189/2608 2528/2067/2609 2533/79/2610
f 441/124/4 504/2068/4 462/2069/4
f 504/2068/4 503/419/4 463/418/4
f 462/2069/4 504/2068/4 463/418/4
f 503/419/4 502/2070/4 464/417/4
f 502/2070/4 501/2071/4 465/2072/4
f 501/2071/4 500/2073/4 465/2072/4
f 500/2073/4 499/2074/4 466/2075/4
f 465/2072/4 500/2073/4 466/2075/4
f 502/2070/4 465/2072/4 464/417/4
f 442/2076/4 441/124/4 462/2069/4
f 444/641/4 443/2077/4 461/643/4
f 443/2077/4 442/2076/4 461/643/4
f 446/2078/4 445/2079/4 458/2080/4
f 445/2079/4 444/641/4 460/642/4
f 448/2081/4 447/2082/4 456/2083/4
f 447/2082/4 446/2078/4 457/2084/4
f 456/2083/4 447/2082/4 457/2084/4
f 450/2085/4 449/2086/4 453/2087/4
f 449/2086/4 448/2081/4 454/2088/4
f 454/2088/4 448/2081/4 455/2089/4
f 452/2090/4 451/2091/4 453/2087/4
f 451/2091/4 450/2085/4 453/2087/4
f 455/2089/4 448/2081/4 456/2083/4
f 445/2079/4 460/642/4 459/2092/4
f 485/2093/4 484/2094/4 483/2095/4
f 483/2095/4 482/2096/4 485/2093/4
f 482/2096/4 481/2097/4 485/2093/4
f 481/2097/4 480/2098/4 486/2099/4
f 480/2098/4 479/2100/4 487/2101/4
f 479/2100/4 478/2102/4 489/2103/4
f 478/2102/4 477/2104/4 490/2105/4
f 479/2100/4 489/2103/4 488/2106/4
f 477/2104/4 476/2107/4 491/2108/4
f 476/2107/4 475/2109/4 492/2110/4
f 492/2110/4 475/2109/4 493/2111/4
f 475/2109/4 474/2112/4 493/2111/4
f 474/2112/4 473/2113/4 494/2114/4
f 473/2113/4 472/2115/4 495/2116/4
f 472/2115/4 471/2117/4 495/2116/4
f 471/2117/4 470/2118/4 496/2119/4
f 470/2118/4 469/82/4 497/84/4
f 471/2117/4 496/2119/4 495/2116/4
f 469/82/4 468/2120/4 498/83/4
f 468/2120/4 467/2121/4 499/2074/4
f 468/2120/4 499/2074/4 498/83/4
f 467/2121/4 466/2075/4 499/2074/4
f 474/2112/4 494/2114/4 493/2111/4
f 480/2098/4 487/2101/4 486/2099/4
f 486/2099/4 485/2093/4 481/2097/4
f 494/2114/4 473/2113/4 495/2116/4
f 488/2106/4 487/2101/4 479/2100/4
f 454/2088/4 453/2087/4 449/2086/4
f 444/641/4 461/643/4 460/642/4
f 461/643/4 442/2076/4 462/2069/4
f 489/2103/4 478/2102/4 490/2105/4
f 458/2080/4 457/2084/4 446/2078/4
f 491/2108/4 490/2105/4 477/2104/4
f 459/2092/4 458/2080/4 445/2079/4
f 492/2110/4 491/2108/4 476/2107/4
f 464/417/4 463/418/4 503/419/4
f 496/2119/4 470/2118/4 497/84/4
f 550/96/4 549/2033/4 548/2034/4
f 550/96/4 548/2034/4 547/793/4
f 552/2035/4 551/354/4 553/2036/4
f 551/354/4 550/96/4 554/1052/4
f 553/2036/4 551/354/4 554/1052/4
f 550/96/4 547/793/4 554/1052/4
f 554/1052/4 547/793/4 555/2037/4
f 547/793/4 546/2038/4 555/2037/4
f 555/2037/4 546/2038/4 556/2039/4
f 546/2038/4 545/238/4 556/2039/4
f 556/2039/4 545/238/4 544/2040/4
f 557/2041/4 556/2039/4 544/2040/4
f 543/2027/4 542/782/4 559/2028/4
f 542/782/4 541/2024/4 560/2029/4
f 559/2028/4 542/782/4 560/2029/4
f 557/2041/4 544/2040/4 543/2027/4
f 558/2042/4 557/2041/4 543/2027/4
f 541/2024/4 540/2025/4 561/2026/4
f 540/2025/4 539/2021/4 562/2023/4
f 539/2021/4 538/2022/4 562/2023/4
f 562/2023/4 538/2022/4 563/2030/4
f 538/2022/4 537/2018/4 564/227/4
f 537/2018/4 536/2019/4 565/1639/4
f 538/2022/4 564/227/4 563/2030/4
f 536/2019/4 535/2017/4 566/2020/4
f 535/2017/4 534/72/4 567/39/4
f 533/85/4 532/2016/4 531/1127/4
f 535/2017/4 567/39/4 566/2020/4
f 534/72/4 533/85/4 568/71/4
f 558/2042/4 543/2027/4 559/2028/4
f 560/2029/4 541/2024/4 561/2026/4
f 533/85/4 531/1127/4 524/2031/4
f 531/1127/4 530/2013/4 528/2014/4
f 527/2032/4 531/1127/4 528/2014/4
f 530/2013/4 529/2015/4 528/2014/4
f 531/1127/4 527/2032/4 526/295/4
f 531/1127/4 526/295/4 525/2043/4
f 531/1127/4 525/2043/4 524/2031/4
f 562/2023/4 561/2026/4 540/2025/4
f 533/85/4 524/2031/4 523/2044/4
f 533/85/4 523/2044/4 522/925/4
f 564/227/4 537/2018/4 565/1639/4
f 533/85/4 522/925/4 569/86/4
f 522/925/4 521/2045/4 569/86/4
f 566/2020/4 565/1639/4 536/2019/4
f 516/2046/4 515/2047/4 514/1735/4
f 514/1735/4 513/1219/4 517/2048/4
f 513/1219/4 512/2049/4 511/2050/4
f 513/1219/4 511/2050/4 510/2051/4
f 517/2048/4 516/2046/4 514/1735/4
f 518/2052/4 517/2048/4 510/2051/4
f 518/2052/4 510/2051/4 509/2053/4
f 513/1219/4 510/2051/4 517/2048/4
f 518/2052/4 509/2053/4 519/2054/4
f 509/2053/4 508/988/4 519/2054/4
f 519/2054/4 508/988/4 507/2055/4
f 520/2056/4 519/2054/4 507/2055/4
f 520/2056/4 507/2055/4 506/2057/4
f 521/2045/4 520/2056/4 505/2058/4
f 520/2056/4 506/2057/4 505/2058/4
f 568/71/4 567/39/4 534/72/4
f 521/2045/4 505/2058/4 569/86/4
f 2933/87/955 2934/1795/2611 2938/88/2612
f 6218/152/330 6219/151/2423 6221/92/74
f 6219/151/2423 6222/500/2613 6221/92/74
f 6222/500/2613 6225/90/72 6221/92/74
f 1190/95/75 1191/2122/75 1226/93/75
f 1191/2122/75 1192/407/75 1225/2123/75
f 1226/93/75 1191/2122/75 1225/2123/75
f 3560/96/76 3557/519/623 3558/10/5
f 4696/44/78 4693/1176/1296 4694/98/79
f 620/6/4 619/4/4 586/2124/4
f 586/2124/4 585/192/4 620/6/4
f 585/192/4 584/1932/4 622/194/4
f 620/6/4 585/192/4 621/193/4
f 584/1932/4 583/1933/4 623/1934/4
f 583/1933/4 582/1935/4 624/1936/4
f 623/1934/4 583/1933/4 624/1936/4
f 582/1935/4 581/1937/4 595/1938/4
f 581/1937/4 580/1939/4 596/195/4
f 595/1938/4 581/1937/4 596/195/4
f 580/1939/4 579/1267/4 597/1918/4
f 579/1267/4 578/1268/4 597/1918/4
f 597/1918/4 578/1268/4 598/1917/4
f 578/1268/4 577/1940/4 599/1941/4
f 577/1940/4 576/1942/4 601/9/4
f 578/1268/4 599/1941/4 598/1917/4
f 576/1942/4 575/1943/4 602/1944/4
f 575/1943/4 574/24/4 603/1930/4
f 603/1930/4 574/24/4 604/23/4
f 574/24/4 573/407/4 605/22/4
f 573/407/4 572/1945/4 607/93/4
f 606/408/4 573/407/4 607/93/4
f 572/1945/4 571/1946/4 608/94/4
f 571/1946/4 570/124/4 609/8/4
f 570/124/4 594/1947/4 610/1948/4
f 594/1947/4 593/1949/4 611/1950/4
f 610/1948/4 594/1947/4 611/1950/4
f 593/1949/4 592/1951/4 612/130/4
f 592/1951/4 591/132/4 612/130/4
f 591/132/4 590/1952/4 613/131/4
f 590/1952/4 589/1440/4 615/1953/4
f 614/1927/4 590/1952/4 615/1953/4
f 589/1440/4 588/1954/4 616/1925/4
f 588/1954/4 617/1924/4 616/1925/4
f 590/1952/4 614/1927/4 613/131/4
f 571/1946/4 609/8/4 608/94/4
f 609/8/4 570/124/4 610/1948/4
f 621/193/4 585/192/4 622/194/4
f 589/1440/4 616/1925/4 615/1953/4
f 623/1934/4 622/194/4 584/1932/4
f 591/132/4 613/131/4 612/130/4
f 624/1936/4 582/1935/4 595/1938/4
f 593/1949/4 612/130/4 611/1950/4
f 597/1918/4 596/195/4 580/1939/4
f 599/1941/4 577/1940/4 600/1916/4
f 600/1916/4 577/1940/4 601/9/4
f 572/1945/4 608/94/4 607/93/4
f 573/407/4 606/408/4 605/22/4
f 602/1944/4 601/9/4 576/1942/4
f 603/1930/4 602/1944/4 575/1943/4
f 660/2125/4 659/2126/4 658/2127/4
f 658/2127/4 657/303/4 661/2128/4
f 657/303/4 656/2129/4 655/302/4
f 657/303/4 655/302/4 654/301/4
f 661/2128/4 660/2125/4 658/2127/4
f 662/2130/4 661/2128/4 654/301/4
f 662/2130/4 654/301/4 653/2131/4
f 657/303/4 654/301/4 661/2128/4
f 662/2130/4 653/2131/4 663/2132/4
f 653/2131/4 652/2133/4 663/2132/4
f 663/2132/4 652/2133/4 651/2134/4
f 664/2135/4 663/2132/4 651/2134/4
f 664/2135/4 651/2134/4 650/2136/4
f 665/2137/4 664/2135/4 649/2138/4
f 664/2135/4 650/2136/4 649/2138/4
f 649/2138/4 676/2139/4 666/2140/4
f 676/2139/4 675/102/4 668/101/4
f 666/2140/4 676/2139/4 667/2141/4
f 666/2140/4 665/2137/4 649/2138/4
f 675/102/4 674/2142/4 672/2143/4
f 674/2142/4 673/2144/4 672/2143/4
f 667/2141/4 676/2139/4 668/101/4
f 675/102/4 672/2143/4 671/2145/4
f 675/102/4 671/2145/4 670/2146/4
f 675/102/4 670/2146/4 669/100/4
f 4258/53/81 4186/449/2405 4185/55/82
f 3261/104/84 3265/459/895 3269/105/85
f 3269/105/85 3268/2147/1266 3260/106/86
f 3260/106/86 3255/1138/1354 3261/104/84
f 3255/1138/1354 3256/460/2614 3261/104/84
f 3256/460/2615 3262/2148/2616 3261/104/2617
f 4314/10/87 4311/178/1750 4312/11/88
f 4224/107/90 4227/178/523 4226/108/91
f 4737/110/93 4734/63/56 4735/111/94
f 6181/113/96 6178/295/282 6179/114/97
f 4571/117/2618 4568/2149/2619 4564/118/2620
f 4564/118/101 4565/1292/15 4572/116/99
f 4565/1292/15 4573/254/229 4572/116/99
f 4417/119/102 4424/2150/2621 4428/120/103
f 4424/2150/2621 4429/2151/2622 4428/120/103
f 4428/120/2623 4423/2152/2624 4420/290/2625
f 4428/120/103 4420/290/266 4416/121/104
f 751/2153/4 750/2154/4 749/2155/4
f 749/2155/4 748/2156/4 747/123/4
f 747/123/4 746/430/4 741/124/4
f 746/430/4 745/2157/4 743/2158/4
f 745/2157/4 744/2159/4 743/2158/4
f 743/2158/4 742/2160/4 741/124/4
f 741/124/4 764/431/4 759/122/4
f 764/431/4 763/2161/4 759/122/4
f 763/2161/4 762/2162/4 761/2163/4
f 761/2163/4 760/2164/4 759/122/4
f 759/122/4 758/429/4 753/584/4
f 758/429/4 757/2165/4 755/2166/4
f 757/2165/4 756/2167/4 755/2166/4
f 755/2166/4 754/2168/4 753/584/4
f 753/584/4 752/2169/4 747/123/4
f 752/2169/4 751/2153/4 747/123/4
f 751/2153/4 749/2155/4 747/123/4
f 746/430/4 743/2158/4 741/124/4
f 763/2161/4 761/2163/4 759/122/4
f 758/429/4 755/2166/4 753/584/4
f 759/122/4 753/584/4 747/123/4
f 2847/127/107 2843/1112/780 2844/125/105
f 2844/125/105 2845/1428/1666 2848/126/106
f 5305/128/108 5306/1724/2173 5309/129/109
f 1491/1933/75 1492/1932/75 1530/1934/75
f 1492/1932/75 1493/192/75 1529/194/75
f 1493/192/75 1494/2124/75 1527/6/75
f 1494/2124/75 1495/334/75 1526/4/75
f 1493/192/75 1527/6/75 1528/193/75
f 1495/334/75 1496/1954/75 1525/335/75
f 1496/1954/75 1497/1440/75 1524/1955/75
f 1524/1955/75 1497/1440/75 1523/1925/75
f 1497/1440/75 1498/1952/75 1522/1953/75
f 1498/1952/75 1499/132/75 1520/131/75
f 1522/1953/75 1498/1952/75 1521/1927/75
f 1499/132/75 1500/1951/75 1519/130/75
f 1500/1951/75 1501/1949/75 1519/130/75
f 1519/130/75 1501/1949/75 1518/1950/75
f 1501/1949/75 1502/1947/75 1518/1950/75
f 1502/1947/75 1477/124/75 1517/1948/75
f 1477/124/75 1478/1946/75 1516/8/75
f 1478/1946/75 1479/1945/75 1515/94/75
f 1479/1945/75 1480/407/75 1514/93/75
f 1480/407/75 1481/24/75 1512/22/75
f 1514/93/75 1480/407/75 1513/408/75
f 1481/24/75 1482/1943/75 1510/1930/75
f 1482/1943/75 1483/1942/75 1509/1944/75
f 1483/1942/75 1484/1940/75 1508/9/75
f 1484/1940/75 1485/1268/75 1506/1941/75
f 1485/1268/75 1486/2170/75 1505/2171/75
f 1486/2170/75 1487/461/75 1504/1458/75
f 1505/2171/75 1486/2170/75 1504/1458/75
f 1505/2171/75 1506/1941/75 1485/1268/75
f 1484/1940/75 1506/1941/75 1507/1916/75
f 1478/1946/75 1515/94/75 1516/8/75
f 1502/1947/75 1517/1948/75 1518/1950/75
f 1523/1925/75 1497/1440/75 1522/1953/75
f 1492/1932/75 1529/194/75 1530/1934/75
f 1489/1937/75 1490/1935/75 1531/1936/75
f 1490/1935/75 1491/1933/75 1531/1936/75
f 1503/7/75 1488/1457/75 1489/1937/75
f 1531/1936/75 1503/7/75 1489/1937/75
f 1484/1940/75 1507/1916/75 1508/9/75
f 1530/1934/75 1531/1936/75 1491/1933/75
f 1483/1942/75 1508/9/75 1509/1944/75
f 1528/193/75 1529/194/75 1493/192/75
f 1482/1943/75 1509/1944/75 1510/1930/75
f 1527/6/75 1494/2124/75 1526/4/75
f 1481/24/75 1510/1930/75 1511/23/75
f 1481/24/75 1511/23/75 1512/22/75
f 1525/335/75 1526/4/75 1495/334/75
f 1512/22/75 1513/408/75 1480/407/75
f 1524/1955/75 1525/335/75 1496/1954/75
f 1479/1945/75 1514/93/75 1515/94/75
f 1521/1927/75 1498/1952/75 1520/131/75
f 1477/124/75 1516/8/75 1517/1948/75
f 4069/133/110 4066/1800/717 4067/134/111
f 6481/137/115 6485/508/1696 6483/136/113
f 6485/508/1696 6484/564/600 6483/136/113
f 3655/760/2626 3659/2172/2627 3663/138/2628
f 3663/138/116 3662/2173/2629 3658/2174/2630
f 3650/140/118 3655/760/902 3663/138/116
f 3663/138/116 3658/2174/2630 3649/139/117
f 3537/114/119 3536/295/1656 3533/141/120
f 6561/143/122 6564/1907/2479 6563/144/123
f 5280/145/125 5277/1378/2138 5278/146/126
f 5786/945/2412 5787/1829/841 5801/248/224
f 5790/150/2631 5791/946/2632 5786/945/2633
f 5795/149/2634 5796/2175/2635 5790/150/2636
f 5790/150/130 5786/945/2412 5801/248/224
f 5790/150/130 5801/248/224 5800/148/128
f 4009/151/131 4012/90/1621 4011/91/132
f 858/2176/4 857/2177/4 875/2178/4
f 857/2177/4 856/2179/4 876/2180/4
f 875/2178/4 857/2177/4 876/2180/4
f 866/2181/4 865/2182/4 864/2183/4
f 868/2184/4 867/2185/4 869/2186/4
f 867/2185/4 866/2181/4 870/2187/4
f 869/2186/4 867/2185/4 870/2187/4
f 866/2181/4 864/2183/4 863/2188/4
f 866/2181/4 863/2188/4 870/2187/4
f 870/2187/4 863/2188/4 871/2189/4
f 863/2188/4 862/2190/4 871/2189/4
f 871/2189/4 862/2190/4 872/2191/4
f 862/2190/4 861/2192/4 872/2191/4
f 872/2191/4 861/2192/4 860/2193/4
f 873/2194/4 872/2191/4 860/2193/4
f 873/2194/4 860/2193/4 859/2195/4
f 874/2196/4 873/2194/4 859/2195/4
f 874/2196/4 859/2195/4 858/2176/4
f 875/2178/4 874/2196/4 858/2176/4
f 876/2180/4 856/2179/4 820/2197/4
f 856/2179/4 855/2198/4 820/2197/4
f 840/2199/4 839/2200/4 838/2201/4
f 838/2201/4 837/2202/4 841/2203/4
f 837/2202/4 836/2204/4 835/2205/4
f 837/2202/4 835/2205/4 834/2206/4
f 841/2203/4 840/2199/4 838/2201/4
f 842/2207/4 841/2203/4 834/2206/4
f 842/2207/4 834/2206/4 833/2208/4
f 837/2202/4 834/2206/4 841/2203/4
f 842/2207/4 833/2208/4 843/2209/4
f 833/2208/4 832/2210/4 843/2209/4
f 843/2209/4 832/2210/4 831/2211/4
f 844/2212/4 843/2209/4 831/2211/4
f 830/2213/4 829/2214/4 846/2215/4
f 829/2214/4 828/2216/4 847/2217/4
f 846/2215/4 829/2214/4 847/2217/4
f 844/2212/4 831/2211/4 830/2213/4
f 845/2218/4 844/2212/4 830/2213/4
f 828/2216/4 827/2219/4 848/2220/4
f 827/2219/4 826/2221/4 849/2222/4
f 826/2221/4 825/2223/4 849/2222/4
f 849/2222/4 825/2223/4 850/2224/4
f 825/2223/4 824/2225/4 851/2226/4
f 824/2225/4 823/2227/4 852/2228/4
f 825/2223/4 851/2226/4 850/2224/4
f 823/2227/4 822/2229/4 853/2230/4
f 822/2229/4 821/2231/4 854/2232/4
f 820/2197/4 819/2233/4 877/2234/4
f 819/2233/4 818/2235/4 878/1298/4
f 822/2229/4 854/2232/4 853/2230/4
f 821/2231/4 820/2197/4 855/2198/4
f 845/2218/4 830/2213/4 846/2215/4
f 847/2217/4 828/2216/4 848/2220/4
f 819/2233/4 878/1298/4 877/2234/4
f 818/2235/4 817/1300/4 878/1298/4
f 817/1300/4 816/2236/4 879/1299/4
f 816/2236/4 815/154/4 880/153/4
f 879/1299/4 816/2236/4 880/153/4
f 815/154/4 814/2237/4 881/155/4
f 814/2237/4 813/2238/4 882/2239/4
f 881/155/4 814/2237/4 882/2239/4
f 813/2238/4 812/2240/4 882/2239/4
f 812/2240/4 811/2241/4 883/2242/4
f 810/169/4 809/2243/4 808/2244/4
f 812/2240/4 883/2242/4 882/2239/4
f 811/2241/4 810/169/4 884/171/4
f 810/169/4 808/2244/4 801/2245/4
f 808/2244/4 807/2246/4 805/2247/4
f 804/2248/4 808/2244/4 805/2247/4
f 807/2246/4 806/2249/4 805/2247/4
f 808/2244/4 804/2248/4 803/2250/4
f 808/2244/4 803/2250/4 802/2251/4
f 849/2222/4 848/2220/4 827/2219/4
f 808/2244/4 802/2251/4 801/2245/4
f 851/2226/4 824/2225/4 852/2228/4
f 853/2230/4 852/2228/4 823/2227/4
f 855/2198/4 854/2232/4 821/2231/4
f 894/2252/4 893/2253/4 892/2254/4
f 896/52/4 895/2255/4 793/2256/4
f 895/2255/4 894/2252/4 794/2257/4
f 793/2256/4 895/2255/4 794/2257/4
f 894/2252/4 892/2254/4 891/2258/4
f 894/2252/4 891/2258/4 794/2257/4
f 794/2257/4 891/2258/4 795/2259/4
f 891/2258/4 890/2260/4 795/2259/4
f 795/2259/4 890/2260/4 796/2261/4
f 890/2260/4 889/2262/4 796/2261/4
f 796/2261/4 889/2262/4 888/2263/4
f 797/2264/4 796/2261/4 888/2263/4
f 797/2264/4 888/2263/4 887/2265/4
f 798/2266/4 797/2264/4 886/2267/4
f 797/2264/4 887/2265/4 886/2267/4
f 799/2268/4 798/2266/4 885/170/4
f 798/2266/4 886/2267/4 885/170/4
f 810/169/4 801/2245/4 800/2269/4
f 800/2269/4 799/2268/4 810/169/4
f 799/2268/4 885/170/4 810/169/4
f 877/2234/4 876/2180/4 820/2197/4
f 811/2241/4 884/171/4 883/2242/4
f 810/169/4 885/170/4 884/171/4
f 879/1299/4 878/1298/4 817/1300/4
f 5453/156/134 5454/1847/2376 5457/157/135
f 2326/159/137 2323/409/1156 2324/160/138
f 5410/161/140 5407/925/971 5408/162/141
f 4093/760/2637 4097/2172/2638 4101/138/805
f 4101/138/143 4100/2173/2629 4096/2174/2639
f 4088/140/144 4093/760/804 4101/138/143
f 4101/138/143 4096/2174/2639 4087/139/117
f 2290/164/145 2291/91/1936 2294/165/146
f 6179/114/97 6178/295/282 6176/167/150
f 6178/295/282 6175/1209/2640 6176/167/150
f 6175/1209/2640 6172/141/148 6176/167/150
f 2475/168/151 2474/259/290 2471/91/152
f 942/2201/4 941/2202/4 945/2203/4
f 941/2202/4 940/2204/4 939/2205/4
f 941/2202/4 939/2205/4 938/2206/4
f 944/2199/4 943/2200/4 942/2201/4
f 945/2203/4 944/2199/4 942/2201/4
f 941/2202/4 938/2206/4 945/2203/4
f 938/2206/4 937/2208/4 946/2207/4
f 945/2203/4 938/2206/4 946/2207/4
f 946/2207/4 937/2208/4 947/2209/4
f 937/2208/4 936/2210/4 947/2209/4
f 947/2209/4 936/2210/4 935/2211/4
f 948/2212/4 947/2209/4 935/2211/4
f 934/2213/4 933/2214/4 950/2215/4
f 933/2214/4 932/2216/4 951/2217/4
f 950/2215/4 933/2214/4 951/2217/4
f 948/2212/4 935/2211/4 934/2213/4
f 949/2218/4 948/2212/4 934/2213/4
f 932/2216/4 931/2219/4 952/2220/4
f 931/2219/4 930/2221/4 953/2222/4
f 930/2221/4 929/2223/4 953/2222/4
f 953/2222/4 929/2223/4 954/2224/4
f 929/2223/4 928/2225/4 955/2226/4
f 928/2225/4 927/2227/4 956/2228/4
f 929/2223/4 955/2226/4 954/2224/4
f 927/2227/4 926/2229/4 957/2230/4
f 926/2229/4 925/2231/4 958/2232/4
f 924/2197/4 923/2233/4 981/2234/4
f 923/2233/4 922/2235/4 982/1298/4
f 982/1298/4 921/1300/4 983/1299/4
f 926/2229/4 958/2232/4 957/2230/4
f 925/2231/4 924/2197/4 959/2198/4
f 949/2218/4 934/2213/4 950/2215/4
f 951/2217/4 932/2216/4 952/2220/4
f 921/1300/4 982/1298/4 922/2235/4
f 983/1299/4 921/1300/4 920/2236/4
f 920/2236/4 919/154/4 984/153/4
f 919/154/4 918/2237/4 985/155/4
f 918/2237/4 917/2238/4 986/2239/4
f 985/155/4 918/2237/4 986/2239/4
f 917/2238/4 916/2240/4 986/2239/4
f 916/2240/4 915/2241/4 987/2242/4
f 914/169/4 913/2243/4 912/2244/4
f 916/2240/4 987/2242/4 986/2239/4
f 915/2241/4 914/169/4 988/171/4
f 920/2236/4 984/153/4 983/1299/4
f 984/153/4 919/154/4 985/155/4
f 914/169/4 912/2244/4 905/2245/4
f 912/2244/4 911/2246/4 909/2247/4
f 908/2248/4 912/2244/4 909/2247/4
f 911/2246/4 910/2249/4 909/2247/4
f 912/2244/4 908/2248/4 907/2250/4
f 912/2244/4 907/2250/4 906/2251/4
f 953/2222/4 952/2220/4 931/2219/4
f 912/2244/4 906/2251/4 905/2245/4
f 955/2226/4 928/2225/4 956/2228/4
f 957/2230/4 956/2228/4 927/2227/4
f 959/2198/4 958/2232/4 925/2231/4
f 962/2176/4 961/2177/4 979/2178/4
f 961/2177/4 960/2179/4 980/2180/4
f 979/2178/4 961/2177/4 980/2180/4
f 960/2179/4 959/2198/4 924/2197/4
f 914/169/4 905/2245/4 904/2269/4
f 914/169/4 904/2269/4 903/2268/4
f 960/2179/4 924/2197/4 980/2180/4
f 914/169/4 903/2268/4 989/170/4
f 903/2268/4 902/2266/4 989/170/4
f 970/2181/4 969/2182/4 968/2183/4
f 972/2184/4 971/2185/4 973/2186/4
f 971/2185/4 970/2181/4 974/2187/4
f 973/2186/4 971/2185/4 974/2187/4
f 970/2181/4 968/2183/4 967/2188/4
f 970/2181/4 967/2188/4 974/2187/4
f 974/2187/4 967/2188/4 975/2189/4
f 967/2188/4 966/2190/4 975/2189/4
f 975/2189/4 966/2190/4 976/2191/4
f 966/2190/4 965/2192/4 976/2191/4
f 976/2191/4 965/2192/4 964/2193/4
f 977/2194/4 976/2191/4 964/2193/4
f 977/2194/4 964/2193/4 963/2195/4
f 978/2196/4 977/2194/4 963/2195/4
f 978/2196/4 963/2195/4 962/2176/4
f 979/2178/4 978/2196/4 962/2176/4
f 897/2256/4 1000/52/4 999/2255/4
f 999/2255/4 998/2252/4 898/2257/4
f 998/2252/4 997/2253/4 996/2254/4
f 998/2252/4 996/2254/4 995/2258/4
f 898/2257/4 897/2256/4 999/2255/4
f 899/2259/4 898/2257/4 995/2258/4
f 899/2259/4 995/2258/4 994/2260/4
f 998/2252/4 995/2258/4 898/2257/4
f 899/2259/4 994/2260/4 900/2261/4
f 994/2260/4 993/2262/4 900/2261/4
f 900/2261/4 993/2262/4 992/2263/4
f 901/2264/4 900/2261/4 992/2263/4
f 901/2264/4 992/2263/4 991/2265/4
f 902/2266/4 901/2264/4 990/2267/4
f 901/2264/4 991/2265/4 990/2267/4
f 902/2266/4 990/2267/4 989/170/4
f 981/2234/4 980/2180/4 924/2197/4
f 982/1298/4 981/2234/4 923/2233/4
f 915/2241/4 988/171/4 987/2242/4
f 2670/281/2641 2675/2270/2642 2676/172/2642
f 2665/1661/2643 2669/2271/2644 2670/281/2645
f 2674/2272/2646 2664/1662/2297 2665/1661/2296
f 2674/2272/2646 2665/1661/2296 2683/1054/1135
f 2665/1661/2296 2670/281/2647 2683/1054/1135
f 2684/174/155 2683/1054/1135 2670/281/2647
f 2684/174/155 2670/281/2647 2676/172/153
f 3436/175/156 3439/700/2648 3438/176/157
f 3555/178/159 3554/108/622 3551/109/160
f 3127/2273/2649 3128/2274/2650 3130/181/164
f 3128/2274/2650 3131/1465/1724 3130/181/164
f 3131/1465/1724 3134/179/162 3130/181/164
f 5902/184/167 5911/2275/2651 5910/182/165
f 5910/182/2652 5904/2276/2653 5901/183/2654
f 1035/23/4 1034/1930/4 1005/24/4
f 1034/1930/4 1006/1943/4 1005/24/4
f 6558/185/168 6561/143/122 6560/136/124
f 4326/187/170 4327/274/900 4330/188/171
f 3990/107/161 3987/205/2655 3988/190/173
f 1224/22/75 1225/2123/75 1192/407/75
f 1192/407/75 1193/24/75 1224/22/75
f 1193/24/75 1194/1943/75 1222/1930/75
f 1224/22/75 1193/24/75 1223/23/75
f 1194/1943/75 1195/1942/75 1221/1944/75
f 1195/1942/75 1196/1940/75 1220/9/75
f 1221/1944/75 1195/1942/75 1220/9/75
f 1196/1940/75 1197/1268/75 1218/1941/75
f 1197/1268/75 1198/1267/75 1216/1918/75
f 1198/1267/75 1199/1939/75 1216/1918/75
f 1199/1939/75 1200/1937/75 1215/195/75
f 1216/1918/75 1199/1939/75 1215/195/75
f 1200/1937/75 1201/1935/75 1214/1938/75
f 1201/1935/75 1202/1933/75 1243/1936/75
f 1202/1933/75 1203/1932/75 1242/1934/75
f 1203/1932/75 1204/192/75 1241/194/75
f 1204/192/75 1205/2124/75 1239/6/75
f 1205/2124/75 1206/334/75 1238/4/75
f 1206/334/75 1207/1954/75 1237/335/75
f 1207/1954/75 1208/1440/75 1236/1955/75
f 1237/335/75 1207/1954/75 1236/1955/75
f 1208/1440/75 1209/1952/75 1234/1953/75
f 1209/1952/75 1210/132/75 1232/131/75
f 1210/132/75 1211/1951/75 1231/130/75
f 1211/1951/75 1212/1949/75 1231/130/75
f 1212/1949/75 1213/1947/75 1230/1950/75
f 1213/1947/75 1188/124/75 1229/1948/75
f 1188/124/75 1189/1946/75 1228/8/75
f 1189/1946/75 1190/95/75 1227/94/75
f 1228/8/75 1189/1946/75 1227/94/75
f 1228/8/75 1229/1948/75 1188/124/75
f 1213/1947/75 1229/1948/75 1230/1950/75
f 1209/1952/75 1232/131/75 1233/1927/75
f 1232/131/75 1210/132/75 1231/130/75
f 1205/2124/75 1238/4/75 1239/6/75
f 1201/1935/75 1243/1936/75 1214/1938/75
f 1203/1932/75 1241/194/75 1242/1934/75
f 1197/1268/75 1216/1918/75 1217/1917/75
f 1223/23/75 1193/24/75 1222/1930/75
f 1221/1944/75 1222/1930/75 1194/1943/75
f 1212/1949/75 1230/1950/75 1231/130/75
f 1209/1952/75 1233/1927/75 1234/1953/75
f 1219/1916/75 1220/9/75 1196/1940/75
f 1218/1941/75 1219/1916/75 1196/1940/75
f 1208/1440/75 1234/1953/75 1235/1925/75
f 1217/1917/75 1218/1941/75 1197/1268/75
f 1208/1440/75 1235/1925/75 1236/1955/75
f 1206/334/75 1237/335/75 1238/4/75
f 1214/1938/75 1215/195/75 1200/1937/75
f 1204/192/75 1239/6/75 1240/193/75
f 1242/1934/75 1243/1936/75 1202/1933/75
f 1122/195/75 1123/1918/75 1124/1917/75
f 1124/1917/75 1125/1916/75 1122/195/75
f 1125/1916/75 1126/9/75 1122/195/75
f 1126/9/75 1127/1929/75 1133/8/75
f 1127/1929/75 1128/1930/75 1130/408/75
f 1128/1930/75 1129/23/75 1130/408/75
f 1130/408/75 1131/93/75 1127/1929/75
f 1131/93/75 1132/94/75 1127/1929/75
f 1132/94/75 1133/8/75 1127/1929/75
f 1133/8/75 1134/1928/75 1146/52/75
f 1126/9/75 1133/8/75 1121/7/75
f 1134/1928/75 1135/1920/75 1145/1919/75
f 1135/1920/75 1136/1923/75 1144/1921/75
f 1144/1921/75 1136/1923/75 1141/406/75
f 1136/1923/75 1137/1926/75 1140/1924/75
f 1137/1926/75 1138/1927/75 1139/1925/75
f 1140/1924/75 1137/1926/75 1139/1925/75
f 1140/1924/75 1141/406/75 1136/1923/75
f 1141/406/75 1142/6/75 1143/1922/75
f 1143/1922/75 1144/1921/75 1141/406/75
f 1144/1921/75 1145/1919/75 1135/1920/75
f 1145/1919/75 1146/52/75 1134/1928/75
f 1146/52/75 1121/7/75 1133/8/75
f 2579/553/581 2580/994/842 2581/198/177
f 2580/994/842 2584/196/175 2581/198/177
f 3022/201/2656 3021/1139/2036 3014/199/767
f 3021/1139/2036 3013/723/224 3014/199/767
f 2792/202/2262 2793/1254/1430 2797/203/2166
f 2354/205/184 2353/450/522 2350/206/185
f 1254/2277/75 1255/2278/75 1253/2279/75
f 1255/2278/75 1256/2280/75 1259/2281/75
f 1253/2279/75 1255/2278/75 1252/2282/75
f 1256/2280/75 1257/2283/75 1258/2284/75
f 1256/2280/75 1258/2284/75 1259/2281/75
f 1252/2282/75 1255/2278/75 1259/2281/75
f 1259/2281/75 1260/2285/75 1252/2282/75
f 1251/2286/75 1252/2282/75 1260/2285/75
f 1251/2286/75 1260/2285/75 1261/2287/75
f 1250/2288/75 1251/2286/75 1261/2287/75
f 1250/2288/75 1261/2287/75 1249/2289/75
f 1261/2287/75 1262/2290/75 1249/2289/75
f 1249/2289/75 1262/2290/75 1248/2291/75
f 1262/2290/75 1263/2292/75 1247/2293/75
f 1248/2291/75 1262/2290/75 1247/2293/75
f 1264/2294/75 1265/2295/75 1266/2296/75
f 1244/124/75 1245/2297/75 1289/52/75
f 1245/2297/75 1246/2298/75 1289/52/75
f 1246/2298/75 1247/2293/75 1263/2292/75
f 1264/2294/75 1266/2296/75 1267/2299/75
f 1246/2298/75 1263/2292/75 1264/2294/75
f 1289/52/75 1246/2298/75 1267/2299/75
f 1246/2298/75 1264/2294/75 1267/2299/75
f 1267/2299/75 1268/2300/75 1289/52/75
f 1268/2300/75 1269/2301/75 1288/2302/75
f 1269/2301/75 1270/2303/75 1287/2304/75
f 1288/2302/75 1269/2301/75 1287/2304/75
f 1270/2303/75 1271/1425/75 1286/1424/75
f 1271/1425/75 1272/210/75 1285/209/75
f 1286/1424/75 1271/1425/75 1285/209/75
f 1272/210/75 1273/2305/75 1284/208/75
f 1273/2305/75 1274/2306/75 1282/2307/75
f 1282/2307/75 1274/2306/75 1281/2308/75
f 1274/2306/75 1275/2309/75 1280/2310/75
f 1275/2309/75 1276/2311/75 1279/2312/75
f 1280/2310/75 1275/2309/75 1279/2312/75
f 1276/2311/75 1277/2313/75 1279/2312/75
f 1277/2313/75 1278/2314/75 1279/2312/75
f 1281/2308/75 1274/2306/75 1280/2310/75
f 1288/2302/75 1289/52/75 1268/2300/75
f 1287/2304/75 1270/2303/75 1286/1424/75
f 1273/2305/75 1282/2307/75 1283/2315/75
f 1273/2305/75 1283/2315/75 1284/208/75
f 2217/213/189 2214/2316/2657 2215/1775/2255
f 2215/1775/2255 2218/2317/2658 2217/213/189
f 2218/2317/2658 2221/211/187 2217/213/189
f 4941/214/190 4942/515/525 4945/215/191
f 5976/2318/2659 5974/1003/2660 5977/219/195
f 5974/1003/2660 5968/2319/2661 5969/217/193
f 5974/1003/2660 5969/217/193 5977/219/195
f 5970/218/2662 5973/2320/2663 5977/219/2664
f 4840/221/197 4839/1368/1586 4836/222/198
f 4836/222/198 4833/2321/2665 4837/220/196
f 4833/2321/2665 4834/1088/1172 4837/220/196
f 5565/1420/776 5557/1480/15 5566/224/200
f 5557/1480/15 5558/225/201 5566/224/200
f 5558/225/2666 5561/1484/2667 5567/223/2668
f 4179/226/176 4182/1225/1393 4181/227/202
f 2595/229/204 2598/405/867 2597/230/205
f 3862/232/207 3859/1055/1136 3860/233/208
f 5877/235/210 5874/1820/2331 5875/236/211
f 5440/238/213 5441/791/1370 5444/239/214
f 2420/142/216 2419/141/148 2416/241/217
f 6032/243/219 6033/477/471 6035/1840/2367
f 6033/477/471 6036/1225/2366 6035/1840/2367
f 6039/1858/2393 6042/2322/2669 6038/244/220
f 6042/2322/2669 6041/245/221 6038/244/220
f 6032/243/219 6035/1840/2367 6038/244/220
f 4606/1129/2670 4610/2323/2671 4611/246/2672
f 4601/3/2673 4605/2324/2674 4606/1129/2675
f 4614/248/224 4600/1829/616 4601/3/3
f 4614/248/224 4601/3/3 4606/1129/2676
f 4614/248/224 4606/1129/2676 4611/246/222
f 5777/249/112 5780/309/291 5779/250/225
f 3199/174/228 3200/2325/2677 3209/252/226
f 3209/252/226 3208/1106/1205 3202/253/227
f 4573/254/229 4583/845/780 4578/255/230
f 4583/845/780 4582/403/437 4578/255/230
f 4578/255/2678 4577/2326/2679 4572/116/2680
f 4082/360/808 4081/257/3 4077/256/1
f 4081/257/3 4080/774/821 4076/258/231
f 5041/91/152 5042/90/72 5045/168/232
f 6384/2327/2681 6379/2328/2682 6385/261/235
f 6379/2328/2682 6376/1666/1431 6385/261/235
f 6385/261/235 6376/1666/1431 6377/262/236
f 6377/262/236 6382/2329/1961 6386/260/234
f 6382/2329/2683 6381/2330/2684 6386/260/2685
f 4095/265/239 4098/753/800 4103/954/1257
f 4103/954/1257 4102/263/237 4095/265/239
f 5534/268/242 5535/1653/2686 5486/449/2006
f 5485/266/240 5484/55/2157 5533/267/241
f 5534/268/242 5486/449/2006 5485/266/240
f 3911/270/244 3912/1371/1591 3915/271/245
f 3915/271/245 3918/1303/1483 3917/1345/1548
f 3917/1345/1548 3914/269/243 3915/271/245
f 2805/2331/2687 2806/2332/2688 2810/2333/2689
f 2806/2332/2690 2816/2334/2691 2810/2333/2692
f 2815/835/878 2809/834/877 2810/2333/2692
f 2820/836/879 2815/835/878 2810/2333/2692
f 2810/2333/2692 2816/2334/2691 2825/272/246
f 2820/836/879 2810/2333/2692 2825/272/246
f 2819/273/248 2820/836/879 2825/272/246
f 3999/97/77 4000/517/1374 4003/274/249
f 4559/1678/2473 4558/1679/2474 4554/277/253
f 4558/1679/2474 4545/275/251 4554/277/253
f 4545/275/251 4546/343/1989 4550/276/252
f 4546/343/2693 4551/2335/2694 4550/276/2695
f 4550/276/252 4555/2336/1155 4554/277/2696
f 5229/278/254 5226/532/1701 5227/279/255
f 3191/172/2697 3190/2270/2698 3185/281/2699
f 3186/282/259 3195/2337/2700 3191/172/257
f 3195/2337/2700 3200/2325/2677 3194/173/1567
f 3191/172/257 3195/2337/2700 3194/173/1567
f 3200/2325/2677 3199/174/228 3194/173/1567
f 6136/283/260 6137/259/307 6140/284/261
f 6100/286/263 6101/564/1493 6104/207/186
f 2592/287/264 2595/229/204 2594/231/206
f 1664/2338/75 1697/408/75 1663/2122/75
f 1697/408/75 1698/93/75 1663/2122/75
f 1698/93/75 1699/94/75 1662/95/75
f 1662/95/75 1663/2122/75 1698/93/75
f 1685/2339/75 1661/289/75 1700/8/75
f 1661/289/75 1662/95/75 1699/94/75
f 1700/8/75 1701/1948/75 1685/2339/75
f 4411/1831/2701 4415/2340/2702 4416/121/2703
f 4406/1502/2704 4410/2341/2705 4411/1831/2706
f 4419/291/238 4405/1796/841 4406/1502/619
f 4419/291/238 4406/1502/619 4411/1831/2707
f 4419/291/238 4411/1831/2707 4416/121/104
f 5323/292/267 5320/673/714 5321/293/268
f 2338/141/270 2339/142/506 2342/114/271
f 5605/298/275 5606/291/224 5614/296/273
f 5613/297/2708 5609/2342/2709 5605/298/2710
f 4713/299/276 4714/720/764 4717/42/277
f 5785/300/279 5786/945/2412 5790/150/280
f 5795/149/129 5794/795/1349 5785/300/279
f 1880/2144/75 1881/2142/75 1879/2143/75
f 1881/2142/75 1882/102/75 1879/2143/75
f 1882/102/75 1883/2139/75 1875/101/75
f 1883/2139/75 1856/2138/75 1873/2140/75
f 1878/2145/75 1879/2143/75 1882/102/75
f 1877/2146/75 1878/2145/75 1882/102/75
f 1876/100/75 1877/2146/75 1882/102/75
f 1875/101/75 1876/100/75 1882/102/75
f 1874/2141/75 1875/101/75 1883/2139/75
f 1873/2140/75 1874/2141/75 1883/2139/75
f 1872/2137/75 1873/2140/75 1856/2138/75
f 1871/2135/75 1872/2137/75 1856/2138/75
f 1871/2135/75 1856/2138/75 1857/2136/75
f 1870/2132/75 1871/2135/75 1858/2134/75
f 1871/2135/75 1857/2136/75 1858/2134/75
f 1869/2130/75 1870/2132/75 1860/2131/75
f 1870/2132/75 1858/2134/75 1859/2133/75
f 1870/2132/75 1859/2133/75 1860/2131/75
f 1868/2128/75 1869/2130/75 1861/301/75
f 1869/2130/75 1860/2131/75 1861/301/75
f 1865/2127/75 1866/2126/75 1867/2125/75
f 1867/2125/75 1868/2128/75 1865/2127/75
f 1868/2128/75 1861/301/75 1864/303/75
f 1864/303/75 1865/2127/75 1868/2128/75
f 1862/302/75 1863/2129/75 1864/303/75
f 2426/114/281 2429/115/98 2428/113/96
f 1927/2204/75 1928/2202/75 1926/2205/75
f 1928/2202/75 1929/2201/75 1932/2203/75
f 1926/2205/75 1928/2202/75 1925/2206/75
f 1929/2201/75 1930/2200/75 1931/2199/75
f 1929/2201/75 1931/2199/75 1932/2203/75
f 1925/2206/75 1928/2202/75 1932/2203/75
f 1932/2203/75 1933/2207/75 1925/2206/75
f 1924/2208/75 1925/2206/75 1933/2207/75
f 1924/2208/75 1933/2207/75 1934/2209/75
f 1923/2210/75 1924/2208/75 1934/2209/75
f 1923/2210/75 1934/2209/75 1922/2211/75
f 1934/2209/75 1935/2212/75 1922/2211/75
f 1922/2211/75 1935/2212/75 1921/2213/75
f 1935/2212/75 1936/2218/75 1921/2213/75
f 1919/2216/75 1920/2214/75 1938/2217/75
f 1920/2214/75 1921/2213/75 1937/2215/75
f 1921/2213/75 1936/2218/75 1937/2215/75
f 1918/2219/75 1919/2216/75 1939/2220/75
f 1920/2214/75 1937/2215/75 1938/2217/75
f 1916/2223/75 1917/2221/75 1940/2222/75
f 1917/2221/75 1918/2219/75 1940/2222/75
f 1914/2227/75 1915/2225/75 1943/2228/75
f 1915/2225/75 1916/2223/75 1942/2226/75
f 1941/2224/75 1916/2223/75 1940/2222/75
f 1912/2231/75 1913/2229/75 1945/2232/75
f 1913/2229/75 1914/2227/75 1944/2230/75
f 1945/2232/75 1913/2229/75 1944/2230/75
f 1909/2235/75 1910/2233/75 1969/1298/75
f 1910/2233/75 1911/2197/75 1968/2234/75
f 1969/1298/75 1910/2233/75 1968/2234/75
f 1911/2197/75 1912/2231/75 1946/2198/75
f 1916/2223/75 1941/2224/75 1942/2226/75
f 1919/2216/75 1938/2217/75 1939/2220/75
f 1908/1300/75 1909/2235/75 1969/1298/75
f 1906/154/75 1907/2236/75 1971/153/75
f 1907/2236/75 1908/1300/75 1970/1299/75
f 1971/153/75 1907/2236/75 1970/1299/75
f 1904/2238/75 1905/2237/75 1973/2239/75
f 1905/2237/75 1906/154/75 1972/155/75
f 1902/2241/75 1903/2240/75 1974/2242/75
f 1903/2240/75 1904/2238/75 1973/2239/75
f 1974/2242/75 1903/2240/75 1973/2239/75
f 1899/2244/75 1900/2243/75 1901/169/75
f 1901/169/75 1902/2241/75 1975/171/75
f 1975/171/75 1902/2241/75 1974/2242/75
f 1905/2237/75 1972/155/75 1973/2239/75
f 1906/154/75 1971/153/75 1972/155/75
f 1898/2246/75 1899/2244/75 1896/2247/75
f 1899/2244/75 1901/169/75 1892/2245/75
f 1895/2248/75 1899/2244/75 1894/2250/75
f 1918/2219/75 1939/2220/75 1940/2222/75
f 1896/2247/75 1897/2249/75 1898/2246/75
f 1895/2248/75 1896/2247/75 1899/2244/75
f 1894/2250/75 1899/2244/75 1893/2251/75
f 1893/2251/75 1899/2244/75 1892/2245/75
f 1915/2225/75 1942/2226/75 1943/2228/75
f 1914/2227/75 1943/2228/75 1944/2230/75
f 1912/2231/75 1945/2232/75 1946/2198/75
f 1911/2197/75 1946/2198/75 1947/2179/75
f 1947/2179/75 1948/2177/75 1967/2180/75
f 1948/2177/75 1949/2176/75 1966/2178/75
f 1911/2197/75 1947/2179/75 1967/2180/75
f 1948/2177/75 1966/2178/75 1967/2180/75
f 1891/2269/75 1892/2245/75 1901/169/75
f 1890/2268/75 1891/2269/75 1901/169/75
f 1955/2183/75 1956/2182/75 1957/2181/75
f 1957/2181/75 1958/2185/75 1961/2187/75
f 1958/2185/75 1959/2184/75 1960/2186/75
f 1958/2185/75 1960/2186/75 1961/2187/75
f 1954/2188/75 1955/2183/75 1957/2181/75
f 1954/2188/75 1957/2181/75 1961/2187/75
f 1953/2190/75 1954/2188/75 1962/2189/75
f 1954/2188/75 1961/2187/75 1962/2189/75
f 1952/2192/75 1953/2190/75 1963/2191/75
f 1953/2190/75 1962/2189/75 1963/2191/75
f 1951/2193/75 1952/2192/75 1963/2191/75
f 1951/2193/75 1963/2191/75 1964/2194/75
f 1950/2195/75 1951/2193/75 1964/2194/75
f 1950/2195/75 1964/2194/75 1965/2196/75
f 1949/2176/75 1950/2195/75 1965/2196/75
f 1949/2176/75 1965/2196/75 1966/2178/75
f 1889/2266/75 1890/2268/75 1976/170/75
f 1890/2268/75 1901/169/75 1976/170/75
f 1986/2255/75 1987/52/75 1884/2256/75
f 1984/2253/75 1985/2252/75 1983/2254/75
f 1985/2252/75 1986/2255/75 1885/2257/75
f 1983/2254/75 1985/2252/75 1982/2258/75
f 1982/2258/75 1985/2252/75 1885/2257/75
f 1986/2255/75 1884/2256/75 1885/2257/75
f 1885/2257/75 1886/2259/75 1982/2258/75
f 1982/2258/75 1886/2259/75 1981/2260/75
f 1980/2262/75 1981/2260/75 1887/2261/75
f 1981/2260/75 1886/2259/75 1887/2261/75
f 1979/2263/75 1980/2262/75 1887/2261/75
f 1979/2263/75 1887/2261/75 1888/2264/75
f 1978/2265/75 1979/2263/75 1888/2264/75
f 1978/2265/75 1888/2264/75 1977/2267/75
f 1888/2264/75 1889/2266/75 1977/2267/75
f 1911/2197/75 1967/2180/75 1968/2234/75
f 1976/170/75 1977/2267/75 1889/2266/75
f 1969/1298/75 1970/1299/75 1908/1300/75
f 5871/55/2332 5870/52/285 6067/305/284
f 5870/52/285 6065/1873/2425 6066/304/283
f 5844/308/288 5841/1091/2711 5842/306/286
f 5841/1091/2711 5838/1578/1907 5842/306/286
f 5838/1578/1907 5839/1000/1379 5842/306/286
f 2473/283/289 2470/164/2051 2471/91/152
f 4593/309/291 4592/250/225 4589/251/110
f 2824/49/2712 2828/1957/2713 2831/48/2574
f 2831/48/292 2830/2343/2587 2823/310/293
f 3161/311/294 3164/17/12 3163/312/295
f 5598/1831/2714 5602/2340/2715 5603/121/2716
f 5593/1502/2717 5597/2341/2718 5598/1831/2719
f 5606/291/224 5592/1796/2275 5593/1502/1729
f 5606/291/224 5593/1502/1729 5598/1831/2707
f 5606/291/224 5598/1831/2707 5603/121/297
f 4516/314/299 4519/1506/2108 4518/315/300
f 3657/265/304 3660/753/1007 3665/954/1006
f 3665/954/1006 3664/263/302 3657/265/304
f 6137/259/307 6134/499/1622 6135/317/305
f 6134/499/1622 6131/92/1072 6135/317/305
f 6131/92/1072 6132/500/1071 6135/317/305
f 2644/320/310 2647/705/752 2643/1477/1764
f 2647/705/752 2646/311/294 2643/1477/1764
f 2643/1477/1764 2640/318/308 2644/320/310
f 4380/223/2720 4381/1483/226 4390/1147/2721
f 4379/224/313 4380/223/2720 4390/1147/2721
f 4384/322/2722 4385/2344/2723 4379/224/1140
f 4379/224/313 4390/1147/2721 4389/321/311
f 2523/325/316 2517/2345/2724 2505/948/1650
f 2517/2345/2724 2504/2346/2629 2505/948/1650
f 2505/948/2725 2509/2347/2726 2513/323/2727
f 2509/2347/2726 2510/2348/2728 2513/323/2727
f 2519/1570/2729 2522/2349/2730 2524/81/68
f 2514/324/2731 2518/2350/2732 2519/1570/2733
f 2514/324/315 2519/1570/2729 2524/81/68
f 2523/325/316 2505/948/1650 2513/323/314
f 2514/324/315 2524/81/68 2523/325/316
f 6206/97/318 6205/96/2734 6202/327/319
f 6202/327/319 6199/519/1278 6203/326/317
f 6199/519/1278 6200/10/1277 6203/326/317
f 6255/328/320 6258/1745/2207 6257/329/321
f 5220/331/323 5217/356/347 5218/332/324
f 1037/408/4 1036/22/4 1004/407/4
f 1036/22/4 1005/24/4 1004/407/4
f 1004/407/4 1003/1945/4 1038/93/4
f 1003/1945/4 1002/1946/4 1039/94/4
f 1002/1946/4 1001/124/4 1040/8/4
f 1039/94/4 1002/1946/4 1040/8/4
f 1001/124/4 1025/1947/4 1041/1948/4
f 1025/1947/4 1024/1949/4 1042/1950/4
f 1024/1949/4 1023/1951/4 1043/130/4
f 1023/1951/4 1022/132/4 1043/130/4
f 1024/1949/4 1043/130/4 1042/1950/4
f 1022/132/4 1021/1952/4 1044/131/4
f 1021/1952/4 1020/1440/4 1046/1953/4
f 1020/1440/4 1019/1954/4 1048/1955/4
f 1019/1954/4 1018/334/4 1049/335/4
f 1020/1440/4 1048/1955/4 1047/1925/4
f 1018/334/4 1017/2124/4 1050/4/4
f 1017/2124/4 1016/192/4 1051/6/4
f 1051/6/4 1016/192/4 1052/193/4
f 1016/192/4 1015/1932/4 1053/194/4
f 1015/1932/4 1014/1933/4 1054/1934/4
f 1053/194/4 1015/1932/4 1054/1934/4
f 1014/1933/4 1013/1935/4 1055/1936/4
f 1013/1935/4 1012/1937/4 1026/1938/4
f 1012/1937/4 1011/1939/4 1027/195/4
f 1011/1939/4 1010/1267/4 1028/1918/4
f 1027/195/4 1011/1939/4 1028/1918/4
f 1010/1267/4 1009/1268/4 1028/1918/4
f 1009/1268/4 1008/1940/4 1030/1941/4
f 1008/1940/4 1007/1942/4 1032/9/4
f 1007/1942/4 1006/1943/4 1033/1944/4
f 1032/9/4 1007/1942/4 1033/1944/4
f 1006/1943/4 1034/1930/4 1033/1944/4
f 1009/1268/4 1030/1941/4 1029/1917/4
f 1013/1935/4 1026/1938/4 1055/1936/4
f 1052/193/4 1016/192/4 1053/194/4
f 1021/1952/4 1046/1953/4 1045/1927/4
f 1025/1947/4 1042/1950/4 1041/1948/4
f 1004/407/4 1038/93/4 1037/408/4
f 1038/93/4 1003/1945/4 1039/94/4
f 1008/1940/4 1032/9/4 1031/1916/4
f 1008/1940/4 1031/1916/4 1030/1941/4
f 1009/1268/4 1029/1917/4 1028/1918/4
f 1041/1948/4 1040/8/4 1001/124/4
f 1012/1937/4 1027/195/4 1026/1938/4
f 1044/131/4 1043/130/4 1022/132/4
f 1045/1927/4 1044/131/4 1021/1952/4
f 1014/1933/4 1055/1936/4 1054/1934/4
f 1047/1925/4 1046/1953/4 1020/1440/4
f 1048/1955/4 1019/1954/4 1049/335/4
f 1017/2124/4 1051/6/4 1050/4/4
f 3169/338/328 3166/16/11 3170/706/753
f 3166/16/11 3167/18/13 3170/706/753
f 3170/706/753 3173/336/326 3169/338/328
f 6224/91/73 6223/164/2051 6221/92/74
f 6223/164/2051 6220/522/2735 6221/92/74
f 6220/522/2735 6217/339/329 6221/92/74
f 2463/188/331 2466/151/2423 2465/152/332
f 5697/340/334 5696/1525/2299 5693/341/335
f 5732/275/251 5729/344/338 5733/343/337
f 5729/344/338 5730/1355/1561 5734/345/339
f 4287/142/149 4284/242/218 4285/346/340
f 2109/334/75 2142/4/75 2108/2124/75
f 2142/4/75 2143/6/75 2108/2124/75
f 2143/6/75 2144/193/75 2107/192/75
f 2108/2124/75 2143/6/75 2107/192/75
f 2105/1933/75 2106/1932/75 2146/1934/75
f 2106/1932/75 2107/192/75 2145/194/75
f 2103/1937/75 2104/1935/75 2118/1938/75
f 2104/1935/75 2105/1933/75 2147/1936/75
f 2118/1938/75 2104/1935/75 2147/1936/75
f 2101/1267/75 2102/1939/75 2120/1918/75
f 2102/1939/75 2103/1937/75 2119/195/75
f 2099/1940/75 2100/1268/75 2122/1941/75
f 2100/1268/75 2101/1267/75 2120/1918/75
f 2122/1941/75 2100/1268/75 2121/1917/75
f 2097/1943/75 2098/1942/75 2125/1944/75
f 2098/1942/75 2099/1940/75 2124/9/75
f 2124/9/75 2099/1940/75 2123/1916/75
f 2095/407/75 2096/24/75 2128/22/75
f 2096/24/75 2097/1943/75 2126/1930/75
f 2127/23/75 2096/24/75 2126/1930/75
f 2093/1946/75 2094/1945/75 2131/94/75
f 2094/1945/75 2095/407/75 2130/93/75
f 2117/1947/75 2092/124/75 2133/1948/75
f 2092/124/75 2093/1946/75 2132/8/75
f 2133/1948/75 2092/124/75 2132/8/75
f 2115/1951/75 2116/1949/75 2135/130/75
f 2116/1949/75 2117/1947/75 2134/1950/75
f 2113/1952/75 2114/132/75 2136/131/75
f 2114/132/75 2115/1951/75 2135/130/75
f 2136/131/75 2114/132/75 2135/130/75
f 2111/1954/75 2112/1440/75 2140/1955/75
f 2112/1440/75 2113/1952/75 2138/1953/75
f 2141/335/75 2110/1041/75 2111/1954/75
f 2140/1955/75 2141/335/75 2111/1954/75
f 2112/1440/75 2138/1953/75 2139/1925/75
f 2138/1953/75 2113/1952/75 2137/1927/75
f 2116/1949/75 2134/1950/75 2135/130/75
f 2123/1916/75 2099/1940/75 2122/1941/75
f 2102/1939/75 2119/195/75 2120/1918/75
f 2106/1932/75 2145/194/75 2146/1934/75
f 2107/192/75 2144/193/75 2145/194/75
f 2139/1925/75 2140/1955/75 2112/1440/75
f 2137/1927/75 2113/1952/75 2136/131/75
f 2105/1933/75 2146/1934/75 2147/1936/75
f 2103/1937/75 2118/1938/75 2119/195/75
f 2133/1948/75 2134/1950/75 2117/1947/75
f 2120/1918/75 2121/1917/75 2100/1268/75
f 2131/94/75 2132/8/75 2093/1946/75
f 2130/93/75 2131/94/75 2094/1945/75
f 2098/1942/75 2124/9/75 2125/1944/75
f 2129/408/75 2130/93/75 2095/407/75
f 2097/1943/75 2125/1944/75 2126/1930/75
f 2128/22/75 2129/408/75 2095/407/75
f 2169/2351/75 2170/2352/75 2171/2353/75
f 2172/2354/75 2173/2355/75 2169/2351/75
f 2173/2355/75 2174/2356/75 2167/2357/75
f 2168/2358/75 2173/2355/75 2167/2357/75
f 2174/2356/75 2175/2359/75 2166/2360/75
f 2175/2359/75 2176/2361/75 2165/2362/75
f 2166/2360/75 2175/2359/75 2165/2362/75
f 2176/2361/75 2177/2363/75 2164/2364/75
f 2177/2363/75 2178/2365/75 2164/2364/75
f 2178/2365/75 2179/2366/75 2163/2367/75
f 2179/2366/75 2180/350/75 2162/349/75
f 2163/2367/75 2179/2366/75 2162/349/75
f 2180/350/75 2181/915/75 2161/348/75
f 2181/915/75 2182/2368/75 2160/914/75
f 2182/2368/75 2183/2369/75 2159/2370/75
f 2183/2369/75 2184/2371/75 2158/2372/75
f 2159/2370/75 2183/2369/75 2158/2372/75
f 2184/2371/75 2185/2373/75 2157/2374/75
f 2185/2373/75 2186/52/75 2155/2375/75
f 2186/52/75 2148/2376/75 2154/2377/75
f 2148/2376/75 2149/2378/75 2152/2379/75
f 2149/2378/75 2150/2380/75 2152/2379/75
f 2150/2380/75 2151/2381/75 2152/2379/75
f 2181/915/75 2160/914/75 2161/348/75
f 2164/2364/75 2178/2365/75 2163/2367/75
f 2169/2351/75 2171/2353/75 2172/2354/75
f 2168/2358/75 2169/2351/75 2173/2355/75
f 2148/2376/75 2152/2379/75 2153/2382/75
f 2148/2376/75 2153/2382/75 2154/2377/75
f 2186/52/75 2154/2377/75 2155/2375/75
f 2167/2357/75 2174/2356/75 2166/2360/75
f 2185/2373/75 2155/2375/75 2156/2383/75
f 2185/2373/75 2156/2383/75 2157/2374/75
f 2164/2364/75 2165/2362/75 2176/2361/75
f 2184/2371/75 2157/2374/75 2158/2372/75
f 2182/2368/75 2159/2370/75 2160/914/75
f 2957/353/1762 2958/2384/2346 2965/351/689
f 2958/2384/2346 2966/2385/2736 2965/351/689
f 776/2125/4 775/2126/4 774/2127/4
f 774/2127/4 773/303/4 777/2128/4
f 773/303/4 772/2129/4 771/302/4
f 773/303/4 771/302/4 770/301/4
f 777/2128/4 776/2125/4 774/2127/4
f 778/2130/4 777/2128/4 770/301/4
f 778/2130/4 770/301/4 769/2131/4
f 773/303/4 770/301/4 777/2128/4
f 778/2130/4 769/2131/4 779/2132/4
f 769/2131/4 768/2133/4 779/2132/4
f 779/2132/4 768/2133/4 767/2134/4
f 780/2135/4 779/2132/4 767/2134/4
f 780/2135/4 767/2134/4 766/2136/4
f 781/2137/4 780/2135/4 765/2138/4
f 780/2135/4 766/2136/4 765/2138/4
f 765/2138/4 792/2139/4 782/2140/4
f 792/2139/4 791/102/4 784/101/4
f 782/2140/4 792/2139/4 783/2141/4
f 782/2140/4 781/2137/4 765/2138/4
f 791/102/4 790/2142/4 788/2143/4
f 790/2142/4 789/2144/4 788/2143/4
f 783/2141/4 792/2139/4 784/101/4
f 791/102/4 788/2143/4 787/2145/4
f 791/102/4 787/2145/4 786/2146/4
f 791/102/4 786/2146/4 785/100/4
f 5216/354/345 5213/1252/1428 5214/355/346
f 2262/357/348 2258/1825/2339 2259/358/349
f 5937/360/351 5947/969/773 5946/464/456
f 5946/464/297 5945/2386/2737 5941/361/2738
f 5941/361/2739 5940/2387/2740 5936/257/2741
f 5937/360/351 5946/464/456 5941/361/352
f 2710/362/225 2707/524/110 2708/363/112
f 2196/365/354 2193/1867/2401 2194/366/355
f 2196/365/354 2197/367/356 2200/368/357
f 2203/370/359 2202/2388/2742 2199/369/358
f 2199/369/358 2200/368/357 2204/371/360
f 4625/1495/2731 4626/2389/2743 4629/373/2744
f 4630/1574/2745 4634/2390/2746 4635/880/2747
f 4621/372/2748 4625/1495/2731 4629/373/2744
f 4633/2391/2749 4620/2392/2750 4621/372/361
f 4640/879/923 4639/374/363 4630/1574/2260
f 4639/374/363 4633/2391/2749 4621/372/361
f 4630/1574/2260 4639/374/363 4629/373/362
f 4635/880/2751 4638/2393/2752 4640/879/2753
f 4630/1574/2260 4635/880/2754 4640/879/923
f 2203/370/359 2204/371/360 2208/375/1951
f 6140/284/261 6137/259/307 6138/168/306
f 5353/378/2755 5349/2394/2756 5350/379/2757
f 6266/2395/2758 6265/1887/2442 6263/383/373
f 6265/1887/2442 6262/2396/2759 6263/383/373
f 6262/2396/2759 6259/381/371 6263/383/373
f 5346/384/374 5344/1028/1104 5345/1027/1103
f 5345/1027/1103 5348/2397/2760 5346/384/374
f 5348/2397/2760 5356/1728/2177 5355/385/375
f 5355/385/2761 5351/2398/2762 5350/379/2763
f 5348/2397/2760 5355/385/375 5346/384/374
f 4779/386/376 4778/1335/1536 4775/387/377
f 5394/389/379 5393/1466/1725 5390/390/380
f 6598/392/382 6599/13/2016 6602/393/383
f 6153/395/385 6156/428/554 6155/41/386
f 1166/2399/75 1167/2400/75 1165/2401/75
f 1167/2400/75 1168/2402/75 1165/2401/75
f 1168/2402/75 1169/2403/75 1170/2404/75
f 1168/2402/75 1170/2404/75 1171/2405/75
f 1164/2406/75 1165/2401/75 1168/2402/75
f 1168/2402/75 1171/2405/75 1164/2406/75
f 1171/2405/75 1172/2407/75 1164/2406/75
f 1163/2408/75 1164/2406/75 1172/2407/75
f 1163/2408/75 1172/2407/75 1162/2409/75
f 1172/2407/75 1173/2410/75 1162/2409/75
f 1162/2409/75 1173/2410/75 1161/2411/75
f 1173/2410/75 1174/2412/75 1161/2411/75
f 1161/2411/75 1174/2412/75 1160/2413/75
f 1174/2412/75 1175/2414/75 1159/2415/75
f 1160/2413/75 1174/2412/75 1159/2415/75
f 1158/2416/75 1159/2415/75 1175/2414/75
f 1158/2416/75 1175/2414/75 1176/2417/75
f 1158/2416/75 1176/2417/75 1187/52/75
f 1176/2417/75 1177/2418/75 1186/2419/75
f 1187/52/75 1176/2417/75 1186/2419/75
f 1177/2418/75 1178/2420/75 1186/2419/75
f 1182/2421/75 1183/2422/75 1184/2423/75
f 1184/2423/75 1185/2424/75 1182/2421/75
f 1185/2424/75 1186/2419/75 1178/2420/75
f 1182/2421/75 1185/2424/75 1181/2425/75
f 1187/52/75 1147/2426/75 1156/396/75
f 1147/2426/75 1148/2427/75 1154/2428/75
f 1156/396/75 1147/2426/75 1155/2429/75
f 1181/2425/75 1185/2424/75 1180/2430/75
f 1180/2430/75 1185/2424/75 1179/2431/75
f 1148/2427/75 1149/2432/75 1154/2428/75
f 1179/2431/75 1185/2424/75 1178/2420/75
f 1155/2429/75 1147/2426/75 1154/2428/75
f 1149/2432/75 1150/2433/75 1153/2434/75
f 1150/2433/75 1151/2435/75 1153/2434/75
f 1151/2435/75 1152/2436/75 1153/2434/75
f 1153/2434/75 1154/2428/75 1149/2432/75
f 1157/397/75 1158/2416/75 1187/52/75
f 2226/398/388 2229/114/1281 2228/295/389
f 2237/400/391 2238/1290/1466 2241/401/392
f 5768/1062/978 5757/2437/2764 5758/117/1235
f 5759/116/2765 5764/2326/2766 5765/255/2767
f 5768/1062/978 5758/117/1235 5759/116/394
f 5769/403/396 5768/1062/978 5759/116/394
f 3110/229/397 3111/659/1069 3114/404/398
f 618/406/4 617/1924/4 587/334/4
f 617/1924/4 588/1954/4 587/334/4
f 587/334/4 586/2124/4 619/4/4
f 407/1951/4 406/132/4 427/130/4
f 406/132/4 405/1952/4 428/131/4
f 405/1952/4 404/1440/4 430/1953/4
f 404/1440/4 403/1954/4 432/1955/4
f 430/1953/4 404/1440/4 431/1925/4
f 403/1954/4 402/1041/4 433/335/4
f 403/1954/4 433/335/4 432/1955/4
f 406/132/4 428/131/4 427/130/4
f 409/1947/4 408/1949/4 426/1950/4
f 408/1949/4 407/1951/4 427/130/4
f 385/1946/4 384/124/4 424/8/4
f 384/124/4 409/1947/4 425/1948/4
f 424/8/4 384/124/4 425/1948/4
f 387/407/4 386/1945/4 422/93/4
f 386/1945/4 385/1946/4 423/94/4
f 422/93/4 386/1945/4 423/94/4
f 389/1943/4 388/24/4 418/1930/4
f 388/24/4 387/407/4 420/22/4
f 418/1930/4 388/24/4 419/23/4
f 391/1940/4 390/1942/4 416/9/4
f 390/1942/4 389/1943/4 417/1944/4
f 391/1940/4 416/9/4 415/1916/4
f 393/1267/4 392/1268/4 412/1918/4
f 392/1268/4 391/1940/4 414/1941/4
f 395/1937/4 394/1939/4 411/195/4
f 394/1939/4 393/1267/4 412/1918/4
f 411/195/4 394/1939/4 412/1918/4
f 397/1933/4 396/1935/4 440/1936/4
f 396/1935/4 395/1937/4 410/1938/4
f 438/1921/4 398/1442/4 439/1934/4
f 398/1442/4 397/1933/4 439/1934/4
f 396/1935/4 410/1938/4 440/1936/4
f 410/1938/4 395/1937/4 411/195/4
f 392/1268/4 414/1941/4 413/1917/4
f 432/1955/4 431/1925/4 404/1440/4
f 440/1936/4 439/1934/4 397/1933/4
f 405/1952/4 430/1953/4 429/1927/4
f 405/1952/4 429/1927/4 428/131/4
f 413/1917/4 412/1918/4 392/1268/4
f 408/1949/4 427/130/4 426/1950/4
f 415/1916/4 414/1941/4 391/1940/4
f 409/1947/4 426/1950/4 425/1948/4
f 416/9/4 390/1942/4 417/1944/4
f 424/8/4 423/94/4 385/1946/4
f 418/1930/4 417/1944/4 389/1943/4
f 387/407/4 422/93/4 421/408/4
f 419/23/4 388/24/4 420/22/4
f 3518/409/400 3519/160/1064 3522/41/38
f 2246/410/402 2247/771/818 2250/411/403
f 2240/402/393 2241/401/392 2244/413/405
f 2252/415/407 2249/412/404 2250/411/403
f 721/2093/4 720/2094/4 719/2095/4
f 719/2095/4 718/2096/4 721/2093/4
f 718/2096/4 717/2097/4 721/2093/4
f 717/2097/4 716/2098/4 722/2099/4
f 716/2098/4 715/2100/4 723/2101/4
f 715/2100/4 714/2102/4 725/2103/4
f 714/2102/4 713/2104/4 726/2105/4
f 715/2100/4 725/2103/4 724/2106/4
f 713/2104/4 712/2107/4 727/2108/4
f 712/2107/4 711/2109/4 728/2110/4
f 728/2110/4 711/2109/4 729/2111/4
f 711/2109/4 710/2112/4 729/2111/4
f 710/2112/4 709/2113/4 730/2114/4
f 709/2113/4 708/2115/4 731/2116/4
f 708/2115/4 707/2117/4 731/2116/4
f 707/2117/4 706/2118/4 732/2119/4
f 706/2118/4 705/82/4 733/84/4
f 707/2117/4 732/2119/4 731/2116/4
f 705/82/4 704/2120/4 734/83/4
f 704/2120/4 703/2121/4 735/2074/4
f 704/2120/4 735/2074/4 734/83/4
f 703/2121/4 702/2075/4 735/2074/4
f 710/2112/4 730/2114/4 729/2111/4
f 716/2098/4 723/2101/4 722/2099/4
f 722/2099/4 721/2093/4 717/2097/4
f 730/2114/4 709/2113/4 731/2116/4
f 724/2106/4 723/2101/4 715/2100/4
f 689/2087/4 688/2090/4 687/2091/4
f 687/2091/4 686/2085/4 689/2087/4
f 686/2085/4 685/2086/4 689/2087/4
f 685/2086/4 684/2081/4 690/2088/4
f 684/2081/4 683/2082/4 692/2083/4
f 683/2082/4 682/2078/4 693/2084/4
f 682/2078/4 681/2079/4 694/2080/4
f 694/2080/4 681/2079/4 695/2092/4
f 681/2079/4 680/641/4 695/2092/4
f 680/641/4 679/2077/4 696/2438/4
f 695/2092/4 680/641/4 696/2438/4
f 679/2077/4 678/2076/4 697/2439/4
f 678/2076/4 677/124/4 697/2439/4
f 677/124/4 740/2068/4 698/2440/4
f 740/2068/4 739/419/4 699/418/4
f 698/2440/4 740/2068/4 699/418/4
f 739/419/4 738/2070/4 700/417/4
f 738/2070/4 737/2071/4 701/2072/4
f 737/2071/4 736/2073/4 701/2072/4
f 736/2073/4 735/2074/4 702/2075/4
f 738/2070/4 701/2072/4 700/417/4
f 736/2073/4 702/2075/4 701/2072/4
f 697/2439/4 677/124/4 698/2440/4
f 690/2088/4 689/2087/4 685/2086/4
f 725/2103/4 714/2102/4 726/2105/4
f 691/2089/4 690/2088/4 684/2081/4
f 692/2083/4 691/2089/4 684/2081/4
f 727/2108/4 726/2105/4 713/2104/4
f 693/2084/4 692/2083/4 683/2082/4
f 728/2110/4 727/2108/4 712/2107/4
f 694/2080/4 693/2084/4 682/2078/4
f 732/2119/4 706/2118/4 733/84/4
f 734/83/4 733/84/4 705/82/4
f 696/2438/4 679/2077/4 697/2439/4
f 6459/540/2768 6458/41/410 6460/420/409
f 6458/41/410 6455/1328/1527 6456/421/411
f 5494/967/2769 5493/461/453 5492/424/414
f 5493/461/453 5490/2441/2770 5487/422/412
f 5492/424/414 5493/461/453 5487/422/412
f 5490/2441/2770 5482/124/2771 5487/422/412
f 5482/124/2771 5483/2442/2159 5487/422/412
f 5103/427/2772 5102/1102/2773 5099/2443/2774
f 5099/2443/2775 5100/1803/2292 5103/427/417
f 5100/1803/2292 5101/2444/2776 5105/2445/2777
f 5105/2445/2777 5107/1207/2777 5114/425/415
f 5107/1207/2777 5116/551/2778 5115/662/700
f 5114/425/2779 5110/2446/2780 5109/426/2781
f 5107/1207/2777 5115/662/700 5114/425/415
f 5100/1803/2292 5105/2445/2777 5103/427/417
f 5103/427/417 5105/2445/2777 5114/425/415
f 4894/160/138 4895/395/487 4898/428/418
f 634/2154/4 633/2155/4 632/2156/4
f 632/2156/4 631/123/4 634/2154/4
f 631/123/4 630/430/4 636/2169/4
f 634/2154/4 631/123/4 636/2169/4
f 630/430/4 629/2157/4 628/2159/4
f 628/2159/4 627/2158/4 626/2160/4
f 626/2160/4 625/124/4 630/430/4
f 625/124/4 648/431/4 630/430/4
f 648/431/4 647/2161/4 646/2162/4
f 646/2162/4 645/2163/4 644/2164/4
f 644/2164/4 643/122/4 646/2162/4
f 643/122/4 642/429/4 648/431/4
f 646/2162/4 643/122/4 648/431/4
f 642/429/4 641/2165/4 640/2167/4
f 640/2167/4 639/2166/4 638/2168/4
f 638/2168/4 637/584/4 642/429/4
f 637/584/4 636/2169/4 642/429/4
f 636/2169/4 635/2153/4 634/2154/4
f 630/430/4 628/2159/4 626/2160/4
f 642/429/4 640/2167/4 638/2168/4
f 642/429/4 636/2169/4 630/430/4
f 5153/434/2782 5156/1022/433 5148/432/1822
f 5156/1022/433 5155/1125/635 5147/1757/2227
f 5148/432/1822 5156/1022/433 5147/1757/2227
f 5155/1125/635 5146/2447/2783 5147/1757/2227
f 2191/435/422 2192/2448/2784 2195/436/423
f 2267/442/429 2266/437/424 2263/359/350
f 2266/437/424 2261/1826/2340 2262/357/348
f 2268/440/427 2267/442/429 2263/359/350
f 2263/359/350 2264/438/425 2268/440/427
f 2269/441/428 2266/437/424 2267/442/429
f 3728/445/432 3729/1575/657 3735/1418/1657
f 3735/1418/1657 3734/446/433 3728/445/432
f 3734/446/433 3731/632/1495 3727/444/431
f 3731/632/2785 3732/633/2786 3727/444/2787
f 5205/447/434 5206/1748/2211 5209/157/435
f 4581/1062/978 4570/2437/2788 4571/117/100
f 4581/1062/978 4571/117/100 4572/116/99
f 4582/403/437 4581/1062/978 4572/116/99
f 4194/41/139 4197/42/494 4196/40/438
f 5872/449/440 5871/55/2332 6067/305/284
f 6068/448/439 6069/1835/2357 5872/449/440
f 4217/206/185 4218/207/186 4221/205/184
f 6325/453/444 6324/1454/1709 6321/451/442
f 6324/1454/1709 6320/1456/1711 6321/451/442
f 2276/454/445 2279/457/448 2278/455/446
f 2279/457/448 2282/913/962 2281/458/449
f 2746/104/2789 2747/2148/2790 2741/460/2791
f 2741/460/452 2742/2449/2792 2751/2450/2793
f 2741/460/452 2751/2450/2793 2750/459/450
f 5493/461/453 5494/967/2769 5497/462/454
f 5949/466/224 5935/774/2794 5936/257/353
f 5949/466/224 5936/257/353 5941/361/2795
f 5949/466/224 5941/361/2795 5946/464/456
f 3423/467/458 3424/897/946 3427/468/459
f 2301/2451/2796 2300/950/1002 2297/470/461
f 2297/470/461 2294/165/146 2295/471/462
f 2298/472/463 2301/2451/2796 2297/470/461
f 5308/31/23 5311/33/25 5310/473/464
f 3513/55/466 3582/103/1150 3583/53/467
f 6030/475/469 6031/2452/2797 6034/476/470
f 3823/478/472 3822/1192/1511 3819/479/473
f 2922/481/475 2921/175/552 2918/482/476
f 6054/484/478 6055/1860/2395 6058/485/479
f 2663/1220/2439 2664/1662/2297 2674/2272/2646
f 2672/488/2798 2673/2453/2799 2667/1221/2800
f 2667/1221/2801 2668/2454/2802 2663/1220/2803
f 2663/1220/2439 2674/2272/2646 2683/1054/1135
f 2667/1221/2804 2663/1220/2439 2683/1054/1135
f 2672/488/483 2667/1221/2804 2683/1054/1135
f 2672/488/483 2683/1054/1135 2682/61/481
f 4053/75/229 4063/1185/780 4058/489/484
f 4063/1185/780 4062/1392/1619 4058/489/484
f 4058/489/2805 4057/2455/2806 4052/490/2807
f 4891/51/486 4892/501/1188 4895/395/487
f 5674/2456/2783 5665/2457/2808 5670/493/490
f 5665/2457/2808 5666/976/1692 5670/493/490
f 5675/492/489 5674/2456/2783 5670/493/490
f 4307/109/1749 4304/450/493 4308/107/492
f 4304/450/493 4301/206/1463 4305/205/491
f 4301/206/1463 4302/207/940 4305/205/491
f 2329/40/438 2326/159/137 2327/41/139
f 2330/42/494 2331/46/1712 2334/494/495
f 4905/241/497 4902/521/1201 4903/495/496
f 5075/496/499 5080/2458/2809 5079/497/500
f 6518/499/502 6515/92/2501 6516/500/503
f 2340/347/505 2343/551/1337 2342/114/271
f 2318/50/82 2319/54/2405 2322/501/507
f 6098/115/508 6097/113/1642 6094/295/272
f 3857/502/509 3860/233/208 3859/1055/1136
f 3859/1055/1136 3856/503/510 3857/502/509
f 3856/503/510 3853/668/708 3854/504/511
f 3881/505/512 3880/1090/1181 3877/506/513
f 4921/207/186 4918/564/794 4919/508/515
f 2354/205/184 2351/207/186 2352/509/516
f 5455/510/518 5452/1475/1758 5453/156/134
f 3283/511/519 3282/2459/2810 3279/512/520
f 6107/205/184 6110/107/90 6109/109/92
f 4929/108/91 4926/109/92 4927/107/90
f 4237/514/524 4240/518/531 4239/515/525
f 4227/178/523 4228/11/1225 4231/12/527
f 2366/97/530 2363/10/528 2367/517/529
f 2363/10/528 2364/12/527 2367/517/529
f 2367/517/529 2370/514/524 2369/516/526
f 4942/515/525 4939/516/526 4940/514/524
f 2362/519/532 2359/108/91 2360/178/533
f 2397/501/534 2400/395/1733 2399/160/535
f 4238/214/190 4239/515/525 4242/215/191
f 2413/521/539 2410/1517/2811 2411/520/537
f 2410/1517/2811 2407/40/2812 2411/520/537
f 2407/40/2812 2408/42/1734 2411/520/537
f 2375/215/191 2378/92/1072 2377/522/540
f 3220/523/107 3223/363/112 3222/524/110
f 2386/285/262 2387/284/1471 2390/103/83
f 3930/527/543 3931/1063/2410 3934/528/544
f 4185/55/82 4184/52/1070 4256/526/542
f 5468/530/546 5467/1752/2217 5464/531/547
f 6142/526/542 6143/103/83 6071/55/549
f 2925/533/551 2924/700/747 2921/175/552
f 4972/41/386 4969/160/535 4970/395/553
f 4968/409/555 4969/160/535 4972/41/386
f 3770/534/557 3767/855/897 3768/535/558
f 5366/537/560 5367/1836/2359 5370/538/561
f 4276/46/564 4275/42/1817 4272/540/565
f 4272/540/565 4269/41/386 4270/428/554
f 4270/428/554 4273/420/563 4272/540/565
f 6412/541/566 6426/977/1495 6421/979/1042
f 6426/977/2813 6425/2460/2814 6421/979/2815
f 6421/979/1042 6420/1677/2092 6416/1676/2091
f 6412/541/566 6421/979/1042 6416/1676/2091
f 6412/541/566 6416/1676/2091 6415/542/567
f 4986/241/217 4983/521/539 4984/495/538
f 2418/346/569 2421/347/341 2420/142/216
f 4986/241/217 4987/242/218 4990/142/216
f 5830/544/570 5827/879/1828 5831/545/571
f 5827/879/1828 5828/1608/1966 5831/545/571
f 5831/545/571 5834/996/1056 5833/546/572
f 3326/694/738 3327/830/873 3332/829/872
f 3326/694/738 3332/829/872 3336/547/573
f 3321/2332/2816 3322/2461/2817 3326/694/2818
f 3340/272/1908 3331/2334/2819 3326/694/738
f 3331/2334/2819 3321/2332/2820 3326/694/738
f 3340/272/1908 3326/694/738 3336/547/573
f 3341/549/575 3340/272/1908 3336/547/573
f 4294/551/577 4293/114/281 4290/167/578
f 4290/167/578 4287/142/149 4288/347/341
f 4288/347/341 4291/550/576 4290/167/578
f 2426/114/281 2427/551/1739 2430/137/579
f 4996/114/281 4997/551/577 5000/137/579
f 2575/552/580 2576/595/433 2579/553/581
f 4772/555/583 4773/960/1534 4776/388/378
f 4317/326/317 4314/10/87 4315/12/89
f 4315/12/89 4318/1122/2318 4317/326/317
f 4318/1122/2318 4321/517/584 4317/326/317
f 4309/191/2043 4308/107/492 4306/190/586
f 4308/107/492 4305/205/491 4306/190/586
f 4305/205/491 4302/207/940 4303/509/585
f 6523/392/587 6524/13/8 6527/393/383
f 3723/557/589 3718/1238/1688 3719/1445/1038
f 3723/557/589 3719/1445/1038 3729/1575/657
f 3723/557/589 3729/1575/657 3728/445/432
f 2444/178/590 2441/107/492 2442/191/591
f 4325/558/594 4322/1048/1631 4323/516/593
f 4322/1048/1631 4319/96/2821 4320/97/318
f 4323/516/593 4322/1048/1631 4320/97/318
f 6278/559/595 6279/1151/1255 6281/1620/1993
f 6279/1151/1255 6282/2462/2822 6281/1620/1993
f 6281/1620/2823 6285/2463/2824 6284/560/2825
f 6289/561/597 6288/1749/2212 6278/559/595
f 6284/560/2826 6290/2464/2827 6289/561/2828
f 6278/559/595 6281/1620/1993 6284/560/596
f 4326/187/170 4329/189/172 4328/562/598
f 6487/144/1695 6486/1915/2495 6484/564/600
f 6486/1915/2495 6482/563/599 6484/564/600
f 2465/152/332 2464/339/329 2461/562/601
f 4870/529/602 4873/1472/1745 4872/565/603
f 5323/292/267 5324/294/269 5326/569/607
f 5324/294/269 5327/567/605 5326/569/607
f 5327/567/605 5330/1586/1918 5329/568/606
f 3573/91/132 3572/164/2829 3569/339/608
f 3461/570/893 3465/2465/2830 3464/571/2831
f 3464/571/2832 3470/2466/2833 3469/1644/2834
f 3469/1644/2048 3468/1649/1455 3458/572/611
f 3458/572/611 3459/1211/1358 3461/570/609
f 3459/1211/1358 3462/2467/2835 3461/570/609
f 3464/571/610 3469/1644/2048 3458/572/611
f 2476/285/612 2473/283/289 2474/259/290
f 2479/526/614 2476/285/612 2477/284/613
f 2998/575/617 2997/579/279 3509/1206/1258
f 3509/1206/1258 3510/573/231 2998/575/617
f 6339/576/351 6349/730/773 6348/731/775
f 6348/731/2836 6347/2468/2837 6343/577/2838
f 6343/577/2839 6342/2469/2840 6338/578/2841
f 6339/576/351 6348/731/775 6343/577/618
f 2482/579/279 2483/575/1418 2487/580/620
f 2483/575/617 2488/2470/2842 2487/580/1169
f 2487/580/2843 2493/2471/2844 2492/581/2845
f 2492/581/621 2491/949/117 2482/579/279
f 3992/108/622 3993/178/795 3996/10/5
f 2741/460/2846 2740/1138/1246 2733/582/1461
f 2740/1138/1246 2732/1210/1462 2733/582/1461
f 1840/2155/75 1841/2154/75 1842/2153/75
f 1842/2153/75 1843/2169/75 1840/2155/75
f 1843/2169/75 1844/584/75 1838/123/75
f 1840/2155/75 1843/2169/75 1838/123/75
f 1844/584/75 1845/2168/75 1846/2166/75
f 1846/2166/75 1847/2167/75 1844/584/75
f 1847/2167/75 1848/2165/75 1844/584/75
f 1848/2165/75 1849/429/75 1844/584/75
f 1849/429/75 1850/122/75 1844/584/75
f 1850/122/75 1851/2164/75 1852/2163/75
f 1852/2163/75 1853/2162/75 1854/2161/75
f 1854/2161/75 1855/431/75 1852/2163/75
f 1855/431/75 1832/124/75 1850/122/75
f 1852/2163/75 1855/431/75 1850/122/75
f 1832/124/75 1833/2160/75 1836/2157/75
f 1833/2160/75 1834/2158/75 1836/2157/75
f 1834/2158/75 1835/2159/75 1836/2157/75
f 1836/2157/75 1837/430/75 1832/124/75
f 1837/430/75 1838/123/75 1832/124/75
f 1838/123/75 1839/2156/75 1840/2155/75
f 1832/124/75 1838/123/75 1844/584/75
f 4967/501/534 4970/395/553 4969/160/535
f 4516/314/299 4513/1527/1832 4514/585/627
f 2250/411/403 2251/2472/2847 2254/587/629
f 5931/588/231 5928/1257/291 5929/589/630
f 4508/591/632 4507/342/336 4504/592/176
f 4705/535/558 4706/1294/1474 4709/594/633
f 3094/553/581 3093/554/582 3090/552/635
f 5130/1807/876 5139/1791/1520 5134/596/636
f 5139/1791/1520 5138/1673/2088 5134/596/636
f 5129/598/638 5130/1807/876 5134/596/636
f 5637/601/1961 5632/1606/2167 5642/599/1317
f 5632/1606/2167 5633/1812/2315 5643/1287/2056
f 5642/599/1317 5632/1606/2167 5643/1287/2056
f 5633/1812/2315 5635/2473/2848 5643/1287/2056
f 5635/2473/2848 5644/2474/2415 5643/1287/2056
f 3290/603/643 3289/767/1979 3286/604/644
f 3286/604/644 3283/511/519 3284/787/832
f 3284/787/832 3287/602/642 3286/604/644
f 3502/607/106 3501/676/107 3498/605/645
f 3501/676/107 3497/848/780 3498/605/645
f 2549/608/647 2548/2475/2849 2542/609/648
f 2564/622/651 2570/621/658 2569/1518/2787
f 2569/1518/2850 2574/2476/1818 2573/1794/2851
f 2569/1518/2787 2573/1794/1041 2559/611/566
f 2564/622/651 2569/1518/2787 2559/611/566
f 2565/613/651 2564/622/651 2559/611/566
f 2547/614/652 2552/2477/2852 2551/615/653
f 3708/1278/876 3717/1164/1520 3712/617/655
f 3717/1164/1520 3716/1165/1522 3712/617/655
f 3707/619/656 3708/1278/876 3712/617/655
f 2560/612/650 2561/970/1038 2565/613/651
f 2561/970/1038 2571/620/657 2565/613/651
f 2564/622/651 2565/613/651 2571/620/657
f 2557/2478/2853 2548/2475/2849 2553/625/661
f 2548/2475/2849 2549/608/647 2553/625/661
f 2558/624/660 2557/2478/2853 2553/625/661
f 4153/2479/2854 4154/1165/1271 4158/626/662
f 4162/2480/2783 4153/2479/2854 4158/626/662
f 4163/628/664 4162/2480/2783 4158/626/662
f 2571/620/657 2577/993/1054 2570/621/658
f 2577/993/1054 2576/595/433 2570/621/658
f 2570/621/658 2576/595/433 2569/1518/2787
f 2576/595/433 2573/1794/1041 2569/1518/2787
f 6027/629/665 6030/475/469 6029/630/666
f 4167/1575/657 4173/1418/1054 4166/445/1899
f 4173/1418/1054 4172/446/433 4166/445/1899
f 4166/445/1899 4172/446/433 4165/444/2855
f 4172/446/433 4169/632/1495 4165/444/2855
f 4350/634/671 4681/1589/1922 4682/635/672
f 2288/637/674 2287/1645/2040 2284/638/675
f 3324/834/1479 3323/2481/2856 3317/2482/2857
f 3314/1779/2261 3306/811/854 3307/202/677
f 3324/834/1479 3317/2482/2857 3325/2333/2858
f 3317/2482/2857 3314/1779/2261 3325/2333/2858
f 3321/2332/2859 3320/2331/2860 3325/2333/2861
f 3307/202/677 3311/204/2862 3312/203/2863
f 3325/2333/2858 3314/1779/2261 3316/640/679
f 3314/1779/2261 3307/202/677 3316/640/679
f 3316/640/2864 3319/2483/2865 3321/2332/2866
f 3321/2332/2867 3325/2333/2858 3316/640/679
f 5010/109/744 5007/450/493 5011/107/492
f 5007/450/493 5004/206/2443 5008/205/491
f 5004/206/2443 5005/207/940 5008/205/491
f 1571/2098/75 1572/2097/75 1577/2099/75
f 1572/2097/75 1573/2096/75 1576/2093/75
f 1573/2096/75 1574/2095/75 1576/2093/75
f 1574/2095/75 1575/2094/75 1576/2093/75
f 1570/2100/75 1571/2098/75 1578/2101/75
f 1572/2097/75 1576/2093/75 1577/2099/75
f 1568/2104/75 1569/2102/75 1581/2105/75
f 1569/2102/75 1570/2100/75 1580/2103/75
f 1581/2105/75 1569/2102/75 1580/2103/75
f 1566/2109/75 1567/2107/75 1583/2110/75
f 1567/2107/75 1568/2104/75 1582/2108/75
f 1564/2113/75 1565/2112/75 1585/2114/75
f 1565/2112/75 1566/2109/75 1584/2111/75
f 1562/2117/75 1563/2115/75 1586/2116/75
f 1563/2115/75 1564/2113/75 1586/2116/75
f 1562/2117/75 1586/2116/75 1587/2119/75
f 1560/82/75 1561/2118/75 1588/84/75
f 1561/2118/75 1562/2117/75 1587/2119/75
f 1588/84/75 1561/2118/75 1587/2119/75
f 1558/2121/75 1559/2120/75 1590/2074/75
f 1559/2120/75 1560/82/75 1589/83/75
f 1589/83/75 1560/82/75 1588/84/75
f 1557/2075/75 1558/2121/75 1590/2074/75
f 1590/2074/75 1559/2120/75 1589/83/75
f 1565/2112/75 1584/2111/75 1585/2114/75
f 1567/2107/75 1582/2108/75 1583/2110/75
f 1571/2098/75 1577/2099/75 1578/2101/75
f 1556/2072/75 1557/2075/75 1591/2073/75
f 1570/2100/75 1578/2101/75 1579/2106/75
f 1542/2091/75 1543/2090/75 1544/2087/75
f 1540/2086/75 1541/2085/75 1544/2087/75
f 1541/2085/75 1542/2091/75 1544/2087/75
f 1538/2082/75 1539/2081/75 1547/2083/75
f 1539/2081/75 1540/2086/75 1545/2088/75
f 1547/2083/75 1539/2081/75 1546/2089/75
f 1536/2079/75 1537/2078/75 1549/2080/75
f 1537/2078/75 1538/2082/75 1548/2084/75
f 1534/2077/75 1535/641/75 1552/643/75
f 1535/641/75 1536/2079/75 1551/642/75
f 1551/642/75 1536/2079/75 1550/2092/75
f 1532/124/75 1533/2076/75 1553/2069/75
f 1533/2076/75 1534/2077/75 1552/643/75
f 1553/2069/75 1533/2076/75 1552/643/75
f 1594/419/75 1595/2068/75 1554/418/75
f 1595/2068/75 1532/124/75 1553/2069/75
f 1554/418/75 1595/2068/75 1553/2069/75
f 1592/2071/75 1593/2070/75 1556/2072/75
f 1593/2070/75 1594/419/75 1555/417/75
f 1556/2072/75 1593/2070/75 1555/417/75
f 1590/2074/75 1591/2073/75 1557/2075/75
f 1591/2073/75 1592/2071/75 1556/2072/75
f 1537/2078/75 1548/2084/75 1549/2080/75
f 1540/2086/75 1544/2087/75 1545/2088/75
f 1570/2100/75 1579/2106/75 1580/2103/75
f 1545/2088/75 1546/2089/75 1539/2081/75
f 1568/2104/75 1581/2105/75 1582/2108/75
f 1566/2109/75 1583/2110/75 1584/2111/75
f 1564/2113/75 1585/2114/75 1586/2116/75
f 1538/2082/75 1547/2083/75 1548/2084/75
f 1536/2079/75 1549/2080/75 1550/2092/75
f 1554/418/75 1555/417/75 1594/419/75
f 2585/644/680 2582/1244/203 2583/197/176
f 2583/197/176 2584/196/175 2587/646/682
f 5715/647/683 5718/663/1850 5717/648/684
f 3686/2484/2868 3687/2485/2869 3691/1271/2870
f 3687/2485/2871 3697/97/2872 3691/1271/234
f 3702/651/2873 3695/2486/2874 3696/820/2875
f 3696/820/864 3690/819/863 3691/1271/234
f 3696/820/864 3691/1271/234 3708/1278/876
f 3691/1271/234 3697/97/2872 3708/1278/876
f 3702/651/687 3696/820/864 3708/1278/876
f 3702/651/687 3708/1278/876 3707/619/656
f 2965/351/689 2966/2385/2736 2975/652/226
f 2975/652/226 2974/2487/2876 2968/653/688
f 6444/654/690 6441/1882/2434 6442/655/691
f 2591/288/265 2588/794/839 2589/657/693
f 2595/229/204 2592/287/264 2593/658/694
f 3110/229/397 3113/405/399 3112/230/696
f 2324/160/138 2325/395/487 2328/428/418
f 5116/551/2778 5127/1065/1448 5126/1671/2086
f 5125/660/2877 5121/2488/2878 5120/661/2879
f 5116/551/2778 5126/1671/2086 5125/660/698
f 5115/662/700 5116/551/2778 5125/660/698
f 4530/648/701 4527/649/685 4528/647/683
f 2717/798/1418 2718/797/616 2732/1210/1462
f 2721/666/2880 2722/2489/2881 2717/798/2882
f 2726/665/2883 2727/2490/2884 2721/666/2885
f 2721/666/705 2717/798/1418 2732/1210/1462
f 2721/666/705 2732/1210/1462 2731/664/703
f 2225/399/390 2222/1357/1563 2223/667/706
f 3853/668/708 3852/1633/2886 3849/450/709
f 3849/450/709 3846/1341/1543 3847/2491/2887
f 3847/2491/2887 3850/205/707 3849/450/709
f 4494/671/1495 4497/823/433 4489/669/711
f 4497/823/433 4496/822/635 4488/492/858
f 4489/669/711 4497/823/433 4488/492/858
f 4496/822/635 4487/2456/2783 4488/492/858
f 5316/672/713 5317/985/1048 5320/673/714
f 2985/677/717 2980/1186/1312 2981/675/716
f 2981/675/716 2982/848/780 2986/676/107
f 2615/181/164 2612/2273/2888 2613/2274/2650
f 2613/2274/2650 2616/1465/1724 2615/181/164
f 2616/1465/1724 2619/179/162 2615/181/164
f 3133/180/163 3134/179/162 3142/679/719
f 3134/179/162 3139/684/2889 3142/679/719
f 3139/684/2889 3138/2492/2890 3142/679/1100
f 3142/679/719 3141/1805/2298 3136/678/718
f 5502/682/722 5499/1260/2891 5500/680/720
f 5499/1260/2891 5496/463/455 5500/680/720
f 5496/463/455 5497/462/454 5500/680/720
f 2629/683/723 2628/693/734 2624/684/724
f 5857/688/728 5853/2493/2892 5856/686/726
f 5853/2493/2892 5854/1581/1912 5856/686/726
f 5856/686/726 5860/1072/1151 5863/687/727
f 5860/1072/2893 5859/2494/2894 5863/687/2895
f 5863/687/727 5862/1588/1921 5857/688/728
f 3789/689/729 3788/965/2422 3784/690/730
f 2632/692/1536 2631/2495/2896 2627/679/2897
f 2629/683/2898 2633/2496/2899 2632/692/2900
f 2811/694/738 2812/830/2018 2817/829/2017
f 2811/694/738 2817/829/2017 2821/547/735
f 2806/2332/2901 2807/2461/2817 2811/694/2902
f 2825/272/246 2816/2334/2691 2811/694/738
f 2816/2334/2691 2806/2332/2690 2811/694/738
f 2825/272/246 2811/694/738 2821/547/735
f 2826/549/737 2825/272/246 2821/547/735
f 3316/640/679 3312/203/678 3309/883/2165
f 3312/203/2863 3313/2497/2903 3309/883/2165
f 3309/883/2165 3310/2498/2904 3315/695/739
f 3326/694/738 3321/2332/2867 3316/640/679
f 3328/2499/2905 3327/830/873 3318/2500/2906
f 3327/830/873 3326/694/738 3318/2500/2906
f 3315/695/739 3318/2500/2906 3326/694/738
f 3316/640/679 3309/883/2165 3315/695/739
f 3149/696/740 3141/1805/2298 3142/679/719
f 3142/679/733 3146/2495/2907 3147/692/2908
f 3147/692/741 3152/1034/1110 3149/696/740
f 3152/1034/1110 3151/1307/1490 3149/696/740
f 3819/479/473 3822/1192/1511 3821/697/742
f 5010/109/744 5011/107/492 5014/178/590
f 2927/699/746 2926/1559/1877 2923/176/157
f 6242/701/748 6243/1182/1306 6246/702/749
f 3165/704/751 3164/17/12 3161/311/294
f 2648/312/295 2645/313/296 2646/311/294
f 2649/17/12 2652/18/13 2651/16/11
f 2659/713/759 2658/336/326 2656/708/755
f 2658/336/326 2655/706/753 2656/708/755
f 2655/706/753 2652/18/13 2653/707/754
f 4566/711/757 4567/2501/2909 4576/709/226
f 4576/709/226 4575/2502/2910 4569/710/756
f 2661/712/758 2658/336/326 2659/713/759
f 2847/127/107 2850/854/112 2849/715/110
f 6242/701/748 6245/703/750 6244/717/761
f 4713/299/276 4710/1301/1478 4711/719/763
f 6520/721/765 6521/1399/1630 6524/13/8
f 3005/1778/2911 3009/2503/2912 3010/722/2913
f 3000/1195/2914 3004/2504/2706 3005/1778/2915
f 3013/723/224 2999/574/616 3000/1195/1670
f 3013/723/224 3000/1195/1670 3005/1778/2916
f 3013/723/224 3005/1778/2916 3010/722/766
f 3621/726/2917 3622/2505/2918 3616/724/2919
f 3617/1771/2920 3618/727/1872 3627/1203/646
f 3616/724/768 3617/1771/2920 3627/1203/646
f 3616/724/768 3627/1203/646 3626/725/769
f 4046/729/772 4047/2506/2921 4056/727/226
f 4056/727/226 4055/1771/2247 4049/728/771
f 4930/178/523 4931/11/1225 4934/12/527
f 6349/730/773 6356/2507/2621 6360/26/774
f 6356/2507/2621 6361/2508/2922 6360/26/774
f 6360/26/774 6352/25/17 6348/731/775
f 3206/732/776 3216/736/780 3211/733/777
f 3216/736/780 3215/931/977 3211/733/777
f 3211/733/2923 3210/2509/2924 3205/734/2807
f 2691/732/776 2692/1053/1134 2697/735/779
f 2692/1053/2925 2698/2510/2926 2697/735/2927
f 2697/735/779 2702/745/1632 2701/736/780
f 3493/737/2928 3494/2511/2929 3488/738/2919
f 3488/738/782 3489/2487/2247 3499/606/646
f 3489/2487/2247 3490/652/226 3499/606/646
f 3488/738/782 3499/606/646 3498/605/645
f 5474/740/784 5475/1743/2204 5478/741/785
f 5478/741/785 5481/1707/2930 5477/739/783
f 5481/1707/2930 5480/146/2358 5477/739/783
f 3922/744/788 3925/2512/2931 3927/742/786
f 3925/2512/2931 3928/1064/1145 3927/742/786
f 3927/742/2932 3924/2513/2933 3921/743/787
f 3217/745/105 3218/2514/1666 3221/1400/106
f 3221/1400/106 3220/523/107 3217/745/105
f 5268/2515/2934 5269/2516/2935 5273/746/2936
f 5272/747/790 5261/2517/2937 5262/1802/2288
f 5263/748/2938 5268/2515/2934 5273/746/2936
f 5272/747/790 5262/1802/2288 5263/748/791
f 4073/749/291 4070/135/112 4071/750/792
f 2349/508/793 2352/509/516 2351/207/186
f 3993/178/795 3990/107/161 3991/191/174
f 4125/2485/2871 4135/97/2939 4129/1271/66
f 4135/97/2939 4146/1278/876 4129/1271/66
f 4125/2485/2940 4129/1271/2941 4124/2484/2942
f 4134/820/1686 4128/819/1443 4129/1271/66
f 4134/820/1686 4129/1271/66 4146/1278/876
f 4140/651/2943 4133/2486/2944 4134/820/2945
f 4140/651/798 4134/820/1686 4146/1278/876
f 4140/651/798 4146/1278/876 4145/619/796
f 4091/770/1240 4092/1601/2946 4095/265/239
f 4092/1601/2946 4099/752/799 4095/265/239
f 3586/754/801 3601/2518/2947 3600/779/2127
f 3599/778/2599 3598/2519/1769 3593/755/61
f 3586/754/801 3600/779/2127 3599/778/1762
f 3588/2520/2835 3585/1224/1392 3589/756/803
f 3585/1224/1392 3586/754/801 3589/756/803
f 3593/755/2948 3592/2521/2949 3589/756/2950
f 3586/754/801 3599/778/1762 3593/755/802
f 5582/757/112 5583/1489/792 5586/758/630
f 4093/760/804 4094/264/238 4102/263/237
f 6345/763/2951 6346/2522/2952 6340/1494/2953
f 6340/1494/2954 6341/2523/2955 6336/1790/2956
f 6336/1790/1418 6337/1789/2275 6351/761/224
f 6340/1494/2957 6336/1790/1418 6351/761/224
f 6345/763/807 6340/1494/2957 6351/761/224
f 3643/257/3 3642/774/821 3638/258/231
f 3638/258/231 3639/256/1 3643/257/3
f 3139/684/2889 3134/179/162 3144/683/2958
f 3134/179/162 3135/2524/2959 3144/683/2958
f 3137/2525/2960 3145/2526/2961 3144/683/2958
f 3135/2524/2959 3137/2525/2960 3144/683/2958
f 5944/2527/2962 5943/1832/840 5938/766/2963
f 5943/1832/2349 5942/1868/2404 5933/944/2964
f 5938/766/2965 5943/1832/2349 5933/944/2964
f 5933/944/2964 5934/764/2427 5938/766/2965
f 2774/767/287 2777/1614/2966 2776/768/815
f 3648/958/1790 3652/2528/2967 3653/770/2968
f 3643/257/2969 3647/2529/2970 3648/958/2971
f 3656/264/303 3642/774/821 3643/257/3
f 3656/264/303 3643/257/3 3648/958/1010
f 3656/264/303 3648/958/1010 3653/770/817
f 2243/414/406 2244/413/405 2247/771/818
f 6064/772/819 6068/448/439 6067/305/284
f 3641/764/822 3640/944/279 3637/1128/904
f 3637/1128/904 3638/258/231 3641/764/822
f 5402/775/823 5403/1764/2235 5406/776/824
f 4038/779/827 4039/2518/2346 4047/2506/2921
f 4046/729/2972 4042/2530/2973 4037/778/2974
f 4038/779/827 4047/2506/2921 4046/729/772
f 3280/513/521 3279/512/520 3276/780/828
f 1453/1962/75 1454/1961/75 1452/1963/75
f 1454/1961/75 1407/1964/75 1452/1963/75
f 1407/1964/75 1408/1966/75 1409/1967/75
f 1407/1964/75 1409/1967/75 1410/1968/75
f 1451/1965/75 1452/1963/75 1407/1964/75
f 1451/1965/75 1407/1964/75 1410/1968/75
f 1450/1970/75 1451/1965/75 1411/1969/75
f 1451/1965/75 1410/1968/75 1411/1969/75
f 1449/1972/75 1450/1970/75 1412/1971/75
f 1450/1970/75 1411/1969/75 1412/1971/75
f 1448/1973/75 1449/1972/75 1412/1971/75
f 1448/1973/75 1412/1971/75 1413/1974/75
f 1447/1975/75 1448/1973/75 1414/40/75
f 1448/1973/75 1413/1974/75 1414/40/75
f 1446/1976/75 1447/1975/75 1414/40/75
f 1446/1976/75 1414/40/75 1415/1979/75
f 1443/1983/75 1444/1981/75 1457/1984/75
f 1444/1981/75 1445/1980/75 1455/1982/75
f 1457/1984/75 1444/1981/75 1456/1985/75
f 1445/1980/75 1446/1976/75 1415/1979/75
f 1445/1980/75 1415/1979/75 1476/52/75
f 1415/1979/75 1416/2531/75 1476/52/75
f 1442/1986/75 1443/1983/75 1458/1987/75
f 1440/782/75 1441/1988/75 1460/783/75
f 1441/1988/75 1442/1986/75 1459/1989/75
f 1438/1991/75 1439/1990/75 1462/1992/75
f 1439/1990/75 1440/782/75 1461/784/75
f 1462/1992/75 1439/1990/75 1461/784/75
f 1436/67/75 1437/1993/75 1464/66/75
f 1437/1993/75 1438/1991/75 1463/164/75
f 1434/1995/75 1435/1994/75 1466/1996/75
f 1435/1994/75 1436/67/75 1465/65/75
f 1466/1996/75 1435/1994/75 1465/65/75
f 1432/2532/75 1433/1997/75 1469/2001/75
f 1433/1997/75 1434/1995/75 1467/1998/75
f 1472/227/75 1431/2533/75 1471/2005/75
f 1431/2533/75 1432/2532/75 1470/2003/75
f 1471/2005/75 1431/2533/75 1470/2003/75
f 1433/1997/75 1467/1998/75 1468/2000/75
f 1467/1998/75 1434/1995/75 1466/1996/75
f 1437/1993/75 1463/164/75 1464/66/75
f 1422/2534/75 1423/2535/75 1424/2536/75
f 1424/2536/75 1425/1140/75 1422/2534/75
f 1425/1140/75 1426/2537/75 1418/2538/75
f 1421/1141/75 1425/1140/75 1420/1142/75
f 1427/2010/75 1428/944/75 1474/2539/75
f 1425/1140/75 1421/1141/75 1422/2534/75
f 1426/2537/75 1427/2010/75 1418/2538/75
f 1420/1142/75 1425/1140/75 1419/2540/75
f 1427/2010/75 1474/2539/75 1475/2012/75
f 1419/2540/75 1425/1140/75 1418/2538/75
f 1427/2010/75 1475/2012/75 1416/2531/75
f 1418/2538/75 1427/2010/75 1417/2541/75
f 1417/2541/75 1427/2010/75 1416/2531/75
f 1416/2531/75 1475/2012/75 1476/52/75
f 1469/2001/75 1470/2003/75 1432/2532/75
f 1445/1980/75 1476/52/75 1455/1982/75
f 1468/2000/75 1469/2001/75 1433/1997/75
f 1455/1982/75 1456/1985/75 1444/1981/75
f 1443/1983/75 1457/1984/75 1458/1987/75
f 1464/66/75 1465/65/75 1436/67/75
f 1441/1988/75 1459/1989/75 1460/783/75
f 1442/1986/75 1458/1987/75 1459/1989/75
f 1462/1992/75 1463/164/75 1438/1991/75
f 3224/785/792 3227/1263/630 3226/364/291
f 2768/511/830 2765/513/521 2766/786/831
f 6014/788/833 6011/1843/2371 6012/807/850
f 6012/807/850 6016/789/834 6014/788/833
f 6016/789/834 6018/1912/2489 6017/790/835
f 2391/53/81 2319/449/2405 2318/55/82
f 5187/239/1395 5186/240/2109 5184/792/837
f 5186/240/2109 5183/793/838 5184/792/837
f 5183/793/838 5180/238/1184 5181/791/836
f 2585/644/680 2586/645/681 2589/657/693
f 4613/148/2975 4617/1496/2976 4621/372/2977
f 4621/372/361 4620/2392/2750 4616/2542/2978
f 4608/149/840 4613/148/1672 4621/372/361
f 4621/372/361 4616/2542/2978 4607/795/117
f 3232/798/617 3231/868/279 3228/1412/1258
f 3228/1412/1258 3229/796/231 3232/798/617
f 4180/801/175 4179/226/176 4177/799/177
f 4177/799/177 4175/1187/581 4176/800/842
f 5230/280/256 5232/2543/2979 5229/278/254
f 5232/2543/2979 5237/1755/2223 5236/802/843
f 5229/278/254 5232/2543/2979 5236/802/843
f 6128/215/191 6127/216/192 6124/214/845
f 4485/1593/2082 4491/1592/2081 4490/1865/669
f 4490/1865/2980 4495/2544/2981 4494/671/2982
f 4490/1865/669 4494/671/1495 4480/804/566
f 4485/1593/2082 4490/1865/669 4480/804/566
f 4486/806/847 4485/1593/2082 4480/804/566
f 3007/581/849 3006/949/117 2997/579/279
f 2997/579/279 2998/575/617 3002/580/848
f 2998/575/2983 3003/2470/2984 3002/580/2985
f 3002/580/911 3008/2471/2986 3007/581/2987
f 6012/807/850 6009/2545/2988 6010/808/851
f 3306/811/854 3301/1104/1202 3303/810/853
f 3301/1104/1202 3297/1096/1251 3300/1105/1203
f 3303/810/853 3301/1104/1202 3300/1105/1203
f 3297/1096/1251 3298/1095/1191 3300/1105/1203
f 3300/1105/1203 3304/1253/1429 3303/810/853
f 6455/1328/1527 6454/160/855 6456/421/411
f 6454/160/855 6451/999/1060 6452/812/856
f 4487/2456/2783 4478/2457/2989 4483/493/859
f 4478/2457/2989 4479/976/1040 4483/493/859
f 4488/492/858 4487/2456/2783 4483/493/859
f 309/52/4 266/1159/4 279/295/4
f 266/1159/4 265/2546/4 279/295/4
f 265/2546/4 264/1623/4 280/1624/4
f 264/1623/4 263/2547/4 281/1625/4
f 280/1624/4 264/1623/4 281/1625/4
f 263/2547/4 262/2548/4 282/2549/4
f 262/2548/4 261/2550/4 282/2549/4
f 261/2550/4 260/2551/4 284/2552/4
f 260/2551/4 294/2553/4 285/2554/4
f 261/2550/4 284/2552/4 283/2555/4
f 294/2553/4 293/2556/4 285/2554/4
f 293/2556/4 292/2557/4 286/2558/4
f 292/2557/4 291/2559/4 287/2560/4
f 291/2559/4 290/96/4 288/2561/4
f 287/2560/4 291/2559/4 288/2561/4
f 290/96/4 289/2562/4 288/2561/4
f 293/2556/4 286/2558/4 285/2554/4
f 282/2549/4 261/2550/4 283/2555/4
f 279/295/4 265/2546/4 280/1624/4
f 292/2557/4 287/2560/4 286/2558/4
f 267/1161/4 308/1160/4 307/2563/4
f 269/2564/4 268/2565/4 306/2566/4
f 268/2565/4 267/1161/4 307/2563/4
f 306/2566/4 268/2565/4 307/2563/4
f 271/1121/4 270/2567/4 303/1120/4
f 270/2567/4 269/2564/4 304/2568/4
f 303/1120/4 270/2567/4 304/2568/4
f 273/2569/4 272/2570/4 299/2571/4
f 272/2570/4 271/1121/4 301/2572/4
f 299/2571/4 272/2570/4 300/2573/4
f 275/815/4 274/2574/4 297/813/4
f 274/2574/4 273/2569/4 298/2575/4
f 277/2576/4 276/2577/4 296/814/4
f 276/2577/4 275/815/4 296/814/4
f 274/2574/4 298/2575/4 297/813/4
f 278/2578/4 277/2576/4 295/2579/4
f 269/2564/4 306/2566/4 305/2580/4
f 285/2554/4 284/2552/4 260/2551/4
f 269/2564/4 305/2580/4 304/2568/4
f 271/1121/4 303/1120/4 302/1119/4
f 263/2547/4 282/2549/4 281/1625/4
f 271/1121/4 302/1119/4 301/2572/4
f 301/2572/4 300/2573/4 272/2570/4
f 295/2579/4 309/52/4 279/295/4
f 273/2569/4 299/2571/4 298/2575/4
f 295/2579/4 279/295/4 278/2578/4
f 296/814/4 295/2579/4 277/2576/4
f 4743/816/860 4740/1568/1949 4741/817/861
f 3701/650/686 3700/1275/1445 3689/2581/2681
f 3702/651/687 3701/650/686 3689/2581/2681
f 3702/651/687 3689/2581/2681 3690/819/863
f 5687/821/581 5686/991/582 5683/822/635
f 4265/409/865 4266/160/535 4269/41/386
f 2600/824/866 2597/230/205 2598/405/867
f 5177/826/869 5174/2582/2990 5175/827/870
f 3328/2499/2905 3333/2583/2991 3337/548/574
f 3333/2583/2991 3342/1541/1852 3337/548/574
f 3342/1541/1852 3341/549/575 3337/548/574
f 3327/830/873 3328/2499/2905 3337/548/574
f 3327/830/873 3337/548/574 3336/547/573
f 5642/599/1317 5643/1287/2056 5648/1286/2055
f 5648/1286/2992 5649/2584/2993 5653/1285/2994
f 5658/833/876 5647/2585/2995 5642/599/1317
f 5647/2585/2995 5637/601/2996 5642/599/1317
f 5658/833/876 5642/599/1317 5648/1286/2055
f 5658/833/876 5648/1286/2055 5653/1285/2054
f 5658/833/876 5653/1285/2054 5654/831/874
f 2823/310/293 2814/2586/2997 2819/273/248
f 2814/2586/2997 2808/2481/2856 2819/273/248
f 2823/310/293 2819/273/248 2824/49/247
f 2819/273/248 2808/2481/2856 2809/834/877
f 2820/836/879 2819/273/248 2809/834/877
f 5234/2587/2998 5235/803/844 5248/2588/2999
f 5248/2588/2999 5253/2589/3000 5234/2587/2998
f 5253/2589/3000 5252/837/880 5238/839/882
f 5252/837/880 5247/37/29 5242/838/881
f 5242/838/3001 5243/2590/3001 5238/839/3002
f 5238/839/3003 5239/2591/3004 5234/2587/3005
f 5253/2589/3000 5238/839/882 5234/2587/2998
f 4528/647/683 4529/2592/3006 4532/840/883
f 3478/843/885 3479/1030/15 3486/841/485
f 3479/1030/15 3487/849/776 3486/841/485
f 3485/842/2618 3482/2593/3007 3478/843/3008
f 3480/351/887 3481/2385/3009 3490/652/226
f 3490/652/226 3489/2487/2247 3483/653/886
f 4573/254/229 4574/1060/1140 4579/844/888
f 4574/1060/3010 4580/2594/3011 4579/844/3012
f 4579/844/888 4584/1059/1139 4583/845/780
f 3354/846/3013 3355/2595/3014 3349/847/2306
f 3349/847/891 3350/1540/1851 3360/1428/1666
f 3350/1540/1851 3351/1481/1872 3360/1428/1666
f 3349/847/891 3360/1428/1666 3359/125/889
f 2972/849/776 2973/738/1106 2978/737/892
f 2973/738/2306 2979/2511/3015 2978/737/3016
f 2978/737/892 2983/605/1874 2982/848/780
f 5547/1283/1454 5546/1284/1455 5536/850/611
f 5536/850/611 5537/634/1294 5539/851/893
f 5537/634/1294 5540/2063/2602 5539/851/893
f 5539/851/3017 5543/2596/3018 5542/852/3019
f 5548/2597/2131 5547/1283/3020 5542/852/1655
f 5547/1283/1454 5536/850/611 5542/852/894
f 3256/460/896 3257/2449/2792 3266/2450/3021
f 3256/460/896 3266/2450/3021 3265/459/895
f 2847/127/107 2848/126/106 2851/853/792
f 4705/535/558 4708/536/634 4707/534/557
f 3100/644/898 3101/645/681 3104/657/693
f 6209/516/593 6206/97/318 6210/514/3022
f 6206/97/318 6207/517/584 6210/514/3022
f 6210/514/3022 6213/274/900 6209/516/593
f 3164/17/12 3165/704/751 3168/707/754
f 3641/764/822 3642/774/821 3656/264/303
f 3645/856/848 3646/2598/3023 3641/764/3024
f 3650/140/3025 3651/2599/3026 3645/856/911
f 3645/856/903 3641/764/822 3656/264/303
f 3645/856/903 3656/264/303 3655/760/902
f 4930/178/523 4933/10/528 4932/519/532
f 2852/857/225 2853/1423/291 2856/858/231
f 2856/858/231 2853/1423/291 2854/860/630
f 5582/757/112 5585/759/291 5584/862/225
f 4947/522/540 4948/92/1072 4950/864/905
f 4948/92/1072 4951/499/1622 4950/864/905
f 4951/499/1622 4954/259/307 4950/864/905
f 4018/377/906 4017/284/1149 4014/259/907
f 2866/865/2970 2865/2600/3027 2861/1247/3028
f 2862/866/808 2872/1776/914 2871/867/910
f 2871/867/3029 2870/2601/3030 2866/865/3031
f 2866/865/909 2861/1247/619 2862/866/808
f 3231/868/279 3232/798/617 3236/666/911
f 3232/798/3032 3237/2489/3033 3236/666/3034
f 3236/666/3035 3242/2490/3036 3241/665/3037
f 3241/665/912 3240/2602/3038 3231/868/279
f 3011/869/914 3018/2603/3039 3022/201/913
f 3018/2603/3039 3023/2604/2922 3022/201/913
f 3022/201/913 3014/199/767 3010/722/766
f 4711/719/763 4712/1596/1937 4715/870/915
f 2899/2605/3040 2885/2606/3041 2886/1136/2302
f 2886/1136/3042 2887/2607/3043 2890/939/3044
f 2891/871/3045 2894/2608/3046 2895/872/3047
f 2899/2605/3040 2886/1136/2302 2890/939/1228
f 2899/2605/3040 2890/939/1228 2891/871/916
f 2895/872/3048 2898/2609/3049 2900/873/3050
f 2899/2605/3040 2891/871/916 2900/873/918
f 5620/2610/3051 5619/2611/3052 5624/874/3053
f 5623/875/3054 5628/2612/3055 5627/1722/3056
f 5615/120/3057 5620/2610/3051 5624/874/3053
f 5623/875/920 5627/1722/3056 5614/296/273
f 5614/296/273 5615/120/3058 5624/874/919
f 5963/2613/3059 5962/2614/3060 5967/876/3061
f 5966/877/922 5971/884/928 5970/218/194
f 5958/968/3062 5963/2613/3059 5967/876/3061
f 5966/877/922 5970/218/194 5957/878/273
f 5957/878/273 5958/968/3063 5967/876/921
f 4632/1145/3064 4627/2615/3065 4628/2616/3066
f 4623/912/2181 4624/2617/2922 4637/2618/3067
f 4632/1145/3064 4628/2616/3066 4623/912/3068
f 4635/880/3069 4636/2619/1408 4631/881/3070
f 4632/1145/1250 4623/912/2181 4641/1608/1966
f 4623/912/2181 4637/2618/3067 4641/1608/1966
f 4631/881/925 4632/1145/1250 4641/1608/1966
f 4641/1608/1966 4640/879/923 4631/881/925
f 2269/441/428 2270/443/430 2273/68/58
f 2803/2500/2906 2813/2499/2905 2812/830/2018
f 2803/2500/2906 2812/830/2018 2811/694/738
f 2794/883/927 2795/2498/2904 2800/695/739
f 2800/695/739 2803/2500/2906 2811/694/738
f 2806/2332/3071 2804/2483/2865 2801/640/2864
f 2800/695/739 2811/694/738 2801/640/679
f 2811/694/738 2806/2332/3071 2801/640/679
f 2797/203/3072 2798/2497/2903 2794/883/3073
f 2794/883/927 2800/695/739 2801/640/679
f 5971/884/928 5972/2620/3074 5975/234/929
f 5977/219/195 5970/218/194 5971/884/928
f 5975/234/929 5978/1642/2035 5977/219/195
f 4132/2621/1700 4143/1279/1448 4142/1276/1446
f 4141/885/3075 4137/2622/3076 4136/886/3077
f 4132/2621/1700 4142/1276/1446 4141/885/930
f 4131/887/932 4132/2621/1700 4141/885/930
f 2903/888/933 2906/1082/1164 2902/889/934
f 2906/1082/1164 2905/1154/1260 2902/889/934
f 2902/889/934 2899/2605/3040 2900/873/918
f 5516/892/937 5519/2623/3078 5518/890/935
f 5519/2623/3078 5522/1585/1917 5518/890/935
f 5522/1585/1917 5521/1584/1916 5518/890/935
f 2927/699/746 2928/903/953 2929/894/939
f 2928/903/953 2931/893/938 2929/894/939
f 2931/893/938 2939/909/958 2938/88/70
f 2938/88/70 2933/87/69 2929/894/939
f 4299/564/941 4296/115/98 4300/508/1716
f 4296/115/98 4297/137/579 4300/508/1716
f 4300/508/1716 4303/509/585 4299/564/941
f 4739/895/942 4740/1568/1949 4743/816/860
f 2912/468/944 2911/469/460 2908/467/945
f 2912/468/944 2909/897/946 2910/898/947
f 3432/901/950 3429/2624/3079 3430/900/949
f 3429/2624/3079 3426/469/460 3430/900/949
f 3426/469/460 3427/468/459 3430/900/949
f 6516/500/503 6515/92/2501 6512/215/951
f 6155/41/386 6154/159/556 6151/409/865
f 3442/699/746 3439/700/2648 3440/533/551
f 2477/284/613 2478/377/1786 2481/53/46
f 3373/904/279 3374/1246/822 3378/905/848
f 3374/1246/3080 3379/2625/3081 3378/905/3082
f 3378/905/2985 3384/2626/3083 3383/906/3084
f 3383/906/954 3382/1118/1222 3373/904/279
f 2933/87/69 2937/89/71 2936/907/1287
f 2942/910/959 2941/1172/3085 2938/88/70
f 2941/1172/3085 2937/89/71 2938/88/70
f 5799/911/914 5806/2627/3086 5810/912/960
f 5806/2627/3086 5811/2617/2922 5810/912/960
f 5810/912/3087 5805/2628/3088 5802/247/3089
f 5810/912/960 5802/247/2317 5798/246/961
f 2282/913/962 2285/639/676 2284/638/675
f 1088/350/4 1087/2366/4 1070/349/4
f 1087/2366/4 1086/2365/4 1071/2367/4
f 1070/349/4 1087/2366/4 1071/2367/4
f 1086/2365/4 1085/2363/4 1072/2364/4
f 1085/2363/4 1084/2361/4 1072/2364/4
f 1084/2361/4 1083/2359/4 1073/2362/4
f 1083/2359/4 1082/2356/4 1074/2360/4
f 1082/2356/4 1081/2355/4 1075/2357/4
f 1081/2355/4 1080/2354/4 1077/2351/4
f 1080/2354/4 1079/2353/4 1077/2351/4
f 1079/2353/4 1078/2352/4 1077/2351/4
f 1083/2359/4 1074/2360/4 1073/2362/4
f 1089/915/4 1088/350/4 1069/348/4
f 1091/2369/4 1090/2368/4 1067/2370/4
f 1090/2368/4 1089/915/4 1068/914/4
f 1067/2370/4 1090/2368/4 1068/914/4
f 1093/2373/4 1092/2371/4 1065/2374/4
f 1092/2371/4 1091/2369/4 1066/2372/4
f 1065/2374/4 1092/2371/4 1066/2372/4
f 1056/2376/4 1094/52/4 1062/2377/4
f 1094/52/4 1093/2373/4 1063/2375/4
f 1062/2377/4 1094/52/4 1063/2375/4
f 1059/2381/4 1058/2380/4 1060/2379/4
f 1058/2380/4 1057/2378/4 1060/2379/4
f 1057/2378/4 1056/2376/4 1060/2379/4
f 1081/2355/4 1077/2351/4 1076/2358/4
f 1081/2355/4 1076/2358/4 1075/2357/4
f 1061/2382/4 1060/2379/4 1056/2376/4
f 1062/2377/4 1061/2382/4 1056/2376/4
f 1082/2356/4 1075/2357/4 1074/2360/4
f 1084/2361/4 1073/2362/4 1072/2364/4
f 1064/2383/4 1063/2375/4 1093/2373/4
f 1065/2374/4 1064/2383/4 1093/2373/4
f 1086/2365/4 1072/2364/4 1071/2367/4
f 1088/350/4 1070/349/4 1069/348/4
f 1066/2372/4 1091/2369/4 1067/2370/4
f 6250/916/963 6247/1874/2426 6248/1463/1720
f 6248/1463/1720 6251/917/964 6250/916/963
f 6251/917/964 6254/330/322 6253/918/965
f 5979/919/966 5980/1243/1414 5983/920/967
f 2325/395/487 2324/160/138 2321/51/486
f 4553/922/969 4556/2629/3090 4557/923/3090
f 4557/923/970 4561/1784/2266 4566/711/757
f 4566/711/757 4565/1292/15 4560/924/63
f 4560/924/63 4547/345/339 4548/1532/1866
f 4548/1532/3091 4552/2630/3092 4553/922/3093
f 4557/923/970 4566/711/757 4560/924/63
f 4560/924/63 4548/1532/1866 4553/922/969
f 5405/777/825 5408/162/141 5407/925/971
f 4571/117/100 4570/2437/2788 4563/927/973
f 4808/928/974 4811/1497/1793 4810/929/975
f 3214/932/978 3203/1960/2587 3204/59/52
f 3214/932/978 3204/59/52 3205/734/778
f 3214/932/978 3205/734/778 3211/733/777
f 2833/933/776 2843/1112/780 2838/934/979
f 2843/1112/780 2842/1184/716 2838/934/979
f 2838/934/3094 2837/2631/3094 2832/47/3095
f 4352/851/3096 4356/2596/3097 4355/852/3098
f 4355/852/1655 4361/2597/2131 4360/1283/3020
f 4360/1283/2343 4359/1284/1455 4349/850/611
f 4349/850/611 4350/634/671 4352/851/981
f 4350/634/671 4353/2063/3099 4352/851/981
f 4355/852/610 4360/1283/2343 4349/850/611
f 6542/42/984 6539/41/1283 6543/46/982
f 6539/41/1283 6540/428/2507 6543/46/982
f 6543/46/982 6546/1344/1546 6545/520/983
f 3487/849/776 3497/848/780 3492/935/985
f 3497/848/780 3496/675/1888 3492/935/985
f 3492/935/3100 3491/2632/985 3486/841/2807
f 3633/750/792 3636/751/630 3635/749/291
f 5208/158/436 5209/157/435 5212/936/986
f 3397/938/302 3411/872/3101 3407/871/988
f 3411/872/3102 3410/2608/3103 3407/871/3104
f 3401/1136/1243 3396/1135/1242 3406/939/989
f 3396/1135/1242 3397/938/302 3406/939/989
f 3406/939/3105 3402/2607/3106 3401/1136/3107
f 4069/133/110 4070/135/112 4073/749/291
f 4920/206/990 4921/207/186 4924/205/184
f 2461/562/601 2458/558/594 2459/187/170
f 2992/941/291 2989/1068/112 2990/942/792
f 2993/943/630 2996/1193/1 2995/573/231
f 5937/360/351 5936/257/353 5932/590/631
f 5936/257/353 5935/774/2794 5931/588/231
f 3650/140/118 3649/139/117 3640/944/279
f 3640/944/279 3641/764/822 3645/856/848
f 4609/2175/3108 4608/149/3109 4603/150/3110
f 4608/149/840 4607/795/117 4598/300/2964
f 4603/150/2986 4608/149/840 4598/300/2964
f 4598/300/2964 4599/945/1418 4603/150/2986
f 4670/688/728 4666/2493/2892 4669/686/994
f 4666/2493/2892 4667/1581/1912 4669/686/994
f 4669/686/994 4673/1072/1151 4676/687/995
f 4673/1072/3111 4672/2494/3112 4676/687/3113
f 4676/687/995 4675/1588/1921 4670/688/728
f 2859/1246/1418 2860/1245/616 2874/1099/238
f 2863/905/3114 2864/2625/3115 2859/1246/3116
f 2868/906/3117 2869/2626/3118 2863/905/3119
f 2863/905/998 2859/1246/1418 2874/1099/238
f 2863/905/998 2874/1099/238 2873/947/996
f 3012/1087/3120 3016/2633/3121 3020/948/3122
f 3020/948/999 3019/2346/2750 3015/2634/2978
f 3007/581/849 3012/1087/2352 3020/948/999
f 3020/948/999 3015/2634/2978 3006/949/117
f 4433/2610/3123 4432/2611/3124 4437/874/3125
f 4436/875/3126 4441/2612/3127 4440/1722/3128
f 4428/120/3129 4433/2610/3123 4437/874/3125
f 4436/875/1001 4440/1722/3130 4427/296/273
f 4427/296/273 4428/120/2099 4437/874/1000
f 5607/290/3131 5610/2152/3132 5615/120/3133
f 5615/120/3058 5614/296/273 5607/290/298
f 2300/950/1002 2303/1111/1211 2302/951/1003
f 3661/752/1662 3666/2635/3134 3670/953/1005
f 3666/2635/3134 3671/2636/3135 3670/953/1005
f 3660/753/1007 3661/752/1662 3670/953/1005
f 4444/957/316 4438/2637/2749 4426/297/1161
f 4438/2637/2749 4425/2638/2629 4426/297/1161
f 4426/297/2748 4430/2639/2731 4434/955/3136
f 4430/2639/2731 4431/2640/3137 4434/955/3136
f 4440/1722/3138 4443/2641/2752 4445/1606/3139
f 4435/956/3140 4439/2642/3141 4440/1722/3142
f 4435/956/1009 4440/1722/3143 4445/1606/1962
f 4444/957/316 4426/297/1161 4434/955/1008
f 4435/956/1009 4445/1606/1962 4444/957/316
f 3644/360/808 3654/1601/1952 3653/770/817
f 3644/360/808 3653/770/817 3648/958/1010
f 3244/959/1012 3245/1405/3144 3256/460/896
f 3245/1405/3144 3252/2643/3145 3256/460/896
f 3252/2643/3145 3257/2449/2792 3256/460/896
f 3256/460/3146 3251/583/3147 3248/582/3148
f 3836/960/1013 3835/555/583 3832/961/1014
f 6495/1721/3149 6494/1573/1896 6491/963/1016
f 6491/963/1016 6488/207/2493 6489/509/1017
f 6492/964/1018 6495/1721/3149 6491/963/1016
f 4725/965/1019 4721/690/730 4722/691/1020
f 3039/81/1021 3044/1189/1316 3048/79/234
f 3044/1189/2683 3043/2067/2685 3048/79/3150
f 3048/79/234 3047/80/1022 3039/81/1021
f 3047/80/1022 3046/2065/3151 3041/2066/2607
f 3041/2066/2607 3038/325/316 3047/80/1022
f 5921/461/541 5916/2644/1312 5917/966/1023
f 5917/966/1023 5918/1342/780 5922/967/111
f 2671/282/259 2680/2337/3152 2676/172/153
f 2680/2337/3152 2685/2325/2677 2679/173/154
f 2676/172/153 2680/2337/3152 2679/173/154
f 2685/2325/2677 2684/174/155 2679/173/154
f 6143/103/83 6140/284/261 6141/377/367
f 5947/969/773 5954/2645/3153 5958/968/1025
f 5954/2645/3153 5959/2646/3154 5958/968/1025
f 5958/968/3155 5953/2647/3156 5950/465/3157
f 5958/968/1025 5950/465/457 5946/464/456
f 3064/608/1026 3063/2475/2849 3057/609/1027
f 3062/614/652 3067/2477/2852 3066/615/1029
f 3066/615/1029 3067/2477/2852 3071/1444/1687
f 3067/2477/2852 3076/970/1031 3071/1444/1687
f 3070/971/1033 3071/1444/1687 3076/970/1031
f 5658/833/876 5667/804/1691 5662/972/1034
f 5667/804/1691 5666/976/1692 5662/972/1034
f 5657/974/1036 5658/833/876 5662/972/1034
f 3837/975/1037 3834/1213/1373 3835/555/583
f 2551/615/653 2552/2477/2852 2556/1444/2274
f 2552/2477/2852 2561/970/1038 2556/1444/2274
f 2555/971/1039 2556/1444/2274 2561/970/1038
f 4480/804/566 4494/671/1495 4489/669/711
f 4489/669/711 4488/492/858 4484/491/857
f 4480/804/566 4489/669/711 4484/491/857
f 4480/804/566 4484/491/857 4483/493/859
f 6428/1878/635 6419/2648/3158 6420/1677/2092
f 6428/1878/635 6420/1677/2092 6429/978/433
f 6420/1677/2092 6421/979/1042 6429/978/433
f 3087/2649/3159 3088/1794/3160 3083/981/3161
f 3088/1794/2782 3091/595/433 3083/981/1044
f 3091/595/433 3090/552/635 3082/980/1043
f 3090/552/635 3081/2650/2783 3082/980/1043
f 6602/393/383 6603/1627/2001 6531/982/1045
f 5318/984/1047 5321/293/268 5320/673/714
f 5375/987/1050 5374/1217/1384 5371/988/1051
f 5371/988/1051 5368/1731/2182 5369/539/562
f 5369/539/562 5372/986/1049 5371/988/1051
f 3081/2650/2783 3072/2478/2854 3077/990/1053
f 3072/2478/2854 3073/624/1434 3077/990/1053
f 3082/980/1043 3081/2650/2783 3077/990/1053
f 5689/992/177 5691/592/176 5690/1470/203
f 5690/1470/203 5686/991/582 5689/992/177
f 3094/553/581 3091/595/433 3092/993/1054
f 5836/995/1055 5833/546/572 5834/996/1056
f 3964/46/39 3963/42/34 3960/41/33
f 6450/998/1059 6447/1379/2490 6448/983/2491
f 6448/983/2491 6451/999/1060 6450/998/1059
f 6451/999/1060 6454/160/855 6453/409/1061
f 3098/197/176 3099/196/175 3102/646/1062
f 3953/998/1063 3954/51/1335 3957/160/1064
f 4652/1000/1065 4649/995/1055 4650/997/1057
f 3107/287/264 3110/229/397 3109/231/697
f 2587/646/682 2590/1103/1279 2589/657/693
f 3110/229/397 3107/287/264 3108/658/1068
f 2389/526/542 2390/103/83 2318/55/82
f 4242/215/191 4243/902/1721 4246/500/1071
f 2650/704/1073 2649/17/12 2646/311/294
f 4795/1002/1074 4796/1055/1136 4799/232/1075
f 3117/1004/1077 3116/825/868 3113/405/399
f 4808/928/974 4805/1617/2118 4806/1005/1078
f 4805/1617/2118 4802/1346/1550 4803/1347/1551
f 4806/1005/1078 4805/1617/2118 4803/1347/1551
f 3978/115/1080 3979/137/1366 3982/508/1081
f 5223/1007/1083 5220/331/323 5221/333/325
f 3128/2274/2650 3127/2273/2649 3125/1010/1086
f 3127/2273/2649 3124/1011/1087 3125/1010/1086
f 3124/1011/1087 3121/1337/1539 3122/1009/1085
f 5877/235/210 5878/237/212 5881/1012/1088
f 3129/1015/1091 3128/2274/2650 3125/1010/1086
f 3125/1010/1086 3122/1009/1085 3126/1014/1090
f 3122/1009/1085 3123/2651/3162 3126/1014/1090
f 2731/664/3163 2735/2652/3164 2739/1016/3165
f 2739/1016/1092 2738/2653/3166 2734/2654/3167
f 2734/2654/3167 2725/2602/3168 2739/1016/1092
f 2725/2602/3168 2726/665/704 2739/1016/1092
f 4881/1019/1095 4878/1383/1607 4879/1325/1518
f 4879/1325/1518 4882/1324/3169 4881/1019/1095
f 4882/1324/3169 4885/1017/1093 4881/1019/1095
f 6365/2655/3170 6364/2656/3171 6369/1020/3172
f 6368/1021/3173 6373/2657/3174 6372/2658/3175
f 6360/26/3176 6365/2655/3170 6369/1020/3172
f 6368/1021/1097 6372/2658/3177 6359/27/19
f 6359/27/19 6360/26/18 6369/1020/1096
f 6107/205/184 6106/450/522 6103/206/185
f 5157/1680/1054 5156/1022/433 5150/1024/1099
f 5156/1022/433 5153/434/2782 5149/1023/1098
f 5153/434/3178 5154/2659/3179 5149/1023/3180
f 5150/1024/1099 5151/2660/657 5157/1680/1054
f 2952/1025/2421 2956/2661/3181 2957/353/1762
f 2965/351/689 2964/1030/15 2960/1026/63
f 2960/1026/63 2947/2467/3182 2948/2662/2589
f 2948/2662/3183 2951/2663/3184 2952/1025/3185
f 2957/353/1102 2965/351/689 2960/1026/63
f 2960/1026/63 2948/2662/2589 2952/1025/802
f 5341/1029/1105 5338/1905/2476 5342/2664/3186
f 5338/1905/2476 5339/1904/2475 5342/2664/3186
f 5342/2664/3186 5345/1027/1103 5341/1029/1105
f 2965/351/689 2968/653/688 2974/2487/2876
f 2974/2487/2876 2973/738/1106 2965/351/689
f 2973/738/1106 2972/849/776 2964/1030/15
f 6091/141/270 6092/142/506 6095/114/271
f 3813/1031/1107 3812/680/1314 3809/1032/1108
f 3156/319/309 3155/318/308 3152/1034/1110
f 2637/1034/1110 2638/1035/1111 2641/319/309
f 6548/1036/1112 6549/1607/3187 6552/1037/1113
f 2187/1040/1116 2314/2665/3188 2188/1894/2454
f 2314/2665/3188 2315/1705/2140 2188/1894/2454
f 2188/1894/2454 2191/435/422 2187/1040/1116
f 4287/142/149 4286/141/148 4283/241/1117
f 2602/1004/1077 2601/825/868 2598/405/867
f 2141/335/75 2142/4/75 2109/334/75
f 2276/454/445 2275/456/447 2272/882/926
f 5338/1905/2476 5337/2666/3189 5335/1044/1121
f 5337/2666/3189 5334/1042/1119 5335/1044/1121
f 5334/1042/1119 5331/1720/2163 5332/1043/1120
f 2658/336/326 2657/337/327 2654/338/328
f 2654/338/328 2651/16/11 2655/706/753
f 2651/16/11 2652/18/13 2655/706/753
f 3176/712/758 3173/336/326 3174/713/759
f 2657/337/327 2658/336/326 2661/712/758
f 2216/1047/1124 2213/2667/3190 2217/213/189
f 2213/2667/3190 2214/2316/2657 2217/213/189
f 2217/213/189 2220/212/188 2219/1046/1123
f 3835/555/583 3836/960/1013 3839/388/378
f 2271/69/59 2270/443/430 2267/442/429
f 4232/96/1126 4229/519/532 4230/10/528
f 4230/10/528 4233/97/530 4232/96/1126
f 4233/97/530 4236/516/526 4232/96/1126
f 6214/562/601 6211/558/594 6212/187/901
f 5288/1051/1129 5287/1499/1798 5363/1049/1127
f 5287/1499/1798 5284/50/3191 5363/1049/1127
f 5284/50/3192 5285/2668/3193 5363/1049/3194
f 5461/1052/1132 5458/1252/3195 5459/355/1130
f 5458/1252/3195 5455/510/518 5459/355/1130
f 5455/510/518 5456/158/136 5459/355/1130
f 3181/2669/3196 3182/1221/1388 3187/488/483
f 3182/1221/3197 3188/2453/3198 3187/488/3199
f 3196/60/53 3192/2670/3200 3193/487/1133
f 3192/2670/3200 3181/2669/3196 3187/488/483
f 3193/487/1133 3192/2670/3200 3187/488/483
f 2684/174/155 2687/253/1715 2693/1106/3201
f 2693/1106/3201 2692/1053/1134 2684/174/155
f 2692/1053/1134 2691/732/776 2683/1054/1135
f 5693/341/335 5690/1470/203 5691/592/176
f 3859/1055/1136 3858/1002/2257 3855/1056/1137
f 3855/1056/1137 3852/1633/2886 3856/503/510
f 3852/1633/2886 3853/668/708 3856/503/510
f 6195/191/1298 6194/107/492 6192/190/586
f 6194/107/492 6191/205/491 6192/190/586
f 6191/205/491 6188/207/940 6189/509/585
f 5908/1057/776 5918/1342/780 5913/1058/1138
f 5918/1342/780 5917/966/1023 5913/1058/1138
f 5913/1058/3202 5912/2671/3203 5907/21/3204
f 4575/2502/2910 4576/709/226 4585/2672/1666
f 4574/1060/1140 4575/2502/2910 4585/2672/1666
f 4574/1060/1140 4585/2672/1666 4584/1059/1139
f 3487/849/776 3488/738/782 3493/737/781
f 3493/737/781 3498/605/645 3497/848/780
f 3568/188/1141 3571/151/131 3570/152/133
f 4582/403/437 4583/845/780 4587/1562/107
f 4587/1562/107 4586/1061/541 4582/403/437
f 4868/1063/1143 4867/527/1227 4864/742/1144
f 5415/1065/1146 5418/2673/3205 5417/1066/1147
f 6093/347/505 6096/551/1337 6095/114/271
f 3579/284/1149 3580/377/906 3583/53/467
f 3504/1068/112 3505/942/792 3508/943/630
f 3234/1071/619 3233/797/841 3229/796/231
f 3229/796/231 3230/1069/631 3234/1071/619
f 5175/827/870 5174/2582/2990 5171/1074/1153
f 4546/343/1989 4547/345/339 4560/924/63
f 4560/924/63 4565/1292/15 4564/118/101
f 4564/118/101 4559/1678/2473 4554/277/253
f 4560/924/63 4564/118/101 4554/277/253
f 4550/276/1155 4546/343/1989 4560/924/63
f 4893/409/1156 4890/998/1484 4891/51/486
f 5526/1078/1159 5523/130/2252 5528/1076/1157
f 5523/130/2252 5524/1390/1617 5528/1076/1157
f 5524/1390/1617 5529/1389/1616 5528/1076/1157
f 5528/1076/1157 5532/1767/2240 5531/1077/1158
f 4418/298/3206 4422/2342/3207 4426/297/3208
f 4426/297/1161 4425/2638/2629 4421/2674/2639
f 4413/1079/1160 4418/298/1891 4426/297/1161
f 4426/297/1161 4421/2674/2639 4412/1080/1162
f 2903/888/933 2900/873/918 2904/1081/1163
f 2900/873/918 2901/1235/1407 2904/1081/1163
f 2904/1081/1163 2907/1155/1261 2906/1082/1164
f 2748/2675/3209 2738/2653/3166 2739/1016/1092
f 2739/1016/3210 2743/2676/3211 2744/1083/1165
f 2749/1084/1166 2748/2675/3209 2739/1016/1092
f 5241/1085/3212 5244/2677/3213 5245/1086/3214
f 5245/1086/1168 5249/58/51 5254/57/50
f 5254/57/50 5253/2589/3000 5241/1085/1167
f 5253/2589/3000 5248/2588/2999 5236/802/843
f 5241/1085/1167 5253/2589/3000 5236/802/843
f 5248/2588/2999 5235/803/844 5236/802/843
f 5236/802/3215 5240/2678/3216 5241/1085/3217
f 2868/906/997 2867/1118/1349 2858/904/279
f 2858/904/279 2859/1246/1418 2863/905/1169
f 2483/575/1418 2484/574/841 2498/723/238
f 2487/580/1171 2483/575/1418 2498/723/238
f 2487/580/1171 2498/723/238 2497/1087/1170
f 4998/113/96 4995/295/3218 4996/114/281
f 4835/1089/1173 4838/1381/3219 4837/220/196
f 4838/1381/3219 4841/1108/1208 4840/221/197
f 4837/220/196 4838/1381/3219 4840/221/197
f 6115/519/532 6112/108/91 6113/178/523
f 2763/1092/1185 2762/781/3220 2760/190/1176
f 2762/781/3220 2759/205/1174 2760/190/1176
f 2759/205/3221 2755/2679/3221 2753/2147/3222
f 2754/105/1175 2750/459/450 2751/2450/2793
f 2759/205/1174 2753/2147/3223 2754/105/1175
f 2751/2450/2793 2757/2680/1176 2754/105/1175
f 2757/2680/1176 2760/190/1176 2754/105/1175
f 3694/2621/3224 3705/1279/1448 3704/1276/654
f 3703/885/3225 3699/2622/3226 3698/886/3227
f 3694/2621/3224 3704/1276/654 3703/885/1177
f 3693/887/1179 3694/2621/3224 3703/885/1177
f 3881/505/512 3884/517/1570 3883/97/1180
f 4658/307/287 4657/308/288 4655/306/1183
f 4657/308/288 4654/1091/1182 4655/306/1183
f 4654/1091/1182 4651/1578/1907 4652/1000/1065
f 2354/205/184 2357/107/90 2356/109/92
f 5180/238/1184 5177/826/869 5178/828/871
f 3278/1092/1185 3281/786/1186 3280/513/521
f 3283/511/519 3280/513/521 3281/786/1186
f 2773/769/816 2770/2681/3228 2771/604/1187
f 2770/2681/3228 2767/2459/3229 2771/604/1187
f 2767/2459/3229 2768/511/830 2771/604/1187
f 4185/50/82 4186/54/2405 4189/501/1188
f 2778/1093/1189 2777/1614/2966 2774/767/287
f 2782/1096/1192 2779/2682/3230 2780/1094/1190
f 2779/2682/3230 2776/768/815 2777/1614/2966
f 2780/1094/1190 2779/2682/3230 2777/1614/2966
f 3038/325/316 3032/2345/2724 3020/948/999
f 3032/2345/2724 3019/2346/2750 3020/948/999
f 3020/948/1247 3024/2347/3231 3028/323/3232
f 3024/2347/3231 3025/2348/3233 3028/323/3232
f 3034/1570/2729 3037/2349/2730 3039/81/68
f 3029/324/3234 3033/2350/3235 3034/1570/3236
f 3029/324/314 3034/1570/3237 3039/81/1021
f 3038/325/316 3020/948/999 3028/323/314
f 3029/324/314 3039/81/1021 3038/325/316
f 3929/1097/1193 3926/2683/3238 3927/742/786
f 4332/152/332 4331/339/329 4328/562/598
f 3381/865/2911 3385/2601/2912 3386/867/3239
f 3376/1247/3240 3380/2600/3031 3381/865/2915
f 3389/1099/1196 3375/1245/1683 3376/1247/619
f 3389/1099/1196 3376/1247/619 3381/865/3241
f 3389/1099/1196 3381/865/3241 3386/867/1194
f 5399/1100/1197 5398/1736/2191 5395/1101/1198
f 3104/657/693 3101/645/681 3102/646/1062
f 4902/521/1201 4899/40/438 4900/42/494
f 2786/1104/1202 2782/1096/1192 2785/1105/1203
f 2782/1096/1192 2783/1095/1191 2785/1105/1203
f 2785/1105/1203 2789/1253/2154 2788/810/1204
f 2792/202/2262 2791/811/3242 2788/810/1204
f 2791/811/3242 2786/1104/1202 2788/810/1204
f 3307/202/677 3308/1254/1430 3312/203/2166
f 3208/1106/1205 3207/1053/1134 3199/174/228
f 3207/1053/1134 3206/732/776 3198/1054/1135
f 3199/174/228 3207/1053/1134 3198/1054/1135
f 2409/46/564 2408/42/1734 2405/540/565
f 2405/540/565 2402/41/386 2403/428/554
f 2403/428/554 2406/420/1206 2405/540/565
f 4935/96/1126 4932/519/532 4933/10/528
f 4933/10/528 4936/97/530 4935/96/1126
f 4936/97/530 4939/516/526 4935/96/1126
f 4843/1107/1207 4840/221/197 4841/1108/1208
f 2300/950/1002 2301/2451/2796 2304/1110/1210
f 2833/933/776 2834/847/2306 2839/846/1212
f 2834/847/2306 2840/2595/1212 2839/846/1212
f 2839/846/1212 2844/125/105 2843/1112/780
f 3488/738/782 3487/849/776 3479/1030/15
f 3480/351/887 3483/653/886 3489/2487/2247
f 3489/2487/2247 3488/738/782 3480/351/887
f 5877/235/210 5880/1013/1089 5879/1113/1213
f 4683/124/1215 4684/50/1763 4687/1115/1216
f 2345/115/508 2344/113/1642 2341/295/272
f 3346/48/41 3345/2343/2764 3338/310/293
f 3348/933/776 3349/847/891 3354/846/890
f 3354/846/890 3359/125/889 3358/1112/780
f 4059/726/1219 4060/2505/1775 4054/724/2919
f 4055/1771/2247 4056/727/226 4065/1203/646
f 4054/724/782 4055/1771/2247 4065/1203/646
f 4054/724/782 4065/1203/646 4064/725/1218
f 2346/137/1220 2349/508/793 2348/564/794
f 6152/160/387 6149/51/536 6150/501/534
f 2276/454/445 2273/68/58 2274/70/60
f 3388/947/1223 3392/1137/1244 3391/2684/3243
f 3391/2684/3243 3382/1118/1222 3388/947/1223
f 5515/891/936 5512/1055/2233 5513/233/1224
f 6077/160/138 6078/395/2377 6081/428/418
f 1371/2685/75 1372/2686/75 1393/2687/75
f 1372/2686/75 1373/2688/75 1392/2689/75
f 1393/2687/75 1372/2686/75 1392/2689/75
f 1393/2687/75 1394/2690/75 1371/2685/75
f 1370/2691/75 1371/2685/75 1394/2690/75
f 1368/2569/75 1369/2574/75 1395/2575/75
f 1369/2574/75 1370/2691/75 1395/2575/75
f 1366/1121/75 1367/2570/75 1398/2572/75
f 1367/2570/75 1368/2569/75 1396/2571/75
f 1397/2573/75 1367/2570/75 1396/2571/75
f 1364/2564/75 1365/2567/75 1401/2568/75
f 1365/2567/75 1366/1121/75 1400/1120/75
f 1364/2564/75 1401/2568/75 1402/2580/75
f 1362/1161/75 1363/2565/75 1404/2563/75
f 1363/2565/75 1364/2564/75 1403/2566/75
f 1404/2563/75 1363/2565/75 1403/2566/75
f 1406/52/75 1361/1159/75 1405/1160/75
f 1361/1159/75 1362/1161/75 1405/1160/75
f 1367/2570/75 1397/2573/75 1398/2572/75
f 1370/2691/75 1394/2690/75 1395/2575/75
f 1405/1160/75 1362/1161/75 1404/2563/75
f 1395/2575/75 1396/2571/75 1368/2569/75
f 1402/2580/75 1403/2566/75 1364/2564/75
f 1401/2568/75 1365/2567/75 1400/1120/75
f 1366/1121/75 1398/2572/75 1399/1119/75
f 2364/12/527 2363/10/528 2360/178/533
f 4866/1097/1226 4863/2683/3244 4864/742/1144
f 2882/938/302 2895/872/3245 2891/871/916
f 2886/1136/2302 2881/1135/1879 2890/939/1228
f 2881/1135/1879 2882/938/302 2890/939/1228
f 6579/1122/1229 6578/326/2310 6575/1123/1230
f 5155/1125/635 5156/1022/433 5159/1126/581
f 4075/1128/904 4076/258/231 4079/764/822
f 4076/258/231 4080/774/821 4079/764/822
f 4602/2/2 4612/911/914 4611/246/222
f 4602/2/2 4611/246/222 4606/1129/1232
f 5201/1131/1234 5198/1475/2114 5202/2692/3246
f 5198/1475/2114 5199/156/2070 5202/2692/3246
f 5202/2692/3246 5205/447/434 5201/1131/1234
f 5793/1129/3247 5792/2324/3248 5788/3/3249
f 5789/2/808 5799/911/914 5798/246/961
f 5798/246/3250 5797/2323/3251 5793/1129/3252
f 5793/1129/1232 5788/3/1729 5789/2/808
f 5751/118/1236 5752/1292/1470 5759/116/394
f 5752/1292/1470 5760/254/776 5759/116/394
f 5758/117/2574 5755/2149/3253 5751/118/3254
f 4450/601/2683 4460/2585/3255 4454/1782/3256
f 4460/2585/3255 4471/833/876 4454/1782/3256
f 4450/601/3257 4454/1782/3258 4449/2693/3259
f 4459/1713/2445 4453/1646/2044 4454/1782/3256
f 4459/1713/2445 4454/1782/3256 4471/833/876
f 4465/1133/3260 4458/2694/3261 4459/1713/3262
f 4465/1133/1238 4459/1713/2445 4471/833/876
f 4465/1133/1238 4471/833/876 4470/974/1237
f 6560/136/124 6559/563/2512 6556/1134/1239
f 4086/958/3263 4090/2528/3264 4091/770/3265
f 4081/257/2969 4085/2529/3266 4086/958/2971
f 4094/264/238 4080/774/821 4081/257/3
f 4094/264/238 4081/257/3 4086/958/3267
f 4094/264/238 4086/958/3267 4091/770/1240
f 2371/214/190 2372/515/525 2375/215/191
f 6118/96/1126 6115/519/532 6116/10/528
f 6116/10/528 6119/97/530 6118/96/1126
f 6119/97/530 6122/516/1241 6118/96/1126
f 3401/1136/1243 3400/2606/3041 3395/2695/3268
f 3395/2695/3268 3391/2684/3243 3392/1137/1244
f 3401/1136/1243 3395/2695/3268 3392/1137/1244
f 2731/664/703 2732/1210/1462 2740/1138/1246
f 2497/1087/1170 2498/723/238 2506/1139/302
f 2505/948/3269 2501/2633/3270 2497/1087/3271
f 320/2541/4 319/1978/4 331/2010/4
f 319/1978/4 382/1977/4 381/2012/4
f 381/2012/4 331/2010/4 319/1978/4
f 331/2010/4 330/2696/4 320/2541/4
f 320/2541/4 330/2696/4 321/2538/4
f 330/2696/4 329/2537/4 328/1140/4
f 322/2540/4 321/2538/4 330/2696/4
f 330/2696/4 328/1140/4 322/2540/4
f 328/1140/4 327/2536/4 325/2534/4
f 324/1141/4 328/1140/4 325/2534/4
f 327/2536/4 326/2535/4 325/2534/4
f 323/1142/4 322/2540/4 328/1140/4
f 4102/263/237 4116/2697/3272 4111/1143/1248
f 4116/2697/3273 4115/2698/3274 4111/1143/3275
f 4105/2699/3276 4101/138/3277 4110/1144/3278
f 4101/138/805 4102/263/237 4110/1144/1249
f 4110/1144/3278 4106/2700/3279 4105/2699/3276
f 4631/881/925 4635/880/3280 4622/1146/273
f 4622/1146/273 4623/912/2360 4632/1145/1250
f 3297/1096/1251 3294/2682/3230 3295/1094/1190
f 3294/2682/3230 3291/768/815 3292/1614/1980
f 3295/1094/1190 3294/2682/3230 3292/1614/1980
f 5580/1148/106 5579/1282/107 5576/321/1252
f 5579/1282/107 5575/1419/2248 5576/321/1252
f 6279/1151/1255 6275/1885/2437 6276/1149/1253
f 6276/1149/1253 6277/1429/1668 6280/1150/1254
f 4099/752/799 4104/2635/3281 4108/953/1256
f 4104/2635/3281 4109/2636/3282 4108/953/1256
f 4098/753/800 4099/752/799 4108/953/1256
f 5927/1152/225 5928/1257/291 5931/588/231
f 3220/523/107 3221/1400/106 3224/785/792
f 4190/409/1156 4187/998/1484 4188/51/486
f 3421/1082/1164 3420/1154/1260 3417/889/934
f 3417/889/934 3414/2605/3283 3415/873/1259
f 3418/888/933 3421/1082/1164 3417/889/934
f 3420/1154/1260 3421/1082/1164 3424/897/946
f 2907/1155/1261 2910/898/947 2909/897/946
f 4496/822/635 4497/823/433 4500/821/581
f 5434/1158/1264 5435/1452/3284 5438/828/1372
f 5438/828/1372 5437/826/1371 5434/1158/1264
f 5437/826/1371 5428/1248/1420 5434/1158/1264
f 5428/1248/1420 5429/1249/1422 5434/1158/1264
f 5429/1249/1422 5432/1156/2203 5434/1158/1264
f 2913/899/948 2916/2701/3285 2915/900/1265
f 2916/2701/3285 2919/483/477 2915/900/1265
f 2919/483/477 2918/482/476 2915/900/1265
f 266/1159/4 309/52/4 308/1160/4
f 6166/521/539 6163/1517/1816 6164/520/1266
f 6163/1517/1816 6160/40/1785 6164/520/1266
f 6160/40/1785 6161/42/1817 6164/520/1266
f 2918/482/476 2921/175/552 2920/177/1267
f 5906/1162/1268 5905/2702/2788 5898/1163/1269
f 4155/1164/566 4169/632/1495 4164/1309/1707
f 4169/632/3286 4168/2703/3287 4164/1309/710
f 4164/1309/1707 4163/628/664 4159/627/663
f 4155/1164/566 4164/1309/1707 4159/627/663
f 4155/1164/566 4159/627/663 4158/626/662
f 2921/175/552 2924/700/747 2923/176/157
f 2398/409/1272 2399/160/535 2402/41/386
f 5556/1168/3288 5560/1471/3289 5563/1166/2574
f 5563/1166/1273 5562/2704/2788 5555/1167/1274
f 6196/108/1276 6197/178/590 6200/10/1277
f 2590/1103/1279 2593/658/694 2592/287/264
f 2231/1169/1280 2228/295/389 2229/114/1281
f 6539/41/1283 6538/159/3290 6535/409/1284
f 3450/1422/1660 3451/907/1287 3455/1171/1286
f 3451/907/1287 3452/89/71 3456/1172/1288
f 3457/910/1289 3456/1172/1288 3453/88/70
f 3456/1172/1288 3452/89/71 3453/88/70
f 3616/724/768 3615/75/776 3607/1173/15
f 3608/729/1290 3611/728/1873 3617/1771/2920
f 3617/1771/2920 3616/724/768 3608/729/1290
f 5865/1174/2387 5864/1073/1152 5860/1072/1151
f 5537/634/1294 5868/1589/2326 5869/635/1295
f 4689/1177/1297 4686/1116/1217 4690/1566/1885
f 4686/1116/1217 4687/1115/1216 4690/1566/1885
f 4690/1566/1885 4693/1176/1296 4689/1177/1297
f 2946/570/3291 2950/2465/3292 2949/571/3293
f 2949/571/609 2955/2466/3294 2954/1644/1302
f 2954/1644/1302 2953/1649/1455 2943/572/611
f 2943/572/611 2944/1211/1358 2946/570/610
f 2944/1211/1358 2947/2467/3182 2946/570/610
f 2949/571/609 2954/1644/1302 2943/572/611
f 5012/191/1298 5015/11/1752 5014/178/590
f 4692/43/35 4693/1176/1296 4696/44/78
f 5613/297/1300 5612/2638/2750 5608/2674/2978
f 5600/1079/1299 5605/298/275 5613/297/1300
f 5613/297/1300 5608/2674/2978 5599/1080/117
f 3596/1179/3295 3602/2705/3296 3606/1180/3297
f 3606/1180/1303 3605/1230/1399 3595/1178/1301
f 3605/1230/1399 3594/2706/3298 3595/1178/1301
f 2972/849/776 2971/841/980 2964/1030/15
f 2971/841/980 2970/842/1833 2963/843/1304
f 2970/842/3299 2967/2593/2713 2963/843/3300
f 3927/742/786 3926/2683/3238 3923/1181/1305
f 3923/1181/1305 3920/1690/2107 3921/743/787
f 6239/1183/1307 6236/50/2483 6240/2707/3301
f 6236/50/2483 6237/54/2486 6240/2707/3301
f 6240/2707/3301 6243/1182/1306 6239/1183/1307
f 3356/1710/978 3345/2343/2764 3346/48/41
f 3347/47/3095 3352/2631/3302 3353/934/3303
f 3356/1710/978 3346/48/41 3347/47/40
f 3357/1184/1309 3356/1710/978 3347/47/40
f 3615/75/776 3616/724/768 3621/726/770
f 3621/726/770 3626/725/769 3625/1185/1310
f 2971/841/3095 2976/2632/3304 2977/935/3304
f 2980/1186/1312 2969/2708/2764 2970/842/1833
f 2980/1186/1312 2970/842/1833 2971/841/980
f 2980/1186/1312 2971/841/980 2977/935/1311
f 3814/295/1313 3811/1260/1436 3812/680/1314
f 3737/1187/581 3736/1903/582 3733/1188/635
f 2524/81/68 2525/1857/2315 2535/1450/2414
f 2525/1857/2315 2527/2709/2848 2535/1450/2414
f 2527/2709/2848 2536/1451/2415 2535/1450/2414
f 2534/1190/3305 2530/2710/3306 2529/1189/3307
f 2535/1450/2414 2534/1190/1317 2524/81/68
f 2682/61/3308 2686/1959/3309 2689/59/2574
f 2689/59/1318 2688/1960/2764 2681/60/1319
f 3503/1191/110 3500/677/717 3501/676/107
f 3505/942/792 3504/1068/112 3501/676/107
f 4763/29/1322 4762/1701/2136 4759/1192/2184
f 4762/1701/2136 4758/697/1956 4759/1192/2184
f 2484/574/841 2995/573/231 2485/1195/619
f 2995/573/231 2996/1193/1 2485/1195/619
f 4397/862/225 4394/863/110 4395/757/112
f 2700/931/1323 2701/736/780 2705/523/107
f 2705/523/107 2704/525/541 2700/931/1323
f 4824/1196/1325 4823/34/2388 4819/96/1324
f 4823/34/2388 4822/2711/3310 4819/96/1324
f 4346/526/614 4343/285/612 4344/284/613
f 5419/1197/1327 5416/1741/2199 5420/1198/1328
f 5416/1741/2199 5417/1066/1147 5420/1198/1328
f 5420/1198/1328 5423/1552/1864 5422/1199/1329
f 6330/1200/1330 6329/1333/1533 6326/1201/1331
f 4068/1204/106 4067/134/111 4064/725/1218
f 4067/134/111 4063/1185/780 4064/725/1218
f 2854/860/630 2853/1423/291 2850/854/112
f 3223/363/112 3226/364/291 3225/362/225
f 3506/1205/225 3507/941/291 3510/573/231
f 4016/285/1333 4013/283/1364 4014/259/907
f 6086/495/496 6087/494/495 6090/346/1334
f 3510/573/231 3507/941/291 3508/943/630
f 3954/51/1335 3951/50/466 3952/54/468
f 2343/551/1337 2346/137/1220 2345/115/508
f 5412/1207/1338 5411/163/142 5408/162/141
f 4004/562/1340 4005/189/1142 4008/152/133
f 3555/178/159 3552/107/161 3553/191/1341
f 4007/339/608 4008/152/133 4011/91/132
f 6474/1209/1345 6475/167/1581 6476/114/1343
f 6476/114/1343 6479/186/1794 6478/1134/1344
f 4006/188/1141 4009/151/131 4008/152/133
f 3564/187/250 3565/274/249 3568/188/1141
f 3416/1235/2424 3419/1081/1163 3415/873/1259
f 3419/1081/1163 3422/1155/1261 3421/1082/1164
f 3418/888/933 3419/1081/1163 3421/1082/1164
f 3969/242/1346 3968/241/1778 3965/521/1347
f 2873/947/996 2877/1137/2303 2876/2684/3311
f 2876/2684/3311 2867/1118/1349 2873/947/996
f 3539/113/1350 3536/295/1656 3537/114/119
f 4001/558/1352 3998/96/76 3999/97/77
f 3739/799/1353 3737/1187/581 3738/800/842
f 3738/800/842 3742/801/175 3739/799/1353
f 3256/460/2614 3255/1138/1354 3248/582/1011
f 3512/124/1356 3513/50/466 3516/51/1335
f 2944/1211/1358 2941/1172/3085 2942/910/959
f 3566/562/1340 3567/189/1142 3570/152/133
f 3988/190/173 3987/205/2655 3984/207/1359
f 3558/10/5 3555/178/159 3556/11/6
f 3581/526/1361 3582/103/1150 3513/55/466
f 3543/564/1082 3546/207/1382 3545/206/1362
f 3576/259/907 3579/284/1149 3578/285/1333
f 3975/114/1365 3976/551/2508 3979/137/1366
f 3263/2675/3312 3253/2653/3166 3254/1016/1367
f 3254/1016/3313 3258/2676/3314 3259/1083/3315
f 3264/1084/1369 3263/2675/3312 3254/1016/1367
f 4002/187/250 4003/274/249 4006/188/1141
f 5441/791/1370 5440/238/213 5437/826/1371
f 4772/555/583 4775/387/377 4774/975/1037
f 3996/10/5 3999/97/77 3998/96/76
f 3558/10/5 3559/12/7 3562/517/1374
f 3978/115/1080 3981/564/1082 3980/286/1375
f 3996/10/5 3997/12/7 4000/517/1374
f 4522/1216/1378 4525/1765/3316 4524/1214/1376
f 4525/1765/3316 4528/647/683 4527/649/685
f 4524/1214/1376 4525/1765/3316 4527/649/685
f 5839/1000/1379 5836/995/1055 5837/997/1057
f 3548/450/1380 3549/205/1383 3552/107/161
f 4017/284/1149 4018/377/906 4021/53/467
f 3548/450/1380 3545/206/1362 3546/207/1382
f 3951/55/466 4020/103/1381 4021/53/467
f 5374/1217/1384 5375/987/1050 5378/1218/1385
f 2989/1068/112 2992/941/291 2991/1205/225
f 2746/104/451 2750/459/450 2754/105/1175
f 2754/105/1175 2753/2147/3223 2745/106/86
f 2745/106/86 2740/1138/1246 2746/104/451
f 2740/1138/1246 2741/460/2846 2746/104/451
f 3175/1045/1389 3176/712/758 3179/1662/2067
f 3178/1220/3317 3183/2454/3318 3182/1221/3319
f 3175/1045/1389 3179/1662/2067 3178/1220/1387
f 3182/1221/1388 3181/2669/3196 3175/1045/1389
f 2282/913/962 2283/1473/1746 2286/1222/1390
f 3745/1223/1391 3586/754/801 3585/1224/1392
f 5191/1226/1394 5190/1374/1606 5187/239/1395
f 5211/937/987 5212/936/986 5215/1228/1397
f 3606/1180/3320 3610/2712/3321 3613/1229/2586
f 3613/1229/1398 3612/2713/2764 3605/1230/1399
f 3638/258/231 3635/749/291 3636/751/630
f 5047/284/613 5048/377/1786 5051/53/46
f 3206/732/776 3207/1053/1134 3212/735/1400
f 3207/1053/2919 3213/2510/3322 3212/735/3323
f 3212/735/1400 3217/745/105 3216/736/780
f 3615/75/776 3625/1185/1310 3620/489/1401
f 3625/1185/1310 3624/1392/716 3620/489/1401
f 3620/489/1401 3619/2455/1401 3614/490/2807
f 2690/734/3324 2695/2509/3325 2696/733/3326
f 2699/932/1312 2688/1960/2764 2689/59/1318
f 2699/932/1312 2689/59/1318 2690/734/1569
f 2699/932/1312 2690/734/1569 2696/733/1403
f 3144/683/3327 3148/2496/3328 3147/692/3329
f 2255/2714/3330 2253/416/408 2254/587/629
f 2254/587/629 2257/1232/1405 2255/2714/3330
f 2257/1232/1405 2265/439/426 2260/1231/1404
f 2255/2714/3330 2257/1232/1405 2259/358/349
f 2265/439/426 2264/438/425 2260/1231/1404
f 6350/762/3331 6354/2715/3332 6358/1233/3333
f 6358/1233/1406 6357/2716/2750 6353/2717/3334
f 6345/763/807 6350/762/806 6358/1233/1406
f 6358/1233/1406 6353/2717/3334 6344/1234/117
f 2895/872/3335 2896/2718/3336 2892/1236/3337
f 2893/1237/3338 2888/2719/3339 2889/1618/3340
f 2893/1237/3338 2889/1618/3340 2883/1619/3341
f 2883/1619/180 2884/2720/2922 2897/2721/3342
f 2897/2721/3342 2901/1235/1407 2883/1619/180
f 2901/1235/1407 2900/873/918 2892/1236/1408
f 2900/873/918 2895/872/3343 2892/1236/1408
f 2893/1237/1409 2883/1619/180 2901/1235/1407
f 4160/556/1900 4166/445/1899 4165/444/2855
f 4165/444/2855 4169/632/1495 4155/1164/566
f 4160/556/1900 4165/444/2855 4155/1164/566
f 4161/557/1411 4160/556/1900 4155/1164/566
f 5160/1240/842 5164/2722/175 5161/1239/177
f 5164/2722/175 5163/1682/176 5161/1239/177
f 3894/1612/1977 3891/35/1516 3888/1241/1412
f 3891/35/1516 3892/2723/3344 3888/1241/1412
f 3888/1241/1412 3889/1362/1571 3895/1242/1413
f 3898/1089/1173 3897/1088/1172 3888/1241/1412
f 3897/1088/1172 3894/1612/1977 3888/1241/1412
f 5979/919/966 5976/2318/2659 5977/219/195
f 2582/1244/203 2578/554/582 2581/198/177
f 2578/554/582 2579/553/581 2581/198/177
f 5762/2502/3345 5763/709/1872 5772/2672/1666
f 5761/1060/1417 5762/2502/3345 5772/2672/1666
f 5766/844/3346 5767/2594/3347 5761/1060/3348
f 5761/1060/1417 5772/2672/1666 5771/1059/1415
f 2859/1246/1418 2858/904/279 2855/859/904
f 2855/859/904 2856/858/231 2859/1246/1418
f 3377/866/2 3387/1776/2946 3386/867/1194
f 3377/866/2 3386/867/1194 3381/865/1419
f 5428/1248/1420 5425/1127/3349 5426/1126/1421
f 2490/1778/3350 2494/2503/3351 2495/722/3352
f 2485/1195/1670 2489/2504/3353 2490/1778/1010
f 2498/723/238 2484/574/841 2485/1195/619
f 2498/723/238 2485/1195/619 2490/1778/2707
f 2498/723/238 2490/1778/2707 2495/722/1423
f 3374/1246/822 3375/1245/1683 3389/1099/1196
f 3378/905/1673 3374/1246/822 3389/1099/1196
f 3383/906/954 3378/905/1673 3389/1099/1196
f 4108/953/3354 4107/2724/3355 4113/1250/3356
f 4112/1251/3357 4117/2725/3358 4116/2697/3359
f 4103/954/1257 4108/953/1256 4113/1250/1425
f 4112/1251/1426 4116/2697/3272 4102/263/237
f 4102/263/237 4103/954/1257 4113/1250/1425
f 3404/1618/3360 3403/2719/3361 3409/1237/3362
f 3408/1236/3363 3412/2718/3364 3411/872/3365
f 3398/1619/1991 3404/1618/1990 3409/1237/1425
f 3408/1236/1427 3411/872/3101 3397/938/302
f 3397/938/302 3398/1619/1991 3409/1237/1425
f 5213/1252/1428 5210/1780/2263 5211/937/987
f 2481/53/46 2394/54/47 2393/55/43
f 2394/54/47 2397/501/534 2396/51/536
f 2393/55/43 2394/54/47 2396/51/536
f 6085/521/1201 6082/40/438 6083/42/494
f 3307/202/677 3303/810/853 3304/1253/1429
f 4119/1255/1431 4114/2726/2724 4101/138/143
f 4114/2726/2724 4100/2173/2629 4101/138/143
f 4116/2697/3366 4118/2727/3367 4120/1270/3368
f 4111/1143/1248 4116/2697/3369 4120/1270/1442
f 4119/1255/1431 4101/138/143 4110/1144/1249
f 4111/1143/1248 4120/1270/1442 4119/1255/1431
f 4697/99/80 4700/2728/3370 4699/1256/1432
f 5928/1257/291 5927/1152/225 5924/1258/110
f 3072/2478/2854 3063/2475/2849 3068/625/1435
f 3063/2475/2849 3064/608/1026 3068/625/1435
f 3073/624/1434 3072/2478/2854 3068/625/1435
f 4748/1260/1436 4745/1315/1504 4746/1032/1437
f 3107/287/264 3104/657/693 3105/1103/1200
f 5687/821/581 5684/823/433 5685/1261/1054
f 2714/796/231 2711/364/291 2712/1263/630
f 5080/2458/3371 5084/2729/3372 5087/1491/3373
f 5087/1491/3374 5088/2730/3375 5093/1264/3376
f 5079/497/500 5080/2458/2809 5086/2731/3377
f 5080/2458/2809 5087/1491/3378 5086/2731/3377
f 5097/2732/3379 5086/2731/3377 5087/1491/3378
f 5097/2732/3379 5087/1491/3378 5093/1264/1439
f 5098/1266/1441 5097/2732/3379 5093/1264/1439
f 9/1940/4 8/1942/4 10/1268/4
f 8/1942/4 7/1269/4 10/1268/4
f 7/1269/4 6/2733/4 13/1937/4
f 6/2733/4 5/24/4 1/289/4
f 13/1937/4 6/2733/4 1/289/4
f 5/24/4 4/407/4 3/1945/4
f 3/1945/4 2/1946/4 5/24/4
f 2/1946/4 1/289/4 5/24/4
f 1/289/4 26/2339/4 13/1937/4
f 26/2339/4 25/2734/4 15/2735/4
f 25/2734/4 24/1441/4 15/2735/4
f 24/1441/4 23/132/4 21/1440/4
f 15/2735/4 24/1441/4 16/1442/4
f 23/132/4 22/1952/4 21/1440/4
f 21/1440/4 20/1954/4 16/1442/4
f 20/1954/4 19/334/4 17/2736/4
f 21/1440/4 16/1442/4 24/1441/4
f 19/334/4 18/5/4 17/2736/4
f 17/2736/4 16/1442/4 20/1954/4
f 15/2735/4 14/2737/4 26/2339/4
f 14/2737/4 13/1937/4 26/2339/4
f 13/1937/4 12/1939/4 7/1269/4
f 12/1939/4 11/1267/4 7/1269/4
f 4127/2581/3151 4122/2738/2607 4128/819/1443
f 4122/2738/2607 4119/1255/1431 4128/819/1443
f 4119/1255/1431 4120/1270/1442 4128/819/1443
f 4120/1270/1442 4125/2485/3380 4129/1271/66
f 5575/1419/2248 5579/1282/107 5574/1274/1444
f 5579/1282/107 5578/1272/717 5574/1274/1444
f 3707/619/656 3706/2739/3381 3700/1275/1445
f 4130/1640/1317 4131/887/932 4136/886/931
f 4125/2485/3382 4126/2740/3383 4130/1640/3384
f 4146/1278/876 4135/97/2939 4130/1640/1317
f 4135/97/2939 4125/2485/2871 4130/1640/1317
f 4146/1278/876 4130/1640/1317 4136/886/931
f 4146/1278/876 4136/886/931 4141/885/930
f 4146/1278/876 4141/885/930 4142/1276/1446
f 3705/1279/1448 3710/2741/3385 3709/1277/1449
f 4151/1281/1451 4156/1238/1410 4155/1164/566
f 4151/1281/1451 4155/1164/566 4146/1278/876
f 4151/1281/1451 4146/1278/876 4147/1277/1447
f 4153/2479/2854 4144/2739/2849 4149/618/1453
f 4144/2739/2849 4145/619/796 4149/618/1453
f 4154/1165/1271 4153/2479/2854 4149/618/1453
f 4146/1278/876 4155/1164/566 4150/617/1452
f 4155/1164/566 4154/1165/1271 4150/617/1452
f 4145/619/796 4146/1278/876 4150/617/1452
f 4392/1282/107 4388/1419/780 4389/321/311
f 4389/321/311 4390/1147/2721 4393/1148/106
f 5547/1283/1454 5552/2742/3386 5556/1168/1275
f 5556/1168/1275 5555/1167/1274 5546/1284/1455
f 3457/910/1289 3460/1212/673 3459/1211/1358
f 4457/2474/3387 4468/1509/1807 4467/831/654
f 4466/1285/3388 4462/2584/3389 4461/1286/1457
f 4457/2474/3387 4467/831/654 4466/1285/1456
f 4456/1287/1458 4457/2474/3387 4466/1285/1456
f 2768/511/830 2767/2459/3229 2764/512/1459
f 3095/994/842 3099/196/175 3096/198/177
f 3099/196/175 3098/197/176 3096/198/177
f 2724/1703/3263 2728/2743/3390 2729/959/3391
f 2719/1071/3392 2723/2744/3393 2724/1703/3394
f 2732/1210/1462 2718/797/616 2719/1071/619
f 2732/1210/1462 2719/1071/619 2724/1703/3267
f 2732/1210/1462 2724/1703/3267 2729/959/1460
f 3743/227/202 3740/228/203 3741/226/176
f 3585/1224/1392 3584/1533/1840 3743/227/202
f 6191/205/491 6194/107/492 6190/450/493
f 6194/107/492 6193/109/744 6190/450/493
f 6190/450/493 6187/206/1463 6191/205/491
f 2235/1288/1464 2232/1170/1282 2236/1289/1465
f 2232/1170/1282 2233/1490/1781 2236/1289/1465
f 2236/1289/1465 2239/1801/2283 2238/1290/1466
f 5559/1291/1468 5568/1483/226 5567/223/199
f 3760/99/80 3763/2728/3395 3762/1256/1432
f 5753/711/1469 5756/710/2334 5762/2502/3345
f 5761/1060/1417 5760/254/776 5752/1292/1470
f 5753/711/1469 5762/2502/3345 5761/1060/1417
f 2387/284/1471 2386/285/262 2383/283/260
f 6593/499/502 6590/92/2501 6591/500/503
f 4705/535/558 4702/2745/3396 4703/1293/1473
f 4702/2745/3396 4699/1256/1432 4700/2728/3370
f 4703/1293/1473 4702/2745/3396 4700/2728/3370
f 5082/1890/3397 5085/2746/3398 5091/1296/3399
f 5091/1296/3400 5090/2747/3401 5096/1297/3402
f 5095/1804/2293 5100/1803/2292 5099/2443/2775
f 5095/1804/2293 5099/2443/2775 5089/2748/3403
f 5081/1295/1475 5082/1890/2448 5091/1296/1476
f 5096/1297/1477 5095/1804/2293 5081/1295/1475
f 5095/1804/2293 5089/2748/3403 5081/1295/1475
f 1793/2075/75 1794/2121/75 1826/2074/75
f 1794/2121/75 1795/2120/75 1826/2074/75
f 1795/2120/75 1796/82/75 1825/83/75
f 1796/82/75 1797/2118/75 1824/84/75
f 1825/83/75 1796/82/75 1824/84/75
f 1797/2118/75 1798/2117/75 1823/2119/75
f 1798/2117/75 1799/2115/75 1822/2116/75
f 1799/2115/75 1800/2113/75 1822/2116/75
f 1800/2113/75 1801/2112/75 1821/2114/75
f 1801/2112/75 1802/2109/75 1820/2111/75
f 1802/2109/75 1803/2107/75 1819/2110/75
f 1803/2107/75 1804/2104/75 1818/2108/75
f 1804/2104/75 1805/2102/75 1817/2105/75
f 1803/2107/75 1818/2108/75 1819/2110/75
f 1805/2102/75 1806/2100/75 1816/2103/75
f 1806/2100/75 1807/2098/75 1814/2101/75
f 1807/2098/75 1808/2097/75 1813/2099/75
f 1808/2097/75 1809/2096/75 1812/2093/75
f 1813/2099/75 1808/2097/75 1812/2093/75
f 1809/2096/75 1810/2095/75 1812/2093/75
f 1810/2095/75 1811/2094/75 1812/2093/75
f 1806/2100/75 1814/2101/75 1815/2106/75
f 1814/2101/75 1807/2098/75 1813/2099/75
f 1802/2109/75 1819/2110/75 1820/2111/75
f 1798/2117/75 1822/2116/75 1823/2119/75
f 1800/2113/75 1821/2114/75 1822/2116/75
f 1821/2114/75 1801/2112/75 1820/2111/75
f 1826/2074/75 1795/2120/75 1825/83/75
f 1778/2091/75 1779/2090/75 1780/2087/75
f 1776/2086/75 1777/2085/75 1780/2087/75
f 1777/2085/75 1778/2091/75 1780/2087/75
f 1774/2082/75 1775/2081/75 1783/2083/75
f 1775/2081/75 1776/2086/75 1781/2088/75
f 1783/2083/75 1775/2081/75 1782/2089/75
f 1772/2079/75 1773/2078/75 1785/2080/75
f 1773/2078/75 1774/2082/75 1784/2084/75
f 1772/2079/75 1785/2080/75 1786/2092/75
f 1770/2077/75 1771/641/75 1787/2438/75
f 1771/641/75 1772/2079/75 1786/2092/75
f 1768/124/75 1769/2076/75 1788/2439/75
f 1769/2076/75 1770/2077/75 1788/2439/75
f 1830/419/75 1831/2068/75 1790/418/75
f 1831/2068/75 1768/124/75 1789/2440/75
f 1828/2071/75 1829/2070/75 1792/2072/75
f 1829/2070/75 1830/419/75 1791/417/75
f 1792/2072/75 1829/2070/75 1791/417/75
f 1826/2074/75 1827/2073/75 1793/2075/75
f 1827/2073/75 1828/2071/75 1792/2072/75
f 1793/2075/75 1827/2073/75 1792/2072/75
f 1831/2068/75 1789/2440/75 1790/418/75
f 1771/641/75 1786/2092/75 1787/2438/75
f 1776/2086/75 1780/2087/75 1781/2088/75
f 1781/2088/75 1782/2089/75 1775/2081/75
f 1806/2100/75 1815/2106/75 1816/2103/75
f 1805/2102/75 1816/2103/75 1817/2105/75
f 1774/2082/75 1783/2083/75 1784/2084/75
f 1817/2105/75 1818/2108/75 1804/2104/75
f 1784/2084/75 1785/2080/75 1773/2078/75
f 1797/2118/75 1823/2119/75 1824/84/75
f 1768/124/75 1788/2439/75 1789/2440/75
f 1770/2077/75 1787/2438/75 1788/2439/75
f 3776/299/276 3773/1301/1478 3774/719/763
f 2613/2274/2650 2612/2273/2888 2610/1010/1086
f 2612/2273/2888 2609/1011/1087 2610/1010/1086
f 2609/1011/1087 2606/1337/1539 2607/1009/1085
f 2087/2254/75 2088/2253/75 2089/2252/75
f 2089/2252/75 2090/2255/75 1989/2257/75
f 2090/2255/75 2091/52/75 1988/2256/75
f 2090/2255/75 1988/2256/75 1989/2257/75
f 2086/2258/75 2087/2254/75 2089/2252/75
f 2086/2258/75 2089/2252/75 1989/2257/75
f 2085/2260/75 2086/2258/75 1990/2259/75
f 2086/2258/75 1989/2257/75 1990/2259/75
f 2084/2262/75 2085/2260/75 1991/2261/75
f 2085/2260/75 1990/2259/75 1991/2261/75
f 2083/2263/75 2084/2262/75 1991/2261/75
f 2083/2263/75 1991/2261/75 1992/2264/75
f 2082/2265/75 2083/2263/75 1992/2264/75
f 2082/2265/75 1992/2264/75 2081/2267/75
f 1992/2264/75 1993/2266/75 2081/2267/75
f 2081/2267/75 1993/2266/75 2080/170/75
f 1993/2266/75 1994/2268/75 2080/170/75
f 2080/170/75 1994/2268/75 2005/169/75
f 1994/2268/75 1995/2269/75 2005/169/75
f 1995/2269/75 1996/2245/75 2005/169/75
f 1996/2245/75 1997/2251/75 2003/2244/75
f 2005/169/75 1996/2245/75 2003/2244/75
f 1997/2251/75 1998/2250/75 2003/2244/75
f 2062/2185/75 2063/2184/75 2064/2186/75
f 2060/2182/75 2061/2181/75 2059/2183/75
f 2061/2181/75 2062/2185/75 2065/2187/75
f 2059/2183/75 2061/2181/75 2058/2188/75
f 2058/2188/75 2061/2181/75 2065/2187/75
f 2062/2185/75 2064/2186/75 2065/2187/75
f 2065/2187/75 2066/2189/75 2058/2188/75
f 2058/2188/75 2066/2189/75 2057/2190/75
f 2056/2192/75 2057/2190/75 2067/2191/75
f 2057/2190/75 2066/2189/75 2067/2191/75
f 2055/2193/75 2056/2192/75 2067/2191/75
f 2055/2193/75 2067/2191/75 2068/2194/75
f 2054/2195/75 2055/2193/75 2068/2194/75
f 2054/2195/75 2068/2194/75 2069/2196/75
f 2051/2179/75 2052/2177/75 2071/2180/75
f 2052/2177/75 2053/2176/75 2070/2178/75
f 2053/2176/75 2054/2195/75 2069/2196/75
f 2053/2176/75 2069/2196/75 2070/2178/75
f 2052/2177/75 2070/2178/75 2071/2180/75
f 2050/2198/75 2051/2179/75 2015/2197/75
f 2051/2179/75 2071/2180/75 2015/2197/75
f 2033/2201/75 2034/2200/75 2035/2199/75
f 2031/2204/75 2032/2202/75 2030/2205/75
f 2032/2202/75 2033/2201/75 2036/2203/75
f 2030/2205/75 2032/2202/75 2029/2206/75
f 2029/2206/75 2032/2202/75 2036/2203/75
f 2033/2201/75 2035/2199/75 2036/2203/75
f 2036/2203/75 2037/2207/75 2029/2206/75
f 2029/2206/75 2037/2207/75 2028/2208/75
f 2027/2210/75 2028/2208/75 2038/2209/75
f 2028/2208/75 2037/2207/75 2038/2209/75
f 2026/2211/75 2027/2210/75 2038/2209/75
f 2026/2211/75 2038/2209/75 2039/2212/75
f 2023/2216/75 2024/2214/75 2042/2217/75
f 2024/2214/75 2025/2213/75 2041/2215/75
f 2025/2213/75 2026/2211/75 2039/2212/75
f 2025/2213/75 2039/2212/75 2040/2218/75
f 2022/2219/75 2023/2216/75 2043/2220/75
f 2024/2214/75 2041/2215/75 2042/2217/75
f 2020/2223/75 2021/2221/75 2044/2222/75
f 2021/2221/75 2022/2219/75 2044/2222/75
f 2020/2223/75 2044/2222/75 2045/2224/75
f 2018/2227/75 2019/2225/75 2047/2228/75
f 2019/2225/75 2020/2223/75 2046/2226/75
f 2046/2226/75 2020/2223/75 2045/2224/75
f 2016/2231/75 2017/2229/75 2049/2232/75
f 2017/2229/75 2018/2227/75 2048/2230/75
f 2049/2232/75 2017/2229/75 2048/2230/75
f 2013/2235/75 2014/2233/75 2073/1298/75
f 2014/2233/75 2015/2197/75 2072/2234/75
f 2073/1298/75 2014/2233/75 2072/2234/75
f 2015/2197/75 2016/2231/75 2050/2198/75
f 2050/2198/75 2016/2231/75 2049/2232/75
f 2025/2213/75 2040/2218/75 2041/2215/75
f 2012/1300/75 2013/2235/75 2073/1298/75
f 2010/154/75 2011/2236/75 2075/153/75
f 2011/2236/75 2012/1300/75 2074/1299/75
f 2075/153/75 2011/2236/75 2074/1299/75
f 2008/2238/75 2009/2237/75 2077/2239/75
f 2009/2237/75 2010/154/75 2076/155/75
f 2006/2241/75 2007/2240/75 2078/2242/75
f 2007/2240/75 2008/2238/75 2077/2239/75
f 2078/2242/75 2007/2240/75 2077/2239/75
f 2003/2244/75 2004/2243/75 2005/169/75
f 2005/169/75 2006/2241/75 2079/171/75
f 2009/2237/75 2076/155/75 2077/2239/75
f 2010/154/75 2075/153/75 2076/155/75
f 2002/2246/75 2003/2244/75 2000/2247/75
f 1999/2248/75 2003/2244/75 1998/2250/75
f 2023/2216/75 2042/2217/75 2043/2220/75
f 2000/2247/75 2001/2249/75 2002/2246/75
f 1999/2248/75 2000/2247/75 2003/2244/75
f 2022/2219/75 2043/2220/75 2044/2222/75
f 2079/171/75 2080/170/75 2005/169/75
f 2019/2225/75 2046/2226/75 2047/2228/75
f 2018/2227/75 2047/2228/75 2048/2230/75
f 2078/2242/75 2079/171/75 2006/2241/75
f 2015/2197/75 2071/2180/75 2072/2234/75
f 4710/1301/1478 4707/534/557 4708/536/634
f 3339/49/42 3338/310/293 3334/273/1481
f 3338/310/293 3329/2586/2997 3334/273/1481
f 3329/2586/2997 3323/2481/2856 3324/834/1479
f 3335/836/1481 3334/273/1481 3329/2586/2997
f 3335/836/1481 3329/2586/2997 3324/834/1479
f 3919/1302/1482 3922/744/788 3921/743/787
f 4890/998/1484 4887/124/1070 4888/50/82
f 3774/719/763 3775/1596/1937 3778/870/915
f 6316/1304/3404 6317/2749/3405 6311/1305/3406
f 6312/1769/2242 6313/2750/3407 6322/452/443
f 6311/1305/1486 6312/1769/2242 6322/452/443
f 6311/1305/1486 6322/452/443 6321/451/442
f 3780/42/277 3777/720/764 3778/870/915
f 3455/1171/1286 3456/1172/1288 3459/1211/1358
f 2210/42/1488 2214/2316/2657 2203/370/359
f 2214/2316/2657 2213/2667/3190 2203/370/359
f 2213/2667/3190 2211/2751/3408 2203/370/359
f 2211/2751/3408 2202/2388/2742 2203/370/359
f 2637/1034/1110 2640/318/308 2639/1306/1489
f 3829/30/22 3830/1308/1960 3833/962/1015
f 4763/29/1322 4764/1320/2185 4767/1308/1491
f 3794/64/57 3791/967/1942 3795/62/55
f 3791/967/1942 3792/1597/1939 3795/62/55
f 3795/62/55 3798/111/94 3797/63/56
f 6099/137/1220 6102/508/793 6101/564/1493
f 3734/446/433 3733/1188/635 3725/628/2126
f 3733/1188/635 3724/2480/2783 3725/628/2126
f 3734/446/433 3725/628/2126 3726/1309/1494
f 3726/1309/3409 3730/2703/3159 3731/632/712
f 5381/1310/1496 5378/1218/1385 5379/1311/1497
f 4733/1313/1499 4734/63/56 4737/110/93
f 6511/216/1501 6508/214/1984 6509/515/1502
f 5404/926/972 5401/1737/2192 5402/775/823
f 3806/816/1503 3809/1032/1108 3808/1315/1504
f 3810/1033/1109 3809/1032/1108 3806/816/1503
f 3811/1260/1436 3808/1315/1504 3809/1032/1108
f 3812/680/1314 3813/1031/1107 3816/551/1506
f 4643/544/570 4640/879/923 4644/545/571
f 4640/879/923 4641/1608/1966 4644/545/571
f 4644/545/571 4647/996/1904 4646/546/572
f 6328/1316/1507 6331/1600/1946 6330/1200/1330
f 5302/1317/1508 5305/128/108 5304/1318/1509
f 3826/29/1322 3824/681/3410 3822/1192/1320
f 3822/1192/1511 3823/478/472 3827/1320/1512
f 6292/1323/1515 6293/2752/3411 6301/1321/1513
f 6300/1322/3412 6296/2753/3413 6292/1323/3414
f 3942/1325/1518 3943/1367/1583 3946/1326/1519
f 3946/1326/1519 3949/1386/2110 3948/1017/1093
f 3948/1017/1093 3945/1324/1517 3946/1326/1519
f 3717/1164/1520 3731/632/1495 3726/1309/1494
f 3726/1309/1494 3725/628/2126 3721/627/2125
f 3717/1164/1520 3726/1309/1494 3721/627/2125
f 3717/1164/1520 3721/627/2125 3720/626/1521
f 3989/109/1523 3990/107/161 3993/178/795
f 4766/30/1492 4769/961/1014 4768/1327/1524
f 3831/1327/1526 3828/28/20 3829/30/22
f 6457/159/1528 6453/409/1061 6455/1328/1527
f 6453/409/1061 6454/160/855 6455/1328/1527
f 3963/42/34 3964/46/39 3967/494/1529
f 6047/1331/1532 6044/2754/3415 6045/1329/1530
f 6044/2754/3415 6041/245/221 6045/1329/1530
f 6041/245/221 6042/2322/2669 6045/1329/1530
f 6333/1332/231 6332/2755/904 6329/1333/1533
f 4769/961/1014 4770/962/1964 4773/960/1534
f 4658/307/287 4661/1435/1680 4660/1334/1535
f 3826/29/21 3825/1701/2580 3822/1192/1511
f 3825/1701/2580 3821/697/742 3822/1192/1511
f 3838/387/377 3839/388/378 3842/386/376
f 3806/816/1503 3803/1568/1886 3804/817/1537
f 3115/824/866 3116/825/868 3119/1336/1538
f 3119/1336/1538 3122/1009/1085 3121/1337/1539
f 3118/1338/1540 3115/824/866 3119/1336/1538
f 3843/1339/1541 3840/1421/1658 3844/1340/1542
f 3840/1421/1658 3841/1335/1536 3844/1340/1542
f 3844/1340/1542 3847/2491/2887 3846/1341/1543
f 2613/2274/2650 2610/1010/1086 2614/1015/1544
f 2610/1010/1086 2607/1009/1085 2611/1014/1090
f 2607/1009/1085 2608/2651/3162 2611/1014/1090
f 4212/115/508 4211/113/1642 4208/295/272
f 5919/1343/1545 5920/2756/646 5923/1597/106
f 5923/1597/106 5922/967/111 5919/1343/1545
f 6546/1344/1546 6549/1607/3187 6548/1036/1112
f 4858/743/1547 4857/1690/3416 4854/1345/1548
f 3865/1346/1550 3862/232/207 3863/234/209
f 4800/234/1552 4803/1347/1551 4802/1346/1550
f 6391/1349/3417 6390/2757/3418 6397/1348/3419
f 6396/1669/797 6395/562/2464 6384/2327/2681
f 6397/1348/1553 6396/1669/797 6384/2327/2681
f 6397/1348/1553 6384/2327/2681 6385/261/235
f 5988/1350/3420 5992/2758/3421 5991/1351/1556
f 6417/1902/2472 6423/1629/2002 6422/2759/3422
f 6422/2759/3423 6427/2760/3424 6426/977/3425
f 6422/2759/3422 6426/977/1495 6412/541/566
f 6417/1902/2472 6422/2759/3422 6412/541/566
f 6418/1353/1559 6417/1902/2472 6412/541/566
f 5728/1354/1560 5731/1531/1838 5730/1355/1561
f 2222/1357/1563 2219/1046/1123 2220/212/188
f 2305/1406/1644 2306/1407/1645 2308/1360/1566
f 2306/1407/1645 2309/1876/2429 2308/1360/1566
f 2309/1876/2429 2312/1358/1564 2308/1360/1566
f 3180/1661/3426 3184/2271/3427 3185/281/3428
f 3189/2272/3429 3179/1662/2067 3180/1661/2066
f 3189/2272/3429 3180/1661/2066 3198/1054/1135
f 3180/1661/2066 3185/281/2699 3198/1054/1135
f 3199/174/228 3198/1054/1135 3185/281/2699
f 3199/174/228 3185/281/2699 3191/172/257
f 6071/50/549 6074/51/486 6073/998/1484
f 3819/479/473 3818/698/743 3814/295/1313
f 3815/114/3430 3817/1811/2313 3819/479/2314
f 3883/97/1180 3882/96/1324 3879/1361/1568
f 2691/732/776 2701/736/780 2696/733/1403
f 2701/736/780 2700/931/1323 2696/733/1403
f 3888/1241/1412 3887/1196/1325 3884/517/1570
f 3887/1196/1325 3883/97/1180 3884/517/1570
f 3886/34/1702 3887/1196/1325 3891/35/1516
f 6042/2322/2669 6043/2761/3431 6045/1329/1530
f 6043/2761/3431 6046/2762/3432 6045/1329/1530
f 6046/2762/3432 6049/1363/1575 6045/1329/1530
f 5219/1364/1576 5220/331/323 5223/1007/1083
f 4351/636/673 4364/2763/2346 4363/77/3433
f 4363/77/2599 4362/2062/3434 4358/76/3435
f 4358/76/3436 4357/2064/3437 4354/1365/3438
f 4354/1365/1578 4353/2063/3099 4350/634/671
f 4351/636/673 4363/77/3433 4358/76/3439
f 4358/76/3439 4354/1365/1578 4351/636/673
f 4701/1366/1579 4698/1519/1820 4702/2745/3396
f 4698/1519/1820 4699/1256/1432 4702/2745/3396
f 4702/2745/3396 4705/535/558 4701/1366/1579
f 6472/142/2510 6473/347/1677 6475/167/1581
f 6473/347/1677 6477/551/1580 6475/167/1581
f 3939/267/1582 3940/1653/2058 3943/1367/1583
f 4816/1361/1584 4813/1634/2012 4814/506/1585
f 3902/1368/1586 3903/221/1780 3906/1107/1587
f 3907/1109/1589 3910/1372/1592 3909/1370/1590
f 3912/1371/1591 3909/1370/1590 3910/1372/1592
f 5449/96/1596 5446/1382/3440 5447/1374/1594
f 5446/1382/3440 5443/240/215 5447/1374/1594
f 5443/240/215 5444/239/214 5447/1374/1594
f 5316/672/713 5313/1376/1598 5317/985/1048
f 5313/1376/1598 5310/473/464 5311/33/25
f 5314/1375/1597 5313/1376/1598 5311/33/25
f 5476/1377/1599 5473/1638/2031 5474/740/784
f 5474/740/784 5477/739/783 5476/1377/1599
f 5477/739/783 5480/146/2358 5479/1378/1600
f 2705/523/107 2706/1400/106 2709/785/792
f 6529/1379/1601 6601/394/384 6602/393/383
f 6083/42/494 6084/46/1712 6087/494/495
f 3933/529/545 3936/1472/1745 3935/565/603
f 4874/1380/1602 4873/1472/1745 4870/529/602
f 3904/1108/1208 3903/221/1780 3901/1381/1603
f 3903/221/1780 3900/220/196 3901/1381/1603
f 3900/220/196 3897/1088/1172 3898/1089/1173
f 5193/97/1604 5192/96/1847 5189/1382/1605
f 5191/1226/1394 5194/517/1842 5193/97/1604
f 4878/1383/1607 4875/1077/2022 4876/267/1608
f 3847/2491/2887 3844/1340/1542 3848/1385/1610
f 3844/1340/1542 3841/1335/1536 3842/386/376
f 3845/1384/1609 3844/1340/1542 3842/386/376
f 2446/519/1278 2447/10/87 2450/326/317
f 2450/326/317 2453/97/318 2452/96/2734
f 2452/96/2734 2449/327/1611 2450/326/317
f 4885/1017/1093 4882/1324/3169 4883/1326/1612
f 4882/1324/3169 4879/1325/1518 4883/1326/1612
f 4879/1325/1518 4880/1367/1583 4883/1326/1612
f 3525/42/34 3526/46/39 3529/494/1529
f 4655/306/1183 4652/1000/1065 4653/1001/1066
f 4653/1001/1066 4656/1461/3441 4655/306/1183
f 4656/1461/3441 4659/1387/1614 4655/306/1183
f 4997/551/577 4996/114/281 4993/167/578
f 4993/167/578 4990/142/216 4991/347/341
f 4991/347/341 4994/550/576 4993/167/578
f 5524/1390/1617 5525/1583/1915 5530/1388/1615
f 5525/1583/1915 5527/2764/3442 5530/1388/1615
f 5527/2764/3442 5535/1653/2686 5530/1388/1615
f 5535/1653/2686 5534/268/242 5530/1388/1615
f 5258/1391/1618 5264/2765/3443 5273/746/789
f 5264/2765/3443 5274/2766/3444 5273/746/789
f 5262/1802/2288 5257/1700/2135 5263/748/791
f 5257/1700/2135 5258/1391/1618 5263/748/791
f 4061/2767/1312 4050/2713/2587 4051/1229/2146
f 4061/2767/1312 4051/1229/2146 4052/490/485
f 4062/1392/1619 4061/2767/1312 4052/490/485
f 3524/40/32 3521/159/401 3522/41/38
f 4011/91/132 4014/259/907 4013/283/1364
f 3575/283/1364 3572/164/2829 3573/91/132
f 3527/521/1347 3524/40/32 3525/42/34
f 3543/564/1082 3544/508/2295 3547/509/1360
f 3969/242/1346 3966/495/1348 3967/494/1529
f 4015/168/908 4014/259/907 4011/91/132
f 4948/92/1072 4949/500/1071 4952/317/1623
f 4952/317/1623 4955/168/306 4954/259/307
f 4954/259/307 4951/499/1622 4952/317/1623
f 3581/526/1361 3578/285/1333 3579/284/1149
f 3985/509/1360 3984/207/1359 3981/564/1082
f 2244/413/405 2241/401/392 2242/1393/1624
f 3563/558/1352 3560/96/76 3561/97/77
f 3532/346/1620 3535/347/1636 3534/142/121
f 5068/391/2069 5078/1889/2447 5073/1395/1626
f 5078/1889/2447 5077/1891/2449 5073/1395/1626
f 5067/1397/1628 5068/391/2069 5073/1395/1626
f 5258/1391/1618 5253/2589/3000 5254/57/50
f 3367/857/225 3368/1423/291 3371/858/231
f 3984/207/1359 3987/205/2655 3986/450/1380
f 6519/317/504 6522/14/9 6521/1399/1630
f 2459/187/170 2458/558/594 2456/516/593
f 2458/558/594 2455/1048/1631 2456/516/593
f 2455/1048/1631 2452/96/2734 2453/97/318
f 3540/115/1351 3543/564/1082 3542/286/1363
f 2333/495/496 2334/494/495 2337/346/1334
f 2705/523/107 2701/736/780 2702/745/1632
f 2702/745/1632 2703/2514/646 2706/1400/106
f 5697/340/334 5694/342/336 5695/591/1633
f 3564/187/250 3567/189/1142 3566/562/1340
f 6114/11/1225 6113/178/523 6110/107/90
f 3954/51/1335 3953/998/1063 3950/124/1356
f 3973/347/1636 3976/551/2508 3975/114/1365
f 5066/1404/3445 5067/1397/1628 5072/1396/1627
f 5073/1395/1626 5077/1891/2449 5082/1890/2448
f 5072/1396/1627 5073/1395/1626 5082/1890/2448
f 5082/1890/2448 5081/1295/1475 5072/1396/1627
f 5081/1295/1475 5076/2768/3446 5066/1404/3445
f 5072/1396/1627 5081/1295/1475 5066/1404/3445
f 5076/2768/3446 5071/2769/3446 5066/1404/3445
f 5071/2769/3446 5061/1402/3447 5066/1404/3445
f 3580/377/906 3579/284/1149 3576/259/907
f 3574/90/1640 3577/168/908 3576/259/907
f 2730/1405/1641 2737/2643/3448 2741/460/452
f 2737/2643/3448 2742/2449/2792 2741/460/452
f 2741/460/452 2733/582/1461 2729/959/1460
f 4914/113/1642 4915/115/508 4918/564/794
f 4019/526/1361 4016/285/1333 4017/284/1149
f 2305/1406/1644 2302/951/1003 2303/1111/1211
f 3550/190/173 3549/205/1383 3546/207/1382
f 5069/1410/1648 5075/496/499 5074/498/501
f 5069/1410/1648 5074/498/501 5063/1735/3449
f 5069/1410/1648 5063/1735/3449 5064/1408/1646
f 3260/106/86 3268/2147/1266 3267/1411/1649
f 3267/1411/1649 3264/1084/1369 3259/1083/1368
f 3254/1016/2225 3255/1138/1354 3259/1083/1368
f 3255/1138/1354 3260/106/86 3259/1083/1368
f 2505/948/1650 2504/2346/2629 2500/2634/2978
f 2492/581/621 2497/1087/1170 2505/948/1650
f 2505/948/1650 2500/2634/2978 2491/949/117
f 2710/362/225 2711/364/291 2714/796/231
f 4782/1384/1609 4785/1385/3450 4781/1340/1542
f 4785/1385/3450 4784/2491/3451 4781/1340/1542
f 4781/1340/1542 4778/1335/1536 4779/386/376
f 5439/1414/1652 5438/828/1372 5433/1415/1653
f 5438/828/1372 5435/1452/3284 5433/1415/1653
f 5435/1452/3284 5436/1742/2202 5433/1415/1653
f 5433/1415/1653 5432/1156/2203 5429/1249/1422
f 5429/1249/1422 5430/1413/1651 5433/1415/1653
f 4026/2520/3452 4041/1479/1766 4025/1417/1655
f 4041/1479/1766 4045/1173/15 4025/1417/1655
f 4045/1173/15 4044/1180/2148 4040/2705/3453
f 4034/1179/3454 4035/2770/3455 4028/1416/1768
f 4045/1173/15 4040/2705/3453 4034/1179/1849
f 4028/1416/3456 4029/2771/3456 4025/1417/3457
f 4045/1173/15 4034/1179/1849 4028/1416/1654
f 3971/141/120 3972/142/121 3975/114/1365
f 2337/346/1334 2340/347/505 2339/142/506
f 3735/1418/1657 3738/800/842 3737/1187/581
f 3623/2767/1312 3612/2713/2764 3613/1229/1398
f 3623/2767/1312 3613/1229/1398 3614/490/1402
f 3624/1392/716 3623/2767/1312 3614/490/1402
f 4053/75/229 4054/724/782 4059/726/1219
f 4059/726/1219 4064/725/1218 4063/1185/780
f 4378/1420/229 4379/224/313 4384/322/312
f 4384/322/312 4389/321/311 4388/1419/780
f 3840/1421/1658 3837/975/1037 3838/387/377
f 4067/134/111 4068/1204/106 4071/750/792
f 6075/501/1188 6074/51/486 6071/50/549
f 3219/525/541 3214/932/978 3215/931/977
f 3215/931/977 3216/736/780 3220/523/107
f 1729/2168/75 1730/2166/75 1731/2167/75
f 1731/2167/75 1732/2165/75 1733/429/75
f 1733/429/75 1734/122/75 1739/431/75
f 1734/122/75 1735/2164/75 1737/2162/75
f 1735/2164/75 1736/2163/75 1737/2162/75
f 1737/2162/75 1738/2161/75 1739/431/75
f 1739/431/75 1716/124/75 1721/430/75
f 1716/124/75 1717/2160/75 1721/430/75
f 1717/2160/75 1718/2158/75 1719/2159/75
f 1719/2159/75 1720/2157/75 1721/430/75
f 1721/430/75 1722/123/75 1727/2169/75
f 1722/123/75 1723/2156/75 1725/2154/75
f 1723/2156/75 1724/2155/75 1725/2154/75
f 1725/2154/75 1726/2153/75 1727/2169/75
f 1727/2169/75 1728/584/75 1733/429/75
f 1728/584/75 1729/2168/75 1733/429/75
f 1729/2168/75 1731/2167/75 1733/429/75
f 1734/122/75 1737/2162/75 1739/431/75
f 1717/2160/75 1719/2159/75 1721/430/75
f 1722/123/75 1725/2154/75 1727/2169/75
f 1721/430/75 1727/2169/75 1733/429/75
f 2937/89/71 2941/1172/3085 2936/907/1287
f 2941/1172/3085 2940/1171/1661 2936/907/1287
f 3366/853/792 3369/860/630 3368/1423/291
f 184/2312/4 183/2314/4 182/2313/4
f 182/2313/4 181/2311/4 184/2312/4
f 181/2311/4 180/2309/4 184/2312/4
f 180/2309/4 179/2306/4 185/2310/4
f 179/2306/4 178/2305/4 187/2307/4
f 178/2305/4 177/210/4 189/208/4
f 177/210/4 176/1425/4 190/209/4
f 189/208/4 177/210/4 190/209/4
f 176/1425/4 175/2303/4 191/1424/4
f 175/2303/4 174/2301/4 192/2304/4
f 174/2301/4 173/2300/4 193/2302/4
f 173/2300/4 172/2299/4 194/52/4
f 193/2302/4 173/2300/4 194/52/4
f 172/2299/4 171/2296/4 169/2294/4
f 171/2296/4 170/2295/4 169/2294/4
f 175/2303/4 192/2304/4 191/1424/4
f 179/2306/4 187/2307/4 186/2308/4
f 187/2307/4 178/2305/4 188/2315/4
f 185/2310/4 184/2312/4 180/2309/4
f 174/2301/4 193/2302/4 192/2304/4
f 172/2299/4 169/2294/4 151/2298/4
f 186/2308/4 185/2310/4 179/2306/4
f 163/2284/4 162/2283/4 161/2280/4
f 161/2280/4 160/2278/4 164/2281/4
f 160/2278/4 159/2277/4 158/2279/4
f 160/2278/4 158/2279/4 157/2282/4
f 164/2281/4 163/2284/4 161/2280/4
f 165/2285/4 164/2281/4 157/2282/4
f 165/2285/4 157/2282/4 156/2286/4
f 160/2278/4 157/2282/4 164/2281/4
f 165/2285/4 156/2286/4 166/2287/4
f 156/2286/4 155/2288/4 166/2287/4
f 166/2287/4 155/2288/4 154/2289/4
f 167/2290/4 166/2287/4 154/2289/4
f 167/2290/4 154/2289/4 153/2291/4
f 168/2292/4 167/2290/4 152/2293/4
f 167/2290/4 153/2291/4 152/2293/4
f 188/2315/4 178/2305/4 189/208/4
f 169/2294/4 168/2292/4 151/2298/4
f 168/2292/4 152/2293/4 151/2298/4
f 151/2298/4 150/2297/4 194/52/4
f 150/2297/4 149/124/4 194/52/4
f 151/2298/4 194/52/4 172/2299/4
f 3386/867/1194 3387/1776/2946 3390/1098/1195
f 3387/1776/2946 3394/1426/1662 3390/1098/1195
f 4796/1055/1136 4795/1002/1074 4792/1056/1665
f 4792/1056/1665 4789/1633/2009 4793/503/1664
f 4789/1633/2009 4790/668/708 4793/503/1664
f 5600/1079/3458 5601/2772/3459 5595/1569/3460
f 5595/1569/3461 5596/2773/3462 5591/1797/3463
f 5591/1797/2347 5592/1796/2275 5606/291/224
f 5595/1569/3464 5591/1797/2347 5606/291/224
f 5600/1079/1299 5595/1569/3464 5606/291/224
f 2396/51/536 2395/998/1731 2392/52/45
f 2392/52/45 2479/526/614 2393/50/43
f 2479/526/614 2480/103/615 2393/50/43
f 3363/126/106 3362/127/107 3359/125/889
f 3362/127/107 3358/1112/780 3359/125/889
f 5023/97/318 5024/517/3465 5027/514/1667
f 5027/514/1667 5030/274/900 5026/516/593
f 5030/274/900 5029/187/170 5026/516/593
f 2768/511/830 2769/787/832 2772/602/642
f 2772/602/642 2775/603/643 2771/604/1187
f 2775/603/643 2774/767/287 2771/604/1187
f 6271/1883/2435 6266/2395/2758 6272/1430/1669
f 6266/2395/2758 6267/2774/3466 6272/1430/1669
f 6267/2774/3466 6269/2775/3467 6272/1430/1669
f 6269/2775/3467 6277/1429/1668 6272/1430/1669
f 4397/862/225 4398/759/291 4401/1431/231
f 3000/1195/1670 2999/574/616 3510/573/231
f 3510/573/231 3511/1193/631 3000/1195/1670
f 2994/1206/904 2995/573/231 2483/575/1418
f 2995/573/231 2484/574/841 2483/575/1418
f 5319/674/715 5320/673/714 5323/292/267
f 4599/945/1418 4600/1829/616 4614/248/224
f 4603/150/1673 4599/945/1418 4614/248/224
f 4603/150/1673 4614/248/224 4613/148/1672
f 3670/953/3468 3669/2724/3469 3675/1250/3470
f 3674/1251/3471 3679/2725/3472 3678/2697/3473
f 3665/954/1006 3670/953/1005 3675/1250/1674
f 3674/1251/1675 3678/2697/3474 3664/263/302
f 3664/263/302 3665/954/1006 3675/1250/1674
f 3176/712/758 3175/1045/1389 3172/337/327
f 5867/1434/1676 5868/1589/2326 5537/634/1294
f 434/4/4 433/335/4 401/334/4
f 433/335/4 402/1041/4 401/334/4
f 401/334/4 400/5/4 434/4/4
f 434/4/4 400/5/4 435/6/4
f 400/5/4 399/2736/4 436/193/4
f 399/2736/4 398/1442/4 438/1921/4
f 436/193/4 399/2736/4 437/1922/4
f 438/1921/4 437/1922/4 399/2736/4
f 6472/142/2510 6471/1038/1678 6473/347/1677
f 6471/1038/1678 6468/242/1882 6469/346/1679
f 2666/2669/3475 2667/1221/2440 2672/488/483
f 2681/60/1319 2677/2670/3476 2678/487/482
f 2677/2670/3476 2666/2669/3475 2672/488/483
f 2678/487/482 2677/2670/3476 2672/488/483
f 4668/2776/3477 4667/1581/1912 4665/1437/1682
f 4667/1581/1912 4664/1580/1911 4665/1437/1682
f 4664/1580/1911 4661/1435/1680 4665/1437/1682
f 6112/108/91 6109/109/92 6110/107/90
f 3374/1246/822 3373/904/279 3370/859/904
f 3370/859/904 3371/858/231 3374/1246/822
f 5550/77/2250 5551/2763/2346 5558/225/1467
f 5551/2763/2346 5559/1291/1468 5558/225/1467
f 6383/2777/3478 6382/2329/3479 6387/1439/3480
f 6382/2329/1961 6377/262/236 6387/1439/1685
f 6377/262/236 6378/1694/2121 6388/1438/1684
f 6378/1694/2121 6380/2778/3481 6388/1438/1684
f 6380/2778/3481 6389/2779/3224 6388/1438/1684
f 1110/1442/75 1111/2736/75 1114/1954/75
f 1111/2736/75 1112/5/75 1113/334/75
f 1114/1954/75 1111/2736/75 1113/334/75
f 1114/1954/75 1115/1440/75 1110/1442/75
f 1115/1440/75 1116/1952/75 1117/132/75
f 1118/1441/75 1115/1440/75 1117/132/75
f 1118/1441/75 1119/2734/75 1109/2735/75
f 1119/2734/75 1120/2339/75 1108/2737/75
f 1120/2339/75 1095/289/75 1107/1937/75
f 1095/289/75 1096/1946/75 1100/2733/75
f 1120/2339/75 1107/1937/75 1108/2737/75
f 1096/1946/75 1097/1945/75 1098/407/75
f 1098/407/75 1099/24/75 1096/1946/75
f 1099/24/75 1100/2733/75 1096/1946/75
f 1100/2733/75 1101/1269/75 1107/1937/75
f 1101/1269/75 1102/1942/75 1104/1268/75
f 1102/1942/75 1103/1940/75 1104/1268/75
f 1104/1268/75 1105/1267/75 1101/1269/75
f 1105/1267/75 1106/1939/75 1101/1269/75
f 1106/1939/75 1107/1937/75 1101/1269/75
f 1100/2733/75 1107/1937/75 1095/289/75
f 1108/2737/75 1109/2735/75 1119/2734/75
f 1109/2735/75 1110/1442/75 1118/1441/75
f 4139/650/797 4138/1275/1445 4127/2581/3151
f 4140/651/798 4139/650/797 4127/2581/3151
f 4140/651/798 4127/2581/3151 4128/819/1443
f 4145/619/796 4144/2739/2849 4138/1275/1445
f 4143/1279/1448 4148/2741/2852 4147/1277/1447
f 3715/2479/2853 3706/2739/3381 3711/618/655
f 3706/2739/3381 3707/619/656 3711/618/655
f 3716/1165/1522 3715/2479/2853 3711/618/655
f 3075/612/1032 3074/611/566 3070/971/1033
f 3074/611/566 3065/1443/876 3070/971/1033
f 3071/1444/1687 3070/971/1033 3065/1443/876
f 3709/1277/1449 3710/2741/3385 3714/1280/2452
f 3710/2741/3385 3719/1445/1038 3714/1280/2452
f 3713/1281/1689 3714/1280/2452 3719/1445/1038
f 4218/207/186 4217/206/185 4214/286/263
f 3079/622/2329 3085/621/1819 3084/1518/1818
f 3084/1518/3482 3089/2476/2399 3088/1794/3483
f 3084/1518/1818 3088/1794/3484 3074/611/566
f 3079/622/2329 3084/1518/1818 3074/611/566
f 3080/613/1690 3079/622/2329 3074/611/566
f 5667/804/1691 5681/671/1821 5676/669/1822
f 5681/671/3485 5680/670/3486 5676/669/3487
f 5676/669/1822 5675/492/489 5671/491/488
f 5667/804/1691 5676/669/1822 5671/491/488
f 5667/804/1691 5671/491/488 5670/493/490
f 5118/1448/3488 5117/2780/3489 5124/1446/3490
f 5123/1668/2084 5122/1667/1445 5111/295/3491
f 5124/1446/1693 5123/1668/2084 5111/295/3491
f 5124/1446/1693 5111/295/3491 5112/1447/1694
f 6489/509/1017 6488/207/2493 6487/144/1695
f 6487/144/1695 6484/564/600 6485/508/1696
f 6350/762/806 6351/761/224 6359/27/19
f 4173/1418/1054 4176/800/842 4175/1187/581
f 3060/2781/3492 3056/2782/3493 3055/1449/3494
f 3051/1451/1700 3062/614/652 3061/616/1030
f 3051/1451/1700 3061/616/1030 3060/2781/3495
f 3051/1451/1700 3060/2781/3495 3055/1449/1698
f 4197/42/494 4200/495/496 4199/521/1201
f 5224/1008/1084 5227/279/255 5226/532/1701
f 3886/34/1702 3885/2711/3310 3882/96/1324
f 3882/96/1324 3883/97/1180 3887/1196/1325
f 4844/1109/1209 4847/1372/1944 4846/1370/1703
f 5167/190/1704 5170/1684/2102 5169/1452/1705
f 4171/1188/635 4162/2480/2783 4163/628/664
f 4171/1188/635 4163/628/664 4172/446/433
f 4163/628/664 4164/1309/1707 4172/446/433
f 3963/42/34 3966/495/1348 3965/521/1347
f 2303/1111/1211 2304/1110/1210 2307/1453/1708
f 4185/50/82 4188/51/486 4187/998/1484
f 6324/1454/1709 6323/1652/2053 6319/1455/1710
f 6323/1652/2053 6318/2783/3496 6319/1455/1710
f 76/2404/4 75/2403/4 74/2402/4
f 74/2402/4 73/2400/4 71/2401/4
f 73/2400/4 72/2399/4 71/2401/4
f 77/2405/4 76/2404/4 74/2402/4
f 78/2407/4 77/2405/4 70/2406/4
f 77/2405/4 74/2402/4 70/2406/4
f 78/2407/4 70/2406/4 69/2408/4
f 74/2402/4 71/2401/4 70/2406/4
f 78/2407/4 69/2408/4 68/2409/4
f 79/2410/4 78/2407/4 68/2409/4
f 79/2410/4 68/2409/4 67/2411/4
f 80/2412/4 79/2410/4 67/2411/4
f 80/2412/4 67/2411/4 66/2413/4
f 81/2414/4 80/2412/4 65/2415/4
f 80/2412/4 66/2413/4 65/2415/4
f 82/2417/4 81/2414/4 64/2416/4
f 81/2414/4 65/2415/4 64/2416/4
f 83/2418/4 82/2417/4 92/2419/4
f 82/2417/4 64/2416/4 93/52/4
f 84/2420/4 83/2418/4 92/2419/4
f 82/2417/4 93/52/4 92/2419/4
f 60/2428/4 59/2434/4 55/2432/4
f 59/2434/4 58/2436/4 57/2435/4
f 56/2433/4 59/2434/4 57/2435/4
f 56/2433/4 55/2432/4 59/2434/4
f 55/2432/4 54/2427/4 60/2428/4
f 54/2427/4 53/2426/4 60/2428/4
f 53/2426/4 93/52/4 62/396/4
f 61/2429/4 53/2426/4 62/396/4
f 92/2419/4 91/2424/4 84/2420/4
f 91/2424/4 90/2423/4 88/2421/4
f 90/2423/4 89/2422/4 88/2421/4
f 53/2426/4 61/2429/4 60/2428/4
f 91/2424/4 88/2421/4 87/2425/4
f 91/2424/4 87/2425/4 86/2430/4
f 91/2424/4 86/2430/4 85/2431/4
f 91/2424/4 85/2431/4 84/2420/4
f 93/52/4 64/2416/4 63/397/4
f 2357/107/90 2358/191/1635 2361/11/1225
f 6084/46/1712 6083/42/494 6080/41/139
f 1488/1457/75 1503/7/75 1504/1458/75
f 4293/114/281 4292/295/3218 4290/167/578
f 4292/295/3218 4289/1209/3497 4290/167/578
f 4289/1209/3497 4286/141/148 4290/167/578
f 2332/521/1201 2329/40/438 2330/42/494
f 3430/900/949 3427/468/459 3428/899/948
f 3428/899/948 3431/2701/3285 3430/900/949
f 3431/2701/3285 3434/483/477 3430/900/949
f 4903/495/496 4904/494/495 4907/346/1334
f 4720/1459/1713 4719/1810/3498 4716/40/278
f 4716/40/278 4717/42/277 4721/690/730
f 4909/142/506 4908/141/270 4905/241/497
f 4205/141/1714 4206/142/506 4209/114/271
f 6098/115/508 6095/114/271 6096/551/1337
f 4175/1187/581 4174/1903/582 4171/1188/635
f 6139/285/262 6140/284/261 6143/103/83
f 4211/113/1642 4212/115/508 4215/564/794
f 2442/191/591 2441/107/492 2439/190/586
f 2441/107/492 2438/205/491 2439/190/586
f 2438/205/491 2435/207/940 2436/509/585
f 2351/207/186 2350/206/185 2347/286/263
f 4219/509/516 4222/190/3499 4221/205/184
f 4200/495/496 4203/242/498 4202/241/497
f 2972/849/776 2982/848/780 2977/935/1311
f 2982/848/780 2981/675/716 2977/935/1311
f 2358/191/1635 2357/107/90 2354/205/184
f 4221/205/184 4224/107/90 4223/109/92
f 4939/516/526 4936/97/530 4937/517/529
f 4936/97/530 4933/10/528 4937/517/529
f 4933/10/528 4934/12/527 4937/517/529
f 2684/174/155 2685/2325/2677 2694/252/226
f 2694/252/226 2693/1106/3201 2687/253/1715
f 4999/115/98 5000/137/579 5003/508/1716
f 5003/508/1716 5006/509/2411 5002/564/941
f 5006/509/2411 5005/207/940 5002/564/941
f 4646/546/572 4645/1781/2264 4642/1460/1717
f 4642/1460/1717 4639/374/363 4640/879/923
f 4643/544/570 4646/546/572 4642/1460/1717
f 5846/1387/1614 5845/307/287 5842/306/286
f 5842/306/286 5839/1000/1379 5840/1001/1066
f 5840/1001/1066 5843/1461/1718 5842/306/286
f 6116/10/528 6117/12/527 6120/517/529
f 6120/517/529 6123/514/524 6122/516/1241
f 6122/516/1241 6119/97/530 6120/517/529
f 6245/703/750 6246/702/749 6249/1462/1719
f 4931/11/1225 4930/178/523 4927/107/90
f 4945/215/191 4942/515/525 4943/518/531
f 5808/372/1722 5804/1496/1792 5800/148/128
f 5800/148/128 5801/248/224 5809/1146/237
f 6132/500/1071 6131/92/1072 6128/215/191
f 3131/1465/1724 3128/2274/2650 3132/1464/1723
f 3128/2274/2650 3129/1015/1091 3132/1464/1723
f 3132/1464/1723 3135/2524/2959 3134/179/162
f 5393/1466/1725 5396/1102/1199 5395/1101/1198
f 4251/259/307 4248/499/1622 4249/317/1623
f 4248/499/1622 4245/92/1072 4249/317/1623
f 4245/92/1072 4246/500/1071 4249/317/1623
f 5948/1469/1728 5949/466/224 5957/878/273
f 5956/1468/3500 5952/2784/3501 5948/1469/3502
f 4503/1470/203 4499/991/582 4502/992/1353
f 4499/991/582 4500/821/581 4502/992/1353
f 2365/96/1126 2362/519/532 2363/10/528
f 2363/10/528 2366/97/530 2365/96/1126
f 2366/97/530 2369/516/526 2365/96/1126
f 5788/3/1729 5787/1829/841 5783/1560/231
f 5783/1560/231 5784/1/1 5788/3/1729
f 4255/377/1730 4258/53/81 4257/103/83
f 2388/377/367 2391/53/81 2390/103/83
f 2399/160/535 2398/409/1272 2395/998/1731
f 4266/160/535 4263/51/44 4264/501/534
f 2402/41/386 2399/160/535 2400/395/1733
f 4979/46/1735 4982/1344/3503 4981/520/537
f 4982/1344/3503 4985/494/1737 4981/520/537
f 4985/494/1737 4984/495/538 4981/520/537
f 4285/346/340 4284/242/218 4281/495/1736
f 4988/346/340 4991/347/341 4990/142/216
f 4993/167/578 4996/114/281 4995/295/3218
f 4995/295/3218 4992/1209/2640 4993/167/578
f 4992/1209/2640 4989/141/148 4993/167/578
f 2427/551/1739 2426/114/281 2423/167/1740
f 2423/167/1740 2420/142/216 2421/347/341
f 2421/347/341 2424/550/1738 2423/167/1740
f 2797/203/2166 2793/1254/1430 2794/883/927
f 4369/1168/3504 4370/1480/15 4377/1488/1777
f 4370/1480/15 4378/1420/229 4377/1488/1777
f 4377/1488/1777 4376/1166/2071 4369/1168/3504
f 3933/529/545 3934/528/544 3937/1380/1744
f 2432/564/941 2429/115/98 2433/508/1716
f 2429/115/98 2430/137/579 2433/508/1716
f 2433/508/1716 2436/509/585 2432/564/941
f 4301/206/1463 4298/286/3505 4299/564/941
f 4298/286/3505 4295/113/96 4296/115/98
f 4299/564/941 4298/286/3505 4296/115/98
f 2279/457/448 2280/1630/2005 2283/1473/1746
f 3853/668/708 3850/205/707 3851/190/1747
f 3850/205/707 3847/2491/2887 3851/190/1747
f 3847/2491/2887 3848/1385/1610 3851/190/1747
f 2438/205/491 2441/107/492 2437/450/493
f 2441/107/492 2440/109/2042 2437/450/493
f 2437/450/493 2434/206/1463 2438/205/491
f 6076/409/1748 6073/998/1484 6074/51/486
f 6195/191/1298 6198/11/1752 6197/178/590
f 4307/109/1749 4308/107/492 4311/178/1750
f 6200/10/1277 6197/178/590 6198/11/1752
f 2443/108/1753 2444/178/590 2447/10/87
f 4278/520/1266 4275/42/1817 4276/46/564
f 4276/46/564 4279/1344/3506 4278/520/1266
f 4279/1344/3506 4282/494/1737 4278/520/1266
f 6212/187/901 6211/558/594 6209/516/593
f 6211/558/594 6208/1048/1754 6209/516/593
f 6208/1048/1754 6205/96/2734 6206/97/318
f 5031/562/598 5028/558/594 5029/187/170
f 2627/679/3507 2623/2492/3508 2624/684/724
f 4343/285/612 4340/283/2052 4341/259/233
f 4876/267/1608 4877/1653/2256 4880/1367/1583
f 5035/152/330 5036/151/2423 5038/92/1756
f 5036/151/2423 5039/500/3509 5038/92/1756
f 5039/500/3509 5042/90/72 5038/92/1756
f 4108/953/1256 4109/2636/3282 4121/1474/1757
f 4113/1250/1425 4108/953/1256 4121/1474/1757
f 4120/1270/1442 4116/2697/3510 4112/1251/1426
f 4112/1251/1426 4113/1250/1425 4121/1474/1757
f 2909/897/946 2908/467/945 2905/1154/1260
f 6230/284/613 6233/103/1326 6232/526/614
f 4252/168/306 4255/377/1730 4254/284/1471
f 3390/1098/1195 3393/1427/1663 3398/1619/1991
f 3398/1619/1991 3397/938/302 3390/1098/1195
f 5452/1475/1758 5449/96/1596 5450/97/1595
f 4506/341/1759 4503/1470/203 4504/592/176
f 4363/77/3433 4364/2763/2346 4371/225/1771
f 4364/2763/2346 4372/1291/2921 4371/225/1771
f 3746/52/1215 3947/1018/2013 3948/1017/1093
f 2646/311/294 2645/313/296 2643/1477/1764
f 2645/313/296 2642/1478/1765 2643/1477/1764
f 2642/1478/1765 2639/1306/1489 2640/318/308
f 3587/1417/3511 3588/2520/2835 3603/1479/1766
f 3603/1479/1766 3607/1173/15 3606/1180/2289
f 3596/1179/3020 3597/2770/3512 3590/1416/893
f 3590/1416/3513 3591/2771/3514 3587/1417/3515
f 3603/1479/1766 3606/1180/2289 3596/1179/1767
f 3590/1416/1768 3587/1417/3511 3603/1479/1766
f 4031/755/3516 4036/2519/3517 4037/778/3518
f 4046/729/772 4045/1173/15 4041/1479/1766
f 4041/1479/1766 4026/2520/3452 4027/756/2421
f 4027/756/1972 4030/2521/3519 4031/755/3520
f 4037/778/1770 4046/729/772 4041/1479/1766
f 4041/1479/1766 4027/756/2421 4031/755/1769
f 4371/225/1771 4374/1484/1773 4380/223/2720
f 4380/223/2720 4379/224/313 4371/225/1771
f 4379/224/313 4378/1420/229 4370/1480/15
f 2826/549/737 2827/1541/1852 2836/1481/226
f 2836/1481/226 2835/1540/3521 2829/1482/1772
f 4371/225/1771 4372/1291/2921 4381/1483/226
f 4381/1483/226 4380/223/2720 4374/1484/1773
f 2411/520/537 2408/42/1734 2409/46/564
f 2409/46/564 2412/1344/3503 2411/520/537
f 2412/1344/3503 2415/494/1737 2411/520/537
f 5914/1486/3522 5915/2785/3523 5909/1485/3524
f 5910/182/165 5911/2275/2651 5920/2756/646
f 5909/1485/1774 5910/182/165 5920/2756/646
f 5909/1485/1774 5920/2756/646 5919/1343/1545
f 4378/1420/229 4388/1419/780 4383/1487/1776
f 4388/1419/780 4387/1274/2074 4383/1487/1776
f 4383/1487/3525 4382/2786/3526 4377/1488/485
f 3972/142/121 3971/141/120 3968/241/1778
f 3655/760/902 3656/264/303 3664/263/302
f 3904/1108/1208 3907/1109/1589 3906/1107/1587
f 4392/1282/107 4395/757/112 4394/863/110
f 4392/1282/107 4393/1148/106 4396/1489/792
f 2233/1490/1781 2232/1170/1282 2229/114/1281
f 3229/796/231 3226/364/291 3227/1263/630
f 4191/160/138 4192/395/487 4195/428/418
f 3376/1247/619 3375/1245/1683 3371/858/231
f 3371/858/231 3372/861/631 3376/1247/619
f 4371/225/1771 4370/1480/15 4366/78/1766
f 4366/78/1766 4353/2063/3099 4354/1365/1578
f 4363/77/1783 4371/225/1771 4366/78/1766
f 4366/78/1766 4354/1365/1578 4358/76/802
f 2445/11/592 2448/12/89 2447/10/87
f 5081/1295/1475 5089/2748/3403 5094/1265/1440
f 5089/2748/3403 5099/2443/2775 5094/1265/1440
f 5099/2443/2775 5098/1266/1441 5094/1265/1440
f 5081/1295/1475 5094/1265/1440 5093/1264/1439
f 5087/1491/1784 5080/2458/2809 5081/1295/1475
f 4981/520/537 4984/495/538 4983/521/539
f 4983/521/539 4980/1517/2811 4981/520/537
f 4980/1517/2811 4977/40/1785 4981/520/537
f 6152/160/387 6151/409/865 6148/998/1731
f 3368/1423/291 3367/857/225 3364/715/110
f 5044/259/233 5045/168/232 5048/377/1786
f 3152/1034/1110 3147/692/741 3150/1492/1787
f 3144/683/2958 3145/2526/2961 3150/1492/1787
f 3147/692/741 3144/683/2958 3150/1492/1787
f 6345/763/807 6344/1234/117 6335/1493/1788
f 6335/1493/1788 6336/1790/1418 6340/1494/1789
f 4082/360/808 4092/1601/2946 4091/770/1240
f 4082/360/808 4091/770/1240 4086/958/1790
f 5813/1495/1791 5812/2787/3527 5807/2392/3528
f 5807/2392/3528 5803/2542/3529 5804/1496/1792
f 5813/1495/1791 5807/2392/3528 5804/1496/1792
f 3874/1497/1793 3875/1693/2119 3878/507/514
f 6480/115/114 6483/136/113 6482/563/599
f 6482/563/599 6478/1134/1344 6480/115/114
f 2499/199/3530 2502/200/3531 2507/201/3532
f 2507/201/3533 2506/1139/302 2499/199/1424
f 5816/2616/3534 5815/2615/3535 5820/1145/3536
f 5819/881/3537 5823/2619/3538 5822/880/3539
f 5810/912/3540 5816/2616/3534 5820/1145/3536
f 5819/881/1796 5822/880/3541 5809/1146/237
f 5809/1146/237 5810/912/3542 5820/1145/1795
f 5288/1051/1129 5291/2788/3543 5290/1498/1797
f 4406/1502/619 4405/1796/841 4401/1431/231
f 4401/1431/231 4402/1500/631 4406/1502/619
f 4945/215/191 4948/92/1072 4947/522/540
f 2927/699/746 2924/700/747 2925/533/551
f 2198/1503/1799 2197/367/356 2194/366/355
f 3366/853/792 3365/854/112 3362/127/107
f 5233/1504/1800 5234/2587/2998 5238/839/1801
f 5247/37/29 5246/39/31 5242/838/881
f 5246/39/31 5233/1504/1800 5242/838/881
f 5800/148/128 5804/1496/1792 5803/2542/3529
f 5803/2542/3529 5794/795/1349 5800/148/128
f 5703/314/1802 5704/586/2291 5707/1505/1803
f 4470/974/1237 4469/2789/3544 4463/1507/1805
f 3049/1190/1685 3050/1450/1699 3055/1449/1698
f 3044/1189/3545 3045/2710/3480 3049/1190/1685
f 3065/1443/876 3054/2790/2872 3049/1190/1685
f 3054/2790/2872 3044/1189/3546 3049/1190/1685
f 3065/1443/876 3049/1190/1685 3055/1449/1698
f 3065/1443/876 3055/1449/1698 3060/2781/3495
f 3065/1443/876 3060/2781/3495 3061/616/1030
f 3044/1189/3546 3054/2790/2872 3048/79/234
f 3059/1508/3547 3052/2791/3548 3053/1841/3549
f 3053/1841/2459 3047/80/1022 3048/79/234
f 3053/1841/2459 3048/79/234 3065/1443/876
f 3048/79/234 3054/2790/2872 3065/1443/876
f 3059/1508/1806 3053/1841/2459 3065/1443/876
f 3059/1508/1806 3065/1443/876 3064/608/1026
f 4468/1509/1807 4473/2792/3550 4472/832/1808
f 6409/1511/1810 6404/1899/2465 6405/2793/3551
f 6409/1511/1810 6405/2793/3551 6414/2794/3552
f 6409/1511/1810 6414/2794/3552 6413/1352/1558
f 4540/1356/1562 4539/1564/1878 4536/1513/1812
f 4536/1513/1812 4533/1545/1857 4537/1512/1811
f 4533/1545/1857 4534/1546/1858 4537/1512/1811
f 6403/1900/2466 6412/541/566 6407/1514/1813
f 6412/541/566 6411/543/568 6407/1514/1813
f 6402/1516/1815 6403/1900/2466 6407/1514/1813
f 5665/2457/2808 5656/2789/2849 5661/973/1035
f 5656/2789/2849 5657/974/1036 5661/973/1035
f 5666/976/1692 5665/2457/2808 5661/973/1035
f 6410/2795/3553 6401/2796/3554 6406/1515/1814
f 6401/2796/3554 6402/1516/1815 6406/1515/1814
f 6411/543/568 6410/2795/3553 6406/1515/1814
f 3074/611/566 3088/1794/3484 3083/981/1044
f 3083/981/1044 3082/980/1043 3078/989/1052
f 3074/611/566 3083/981/1044 3078/989/1052
f 3074/611/566 3078/989/1052 3077/990/1053
f 4281/495/1736 4280/521/539 4278/520/1266
f 4280/521/539 4277/1517/1816 4278/520/1266
f 4277/1517/1816 4274/40/1785 4275/42/1817
f 3092/993/1054 3091/595/433 3085/621/1819
f 3091/595/433 3088/1794/2782 3084/1518/1818
f 3085/621/1819 3086/620/657 3092/993/1054
f 4695/45/37 4696/44/78 4699/1256/1432
f 5683/822/635 5674/2456/2783 5675/492/489
f 5683/822/635 5675/492/489 5684/823/433
f 5675/492/489 5676/669/1822 5684/823/433
f 4912/114/271 4909/142/506 4910/347/505
f 6238/1520/1823 6235/124/2482 6236/50/2483
f 6236/50/2483 6239/1183/1307 6238/1520/1823
f 6239/1183/1307 6242/701/748 6241/718/762
f 2930/1521/1824 2926/1559/1877 2929/894/939
f 2926/1559/1877 2927/699/746 2929/894/939
f 2929/894/939 2933/87/69 2936/907/1287
f 2936/907/1287 2935/1422/1660 2930/1521/1824
f 4498/1261/1054 4501/1262/842 4500/821/581
f 3097/1244/203 3093/554/582 3096/198/177
f 3093/554/582 3094/553/581 3096/198/177
f 4500/821/581 4501/1262/842 4502/992/1353
f 4501/1262/842 4505/593/175 4502/992/1353
f 6179/114/97 6180/551/1739 6183/137/579
f 2824/49/247 2825/272/246 2832/47/980
f 2825/272/246 2833/933/776 2832/47/980
f 3537/114/119 3538/551/2508 3541/137/1366
f 3462/2467/2835 3475/1026/1766 3461/570/609
f 3475/1026/1766 3479/1030/15 3461/570/609
f 3479/1030/15 3478/843/885 3474/2797/3555
f 3479/1030/15 3474/2797/3555 3469/1644/2048
f 3479/1030/15 3469/1644/2048 3464/571/1655
f 2784/1523/1826 2783/1095/1191 2780/1094/1190
f 2780/1094/1190 2777/1614/2966 2781/1522/1825
f 2777/1614/2966 2778/1093/1189 2781/1522/1825
f 5060/2798/3556 5061/1402/3557 5065/1524/3558
f 5061/1402/3447 5071/2769/3446 5065/1524/1827
f 5071/2769/3446 5076/2768/3446 5065/1524/1827
f 5076/2768/3446 5081/1295/1475 5065/1524/1827
f 5080/2458/2809 5075/496/499 5069/1410/1648
f 5070/1409/1647 5064/1408/1646 5065/1524/1827
f 5080/2458/2809 5069/1410/1648 5070/1409/1647
f 5081/1295/1475 5080/2458/2809 5070/1409/1647
f 5830/544/570 5833/546/572 5829/1460/1717
f 5833/546/572 5832/1781/2324 5829/1460/1717
f 5829/1460/1717 5826/374/2100 5827/879/1828
f 4506/341/1759 4507/342/336 4510/340/1829
f 4512/1526/1831 4509/1525/1830 4510/340/1829
f 4513/1527/1832 4516/314/299 4515/316/301
f 2970/842/1833 2969/2708/2764 2962/1528/1399
f 5710/1529/1835 5709/1216/1378 5706/1506/1804
f 5604/119/914 5611/2150/3039 5615/120/1836
f 5611/2150/3039 5616/2151/2922 5615/120/1836
f 5615/120/1836 5607/290/298 5603/121/297
f 2604/1336/1538 2601/825/868 2602/1004/1077
f 2605/1530/1837 2608/2651/3162 2604/1336/1538
f 2608/2651/3162 2607/1009/1085 2604/1336/1538
f 5734/345/339 5730/1355/1561 5731/1531/1838
f 5731/1531/1838 5736/1635/2023 5735/1532/1839
f 4181/227/202 4182/1225/1393 4023/1224/1392
f 5196/1534/1841 5193/97/1604 5194/517/1842
f 4526/1536/1844 4529/2592/3006 4525/1765/3316
f 4529/2592/3006 4528/647/683 4525/1765/3316
f 4525/1765/3316 4522/1216/1378 4526/1536/1844
f 6440/1537/1845 6443/1909/2481 6442/655/691
f 5192/96/1847 5193/97/1604 5196/1534/1841
f 4022/1533/1840 4023/1224/1392 4025/1417/1655
f 4023/1224/1392 4026/2520/3452 4025/1417/1655
f 4033/1178/2327 4032/2706/1455 4022/1533/1840
f 4034/1179/1849 4033/1178/2327 4022/1533/1840
f 4022/1533/1840 4025/1417/1655 4028/1416/610
f 5715/647/683 5716/2592/3006 5719/840/883
f 3342/1541/1852 3351/1481/1872 3350/1540/1851
f 3350/1540/3559 3344/1482/3560 3341/549/3561
f 2205/1544/1855 2204/371/360 2201/1542/1853
f 2204/371/360 2200/368/357 2201/1542/1853
f 6226/283/1856 6223/164/2051 6224/91/73
f 4533/1545/1857 4530/648/701 4531/663/702
f 4535/1547/1859 4534/1546/1858 4531/663/702
f 4540/1356/1562 4537/1512/1811 4538/1548/1860
f 4537/1512/1811 4534/1546/1858 4535/1547/1859
f 4538/1548/1860 4537/1512/1811 4535/1547/1859
f 5265/1549/3562 5271/2799/3563 5275/1550/3564
f 5271/2799/3563 5270/2800/3565 5275/1550/3564
f 5275/1550/1862 5274/2766/3444 5264/2765/3443
f 5259/1398/1629 5266/1699/2132 5265/1549/1861
f 5264/2765/3443 5258/1391/1618 5275/1550/1862
f 5258/1391/1618 5259/1398/1629 5265/1549/1861
f 5417/1066/1147 5418/2673/3205 5420/1198/1328
f 5418/2673/3205 5421/2801/3566 5420/1198/1328
f 5421/2801/3566 5424/1551/1863 5420/1198/1328
f 4543/1355/1561 4544/1531/1865 4547/345/339
f 4544/1531/1865 4549/1635/2023 4548/1532/1866
f 6036/1225/2366 6033/477/471 6037/1554/1868
f 6033/477/471 6034/476/470 6037/1554/1868
f 6043/2761/3431 6042/2322/2669 6040/1553/1867
f 6042/2322/2669 6039/1858/2393 6040/1553/1867
f 6043/2761/3431 6040/1553/1867 6034/476/470
f 2991/1205/225 2992/941/291 2995/573/231
f 3596/1179/1302 3595/1178/1301 3584/1533/1840
f 3595/1178/1301 3594/2706/3298 3584/1533/1840
f 3584/1533/1840 3585/1224/1392 3587/1417/3511
f 3585/1224/1392 3588/2520/2835 3587/1417/3511
f 3584/1533/1840 3587/1417/3511 3590/1416/610
f 5314/1375/1597 5311/33/25 5315/1555/1869
f 5311/33/25 5312/32/24 5315/1555/1869
f 5315/1555/1869 5318/984/1047 5317/985/1048
f 4722/691/1020 4721/690/730 4718/46/1487
f 4721/690/730 4717/42/277 4718/46/1487
f 5540/2063/2602 5553/78/63 5539/851/893
f 5553/78/63 5557/1480/15 5539/851/893
f 5557/1480/15 5556/1168/1275 5552/2742/3386
f 5557/1480/15 5552/2742/3386 5547/1283/1454
f 5557/1480/15 5547/1283/1454 5542/852/1871
f 3608/729/1290 3609/2506/3567 3618/727/1872
f 3618/727/1872 3617/1771/2920 3611/728/1873
f 3208/1106/1205 3209/252/226 3218/2514/1666
f 3207/1053/1134 3208/1106/1205 3218/2514/1666
f 3207/1053/1134 3218/2514/1666 3217/745/105
f 2974/2487/2876 2975/652/226 2984/606/646
f 2973/738/1106 2974/2487/2876 2984/606/646
f 2973/738/1106 2984/606/646 2983/605/1874
f 5286/1557/1875 5360/2802/3568 5361/1558/1876
f 5361/1558/3569 5283/2803/3570 5284/50/3571
f 5284/50/3191 5287/1499/1798 5361/1558/1876
f 3106/288/1067 3103/794/899 3104/657/693
f 2846/716/541 2841/1710/1312 2842/1184/716
f 2842/1184/716 2843/1112/780 2847/127/107
f 3438/176/157 3439/700/2648 3442/699/746
f 4596/1560/231 4593/309/291 4594/1561/630
f 2986/676/107 2987/607/2224 2990/942/792
f 4587/1562/107 4590/249/112 4589/251/110
f 4587/1562/107 4588/1806/106 4591/1563/792
f 4543/1355/1561 4542/344/1988 4539/1564/1878
f 2881/1135/1879 2877/1137/2303 2873/947/996
f 2873/947/996 2874/1099/238 2882/938/302
f 6471/1038/1678 6470/1906/2511 6468/242/1882
f 6470/1906/2511 6465/1565/1880 6468/242/1882
f 6557/186/169 6554/167/2196 6555/550/1883
f 4858/743/1547 4855/1303/1549 4856/1302/1482
f 3749/1116/1884 3750/1115/1216 3753/1566/1885
f 3753/1566/1885 3756/1176/1928 3752/1177/1297
f 3756/1176/1928 3755/43/35 3752/1177/1297
f 6334/1567/1 6339/576/351 6338/578/619
f 6338/578/619 6337/1789/2275 6333/1332/231
f 4072/940/225 4073/749/291 4076/258/231
f 3803/1568/1886 3800/110/1947 3801/112/1887
f 3500/677/717 3495/1186/1312 3496/675/1888
f 3496/675/1888 3497/848/780 3501/676/107
f 2726/665/704 2725/2602/3168 2716/868/279
f 2716/868/279 2717/798/1418 2721/666/1889
f 3433/482/476 3434/483/477 3437/481/1890
f 4404/1797/2281 4405/1796/841 4419/291/238
f 4408/1569/3572 4409/2773/3573 4404/1797/3574
f 4413/1079/3575 4414/2772/3576 4408/1569/3577
f 4408/1569/1892 4404/1797/2281 4419/291/238
f 4408/1569/1892 4419/291/238 4418/298/1891
f 3031/1643/3578 3026/2804/3579 3027/2805/1408
f 3022/201/913 3023/2604/2922 3036/2806/3342
f 3031/1643/3578 3027/2805/1408 3022/201/3580
f 3034/1570/3581 3035/2807/3582 3030/1571/3583
f 3031/1643/1409 3022/201/913 3040/1857/2315
f 3022/201/913 3036/2806/3342 3040/1857/2315
f 3030/1571/1409 3031/1643/1409 3040/1857/2315
f 3040/1857/2315 3039/81/1021 3030/1571/1409
f 4418/298/1891 4419/291/238 4427/296/273
f 6493/1572/1895 6490/1914/2494 6491/963/1016
f 5809/1146/237 5822/880/3541 5818/1574/1897
f 5822/880/3584 5821/2390/3585 5818/1574/3586
f 5813/1495/1791 5808/372/1722 5817/373/1898
f 5808/372/1722 5809/1146/237 5817/373/1898
f 5817/373/3587 5814/2389/3588 5813/1495/3589
f 4156/1238/1410 4157/1445/1038 4161/557/1411
f 4157/1445/1038 4167/1575/657 4161/557/1411
f 4160/556/1900 4161/557/1411 4167/1575/657
f 6287/1576/3590 6291/2808/3591 6292/1323/3592
f 6300/1322/1514 6299/1611/1971 6287/1576/1901
f 6299/1611/1971 6295/2809/3593 6283/1869/2409
f 6287/1576/1901 6299/1611/1971 6283/1869/2409
f 6295/2809/3593 6282/2462/2822 6283/1869/2409
f 6283/1869/3594 6286/2810/3595 6287/1576/3596
f 2550/1443/876 2559/611/566 2554/623/659
f 2559/611/566 2558/624/660 2554/623/659
f 2549/608/647 2550/1443/876 2554/623/659
f 2200/368/357 2197/367/356 2198/1503/1799
f 3277/781/829 3276/780/828 3273/450/1903
f 3273/450/1903 3271/2811/1903 3267/1411/1649
f 3271/2811/1903 3263/2675/3312 3267/1411/1649
f 3263/2675/3312 3264/1084/1369 3267/1411/1649
f 3268/2147/537 3270/2679/3597 3274/205/1174
f 3267/1411/1649 3268/2147/1266 3274/205/1174
f 3274/205/1174 3277/781/829 3273/450/1903
f 4183/1223/1391 4024/754/801 4023/1224/1392
f 4649/995/1055 4646/546/572 4647/996/1904
f 5175/827/870 5176/2812/3598 5179/1414/1905
f 4648/1577/1906 4649/995/1055 4652/1000/1065
f 3349/847/891 3348/933/776 3340/272/1908
f 3350/1540/1851 3349/847/891 3341/549/575
f 2245/1394/1625 2248/1853/2384 2247/771/818
f 3485/842/884 3484/2708/2764 3477/1528/1909
f 5845/307/287 5848/1435/1680 5847/1334/1535
f 5854/1581/1912 5853/2493/2892 5850/1579/1910
f 5850/1579/1910 5847/1334/1535 5848/1435/1680
f 5851/1580/1911 5854/1581/1912 5850/1579/1910
f 5851/1580/1911 5848/1435/1680 5852/1437/1682
f 5848/1435/1680 5849/1436/1681 5852/1437/1682
f 5852/1437/1682 5855/2776/3477 5854/1581/1912
f 3905/1369/1588 3906/1107/1587 3909/1370/1590
f 2875/1098/3599 2878/1427/3531 2883/1619/3600
f 2883/1619/3601 2882/938/302 2875/1098/1914
f 5525/1583/1915 5524/1390/1617 5521/1584/1916
f 5332/1043/1120 5329/568/606 5330/1586/1918
f 4676/687/995 4677/1073/1152 4681/1589/1922
f 4676/687/995 4681/1589/1922 4680/1434/1920
f 4681/1589/1922 4677/1073/1152 4678/1174/2402
f 4681/1589/1922 4678/1174/2402 4679/1590/1923
f 5033/188/171 5036/151/2423 5035/152/330
f 4687/1115/1216 4684/50/1763 4685/54/1924
f 4825/1241/3602 4829/2723/3603 4828/35/3604
f 3757/98/1927 3760/99/80 3759/44/36
f 5673/806/1931 5668/805/2093 5669/1787/1038
f 5673/806/1931 5669/1787/1038 5679/1773/657
f 5673/806/1931 5679/1773/657 5678/1592/1929
f 3504/1068/112 3507/941/291 3506/1205/225
f 5355/385/375 5354/380/370 5350/379/369
f 3764/1366/1932 3761/1519/3605 3765/2745/3396
f 3761/1519/3605 3762/1256/1432 3765/2745/3396
f 3765/2745/3396 3768/535/558 3764/1366/1932
f 6057/486/480 6060/2813/3606 6059/1594/1933
f 2292/90/1935 2295/471/462 2294/165/146
f 3775/1596/1937 3774/719/763 3771/536/559
f 2534/1190/1317 2535/1450/2414 2540/1449/2413
f 2540/1449/3607 2541/2782/3608 2545/2781/3609
f 2550/1443/876 2539/2790/2939 2534/1190/1317
f 2539/2790/2939 2529/1189/3546 2534/1190/1317
f 2550/1443/876 2534/1190/1317 2540/1449/2413
f 2550/1443/876 2540/1449/2413 2545/2781/3610
f 2550/1443/876 2545/2781/3610 2546/616/654
f 4715/870/915 4718/46/1487 4717/42/277
f 3100/644/898 3097/1244/203 3098/197/176
f 3791/967/1942 3788/965/2422 3789/689/729
f 3789/689/729 3785/691/731 3786/1556/1938
f 3792/1597/1939 3791/967/1942 3789/689/729
f 6130/522/540 6127/216/192 6128/215/191
f 3790/461/1940 3782/1810/2308 3787/1598/1941
f 3782/1810/2308 3783/1459/2307 3787/1598/1941
f 3787/1598/1941 3788/965/2422 3791/967/1942
f 4849/1371/1943 4846/1370/1703 4847/1372/1944
f 5928/1257/291 5925/1259/112 5926/1599/792
f 2707/524/110 2704/525/541 2705/523/107
f 4746/1032/1437 4743/816/860 4744/818/862
f 6333/1332/231 6330/1200/1330 6331/1600/1946
f 3798/111/94 3801/112/1887 3800/110/1947
f 3796/1313/1499 3797/63/56 3800/110/1947
f 4736/1314/1500 4737/110/93 4740/1568/1949
f 4745/1315/1504 4742/896/943 4743/816/860
f 4746/1032/1437 4747/1033/1945 4750/1031/1107
f 4401/1431/231 4398/759/291 4399/758/630
f 4753/551/1506 4752/114/2504 4749/680/1438
f 3762/1256/1432 3761/1519/3605 3758/45/37
f 2559/611/566 2573/1794/1041 2568/981/1044
f 2573/1794/3611 2572/2649/3612 2568/981/3613
f 2568/981/1044 2567/980/1968 2563/989/1967
f 2559/611/566 2568/981/1044 2563/989/1967
f 2559/611/566 2563/989/1967 2562/990/1950
f 2205/1544/3614 2209/2814/3615 2208/375/365
f 3654/1601/1952 3661/752/1662 3657/265/304
f 3661/752/1662 3660/753/1007 3657/265/304
f 5968/2319/2661 5955/2815/3616 5956/1468/2403
f 5956/1468/3617 5960/2816/3618 5964/1602/3619
f 5960/2816/3618 5961/2817/3620 5964/1602/3619
f 5968/2319/2661 5956/1468/2403 5964/1602/1953
f 5969/217/193 5968/2319/2661 5964/1602/1953
f 3815/114/1315 3816/551/1506 3819/479/473
f 4756/479/1955 4759/1192/2184 4758/697/1956
f 2227/1604/1958 2226/398/388 2223/667/706
f 3826/29/21 3827/1320/1512 3830/1308/1960
f 4445/1606/1962 4446/1812/2315 4456/1287/1458
f 4446/1812/2315 4448/2473/3621 4456/1287/1458
f 4448/2473/3621 4457/2474/3387 4456/1287/1458
f 4455/599/3622 4451/600/3623 4450/601/3624
f 4456/1287/1458 4455/599/1963 4445/1606/1962
f 4770/962/1964 4769/961/1014 4766/30/1492
f 6468/242/1882 6466/1036/1881 6467/1607/1965
f 6466/1036/1881 6463/520/2487 6467/1607/1965
f 6463/520/2487 6464/1344/2488 6467/1607/1965
f 5810/912/960 5811/2617/2922 5824/2618/3342
f 5824/2618/3342 5828/1608/1966 5810/912/960
f 5828/1608/1966 5827/879/1828 5819/881/1796
f 5827/879/3625 5825/2393/3626 5822/880/3541
f 5827/879/1828 5822/880/3627 5819/881/1796
f 5828/1608/1966 5819/881/1796 5820/1145/1795
f 2566/2650/2783 2557/2478/2853 2562/990/1950
f 2557/2478/2853 2558/624/660 2562/990/1950
f 2567/980/1968 2566/2650/2783 2562/990/1950
f 6304/1609/1969 6303/1828/2342 6298/1610/1970
f 3599/778/3628 3604/2530/3629 3608/729/3630
f 3608/729/1290 3607/1173/15 3603/1479/1766
f 3603/1479/1766 3588/2520/2835 3589/756/803
f 3599/778/1973 3608/729/1290 3603/1479/1766
f 3603/1479/1766 3589/756/803 3593/755/1972
f 2529/1189/3546 2539/2790/2939 2533/79/66
f 2539/2790/2939 2550/1443/876 2533/79/66
f 2538/1841/2368 2532/80/67 2533/79/66
f 2538/1841/2368 2533/79/66 2550/1443/876
f 2544/1508/3631 2537/2791/3632 2538/1841/3633
f 2544/1508/1974 2538/1841/2368 2550/1443/876
f 2544/1508/1974 2550/1443/876 2549/608/647
f 4796/1055/1136 4793/503/1664 4794/502/1975
f 4793/503/1664 4790/668/708 4791/504/2020
f 4794/502/1975 4793/503/1664 4791/504/2020
f 2600/824/866 2601/825/868 2604/1336/1538
f 2604/1336/1538 2607/1009/1085 2606/1337/1539
f 2603/1338/1540 2600/824/866 2604/1336/1538
f 4771/1213/1373 4768/1327/1524 4769/961/1014
f 3896/2321/2665 3893/2818/3634 3886/34/1702
f 3893/2818/3634 3885/2711/3310 3886/34/1702
f 3894/1612/1977 3897/1088/1172 3886/34/1702
f 3897/1088/1172 3896/2321/2665 3886/34/1702
f 5506/1613/1978 5509/1762/2232 5508/2819/3635
f 5508/2819/3635 5505/2820/3636 5506/1613/1978
f 5505/2820/3636 5502/682/722 5506/1613/1978
f 3291/768/815 3288/769/816 3289/767/1979
f 4314/10/87 4313/519/1278 4310/108/1751
f 3369/860/630 3372/861/631 3371/858/231
f 4724/1598/1981 4720/1459/1713 4721/690/730
f 4820/97/1180 4819/96/1324 4816/1361/1584
f 4820/97/1180 4817/1090/1181 4818/505/1982
f 6505/1048/1983 6506/516/2478 6509/515/1502
f 4835/1089/1173 4834/1088/1172 4825/1241/1926
f 4834/1088/1172 4831/1612/1977 4825/1241/1926
f 4831/1612/1977 4828/35/1516 4825/1241/1926
f 4825/1241/1926 4826/1362/1571 4832/1242/1413
f 3864/1616/1986 3865/1346/1550 3868/1617/1987
f 3868/1617/1987 3871/928/974 3867/1615/1985
f 3871/928/974 3870/930/976 3867/1615/1985
f 4546/343/1989 4545/275/251 4542/344/1988
f 4542/344/1988 4543/1355/1561 4547/345/339
f 5584/862/225 5585/759/291 5588/1431/231
f 4918/564/794 4915/115/508 4916/137/1220
f 3394/1426/1662 3399/2720/3637 3404/1618/1990
f 3399/2720/3637 3405/2821/3135 3404/1618/1990
f 3393/1427/1663 3394/1426/1662 3404/1618/1990
f 6282/2462/2822 6295/2809/3593 6281/1620/1993
f 6295/2809/3593 6299/1611/1971 6281/1620/1993
f 6298/1610/3638 6294/2822/3639 6289/561/3640
f 6299/1611/1971 6298/1610/1970 6284/560/1992
f 6298/1610/1970 6289/561/3641 6284/560/1992
f 6494/1573/1896 6495/1721/3149 6498/1621/1994
f 1385/2562/75 1386/96/75 1384/2561/75
f 1386/96/75 1387/2559/75 1384/2561/75
f 1387/2559/75 1388/2557/75 1383/2560/75
f 1388/2557/75 1389/2556/75 1382/2558/75
f 1389/2556/75 1390/2553/75 1381/2554/75
f 1390/2553/75 1355/2551/75 1381/2554/75
f 1355/2551/75 1356/2550/75 1380/2552/75
f 1356/2550/75 1357/2548/75 1378/2549/75
f 1379/2555/75 1356/2550/75 1378/2549/75
f 1357/2548/75 1358/2547/75 1378/2549/75
f 1358/2547/75 1359/1623/75 1377/1625/75
f 1378/2549/75 1358/2547/75 1377/1625/75
f 1359/1623/75 1360/2546/75 1376/1624/75
f 1360/2546/75 1361/1159/75 1375/295/75
f 1375/295/75 1361/1159/75 1406/52/75
f 1356/2550/75 1379/2555/75 1380/2552/75
f 1388/2557/75 1382/2558/75 1383/2560/75
f 1382/2558/75 1389/2556/75 1381/2554/75
f 1383/2560/75 1384/2561/75 1387/2559/75
f 1391/2579/75 1392/2689/75 1373/2688/75
f 1391/2579/75 1373/2688/75 1374/2578/75
f 1391/2579/75 1374/2578/75 1375/295/75
f 1406/52/75 1391/2579/75 1375/295/75
f 1360/2546/75 1375/295/75 1376/1624/75
f 1380/2552/75 1381/2554/75 1355/2551/75
f 4842/1369/1996 4843/1107/1207 4846/1370/1703
f 4849/1371/1943 4848/270/244 4845/1582/1997
f 3919/1302/1482 3918/1303/1483 3915/271/245
f 3915/271/245 3912/1371/1591 3913/1373/1593
f 3913/1373/1593 3916/1626/1998 3915/271/245
f 4856/1302/1482 4855/1303/1549 4852/271/1999
f 4852/271/1999 4849/1371/1943 4850/1373/1593
f 4850/1373/1593 4853/1626/1998 4852/271/1999
f 6449/982/2000 6448/983/2491 6527/393/383
f 6429/978/433 6426/977/1041 6422/2759/3422
f 6422/2759/3422 6423/1629/2002 6429/978/433
f 6423/1629/2002 6424/2823/3642 6430/1628/1054
f 5733/343/337 5734/345/339 5747/924/63
f 5747/924/63 5752/1292/1470 5751/118/1236
f 5751/118/1236 5746/1678/2094 5741/277/2003
f 5741/277/3643 5742/2336/3643 5737/276/2004
f 5737/276/3644 5738/2335/3645 5733/343/3646
f 5747/924/63 5751/118/1236 5741/277/2003
f 5737/276/2004 5733/343/337 5747/924/63
f 2280/1630/2005 2279/457/448 2276/454/445
f 5491/1631/2007 5495/1597/2155 5489/1632/2008
f 5495/1597/2155 5494/967/2769 5492/424/414
f 5492/424/414 5488/423/413 5489/1632/2008
f 5495/1597/2155 5492/424/414 5489/1632/2008
f 5485/1715/240 5486/54/2006 5489/1632/2008
f 4786/450/2010 4783/1341/2285 4784/2491/3451
f 4784/2491/3451 4787/205/2524 4786/450/2010
f 4787/205/2524 4790/668/708 4786/450/2010
f 3939/267/1582 3942/1325/1518 3941/1383/1607
f 3876/1634/2012 3873/929/975 3874/1497/1793
f 4543/1355/1561 4540/1356/1562 4541/1354/1560
f 3571/151/131 3574/90/1640 3573/91/132
f 3944/1019/2014 3941/1383/1607 3942/1325/1518
f 3942/1325/1518 3945/1324/1517 3944/1019/2014
f 3945/1324/1517 3948/1017/1093 3944/1019/2014
f 4683/52/1215 4884/1018/1094 4885/1017/1093
f 2616/1465/1724 2613/2274/2650 2617/1464/1723
f 2613/2274/2650 2614/1015/1544 2617/1464/1723
f 2617/1464/1723 2620/2524/2959 2619/179/162
f 6595/721/2015 6596/1399/1630 6599/13/2016
f 2327/41/139 2328/428/418 2331/46/1712
f 4899/40/438 4896/159/137 4897/41/139
f 2812/830/2018 2813/2499/2905 2822/548/736
f 2813/2499/2905 2818/2583/2991 2822/548/736
f 2818/2583/2991 2827/1541/1852 2822/548/736
f 2827/1541/1852 2826/549/737 2822/548/736
f 2812/830/2018 2822/548/736 2821/547/735
f 4790/668/708 4787/205/2524 4788/190/2019
f 4787/205/2524 4784/2491/3451 4788/190/2019
f 4784/2491/3451 4785/1385/3450 4788/190/2019
f 6160/40/1785 6157/1819/3647 6158/540/2021
f 6157/1819/3647 6154/159/556 6158/540/2021
f 6154/159/556 6155/41/386 6158/540/2021
f 4875/1077/2022 4872/565/603 4873/1472/1745
f 4216/508/793 4219/509/516 4218/207/186
f 4204/346/1334 4207/347/2080 4206/142/506
f 4911/295/272 4912/114/271 4915/115/508
f 4212/115/508 4209/114/271 4210/551/1337
f 3554/108/622 3555/178/159 3558/10/5
f 5736/1635/2023 5749/1783/2406 5744/923/2024
f 5749/1783/2406 5748/1784/2407 5744/923/2024
f 5744/923/2496 5743/2629/2496 5740/922/3648
f 5739/2630/3649 5735/1532/3650 5740/922/3649
f 5735/1532/1839 5736/1635/2023 5740/922/2025
f 6097/113/1642 6098/115/508 6101/564/1493
f 3293/1093/1189 3292/1614/1980 3289/767/1979
f 6104/207/186 6101/564/1493 6102/508/793
f 4511/1401/2026 4514/585/627 4513/1527/1832
f 4335/92/1756 4332/152/332 4333/151/2423
f 4333/151/2423 4336/500/3509 4335/92/1756
f 4336/500/3509 4339/90/72 4335/92/1756
f 6107/205/184 6108/190/517 6111/191/1635
f 4924/205/184 4927/107/90 4926/109/92
f 4254/284/1471 4253/285/2033 4250/283/260
f 4088/140/3651 4089/2599/3652 4083/856/3653
f 4083/856/3654 4084/2598/3655 4079/764/3024
f 4079/764/822 4080/774/821 4094/264/238
f 4083/856/998 4079/764/822 4094/264/238
f 4088/140/144 4083/856/998 4094/264/238
f 4733/1313/1499 4730/1636/2027 4734/63/56
f 4730/1636/2027 4727/461/2171 4728/967/2170
f 4731/64/57 4730/1636/2027 4728/967/2170
f 2368/1048/1125 2369/516/526 2372/515/525
f 2370/514/524 2373/518/531 2372/515/525
f 5459/355/1130 5456/158/136 5457/157/135
f 5457/157/135 5460/1228/3656 5459/355/1130
f 5460/1228/3656 5463/1008/2028 5459/355/1130
f 4825/1241/1926 4824/1196/1325 4821/517/1570
f 4824/1196/1325 4820/97/1180 4821/517/1570
f 6128/215/191 6125/515/525 6126/518/2029
f 2380/864/905 2377/522/540 2378/92/1072
f 2378/92/1072 2381/499/1622 2380/864/905
f 2381/499/1622 2384/259/307 2380/864/905
f 4242/215/191 4245/92/1072 4244/522/540
f 2379/500/1071 2378/92/1072 2375/215/191
f 4247/864/905 4244/522/540 4245/92/1072
f 4245/92/1072 4248/499/1622 4247/864/905
f 4248/499/1622 4251/259/307 4247/864/905
f 2387/284/1471 2384/259/307 2385/168/306
f 5471/1637/2030 5474/740/784 5473/1638/2031
f 4965/998/1731 4966/51/44 4969/160/535
f 4960/103/83 4957/284/1471 4958/377/367
f 4257/103/83 4256/526/542 4253/285/2033
f 6144/53/81 6072/449/1659 6071/55/549
f 3688/2740/3657 3687/2485/3658 3692/1640/3659
f 3687/2485/1961 3682/1270/1442 3692/1640/1685
f 3682/1270/1442 3683/1474/2471 3693/887/1179
f 3683/1474/2471 3685/2824/2848 3693/887/1179
f 3685/2824/2848 3694/2621/3224 3693/887/1179
f 5981/1641/2034 5980/1243/1414 5977/219/195
f 4262/998/1731 4263/51/44 4266/160/535
f 5958/968/1025 5959/2646/3154 5972/2620/3074
f 5967/876/921 5958/968/1025 5972/2620/3074
f 5967/876/921 5972/2620/3074 5971/884/928
f 3030/1571/1409 3034/1570/2729 3021/1139/2036
f 3021/1139/2036 3022/201/2656 3031/1643/1409
f 2946/570/610 2947/2467/3182 2960/1026/63
f 2960/1026/63 2964/1030/15 2963/843/1304
f 2963/843/3660 2959/2797/3661 2954/1644/3662
f 2960/1026/63 2963/843/1304 2954/1644/2037
f 2949/571/2038 2946/570/610 2960/1026/63
f 6158/540/2021 6155/41/386 6156/428/554
f 6156/428/554 6159/420/3663 6158/540/2021
f 6159/420/3663 6162/46/564 6158/540/2021
f 4975/540/2021 4978/42/1734 4977/40/1785
f 4977/40/1785 4974/1819/2328 4975/540/2021
f 4974/1819/2328 4971/159/556 4975/540/2021
f 4566/711/757 4569/710/756 4575/2502/2910
f 4575/2502/2910 4574/1060/1140 4566/711/757
f 4574/1060/1140 4573/254/229 4565/1292/15
f 6169/241/2039 6166/521/539 6167/495/538
f 2414/495/538 2417/242/218 2416/241/217
f 6169/241/2039 6170/242/218 6173/142/149
f 2287/1645/2040 2288/637/674 2291/91/1936
f 4854/1345/1548 4851/269/243 4852/271/1999
f 4851/269/243 4848/270/244 4852/271/1999
f 4848/270/244 4849/1371/1943 4852/271/1999
f 6187/206/1463 6184/286/3664 6185/564/941
f 6184/286/3664 6181/113/96 6182/115/98
f 6185/564/941 6184/286/3664 6182/115/98
f 5161/1239/177 5163/1682/176 5162/2825/203
f 5162/2825/203 5158/1127/582 5161/1239/177
f 5427/1240/2041 5430/1413/1651 5429/1249/1422
f 2440/109/2042 2441/107/492 2444/178/590
f 4311/178/1750 4308/107/492 4309/191/2043
f 4320/97/318 4319/96/2821 4316/327/1611
f 4316/327/1611 4313/519/1278 4317/326/317
f 4313/519/1278 4314/10/87 4317/326/317
f 5016/519/1278 5017/10/1277 5020/326/317
f 5020/326/317 5023/97/318 5022/96/2734
f 5022/96/2734 5019/327/1611 5020/326/317
f 4447/1648/2046 4444/957/316 4453/1646/2044
f 4444/957/316 4445/1606/1962 4453/1646/2044
f 4445/1606/1962 4450/601/1961 4454/1782/3256
f 4454/1782/3256 4453/1646/2044 4445/1606/1962
f 3232/798/617 3233/797/841 3247/1210/1355
f 3236/666/1171 3232/798/617 3247/1210/1355
f 3241/665/912 3236/666/1171 3247/1210/1355
f 3469/1644/2048 3474/2797/3555 3478/843/885
f 3478/843/885 3477/1528/1909 3468/1649/1455
f 2874/1099/238 2860/1245/616 2861/1247/619
f 2874/1099/238 2861/1247/619 2866/865/3267
f 2874/1099/238 2866/865/3267 2871/867/910
f 2783/1095/1191 2784/1523/1826 2785/1105/1203
f 2784/1523/1826 2787/1650/2049 2785/1105/1203
f 2787/1650/2049 2795/2498/2904 2790/1651/2050
f 2795/2498/2904 2794/883/927 2790/1651/2050
f 2790/1651/2050 2789/1253/2154 2785/1105/1203
f 4320/97/318 4321/517/584 4324/514/1667
f 4324/514/1667 4327/274/900 4323/516/593
f 4327/274/900 4326/187/170 4323/516/593
f 4953/283/260 4954/259/307 4957/284/1471
f 2595/229/204 2596/659/695 2599/404/1118
f 3514/54/468 3517/501/2189 3516/51/1335
f 2470/164/2051 2467/522/2287 2468/92/1756
f 2467/522/2287 2464/339/329 2468/92/1756
f 2464/339/329 2465/152/332 2468/92/1756
f 4901/46/1712 4900/42/494 4897/41/139
f 4338/91/152 4341/259/233 4340/283/2052
f 1764/2144/75 1765/2142/75 1763/2143/75
f 1765/2142/75 1766/102/75 1763/2143/75
f 1766/102/75 1767/2139/75 1759/101/75
f 1767/2139/75 1740/2138/75 1757/2140/75
f 1762/2145/75 1763/2143/75 1766/102/75
f 1761/2146/75 1762/2145/75 1766/102/75
f 1760/100/75 1761/2146/75 1766/102/75
f 1759/101/75 1760/100/75 1766/102/75
f 1758/2141/75 1759/101/75 1767/2139/75
f 1757/2140/75 1758/2141/75 1767/2139/75
f 1756/2137/75 1757/2140/75 1740/2138/75
f 1755/2135/75 1756/2137/75 1740/2138/75
f 1755/2135/75 1740/2138/75 1741/2136/75
f 1754/2132/75 1755/2135/75 1742/2134/75
f 1755/2135/75 1741/2136/75 1742/2134/75
f 1753/2130/75 1754/2132/75 1744/2131/75
f 1754/2132/75 1742/2134/75 1743/2133/75
f 1754/2132/75 1743/2133/75 1744/2131/75
f 1752/2128/75 1753/2130/75 1745/301/75
f 1753/2130/75 1744/2131/75 1745/301/75
f 1749/2127/75 1750/2126/75 1751/2125/75
f 1751/2125/75 1752/2128/75 1749/2127/75
f 1752/2128/75 1745/301/75 1748/303/75
f 1748/303/75 1749/2127/75 1752/2128/75
f 1746/302/75 1747/2129/75 1748/303/75
f 6230/284/613 6231/377/1786 6234/53/46
f 6324/1454/1709 6327/1202/1332 6326/1201/1331
f 4344/284/613 4345/377/1786 4348/53/46
f 4963/50/43 4966/51/44 4962/52/45
f 4966/51/44 4965/998/1731 4962/52/45
f 4962/52/45 5049/526/614 4963/50/43
f 5600/1079/1299 5599/1080/117 5590/1777/279
f 5595/1569/3665 5600/1079/1299 5590/1777/279
f 5590/1777/279 5591/1797/2347 5595/1569/3665
f 5644/2474/2415 5655/1509/652 5654/831/874
f 5644/2474/2415 5654/831/874 5653/1285/2054
f 5643/1287/2056 5644/2474/2415 5653/1285/2054
f 3903/221/1780 3902/1368/1586 3899/222/2057
f 3899/222/2057 3896/2321/2665 3900/220/196
f 3896/2321/2665 3897/1088/1172 3900/220/196
f 3936/1472/1745 3937/1380/1744 3940/1653/2058
f 5845/307/287 5846/1387/1614 5849/1436/1681
f 6216/188/331 6219/151/2423 6218/152/330
f 4004/562/1340 4001/558/1352 4002/187/250
f 2637/1034/1110 2632/692/3666 2635/1492/1787
f 2629/683/2958 2630/2526/2961 2635/1492/1787
f 2632/692/3666 2629/683/2958 2635/1492/1787
f 2300/950/1002 2299/952/1004 2297/470/461
f 2299/952/1004 2296/2826/3667 2297/470/461
f 2296/2826/3667 2293/166/147 2297/470/461
f 3361/716/541 3356/1710/978 3357/1184/1309
f 3357/1184/1309 3358/1112/780 3362/127/107
f 5028/558/594 5025/1048/1631 5026/516/593
f 5025/1048/1631 5022/96/2734 5023/97/318
f 5026/516/593 5025/1048/1631 5023/97/318
f 5052/1654/2059 5053/1658/2063 5056/1655/2060
f 5713/1536/1844 5716/2592/3006 5712/1765/2236
f 5716/2592/3006 5715/647/683 5712/1765/2236
f 5712/1765/2236 5709/1216/1378 5713/1536/1844
f 5054/1657/2062 5057/1850/3668 5056/1655/2060
f 3321/2332/2820 3331/2334/2819 3325/2333/2858
f 3331/2334/2819 3340/272/1908 3325/2333/2858
f 3330/835/1480 3324/834/1479 3325/2333/2858
f 3330/835/1480 3325/2333/2858 3335/836/1481
f 3325/2333/2858 3340/272/1908 3335/836/1481
f 3335/836/1481 3340/272/1908 3339/49/42
f 5337/2666/3189 5338/1905/2476 5340/1660/2065
f 5338/1905/2476 5341/1029/1105 5340/1660/2065
f 5341/1029/1105 5344/1028/1104 5343/1659/2064
f 3176/712/758 3177/714/760 3179/1662/2067
f 3177/714/760 3186/282/259 3185/281/258
f 3180/1661/2066 3177/714/760 3185/281/258
f 5061/1402/3447 5056/1655/2060 5066/1404/3445
f 5056/1655/2060 5057/1850/3668 5067/1397/1628
f 5066/1404/3445 5056/1655/2060 5067/1397/1628
f 5057/1850/3668 5059/1663/2068 5067/1397/1628
f 3631/133/110 3628/1800/541 3629/134/107
f 3044/1189/1316 3039/81/1021 3049/1190/1685
f 3039/81/1021 3040/1857/2315 3050/1450/1699
f 3040/1857/2315 3042/2709/2848 3050/1450/1699
f 3042/2709/2848 3051/1451/1700 3050/1450/1699
f 5197/1535/1843 5200/1847/3669 5199/156/2070
f 4376/1166/2071 4375/2704/2587 4368/1167/2072
f 4386/1273/1312 4375/2704/2587 4376/1166/2071
f 4386/1273/1312 4376/1166/2071 4377/1488/1777
f 4387/1274/2074 4386/1273/1312 4377/1488/1777
f 6568/1572/1895 6565/1914/2498 6566/963/2075
f 4972/41/386 4973/428/554 4975/540/2021
f 4973/428/554 4976/420/1206 4975/540/2021
f 4976/420/1206 4979/46/1735 4978/42/1734
f 2237/400/391 2234/1664/2077 2238/1290/1466
f 2234/1664/2077 2231/1169/1280 2232/1170/1282
f 2235/1288/1464 2234/1664/2077 2232/1170/1282
f 6224/91/73 6225/90/72 6228/168/2078
f 6362/2827/3670 6363/2828/3671 6366/1665/3672
f 6367/1897/3673 6371/2829/3674 6372/2658/3675
f 6358/1233/3676 6362/2827/3670 6366/1665/3672
f 6370/2830/2724 6357/2716/2750 6358/1233/1406
f 6377/262/236 6376/1666/1431 6367/1897/2458
f 6376/1666/1431 6370/2830/2724 6358/1233/1406
f 6367/1897/2458 6376/1666/1431 6366/1665/2079
f 6372/2658/3177 6375/2831/2730 6377/262/3139
f 6367/1897/2458 6372/2658/3677 6377/262/236
f 3529/494/1529 3532/346/1620 3531/242/1346
f 3515/998/1357 3516/51/1335 3519/160/1064
f 2765/513/521 2762/781/3220 2763/1092/1185
f 3865/1346/1550 3864/1616/1986 3861/1003/1076
f 4207/347/2080 4210/551/1337 4209/114/271
f 4076/258/231 4073/749/291 4074/751/630
f 4019/526/1361 4020/103/1381 3951/55/466
f 4486/806/847 4481/805/846 4482/1787/2272
f 4486/806/847 4482/1787/2272 4492/1773/657
f 4486/806/847 4492/1773/657 4491/1592/2081
f 3451/907/3678 3447/908/3679 3448/87/3680
f 3957/160/1064 3954/51/1335 3955/501/1336
f 5129/598/638 5128/2832/2849 5122/1667/1445
f 3225/362/225 3226/364/291 3229/796/231
f 6382/2329/2996 6392/2833/2995 6386/260/234
f 6392/2833/2995 6403/1900/2466 6386/260/234
f 6391/1349/1554 6385/261/235 6386/260/234
f 6391/1349/1554 6386/260/234 6403/1900/2466
f 6397/1348/1553 6391/1349/1554 6403/1900/2466
f 6397/1348/1553 6403/1900/2466 6402/1516/1815
f 5127/1065/1448 5132/2834/3681 5131/1670/2085
f 6227/259/290 6228/168/2078 6231/377/1786
f 4481/805/846 4480/804/566 4476/1788/2273
f 4480/804/566 4471/833/876 4476/1788/2273
f 4477/1672/2087 4476/1788/2273 4471/833/876
f 5137/2835/2808 5128/2832/2849 5133/597/637
f 5128/2832/2849 5129/598/638 5133/597/637
f 5138/1673/2088 5137/2835/2808 5133/597/637
f 5135/1674/2089 5140/1792/2276 5139/1791/1520
f 5135/1674/2089 5139/1791/1520 5130/1807/876
f 5135/1674/2089 5130/1807/876 5131/1670/2085
f 6419/2648/3158 6410/2795/3553 6415/542/567
f 6410/2795/3553 6411/543/568 6415/542/567
f 6420/1677/2092 6419/2648/3158 6415/542/567
f 5672/1593/1930 5678/1592/1929 5677/1865/2399
f 5677/1865/3682 5682/2544/3683 5681/671/3684
f 5677/1865/2399 5681/671/1821 5667/804/1691
f 5672/1593/1930 5677/1865/2399 5667/804/1691
f 5673/806/1931 5672/1593/1930 5667/804/1691
f 4811/1497/1793 4812/1693/2119 4815/507/514
f 5746/1678/2094 5751/118/1236 5750/927/2095
f 5157/1680/1054 5160/1240/842 5159/1126/581
f 3692/1640/1685 3693/887/1179 3698/886/1178
f 3708/1278/876 3697/97/2872 3692/1640/1685
f 3697/97/2872 3687/2485/2871 3692/1640/1685
f 3708/1278/876 3692/1640/1685 3698/886/1178
f 3708/1278/876 3698/886/1178 3703/885/1177
f 3708/1278/876 3703/885/1177 3704/1276/654
f 4693/1176/1296 4690/1566/1885 4691/1681/2097
f 4690/1566/1885 4687/1115/1216 4688/1591/1925
f 4691/1681/2097 4690/1566/1885 4688/1591/1925
f 5165/450/2098 5162/2825/203 5163/1682/176
f 4427/296/273 4419/291/238 4420/290/266
f 2986/676/107 2989/1068/112 2988/1191/110
f 5826/374/2100 5812/2787/3527 5813/1495/1791
f 5818/1574/1897 5822/880/3685 5827/879/1828
f 5826/374/2100 5813/1495/1791 5817/373/1898
f 5818/1574/1897 5827/879/1828 5826/374/2100
f 5173/1683/2101 5172/1075/1154 5169/1452/1705
f 6437/1687/175 6436/1798/176 6434/1685/1353
f 6434/1685/1353 6432/1879/581 6433/1686/2103
f 5055/1656/2061 5056/1655/2060 5064/1408/1646
f 5056/1655/2060 5061/1402/3447 5065/1524/1827
f 5065/1524/1827 5064/1408/1646 5056/1655/2060
f 5064/1408/1646 5063/1735/3449 5058/1688/2104
f 3239/1703/3686 3243/2743/3687 3244/959/3391
f 3234/1071/3240 3238/2744/3688 3239/1703/3689
f 3247/1210/1355 3233/797/841 3234/1071/619
f 3247/1210/1355 3234/1071/619 3239/1703/3690
f 3247/1210/1355 3239/1703/3690 3244/959/1012
f 5163/1682/176 5164/2722/175 5167/190/1704
f 3495/1186/1312 3484/2708/2764 3485/842/884
f 3495/1186/1312 3485/842/884 3486/841/485
f 3496/675/1888 3495/1186/1312 3486/841/485
f 5441/791/1370 5438/828/1372 5439/1414/1652
f 3299/1523/1826 3298/1095/1191 3295/1094/1190
f 3295/1094/1190 3292/1614/1980 3296/1522/1825
f 3292/1614/1980 3293/1093/1189 3296/1522/1825
f 3681/1255/1431 3676/2726/2724 3663/138/116
f 3676/2726/2724 3662/2173/2629 3663/138/116
f 3663/138/3691 3667/2699/3692 3672/1144/3693
f 3667/2699/3692 3668/2700/3694 3672/1144/3693
f 3678/2697/3695 3680/2727/3696 3682/1270/3697
f 3673/1143/3698 3677/2698/3699 3678/2697/3700
f 3673/1143/2106 3678/2697/3701 3682/1270/1442
f 3681/1255/1431 3663/138/116 3672/1144/2106
f 3673/1143/2106 3682/1270/1442 3681/1255/1431
f 3917/1345/1548 3918/1303/1483 3921/743/787
f 4519/1506/2108 4522/1216/1378 4521/1215/1377
f 5187/239/1395 5190/1374/1606 5189/1382/1605
f 3748/449/1924 3747/55/1763 3948/1017/1093
f 4885/1017/1093 4886/1386/1613 4685/449/1924
f 3472/353/2420 3473/2384/2346 3480/351/887
f 3473/2384/2346 3481/2385/3009 3480/351/887
f 6462/1517/2113 6463/520/2487 6466/1036/1881
f 5781/1561/630 5780/309/291 5777/249/112
f 5195/1539/1848 5196/1534/1841 5199/156/2070
f 5293/1691/2115 5296/1709/2144 5292/1692/2116
f 5296/1709/2144 5295/1823/2337 5292/1692/2116
f 5292/1692/2116 5289/2836/3702 5290/1498/1797
f 3797/63/56 3796/1313/1499 3793/1636/2027
f 3793/1636/2027 3790/461/1940 3791/967/1942
f 3794/64/57 3797/63/56 3793/1636/2027
f 4801/1616/1986 4802/1346/1550 4805/1617/2118
f 4805/1617/2118 4808/928/974 4804/1615/2117
f 4808/928/974 4807/930/976 4804/1615/2117
f 5218/332/324 5217/356/347 5214/355/346
f 5758/117/1235 5757/2437/2764 5750/927/2095
f 3871/928/974 3872/1006/1079 3875/1693/2119
f 5444/239/214 5441/791/1370 5442/1689/2105
f 5216/354/345 5217/356/347 5220/331/323
f 6361/2508/2922 6374/2837/3342 6360/26/774
f 6374/2837/3342 6378/1694/2121 6360/26/774
f 6377/262/236 6372/2658/3703 6368/1021/1097
f 6378/1694/2121 6377/262/236 6368/1021/1097
f 6378/1694/2121 6368/1021/1097 6369/1020/1096
f 3768/535/558 3765/2745/3396 3766/1293/1473
f 3765/2745/3396 3762/1256/1432 3763/2728/3395
f 3766/1293/1473 3765/2745/3396 3763/2728/3395
f 3435/177/158 3432/901/950 3433/482/476
f 6056/1595/1934 6053/1888/2444 6054/484/478
f 3908/1582/1913 3909/1370/1590 3912/1371/1591
f 5700/1527/1832 5703/314/1802 5702/316/2122
f 5228/1695/2124 5225/531/2500 5226/532/1701
f 3724/2480/2783 3715/2479/2853 3720/626/1521
f 3715/2479/2853 3716/1165/1522 3720/626/1521
f 3725/628/2126 3724/2480/2783 3720/626/1521
f 3600/779/2127 3601/2518/2947 3609/2506/3567
f 3600/779/2127 3609/2506/3567 3608/729/1290
f 3750/1115/1216 3747/50/1763 3748/54/1924
f 4680/1434/1920 4681/1589/1922 4350/634/671
f 5235/803/844 5234/2587/2998 5229/278/254
f 5234/2587/2998 5233/1504/1800 5231/1696/2129
f 5229/278/254 5234/2587/2998 5231/1696/2129
f 5891/2838/610 5890/1863/3295 5885/1698/1654
f 5890/1863/2397 5889/1862/1455 5879/1113/1213
f 5879/1113/1213 5880/1013/1089 5882/1697/2130
f 5880/1013/1089 5883/2060/2594 5882/1697/2130
f 5882/1697/3704 5886/2839/3705 5885/1698/3706
f 5890/1863/2397 5879/1113/1213 5885/1698/2131
f 5726/1564/1878 5727/1356/1562 5730/1355/1561
f 3288/769/816 3285/2681/3707 3286/604/644
f 3285/2681/3707 3282/2459/2810 3286/604/644
f 3282/2459/2810 3283/511/519 3286/604/644
f 5254/57/50 5255/1958/2583 5260/2840/3708
f 5260/2840/3708 5267/2841/3709 5266/1699/2132
f 5254/57/50 5260/2840/3708 5266/1699/2132
f 6514/522/2133 6515/92/2501 6518/499/502
f 5252/837/880 5253/2589/3000 5258/1391/1618
f 4763/29/1322 4766/30/1492 4765/28/1525
f 5266/1699/2132 5267/2841/3709 5276/1702/2137
f 5276/1702/2137 5275/1550/1862 5265/1549/1861
f 5275/1550/3564 5270/2800/3565 5265/1549/3562
f 5270/2800/3565 5271/2799/3563 5265/1549/3562
f 5277/1378/2138 5272/747/790 5273/746/789
f 5273/746/789 5274/2766/3444 5278/146/126
f 4508/591/632 4511/1401/2026 4510/340/1829
f 2720/1070/808 2730/1405/1641 2729/959/1460
f 2724/1703/909 2719/1071/619 2720/1070/808
f 2313/1704/2139 2316/1895/2455 2315/1705/2140
f 5282/1706/2141 5281/147/127 5278/146/126
f 2761/780/828 2762/781/3220 2765/513/521
f 6229/285/612 6226/283/1856 6227/259/290
f 5293/1691/2115 5290/1498/1797 5294/1708/2143
f 5290/1498/1797 5291/2788/3543 5294/1708/2143
f 5294/1708/2143 5297/1753/2218 5296/1709/2144
f 3414/2605/3283 3400/2606/3041 3401/1136/1243
f 3414/2605/3283 3401/1136/1243 3406/939/989
f 3414/2605/3283 3406/939/989 3407/871/988
f 3411/872/2145 3413/2609/3710 3415/873/3711
f 3414/2605/3283 3407/871/988 3415/873/1259
f 2693/1106/3201 2694/252/226 2703/2514/646
f 2692/1053/1134 2693/1106/3201 2703/2514/646
f 2692/1053/1134 2703/2514/646 2702/745/1632
f 2841/1710/1312 2830/2343/2587 2831/48/292
f 2841/1710/1312 2831/48/292 2832/47/980
f 2841/1710/1312 2832/47/980 2838/934/979
f 4044/1180/3712 4048/2712/2713 4051/1229/2586
f 4051/1229/2146 4050/2713/2587 4043/1230/2147
f 5300/1711/2149 5303/1725/2174 5302/1317/1508
f 2456/516/593 2453/97/318 2457/514/1667
f 2453/97/318 2454/517/584 2457/514/1667
f 2457/514/1667 2460/274/900 2456/516/593
f 4045/1173/15 4053/75/229 4052/490/485
f 4045/1173/15 4052/490/485 4044/1180/2148
f 3768/535/558 3769/1294/1474 3772/594/633
f 5646/1713/3713 5645/2694/3714 5652/1133/3713
f 5651/1132/2269 5650/1507/648 5639/1647/3715
f 5652/1133/2151 5651/1132/2269 5639/1647/3715
f 5652/1133/2151 5639/1647/3715 5640/1646/2152
f 2793/1254/1430 2792/202/2262 2788/810/1204
f 1336/354/75 1337/2035/75 1338/2036/75
f 1336/354/75 1338/2036/75 1339/1052/75
f 1334/2033/75 1335/96/75 1333/2034/75
f 1335/96/75 1336/354/75 1339/1052/75
f 1333/2034/75 1335/96/75 1332/793/75
f 1339/1052/75 1340/2037/75 1332/793/75
f 1335/96/75 1339/1052/75 1332/793/75
f 1332/793/75 1340/2037/75 1331/2038/75
f 1340/2037/75 1341/2039/75 1331/2038/75
f 1331/2038/75 1341/2039/75 1330/238/75
f 1341/2039/75 1342/2041/75 1329/2040/75
f 1330/238/75 1341/2039/75 1329/2040/75
f 1342/2041/75 1343/2042/75 1328/2027/75
f 1329/2040/75 1342/2041/75 1328/2027/75
f 1326/2024/75 1327/782/75 1345/2029/75
f 1327/782/75 1328/2027/75 1344/2028/75
f 1324/2021/75 1325/2025/75 1347/2023/75
f 1325/2025/75 1326/2024/75 1346/2026/75
f 1322/2018/75 1323/2022/75 1349/227/75
f 1323/2022/75 1324/2021/75 1347/2023/75
f 1320/2017/75 1321/2019/75 1351/2020/75
f 1321/2019/75 1322/2018/75 1350/1639/75
f 1351/2020/75 1321/2019/75 1350/1639/75
f 1318/85/75 1319/72/75 1353/71/75
f 1319/72/75 1320/2017/75 1352/39/75
f 1316/1127/75 1317/2016/75 1318/85/75
f 1314/2015/75 1315/2013/75 1313/2014/75
f 1315/2013/75 1316/1127/75 1313/2014/75
f 1319/72/75 1352/39/75 1353/71/75
f 1352/39/75 1320/2017/75 1351/2020/75
f 1313/2014/75 1316/1127/75 1312/2032/75
f 1316/1127/75 1318/85/75 1309/2031/75
f 1312/2032/75 1316/1127/75 1311/295/75
f 1311/295/75 1316/1127/75 1310/2043/75
f 1323/2022/75 1347/2023/75 1348/2030/75
f 1325/2025/75 1346/2026/75 1347/2023/75
f 1327/782/75 1344/2028/75 1345/2029/75
f 1328/2027/75 1343/2042/75 1344/2028/75
f 1310/2043/75 1316/1127/75 1309/2031/75
f 1326/2024/75 1345/2029/75 1346/2026/75
f 1308/2044/75 1309/2031/75 1318/85/75
f 1307/925/75 1308/2044/75 1318/85/75
f 1323/2022/75 1348/2030/75 1349/227/75
f 1306/2045/75 1307/925/75 1354/86/75
f 1307/925/75 1318/85/75 1354/86/75
f 1322/2018/75 1349/227/75 1350/1639/75
f 1299/1735/75 1300/2047/75 1301/2046/75
f 1297/2049/75 1298/1219/75 1296/2050/75
f 1298/1219/75 1299/1735/75 1302/2048/75
f 1296/2050/75 1298/1219/75 1295/2051/75
f 1295/2051/75 1298/1219/75 1302/2048/75
f 1299/1735/75 1301/2046/75 1302/2048/75
f 1302/2048/75 1303/2052/75 1295/2051/75
f 1295/2051/75 1303/2052/75 1294/2053/75
f 1293/988/75 1294/2053/75 1304/2054/75
f 1294/2053/75 1303/2052/75 1304/2054/75
f 1292/2055/75 1293/988/75 1304/2054/75
f 1292/2055/75 1304/2054/75 1305/2056/75
f 1291/2057/75 1292/2055/75 1305/2056/75
f 1291/2057/75 1305/2056/75 1290/2058/75
f 1305/2056/75 1306/2045/75 1290/2058/75
f 1354/86/75 1290/2058/75 1306/2045/75
f 4900/42/494 4901/46/1712 4904/494/495
f 5497/462/454 5494/967/2769 5495/1597/2155
f 5485/1715/240 5489/1632/2008 5488/423/413
f 6180/551/1739 6179/114/97 6176/167/150
f 6176/167/150 6173/142/149 6174/347/341
f 6174/347/341 6177/550/576 6176/167/150
f 5328/1719/2162 5325/1716/2158 5329/568/606
f 5325/1716/2158 5322/1433/1671 5326/569/607
f 5322/1433/1671 5323/292/267 5326/569/607
f 5483/1717/2159 5482/52/2771 5532/1767/2240
f 5482/52/2771 5531/1077/1158 5532/1767/2240
f 5532/1767/2240 5533/267/241 5483/1717/2159
f 6571/1718/2160 6568/1572/1895 6569/1573/2076
f 5328/1719/2162 5329/568/606 5332/1043/1120
f 6573/1621/1994 6572/1622/2161 6569/1573/2076
f 5615/120/1836 5616/2151/2922 5629/2842/3067
f 5624/874/919 5615/120/1836 5633/1812/2315
f 5615/120/1836 5629/2842/3067 5633/1812/2315
f 5623/875/920 5624/874/919 5633/1812/2315
f 5633/1812/2315 5632/1606/2167 5623/875/920
f 5632/1606/3139 5630/2641/3716 5627/1722/3717
f 2948/2662/2589 2947/2467/3182 2944/1211/1358
f 2945/1212/673 2958/2384/2346 2957/353/1762
f 2952/1025/2169 2948/2662/2589 2945/1212/673
f 2948/2662/2589 2944/1211/1358 2945/1212/673
f 4956/285/262 4957/284/1471 4960/103/83
f 4839/1368/1586 4840/221/197 4843/1107/1207
f 4727/461/2171 4719/1810/3498 4724/1598/1981
f 4719/1810/3498 4720/1459/1713 4724/1598/1981
f 4724/1598/1981 4725/965/1019 4728/967/2170
f 6261/1723/2172 6264/2843/3718 6263/383/373
f 6264/2843/3718 6267/2774/3466 6263/383/373
f 6267/2774/3466 6266/2395/2758 6263/383/373
f 5306/1724/2173 5305/128/108 5302/1317/1508
f 5352/2844/3719 5353/378/368 5357/1726/2175
f 5353/378/368 5354/380/370 5358/1727/2176
f 2653/707/754 2652/18/13 2649/17/12
f 5359/1729/2178 5358/1727/2176 5355/385/375
f 5358/1727/2176 5354/380/370 5355/385/375
f 5363/1049/1127 5362/1730/2180 5359/1729/2178
f 5362/1730/2180 5358/1727/2176 5359/1729/2178
f 4612/911/914 4619/2627/3039 4623/912/2181
f 4619/2627/3039 4624/2617/2922 4623/912/2181
f 4623/912/3720 4618/2628/3721 4615/247/3722
f 4623/912/2181 4615/247/223 4611/246/222
f 5366/537/560 5369/539/562 5368/1731/2182
f 4759/1192/2184 4760/478/472 4764/1320/2185
f 5378/1218/1385 5375/987/1050 5376/1733/2186
f 5377/1219/1386 5378/1218/1385 5381/1310/1496
f 5387/1910/2484 5386/1911/2485 5384/1655/2188
f 5386/1911/2485 5383/1656/3723 5384/1655/2188
f 5383/1656/3723 5380/1734/2187 5384/1655/2188
f 3519/160/1064 3516/51/1335 3517/501/2189
f 4213/137/1220 4216/508/793 4215/564/794
f 5390/390/380 5393/1466/1725 5392/1467/1726
f 5398/1736/2191 5399/1100/1197 5402/775/823
f 5997/1738/2193 5998/2845/3724 6001/1739/2194
f 5405/777/825 5406/776/824 5409/1208/1339
f 4907/346/1334 4910/347/505 4909/142/506
f 6554/167/2196 6551/1038/1114 6552/1037/1113
f 5412/1207/1338 5415/1065/1146 5414/1067/1148
f 5182/1689/2197 5181/791/836 5178/828/871
f 5413/1667/2198 5414/1067/1148 5417/1066/1147
f 4959/526/542 4960/103/83 4888/55/82
f 5426/1126/1421 5423/1552/1864 5424/1551/1863
f 4293/114/281 4294/551/577 4297/137/579
f 5511/1002/2200 5512/1055/2233 5515/891/936
f 1696/22/75 1697/408/75 1664/2338/75
f 1664/2338/75 1665/2733/75 1695/23/75
f 1665/2733/75 1666/1943/75 1694/1930/75
f 1666/1943/75 1667/1942/75 1693/1944/75
f 1667/1942/75 1668/1940/75 1692/9/75
f 1693/1944/75 1667/1942/75 1692/9/75
f 1668/1940/75 1669/1268/75 1690/1941/75
f 1669/1268/75 1670/1267/75 1688/1918/75
f 1689/1917/75 1669/1268/75 1688/1918/75
f 1670/1267/75 1671/1939/75 1688/1918/75
f 1671/1939/75 1672/1937/75 1687/195/75
f 1688/1918/75 1671/1939/75 1687/195/75
f 1672/1937/75 1673/1935/75 1686/1938/75
f 1673/1935/75 1674/1933/75 1715/1936/75
f 1674/1933/75 1675/1932/75 1714/1934/75
f 1675/1932/75 1676/192/75 1713/194/75
f 1676/192/75 1677/2124/75 1711/6/75
f 1677/2124/75 1678/334/75 1710/4/75
f 1678/334/75 1679/1954/75 1709/335/75
f 1679/1954/75 1680/1440/75 1708/1955/75
f 1709/335/75 1679/1954/75 1708/1955/75
f 1680/1440/75 1681/1952/75 1706/1953/75
f 1681/1952/75 1682/132/75 1704/131/75
f 1682/132/75 1683/1441/75 1703/130/75
f 1683/1441/75 1684/2734/75 1702/1950/75
f 1703/130/75 1683/1441/75 1702/1950/75
f 1684/2734/75 1685/2339/75 1701/1948/75
f 1684/2734/75 1701/1948/75 1702/1950/75
f 1681/1952/75 1704/131/75 1705/1927/75
f 1704/131/75 1682/132/75 1703/130/75
f 1677/2124/75 1710/4/75 1711/6/75
f 1673/1935/75 1715/1936/75 1686/1938/75
f 1675/1932/75 1713/194/75 1714/1934/75
f 1669/1268/75 1689/1917/75 1690/1941/75
f 1665/2733/75 1694/1930/75 1695/23/75
f 1694/1930/75 1666/1943/75 1693/1944/75
f 1695/23/75 1696/22/75 1664/2338/75
f 1681/1952/75 1705/1927/75 1706/1953/75
f 1691/1916/75 1692/9/75 1668/1940/75
f 1680/1440/75 1706/1953/75 1707/1925/75
f 1690/1941/75 1691/1916/75 1668/1940/75
f 1680/1440/75 1707/1925/75 1708/1955/75
f 1678/334/75 1709/335/75 1710/4/75
f 1686/1938/75 1687/195/75 1672/1937/75
f 1676/192/75 1711/6/75 1712/193/75
f 1714/1934/75 1715/1936/75 1674/1933/75
f 5432/1156/2203 5435/1452/3284 5434/1158/1264
f 5436/1742/2202 5435/1452/3284 5432/1156/2203
f 5475/1743/2204 5474/740/784 5471/1637/2030
f 5447/1374/1594 5444/239/214 5445/1227/2120
f 5445/1227/2120 5448/1226/3725 5447/1374/1594
f 5448/1226/3725 5451/517/2206 5447/1374/1594
f 2230/551/1782 2229/114/1281 2226/398/388
f 6260/382/372 6257/329/321 6258/1745/2207
f 5047/284/613 5050/103/1326 5049/526/614
f 2577/993/1054 2580/994/842 2579/553/581
f 5995/1746/2209 5998/2845/3724 5994/1845/2373
f 5998/2845/3724 5997/1738/2193 5994/1845/2373
f 5994/1845/2373 5991/1351/2364 5988/1350/1555
f 5995/1746/2209 5994/1845/2373 5988/1350/1555
f 4179/226/176 4180/801/175 4183/1223/1391
f 5205/447/434 5202/2692/3246 5203/1747/2210
f 5202/2692/3246 5199/156/2070 5200/1847/3669
f 5203/1747/2210 5202/2692/3246 5200/1847/3669
f 5462/1007/1131 5465/532/548 5464/531/547
f 6298/1610/1970 6297/2846/3726 6288/1749/2212
f 5468/530/546 5465/532/548 5466/279/2213
f 6500/1123/1230 6503/326/2310 6502/327/2215
f 5467/1752/2217 5468/530/546 5471/1637/2030
f 5299/1712/2150 5296/1709/2144 5297/1753/2218
f 6133/864/2219 6130/522/540 6131/92/1072
f 6131/92/1072 6134/499/1622 6133/864/2219
f 6134/499/1622 6137/259/307 6133/864/2219
f 3802/895/2220 3803/1568/1886 3806/816/1503
f 3173/336/326 3170/706/753 3171/708/755
f 3170/706/753 3167/18/13 3168/707/754
f 3171/708/755 3170/706/753 3168/707/754
f 5376/1733/2186 5375/987/1050 5373/1754/2221
f 5375/987/1050 5372/986/1049 5373/1754/2221
f 5372/986/1049 5369/539/562 5373/1754/2221
f 5237/1755/2223 5250/56/49 5245/1086/1168
f 5250/56/49 5249/58/51 5245/1086/1168
f 5241/1085/2222 5236/802/843 5237/1755/2223
f 4341/259/233 4342/168/2078 4345/377/1786
f 3364/715/110 3361/716/541 3362/127/107
f 3629/134/107 3625/1185/1310 3626/725/769
f 3626/725/769 3627/1203/646 3630/1204/2224
f 4200/495/496 4201/494/495 4204/346/1334
f 3254/1016/3727 3250/2652/3728 3246/664/3729
f 3246/664/2047 3247/1210/1355 3255/1138/1354
f 5146/2447/2783 5137/2835/2808 5142/1758/2228
f 5137/2835/2808 5138/1673/2088 5142/1758/2228
f 5147/1757/2227 5146/2447/2783 5142/1758/2228
f 5504/1759/2229 5507/2847/3730 5506/1613/1978
f 5507/2847/3730 5510/2848/3731 5506/1613/1978
f 5510/2848/3731 5509/1762/2232 5506/1613/1978
f 2315/1705/2140 2314/2665/3188 2311/1359/1565
f 5145/1761/2231 5140/1792/2276 5141/1901/2468
f 5145/1761/2231 5141/1901/2468 5151/2660/657
f 5145/1761/2231 5151/2660/657 5150/1024/1099
f 5511/1002/2200 5508/2819/3635 5509/1762/2232
f 5402/775/823 5399/1100/1197 5400/1763/2234
f 5712/1765/2236 5715/647/683 5714/649/685
f 5711/1214/1376 5708/1215/1377 5709/1216/1378
f 5712/1765/2236 5714/649/685 5711/1214/1376
f 5518/890/935 5521/1584/1916 5520/1772/2253
f 5520/1772/2253 5517/2849/3732 5518/890/935
f 5517/2849/3732 5514/9/2201 5518/890/935
f 4152/1280/1450 4147/1277/1447 4148/2741/2852
f 4152/1280/1450 4148/2741/2852 4157/1445/1038
f 4152/1280/1450 4157/1445/1038 4156/1238/1410
f 6007/517/2237 6010/808/851 6009/2545/2988
f 6009/2545/2988 6006/97/2238 6007/517/2237
f 6006/97/2238 6003/1818/2322 6004/1766/2239
f 5532/1767/2240 5528/1076/1157 5529/1389/1616
f 5530/1388/1615 5534/268/242 5533/267/241
f 6300/1322/1514 6301/1321/1513 6306/1768/2241
f 6306/1768/2241 6313/2750/3407 6312/1769/2242
f 6312/1769/2242 6305/1793/2277 6300/1322/1514
f 5471/1637/2030 5468/530/546 5469/1750/2214
f 2940/1171/1661 2941/1172/3085 2944/1211/1358
f 5343/1659/2064 5344/1028/1104 5346/384/374
f 5346/384/374 5350/379/369 5353/378/368
f 5353/378/368 5352/2844/3719 5347/1770/2243
f 5347/1770/2243 5343/1659/2064 5346/384/374
f 5573/1273/1312 5562/2704/2788 5563/1166/1273
f 5564/1488/3733 5569/2786/3734 5570/1487/3735
f 5573/1273/1312 5563/1166/1273 5564/1488/2244
f 5574/1274/1444 5573/1273/1312 5564/1488/2244
f 4235/1048/1125 4236/516/526 4239/515/525
f 3534/142/121 3533/141/120 3530/241/1778
f 5487/422/412 5483/2442/2159 5484/50/2157
f 5466/279/2213 5465/532/548 5462/1007/1131
f 6146/50/48 6149/51/536 6145/52/45
f 6149/51/536 6148/998/1731 6145/52/45
f 6145/52/45 6232/526/614 6146/50/48
f 3467/1025/3439 3471/2661/3736 3472/353/3737
f 3480/351/887 3479/1030/15 3475/1026/1766
f 3475/1026/1766 3462/2467/2835 3463/2662/2589
f 3463/2662/3738 3466/2663/3739 3467/1025/3740
f 3472/353/2246 3480/351/887 3475/1026/1766
f 3475/1026/1766 3463/2662/2589 3467/1025/61
f 4859/744/788 4862/2512/3741 4864/742/1144
f 4862/2512/3741 4865/1064/1145 4864/742/1144
f 4864/742/2932 4861/2513/3742 4858/743/787
f 4053/75/229 4045/1173/15 4054/724/782
f 4045/1173/15 4046/729/772 4054/724/782
f 4046/729/772 4049/728/771 4055/1771/2247
f 2682/61/481 2683/1054/1135 2690/734/1569
f 2683/1054/1135 2691/732/776 2690/734/1569
f 5908/1057/776 5909/1485/1774 5914/1486/1775
f 5914/1486/1775 5919/1343/1545 5918/1342/780
f 5760/254/776 5761/1060/1417 5766/844/1416
f 5766/844/1416 5771/1059/1415 5770/845/2248
f 5625/2637/2749 5612/2638/2750 5613/297/1300
f 5613/297/3743 5617/2639/3744 5621/955/1009
f 5617/2639/3744 5618/2640/3745 5621/955/1009
f 5631/957/316 5625/2637/2749 5613/297/1300
f 5622/956/3746 5626/2642/1009 5627/1722/3747
f 5631/957/316 5613/297/1300 5621/955/2260
f 5622/956/2249 5627/1722/3748 5632/1606/2167
f 5631/957/316 5621/955/2260 5622/956/2249
f 5541/1365/803 5540/2063/2602 5537/634/1294
f 5538/636/673 5551/2763/2346 5550/77/2250
f 5545/76/2251 5541/1365/803 5538/636/673
f 5541/1365/803 5537/634/1294 5538/636/673
f 4967/501/534 4966/51/44 4964/54/47
f 4966/51/44 4963/55/43 4964/54/47
f 4963/55/43 5050/103/1326 5051/53/46
f 5579/1282/107 5582/757/112 5581/863/110
f 5579/1282/107 5580/1148/106 5583/1489/792
f 3440/533/551 3439/700/2648 3436/175/156
f 2715/1069/1 2720/1070/808 2719/1071/619
f 2719/1071/619 2718/797/616 2714/796/231
f 5521/1584/1916 5524/1390/1617 5523/130/2252
f 4498/1261/1054 4497/823/433 4491/1592/2081
f 4497/823/433 4494/671/1495 4490/1865/669
f 4490/1865/669 4491/1592/2081 4497/823/433
f 4596/1560/231 4595/2850/1258 4592/250/225
f 2711/364/291 2708/363/112 2709/785/792
f 3561/97/77 3562/517/1374 3565/274/249
f 2210/42/1488 2208/375/365 2205/1544/1855
f 2205/1544/1855 2206/1543/1854 2212/1774/2254
f 2215/1775/2255 2214/2316/2657 2205/1544/1855
f 2214/2316/2657 2210/42/1488 2205/1544/1855
f 4873/1472/1745 4874/1380/1602 4877/1653/2256
f 5588/1431/231 5585/759/291 5586/758/630
f 2852/857/225 2849/715/110 2850/854/112
f 2872/1776/914 2879/1426/3039 2883/1619/180
f 2879/1426/3039 2884/2720/2922 2883/1619/180
f 2883/1619/180 2875/1098/1914 2871/867/910
f 3983/206/1362 3980/286/1375 3981/564/1082
f 3858/1002/2257 3859/1055/1136 3862/232/207
f 4403/1777/279 4404/1797/2281 4408/1569/2258
f 4413/1079/1160 4412/1080/1162 4403/1777/279
f 4224/107/90 4225/191/1635 4228/11/1225
f 2486/1194/808 2496/869/914 2495/722/1423
f 2490/1778/2259 2485/1195/619 2486/1194/808
f 3773/1301/1478 3770/534/557 3771/536/559
f 4915/115/508 4912/114/271 4913/551/1337
f 3396/1135/1242 3392/1137/1244 3388/947/1223
f 3388/947/1223 3389/1099/1196 3397/938/302
f 2892/1236/1408 2895/872/3245 2882/938/302
f 2882/938/302 2883/1619/3601 2893/1237/1409
f 5614/296/273 5627/1722/3056 5622/956/2249
f 5613/297/274 5614/296/273 5621/955/2260
f 2808/2481/2856 2802/2482/2857 2809/834/877
f 2802/2482/2857 2799/1779/2261 2810/2333/2692
f 2809/834/877 2802/2482/2857 2810/2333/2692
f 2799/1779/2261 2791/811/3242 2792/202/2262
f 2797/203/678 2801/640/679 2792/202/2262
f 2801/640/679 2806/2332/3749 2810/2333/2692
f 2799/1779/2261 2801/640/679 2810/2333/2692
f 5210/1780/2263 5207/510/2385 5208/158/436
f 4645/1781/2264 4646/546/572 4649/995/1055
f 3689/2581/2681 3684/2738/2607 3690/819/863
f 3684/2738/2607 3681/1255/1431 3690/819/863
f 3681/1255/1431 3682/1270/1442 3690/819/863
f 3682/1270/1442 3687/2485/1961 3691/1271/234
f 5639/1647/3715 5634/1648/2607 5640/1646/2152
f 5634/1648/2607 5631/957/316 5640/1646/2152
f 5640/1646/2152 5631/957/316 5632/1606/2167
f 5632/1606/2167 5637/601/1961 5641/1782/66
f 5637/601/3750 5636/2693/3751 5641/1782/3752
f 4202/241/497 4203/242/498 4206/142/506
f 4864/742/1144 4863/2683/3244 4860/1181/1305
f 4860/1181/1305 4857/1690/3416 4858/743/1547
f 4562/1783/2265 4567/2501/2909 4566/711/757
f 6389/2779/3224 6400/188/2467 6399/1898/654
f 6398/1785/3753 6394/2851/3754 6393/1786/3755
f 6389/2779/3224 6399/1898/654 6398/1785/2267
f 6388/1438/1684 6389/2779/3224 6398/1785/2267
f 5657/974/1036 5656/2789/2849 5650/1507/648
f 4455/599/1963 4456/1287/1458 4461/1286/1457
f 4471/833/876 4460/2585/3255 4455/599/1963
f 4460/2585/3255 4450/601/2683 4455/599/1963
f 4471/833/876 4455/599/1963 4461/1286/1457
f 4471/833/876 4461/1286/1457 4466/1285/1456
f 4471/833/876 4466/1285/1456 4467/831/654
f 5655/1509/652 5660/2792/2852 5659/832/875
f 4478/2457/2989 4469/2789/3544 4474/973/2271
f 4469/2789/3544 4470/974/1237 4474/973/2271
f 4479/976/1040 4478/2457/2989 4474/973/2271
f 4471/833/876 4480/804/566 4475/972/2270
f 4480/804/566 4479/976/1040 4475/972/2270
f 4470/974/1237 4471/833/876 4475/972/2270
f 4472/832/1808 4473/2792/3550 4477/1672/2087
f 4473/2792/3550 4482/1787/2272 4477/1672/2087
f 4476/1788/2273 4477/1672/2087 4482/1787/2272
f 2555/971/1039 2560/612/650 2559/611/566
f 2555/971/1039 2559/611/566 2550/1443/876
f 2555/971/1039 2550/1443/876 2551/615/653
f 3956/409/400 3957/160/1064 3960/41/33
f 6335/1493/1788 6332/2755/904 6336/1790/1418
f 6332/2755/904 6333/1332/231 6336/1790/1418
f 5144/1760/2230 5150/1024/1099 5149/1023/1098
f 5149/1023/1098 5153/434/1495 5139/1791/1520
f 5144/1760/2230 5149/1023/1098 5139/1791/1520
f 5145/1761/2231 5144/1760/2230 5139/1791/1520
f 6316/1304/1485 6321/451/442 6320/1456/1711
f 6320/1456/1711 6310/2852/3756 6316/1304/1485
f 6310/2852/3756 6304/1609/1969 6316/1304/1485
f 6311/1305/1486 6316/1304/1485 6304/1609/1969
f 6311/1305/1486 6304/1609/1969 6305/1793/2277
f 2576/595/433 2575/552/580 2567/980/1968
f 2575/552/580 2566/2650/2783 2567/980/1968
f 2576/595/433 2567/980/1968 2568/981/1044
f 3179/1662/2067 3189/2272/3429 3178/1220/1387
f 3189/2272/3429 3198/1054/1135 3178/1220/1387
f 3182/1221/1388 3178/1220/1387 3198/1054/1135
f 3182/1221/1388 3198/1054/1135 3197/61/54
f 3187/488/483 3182/1221/1388 3197/61/54
f 3453/88/70 3452/89/71 3448/87/69
f 4404/1797/2281 4403/1777/279 4400/1432/1258
f 4400/1432/1258 4401/1431/231 4404/1797/2281
f 4178/228/203 4174/1903/582 4177/799/177
f 4174/1903/582 4175/1187/581 4177/799/177
f 6435/1799/203 6431/1880/2432 6434/1685/1353
f 6431/1880/2432 6432/1879/581 6434/1685/1353
f 4066/1800/717 4061/2767/1312 4062/1392/1619
f 4062/1392/1619 4063/1185/780 4067/134/111
f 5773/1061/717 5768/1062/978 5769/403/396
f 5769/403/396 5770/845/2248 5774/1562/107
f 4757/480/2282 4760/478/472 4759/1192/2184
f 2239/1801/2283 2242/1393/1624 2241/401/392
f 3865/1346/1550 3866/1347/1551 3868/1617/1987
f 3866/1347/1551 3869/1005/2284 3868/1617/1987
f 3869/1005/2284 3872/1006/1079 3871/928/974
f 4781/1340/1542 4784/2491/3451 4783/1341/2285
f 4780/1339/2286 4777/1421/1658 4781/1340/1542
f 4777/1421/1658 4778/1335/1536 4781/1340/1542
f 4331/339/329 4332/152/332 4335/92/1756
f 4335/92/1756 4338/91/152 4337/164/2051
f 4337/164/2051 4334/522/2287 4335/92/1756
f 5262/1802/2288 5261/2517/2937 5256/2853/3757
f 5256/2853/3757 5251/38/30 5252/837/880
f 5262/1802/2288 5256/2853/3757 5252/837/880
f 6185/564/941 6182/115/98 6186/508/1716
f 6182/115/98 6183/137/579 6186/508/1716
f 6186/508/1716 6189/509/585 6185/564/941
f 3606/1180/2289 3607/1173/15 3614/490/1402
f 3607/1173/15 3615/75/776 3614/490/1402
f 4523/1529/1835 4522/1216/1378 4519/1506/2108
f 4777/1421/1658 4774/975/1037 4775/387/377
f 5703/314/1802 5700/1527/1832 5701/585/2290
f 5705/315/300 5702/316/2122 5703/314/1802
f 5082/1890/2448 5083/2854/3758 5092/2855/3759
f 5082/1890/2448 5092/2855/3759 5091/1296/3760
f 5092/2855/3759 5101/2444/2776 5091/1296/3760
f 5096/1297/1477 5091/1296/3760 5101/2444/2776
f 5096/1297/1477 5101/2444/2776 5100/1803/2292
f 5290/1498/1797 5289/2836/3702 5286/1557/1875
f 3161/311/294 3160/313/296 3158/1477/1764
f 3160/313/296 3157/1478/1765 3158/1477/1764
f 3157/1478/1765 3154/1306/1489 3155/318/308
f 3119/1336/1538 3116/825/868 3117/1004/1077
f 3120/1530/1837 3123/2651/3162 3119/1336/1538
f 3123/2651/3162 3122/1009/1085 3119/1336/1538
f 2745/106/86 2753/2147/3223 2752/1411/2294
f 2752/1411/2294 2749/1084/1166 2744/1083/1165
f 2739/1016/1245 2740/1138/1246 2744/1083/1165
f 2740/1138/1246 2745/106/86 2744/1083/1165
f 3540/115/1351 3541/137/1366 3544/508/2295
f 5721/1546/2325 5724/1512/1811 5720/1545/1857
f 5724/1512/1811 5727/1356/1562 5723/1513/1812
f 5727/1356/1562 5726/1564/1878 5723/1513/1812
f 2661/712/758 2662/714/760 2664/1662/2297
f 2662/714/760 2671/282/259 2670/281/1024
f 2665/1661/2296 2662/714/760 2670/281/1024
f 2632/692/3666 2637/1034/1110 2634/696/740
f 2627/679/719 2632/692/3666 2634/696/740
f 2637/1034/1110 2636/1307/1490 2634/696/740
f 3873/929/975 3870/930/976 3871/928/974
f 4587/1562/107 4583/845/780 4584/1059/1139
f 4584/1059/1139 4585/2672/1666 4588/1806/106
f 5114/425/415 5115/662/700 5120/661/699
f 5130/1807/876 5119/2856/2872 5114/425/415
f 5119/2856/2872 5109/426/3761 5114/425/415
f 5130/1807/876 5114/425/415 5120/661/699
f 5130/1807/876 5120/661/699 5125/660/698
f 5130/1807/876 5125/660/698 5126/1671/2086
f 5697/340/334 5700/1527/1832 5699/1526/2123
f 5698/1401/1634 5701/585/2290 5700/1527/1832
f 6274/1809/2301 6275/1885/2437 6279/1151/1255
f 6279/1151/1255 6278/559/595 6274/1809/2301
f 2886/1136/2302 2885/2606/3041 2880/2695/3762
f 2880/2695/3762 2876/2684/3311 2877/1137/2303
f 2886/1136/2302 2880/2695/3762 2877/1137/2303
f 5744/923/2024 5748/1784/2407 5753/711/1469
f 5753/711/1469 5752/1292/1470 5747/924/63
f 5747/924/63 5734/345/339 5735/1532/1839
f 5744/923/2024 5753/711/1469 5747/924/63
f 5747/924/63 5735/1532/1839 5740/922/2304
f 4352/851/981 4353/2063/3099 4366/78/1766
f 4366/78/1766 4370/1480/15 4369/1168/3504
f 4369/1168/3763 4365/2742/3764 4360/1283/1302
f 4366/78/1766 4369/1168/3504 4360/1283/2305
f 4355/852/1654 4352/851/981 4366/78/1766
f 2826/549/737 2829/1482/1772 2835/1540/3521
f 2835/1540/3521 2834/847/2306 2826/549/737
f 2834/847/2306 2833/933/776 2825/272/246
f 3780/42/277 3784/690/730 3779/40/278
f 3784/690/730 3783/1459/2307 3779/40/278
f 5565/1420/776 5575/1419/2248 5570/1487/2245
f 5575/1419/2248 5574/1274/1444 5570/1487/2245
f 3348/933/776 3358/1112/780 3353/934/1308
f 3358/1112/780 3357/1184/1309 3353/934/1308
f 3308/1254/1430 3304/1253/1429 3305/1651/2309
f 6580/1048/1983 6577/327/2215 6578/326/2310
f 4755/698/1957 4751/295/1313 4756/479/1955
f 4751/295/1313 4752/114/2504 4756/479/1955
f 5774/1562/107 5777/249/112 5776/251/110
f 5774/1562/107 5775/1806/2224 5778/1563/792
f 5916/2644/1312 5905/2702/2788 5906/1162/1268
f 5916/2644/1312 5906/1162/1268 5907/21/16
f 5917/966/1023 5916/2644/1312 5907/21/16
f 3197/61/54 3198/1054/1135 3205/734/778
f 3198/1054/1135 3206/732/776 3205/734/778
f 3977/113/1350 3974/295/1656 3975/114/1365
f 4798/1003/1076 4799/232/1075 4802/1346/1550
f 4295/113/96 4292/295/3218 4293/114/281
f 3278/1092/1185 3277/781/829 3275/190/1176
f 3277/781/829 3274/205/1174 3275/190/1176
f 3269/105/85 3265/459/895 3266/2450/3021
f 3274/205/1174 3268/2147/1266 3269/105/85
f 3266/2450/3021 3272/2680/1176 3269/105/85
f 3272/2680/1176 3275/190/1176 3269/105/85
f 5783/1560/231 5780/309/291 5781/1561/630
f 4428/120/103 4429/2151/2622 4442/2842/3067
f 4442/2842/3067 4446/1812/2315 4428/120/103
f 4446/1812/2315 4445/1606/1962 4436/875/1001
f 4445/1606/1962 4440/1722/3765 4436/875/1001
f 4446/1812/2315 4436/875/1001 4437/874/1000
f 6092/142/506 6091/141/270 6088/241/497
f 5783/1560/231 5782/2850/1258 5779/250/225
f 3970/346/1620 3973/347/1636 3972/142/121
f 3235/1070/808 3245/1405/3144 3244/959/1012
f 3235/1070/808 3244/959/1012 3239/1703/2316
f 3441/1559/1877 3442/699/746 3444/894/939
f 3444/894/939 3448/87/3766 3451/907/1287
f 3451/907/1287 3450/1422/1660 3445/1521/1824
f 3445/1521/1824 3441/1559/1877 3444/894/939
f 5801/248/224 5787/1829/841 5788/3/1729
f 5801/248/224 5788/3/1729 5793/1129/3767
f 5801/248/224 5793/1129/3767 5798/246/961
f 1429/1813/75 1430/2857/75 1473/1814/75
f 1430/2857/75 1431/2533/75 1472/227/75
f 1473/1814/75 1430/2857/75 1472/227/75
f 1473/1814/75 1474/2539/75 1428/944/75
f 5957/878/273 5970/218/194 5965/1603/1954
f 5970/218/194 5969/217/193 5965/1603/1954
f 5956/1468/1727 5957/878/273 5964/1602/1953
f 5017/10/1277 5018/12/89 5020/326/317
f 5018/12/89 5021/1122/2318 5020/326/317
f 5021/1122/2318 5024/517/3465 5023/97/318
f 4427/296/273 4440/1722/3130 4435/956/1009
f 4426/297/1894 4427/296/273 4434/955/1008
f 5106/161/2320 5104/1816/2320 5113/1815/2319
f 5104/1816/2320 5097/2732/3379 5098/1266/1441
f 5103/427/417 5104/1816/2320 5098/1266/1441
f 5098/1266/1441 5099/2443/2775 5103/427/417
f 5103/427/417 5109/426/416 5113/1815/2319
f 5109/426/3768 5108/2858/3769 5113/1815/3770
f 5113/1815/2319 5112/1447/1694 5106/161/2320
f 5112/1447/1694 5111/295/3491 5106/161/2320
f 3422/1155/1261 3425/898/2470 3424/897/946
f 2478/377/1786 2477/284/613 2474/259/290
f 6006/97/2238 6009/2545/2988 6005/96/3771
f 6009/2545/2988 6008/1842/2370 6005/96/3771
f 6005/96/3771 6002/1817/2321 6006/97/2238
f 2220/212/188 2221/211/187 2224/1605/1959
f 4191/160/138 4194/41/139 4193/159/137
f 4729/1597/2323 4728/967/2170 4726/689/729
f 4728/967/2170 4725/965/1019 4726/689/729
f 4726/689/729 4722/691/1020 4723/1556/1870
f 5832/1781/2324 5833/546/572 5836/995/1055
f 2915/900/1265 2918/482/476 2917/901/950
f 2917/901/950 2914/2624/3079 2915/900/1265
f 2914/2624/3079 2911/469/460 2915/900/1265
f 4664/1580/1911 4667/1581/1912 4663/1579/1910
f 4667/1581/1912 4666/2493/2892 4663/1579/1910
f 4663/1579/1910 4660/1334/1535 4661/1435/1680
f 4516/314/299 4517/586/628 4520/1505/1803
f 5720/1545/1857 5717/648/684 5718/663/1850
f 5863/687/727 5864/1073/1152 5868/1589/2326
f 5863/687/727 5868/1589/2326 5867/1434/1676
f 5868/1589/2326 5864/1073/1152 5865/1174/2387
f 5868/1589/2326 5865/1174/2387 5866/1590/1923
f 4034/1179/1849 4040/2705/3453 4044/1180/2148
f 4044/1180/2148 4043/1230/2147 4033/1178/2327
f 4043/1230/2147 4032/2706/1455 4033/1178/2327
f 4268/159/556 4269/41/386 4272/540/565
f 4272/540/565 4275/42/1817 4274/40/1785
f 4274/40/1785 4271/1819/2328 4272/540/565
f 2323/409/1156 2320/998/2392 2321/51/486
f 4818/505/1982 4817/1090/1181 4814/506/1585
f 3075/612/1032 3076/970/1031 3080/613/1690
f 3076/970/1031 3086/620/657 3080/613/1690
f 3079/622/2329 3080/613/1690 3086/620/657
f 6532/998/2330 6529/1379/1601 6530/983/1046
f 6530/983/1046 6533/51/3772 6532/998/2330
f 6533/51/3772 6536/160/1285 6532/998/2330
f 5874/1820/2331 5873/1821/2333 5870/124/285
f 5873/1821/2333 5874/1820/2331 5877/235/210
f 5565/1420/776 5564/1488/2244 5557/1480/15
f 5564/1488/2244 5563/1166/1273 5556/1168/1275
f 3757/98/1927 3756/1176/1928 3754/1681/2097
f 3756/1176/1928 3753/1566/1885 3754/1681/2097
f 3753/1566/1885 3750/1115/1216 3751/1591/2128
f 4039/2518/2346 4038/779/827 4024/754/801
f 4038/779/827 4037/778/826 4024/754/801
f 4027/756/2421 4026/2520/3452 4023/1224/1392
f 4031/755/802 4027/756/2421 4024/754/801
f 4027/756/2421 4023/1224/1392 4024/754/801
f 5753/711/1469 5754/2501/3773 5763/709/1872
f 5763/709/1872 5762/2502/3345 5756/710/2334
f 2291/91/1936 2288/637/674 2289/1822/2335
f 5760/254/776 5770/845/2248 5765/255/395
f 5770/845/2248 5769/403/396 5765/255/395
f 5565/1420/776 5566/224/200 5571/322/2336
f 5566/224/3010 5572/2344/3774 5571/322/3775
f 5571/322/2336 5576/321/1252 5575/1419/2248
f 5706/1506/1804 5709/1216/1378 5708/1215/1377
f 4392/1282/107 4391/1272/541 4387/1274/2074
f 4391/1272/541 4386/1273/1312 4387/1274/2074
f 3629/134/107 3630/1204/2224 3633/750/792
f 5922/967/111 5925/1259/112 5924/1258/110
f 5295/1823/2337 5296/1709/2144 5299/1712/2150
f 5922/967/111 5923/1597/106 5926/1599/792
f 4591/1563/792 4594/1561/630 4593/309/291
f 4957/284/1471 4954/259/307 4955/168/306
f 5298/1824/2338 5299/1712/2150 5302/1317/1508
f 2261/1826/2340 2256/2859/3776 2258/1825/2339
f 2256/2859/3776 2252/415/407 2255/2714/3330
f 2252/415/407 2253/416/408 2255/2714/3330
f 2255/2714/3330 2259/358/349 2256/2859/3776
f 2259/358/349 2258/1825/2339 2256/2859/3776
f 6304/1609/1969 6310/2852/3756 6315/1871/2417
f 6310/2852/3756 6320/1456/1711 6315/1871/2417
f 6320/1456/1711 6319/1455/1710 6315/1871/2417
f 6315/1871/3777 6314/2860/3778 6309/1870/3779
f 6304/1609/1969 6315/1871/2417 6309/1870/2416
f 6304/1609/1969 6309/1870/2416 6308/1827/2341
f 4908/141/270 4909/142/506 4912/114/271
f 3552/107/161 3549/205/1383 3550/190/173
f 4369/1168/2073 4368/1167/2072 4359/1284/1455
f 5278/146/126 5274/2766/3444 5275/1550/1862
f 5275/1550/1862 5276/1702/2137 5279/1707/2142
f 4599/945/1418 4598/300/2964 4595/2850/1258
f 4595/2850/1258 4596/1560/231 4599/945/1418
f 6521/1399/1630 6520/721/765 6517/864/2134
f 5041/91/152 5044/259/233 5043/283/2344
f 5894/1830/2346 5902/184/167 5901/183/166
f 5591/1797/2347 5590/1777/279 5587/1432/1258
f 5587/1432/1258 5588/1431/231 5591/1797/2347
f 4197/42/494 4198/46/1712 4201/494/495
f 6088/241/497 6085/521/1201 6086/495/496
f 4088/140/144 4087/139/117 4078/944/279
f 4078/944/279 4079/764/822 4083/856/2348
f 4407/1501/808 4417/119/102 4416/121/104
f 4407/1501/808 4416/121/104 4411/1831/2259
f 5934/764/2427 5935/774/2794 5949/466/224
f 5938/766/2350 5934/764/2427 5949/466/224
f 5938/766/2350 5949/466/224 5948/1469/1728
f 3012/1087/2352 3013/723/224 3021/1139/2036
f 5774/1562/107 5770/845/2248 5771/1059/1415
f 5771/1059/1415 5772/2672/1666 5775/1806/2224
f 2450/326/317 2447/10/87 2448/12/89
f 2448/12/89 2451/1122/2318 2450/326/317
f 2451/1122/2318 2454/517/584 2450/326/317
f 5958/968/3063 5957/878/273 5950/465/457
f 2621/678/2353 2618/180/163 2627/679/719
f 2618/180/163 2619/179/162 2627/679/719
f 2619/179/162 2624/684/2889 2627/679/719
f 3799/1314/1948 3800/110/1947 3803/1568/1886
f 4338/91/152 4339/90/72 4342/168/2078
f 5997/1738/2193 6000/1740/2195 5999/1833/2354
f 6171/346/2356 6170/242/218 6167/495/538
f 6063/773/820 6060/2813/3606 6064/772/819
f 6060/2813/3606 6061/1855/2390 6064/772/819
f 6061/1855/2390 6069/1835/2357 6064/772/819
f 5053/1658/2063 5281/147/127 5282/1706/2141
f 5480/146/2358 5481/1707/2930 5367/1836/2359
f 2835/1540/3521 2836/1481/226 2845/1428/1666
f 2834/847/2306 2835/1540/3521 2845/1428/1666
f 2834/847/2306 2845/1428/1666 2844/125/105
f 4622/1146/273 4614/248/224 4615/247/223
f 5982/921/968 5983/920/967 5987/891/1557
f 5987/891/1557 5986/1837/2361 5982/921/968
f 5988/1350/1555 5987/891/1557 5984/1838/2363
f 5987/891/1557 5983/920/967 5984/1838/2363
f 5986/1837/2361 5987/891/1557 5991/1351/1556
f 6497/1622/1995 6498/1621/1994 6501/1124/1231
f 6036/1225/2366 6039/1858/2393 6038/244/220
f 3522/41/38 3519/160/1064 3520/395/2083
f 6002/1817/2321 5999/1833/2354 6000/1740/2195
f 6004/1766/2239 6003/1818/2322 6000/1740/2195
f 2543/610/649 2542/609/648 2531/2065/2606
f 2544/1508/1974 2543/610/649 2531/2065/2606
f 2544/1508/1974 2531/2065/2606 2532/80/67
f 5746/1678/2094 5745/1679/2096 5741/277/2003
f 5745/1679/2096 5732/275/251 5741/277/2003
f 5732/275/251 5733/343/337 5737/276/2369
f 6008/1842/2370 6009/2545/2988 6012/807/850
f 6298/1610/1970 6303/1828/2342 6308/1827/2341
f 6308/1827/2341 6307/2861/3780 6302/1844/2372
f 6302/1844/2372 6297/2846/3726 6298/1610/1970
f 3442/699/746 3443/903/953 3444/894/939
f 3443/903/953 3446/893/938 3444/894/939
f 3446/893/938 3454/909/958 3453/88/70
f 3453/88/70 3448/87/3766 3444/894/939
f 5997/1738/2193 5996/1834/2355 5994/1845/2373
f 5996/1834/2355 5993/1846/2374 5994/1845/2373
f 5993/1846/2374 5985/9/2362 5986/1837/2361
f 5991/1351/2364 5994/1845/2373 5986/1837/2361
f 6023/130/2375 6024/1390/2383 6027/629/665
f 2762/781/3220 2761/780/828 2758/450/1903
f 2758/450/1903 2756/2811/1903 2752/1411/2294
f 2756/2811/1903 2748/2675/3209 2752/1411/2294
f 2748/2675/3209 2749/1084/1166 2752/1411/2294
f 2752/1411/2294 2753/2147/3223 2759/205/1174
f 2759/205/1174 2762/781/3220 2758/450/1903
f 3065/1443/876 3074/611/566 3069/623/1433
f 3074/611/566 3073/624/1434 3069/623/1433
f 3064/608/1026 3065/1443/876 3069/623/1433
f 3527/521/1347 3528/495/1348 3531/242/1346
f 2717/798/1418 2716/868/279 2713/1412/1258
f 2713/1412/1258 2714/796/231 2717/798/1418
f 5450/97/1595 5451/517/2206 5454/1847/2376
f 5426/1126/1421 5425/1127/3349 5422/1199/1329
f 6074/51/486 6075/501/1188 6078/395/2377
f 6017/790/835 6018/1912/2489 6021/1848/2378
f 5388/2862/3781 5387/1910/2484 5384/1655/2188
f 5384/1655/2188 5381/1310/1496 5382/1312/1498
f 5385/1850/2380 5388/2862/3781 5384/1655/2188
f 3631/133/110 3632/135/112 3635/749/291
f 6021/1848/2378 6018/1912/2489 6019/1851/2381
f 6020/1849/2379 6021/1848/2378 6024/1390/2383
f 5280/145/125 5281/147/127 5053/1658/2063
f 5305/128/108 5308/31/23 5307/474/465
f 2248/1853/2384 2251/2472/2847 2250/411/403
f 5207/510/2385 5204/1130/1233 5205/447/434
f 5854/1581/1912 5855/2776/3477 5856/686/726
f 5855/2776/3477 5858/1854/2386 5856/686/726
f 5858/1854/2386 5866/1590/1923 5865/1174/2387
f 5865/1174/2387 5860/1072/1151 5856/686/726
f 5414/1067/1148 5413/1667/2198 5410/161/140
f 4833/2321/2665 4830/2818/3634 4823/34/2388
f 4830/2818/3634 4822/2711/3310 4823/34/2388
f 4831/1612/1977 4834/1088/1172 4823/34/2388
f 4834/1088/1172 4833/2321/2665 4823/34/2388
f 5504/1759/2229 5503/681/721 5500/680/720
f 5500/680/720 5497/462/454 5498/1714/2156
f 5498/1714/2156 5501/1031/2389 5500/680/720
f 2335/241/497 2336/242/498 2339/142/506
f 3960/41/33 3957/160/1064 3958/395/2083
f 6061/1855/2390 6060/2813/3606 6057/486/480
f 6063/773/820 6067/305/284 6066/304/283
f 2507/201/180 2508/2604/3782 2521/2806/3342
f 2521/2806/3342 2525/1857/2315 2507/201/180
f 2525/1857/2315 2524/81/68 2515/1571/1408
f 2519/1570/3783 2520/2807/3336 2515/1571/3784
f 2516/1643/3785 2511/2804/3786 2512/2805/3337
f 2524/81/68 2519/1570/2729 2515/1571/1408
f 2516/1643/3785 2512/2805/3337 2507/201/3787
f 2525/1857/2315 2515/1571/1408 2516/1643/1409
f 3780/42/277 3781/46/1487 3784/690/730
f 3781/46/1487 3786/1556/1938 3785/691/731
f 4988/346/340 4987/242/218 4984/495/538
f 2318/50/82 2321/51/486 2320/998/2392
f 4888/50/82 4889/54/2405 4892/501/1188
f 5360/2802/3568 5357/1726/2175 5361/1558/1876
f 5357/1726/2175 5358/1727/2176 5362/1730/2180
f 6037/1554/1868 6040/1553/1867 6039/1858/2393
f 6055/1860/2395 6054/484/478 6051/1861/2396
f 6051/1861/2396 6048/1330/1531 6049/1363/1575
f 6049/1363/1575 6052/1859/2394 6051/1861/2396
f 4192/395/487 4191/160/138 4188/51/486
f 4894/160/138 4897/41/139 4896/159/137
f 5171/1074/1153 5168/1892/2450 5169/1452/1705
f 4198/46/1712 4197/42/494 4194/41/139
f 5890/1863/3788 5895/1229/3789 5899/19/3790
f 5899/19/1270 5898/1163/1269 5889/1862/1455
f 2335/241/497 2332/521/1201 2333/495/496
f 3628/1800/541 3623/2767/1312 3624/1392/716
f 3624/1392/716 3625/1185/1310 3629/134/107
f 2506/1139/302 2519/1570/2729 2514/324/315
f 2505/948/1247 2506/1139/302 2513/323/314
f 2963/843/1834 2962/1528/1399 2953/1649/1455
f 4917/286/1643 4918/564/794 4921/207/186
f 5810/912/3542 5809/1146/237 5802/247/2317
f 4922/509/516 4925/190/3499 4924/205/184
f 4924/205/184 4925/190/3499 4928/191/1635
f 3113/405/399 3116/825/868 3115/824/866
f 6028/1864/2398 6031/2452/2797 6030/475/469
f 6577/327/2215 6574/1751/2216 6575/1123/1230
f 5509/1762/2232 5510/2848/3731 5513/233/1224
f 6123/514/524 6126/518/2029 6125/515/525
f 4938/1048/1125 4939/516/526 4942/515/525
f 4240/518/531 4243/902/1721 4242/215/191
f 4945/215/191 4946/902/1721 4949/500/1071
f 6351/761/224 6337/1789/2275 6338/578/619
f 6351/761/224 6338/578/619 6343/577/3791
f 6351/761/224 6343/577/3791 6348/731/775
f 5678/1592/1929 5679/1773/657 5685/1261/1054
f 5685/1261/1054 5684/823/433 5678/1592/1929
f 5684/823/433 5681/671/1821 5677/1865/2399
f 2384/259/307 2381/499/1622 2382/317/1623
f 2381/499/1622 2378/92/1072 2382/317/1623
f 2378/92/1072 2379/500/1071 2382/317/1623
f 5393/1466/1725 5394/389/379 5397/1866/2400
f 2193/1867/2401 2190/1039/1115 2191/435/422
f 4669/686/994 4667/1581/1912 4668/2776/3477
f 4668/2776/3477 4671/1854/2386 4669/686/994
f 4671/1854/2386 4679/1590/1923 4678/1174/2402
f 4678/1174/3792 4674/1175/3793 4673/1072/3794
f 4671/1854/2386 4678/1174/2402 4669/686/994
f 5695/591/1633 5694/342/336 5691/592/176
f 5718/663/1850 5719/840/883 5722/1547/1859
f 2373/518/531 2376/902/1721 2375/215/191
f 6574/1751/2216 6571/1718/2160 6572/1622/2161
f 4269/41/386 4266/160/535 4267/395/1732
f 5956/1468/2403 5955/2815/3616 5951/2863/3795
f 5943/1832/2349 5948/1469/1728 5956/1468/2403
f 5956/1468/2403 5951/2863/3795 5942/1868/2404
f 4712/1596/1937 4711/719/763 4708/536/634
f 4888/55/82 4960/103/83 4961/53/81
f 5749/1783/2406 5754/2501/3773 5753/711/1469
f 2408/42/1734 2407/40/2812 2404/1819/2408
f 2404/1819/2408 2401/159/556 2405/540/565
f 2401/159/556 2402/41/386 2405/540/565
f 5728/1354/1560 5727/1356/1562 5725/1548/1860
f 5727/1356/1562 5724/1512/1811 5725/1548/1860
f 5724/1512/1811 5721/1546/2325 5722/1547/1859
f 6162/46/564 6165/1344/3506 6164/520/1266
f 6165/1344/3506 6168/494/1737 6164/520/1266
f 6168/494/1737 6167/495/538 6164/520/1266
f 4283/241/1117 4280/521/539 4281/495/1736
f 2414/495/538 2415/494/1737 2418/346/569
f 3634/940/225 3635/749/291 3638/258/231
f 6173/142/149 6170/242/218 6171/346/2356
f 6280/1150/1254 6293/2752/3411 6292/1323/1515
f 6283/1869/2409 6282/2462/2822 6279/1151/1255
f 6280/1150/1254 6292/1323/1515 6287/1576/3796
f 6287/1576/3796 6283/1869/2409 6280/1150/1254
f 5567/223/199 5568/1483/226 5577/1147/646
f 5566/224/200 5567/223/199 5577/1147/646
f 5566/224/200 5577/1147/646 5576/321/1252
f 2425/295/282 2422/1209/2640 2423/167/1740
f 2422/1209/2640 2419/141/148 2423/167/1740
f 2419/141/148 2420/142/216 2423/167/1740
f 2986/676/107 2982/848/780 2983/605/1874
f 2983/605/1874 2984/606/646 2987/607/2224
f 6214/562/601 6215/189/172 6218/152/330
f 3930/527/543 3927/742/786 3928/1064/1145
f 2434/206/1463 2431/286/3505 2432/564/941
f 2431/286/3505 2428/113/96 2429/115/98
f 2432/564/941 2431/286/3505 2429/115/98
f 5012/191/1298 5011/107/492 5009/190/586
f 5011/107/492 5008/205/491 5009/190/586
f 5008/205/491 5005/207/940 5006/509/2411
f 5786/945/2412 5785/300/279 5782/2850/1258
f 5782/2850/1258 5783/1560/231 5786/945/2412
f 2536/1451/2415 2547/614/652 2546/616/654
f 2536/1451/2415 2546/616/654 2545/2781/3610
f 2536/1451/2415 2545/2781/3610 2540/1449/2413
f 6193/109/744 6194/107/492 6197/178/590
f 5013/108/745 5014/178/590 5017/10/1277
f 6318/2783/3496 6307/2861/3780 6308/1827/2341
f 6318/2783/3496 6308/1827/2341 6309/1870/2416
f 6319/1455/1710 6318/2783/3496 6309/1870/2416
f 6204/1122/2418 6207/517/584 6206/97/318
f 6203/326/317 6200/10/1277 6201/12/89
f 6204/1122/2418 6206/97/318 6203/326/317
f 6436/1798/176 6439/1538/1846 6438/1872/2419
f 3463/2662/2589 3462/2467/2835 3459/1211/1358
f 3460/1212/673 3473/2384/2346 3472/353/2420
f 3467/1025/2421 3463/2662/2589 3460/1212/673
f 3463/2662/2589 3459/1211/1358 3460/1212/673
f 5040/164/2051 5037/522/2287 5038/92/1756
f 5037/522/2287 5034/339/329 5038/92/1756
f 5034/339/329 5035/152/330 5038/92/1756
f 5173/1683/2101 5176/2812/3598 5175/827/870
f 3741/226/176 3742/801/175 3745/1223/1391
f 2459/187/170 2460/274/900 2463/188/331
f 6212/187/901 6213/274/900 6216/188/331
f 3787/1598/1941 3783/1459/2307 3784/690/730
f 4332/152/332 4329/189/172 4330/188/171
f 2468/92/1756 2465/152/332 2466/151/2423
f 2466/151/2423 2469/500/3509 2468/92/1756
f 2469/500/3509 2472/90/72 2468/92/1756
f 3404/1618/1990 3405/2821/3135 3416/1235/2424
f 3415/873/1259 3411/872/3101 3408/1236/1427
f 3409/1237/1425 3404/1618/1990 3416/1235/2424
f 3416/1235/2424 3415/873/1259 3408/1236/1427
f 4752/114/2504 4753/551/1506 4756/479/1955
f 6065/1873/2425 6059/1594/1933 6062/1856/2391
f 6059/1594/1933 6060/2813/3606 6062/1856/2391
f 6060/2813/3606 6063/773/820 6062/1856/2391
f 6247/1874/2426 6244/717/761 6245/703/750
f 2998/575/617 2999/574/616 3013/723/224
f 3002/580/1169 2998/575/617 3013/723/224
f 3002/580/1169 3013/723/224 3012/1087/2352
f 5399/1100/1197 5396/1102/1199 5397/1866/2400
f 5589/1500/1 5594/1501/808 5593/1502/1729
f 5593/1502/1729 5592/1796/2275 5588/1431/231
f 5935/774/2794 5934/764/2427 5931/588/231
f 5934/764/2427 5933/944/2964 5930/1153/1258
f 3746/124/1215 3747/50/1763 3750/1115/1216
f 2309/1876/2429 2306/1407/1645 2310/1875/2428
f 2306/1407/1645 2307/1453/1708 2310/1875/2428
f 2310/1875/2428 2313/1704/2139 2312/1358/1564
f 2496/869/914 2503/2603/3039 2507/201/180
f 2503/2603/3039 2508/2604/3782 2507/201/180
f 2507/201/180 2499/199/1424 2495/722/1423
f 6253/918/965 6254/330/322 6257/329/321
f 6584/515/2431 6587/215/951 6586/216/1501
f 4236/516/526 4233/97/530 4234/517/529
f 4233/97/530 4230/10/528 4234/517/529
f 4230/10/528 4231/12/527 4234/517/529
f 6428/1878/635 6429/978/433 6432/1879/581
f 2624/684/2889 2619/179/162 2629/683/2958
f 2619/179/162 2620/2524/2959 2629/683/2958
f 2622/2525/3797 2630/2526/2961 2629/683/2958
f 2620/2524/2959 2622/2525/3797 2629/683/2958
f 3776/299/276 3777/720/764 3780/42/277
f 6254/330/322 6251/917/964 6255/328/320
f 6251/917/964 6248/1463/1720 6252/1881/2433
f 6248/1463/1720 6249/1462/1719 6252/1881/2433
f 3722/556/588 3728/445/432 3727/444/431
f 3727/444/431 3731/632/1495 3717/1164/1520
f 3722/556/588 3727/444/431 3717/1164/1520
f 3723/557/589 3722/556/588 3717/1164/1520
f 6256/1877/2430 6257/329/321 6260/382/372
f 6438/1872/2419 6439/1538/1846 6442/655/691
f 6271/1883/2435 6275/1885/2437 6274/1809/2301
f 6272/1430/1669 6276/1149/1253 6275/1885/2437
f 6582/514/2438 6585/518/3798 6584/515/2431
f 4399/758/630 4398/759/291 4395/757/112
f 6304/1609/1969 6299/1611/1971 6300/1322/1514
f 4799/232/1075 4796/1055/1136 4797/233/1976
f 2667/1221/2440 2666/2669/3475 2660/1045/1122
f 2660/1045/1122 2661/712/758 2664/1662/2297
f 2660/1045/1122 2664/1662/2297 2663/1220/2439
f 4260/55/43 4347/103/1326 4348/53/46
f 4348/53/46 4261/54/47 4260/55/43
f 4261/54/47 4264/501/534 4263/51/44
f 6265/1887/2442 6266/2395/2758 6270/1884/2436
f 6266/2395/2758 6271/1883/2435 6270/1884/2436
f 6270/1884/2436 6274/1809/2301 6273/1808/2300
f 6273/1808/2300 6268/1886/2441 6270/1884/2436
f 3300/1105/1203 3298/1095/1191 3299/1523/1826
f 3299/1523/1826 3302/1650/2049 3300/1105/1203
f 3302/1650/2049 3310/2498/2904 3305/1651/2309
f 3310/2498/2904 3309/883/2165 3305/1651/2309
f 3305/1651/2309 3304/1253/1429 3300/1105/1203
f 5981/1641/2034 5984/1838/2363 5983/920/967
f 5031/562/598 5032/189/1755 5035/152/330
f 5004/206/2443 5001/286/3505 5002/564/941
f 5001/286/3505 4998/113/96 4999/115/98
f 5002/564/941 5001/286/3505 4999/115/98
f 6053/1888/2444 6050/2864/3799 6051/1861/2396
f 6050/2864/3799 6047/1331/1532 6051/1861/2396
f 6047/1331/1532 6048/1330/1531 6051/1861/2396
f 6107/205/184 6104/207/186 6105/509/516
f 5017/10/1277 5014/178/590 5015/11/1752
f 4808/928/974 4809/1006/1079 4812/1693/2119
f 3154/1306/1489 3151/1307/1490 3152/1034/1110
f 4464/1132/797 4463/1507/1805 4452/1647/2045
f 4465/1133/1238 4464/1132/797 4452/1647/2045
f 4465/1133/1238 4452/1647/2045 4453/1646/2044
f 6328/1316/1507 6327/1202/1332 6324/1454/1709
f 6082/40/438 6079/159/137 6080/41/139
f 6592/864/2446 6593/499/502 6596/1399/1630
f 6121/1048/1125 6122/516/1241 6125/515/525
f 5637/601/2996 5647/2585/2995 5641/1782/66
f 5646/1713/2153 5640/1646/2152 5641/1782/66
f 5646/1713/2153 5641/1782/66 5658/833/876
f 5641/1782/66 5647/2585/2995 5658/833/876
f 5652/1133/2151 5646/1713/2153 5658/833/876
f 5652/1133/2151 5658/833/876 5657/974/1036
f 5078/1889/2447 5083/2854/3758 5082/1890/2448
f 5165/450/2098 5166/205/1706 5169/1452/1705
f 4613/148/1672 4614/248/224 4622/1146/273
f 3713/1281/1689 3718/1238/1688 3717/1164/1520
f 3713/1281/1689 3717/1164/1520 3708/1278/876
f 3713/1281/1689 3708/1278/876 3709/1277/1449
f 2189/1893/2453 2192/2448/2784 2191/435/422
f 2191/435/422 2188/1894/2454 2189/1893/2453
f 2188/1894/2454 2315/1705/2140 2316/1895/2455
f 2344/113/1642 2345/115/508 2348/564/794
f 5139/1791/1520 5153/434/1495 5148/432/1822
f 5148/432/1822 5147/1757/2227 5143/1756/2226
f 5139/1791/1520 5148/432/1822 5143/1756/2226
f 5139/1791/1520 5143/1756/2226 5142/1758/2228
f 2861/1247/619 2860/1245/616 2856/858/231
f 2856/858/231 2857/861/631 2861/1247/619
f 2359/108/91 2356/109/92 2357/107/90
f 4229/519/532 4226/108/91 4227/178/523
f 5188/1227/1396 5187/239/1395 5184/792/837
f 5184/792/837 5181/791/836 5185/1896/2456
f 5181/791/836 5182/1689/2197 5185/1896/2456
f 3001/1194/808 3011/869/914 3010/722/766
f 3005/1778/1419 3000/1195/1670 3001/1194/808
f 5594/1501/808 5604/119/914 5603/121/297
f 5598/1831/2457 5593/1502/1729 5594/1501/808
f 6359/27/19 6372/2658/3177 6367/1897/2458
f 6358/1233/1697 6359/27/19 6366/1665/2079
f 3254/1016/1367 3253/2653/3166 3249/2654/3800
f 3249/2654/3800 3240/2602/3038 3254/1016/1367
f 3240/2602/3038 3241/665/912 3254/1016/1367
f 3058/610/1028 3057/609/1027 3046/2065/3151
f 3059/1508/1806 3058/610/1028 3046/2065/3151
f 3059/1508/1806 3046/2065/3151 3047/80/1022
f 5910/182/165 5909/1485/1774 5901/183/2460
f 5909/1485/1774 5908/1057/776 5900/20/15
f 5044/259/233 5047/284/613 5046/285/612
f 4125/2485/3380 4120/1270/1442 4130/1640/1317
f 4120/1270/1442 4121/1474/1757 4131/887/932
f 4121/1474/1757 4123/2824/2848 4131/887/932
f 4123/2824/2848 4132/2621/1700 4131/887/932
f 6092/142/506 6089/242/498 6090/346/1334
f 5882/1697/2130 5883/2060/2594 5896/75/63
f 5896/75/63 5900/20/15 5899/19/14
f 5896/75/63 5899/19/14 5890/1863/2461
f 5885/1698/2462 5882/1697/2130 5896/75/63
f 6027/629/665 6024/1390/2383 6025/1583/2463
f 6402/1516/1815 6401/2796/3554 6395/562/2464
f 6387/1439/1685 6388/1438/1684 6393/1786/2268
f 6403/1900/2466 6392/2833/2995 6387/1439/1685
f 6392/2833/2995 6382/2329/2996 6387/1439/1685
f 6403/1900/2466 6387/1439/1685 6393/1786/2268
f 6403/1900/2466 6393/1786/2268 6398/1785/2267
f 6403/1900/2466 6398/1785/2267 6399/1898/654
f 5109/426/3761 5119/2856/2872 5113/1815/2319
f 5118/1448/1686 5112/1447/1694 5113/1815/2319
f 5118/1448/1686 5113/1815/2319 5130/1807/876
f 5113/1815/2319 5119/2856/2872 5130/1807/876
f 5124/1446/1693 5118/1448/1686 5130/1807/876
f 5124/1446/1693 5130/1807/876 5129/598/638
f 6400/188/2467 6405/2793/3551 6404/1899/2465
f 6408/1510/1809 6413/1352/1558 6412/541/566
f 6408/1510/1809 6412/541/566 6403/1900/2466
f 6408/1510/1809 6403/1900/2466 6404/1899/2465
f 5131/1670/2085 5132/2834/3681 5136/1675/2090
f 5132/2834/3681 5141/1901/2468 5136/1675/2090
f 5135/1674/2089 5136/1675/2090 5141/1901/2468
f 5663/1788/2469 5668/805/2093 5667/804/1691
f 5663/1788/2469 5667/804/1691 5658/833/876
f 5663/1788/2469 5658/833/876 5659/832/875
f 5664/1672/2087 5659/832/875 5660/2792/2852
f 5664/1672/2087 5660/2792/2852 5669/1787/1038
f 5664/1672/2087 5669/1787/1038 5668/805/2093
f 2288/637/674 2285/639/676 2286/1222/1390
f 3425/898/2470 3428/899/948 3427/468/459
f 3670/953/1005 3671/2636/3135 3683/1474/2471
f 3682/1270/1442 3678/2697/3801 3674/1251/1675
f 3675/1250/1674 3670/953/1005 3683/1474/2471
f 3683/1474/2471 3682/1270/1442 3674/1251/1675
f 6418/1353/1559 6413/1352/1558 6414/2794/3552
f 6418/1353/1559 6414/2794/3552 6424/2823/3642
f 6418/1353/1559 6424/2823/3642 6423/1629/2002
f 3938/1077/2011 3935/565/603 3936/1472/1745
f 3739/799/1353 3741/226/176 3740/228/203
f 3740/228/203 3736/1903/582 3739/799/1353
f 5689/992/177 5687/821/581 5688/1262/842
f 5688/1262/842 5692/593/175 5689/992/177
f 1639/2034/75 1640/2033/75 1641/96/75
f 1641/96/75 1642/354/75 1645/1052/75
f 1642/354/75 1643/2035/75 1644/2036/75
f 1642/354/75 1644/2036/75 1645/1052/75
f 1638/793/75 1639/2034/75 1641/96/75
f 1638/793/75 1641/96/75 1645/1052/75
f 1637/2038/75 1638/793/75 1646/2037/75
f 1638/793/75 1645/1052/75 1646/2037/75
f 1636/238/75 1637/2038/75 1647/2039/75
f 1637/2038/75 1646/2037/75 1647/2039/75
f 1635/2040/75 1636/238/75 1647/2039/75
f 1635/2040/75 1647/2039/75 1648/2041/75
f 1632/2024/75 1633/782/75 1651/2029/75
f 1633/782/75 1634/2027/75 1650/2028/75
f 1634/2027/75 1635/2040/75 1648/2041/75
f 1634/2027/75 1648/2041/75 1649/2042/75
f 1631/2025/75 1632/2024/75 1652/2026/75
f 1633/782/75 1650/2028/75 1651/2029/75
f 1629/2022/75 1630/2021/75 1653/2023/75
f 1630/2021/75 1631/2025/75 1653/2023/75
f 1629/2022/75 1653/2023/75 1654/2030/75
f 1627/2019/75 1628/2018/75 1656/1639/75
f 1628/2018/75 1629/2022/75 1655/227/75
f 1655/227/75 1629/2022/75 1654/2030/75
f 1625/72/75 1626/2017/75 1658/39/75
f 1626/2017/75 1627/2019/75 1657/2020/75
f 1658/39/75 1626/2017/75 1657/2020/75
f 1622/1127/75 1623/2016/75 1624/85/75
f 1624/85/75 1625/72/75 1659/71/75
f 1659/71/75 1625/72/75 1658/39/75
f 1634/2027/75 1649/2042/75 1650/2028/75
f 1621/2013/75 1622/1127/75 1619/2014/75
f 1622/1127/75 1624/85/75 1615/2031/75
f 1618/2032/75 1622/1127/75 1617/295/75
f 1619/2014/75 1620/2015/75 1621/2013/75
f 1618/2032/75 1619/2014/75 1622/1127/75
f 1617/295/75 1622/1127/75 1616/2043/75
f 1616/2043/75 1622/1127/75 1615/2031/75
f 1632/2024/75 1651/2029/75 1652/2026/75
f 1631/2025/75 1652/2026/75 1653/2023/75
f 1614/2044/75 1615/2031/75 1624/85/75
f 1613/925/75 1614/2044/75 1624/85/75
f 1628/2018/75 1655/227/75 1656/1639/75
f 1612/2045/75 1613/925/75 1660/86/75
f 1613/925/75 1624/85/75 1660/86/75
f 1627/2019/75 1656/1639/75 1657/2020/75
f 1605/1735/75 1606/2047/75 1607/2046/75
f 1603/2049/75 1604/1219/75 1602/2050/75
f 1604/1219/75 1605/1735/75 1608/2048/75
f 1602/2050/75 1604/1219/75 1601/2051/75
f 1601/2051/75 1604/1219/75 1608/2048/75
f 1605/1735/75 1607/2046/75 1608/2048/75
f 1608/2048/75 1609/2052/75 1601/2051/75
f 1601/2051/75 1609/2052/75 1600/2053/75
f 1599/988/75 1600/2053/75 1610/2054/75
f 1600/2053/75 1609/2052/75 1610/2054/75
f 1598/2055/75 1599/988/75 1610/2054/75
f 1598/2055/75 1610/2054/75 1611/2056/75
f 1597/2057/75 1598/2055/75 1611/2056/75
f 1597/2057/75 1611/2056/75 1596/2058/75
f 1611/2056/75 1612/2045/75 1596/2058/75
f 1660/86/75 1596/2058/75 1612/2045/75
f 6497/1622/1995 6500/1123/1230 6499/1751/2216
f 5872/54/440 5875/236/211 5874/1820/2331
f 4559/1678/2473 4564/118/101 4563/927/973
f 5335/1044/1121 5332/1043/1120 5336/2865/3802
f 5332/1043/1120 5333/1587/1919 5336/2865/3802
f 5336/2865/3802 5339/1904/2475 5335/1044/1121
f 6554/167/2196 6553/1209/2492 6550/1906/2477
f 6503/326/2310 6504/1122/1229 6507/514/2438
f 6440/1537/1845 6439/1538/1846 6436/1798/176
f 6564/1907/2479 6567/964/3803 6566/963/2075
f 3832/961/1014 3835/555/583 3834/1213/1373
f 6446/1908/2480 6445/656/692 6442/655/691
f 6235/52/2482 6444/654/690 6445/656/692
f 5387/1910/2484 5390/390/380 5389/1735/2190
f 6236/55/2483 6445/656/692 6446/1908/2480
f 6463/520/2487 6459/540/2768 6460/420/409
f 5835/1577/1906 5836/995/1055 5839/1000/1379
f 5029/187/170 5030/274/900 5033/188/171
f 6024/1390/2383 6021/1848/2378 6022/1852/2382
f 6016/789/834 6012/807/850 6015/2866/3804
f 6012/807/850 6013/809/852 6015/2866/3804
f 6015/2866/3804 6019/1851/2381 6016/789/834
f 6447/1379/2490 6526/394/384 6527/393/383
f 6553/1209/2492 6554/167/2196 6557/186/169
f 5881/1012/1088 5894/1830/2346 5893/74/2345
f 5884/1913/2169 5883/2060/2594 5880/1013/1089
f 5881/1012/1088 5893/74/2345 5888/73/3805
f 5888/73/3805 5884/1913/2169 5881/1012/1088
f 6486/1915/2495 6487/144/1695 6488/207/2493
f 6488/207/2493 6491/963/1016 6490/1914/2494
f 3161/311/294 3158/1477/1764 3162/705/752
f 3158/1477/1764 3155/318/308 3159/320/310
f 3155/318/308 3156/319/309 3159/320/310
f 6594/317/1472 6597/14/2499 6596/1399/1630
f 4549/1635/2023 4562/1783/2265 4557/923/970
f 4562/1783/2265 4561/1784/2266 4557/923/970
f 4548/1532/1866 4549/1635/2023 4553/922/2496
f 6077/160/138 6080/41/139 6079/159/137
f 4740/1568/1949 4737/110/93 4738/112/95
f 3021/1139/2036 3034/1570/2729 3029/324/314
f 3020/948/2351 3021/1139/2036 3028/323/314
f 6562/1915/2497 6563/144/123 6566/963/2075
f 6597/14/2499 6600/15/2503 6599/13/2016
f 6117/12/527 6116/10/528 6113/178/523
f 6584/515/2431 6583/214/1984 6580/1048/1983
f 5222/1052/1577 5223/1007/1083 5226/532/1701
f 6032/243/219 6029/630/666 6030/475/469
f 5387/1910/2484 5388/2862/3781 5391/391/381
f 6587/215/951 6588/902/952 6591/500/503
f 6587/215/951 6590/92/2501 6589/522/2133
f 6589/522/2133 6590/92/2501 6593/499/502
f 6538/159/3290 6539/41/1283 6541/40/2502
f 6539/41/1283 6542/42/984 6541/40/2502
f 6542/42/984 6545/520/983 6541/40/2502
f 6525/15/10 6528/1627/2001 6527/393/383
f 6600/15/2503 6603/1627/2001 6602/393/383
f 4751/295/1313 4748/1260/1436 4749/680/1438
f 3930/527/543 3933/529/545 3932/566/604
f 6534/501/2505 6537/395/2506 6536/160/1285
f 6536/160/1285 6533/51/3772 6534/501/2505
f 6533/51/3772 6530/983/1046 6534/501/2505
f 4867/527/1227 4870/529/602 4869/566/604
f 2793/1254/1430 2789/1253/2154 2790/1651/2050
f 6448/983/2491 6449/982/2000 6452/812/856
f 6539/41/1283 6536/160/1285 6537/395/2506
f 3537/114/119 3534/142/121 3535/347/1636
f 6548/1036/1112 6547/1565/3806 6544/1517/2113
f 6461/40/2509 6457/159/1528 6459/540/2768
f 6457/159/1528 6458/41/410 6459/540/2768
f 6459/540/2768 6463/520/2487 6461/40/2509
f 4658/307/287 4659/1387/1614 4662/1436/1681
f 6550/1906/2477 6547/1565/3806 6548/1036/1112
f 6470/1906/2511 6471/1038/1678 6472/142/2510
f 6472/142/2510 6475/167/1581 6474/1209/1345
f 6559/563/2512 6560/136/124 6563/144/123
f 2263/359/350 2259/358/349 2260/1231/1404
f 6572/1622/2161 6573/1621/1994 6576/1124/1231
f 6477/551/1580 6481/137/115 6479/186/1794
f 6481/137/115 6480/115/114 6479/186/1794
f 4622/1146/273 4635/880/3280 4630/1574/2260
f 4621/372/2451 4622/1146/273 4629/373/362
f 3664/263/302 3678/2697/3474 3673/1143/2106
f 3663/138/1779 3664/263/302 3672/1144/2106
f 2515/1571/1408 2519/1570/2729 2506/1139/302
f 2506/1139/302 2507/201/3533 2516/1643/1409
f 6430/1628/1054 6433/1686/2103 6432/1879/581
f 6496/1718/2160 6493/1572/1895 6494/1573/1896
f 3877/506/513 3880/1090/1181 3879/1361/1568
f 6504/1122/1229 6503/326/2310 6500/1123/1230
f 6514/522/2133 6511/216/1501 6512/215/951
f 6505/1048/1983 6502/327/2215 6503/326/2310
f 6507/514/2438 6510/518/3798 6509/515/1502
f 6584/515/2431 6585/518/3798 6588/902/952
f 6509/515/1502 6510/518/3798 6513/902/952
f 6578/326/2310 6579/1122/1229 6582/514/2438
f 4867/527/1227 4868/1063/1143 4871/528/544
f 5365/1732/2183 5479/1378/1600 5480/146/2358
f 3986/450/1380 3987/205/2655 3990/107/161
f 4813/1634/2012 4810/929/975 4811/1497/1793
f 6566/963/2075 6567/964/3803 6570/1721/2164
f 4221/205/184 4222/190/3499 4225/191/1635
f 6814/28/2513 6811/1701/2136 6812/29/1322
f 6741/43/35 6742/1176/1296 6745/44/36
f 6848/232/207 6845/1055/1136 6846/233/208
f 6897/270/2517 6898/1371/2554 6901/271/2518
f 6901/271/2518 6904/1303/2538 6903/1345/1548
f 6903/1345/1548 6900/269/2516 6901/271/2518
f 6648/2093/4 6647/2094/4 6646/2095/4
f 6646/2095/4 6645/2096/4 6648/2093/4
f 6645/2096/4 6644/2097/4 6648/2093/4
f 6644/2097/4 6643/2098/4 6649/2099/4
f 6643/2098/4 6642/2100/4 6650/2101/4
f 6642/2100/4 6641/2102/4 6652/2103/4
f 6641/2102/4 6640/2104/4 6653/2105/4
f 6642/2100/4 6652/2103/4 6651/2106/4
f 6640/2104/4 6639/2107/4 6654/2108/4
f 6639/2107/4 6638/2109/4 6655/2110/4
f 6655/2110/4 6638/2109/4 6656/2111/4
f 6638/2109/4 6637/2112/4 6656/2111/4
f 6637/2112/4 6636/2113/4 6657/2114/4
f 6636/2113/4 6635/2115/4 6658/2116/4
f 6635/2115/4 6634/2117/4 6658/2116/4
f 6634/2117/4 6633/2118/4 6659/2119/4
f 6633/2118/4 6632/82/4 6660/84/4
f 6634/2117/4 6659/2119/4 6658/2116/4
f 6632/82/4 6631/2120/4 6661/83/4
f 6631/2120/4 6630/2121/4 6662/2074/4
f 6631/2120/4 6662/2074/4 6661/83/4
f 6630/2121/4 6629/2075/4 6662/2074/4
f 6637/2112/4 6657/2114/4 6656/2111/4
f 6643/2098/4 6650/2101/4 6649/2099/4
f 6649/2099/4 6648/2093/4 6644/2097/4
f 6657/2114/4 6636/2113/4 6658/2116/4
f 6651/2106/4 6650/2101/4 6642/2100/4
f 6616/2087/4 6615/2090/4 6614/2091/4
f 6614/2091/4 6613/2085/4 6616/2087/4
f 6613/2085/4 6612/2086/4 6616/2087/4
f 6612/2086/4 6611/2081/4 6617/2088/4
f 6611/2081/4 6610/2082/4 6619/2083/4
f 6610/2082/4 6609/2078/4 6620/2084/4
f 6609/2078/4 6608/2079/4 6621/2080/4
f 6621/2080/4 6608/2079/4 6622/2092/4
f 6608/2079/4 6607/641/4 6622/2092/4
f 6607/641/4 6606/2077/4 6623/2438/4
f 6622/2092/4 6607/641/4 6623/2438/4
f 6606/2077/4 6605/2076/4 6624/2439/4
f 6605/2076/4 6604/124/4 6624/2439/4
f 6604/124/4 6667/2068/4 6625/2440/4
f 6667/2068/4 6666/419/4 6626/418/4
f 6625/2440/4 6667/2068/4 6626/418/4
f 6666/419/4 6665/2070/4 6627/417/4
f 6665/2070/4 6664/2071/4 6628/2072/4
f 6664/2071/4 6663/2073/4 6628/2072/4
f 6663/2073/4 6662/2074/4 6629/2075/4
f 6665/2070/4 6628/2072/4 6627/417/4
f 6663/2073/4 6629/2075/4 6628/2072/4
f 6624/2439/4 6604/124/4 6625/2440/4
f 6617/2088/4 6616/2087/4 6612/2086/4
f 6652/2103/4 6641/2102/4 6653/2105/4
f 6618/2089/4 6617/2088/4 6611/2081/4
f 6619/2083/4 6618/2089/4 6611/2081/4
f 6654/2108/4 6653/2105/4 6640/2104/4
f 6620/2084/4 6619/2083/4 6610/2082/4
f 6655/2110/4 6654/2108/4 6639/2107/4
f 6621/2080/4 6620/2084/4 6609/2078/4
f 6659/2119/4 6633/2118/4 6660/84/4
f 6661/83/4 6660/84/4 6632/82/4
f 6623/2438/4 6606/2077/4 6624/2439/4
f 6809/478/472 6808/1192/2543 6805/479/2519
f 6843/502/2521 6846/233/208 6845/1055/1136
f 6845/1055/1136 6842/503/510 6843/502/2521
f 6842/503/510 6839/668/708 6840/504/2020
f 6867/505/2522 6866/1090/1181 6863/506/1585
f 6916/527/1227 6917/1063/2572 6920/528/2523
f 6756/534/557 6753/855/897 6754/535/558
f 6839/668/708 6838/1633/3807 6835/450/2525
f 6835/450/2525 6832/1341/2285 6833/2491/3451
f 6833/2491/3451 6836/205/2524 6835/450/2525
f 6775/689/2526 6774/965/2422 6770/690/2527
f 6805/479/2519 6808/1192/2543 6807/697/742
f 6908/744/788 6911/2512/3808 6913/742/2528
f 6911/2512/3808 6914/1064/2571 6913/742/2528
f 6913/742/3809 6910/2513/3742 6907/743/787
f 6822/960/1534 6821/555/2531 6818/961/1014
f 6823/975/1037 6820/1213/2573 6821/555/2531
f 6799/1031/1107 6798/680/2536 6795/1032/2532
f 6821/555/2531 6822/960/1534 6825/388/378
f 6845/1055/1136 6844/1002/2257 6841/1056/2533
f 6841/1056/2533 6838/1633/3807 6842/503/510
f 6838/1633/3807 6839/668/708 6842/503/510
f 6867/505/2522 6870/517/1570 6869/97/1180
f 6915/1097/2534 6912/2683/3238 6913/742/2528
f 6913/742/2528 6912/2683/3238 6909/1181/2535
f 6909/1181/2535 6906/1690/2107 6907/743/2529
f 6800/295/1313 6797/1260/1436 6798/680/2536
f 6880/1612/1977 6877/35/1516 6874/1241/1412
f 6877/35/1516 6878/2723/3344 6874/1241/1412
f 6874/1241/1412 6875/1362/2549 6881/1242/1413
f 6884/1089/1173 6883/1088/1172 6874/1241/1412
f 6883/1088/1172 6880/1612/1977 6874/1241/1412
f 6746/99/80 6749/2728/3395 6748/1256/2537
f 6693/2075/75 6694/2121/75 6726/2074/75
f 6694/2121/75 6695/2120/75 6726/2074/75
f 6695/2120/75 6696/82/75 6725/83/75
f 6696/82/75 6697/2118/75 6724/84/75
f 6725/83/75 6696/82/75 6724/84/75
f 6697/2118/75 6698/2117/75 6723/2119/75
f 6698/2117/75 6699/2115/75 6722/2116/75
f 6699/2115/75 6700/2113/75 6722/2116/75
f 6700/2113/75 6701/2112/75 6721/2114/75
f 6701/2112/75 6702/2109/75 6720/2111/75
f 6702/2109/75 6703/2107/75 6719/2110/75
f 6703/2107/75 6704/2104/75 6718/2108/75
f 6704/2104/75 6705/2102/75 6717/2105/75
f 6703/2107/75 6718/2108/75 6719/2110/75
f 6705/2102/75 6706/2100/75 6716/2103/75
f 6706/2100/75 6707/2098/75 6714/2101/75
f 6707/2098/75 6708/2097/75 6713/2099/75
f 6708/2097/75 6709/2096/75 6712/2093/75
f 6713/2099/75 6708/2097/75 6712/2093/75
f 6709/2096/75 6710/2095/75 6712/2093/75
f 6710/2095/75 6711/2094/75 6712/2093/75
f 6706/2100/75 6714/2101/75 6715/2106/75
f 6714/2101/75 6707/2098/75 6713/2099/75
f 6702/2109/75 6719/2110/75 6720/2111/75
f 6698/2117/75 6722/2116/75 6723/2119/75
f 6700/2113/75 6721/2114/75 6722/2116/75
f 6721/2114/75 6701/2112/75 6720/2111/75
f 6726/2074/75 6695/2120/75 6725/83/75
f 6678/2091/75 6679/2090/75 6680/2087/75
f 6676/2086/75 6677/2085/75 6680/2087/75
f 6677/2085/75 6678/2091/75 6680/2087/75
f 6674/2082/75 6675/2081/75 6683/2083/75
f 6675/2081/75 6676/2086/75 6681/2088/75
f 6683/2083/75 6675/2081/75 6682/2089/75
f 6672/2079/75 6673/2078/75 6685/2080/75
f 6673/2078/75 6674/2082/75 6684/2084/75
f 6672/2079/75 6685/2080/75 6686/2092/75
f 6670/2077/75 6671/641/75 6687/2438/75
f 6671/641/75 6672/2079/75 6686/2092/75
f 6668/124/75 6669/2076/75 6688/2439/75
f 6669/2076/75 6670/2077/75 6688/2439/75
f 6730/419/75 6731/2068/75 6690/418/75
f 6731/2068/75 6668/124/75 6689/2440/75
f 6728/2071/75 6729/2070/75 6692/2072/75
f 6729/2070/75 6730/419/75 6691/417/75
f 6692/2072/75 6729/2070/75 6691/417/75
f 6726/2074/75 6727/2073/75 6693/2075/75
f 6727/2073/75 6728/2071/75 6692/2072/75
f 6693/2075/75 6727/2073/75 6692/2072/75
f 6731/2068/75 6689/2440/75 6690/418/75
f 6671/641/75 6686/2092/75 6687/2438/75
f 6676/2086/75 6680/2087/75 6681/2088/75
f 6681/2088/75 6682/2089/75 6675/2081/75
f 6706/2100/75 6715/2106/75 6716/2103/75
f 6705/2102/75 6716/2103/75 6717/2105/75
f 6674/2082/75 6683/2083/75 6684/2084/75
f 6717/2105/75 6718/2108/75 6704/2104/75
f 6684/2084/75 6685/2080/75 6673/2078/75
f 6697/2118/75 6723/2119/75 6724/84/75
f 6668/124/75 6688/2439/75 6689/2440/75
f 6670/2077/75 6687/2438/75 6688/2439/75
f 6762/299/276 6759/1301/1478 6760/719/763
f 6905/1302/1482 6908/744/788 6907/743/2529
f 6760/719/763 6761/1596/1937 6764/870/915
f 6766/42/277 6763/720/764 6764/870/915
f 6815/30/22 6816/1308/2563 6819/962/2530
f 6780/64/57 6777/967/2170 6781/62/55
f 6777/967/2170 6778/1597/2323 6781/62/55
f 6781/62/55 6784/111/94 6783/63/2539
f 6792/816/2540 6795/1032/2532 6794/1315/2541
f 6796/1033/1945 6795/1032/2532 6792/816/2540
f 6797/1260/1436 6794/1315/2541 6795/1032/2532
f 6798/680/2536 6799/1031/1107 6802/551/2542
f 6812/29/3810 6810/681/3410 6808/1192/3811
f 6808/1192/2543 6809/478/472 6813/1320/2185
f 6928/1325/1518 6929/1367/1583 6932/1326/2546
f 6932/1326/2546 6935/1386/2110 6934/1017/1093
f 6934/1017/1093 6931/1324/2545 6932/1326/2546
f 6817/1327/2547 6814/28/2513 6815/30/22
f 6812/29/1322 6811/1701/2136 6808/1192/2543
f 6811/1701/2136 6807/697/742 6808/1192/2543
f 6824/387/377 6825/388/378 6828/386/376
f 6792/816/2540 6789/1568/2559 6790/817/861
f 6829/1339/2286 6826/1421/1658 6830/1340/1542
f 6826/1421/1658 6827/1335/1536 6830/1340/1542
f 6830/1340/1542 6833/2491/3451 6832/1341/2285
f 6851/1346/1550 6848/232/207 6849/234/2515
f 6805/479/2519 6804/698/1957 6800/295/1313
f 6801/114/2312 6803/1811/3812 6805/479/2314
f 6869/97/1180 6868/96/1324 6865/1361/2548
f 6874/1241/1412 6873/1196/1325 6870/517/1570
f 6873/1196/1325 6869/97/1180 6870/517/1570
f 6872/34/1702 6873/1196/1325 6877/35/2544
f 6925/267/1608 6926/1653/2568 6929/1367/1583
f 6888/1368/1586 6889/221/197 6892/1107/2550
f 6893/1109/2552 6896/1372/1944 6895/1370/2553
f 6898/1371/2554 6895/1370/2553 6896/1372/1944
f 6919/529/602 6922/1472/2557 6921/565/603
f 6890/1108/1208 6889/221/197 6887/1381/1603
f 6889/221/197 6886/220/196 6887/1381/1603
f 6886/220/196 6883/1088/1172 6884/1089/1173
f 6833/2491/3451 6830/1340/1542 6834/1385/1610
f 6830/1340/1542 6827/1335/1536 6828/386/376
f 6831/1384/1609 6830/1340/1542 6828/386/376
f 6826/1421/1658 6823/975/1037 6824/387/377
f 6872/34/1702 6871/2711/3813 6868/96/1324
f 6868/96/1324 6869/97/1180 6873/1196/1325
f 6919/529/602 6920/528/2523 6923/1380/2556
f 6839/668/708 6836/205/2524 6837/190/2558
f 6836/205/2524 6833/2491/3451 6837/190/2558
f 6833/2491/3451 6834/1385/1610 6837/190/2558
f 6732/52/1215 6933/1018/2013 6934/1017/1093
f 6890/1108/1208 6893/1109/2552 6892/1107/2550
f 6860/1497/1793 6861/1693/2119 6864/507/514
f 6735/1116/1884 6736/1115/2569 6739/1566/1885
f 6739/1566/1885 6742/1176/1296 6738/1177/1297
f 6742/1176/1296 6741/43/35 6738/1177/1297
f 6789/1568/2559 6786/110/93 6787/112/1887
f 6891/1369/2551 6892/1107/2550 6895/1370/2553
f 6743/98/1927 6746/99/80 6745/44/36
f 6750/1366/2561 6747/1519/3605 6751/2745/3396
f 6747/1519/3605 6748/1256/2537 6751/2745/3396
f 6751/2745/3396 6754/535/558 6750/1366/2561
f 6761/1596/1937 6760/719/763 6757/536/559
f 6777/967/2170 6774/965/2422 6775/689/2526
f 6775/689/2526 6771/691/731 6772/1556/1938
f 6778/1597/2323 6777/967/2170 6775/689/2526
f 6776/461/2171 6768/1810/2308 6773/1598/2562
f 6768/1810/2308 6769/1459/2307 6773/1598/2562
f 6773/1598/2562 6774/965/2422 6777/967/2170
f 6784/111/94 6787/112/1887 6786/110/93
f 6782/1313/1499 6783/63/2539 6786/110/93
f 6748/1256/2537 6747/1519/3605 6744/45/2514
f 6801/114/2312 6802/551/2542 6805/479/2519
f 6812/29/1322 6813/1320/2185 6816/1308/2563
f 6882/2321/2665 6879/2818/3634 6872/34/1702
f 6879/2818/3634 6871/2711/3813 6872/34/1702
f 6880/1612/1977 6883/1088/1172 6872/34/1702
f 6883/1088/1172 6882/2321/2665 6872/34/1702
f 6850/1616/1986 6851/1346/1550 6854/1617/2565
f 6854/1617/2565 6857/928/974 6853/1615/2564
f 6857/928/974 6856/930/976 6853/1615/2564
f 6905/1302/1482 6904/1303/2538 6901/271/2518
f 6901/271/2518 6898/1371/2554 6899/1373/2555
f 6899/1373/2555 6902/1626/2566 6901/271/2518
f 6925/267/1608 6928/1325/1518 6927/1383/1607
f 6862/1634/2012 6859/929/975 6860/1497/1793
f 6930/1019/1095 6927/1383/1607 6928/1325/1518
f 6928/1325/1518 6931/1324/2545 6930/1019/1095
f 6931/1324/2545 6934/1017/1093 6930/1019/1095
f 6889/221/197 6888/1368/1586 6885/222/2057
f 6885/222/2057 6882/2321/2665 6886/220/196
f 6882/2321/2665 6883/1088/1172 6886/220/196
f 6922/1472/2557 6923/1380/2556 6926/1653/2568
f 6851/1346/1550 6850/1616/1986 6847/1003/1076
f 6903/1345/1548 6904/1303/2538 6907/743/2529
f 6734/449/1924 6733/55/1763 6934/1017/1093
f 6783/63/2539 6782/1313/1499 6779/1636/2027
f 6779/1636/2027 6776/461/2171 6777/967/2170
f 6780/64/57 6783/63/2539 6779/1636/2027
f 6857/928/974 6858/1006/1079 6861/1693/2119
f 6754/535/558 6751/2745/3396 6752/1293/1473
f 6751/2745/3396 6748/1256/2537 6749/2728/3395
f 6752/1293/1473 6751/2745/3396 6749/2728/3395
f 6894/1582/2560 6895/1370/2553 6898/1371/2554
f 6736/1115/2569 6733/50/1763 6734/54/1924
f 6754/535/558 6755/1294/1474 6758/594/633
f 6788/895/2220 6789/1568/2559 6792/816/2540
f 6844/1002/2257 6845/1055/1136 6848/232/207
f 6759/1301/1478 6756/534/557 6757/536/559
f 6851/1346/1550 6852/1347/1551 6854/1617/2565
f 6852/1347/1551 6855/1005/2570 6854/1617/2565
f 6855/1005/2570 6858/1006/1079 6857/928/974
f 6859/929/975 6856/930/976 6857/928/974
f 6766/42/277 6770/690/2527 6765/40/278
f 6770/690/2527 6769/1459/2307 6765/40/278
f 6743/98/1927 6742/1176/1296 6740/1681/2097
f 6742/1176/1296 6739/1566/1885 6740/1681/2097
f 6739/1566/1885 6736/1115/2569 6737/1591/2128
f 6785/1314/1948 6786/110/93 6789/1568/2559
f 6766/42/277 6767/46/1487 6770/690/2527
f 6767/46/1487 6772/1556/1938 6771/691/731
f 6916/527/1227 6913/742/2528 6914/1064/2571
f 6773/1598/2562 6769/1459/2307 6770/690/2527
f 6732/124/1215 6733/50/1763 6736/1115/2569
f 6762/299/276 6763/720/764 6766/42/277
f 6924/1077/2567 6921/565/603 6922/1472/2557
f 6818/961/1014 6821/555/2531 6820/1213/2573
f 6916/527/1227 6919/529/602 6918/566/604
f 6863/506/1585 6866/1090/1181 6865/1361/2548
