# Blender 5.1.0
# www.blender.org
mtllib Flute.mtl
o Flute
v -0.000000 -1.881062 0.098918
v 0.100936 -1.165546 0.062407
v 0.077910 4.766661 -0.112672
v 0.087975 -1.129568 0.035006
v 0.089386 4.376509 -0.101680
v 0.105342 -1.121049 0.015808
v 0.105666 -1.119582 -0.002707
v 0.077912 4.053028 -0.112669
v 0.127169 1.137791 -0.015492
v 0.138386 2.586007 0.004452
v 0.061222 4.370622 -0.128655
v 0.049752 4.751724 -0.139641
v 0.112585 -1.141790 0.047001
v 0.127169 1.123585 -0.037087
v 0.134550 3.417866 0.008522
v 0.122105 -1.127290 0.023368
v 0.104328 -1.128942 -0.027720
v 0.134550 3.134387 -0.000628
v 0.110069 -1.155246 -0.050109
v 0.134550 2.848570 -0.000628
v 0.127169 1.100044 -0.045379
v 0.031543 4.719738 -0.157081
v 0.055192 4.042349 -0.134430
v 0.134550 3.413394 -0.027643
v 0.127169 1.074656 -0.040518
v 0.034485 4.338840 -0.154263
v 0.134550 2.115267 -0.000628
v 0.024776 4.680052 -0.163563
v 0.127169 1.052422 -0.009604
v 0.033833 4.013392 -0.154888
v 0.034485 4.631111 -0.154263
v 0.138386 2.357836 -0.002189
v 0.024776 4.289900 -0.163563
v 0.127169 1.063233 0.026765
v 0.134550 3.123988 -0.037167
v 0.062522 4.598310 -0.127409
v 0.134556 1.888262 0.005001
v 0.127169 1.089102 0.040838
v 0.134550 3.384342 -0.058966
v 0.034485 4.240958 -0.154263
v 0.090400 4.593761 -0.100709
v 0.025267 3.973440 -0.163093
v 0.127169 1.121297 0.034842
v 0.112107 4.604123 -0.079918
v 0.138386 2.578404 -0.036364
v 0.134550 2.835072 -0.042608
v 0.127169 1.139513 0.006356
v 0.129526 4.626040 -0.063234
v 0.057009 4.212537 -0.132690
v 0.027917 3.939693 -0.160555
v 0.127169 1.152314 -0.002381
v 0.127169 1.146203 -0.027161
v 0.139979 4.656235 -0.053222
v 0.127169 1.124447 -0.051346
v 0.078950 4.203311 -0.111675
v 0.129401 1.659380 -0.019959
v 0.127169 1.085601 -0.057250
v 0.140509 4.705806 -0.052714
v 0.127169 1.051147 -0.036176
v 0.101591 4.207206 -0.089990
v 0.127169 1.040792 -0.002381
v 0.039078 3.910058 -0.149865
v 0.127169 1.051957 0.032521
v 0.134550 3.342248 -0.063426
v 0.120822 4.747388 -0.071570
v 0.127169 1.085601 0.052872
v 0.134550 3.088340 -0.063401
v 0.121538 4.223650 -0.070885
v 0.127169 1.113604 0.050665
v 0.057008 3.889056 -0.132691
v 0.127169 1.141150 0.032521
v 0.100572 4.763080 -0.090966
v 0.081920 4.781282 -0.108831
v 0.114408 1.141090 -0.002189
v 0.140509 4.264146 -0.052714
v 0.114408 1.125507 -0.035509
v 0.047295 4.765773 -0.141994
v 0.114408 1.101556 -0.045230
v 0.114408 1.076850 -0.041690
v 0.024568 4.729831 -0.163762
v 0.078951 3.879830 -0.111674
v 0.114408 1.052943 -0.012227
v 0.015946 4.690735 -0.172020
v 0.114408 1.061656 0.024843
v 0.021554 4.637210 -0.166649
v 0.114408 1.095217 0.042541
v 0.138386 2.345182 -0.041450
v 0.139979 4.313716 -0.053222
v 0.047295 4.594333 -0.141994
v 0.114408 1.127526 0.028783
v 0.101591 3.883724 -0.089990
v 0.111555 -1.269248 0.048009
v 0.081920 4.578823 -0.108831
v 0.121658 -1.285338 0.023314
v 0.134550 3.315671 -0.049633
v 0.124370 -1.288551 0.000897
v 0.105429 -1.291068 -0.010411
v 0.121553 -1.282012 -0.022589
v 0.128968 4.345182 -0.063769
v 0.115000 -1.270419 -0.039686
v 0.120002 4.594332 -0.072356
v 0.096342 -1.237268 0.065781
v 0.146140 4.639046 -0.047321
v 0.091206 -1.261248 0.055023
v 0.088663 -1.277851 0.040703
v 0.092364 -1.289199 0.023888
v 0.086331 -1.292721 0.003219
v 0.111147 4.366451 -0.080837
v 0.151257 4.680052 -0.042420
v 0.121538 3.900169 -0.070885
v 0.092685 -1.272472 -0.040237
v 0.146140 4.721059 -0.047321
v 0.103856 -1.247766 -0.055738
v 0.134550 3.297452 -0.024758
v 0.120003 4.765772 -0.072355
v 0.134550 3.046184 -0.059562
v 0.068341 -1.288508 0.010847
v 0.135754 3.926734 -0.057268
v 0.080244 -1.288552 -0.017149
v 0.065858 4.766375 -0.100038
v 0.081921 4.391129 -0.108830
v 0.043960 4.756842 -0.121011
v 0.134550 2.790260 -0.065483
v 0.089363 -1.214417 0.069458
v 0.019220 4.721836 -0.144707
v 0.064470 -1.250132 0.056274
v 0.062641 -1.275173 0.035260
v 0.047295 4.375619 -0.141994
v 0.134550 2.107547 -0.031601
v 0.013176 4.671504 -0.150496
v 0.072009 -1.278497 -0.029238
v 0.068173 -1.253273 -0.049174
v 0.078832 -1.223916 -0.061163
v 0.025746 4.623889 -0.138456
v 0.021541 4.332688 -0.166661
v 0.044340 -1.271899 0.022509
v 0.058674 4.594626 -0.106918
v 0.142813 3.975119 -0.050508
v 0.040017 -1.272621 -0.003289
v 0.048146 -1.266339 -0.028568
v 0.087541 4.596476 -0.079270
v 0.015946 4.279216 -0.172020
v 0.067207 -1.222873 0.064855
v 0.107869 4.611876 -0.059800
v 0.034912 -1.234575 0.046580
v 0.134550 3.295846 0.017933
v 0.035644 -1.252467 0.035932
v 0.122707 4.637688 -0.045588
v 0.024563 4.240136 -0.163767
v 0.129752 4.670005 -0.038840
v 0.049459 -1.233659 -0.049665
v 0.047295 4.204180 -0.141994
v 0.127902 4.703869 -0.040613
v 0.129401 1.457873 -0.008538
v 0.114240 4.740550 -0.053698
v 0.019194 -1.246586 0.009150
v 0.021450 -1.247321 -0.009375
v 0.081920 4.188670 -0.108830
v 0.088566 4.763349 -0.078288
v 0.029788 -1.244747 -0.028628
v 0.138386 2.536719 -0.068653
v 0.089266 -1.199971 0.069971
v 0.120002 4.204180 -0.072356
v 0.042286 -1.214246 0.055580
v 0.126318 4.026917 -0.066307
v 0.134550 3.022809 -0.040850
v 0.016688 -1.229126 0.024289
v 0.146140 4.248892 -0.047321
v 0.151257 4.289899 -0.042420
v 0.146140 4.330907 -0.047321
v 0.120002 4.375619 -0.072355
v 0.101592 4.049112 -0.089989
v 0.134550 3.317359 0.046642
v 0.016688 -1.229126 -0.017851
v 0.030195 -1.216902 -0.040171
v 0.072338 -1.197826 -0.061216
v 0.134550 3.009793 -0.012899
v 0.081921 4.067649 -0.108830
v 0.058147 -1.192876 0.062749
v 0.043962 4.366691 -0.121010
v 0.018829 -1.198564 0.033692
v 0.009141 -1.206334 0.009675
v 0.025695 4.343911 -0.138506
v 0.013027 -1.198789 -0.016561
v 0.047296 4.052138 -0.141994
v 0.013413 4.304915 -0.150269
v 0.051708 -1.187307 -0.052995
v 0.134550 3.345310 0.059658
v 0.019220 4.248116 -0.144707
v 0.037861 -1.175411 0.047810
v 0.024567 4.016195 -0.163763
v 0.013493 -1.179461 0.003219
v 0.031710 -1.187186 -0.039392
v 0.047727 4.209817 -0.117404
v 0.015946 3.977102 -0.172020
v 0.134556 1.884563 -0.026282
v 0.134550 2.749663 -0.053494
v 0.076271 4.203311 -0.090065
v 0.021377 -1.170090 0.023417
v 0.098212 4.212537 -0.069050
v 0.021554 3.923575 -0.166649
v 0.022373 -1.166861 -0.016084
v 0.116142 4.233539 -0.051876
v 0.134550 2.080841 -0.058967
v 0.129638 4.272694 -0.038950
v 0.047296 3.880698 -0.141994
v 0.134550 3.375142 0.057086
v 0.123923 4.331683 -0.044423
v 0.028300 -1.152484 0.010971
v 0.043298 -1.163281 -0.038734
v 0.099182 4.366691 -0.068121
v 0.081920 3.865189 -0.108831
v 0.075043 -1.171210 0.062644
v 0.071572 4.377204 -0.094565
v 0.045339 -1.148918 0.035444
v 0.134550 3.012366 0.016934
v 0.138386 2.307609 -0.068653
v 0.120002 3.880698 -0.072356
v 0.042961 -1.141103 -0.015030
v 0.134550 3.401493 0.041077
v 0.146140 3.925411 -0.047321
v 0.072429 -1.150017 0.050998
v 0.151257 3.966419 -0.042420
v 0.134550 3.032785 0.047973
v 0.043094 -1.137305 0.009244
v 0.146140 4.007425 -0.047321
v 0.029153 -1.881144 0.094954
v 0.064100 -1.147023 -0.039392
v 0.120002 4.052138 -0.072356
v 0.084411 -1.166607 -0.056058
v 0.134550 2.730388 -0.030581
v 0.138386 2.497823 -0.066548
v 0.060611 -1.137102 0.033679
v 0.134550 3.432752 -0.023813
v 0.060146 4.052064 -0.105508
v 0.071686 -1.122519 0.009196
v 0.071513 -1.126459 -0.016602
v 0.134550 3.434560 0.013434
v 0.034398 4.033754 -0.130170
v 0.014711 3.992172 -0.149026
v 0.134550 3.419012 -0.051315
v 0.016522 3.934802 -0.147291
v 0.087054 -1.140194 -0.040152
v 0.134550 3.395416 -0.071682
v 0.096705 -1.199500 -0.063581
v 0.033683 3.900169 -0.130855
v 0.134550 3.066623 0.059891
v 0.134550 2.723075 -0.000628
v 0.053629 3.883724 -0.111751
v 0.134550 3.364476 -0.081781
v 0.076269 3.879830 -0.090066
v 0.098213 3.889056 -0.069049
v 0.134550 3.322206 -0.075248
v 0.116143 3.910058 -0.051876
v 0.127304 3.939693 -0.041186
v 0.129954 3.973440 -0.038647
v 0.134550 3.097094 0.055185
v 0.134550 3.293029 -0.051316
v 0.121387 4.013392 -0.046853
v 0.134550 3.279289 -0.023812
v 0.138386 2.469211 -0.049166
v 0.094136 4.047601 -0.072954
v 0.134550 3.277480 0.013433
v 0.134550 3.297840 0.053118
v 0.134550 2.737929 0.039429
v 0.134550 3.123688 0.032589
v 0.134550 3.340278 0.076954
v 0.134550 3.380528 0.073782
v 0.134550 3.414201 0.053118
v 0.138386 2.261836 -0.064485
v 0.116209 3.387538 -0.017909
v 0.134550 3.151224 -0.010026
v 0.134550 2.038747 -0.063426
v 0.138386 2.453537 -0.020681
v 0.116209 3.364029 -0.036984
v 0.134550 3.139492 -0.045081
v 0.134550 2.768791 0.057720
v 0.134550 3.105454 -0.075248
v 0.116209 3.334452 -0.030033
v 0.116209 3.322027 -0.009833
v 0.134550 3.063184 -0.081781
v 0.116209 3.324503 0.013532
v 0.134550 2.799595 0.059049
v 0.134550 3.032244 -0.071682
v 0.138386 2.452094 0.012765
v 0.116209 3.339191 0.028011
v 0.116209 3.358484 0.032946
v 0.134550 3.008649 -0.051316
v 0.116209 3.380037 0.023053
v 0.134550 2.994908 -0.023813
v 0.116209 3.390013 0.005456
v 0.134550 2.993099 0.013434
v 0.116209 3.415728 -0.020301
v 0.134556 1.854719 -0.058967
v 0.116209 3.400284 -0.046452
v 0.116209 3.375142 -0.061462
v 0.134550 2.834684 0.037911
v 0.134550 3.013459 0.053118
v 0.116209 3.345310 -0.064035
v 0.138386 2.231885 -0.038631
v 0.116209 3.312755 -0.047662
v 0.134550 3.047130 0.073782
v 0.134550 2.002358 -0.041043
v 0.116209 3.294783 -0.015961
v 0.116209 3.297452 0.020382
v 0.134550 3.087382 0.076954
v 0.138386 2.471608 0.047187
v 0.116209 3.315671 0.045256
v 0.116209 3.344033 0.058943
v 0.134550 3.129629 0.053201
v 0.116209 3.384342 0.054589
v 0.134550 3.148371 0.019436
v 0.116209 3.416194 0.017933
v 0.116209 3.407654 -0.031686
v 0.116209 3.106470 -0.001322
v 0.134550 2.862554 -0.023813
v 0.134550 2.864989 0.007196
v 0.116209 3.371672 -0.059556
v 0.116209 3.332164 -0.055959
v 0.116209 3.097629 -0.026671
v 0.116209 3.310256 -0.038421
v 0.134550 2.848813 -0.051316
v 0.116209 3.298058 -0.012226
v 0.129401 1.446389 -0.037601
v 0.116209 3.304387 0.027309
v 0.116209 3.069176 -0.037323
v 0.138386 2.500092 0.062860
v 0.116209 3.334868 0.052702
v 0.134550 2.825218 -0.071682
v 0.138386 2.222070 -0.007636
v 0.116209 3.389908 0.045895
v 0.116209 3.047623 -0.027430
v 0.116209 3.413388 0.013463
v 0.134550 2.794278 -0.081782
v 0.116209 3.404961 0.004028
v 0.116209 3.397260 -0.028285
v 0.116209 3.035950 -0.003255
v 0.134550 2.752009 -0.075248
v 0.116209 3.371666 -0.048976
v 0.138386 2.540433 0.063149
v 0.116209 3.341743 -0.048657
v 0.116209 3.048537 0.024397
v 0.116209 3.316128 -0.030302
v 0.116209 3.070773 0.032642
v 0.116209 3.307232 -0.003402
v 0.134550 2.722831 -0.051316
v 0.116209 3.313432 0.017421
v 0.116209 3.331548 0.040648
v 0.116209 3.096121 0.023802
v 0.116209 3.369006 0.045406
v 0.138386 2.229656 0.031986
v 0.134550 2.709090 -0.023812
v 0.116209 3.392910 0.029184
v 0.116209 3.397603 -0.020638
v 0.134550 2.707283 0.013433
v 0.116209 3.134387 -0.003749
v 0.129401 1.631251 -0.052330
v 0.116209 3.123687 -0.036966
v 0.116209 3.380345 -0.040631
v 0.134550 1.990440 -0.007205
v 0.116209 3.337571 -0.043772
v 0.116209 3.103009 -0.053853
v 0.116209 3.317578 -0.026514
v 0.134550 2.727642 0.053118
v 0.116209 3.067202 -0.065483
v 0.116209 3.310542 -0.001057
v 0.062931 -1.881088 0.076920
v 0.116209 3.339474 0.041397
v 0.138386 2.575099 0.035573
v 0.116209 3.032978 -0.051019
v 0.116209 3.378832 0.037742
v 0.134550 2.770080 0.076954
v 0.116209 3.014265 -0.027643
v 0.116209 3.400386 0.009916
v 0.116209 3.009793 0.008522
v 0.135526 3.413983 -0.012226
v 0.135526 3.401784 -0.038421
v 0.134550 2.810331 0.073782
v 0.135526 3.374879 -0.058584
v 0.116209 3.030022 0.045705
v 0.135526 3.334868 -0.057079
v 0.134550 1.995146 0.023266
v 0.135526 3.304387 -0.031686
v 0.134550 2.837609 0.058420
v 0.116209 3.064449 0.059677
v 0.135526 3.298058 0.007849
v 0.116209 3.094209 0.056380
v 0.135526 3.317016 0.042697
v 0.134550 2.856349 0.035509
v 0.135526 3.354557 0.056619
v 0.116209 3.123988 0.032790
v 0.135526 3.382629 0.049765
v 0.135526 3.407654 0.027309
v 0.116209 2.820653 -0.001322
v 0.135526 3.404961 -0.008404
v 0.116209 3.130446 -0.003652
v 0.138386 2.599929 -0.033494
v 0.135526 3.386230 -0.041191
v 0.116209 3.119723 -0.036076
v 0.138386 2.271342 0.064275
v 0.135526 3.359921 -0.050458
v 0.116209 2.813666 -0.023757
v 0.135526 3.336228 -0.046798
v 0.135526 3.314780 -0.028284
v 0.135526 3.307751 -0.006090
v 0.116209 3.070176 -0.060995
v 0.135526 3.311410 0.017604
v 0.116209 3.032635 -0.047074
v 0.135526 3.333999 0.041958
v 0.135526 3.371666 0.044599
v 0.116209 2.796437 -0.035091
v 0.135526 3.397260 0.023908
v 0.116209 3.013677 -0.012226
v 0.135526 3.398470 -0.018548
v 0.116209 2.776552 -0.036167
v 0.116209 3.017868 0.021667
v 0.135526 3.375139 -0.044708
v 0.138386 2.575261 -0.067849
v 0.116209 3.035407 0.043576
v 0.135526 3.339661 -0.044638
v 0.135526 3.318835 -0.028396
v 0.116209 3.067480 0.057131
v 0.134556 1.812624 -0.063426
v 0.135526 3.310045 0.005537
v 0.116209 2.757344 -0.022261
v 0.138386 2.536834 -0.088050
v 0.135526 3.329813 0.034997
v 0.134550 2.024197 0.054589
v 0.116209 3.100054 0.048800
v 0.135526 3.363745 0.043787
v 0.116209 3.121348 0.029267
v 0.135526 3.398540 0.016931
v 0.116209 2.750992 -0.003055
v 0.135526 3.391710 -0.003255
v 0.116209 3.119727 -0.010517
v 0.135526 3.380036 -0.027431
v 0.135526 3.358484 -0.037323
v 0.116209 3.103998 -0.039427
v 0.116209 2.759833 0.022294
v 0.135526 3.339191 -0.032388
v 0.138386 2.491351 -0.084540
v 0.135526 3.324503 -0.017909
v 0.116209 3.072853 -0.050977
v 0.135526 3.322027 0.005456
v 0.135526 3.334453 0.025656
v 0.116209 3.049381 -0.043403
v 0.135526 3.360458 0.032751
v 0.116209 3.028803 -0.026661
v 0.135526 3.381262 0.021828
v 0.138386 2.461910 -0.067850
v 0.116209 2.788285 0.032946
v 0.116209 3.023552 0.006138
v 0.116209 3.039280 0.035051
v -0.024414 1.979087 -0.032605
v 0.138386 2.317114 0.060108
v 0.116209 2.812407 0.020914
v 0.116209 3.066048 0.045914
v 0.138386 2.437242 -0.033494
v 0.116209 3.093661 0.041958
v 0.116209 3.116249 0.017604
v 0.116209 3.117260 -0.007983
v 0.138386 2.433307 0.014773
v 0.116209 2.847861 -0.004073
v 0.116209 3.102998 -0.035146
v 0.116209 2.834684 -0.042289
v 0.116209 3.079402 -0.047014
v -0.024414 1.974565 -0.017695
v 0.138386 2.450190 0.051154
v 0.116209 2.799595 -0.063426
v 0.116209 3.029190 -0.018548
v 0.116209 3.028026 0.012395
v 0.116209 2.768791 -0.062097
v 0.138386 2.345989 0.035573
v 0.116209 3.047313 0.036254
v 0.116209 2.737929 -0.043807
v 0.116209 3.077434 0.043432
v 0.138386 2.475808 0.073267
v 0.116209 3.107996 0.025972
v 0.138386 2.509404 0.084233
v 0.116209 2.723075 -0.003749
v 0.135526 3.130446 -0.000725
v 0.135526 3.121348 -0.033644
v 0.138386 2.555300 0.077139
v 0.116209 2.732158 0.026195
v 0.135526 3.100054 -0.053176
v 0.134550 2.066292 0.059049
v 0.135526 3.067480 -0.061508
v 0.116209 2.749663 0.049116
v 0.082247 -1.881062 0.054956
v 0.135526 3.035407 -0.047953
v 0.135526 3.017868 -0.026044
v 0.116209 2.790260 0.061105
v 0.135526 3.013677 0.007849
v 0.138386 2.586980 0.051155
v 0.135526 3.025875 0.034044
v 0.135526 3.047783 0.051582
v 0.116209 2.835072 0.038231
v 0.135526 3.087291 0.055180
v 0.138386 2.603863 0.014773
v 0.134556 1.776235 -0.041043
v 0.135526 3.119723 0.031700
v 0.135526 3.118427 -0.017834
v 0.118471 2.572711 -0.011561
v 0.135526 3.093660 -0.046335
v 0.138386 2.370819 -0.033494
v 0.116209 2.822236 -0.049200
v 0.135526 3.055993 -0.048976
v 0.135526 3.030399 -0.028285
v 0.116209 2.784359 -0.060996
v 0.118471 2.558382 -0.040053
v 0.135526 3.022698 0.004028
v 0.135526 3.041428 0.036814
v 0.134550 2.101381 0.037911
v 0.116209 2.746818 -0.047074
v 0.135526 3.067739 0.046081
v 0.135526 3.096112 0.040648
v 0.118471 2.525583 -0.057275
v 0.135526 3.117178 0.015361
v 0.116209 2.727860 -0.012227
v 0.135526 3.112790 -0.022716
v 0.135526 3.116479 0.003023
v 0.138386 2.346151 -0.067849
v 0.135526 3.086223 -0.045802
v 0.116209 2.745274 0.040429
v 0.118471 2.493737 -0.050703
v 0.135526 3.051112 -0.043340
v 0.116209 2.781663 0.057131
v 0.135526 3.030056 -0.020638
v 0.135526 3.027274 0.009916
v 0.118471 2.473685 -0.033834
v 0.129401 1.599890 -0.056823
v 0.116209 2.824827 0.042697
v 0.135526 3.048827 0.037742
v 0.138386 2.307724 -0.088050
v 0.135526 3.079402 0.042637
v 0.135526 3.106353 0.027975
v 0.118471 2.464442 -0.008483
v 0.116209 2.843785 0.007850
v 0.116209 2.833910 -0.010516
v 0.135526 3.106470 -0.003055
v 0.135526 3.100118 -0.022260
v 0.135526 3.080909 -0.036167
v 0.116209 2.818181 -0.039428
v 0.118471 2.468895 0.022597
v 0.135526 3.057510 -0.034036
v 0.138386 2.262242 -0.084540
v 0.135526 3.040122 -0.017909
v 0.116209 2.787036 -0.050977
v 0.135526 3.037647 0.005456
v 0.094961 -1.880809 0.029309
v 0.135526 3.050071 0.025656
v 0.116209 2.766282 -0.045776
v 0.135526 3.072506 0.032642
v 0.118471 2.492051 0.045424
v 0.116209 2.745729 -0.029264
v 0.135526 3.097629 0.022294
v 0.138386 2.232801 -0.067850
v 0.118471 2.517218 0.052726
v 0.116209 2.737034 -0.003403
v 0.116209 2.744582 0.023907
v -0.024414 2.008362 0.063898
v 0.118471 2.543432 0.046326
v 0.116209 2.767088 0.042416
v 0.138386 2.208132 -0.033494
v 0.134550 2.127585 -0.031117
v 0.116209 2.798808 0.045406
v 0.118471 2.566800 0.025357
v 0.116209 2.828659 0.022284
v 0.118471 2.582179 -0.026695
v 0.116209 2.829435 -0.016773
v 0.138386 2.204197 0.014773
v 0.116209 2.806349 -0.043340
v 0.118471 2.552760 -0.062008
v 0.116209 2.755659 -0.036901
v 0.138386 2.221080 0.051154
v 0.116209 2.741439 0.007794
v 0.118471 2.506956 -0.069341
v 0.129401 1.419234 -0.054917
v 0.116209 2.757662 0.034168
v 0.134550 2.104234 -0.062998
v 0.118471 2.471608 -0.051564
v 0.138386 2.246699 0.073267
v 0.116209 2.808635 0.037742
v 0.118471 2.452094 -0.017142
v 0.138386 2.280294 0.084233
v 0.116209 2.828271 0.014171
v 0.134550 2.077171 -0.078002
v 0.135526 2.839035 -0.028731
v 0.135526 2.843803 0.004552
v 0.118471 2.454505 0.015470
v 0.138386 2.326191 0.077139
v 0.135526 2.809679 -0.055959
v 0.118471 2.469211 0.044789
v 0.135526 2.775785 -0.060151
v 0.134556 1.764317 -0.007205
v 0.135526 2.745274 -0.044806
v 0.118471 2.497823 0.062171
v 0.135526 2.728431 -0.015096
v 0.134550 2.044063 -0.081782
v 0.118471 2.536719 0.064275
v 0.129401 1.574309 -0.047497
v 0.135526 2.729676 0.013773
v 0.135526 2.743205 0.038359
v 0.138386 2.357870 0.051155
v 0.135526 2.778329 0.056802
v 0.118471 2.569470 0.039618
v 0.138386 2.374754 0.014773
v 0.135526 2.812432 0.049764
v 0.118471 2.585077 0.012765
v 0.135526 2.833905 0.031700
v 0.134550 2.013124 -0.071683
v 0.135526 2.833436 -0.012897
v 0.118471 2.344868 -0.006073
v 0.118471 2.576815 -0.028023
v 0.135526 2.816033 -0.041191
v 0.135526 2.784608 -0.050977
v 0.118471 2.547330 -0.059813
v 0.134550 1.989935 -0.051740
v 0.135526 2.762249 -0.044490
v 0.135526 2.741676 -0.024209
v 0.118471 2.329273 -0.040053
v 0.118471 2.504607 -0.064340
v 0.135526 2.737720 0.003404
v 0.135526 2.745930 0.025925
v 0.134550 1.975736 -0.024018
v 0.135526 2.768273 0.043350
v 0.118471 2.472433 -0.046100
v 0.135526 2.801468 0.044599
v 0.118471 2.296473 -0.057275
v 0.135526 2.829969 0.019832
v 0.118471 2.454347 -0.006692
v 0.135526 2.828272 -0.018548
v 0.134556 1.769023 0.023266
v 0.135526 2.829435 0.012396
v 0.135526 2.808635 -0.042119
v 0.134550 1.973964 0.013717
v 0.135526 2.778060 -0.047014
v 0.118471 2.489841 0.055436
v 0.118471 2.264628 -0.050703
v 0.135526 2.754465 -0.035147
v 0.135526 2.739223 -0.003581
v 0.118471 2.532563 0.059962
v 0.098943 -1.881282 -0.009318
v 0.118471 2.244575 -0.033833
v 0.135526 2.755659 0.032524
v 0.135526 2.780611 0.042651
v 0.134550 1.989935 0.047363
v 0.135526 2.806349 0.038963
v 0.118471 2.580711 0.014761
v 0.118471 2.234083 0.001695
v 0.135526 2.820653 -0.003055
v 0.137537 2.578027 -0.025096
v 0.135526 2.812407 -0.025291
v 0.135526 2.795276 -0.035443
v 0.137537 2.559537 -0.050341
v 0.135526 2.774653 -0.035591
v 0.134550 2.013662 0.067541
v 0.137537 2.532563 -0.064340
v 0.135526 2.756381 -0.020820
v 0.118471 2.253053 0.039726
v 0.135526 2.750991 -0.001322
v 0.135526 2.761340 0.023802
v 0.137537 2.501300 -0.062991
v 0.137537 2.474674 -0.048340
v 0.134550 2.044681 0.077396
v 0.135526 2.790261 0.032751
v 0.137537 2.454702 -0.010303
v 0.135526 2.813666 0.019380
v 0.118471 2.288109 0.052726
v 0.134550 2.085144 0.071346
v 0.137537 2.462324 0.026627
v 0.137537 2.481887 0.049882
v 0.118471 2.314323 0.046326
v 0.129401 1.385470 -0.055329
v 0.137537 2.523089 0.062050
v 0.137537 2.557823 0.047370
v 0.118471 2.334377 0.029456
v 0.137537 2.579657 0.018233
v 0.134556 1.798075 0.054589
v 0.134550 2.115104 0.047362
v 0.118471 2.353069 -0.026695
v 0.137537 2.566800 -0.029734
v 0.137537 2.572711 0.007184
v 0.129401 1.554518 -0.022120
v 0.134550 2.131074 0.013717
v 0.137537 2.538338 -0.053446
v 0.137537 2.500975 -0.054851
v 0.118471 2.323650 -0.062008
v 0.116209 2.088209 -0.001123
v 0.137537 2.472167 -0.031562
v 0.137537 2.463499 0.004809
v 0.118471 2.277847 -0.069341
v 0.137537 2.484581 0.041711
v 0.118471 2.237473 -0.047378
v 0.137537 2.525583 0.052897
v 0.087720 -1.881088 -0.046716
v 0.137537 2.558382 0.035675
v 0.118471 2.220751 0.002629
v 0.116209 2.073234 -0.031271
v 0.118471 2.240101 0.044789
v 0.118471 2.268713 0.062171
v 0.116209 2.043249 -0.036167
v 0.118471 2.307609 0.064275
v 0.134556 1.840169 0.059048
v 0.129401 1.551607 0.004162
v 0.118471 2.340991 0.041623
v 0.116209 2.024040 -0.022261
v 0.118471 2.355967 0.012765
v 0.118471 2.350548 -0.022611
v 0.118471 2.328714 -0.051747
v 0.118471 2.300345 -0.064958
v 0.069945 -1.881062 -0.069945
v 0.116209 2.017688 -0.003055
v 0.118471 2.270068 -0.062347
v 0.134556 1.875258 0.037911
v 0.129401 1.560933 0.029743
v 0.118471 2.243324 -0.046100
v 0.118471 2.226706 -0.013058
v 0.116209 2.026529 0.022294
v 0.118471 2.231246 0.023646
v 0.129401 1.353099 -0.027200
v 0.116209 2.054982 0.032945
v 0.118471 2.260731 0.055436
v 0.046982 -1.881088 -0.087577
v 0.118471 2.303453 0.059962
v 0.118471 2.335627 0.041722
v 0.116209 2.076536 0.023053
v 0.118471 2.350277 0.015098
v 0.137537 2.348918 -0.025096
v 0.137537 2.330427 -0.050341
v 0.129401 1.591492 0.051868
v 0.116209 2.115267 -0.003750
v 0.137537 2.303453 -0.064340
v 0.134556 1.903128 -0.023813
v 0.137537 2.272190 -0.062991
v 0.116209 2.101381 -0.042289
v 0.137537 2.245565 -0.048340
v 0.137537 2.227325 -0.016166
v 0.116209 2.066292 -0.063426
v 0.137537 2.230033 0.020718
v 0.134556 1.889388 -0.051316
v 0.019298 -1.881062 -0.097017
v 0.137537 2.248524 0.045964
v 0.137537 2.281360 0.061694
v 0.116209 2.024197 -0.058967
v 0.137537 2.328910 0.048721
v 0.134556 1.865793 -0.071682
v 0.137537 2.351626 0.011790
v 0.116209 1.995146 -0.027644
v 0.137537 2.344868 0.001695
v 0.137537 2.334377 -0.033833
v 0.134556 1.834852 -0.081782
v 0.137537 2.309228 -0.053446
v -0.010068 -1.881144 -0.098817
v 0.116209 1.990440 0.002827
v 0.137537 2.271866 -0.054851
v 0.116209 1.997085 0.026203
v 0.134556 1.792583 -0.075248
v 0.137537 2.243057 -0.031561
v 0.129401 1.349160 0.009973
v 0.116209 2.021044 0.052904
v 0.137537 2.234390 0.004809
v 0.137537 2.255471 0.041711
v 0.116209 2.063229 0.059658
v 0.134556 1.763406 -0.051317
v 0.137537 2.285084 0.052141
v 0.129401 1.634035 0.046464
v 0.137537 2.311753 0.048023
v 0.116209 2.101770 0.038230
v 0.137537 2.332210 0.031646
v 0.134556 1.749665 -0.023812
v 0.116209 2.111510 -0.009682
v 0.134556 1.747857 0.013433
v 0.116209 2.096984 -0.040004
v -0.046716 -1.881088 -0.087720
v 0.116209 2.073672 -0.057079
v 0.134556 1.768216 0.053117
v 0.116209 2.039612 -0.059580
v 0.116209 2.014704 -0.046654
v 0.134556 1.810654 0.076954
v 0.116209 1.995152 -0.017841
v 0.129401 1.365031 0.037968
v 0.129401 1.657962 0.017744
v 0.116209 2.000886 0.027309
v 0.134556 1.850905 0.073781
v -0.076728 -1.881088 -0.063165
v 0.116209 2.031367 0.052702
v 0.134556 1.884577 0.053117
v 0.116209 2.071378 0.054207
v 0.134556 1.904936 0.013433
v 0.116209 2.102229 0.029266
v 0.116209 2.100607 -0.010516
v 0.116215 1.862086 -0.001123
v 0.116209 2.084878 -0.039428
v 0.129401 1.670356 -0.034359
v 0.116209 2.058628 -0.049360
v -0.094961 -1.880809 -0.029309
v 0.116209 2.034970 -0.047728
v 0.116215 1.847111 -0.031271
v 0.116209 2.012627 -0.030303
v 0.116209 2.004141 -0.002427
v 0.116215 1.817126 -0.036167
v 0.129401 1.393781 0.052428
v 0.116209 2.011279 0.023907
v 0.116209 2.033419 0.042169
v 0.129401 1.634836 -0.067114
v 0.116209 2.051305 0.046600
v 0.116215 1.797918 -0.022261
v 0.116209 2.074777 0.039026
v 0.116209 2.095356 0.022283
v 0.116209 2.094103 -0.020639
v 0.129401 1.606240 -0.072380
v -0.098943 -1.881282 0.009318
v 0.116215 1.791566 -0.003056
v 0.116209 2.073046 -0.043340
v 0.129401 1.577646 -0.067114
v 0.116209 2.022356 -0.036902
v 0.116215 1.800407 0.022294
v 0.116215 1.828860 0.032945
v 0.116209 2.007694 -0.009951
v 0.129401 1.542125 -0.034358
v 0.116209 2.024359 0.034168
v 0.129401 1.431033 0.046464
v 0.116215 1.850413 0.023053
v -0.087720 -1.881088 0.046716
v 0.116209 2.096885 0.009916
v 0.116215 1.888146 -0.014471
v 0.135526 2.111839 -0.006348
v 0.129401 1.537947 0.018587
v 0.135526 2.098283 -0.038422
v 0.135526 2.076376 -0.055959
v 0.116215 1.870660 -0.046452
v 0.135526 2.042482 -0.060151
v 0.135526 2.016286 -0.047953
v 0.135526 1.996124 -0.021047
v 0.116215 1.840169 -0.063426
v 0.135526 1.999307 0.024354
v 0.129401 1.569466 0.059526
v 0.116215 1.798075 -0.058967
v -0.063418 -1.880809 0.076517
v 0.135526 2.028663 0.051582
v 0.135526 2.068171 0.055179
v 0.116215 1.769023 -0.027644
v 0.135526 2.100603 0.031699
v 0.116215 1.764317 0.002827
v 0.135526 2.101733 0.001261
v 0.129401 1.621081 0.067644
v 0.135526 2.092411 -0.030303
v 0.116215 1.770962 0.026203
v 0.135526 2.074595 -0.045291
v 0.129401 1.454961 0.017744
v 0.135526 2.051305 -0.050977
v 0.116215 1.794922 0.052904
v 0.135526 2.028946 -0.044490
v -0.029255 -1.881282 0.094977
v 0.135526 2.008373 -0.024209
v 0.129401 1.652336 0.051214
v 0.135526 2.005732 0.013457
v 0.116215 1.837106 0.059658
v 0.135526 2.030498 0.041958
v 0.129401 1.674534 0.018586
v 0.116215 1.865058 0.046641
v 0.135526 2.068165 0.044599
v 0.116215 1.883770 0.023266
v 0.135526 2.090487 0.027871
v 0.116215 1.885387 -0.009682
v 0.135526 2.094969 -0.018548
v 0.023552 -1.905802 0.078610
v 0.113204 1.657312 -0.023345
v 0.135526 2.075331 -0.042119
v 0.129401 1.467354 -0.034359
v 0.116215 1.870862 -0.040004
v 0.113204 1.661063 0.002241
v 0.135526 2.048883 -0.047183
v 0.135526 2.024359 -0.038545
v 0.116215 1.847549 -0.057079
v -0.015762 -1.908013 0.079243
v 0.135526 2.005920 -0.003582
v 0.116215 1.813489 -0.059580
v 0.113204 1.634035 -0.050841
v 0.135526 2.022356 0.032524
v 0.116215 1.788581 -0.046654
v 0.135526 2.047308 0.042650
v 0.051842 -1.905802 0.063614
v 0.135526 2.073046 0.038963
v 0.116215 1.769029 -0.017841
v 0.135526 2.096133 0.012396
v 0.135526 2.088209 -0.003255
v 0.116215 1.774764 0.027309
v 0.135526 2.071460 -0.032456
v 0.113204 1.601810 -0.057012
v 0.135526 2.041350 -0.035591
v 0.129401 1.431834 -0.067114
v 0.116215 1.805244 0.052702
v 0.113204 1.576601 -0.049029
v 0.135526 2.023077 -0.020820
v 0.077116 -1.904916 0.031942
v 0.135526 2.017688 -0.001322
v 0.116215 1.845255 0.054207
v 0.135526 2.028038 0.023802
v 0.113204 1.553100 -0.019959
v 0.135526 2.056957 0.032751
v 0.116215 1.876106 0.029266
v 0.135526 2.077761 0.021828
v 0.116215 1.874485 -0.010516
v 0.129401 1.403239 -0.072380
v 0.113204 1.554518 0.017742
v 0.116215 1.858755 -0.039428
v 0.080027 -1.907163 -0.014959
v 0.129401 1.374644 -0.067114
v 0.116215 1.832505 -0.049360
v 0.113204 1.574308 0.043119
v 0.116215 1.808847 -0.047728
v 0.116215 1.786505 -0.030303
v 0.113204 1.599890 0.052445
v 0.116215 1.778018 -0.002427
v 0.064364 -1.905722 -0.050960
v 0.129401 1.339123 -0.034358
v 0.116215 1.785156 0.023907
v 0.113204 1.626172 0.049533
v 0.116215 1.807296 0.042169
v 0.116215 1.825182 0.046600
v 0.033312 -1.906436 -0.075083
v 0.116215 1.848655 0.039026
v 0.116215 1.869233 0.022283
v 0.113204 1.652469 0.028701
v 0.116215 1.867980 -0.020639
v -0.014829 -1.907337 -0.080141
v 0.129401 1.334945 0.018586
v 0.116215 1.846923 -0.043341
v -0.057480 -1.905684 -0.059441
v 0.129401 1.366465 0.059526
v 0.116215 1.796233 -0.036902
v -0.079715 -1.907337 -0.016969
v 0.116215 1.781571 -0.009951
v 0.129401 1.418080 0.067644
v -0.075967 -1.906597 0.030994
v 0.116215 1.798236 0.034168
v 0.129401 1.449334 0.051214
v -0.052579 -1.904816 0.064068
v 0.129401 1.471533 0.018586
v 0.116215 1.870762 0.009916
v -0.004275 -1.940689 0.047781
v 0.135532 1.885716 -0.006348
v 0.113204 1.458791 -0.007660
v 0.135532 1.872160 -0.038422
v 0.033823 -1.940876 0.034807
v 0.135532 1.850253 -0.055959
v 0.113204 1.442554 -0.041503
v 0.135532 1.816359 -0.060151
v 0.135532 1.790164 -0.047953
v 0.113204 1.414024 -0.056407
v 0.135532 1.770001 -0.021047
v 0.048264 -1.940246 -0.000268
v 0.135532 1.770250 0.013772
v 0.135532 1.787392 0.042697
v 0.113204 1.388199 -0.055094
v 0.039491 -1.940240 -0.027511
v 0.113204 1.365031 -0.042346
v 0.135532 1.824933 0.056618
v 0.017855 -1.940406 -0.044518
v 0.135532 1.853005 0.049764
v 0.135532 1.874480 0.031699
v 0.113204 1.349160 -0.014351
v 0.135532 1.875610 0.001261
v -0.013864 -1.940889 -0.045704
v 0.135532 1.866288 -0.030304
v 0.113204 1.353099 0.022822
v 0.135532 1.848473 -0.045291
v 0.135532 1.825182 -0.050977
v -0.043064 -1.940372 -0.022666
v 0.135532 1.802823 -0.044491
v 0.113204 1.385470 0.050951
v 0.135532 1.782250 -0.024209
v 0.135532 1.779609 0.013457
v -0.047013 -1.940240 0.010304
v 0.113204 1.423170 0.049533
v 0.135532 1.804376 0.041958
v -0.033265 -1.940521 0.034388
v 0.135532 1.842042 0.044599
v 0.113204 1.449468 0.028700
v 0.135532 1.864364 0.027871
v 0.135532 1.868846 -0.018548
v 0.016025 -1.954223 0.014000
v 0.135532 1.849208 -0.042119
v 0.135532 1.822760 -0.047183
v 0.017067 -1.954323 -0.014006
v 0.135532 1.798236 -0.038545
v 0.135532 1.779797 -0.003582
v 0.135532 1.796234 0.032524
v -0.017480 -1.954384 -0.014345
v 0.135532 1.821185 0.042650
v 0.135532 1.846923 0.038963
v -0.010964 -1.954302 0.019029
v 0.135532 1.870010 0.012396
v 0.008045 -1.470563 0.099248
v 0.135532 1.862086 -0.003255
v 0.047617 -1.470830 0.087206
v 0.135532 1.845338 -0.032456
v 0.077367 -1.470830 0.062343
v 0.095336 -1.470830 0.027987
v 0.135532 1.815227 -0.035591
v 0.097833 -1.471029 -0.021250
v 0.075675 -1.470789 -0.064361
v 0.135532 1.796955 -0.020820
v 0.045284 -1.470789 -0.088422
v 0.019298 -1.470781 -0.097017
v 0.135532 1.791566 -0.001322
v -0.002601 -1.435019 -0.098301
v -0.026337 -1.038959 -0.094395
v -0.043730 -1.042128 -0.089091
v 0.135532 1.801915 0.023802
v -0.064053 -1.431794 -0.076581
v -0.088488 -1.428645 -0.047234
v -0.099985 -1.426717 -0.010640
v 0.135532 1.830835 0.032751
v -0.098599 -1.425766 0.017276
v -0.089334 -1.423521 0.045829
v 0.135532 1.851638 0.021828
v -0.064944 -1.417716 0.076012
v -0.020257 -1.439390 0.096587
v -0.003527 -1.430873 0.097732
v 0.026469 -1.446402 0.131191
v 0.064928 -1.446484 0.117710
v 0.105883 -1.446367 0.083247
v 0.132317 -1.446627 0.027196
v 0.131564 -1.446402 -0.026095
v 0.120666 -1.446470 -0.059574
v 0.094957 -1.446402 -0.094583
v 0.062365 -1.446470 -0.119211
v 0.026469 -1.446402 -0.131190
v 0.013658 -1.209574 0.110562
v 0.075576 -1.209786 0.083386
v 0.048113 -1.209578 -0.098812
v 0.012051 -1.209578 -0.108881
v -0.066512 -1.039617 -0.075257
v -0.090531 -1.039643 -0.045486
v -0.101296 -1.041106 -0.009163
v -0.097502 -1.039479 0.028470
v -0.079463 -1.039422 0.062206
v -0.049144 -1.039490 0.086898
v -0.008489 -1.019066 0.097447
v 0.026469 -0.976237 0.131191
v 0.063525 -0.976101 0.118499
v 0.105231 -0.976358 0.084343
v 0.123952 -0.976237 0.051188
v 0.133401 -0.975570 0.013967
v 0.131564 -0.976237 -0.026095
v 0.120277 -0.976251 -0.060607
v 0.094957 -0.976237 -0.094583
v 0.061848 -0.976425 -0.119445
v 0.026469 -0.976237 -0.131190
v -0.003688 -1.039590 -0.097579
v 0.007285 -0.927161 0.088668
v 0.049601 -0.927382 0.074910
v 0.082552 -0.927689 0.035766
v 0.088674 -0.927433 -0.015291
v 0.070099 -0.927466 -0.055204
v 0.043085 -0.927301 -0.078018
v 0.005241 -0.926666 -0.089088
v -0.031834 -0.926967 -0.083616
v -0.067369 -0.927371 -0.057617
v -0.087324 -0.924788 -0.018459
v -0.084770 -0.927414 0.025813
v -0.068409 -0.927471 0.056439
v -0.033172 -0.930031 0.083407
v -0.015557 -0.112310 0.088197
v 0.027033 -0.112710 0.084856
v 0.065297 -0.112575 0.061771
v 0.088673 -0.112575 0.015292
v 0.082557 -0.112310 -0.035753
v 0.056453 -0.112574 -0.069052
v 0.025760 -0.112574 -0.085256
v -0.017757 -0.112626 -0.087784
v -0.063911 -0.112884 -0.062444
v -0.087823 -0.112310 -0.015931
v -0.084618 -0.112574 0.026259
v -0.062071 -0.112884 0.064285
v 0.010428 -0.091462 0.107498
v 0.050371 -0.091850 0.095288
v 0.082469 -0.091647 0.069819
v 0.106322 -0.091690 0.023829
v 0.101303 -0.092063 -0.040099
v 0.069186 -0.091688 -0.082977
v 0.032194 -0.091688 -0.102994
v 0.000374 -0.091631 -0.107310
v -0.042117 -0.092034 -0.099621
v -0.089499 -0.091751 -0.061008
v -0.106849 -0.091688 -0.011115
v -0.102941 -0.091688 0.030763
v -0.077766 -0.091368 0.075430
v -0.032714 -0.091647 0.102565
v 0.023575 -0.073997 0.106103
v 0.069988 -0.074298 0.082279
v 0.096084 -0.074100 0.049560
v 0.107779 -0.074298 0.008955
v 0.103095 -0.074100 -0.032633
v 0.082652 -0.074298 -0.069614
v 0.050161 -0.074168 -0.095598
v 0.011399 -0.074102 -0.107043
v -0.030968 -0.074210 -0.103318
v -0.069241 -0.074298 -0.082278
v -0.095337 -0.074100 -0.049559
v -0.108213 -0.074349 0.002290
v -0.094007 -0.074100 0.052047
v -0.066743 -0.074298 0.084329
v -0.029806 -0.074168 0.103475
v -0.007734 -0.067148 0.095056
v 0.029432 -0.067324 0.090865
v 0.068163 -0.066919 0.067790
v 0.094370 -0.067176 0.020193
v 0.089747 -0.067176 -0.035432
v 0.061686 -0.067208 -0.073095
v 0.029432 -0.067324 -0.090864
v -0.016030 -0.067231 -0.094720
v -0.059178 -0.067148 -0.074530
v -0.083076 -0.067324 -0.046226
v -0.096050 -0.067228 0.000001
v -0.078203 -0.067231 0.055380
v -0.043330 -0.067324 0.084799
v 0.008058 -0.049842 0.095085
v 0.043860 -0.049842 0.084907
v 0.074248 -0.049842 0.060628
v 0.095098 -0.049850 0.016404
v 0.088248 -0.049850 -0.038986
v 0.059589 -0.049842 -0.074790
v 0.016777 -0.049850 -0.094724
v -0.038613 -0.049850 -0.087874
v -0.074417 -0.049842 -0.059215
v -0.091353 -0.049794 -0.026205
v -0.093720 -0.049955 0.018400
v -0.074417 -0.049842 0.059216
v -0.038613 -0.049850 0.087875
v 0.014780 -0.039395 0.123946
v 0.059371 -0.039477 0.109738
v 0.095533 -0.039332 0.080719
v 0.119224 -0.039478 0.038026
v 0.124618 -0.039390 0.000001
v 0.116391 -0.039543 -0.047616
v 0.081213 -0.039395 -0.095053
v 0.036661 -0.039395 -0.119622
v -0.011838 -0.039395 -0.123990
v -0.056509 -0.039395 -0.111060
v -0.102645 -0.039553 -0.072113
v -0.125355 -0.039464 -0.002496
v -0.110491 -0.039436 0.057280
v -0.080344 -0.039332 0.095160
v -0.035913 -0.039395 0.119623
v 0.010969 0.312412 0.124339
v 0.047920 0.312363 0.114787
v 0.081212 0.312368 0.095054
v 0.111346 0.312296 0.057062
v 0.124328 0.312461 0.012578
v 0.119996 0.312368 -0.036286
v 0.095558 0.312296 -0.080688
v 0.057584 0.312463 -0.110897
v 0.012585 0.312368 -0.123990
v -0.035721 0.312295 -0.119680
v -0.090195 0.312444 -0.087243
v -0.123402 0.312444 -0.022222
v -0.118497 0.312463 0.037964
v -0.094680 0.312368 0.080840
v -0.047160 0.312537 0.116051
v 0.007663 0.326293 0.090208
v 0.049143 0.326292 0.077073
v 0.083743 0.326292 0.036989
v 0.090242 0.326292 -0.015562
v 0.065063 0.326292 -0.064689
v 0.015936 0.326292 -0.089868
v -0.035354 0.326356 -0.083769
v -0.069948 0.326259 -0.057138
v -0.089495 0.326292 -0.015562
v -0.080630 0.326290 0.043298
v -0.036615 0.326292 0.083370
v -0.010446 0.336737 0.107549
v 0.031747 0.336859 0.103424
v 0.068918 0.336625 0.083522
v 0.095595 0.336737 0.051154
v 0.109126 0.336839 0.001699
v 0.091635 0.336845 -0.059751
v 0.051128 0.336737 -0.095434
v 0.001756 0.336643 -0.108732
v -0.050652 0.336742 -0.095460
v -0.083021 0.336742 -0.068440
v -0.103208 0.336742 -0.031420
v -0.106990 0.336742 0.010575
v -0.095087 0.336742 0.051026
v -0.058885 0.336643 0.091177
v 0.017724 0.350570 0.087226
v 0.062365 0.350659 0.063945
v 0.084480 0.350701 0.026904
v 0.088093 0.350677 -0.015190
v 0.063516 0.350677 -0.063142
v 0.025625 0.350641 -0.084561
v -0.015131 0.350724 -0.087600
v -0.054462 0.350674 -0.069258
v -0.081002 0.350677 -0.036103
v -0.086443 0.350683 0.023687
v -0.042531 0.350757 0.079412
v 0.000374 0.357638 0.112071
v 0.032469 0.357696 0.107926
v 0.072962 0.357647 0.086208
v 0.093557 0.357638 0.062263
v 0.108535 0.357579 0.031201
v 0.112257 0.357586 -0.011071
v 0.100538 0.357667 -0.051249
v 0.073293 0.357635 -0.085740
v 0.043261 0.357638 -0.103539
v 0.012105 0.357696 -0.111982
v -0.031619 0.357578 -0.107919
v -0.061890 0.357638 -0.093182
v -0.086273 0.357696 -0.071905
v -0.103166 0.357638 -0.042887
v -0.111619 0.357696 -0.011648
v -0.109543 0.357638 0.021865
v -0.098851 0.357617 0.053097
v -0.071532 0.357696 0.086648
v -0.032890 0.357589 0.107572
v 0.043259 5.073218 0.103542
v 0.072370 5.073227 0.086635
v 0.079618 3.129870 0.079247
v 0.094218 3.307799 0.061233
v 0.089292 3.116360 -0.068733
v 0.062635 3.129870 -0.093182
v -0.092812 5.073218 -0.062261
v -0.107538 5.073421 -0.032144
v -0.111652 5.073152 0.010737
v -0.099100 5.073272 0.052892
v -0.070851 5.073195 0.087212
v -0.032056 5.073195 0.107830
v 0.014579 5.072890 0.111537
v 0.100709 5.073106 0.051094
v 0.112754 5.073078 0.008027
v 0.110288 5.073218 -0.021862
v 0.098054 5.073221 -0.055916
v 0.070943 5.072867 -0.087274
v 0.034665 5.073065 -0.107172
v -0.008960 5.073065 -0.112138
v -0.042516 5.073218 -0.103537
v -0.071193 5.073526 -0.087348
v 0.011709 5.083602 0.122466
v 0.057711 5.083602 0.108805
v 0.086945 5.083667 0.086576
v 0.108495 5.083602 0.058613
v 0.122581 5.083838 0.013642
v 0.118247 5.083650 -0.035755
v 0.094407 5.083838 -0.079235
v 0.057710 5.083602 -0.108801
v 0.011709 5.083602 -0.122462
v -0.036019 5.083602 -0.117478
v -0.067649 5.083667 -0.101798
v -0.095155 5.083602 -0.077462
v -0.117112 5.083238 -0.035636
v -0.122093 5.083602 0.011340
v -0.108432 5.083602 0.057341
v -0.078207 5.083602 0.094614
v -0.036019 5.083602 0.117483
v 0.027053 5.108238 0.121013
v 0.089925 5.107932 0.085652
v 0.118496 5.108095 0.034189
v 0.121575 5.108370 -0.024107
v 0.096646 5.107976 -0.076494
v 0.060228 5.108051 -0.107407
v 0.014568 5.108051 -0.122137
v -0.033629 5.108150 -0.118172
v -0.085279 5.107932 -0.089552
v -0.117508 5.108051 -0.035756
v -0.121796 5.107976 0.013987
v -0.107232 5.108150 0.059522
v -0.076126 5.107976 0.096277
v -0.033815 5.108095 0.118127
v 0.010171 5.118524 0.099502
v 0.076133 5.118520 0.065836
v 0.100503 5.118595 -0.019915
v 0.053485 5.118503 -0.083935
v -0.009429 5.118521 -0.099505
v -0.082414 5.118567 -0.058964
v -0.097903 5.118500 0.009681
v -0.069353 5.118546 0.074022
v 0.084425 1.410252 -0.073388
v 0.095654 1.445518 -0.058683
v 0.092251 1.370396 -0.064361
v 0.094455 1.434438 0.060868
v 0.094404 1.372099 0.060900
v 0.088305 1.403239 0.068663
v 0.103730 1.456837 0.043349
v 0.103730 1.349642 0.043350
v 0.112643 1.472914 0.011179
v 0.110526 1.336691 0.020598
v 0.111885 1.332923 -0.014073
v 0.108091 1.467795 -0.032026
v 0.102589 1.348374 -0.046222
v 0.091068 1.638469 -0.065985
v 0.095710 1.563600 -0.058414
v 0.085828 1.592418 -0.071679
v 0.094493 1.637425 0.060876
v 0.094492 1.575057 0.060877
v 0.088305 1.606241 0.068663
v 0.103730 1.659838 0.043349
v 0.103719 1.552641 0.043347
v 0.112555 1.675872 0.011408
v 0.112590 1.536648 0.011613
v 0.108281 1.670878 -0.031845
v 0.108257 1.541362 -0.031318
v 0.077238 1.836547 -0.081370
v 0.081542 1.797608 -0.077120
v 0.088635 1.870329 -0.069306
v 0.101020 1.761411 -0.049743
v 0.094405 1.874897 0.061006
v 0.094374 1.777882 0.060994
v 0.081873 1.842049 0.076500
v 0.083437 1.804567 0.074594
v 0.108291 1.899513 0.031565
v 0.108156 1.753381 0.031786
v 0.112079 1.746598 -0.010364
v 0.111883 1.906128 -0.011058
v 0.104322 1.895433 -0.041916
v 0.082129 2.083309 -0.076601
v 0.088800 2.008346 -0.069132
v 0.077100 2.042514 -0.081411
v 0.094932 2.102261 0.060125
v 0.093556 2.006371 0.062264
v 0.092215 2.008362 0.063898
v 0.083437 2.030690 0.074594
v 0.081873 2.068171 0.076500
v 0.108314 2.125511 0.031719
v 0.108149 1.979393 0.031415
v 0.097966 1.996317 0.054013
v 0.110290 1.975829 -0.021863
v 0.111821 2.132330 -0.010234
v 0.110701 1.974565 -0.017695
v 0.112407 1.973073 -0.001094
v 0.101359 2.117955 -0.049429
v 0.103913 1.984583 -0.042886
v 0.107031 1.979087 -0.032605
v 0.102063 1.986432 -0.046347
v 0.079566 2.328620 -0.079297
v 0.079567 2.250332 -0.079298
v 0.100149 2.360313 -0.052769
v 0.099969 2.218578 -0.052680
v 0.067363 2.289475 -0.089303
v 0.080701 2.257760 0.078023
v 0.072700 2.289476 0.084925
v 0.091889 2.234721 0.064735
v 0.082623 2.327652 0.075736
v 0.099151 2.356629 0.053190
v 0.108128 2.209853 0.032939
v 0.109986 2.372056 0.023500
v 0.112035 2.202807 -0.010814
v 0.111768 2.376148 -0.010774
v 0.079567 2.557729 -0.079298
v 0.079567 2.479441 -0.079298
v 0.099969 2.589483 -0.052679
v 0.100054 2.447699 -0.052697
v 0.067363 2.518585 -0.089303
v 0.078089 2.542558 0.080867
v 0.082533 2.480798 0.075928
v 0.073903 2.510103 0.083938
v 0.091889 2.573340 0.064735
v 0.108128 2.598208 0.032939
v 0.098828 2.451458 0.053221
v 0.109950 2.436003 0.023494
v 0.112035 2.605253 -0.010815
v 0.112035 2.431916 -0.010814
v 0.081624 2.814583 -0.077133
v 0.100751 2.850311 -0.050447
v 0.088605 2.741821 -0.069256
v 0.077100 2.775818 -0.081411
v 0.094373 2.834337 0.060995
v 0.094373 2.737307 0.060995
v 0.081873 2.801474 0.076500
v 0.083437 2.763994 0.074594
v 0.108318 2.859164 0.031070
v 0.108341 2.712728 0.031613
v 0.111883 2.865554 -0.011058
v 0.111821 2.706012 -0.010233
v 0.104300 2.716782 -0.041909
v 0.077145 3.081631 -0.081415
v 0.081592 3.042897 -0.077141
v 0.095186 3.122119 0.059731
v 0.094405 3.023139 0.061006
v 0.083437 3.093468 0.074595
v 0.081873 3.055987 0.076500
v 0.108156 2.998624 0.031786
v 0.112014 2.991762 -0.009540
v 0.101019 3.006654 -0.049742
v 0.108155 3.144654 0.031789
v 0.112014 3.151516 -0.009541
v 0.104066 3.140422 -0.042528
v 0.081873 3.371672 0.076500
v 0.094474 3.404636 0.060913
v 0.083437 3.334191 0.074595
v 0.108107 3.428890 0.032107
v 0.108290 3.282904 0.031566
v 0.112384 3.435463 -0.000994
v 0.107638 3.429415 -0.034392
v 0.111883 3.276288 -0.011058
v 0.104322 3.286984 -0.041915
v 0.094650 3.409713 -0.060650
v 0.087784 3.313333 -0.070210
v 0.081711 3.384829 -0.077111
v 0.077126 3.346023 -0.081413
v 0.022464 4.053955 -0.109868
v 0.012137 3.884267 -0.112157
v -0.013558 4.029760 -0.111546
v -0.032464 3.919840 -0.107197
v -0.045330 3.995004 -0.102444
v -0.056213 3.956534 -0.096216
v 0.111398 4.014015 -0.016756
v 0.112164 3.929031 -0.010031
v 0.112248 3.976303 -0.001968
v 0.104448 4.043313 -0.041607
v 0.104428 3.889539 -0.041562
v 0.088090 3.870046 -0.070012
v 0.087089 4.063268 -0.071171
v 0.056224 3.866860 -0.097894
v 0.056913 4.066152 -0.097097
v 0.022463 4.377436 -0.109868
v 0.012359 4.207608 -0.112105
v -0.013557 4.353244 -0.111546
v -0.031076 4.241990 -0.107572
v -0.045330 4.318485 -0.102444
v -0.056213 4.280014 -0.096216
v 0.110581 4.344916 -0.020589
v 0.111860 4.262291 -0.005906
v 0.112248 4.299785 -0.001968
v 0.107978 4.220455 -0.032565
v 0.098008 4.377695 -0.055782
v 0.086898 4.193048 -0.070979
v 0.080301 4.388394 -0.078514
v 0.056913 4.389632 -0.097097
v 0.056128 4.190343 -0.097809
v 0.022504 4.767608 -0.109864
v 0.012085 4.597949 -0.112199
v -0.013082 4.743726 -0.111643
v -0.032605 4.633473 -0.107048
v -0.045466 4.708544 -0.102344
v -0.056213 4.670168 -0.096216
v 0.111327 4.727304 -0.016431
v 0.112338 4.642493 -0.010329
v 0.112248 4.689937 -0.001967
v 0.104455 4.756898 -0.041535
v 0.104409 4.603075 -0.041699
v 0.087458 4.776711 -0.070672
v 0.086897 4.583201 -0.070980
v 0.055875 4.779555 -0.098005
v 0.056128 4.580496 -0.097809
v 0.105485 1.134414 0.038864
v 0.102115 1.069593 0.046510
v 0.098026 1.102078 0.053902
v 0.108628 1.050275 0.029048
v 0.112359 1.151415 0.009907
v 0.112444 1.041216 0.002167
v 0.110554 1.148881 -0.020446
v 0.110621 1.044178 -0.020300
v 0.104056 1.135157 -0.042519
v 0.102380 1.061834 -0.046538
v 0.095685 1.102078 -0.058281
v 0.095432 -1.212038 -0.063401
v 0.121215 -1.132882 -0.026240
v 0.124899 -1.125006 -0.003167
v -0.016755 3.465947 -0.164101
v -0.008827 0.387731 -0.186354
v -0.013701 3.465851 -0.182432
v 0.009690 0.387133 -0.185545
v 0.004020 3.465947 -0.187928
v 0.017913 0.387556 -0.170738
v 0.014795 3.466031 -0.179824
v 0.017551 3.466002 -0.168233
v 0.008873 0.387199 -0.154573
v 0.009507 3.465947 -0.155270
v -0.007897 0.387267 -0.154632
v -0.005611 3.466003 -0.153684
v -0.018038 0.387453 -0.168123
v -0.020804 0.378264 -0.178361
v -0.006679 0.377627 -0.191639
v 0.010299 0.378571 -0.189731
v 0.023483 0.371155 -0.166030
v 0.017159 0.370769 -0.153679
v 0.004335 0.370399 -0.146824
v -0.009776 0.370586 -0.148564
v -0.020896 0.370991 -0.158579
v -0.015439 0.368232 -0.188822
v 0.001981 0.367871 -0.194243
v 0.016311 0.368059 -0.187607
v 0.022955 0.370468 -0.177660
v -0.023715 0.368050 -0.172799
v -0.005227 0.352739 -0.188111
v 0.008835 0.352828 -0.186812
v 0.017834 0.352829 -0.175415
v 0.014445 0.352684 -0.158136
v -0.000345 0.352763 -0.152176
v -0.013182 0.352764 -0.157281
v -0.018274 0.352681 -0.176007
v 0.008327 0.348750 -0.179961
v 0.003568 0.348898 -0.158703
v -0.012327 0.348852 -0.171677
v 0.011797 3.479089 -0.191901
v -0.014719 3.478084 -0.189683
v -0.001957 3.478729 -0.194375
v 0.024144 3.477612 -0.174183
v 0.019824 3.478900 -0.156591
v 0.009752 3.478494 -0.148541
v -0.005356 3.478043 -0.147147
v -0.016964 3.479809 -0.152992
v -0.024043 3.476736 -0.167759
v -0.023899 3.494238 -0.162686
v -0.024624 3.493425 -0.176328
v -0.016952 3.494099 -0.189270
v -0.000201 3.494332 -0.195333
v 0.019235 3.493816 -0.187794
v 0.025056 3.494238 -0.168501
v 0.018014 3.494317 -0.153323
v 0.003070 3.494133 -0.145417
v -0.013506 3.494397 -0.149583
v -0.012452 3.505760 -0.168045
v 0.009152 3.503152 -0.156765
v -0.011110 3.505832 -0.176657
v -0.000000 3.505666 -0.183882
v 0.010166 3.505827 -0.177726
v 0.012691 3.505828 -0.168434
v -0.004471 3.505948 -0.158150
v 0.012665 1.392771 -0.176239
v 0.109298 1.392771 -0.070877
v 0.012665 1.410313 -0.176238
v 0.109298 1.410313 -0.070877
v 0.028413 1.392771 -0.183400
v 0.126464 1.392771 -0.068729
v 0.028413 1.410313 -0.183400
v 0.126464 1.410313 -0.068729
v 0.009742 1.597308 -0.176238
v 0.109298 1.597309 -0.070876
v 0.009742 1.614851 -0.176238
v 0.109298 1.614851 -0.070876
v 0.025490 1.597308 -0.183400
v 0.126464 1.597309 -0.068729
v 0.025490 1.614851 -0.183400
v 0.126464 1.614851 -0.068729
v 0.002920 1.817059 -0.176238
v 0.109298 1.817059 -0.070876
v 0.002920 1.834601 -0.176238
v 0.118379 1.834601 -0.069637
v 0.018668 1.817059 -0.183400
v 0.126464 1.817059 -0.068729
v 0.018668 1.834601 -0.183400
v 0.002920 2.046364 -0.176238
v 0.109298 2.046364 -0.070876
v 0.002920 2.063906 -0.176238
v 0.118379 2.063906 -0.069637
v 0.018668 2.046364 -0.183400
v 0.126464 2.046364 -0.068729
v 0.018668 2.063906 -0.183400
v 0.002920 2.281507 -0.176238
v 0.109298 2.281507 -0.070876
v 0.002920 2.299049 -0.176238
v 0.118379 2.299049 -0.069637
v 0.018668 2.281507 -0.183400
v 0.126464 2.281507 -0.068728
v 0.018668 2.299049 -0.183400
v 0.002920 2.508077 -0.176238
v 0.109298 2.508077 -0.070876
v 0.002920 2.525619 -0.176238
v 0.118379 2.525619 -0.069636
v 0.018668 2.508077 -0.183400
v 0.126464 2.508077 -0.068728
v 0.018668 2.525619 -0.183400
v 0.002920 2.779961 -0.176238
v 0.109298 2.779962 -0.070876
v 0.002920 2.797504 -0.176238
v 0.118379 2.797504 -0.069636
v 0.018668 2.779961 -0.183400
v 0.126464 2.779962 -0.068728
v 0.018668 2.797504 -0.183400
v 0.002920 3.065317 -0.176238
v 0.109298 3.065317 -0.070876
v 0.002920 3.082859 -0.176238
v 0.118379 3.082859 -0.069636
v 0.018668 3.065317 -0.183400
v 0.126464 3.065317 -0.068728
v 0.018668 3.082859 -0.183400
v 0.002920 3.350485 -0.176238
v 0.109298 3.350485 -0.070876
v 0.002920 3.368027 -0.176238
v 0.118379 3.368027 -0.069636
v 0.018668 3.350485 -0.183400
v 0.126464 3.350485 -0.068728
v 0.018668 3.368027 -0.183400
v 0.012665 1.090375 -0.176239
v 0.094220 1.090375 -0.052871
v 0.012665 1.107918 -0.176239
v 0.094220 1.107918 -0.052871
v 0.028413 1.090375 -0.183400
v 0.111386 1.090375 -0.050723
v 0.028413 1.107918 -0.183400
v 0.111386 1.107918 -0.050723
v -0.014941 3.422916 -0.125433
v -0.013500 0.649118 -0.140357
v -0.003258 0.648469 -0.147030
v 0.007251 0.648765 -0.145771
v 0.009048 0.648674 -0.118332
v 0.015182 3.422961 -0.126862
v -0.007200 0.649008 -0.117004
v -0.015379 0.648337 -0.128220
v 0.012175 0.625033 -0.150359
v 0.016169 0.649730 -0.133371
v -0.021388 0.625115 -0.139834
v -0.004105 0.624748 -0.154147
v 0.022513 0.624755 -0.135316
v 0.014459 0.624696 -0.113386
v -0.008692 0.624791 -0.110667
v -0.020575 0.624876 -0.122853
v -0.007102 0.609610 -0.142201
v 0.009232 0.609769 -0.139648
v 0.009157 0.609638 -0.122465
v -0.009987 0.609691 -0.123880
v 0.003703 0.607873 -0.133924
v -0.005004 0.608158 -0.128510
v -0.013906 3.422918 -0.139348
v -0.002870 3.422830 -0.147454
v 0.012773 3.422678 -0.141734
v 0.007483 3.422925 -0.117577
v -0.004478 3.422810 -0.116423
v -0.023016 3.438338 -0.141155
v -0.007451 3.438485 -0.155246
v 0.009633 3.438267 -0.154097
v 0.020509 3.438453 -0.144868
v 0.024540 3.438226 -0.129552
v 0.013977 3.438324 -0.110703
v -0.009533 3.438338 -0.108606
v -0.022639 3.438363 -0.122244
v -0.022248 3.449049 -0.133813
v -0.014482 3.449237 -0.148704
v -0.000376 3.448900 -0.153862
v 0.015558 3.449180 -0.148138
v 0.022027 3.449670 -0.125378
v 0.006345 3.448920 -0.109975
v -0.015114 3.449384 -0.114322
v -0.006614 3.461684 -0.142190
v 0.004280 3.464821 -0.139681
v 0.011516 3.461750 -0.136392
v 0.001573 3.461494 -0.119235
v -0.008781 3.464780 -0.134319
v 0.007761 3.464660 -0.126728
v -0.004968 3.464817 -0.123811
v 0.000289 0.376993 -0.167085
v 0.008609 0.368279 -0.067189
v 0.008202 0.369386 -0.167085
v 0.004070 0.360884 -0.067189
v 0.004558 0.360699 -0.167085
v -0.004558 0.360699 -0.067189
v -0.004070 0.360884 -0.167085
v -0.008609 0.368279 -0.167085
v -0.008202 0.369386 -0.067189
v -0.000289 0.376993 -0.067189
v 0.000289 0.636622 -0.130413
v 0.008105 0.629503 -0.081220
v 0.005008 0.620629 -0.081220
v 0.008435 0.628206 -0.130413
v 0.004412 0.620586 -0.130413
v -0.004412 0.620586 -0.081220
v -0.005008 0.620629 -0.130413
v -0.008435 0.628206 -0.081220
v -0.008105 0.629503 -0.130413
v -0.000289 0.636622 -0.081220
v 0.001470 3.490599 -0.067188
v 0.008497 3.483144 -0.167084
v 0.008497 3.480316 -0.067188
v 0.001469 3.472862 -0.167084
v -0.001469 3.472862 -0.067188
v -0.008497 3.480316 -0.167084
v -0.008497 3.483144 -0.067188
v -0.001470 3.490599 -0.167084
v 0.001470 3.450701 -0.099314
v 0.008497 3.443246 -0.124662
v 0.008497 3.440418 -0.099314
v 0.001469 3.432963 -0.124662
v -0.001469 3.432963 -0.099314
v -0.008497 3.440418 -0.124662
v -0.008497 3.443246 -0.099314
v -0.001470 3.450701 -0.124662
v 0.095345 3.751246 0.087210
v 0.094116 4.794269 0.096772
v 0.105907 3.751125 0.077136
v 0.101989 4.794207 0.078058
v 0.119863 3.751155 0.078150
v 0.125330 4.794207 0.081100
v 0.128964 3.751053 0.098048
v 0.127605 4.794245 0.102882
v 0.107616 4.794207 0.111873
v 0.096675 3.751187 0.102853
v 0.108420 3.745036 0.069957
v 0.131359 3.745023 0.080249
v 0.135691 3.745458 0.092066
v 0.131971 3.745506 0.106182
v 0.094880 3.748228 0.108587
v 0.092202 3.745116 0.079522
v 0.121525 3.745534 0.072159
v 0.122625 3.745338 0.115098
v 0.109399 3.744908 0.117563
v 0.093749 3.744566 0.109490
v 0.088017 3.745261 0.093557
v 0.116154 3.739273 0.075041
v 0.128319 3.738470 0.088649
v 0.124252 3.738438 0.105445
v 0.113082 3.739330 0.112733
v 0.094897 3.738780 0.100784
v 0.098433 3.738664 0.082664
v 0.089204 4.797901 0.086799
v 0.100752 4.797839 0.073121
v 0.135203 4.797733 0.089519
v 0.118807 4.797901 0.116402
v 0.090386 4.797749 0.102672
v 0.086555 4.803462 0.093432
v 0.112601 4.799301 0.069401
v 0.124453 4.798723 0.073287
v 0.136668 4.803343 0.089188
v 0.131008 4.798691 0.108345
v 0.100197 4.798428 0.114853
v 0.091001 4.803259 0.079451
v 0.098819 4.803504 0.072246
v 0.113564 4.803876 0.068724
v 0.130374 4.803562 0.076804
v 0.135580 4.803784 0.102701
v 0.121129 4.803462 0.117269
v 0.105965 4.803713 0.118376
v 0.090620 4.803357 0.107515
v 0.098458 4.807693 0.089747
v 0.114106 4.807712 0.080121
v 0.124972 4.807925 0.092941
v 0.109903 4.807918 0.107561
v 0.095089 4.542305 0.086759
v 0.127651 3.751137 0.086481
v 0.122186 3.751106 0.107827
v 0.108514 3.751078 0.111445
v 0.100020 4.548949 0.075732
v 0.116091 4.548897 0.072256
v 0.131935 4.548897 0.084748
v 0.131086 4.548897 0.104105
v 0.119550 4.548897 0.113897
v 0.104901 4.548897 0.114448
v 0.093606 4.548897 0.105316
v 0.090280 4.548806 0.089145
v 0.100201 4.555278 0.080445
v 0.113274 4.555400 0.076169
v 0.126658 4.555338 0.083758
v 0.128830 4.555169 0.098630
v 0.120582 4.555278 0.109162
v 0.107149 4.555278 0.110869
v 0.097494 4.555255 0.103886
v 0.094156 4.555278 0.092562
v 0.107359 4.541841 0.076694
v 0.120353 4.542281 0.078210
v 0.128163 4.542026 0.087509
v 0.128532 4.541928 0.099522
v 0.121166 4.542026 0.108616
v 0.108222 4.541957 0.111365
v 0.095971 4.541883 0.101594
v 0.120478 3.959253 -0.031282
v 0.102849 3.959253 0.075702
v 0.120478 3.976794 -0.031282
v 0.102849 3.976795 0.075702
v 0.136190 3.959253 -0.038522
v 0.116502 3.959253 0.086326
v 0.136190 3.976794 -0.038522
v 0.116502 3.976795 0.086326
v 0.120478 4.274450 -0.031282
v 0.102849 4.274450 0.075702
v 0.120478 4.291992 -0.031282
v 0.102849 4.291993 0.075702
v 0.136190 4.274450 -0.038522
v 0.116502 4.274450 0.086326
v 0.136190 4.291992 -0.038522
v 0.116502 4.291993 0.086326
v 0.120478 4.670629 -0.031282
v 0.102849 4.670629 0.075702
v 0.120478 4.688170 -0.031282
v 0.102849 4.688170 0.075702
v 0.136190 4.670629 -0.038522
v 0.116502 4.670629 0.086326
v 0.136190 4.688170 -0.038522
v 0.116502 4.688170 0.086326
vn -0.8133 -0.5268 0.2468
vn -0.2460 -0.5327 -0.8098
vn -0.1080 -0.5442 0.8320
vn 0.8074 -0.5367 -0.2451
vn 0.7645 -0.5251 0.3738
vn 0.2713 -0.5393 -0.7972
vn -0.5399 -0.5224 -0.6599
vn 0.6662 -0.5437 -0.5104
vn 0.6564 -0.7241 -0.2115
vn -0.6741 -0.7345 -0.0778
vn -0.7352 -0.6745 0.0679
vn -0.6022 -0.7245 0.3353
vn 0.0502 -0.6835 0.7282
vn -0.5783 -0.6833 0.4457
vn 0.3368 -0.6949 0.6354
vn 0.5879 -0.6719 0.4504
vn -0.3421 -0.6778 -0.6508
vn -0.2168 -0.8618 0.4585
vn -0.3345 -0.8510 -0.4048
vn 0.4548 -0.8739 0.1715
vn 0.4603 -0.8753 -0.1484
vn -0.4665 -0.8829 -0.0524
vn -0.8804 -0.0062 -0.4741
vn 0.7509 -0.0030 0.6604
vn 0.9578 -0.0058 -0.2875
vn -0.9947 -0.0068 -0.1026
vn -0.6332 -0.0052 -0.7740
vn 0.4710 -0.0045 0.8821
vn 0.7942 -0.0028 -0.6077
vn 0.5478 -0.8360 0.0312
vn 0.5885 -0.8084 -0.0117
vn 0.5627 -0.8065 -0.1815
vn 0.4740 -0.8081 -0.3497
vn -0.7740 -0.2028 0.5998
vn -0.7362 -0.4683 -0.4886
vn 0.9916 0.0682 0.1102
vn 0.8369 0.0813 -0.5412
vn -0.9510 -0.0063 0.3091
vn -0.7771 -0.0069 0.6293
vn -0.7462 0.0173 -0.6655
vn 0.3996 0.1139 0.9096
vn -0.0683 -0.0001 0.9977
vn 0.5980 -0.1055 -0.7945
vn -0.5473 -0.0060 0.8369
vn -0.7240 -0.0212 -0.6895
vn 0.3988 -0.1161 0.9096
vn -0.1392 0.0014 -0.9903
vn 0.9928 -0.0678 0.0987
vn -0.6079 -0.0029 0.7940
vn -0.7929 0.1914 0.5786
vn 0.4800 0.6572 0.5812
vn -0.2842 0.0720 0.9560
vn 0.6467 0.6683 0.3676
vn -0.5870 0.1213 -0.8004
vn 0.7153 0.6715 0.1936
vn 0.7026 0.7062 0.0878
vn -0.8796 0.1321 -0.4570
vn 0.7454 0.6651 -0.0452
vn 0.7050 0.6706 -0.2308
vn 0.6476 0.6996 -0.3020
vn 0.5988 0.6653 -0.4460
vn -0.0868 -0.6163 0.7827
vn -0.1460 -0.0025 -0.9893
vn 0.7650 -0.0044 0.6440
vn -0.5905 -0.0023 -0.8071
vn 0.9929 -0.0045 0.1190
vn 0.9066 -0.0038 -0.4219
vn 0.6452 -0.0022 -0.7640
vn 0.2807 -0.0026 -0.9598
vn 0.3092 -0.0030 0.9510
vn -0.3256 -0.7304 -0.6005
vn 0.0484 -0.7104 0.7022
vn 0.2229 -0.6239 0.7490
vn 0.4848 -0.6308 0.6059
vn -0.9846 -0.1485 0.0919
vn 0.7899 -0.1560 -0.5930
vn -0.8607 -0.1512 0.4862
vn 0.4727 -0.1160 -0.8736
vn 0.1340 -0.0692 -0.9886
vn 0.6180 -0.1141 0.7779
vn 0.8769 -0.1551 0.4549
vn -0.6190 -0.2054 -0.7581
vn 0.3524 0.8278 -0.4365
vn 0.1564 0.8367 -0.5248
vn 0.0376 0.9061 -0.4215
vn -0.2577 0.8319 0.4914
vn -0.0525 0.8180 -0.5729
vn -0.1255 0.8987 0.4202
vn 0.4462 0.8189 0.3609
vn -0.0316 0.8069 0.5898
vn 0.2720 0.1016 0.9569
vn 0.0832 -0.1572 -0.9841
vn 0.6208 0.1047 0.7770
vn -0.1513 0.1364 0.9790
vn -0.4163 -0.1908 -0.8890
vn -0.7599 -0.1008 -0.6422
vn -0.9527 -0.1448 -0.2671
vn -0.8994 0.1020 0.4251
vn -0.0996 -0.9336 -0.3441
vn -0.3030 -0.9528 -0.0195
vn -0.2813 -0.9500 0.1357
vn -0.1965 -0.9494 0.2452
vn -0.1783 -0.9300 0.3214
vn 0.9901 -0.0042 0.1404
vn -0.9506 -0.0121 -0.3101
vn 0.8032 -0.0084 -0.5957
vn -0.9704 -0.0088 0.2413
vn 0.4829 -0.0070 -0.8756
vn -0.7824 -0.0065 0.6227
vn -0.4823 -0.0065 0.8760
vn -0.0889 0.0062 -0.9960
vn 0.6259 -0.0063 0.7799
vn -0.2780 -0.0071 -0.9605
vn 0.8744 -0.0067 0.4852
vn -0.6450 -0.0100 -0.7641
vn 0.4005 -0.7969 -0.4523
vn 0.2545 0.9144 -0.3148
vn -0.2087 0.9114 -0.3547
vn 0.3816 0.9172 0.1148
vn 0.3452 0.9376 0.0427
vn 0.4021 0.9148 -0.0374
vn 0.0413 0.8464 -0.5310
vn 0.1527 -0.8135 -0.5612
vn 0.1417 -0.8829 0.4476
vn -0.3003 -0.8950 0.3299
vn 0.2649 -0.8218 0.5044
vn -0.1405 -0.8243 -0.5485
vn -0.0709 -0.8855 0.4592
vn 0.4478 -0.8924 0.0554
vn 0.5939 -0.7866 -0.1691
vn 0.3937 -0.8968 -0.2018
vn -0.5235 -0.8380 0.1540
vn -0.2102 0.7581 0.6174
vn -0.1586 0.7584 -0.6321
vn 0.4807 0.7809 0.3989
vn -0.2262 0.8460 -0.4827
vn 0.4597 0.8443 0.2754
vn 0.6082 0.7758 0.1680
vn -0.4206 0.8424 -0.3368
vn 0.5239 0.8506 0.0445
vn -0.5516 0.7780 -0.3008
vn 0.6381 0.7483 -0.1815
vn 0.4517 0.8616 -0.2315
vn -0.6300 0.7542 0.1854
vn 0.0579 0.7862 0.6153
vn -0.2001 -0.9666 -0.1601
vn -0.2542 -0.9555 -0.1499
vn -0.2399 -0.9706 -0.0217
vn 0.2191 -0.9692 -0.1123
vn -0.2894 -0.9571 0.0163
vn 0.2405 -0.9521 -0.1891
vn -0.1558 -0.9464 0.2829
vn -0.0254 -0.9533 -0.3010
vn 0.2242 -0.9552 0.1931
vn -0.9981 -0.0003 0.0618
vn 0.7352 0.0010 -0.6779
vn 0.5099 -0.0003 -0.8603
vn 0.8123 -0.0003 0.5833
vn -0.1340 -0.0000 0.9910
vn 0.8863 -0.0001 0.4632
vn 0.9655 -0.0136 0.2600
vn 0.9956 0.0336 0.0873
vn 0.9967 0.0013 -0.0807
vn -0.9653 -0.0003 -0.2612
vn 0.8719 0.0118 -0.4896
vn 0.9080 0.0020 -0.4189
vn 0.3365 -0.0051 -0.9417
vn -0.1077 0.0086 -0.9941
vn -0.0954 0.0108 -0.9954
vn -0.2723 -0.0031 -0.9622
vn -0.2710 -0.0043 -0.9626
vn 0.9614 -0.0051 -0.2750
vn 0.8558 0.0080 -0.5172
vn 0.7882 -0.0029 -0.6153
vn 0.6541 -0.0059 -0.7564
vn 0.9504 -0.0917 0.2972
vn -0.5072 -0.6421 -0.5749
vn 0.4972 -0.6148 -0.6122
vn 0.2254 -0.6105 -0.7593
vn 0.3317 -0.7511 0.5708
vn -0.0823 -0.6105 -0.7878
vn 0.9919 -0.0927 -0.0867
vn 0.2826 -0.1199 0.9517
vn 0.6047 -0.0440 0.7952
vn 0.7898 -0.0738 0.6089
vn 0.2765 0.9049 -0.3235
vn -0.1947 0.9076 0.3719
vn -0.0353 0.8923 -0.4501
vn -0.0233 0.8947 0.4461
vn 0.3816 0.8990 0.2147
vn 0.2978 0.9508 0.0855
vn 0.4408 0.8972 0.0275
vn -0.4310 0.8641 -0.2601
vn -0.0524 0.7782 -0.6259
vn -0.0653 0.4017 -0.9134
vn -0.0458 -0.2292 -0.9723
vn -0.1378 -0.9077 -0.3964
vn -0.0805 -0.9913 0.1046
vn -0.0287 -0.8724 0.4880
vn -0.0715 -0.6325 0.7713
vn -0.0009 -0.2420 0.9703
vn 0.0803 -0.1549 0.9847
vn -0.0680 0.2544 0.9647
vn -0.0538 0.6289 0.7756
vn -0.1111 0.9009 0.4195
vn 1.0000 -0.0000 -0.0000
vn 0.1097 -0.0374 -0.9933
vn -0.2173 0.6402 0.7368
vn -0.0327 -0.9295 0.3673
vn -0.1699 -0.7571 -0.6308
vn -0.1563 0.9822 0.1041
vn 0.1585 -0.9564 -0.2452
vn -0.0622 -0.9920 -0.1099
vn -0.1769 0.8562 -0.4854
vn -0.0877 -0.0122 0.9961
vn -0.1475 0.4444 -0.8836
vn -0.0615 0.7392 -0.6707
vn -0.1063 -0.8996 0.4236
vn -0.0715 -0.6325 0.7712
vn -0.0013 -0.2425 0.9702
vn -0.0679 0.2544 0.9647
vn -0.0539 0.6288 0.7757
vn -0.1083 0.9001 0.4219
vn 0.0955 -0.9849 0.1444
vn -0.0721 0.9913 0.1098
vn 0.1128 -0.9450 -0.3069
vn -0.1175 0.9330 -0.3401
vn -0.1535 -0.9875 -0.0371
vn -0.1815 0.5767 -0.7965
vn -0.0522 0.9475 -0.3156
vn -0.0543 0.7514 -0.6576
vn -0.1024 -0.9836 0.1487
vn -0.0654 -0.7795 0.6230
vn -0.2041 0.5129 0.8338
vn -0.1271 0.9356 0.3295
vn 0.1363 -0.8692 0.4753
vn -0.0832 0.9849 -0.1521
vn -0.1789 -0.7266 0.6634
vn -0.1563 -0.1041 0.9822
vn 0.1522 -0.9759 -0.1563
vn 0.0576 -0.9027 -0.4263
vn 0.1671 -0.3028 -0.9383
vn 0.1160 -0.8725 0.4747
vn -0.1901 -0.6284 0.7543
vn 0.1090 0.0684 0.9917
vn -0.1621 -0.0371 0.9861
vn 0.1180 0.9500 0.2892
vn 0.1344 0.9564 -0.2592
vn 0.0874 0.6339 -0.7685
vn 0.0257 0.2404 -0.9703
vn -0.0000 0.8819 0.4714
vn -0.0000 0.9569 0.2903
vn -0.0000 0.6344 -0.7730
vn -0.0971 0.9425 -0.3198
vn -0.0531 0.6343 -0.7712
vn -0.0345 -0.7303 -0.6823
vn -0.0809 -0.9803 0.1800
vn -0.0337 -0.8072 0.5893
vn -0.0223 -0.4390 0.8982
vn -0.0403 -0.0524 0.9978
vn -0.0579 0.4502 0.8911
vn -0.0560 0.7854 0.6164
vn -0.1641 -0.7060 0.6890
vn -0.0925 0.9399 -0.3288
vn -0.0510 0.6603 -0.7493
vn -0.0503 0.2620 -0.9637
vn -0.0339 -0.2574 -0.9657
vn -0.0511 -0.6607 -0.7489
vn -0.0938 -0.9842 0.1501
vn -0.0612 -0.8011 0.5954
vn -0.0267 -0.5092 0.8603
vn -0.0037 0.6154 0.7882
vn -0.1629 -0.0895 -0.9826
vn -0.1475 0.6463 0.7487
vn -0.1480 -0.9413 0.3034
vn -0.1599 0.9695 -0.1856
vn -0.1981 -0.5748 0.7940
vn -0.1839 0.6019 -0.7771
vn -0.1676 0.0894 0.9818
vn -0.0694 0.9976 0.0072
vn -0.1441 0.4880 0.8609
vn -0.2078 -0.1031 0.9727
vn 0.1351 0.2003 0.9704
vn 0.0544 -0.2368 -0.9700
vn 0.1066 -0.9037 0.4148
vn 0.1146 -0.9527 -0.2813
vn 0.1320 -0.4608 0.8776
vn -0.0920 0.9403 -0.3277
vn -0.0511 -0.6606 -0.7490
vn -0.0589 -0.9917 0.1145
vn -0.0073 -0.2656 0.9640
vn 0.0288 0.1527 0.9879
vn -0.0473 0.4803 0.8758
vn -0.0611 0.8011 0.5954
vn -0.0646 0.9970 0.0430
vn -0.2237 -0.5968 0.7705
vn -0.1145 0.0537 0.9920
vn -0.1527 0.1041 -0.9828
vn 0.1351 0.6956 -0.7056
vn 0.1462 0.9793 -0.1403
vn -0.1592 -0.1040 0.9818
vn 0.1121 -0.2357 -0.9653
vn 0.1073 -0.6640 -0.7400
vn 0.1496 -0.8833 0.4442
vn 0.1536 -0.9757 -0.1562
vn -0.0690 0.9368 -0.3430
vn 0.0530 -0.4890 0.8707
vn -0.0432 0.1146 -0.9925
vn -0.0445 -0.3497 -0.9358
vn -0.0541 -0.7517 -0.6572
vn -0.1007 -0.9836 0.1495
vn -0.0659 -0.7805 0.6216
vn 0.1304 -0.4508 -0.8831
vn -0.1479 0.7568 0.6367
vn -0.1271 0.5057 -0.8533
vn -0.1527 0.2799 0.9478
vn -0.1328 0.0427 -0.9902
vn -0.1126 -0.3455 -0.9316
vn -0.1394 0.2944 -0.9455
vn -0.0566 0.9977 0.0375
vn -0.2269 0.8469 -0.4809
vn 1.0000 -0.0000 0.0004
vn -0.1787 -0.9774 -0.1132
vn 0.1148 0.9416 0.3166
vn -0.1394 0.8698 0.4732
vn 0.3234 -0.6067 -0.7262
vn -0.0330 0.7454 -0.6658
vn -0.0431 -0.1145 -0.9925
vn -0.0987 -0.9831 0.1540
vn -0.0655 -0.7794 0.6231
vn 0.0382 -0.0785 0.9962
vn -0.0398 0.0524 0.9978
vn -0.0487 0.7884 0.6132
vn -0.0860 0.6226 0.7778
vn -0.1174 0.9002 0.4192
vn -0.0998 0.9913 -0.0855
vn -0.2126 0.0886 0.9731
vn -0.0732 -0.3468 -0.9351
vn 0.1342 0.8924 0.4309
vn 0.0968 0.4152 0.9046
vn -0.0567 -0.2314 0.9712
vn 0.1550 -0.3464 0.9252
vn -0.1495 -0.8686 -0.4725
vn 0.1210 -0.8720 0.4744
vn -0.1265 -0.9845 0.1217
vn 0.1476 -0.3439 0.9273
vn -0.0766 -0.7784 0.6231
vn -0.1312 -0.3859 0.9131
vn 0.1671 0.3028 0.9383
vn -0.1544 0.2448 0.9572
vn -0.1481 0.8756 -0.4598
vn 0.0608 0.9856 0.1578
vn -0.1021 0.4470 -0.8887
vn -0.0528 0.8111 -0.5825
vn 0.0544 -0.4890 0.8706
vn -0.0434 0.1152 -0.9924
vn -0.0379 -0.3350 -0.9415
vn -0.0566 -0.7469 -0.6625
vn -0.1038 -0.9841 0.1440
vn -0.0673 -0.7798 0.6224
vn -0.0646 0.8051 0.5897
vn -0.1426 -0.5139 -0.8459
vn -0.1264 0.9913 0.0373
vn 0.0936 -0.8573 0.5063
vn -0.1475 -0.8836 -0.4444
vn -0.1707 -0.7224 0.6700
vn 0.0850 0.6995 -0.7096
vn 0.0831 0.9910 -0.1050
vn -0.1452 0.7822 0.6059
vn -0.1944 0.9731 -0.1236
vn 0.1093 0.8467 0.5208
vn -0.2328 0.0899 0.9684
vn -0.0779 -0.9850 0.1541
vn 0.1368 -0.6242 0.7692
vn 0.0848 -0.8986 -0.4305
vn 0.1337 -0.9855 0.1044
vn -0.1272 -0.8992 -0.4187
vn 0.1476 -0.9621 0.2293
vn -0.1621 -0.9744 0.1560
vn 0.1586 -0.6207 0.7678
vn 0.3763 -0.5215 0.7658
vn -0.1770 0.7972 0.5772
vn 0.1024 0.9534 -0.2839
vn -0.1500 0.2013 -0.9680
vn -0.6624 0.4484 -0.6001
vn -0.7340 0.0989 -0.6719
vn 0.3161 -0.8575 0.4060
vn 0.6629 0.2862 0.6918
vn 0.5513 -0.2797 0.7861
vn -0.0049 0.9932 0.1162
vn 0.6917 -0.0000 -0.7222
vn -0.6390 0.5931 -0.4899
vn -0.7940 0.1962 -0.5753
vn 0.5820 0.4609 0.6699
vn 0.4024 0.7604 0.5098
vn 0.1458 0.9529 0.2661
vn 0.1672 -0.9429 0.2881
vn -0.1520 0.9882 -0.0189
vn 0.4104 -0.7084 0.5742
vn 0.7274 -0.5377 0.4263
vn -0.4303 0.8557 -0.2873
vn 0.3205 -0.9449 0.0672
vn 0.3029 -0.8465 0.4378
vn 0.6390 -0.6248 0.4487
vn 0.6000 -0.4688 0.6483
vn 0.6463 0.3113 0.6966
vn 0.5682 -0.2610 0.7804
vn -0.0179 0.9959 0.0889
vn -0.7891 -0.0147 -0.6141
vn -0.6937 0.5392 -0.4774
vn 0.8245 0.1380 0.5488
vn 0.0334 -0.9832 0.1797
vn 0.1507 0.9535 0.2611
vn -0.1519 0.9882 -0.0188
vn 0.7414 -0.3968 0.5413
vn -0.6620 0.4512 -0.5985
vn -0.7340 0.0982 -0.6720
vn 0.3068 -0.8627 0.4021
vn 0.6644 0.2840 0.6913
vn 0.6699 -0.2296 0.7061
vn -0.0154 0.9925 0.1212
vn -0.7091 0.4306 -0.5583
vn -0.8082 0.0147 -0.5887
vn 0.3619 0.7559 0.5455
vn -0.0075 0.9844 0.1756
vn 0.6138 -0.6916 0.3808
vn -0.2973 0.9415 -0.1588
vn 0.5031 -0.6166 0.6056
vn -0.5454 0.7371 -0.3989
vn -0.1226 0.9896 -0.0753
vn 0.0887 0.7405 -0.6661
vn -0.1273 0.4527 -0.8825
vn -0.1244 -0.2970 -0.9468
vn -0.1451 -0.8414 -0.5206
vn -0.0671 -0.9899 -0.1251
vn -0.2139 -0.1789 -0.9603
vn -0.1731 -0.9819 0.0774
vn -0.1078 -0.6579 0.7453
vn 0.0311 -0.5179 0.8549
vn -0.1353 -0.8193 -0.5572
vn -0.1064 -0.8696 -0.4821
vn -0.1075 -0.2597 0.9597
vn -0.2170 -0.6598 0.7195
vn -0.2936 0.9112 0.2889
vn -0.0040 0.6535 -0.7569
vn 0.1396 0.9686 -0.2058
vn 0.0481 0.9813 0.1865
vn -0.0156 0.2062 0.9784
vn 0.2165 0.6254 0.7497
vn 0.0806 0.5034 0.8603
vn 0.1942 0.8324 -0.5190
vn 0.2520 0.8728 -0.4179
vn 0.1174 0.3855 -0.9152
vn 0.4140 0.8934 0.1746
vn 0.3335 0.6152 0.7143
vn 0.4038 0.8392 -0.3641
vn 0.1274 0.1954 -0.9724
vn 0.1686 0.2805 -0.9449
vn 0.7387 0.6588 -0.1422
vn 0.1900 0.0361 -0.9811
vn 0.6159 0.2940 0.7309
vn 0.3383 0.0861 0.9371
vn 0.9780 0.1105 0.1767
vn 0.2261 -0.0001 -0.9741
vn 0.3618 0.0439 -0.9312
vn 0.8337 0.0774 0.5468
vn 0.4699 0.0406 0.8818
vn 0.7830 0.1322 -0.6078
vn 0.6524 -0.0765 -0.7540
vn 0.5615 -0.0503 0.8259
vn 0.9298 -0.1957 -0.3118
vn 0.9393 -0.2161 -0.2664
vn 0.9289 -0.2756 0.2474
vn 0.7126 -0.3619 0.6011
vn 0.5383 -0.2828 0.7939
vn 0.8844 -0.4457 -0.1385
vn 0.3825 -0.3025 -0.8730
vn 0.6873 -0.4574 -0.5643
vn 0.7107 -0.5705 -0.4117
vn 0.2458 -0.2498 0.9366
vn 0.3776 -0.4098 -0.8304
vn 0.4088 -0.7397 0.5345
vn 0.3808 -0.5976 -0.7056
vn 0.2258 -0.7008 -0.6767
vn 0.1825 -0.5206 0.8341
vn 0.2610 -0.8767 -0.4041
vn 0.0969 0.0045 0.9953
vn 0.2455 -0.7581 0.6042
vn 0.1367 -0.9794 0.1487
vn 0.0409 -0.2276 -0.9729
vn 0.1284 -0.8175 0.5615
vn 0.0308 -0.5544 -0.8317
vn 0.0551 -0.6407 -0.7658
vn -0.8926 -0.0008 -0.4509
vn 0.0436 -0.0007 -0.9990
vn 0.8742 -0.0005 -0.4855
vn -0.0036 -0.0003 1.0000
vn -0.7993 -0.0005 0.6009
vn -0.7151 0.4393 0.5437
vn 0.9503 0.3052 -0.0612
vn -0.7136 0.6062 -0.3513
vn -0.6605 0.2329 -0.7138
vn 0.7901 0.4156 -0.4506
vn -0.9746 0.2117 0.0733
vn -0.8885 0.0033 -0.4589
vn -0.6250 0.3780 -0.6830
vn -0.9364 0.3307 0.1172
vn 0.4190 0.0565 -0.9062
vn 0.7528 0.3136 -0.5788
vn 0.8676 -0.2378 0.4368
vn -0.2932 -0.2358 -0.9265
vn 0.4592 -0.2769 0.8441
vn 0.0865 -0.4093 -0.9083
vn 0.4099 -0.2470 -0.8781
vn 0.8251 -0.3004 -0.4784
vn -0.8671 -0.2130 -0.4503
vn -0.0024 -1.0000 0.0064
vn 0.2361 -0.7675 0.5960
vn -0.1981 -0.9488 0.2461
vn 0.3674 -0.9279 0.0642
vn -0.6186 -0.7668 0.1716
vn 0.7218 -0.5295 0.4457
vn -0.5850 -0.5125 0.6285
vn 0.8073 -0.5576 -0.1933
vn -0.7994 -0.3830 0.4629
vn 0.5183 -0.5135 -0.6839
vn 0.5838 -0.3925 0.7107
vn 0.1734 -0.3777 -0.9095
vn 0.8915 -0.3798 0.2468
vn -0.4587 -0.4165 0.7850
vn -0.8005 -0.5849 -0.1303
vn 0.7872 -0.2391 -0.5685
vn 0.0954 -0.1557 0.9832
vn -0.3453 0.7615 -0.5485
vn -0.8847 -0.1231 0.4497
vn 0.9597 -0.1366 0.2457
vn -0.9985 -0.0073 0.0535
vn 0.6240 -0.0913 0.7761
vn 0.1785 -0.0803 -0.9807
vn 0.9561 0.0465 -0.2895
vn -0.2549 0.6894 -0.6780
vn 0.2809 0.6796 -0.6777
vn -0.5385 0.7314 0.4183
vn -0.6397 0.6876 -0.3434
vn 0.1675 0.9487 0.2683
vn -0.0000 1.0000 -0.0000
vn -0.5459 -0.0001 -0.8379
vn 0.1190 -0.0002 -0.9929
vn 0.8119 -0.0008 -0.5838
vn 0.9038 -0.0007 0.4279
vn -0.8080 -0.0005 0.5892
vn -0.7795 0.2986 0.5506
vn -0.9432 0.3072 -0.1263
vn 0.1063 0.2822 -0.9534
vn 0.2168 0.2285 -0.9491
vn -0.6974 0.2213 0.6816
vn -0.9727 0.2268 0.0498
vn -0.5149 0.2631 -0.8159
vn 0.7148 -0.4888 -0.5002
vn -0.6297 -0.4803 0.6106
vn 0.7487 -0.6629 -0.0018
vn 0.8271 -0.4736 0.3025
vn -0.5812 -0.4301 -0.6908
vn -0.3346 -0.9411 -0.0486
vn 0.0514 -0.9618 -0.2690
vn -0.0241 -0.9565 0.2907
vn 0.8358 -0.5345 -0.1252
vn -0.8934 -0.4490 0.0184
vn 0.2794 -0.5615 -0.7789
vn 0.5897 -0.4256 -0.6864
vn -0.8559 -0.5131 -0.0638
vn 0.0679 0.0859 -0.9940
vn 0.0889 -0.0044 0.9960
vn -0.1757 0.3810 0.9077
vn 0.6450 0.0655 -0.7614
vn -0.8739 0.3714 0.3135
vn -0.9981 0.0580 0.0198
vn -0.1548 0.5471 0.8226
vn 0.7193 0.6910 0.0714
vn -0.2689 0.5746 -0.7730
vn 0.5555 0.5821 0.5938
vn -0.0212 0.6684 -0.7435
vn 0.1180 0.8760 0.4677
vn -0.8522 0.5232 -0.0051
vn -0.0214 0.9998 -0.0020
vn 0.9221 0.3869 -0.0080
vn -0.7185 -0.6954 0.0135
vn -0.9440 0.3295 -0.0150
vn -0.0046 1.0000 0.0009
vn 0.8843 0.4669 -0.0103
vn -0.0000 -0.0000 1.0000
vn -0.8255 -0.5641 -0.0160
vn -0.5989 0.8007 -0.0176
vn 0.8255 0.5641 -0.0160
vn 0.5989 -0.8006 -0.0176
vn -0.8240 -0.5631 -0.0628
vn -0.5975 0.7988 -0.0693
vn 0.8240 0.5631 -0.0628
vn 0.5976 -0.7988 -0.0693
vn -0.8949 0.0022 -0.4464
vn -0.3108 -0.0072 -0.9504
vn 0.4932 -0.0069 -0.8699
vn 0.7873 -0.0069 0.6166
vn 0.1260 -0.0044 0.9920
vn -0.5860 -0.0023 0.8103
vn -0.9592 -0.0051 0.2827
vn -0.2644 0.8882 0.3756
vn -0.3926 0.6291 -0.6709
vn 0.5090 0.7870 0.3485
vn 0.4877 0.6980 0.5243
vn -0.2838 0.6543 0.7010
vn 0.7214 0.6665 0.1879
vn 0.6741 0.6865 -0.2724
vn 0.1592 0.7781 0.6077
vn -0.8758 0.3519 0.3305
vn -0.4370 0.3402 0.8326
vn -0.7930 -0.5503 0.2613
vn -0.6814 -0.7205 -0.1284
vn -0.0250 -0.9962 0.0837
vn -0.3690 -0.9169 -0.1522
vn 0.3635 -0.9309 -0.0363
vn -0.5072 -0.7499 -0.4248
vn 0.1610 -0.9213 0.3539
vn 0.0589 -0.8902 -0.4518
vn -0.6462 -0.7621 0.0408
vn 0.7066 -0.5022 -0.4986
vn 0.8611 -0.2510 -0.4421
vn -0.9492 -0.0937 -0.3005
vn -0.6767 -0.4648 0.5710
vn 0.9652 -0.2471 0.0858
vn -0.6489 -0.5304 -0.5455
vn -0.9428 -0.1944 0.2707
vn 0.8322 -0.5126 0.2115
vn -0.6355 -0.3250 -0.7004
vn -0.2648 -0.2347 -0.9353
vn 0.5330 -0.3431 0.7734
vn 0.0686 -0.1817 0.9810
vn -0.0861 -0.4858 0.8698
vn -0.2290 -0.0952 -0.9688
vn 0.2963 -0.2006 -0.9338
vn 0.0428 0.9259 0.3755
vn -0.2213 0.9335 0.2822
vn -0.3677 0.9208 -0.1304
vn 0.3646 0.9312 -0.0011
vn -0.2283 0.9642 0.1346
vn -0.2421 0.9424 -0.2306
vn 0.2558 -0.0006 0.9667
vn 0.8219 -0.0006 0.5696
vn 0.9936 -0.0005 -0.1127
vn 0.7305 -0.0004 -0.6829
vn -0.6902 -0.0006 -0.7236
vn -0.7983 -0.6015 0.0303
vn 0.1730 -0.5743 0.8002
vn 0.6335 -0.5737 0.5192
vn 0.8710 -0.4904 -0.0307
vn 0.6262 -0.5612 -0.5413
vn 0.1115 -0.6241 -0.7733
vn -0.5150 -0.6127 -0.5995
vn 0.5877 0.4186 0.6924
vn 0.9284 0.3694 0.0408
vn 0.5775 0.3606 -0.7324
vn -0.7376 0.4167 -0.5313
vn 0.5010 -0.5963 -0.6272
vn 0.6413 0.0047 0.7673
vn 0.7362 -0.6722 0.0779
vn -0.6964 -0.6037 -0.3881
vn 0.6306 -0.6048 0.4863
vn 0.0469 -0.6067 0.7935
vn -0.6411 -0.5945 0.4854
vn -0.3578 -0.6329 -0.6866
vn 0.0934 -0.6211 -0.7782
vn -0.8438 -0.5284 -0.0935
vn 0.7120 -0.6174 -0.3345
vn 0.3851 -0.5690 0.7265
vn -0.7677 -0.6370 0.0698
vn -0.4005 -0.5578 0.7269
vn 0.4446 -0.7000 -0.5588
vn -0.6535 -0.6616 -0.3678
vn 0.6568 -0.6860 -0.3132
vn 0.0885 -0.6882 -0.7201
vn 0.2145 -0.7373 0.6406
vn -0.3226 -0.7022 0.6347
vn 0.0033 -1.0000 0.0018
vn -0.4278 -0.7352 -0.5258
vn 0.6289 -0.7376 0.2457
vn 0.0793 -0.9080 0.4114
vn -0.3783 -0.9226 0.0761
vn 0.3114 -0.8676 -0.3877
vn -0.4000 -0.8902 0.2180
vn 0.0293 -0.9097 -0.4142
vn 0.6207 0.0020 -0.7840
vn 0.4045 -0.9144 0.0183
vn -0.2916 -0.0006 -0.9565
vn -0.2882 0.0024 0.9576
vn -0.0955 -0.0017 0.9954
vn -0.9540 0.0018 -0.2998
vn 0.1347 -0.0034 0.9909
vn -0.7776 -0.0019 0.6287
vn -0.5312 0.0005 -0.8472
vn 0.8861 0.0022 0.4635
vn 0.3140 -0.0000 -0.9494
vn 0.0588 0.0002 -0.9983
vn 0.2912 0.0050 0.9567
vn 0.8894 0.0065 -0.4571
vn -0.5061 -0.0037 0.8625
vn -0.9988 -0.0001 0.0496
vn -0.7683 0.0026 -0.6400
vn 0.9987 0.0042 0.0506
vn -0.9511 -0.0028 0.3088
vn -0.1128 0.0030 -0.9936
vn 0.3746 -0.8148 0.4424
vn 0.5333 -0.8065 0.2553
vn -0.0763 0.0158 0.9970
vn 0.3461 -0.8201 -0.4557
vn 0.4808 -0.8399 -0.2518
vn 0.1803 -0.8182 -0.5459
vn 0.1892 -0.8170 0.5447
vn -0.7783 -0.0013 -0.6279
vn 0.9384 0.0702 0.3382
vn 0.9928 0.0626 -0.1016
vn -0.9588 -0.0022 -0.2842
vn 0.9459 0.0663 -0.3176
vn -0.9950 -0.0001 0.1003
vn 0.8697 0.0830 -0.4866
vn 0.5707 0.0983 -0.8153
vn 0.8037 0.0769 -0.5901
vn 0.8265 -0.0759 0.5578
vn 0.2674 0.1065 -0.9577
vn -0.8818 0.0026 0.4715
vn -0.7402 0.0185 0.6722
vn 0.7111 0.0907 0.6972
vn 0.3293 0.0996 0.9390
vn -0.6315 0.0041 0.7754
vn 0.6416 0.0817 0.7627
vn -0.2536 0.0051 0.9673
vn 0.8268 0.0842 0.5562
vn -0.5191 -0.0004 -0.8547
vn 0.9285 -0.0743 -0.3639
vn 0.8263 -0.0798 -0.5575
vn 0.7995 -0.0765 -0.5958
vn 0.2674 -0.1081 -0.9575
vn -0.6763 -0.0279 0.7361
vn 0.3227 -0.1009 0.9411
vn -0.5842 -0.0001 -0.8116
vn 0.6311 -0.0833 0.7712
vn 0.7072 -0.0204 0.7068
vn 0.8503 -0.0796 0.5202
vn 0.9679 -0.0569 0.2447
vn 0.9977 -0.0516 -0.0449
vn 0.4429 0.6708 -0.5948
vn -0.8765 0.1107 0.4685
vn 0.2153 0.6841 -0.6969
vn 0.2279 0.6870 0.6900
vn -0.5987 0.1127 0.7930
vn -0.1461 0.0877 -0.9854
vn -0.8316 0.1067 -0.5450
vn -0.9902 0.1241 0.0645
vn -0.3036 0.0765 -0.9497
vn 0.5446 0.7059 0.4529
vn -0.1363 0.1174 0.9837
vn -0.5092 0.0933 -0.8556
vn -0.7750 0.0923 -0.6252
vn -0.9557 0.0925 -0.2795
vn -0.8894 0.0009 -0.4572
vn 0.0580 0.0032 -0.9983
vn 0.5166 0.0039 0.8562
vn -0.4572 0.0046 0.8893
vn -0.1288 -0.0030 0.9917
vn -0.4813 0.0038 -0.8766
vn 0.8934 0.0046 0.4493
vn -0.9971 -0.0008 0.0757
vn 0.9929 0.0045 -0.1189
vn -0.8602 0.0018 0.5100
vn 0.7870 0.0027 -0.6170
vn 0.6471 -0.6843 0.3362
vn 0.4669 0.0021 -0.8843
vn 0.0782 0.0028 0.9969
vn 0.7211 -0.6870 -0.0900
vn -0.5159 -0.5819 -0.6287
vn -0.6161 -0.7251 -0.3078
vn -0.7425 -0.6663 0.0693
vn -0.7395 -0.6224 -0.2564
vn 0.6018 -0.6552 -0.4565
vn -0.6556 -0.6559 0.3742
vn 0.3579 -0.6591 -0.6614
vn 0.0996 -0.6618 -0.7431
vn -0.3175 -0.7048 0.6344
vn 0.3656 -0.7100 0.6018
vn 0.9923 -0.0525 -0.1120
vn -0.1356 -0.6094 -0.7812
vn -0.9649 0.1090 -0.2391
vn -0.4601 0.0303 0.8874
vn 0.8693 0.1132 -0.4811
vn -0.9501 0.1553 0.2705
vn 0.6207 0.1153 -0.7755
vn -0.7543 0.1545 0.6380
vn 0.2815 0.1135 -0.9528
vn 0.2881 -0.1413 0.9471
vn 0.4525 0.1463 0.8797
vn -0.1764 -0.0928 -0.9799
vn -0.0492 0.1162 0.9920
vn 0.7764 0.1133 0.6199
vn -0.4188 0.8980 0.1350
vn -0.4785 0.1189 -0.8700
vn 0.9497 0.1537 0.2728
vn -0.7731 0.1448 -0.6175
vn 0.1110 -0.1029 0.9885
vn 0.3478 0.9008 -0.2599
vn 0.2390 0.8771 0.4166
vn 0.2089 0.8990 -0.3850
vn 0.0513 0.9074 0.4171
vn -0.4349 0.8199 0.3723
vn -0.2756 0.9030 0.3296
vn -0.2534 0.8524 -0.4574
vn -0.3777 0.8713 -0.3135
vn 0.3612 0.9121 0.1940
vn 0.5634 0.8109 0.1583
vn 0.4445 0.8950 -0.0369
vn -0.5187 0.8458 -0.1248
vn 0.2154 -0.9403 0.2637
vn 0.4875 0.8291 -0.2739
vn -0.6246 0.0312 0.7803
vn 0.9031 0.0551 0.4258
vn 0.5085 -0.1296 0.8512
vn -0.1196 0.2255 -0.9669
vn -0.2752 -0.0941 0.9568
vn 0.9906 0.0606 -0.1225
vn -0.6188 0.1393 -0.7731
vn -0.8851 0.1009 -0.4543
vn 0.7803 0.0333 -0.6246
vn -0.9810 0.1871 -0.0514
vn 0.4198 0.1048 -0.9016
vn -0.9336 -0.1945 0.3009
vn -0.0295 -0.9377 0.3463
vn 0.9599 0.0063 0.2802
vn 0.2865 -0.9485 0.1353
vn -0.2208 -0.9385 -0.2654
vn 0.3288 -0.9429 -0.0538
vn 0.3575 -0.9327 0.0485
vn -0.2807 -0.9491 -0.1427
vn 0.2602 -0.9428 -0.2085
vn -0.3625 -0.9246 -0.1171
vn 0.1352 -0.9475 -0.2899
vn -0.3676 -0.9254 0.0918
vn 0.1027 -0.9391 0.3278
vn -0.2812 -0.9326 0.2263
vn 0.9854 -0.0046 -0.1702
vn 0.0328 -0.9306 -0.3646
vn -0.0375 -0.9521 -0.3035
vn -0.8905 0.0119 -0.4548
vn 0.3036 -0.0038 0.9528
vn 0.8761 0.0065 -0.4822
vn -0.9966 0.0101 0.0812
vn 0.6226 0.0066 -0.7825
vn -0.8742 0.0068 0.4856
vn 0.2793 0.0072 -0.9602
vn -0.0850 -0.0020 0.9964
vn -0.5954 0.0084 0.8034
vn 0.0897 -0.0062 -0.9959
vn 0.5099 0.0042 0.8602
vn 0.7835 0.0066 0.6214
vn 0.3293 0.9264 -0.1827
vn -0.5116 0.0092 -0.8592
vn -0.3491 0.9356 0.0526
vn 0.1101 0.9312 0.3475
vn -0.3609 0.9103 0.2025
vn 0.1570 0.9389 -0.3064
vn 0.1100 0.9164 -0.3848
vn -0.2344 0.9207 0.3119
vn -0.0421 0.9305 -0.3639
vn 0.2043 0.9161 0.3450
vn 0.2983 0.9251 0.2348
vn -0.0523 0.9233 0.3806
vn -0.3454 0.9242 -0.1631
vn -0.2192 0.9342 -0.2813
vn 0.3865 -0.8666 0.3156
vn 0.2031 -0.8954 -0.3963
vn 0.0569 -0.8278 0.5581
vn -0.4086 -0.8360 0.3663
vn -0.0545 -0.8921 -0.4486
vn -0.1848 -0.8135 0.5514
vn -0.3356 -0.8519 -0.4020
vn -0.4338 -0.8778 -0.2033
vn 0.5482 -0.8231 0.1483
vn -0.1202 -0.9626 -0.2429
vn -0.5673 -0.8219 -0.0511
vn -0.4373 -0.8969 0.0658
vn 0.2722 0.8229 0.4987
vn -0.5391 0.8408 -0.0491
vn -0.0623 0.8631 0.5011
vn -0.3967 0.7853 -0.4753
vn -0.4270 0.8173 0.3870
vn 0.4313 0.7563 -0.4919
vn 0.2624 0.8453 -0.4655
vn 0.2523 -0.9597 0.1235
vn 0.1628 0.7756 -0.6099
vn 0.2709 -0.9623 0.0237
vn -0.1930 -0.9566 -0.2185
vn 0.1323 -0.9636 -0.2324
vn -0.2783 -0.9577 -0.0735
vn 0.2874 -0.9540 -0.0858
vn -0.2941 -0.9505 0.1000
vn -0.1921 -0.9685 0.1587
vn 0.0404 -0.9533 0.2994
vn 0.1281 -0.9620 0.2410
vn 0.0749 -0.9562 -0.2829
vn 0.0172 -0.9662 -0.2571
vn -0.0318 -0.9688 0.2459
vn 0.8165 0.0012 -0.5773
vn 0.7217 0.0003 -0.6922
vn 0.7285 0.0016 -0.6850
vn 0.7893 0.0014 -0.6140
vn 0.7951 0.0024 -0.6065
vn 0.7240 -0.0000 -0.6898
vn -0.9461 -0.0000 0.3239
vn 0.7823 -0.0002 -0.6229
vn -0.7721 -0.0000 0.6355
vn 0.1281 -0.0003 0.9918
vn 0.5022 -0.0000 0.8647
vn 0.2685 0.0003 0.9633
vn -0.4693 -0.0000 0.8830
vn 0.6745 -0.0004 0.7383
vn 0.7615 -0.0002 0.6482
vn 0.9048 -0.0002 0.4259
vn 0.7730 -0.0000 0.6344
vn 0.9019 -0.0038 0.4319
vn 0.8921 0.0048 0.4519
vn 0.9124 0.0024 0.4093
vn 0.9072 0.0091 0.4205
vn 0.8848 -0.0003 0.4660
vn 0.9371 0.0031 0.3490
vn -0.6575 -0.0004 -0.7535
vn 0.9631 0.0001 0.2692
vn 0.9734 -0.0036 0.2290
vn 0.9373 0.0010 0.3485
vn 0.9957 0.0007 0.0929
vn -0.7575 0.0003 -0.6528
vn 0.9960 -0.0008 0.0888
vn 0.9981 -0.0047 0.0612
vn 0.9960 0.0009 0.0888
vn 0.9916 0.0020 0.1295
vn 0.9901 0.0003 0.1404
vn -0.8984 0.0002 -0.4393
vn 0.9992 0.0077 0.0383
vn 0.9950 0.0015 -0.1002
vn 0.9954 0.0079 -0.0956
vn 0.9948 0.0073 -0.1016
vn 0.9952 -0.0228 -0.0957
vn 0.9648 0.0022 -0.2631
vn 0.9982 -0.0052 -0.0589
vn 0.9732 0.0034 -0.2299
vn 0.9609 -0.0048 -0.2767
vn 0.9613 0.0044 -0.2754
vn 0.9571 0.0012 -0.2897
vn 0.9539 -0.0005 -0.3000
vn 0.9649 0.0257 -0.2613
vn 0.9610 0.0026 -0.2766
vn -0.9954 0.0004 -0.0955
vn 0.8688 -0.0025 -0.4952
vn 0.8984 -0.0147 -0.4390
vn 0.3122 0.0047 -0.9500
vn 0.8826 0.0006 -0.4701
vn 0.4639 -0.6442 0.6082
vn 0.3129 0.0068 -0.9498
vn 0.3078 -0.0000 -0.9515
vn 0.1131 0.0043 -0.9936
vn -0.0925 -0.0000 -0.9957
vn 0.0520 -0.0081 -0.9986
vn 0.0539 -0.0110 -0.9985
vn -0.2483 0.0017 -0.9687
vn 0.7579 0.0003 0.6524
vn -0.0793 0.0004 0.9969
vn 0.9071 -0.0002 0.4209
vn -0.5094 -0.0000 -0.8605
vn 0.9042 -0.0009 0.4272
vn 0.9957 -0.0008 0.0928
vn 0.9630 0.0012 0.2694
vn 0.9918 -0.0009 0.1280
vn 0.9641 -0.0013 -0.2654
vn 0.9987 -0.0000 -0.0506
vn 0.9401 -0.0054 -0.3409
vn 0.9712 -0.0007 -0.2382
vn 0.9703 0.0030 -0.2418
vn 0.8709 0.0005 -0.4915
vn 0.8629 0.0020 -0.5053
vn 0.8621 -0.0056 -0.5067
vn 0.8952 0.0037 -0.4456
vn 0.7564 0.0055 -0.6540
vn 0.7871 -0.0013 -0.6168
vn 0.6568 0.0069 -0.7540
vn 0.6692 0.0033 -0.7431
vn 0.6518 0.0021 -0.7584
vn 0.5523 -0.7158 0.4273
vn 0.4809 0.0074 -0.8767
vn 0.5425 -0.0007 -0.8401
vn -0.1669 -0.7519 -0.6378
vn -0.0748 -0.6933 0.7168
vn -0.3434 -0.7271 -0.5944
vn 0.7033 -0.6770 0.2168
vn -0.6267 -0.7185 -0.3017
vn -0.4958 -0.7508 -0.4364
vn 0.7509 -0.6574 -0.0634
vn -0.7020 -0.7089 -0.0689
vn 0.6118 -0.7598 -0.2199
vn -0.6867 -0.6978 0.2039
vn 0.6967 -0.6055 -0.3846
vn 0.4986 -0.7569 -0.4225
vn -0.5567 -0.6973 0.4514
vn 0.3082 -0.7621 -0.5695
vn 0.2135 -0.6615 0.7189
vn -0.3434 -0.6933 0.6336
vn 0.0726 -0.7670 -0.6376
vn -0.8852 -0.0164 -0.4649
vn 0.9911 0.1221 0.0529
vn -0.9961 0.0214 -0.0858
vn 0.8765 -0.0267 -0.4807
vn -0.9523 0.0195 0.3045
vn 0.6273 -0.0202 -0.7785
vn -0.7631 0.0211 0.6459
vn 0.2846 -0.0206 -0.9584
vn -0.4588 0.0179 0.8884
vn 0.4832 0.1763 0.8576
vn -0.1038 -0.0180 -0.9944
vn -0.0474 0.0882 0.9950
vn -0.4831 0.0887 -0.8711
vn 0.8671 0.1264 0.4818
vn -0.6590 -0.1027 -0.7451
vn -0.0001 1.0000 -0.0001
vn -0.4080 0.9124 -0.0338
vn -0.3107 0.9406 0.1372
vn 0.3964 0.8971 -0.1954
vn 0.2641 0.9445 -0.1953
vn 0.0850 0.9356 -0.3426
vn -0.3598 0.8805 0.3087
vn 0.2009 0.9153 0.3492
vn -0.1712 0.9355 -0.3092
vn -0.0967 0.9482 0.3026
vn 0.0076 0.9929 -0.1185
vn 0.0910 -0.6751 -0.7321
vn 0.0908 0.6751 -0.7321
vn 0.0502 0.1809 -0.9822
vn -0.0062 -0.1811 -0.9834
vn 0.2532 -0.9644 -0.0761
vn 0.1337 -0.7853 0.6046
vn 0.0461 0.4648 0.8842
vn 0.0691 0.8248 0.5612
vn 0.0935 0.4800 0.8723
vn -0.0756 -0.5361 0.8407
vn 0.1769 0.8562 0.4854
vn 0.1511 -0.6138 -0.7748
vn 0.1086 -0.8963 0.4300
vn 0.1563 0.9822 -0.1041
vn 0.1119 0.9906 -0.0782
vn 0.2173 0.6402 -0.7368
vn 0.0230 0.0508 0.9984
vn -0.0118 0.1811 -0.9834
vn 0.0426 0.6773 -0.7345
vn 0.1090 -0.9910 -0.0782
vn 0.0416 -0.1809 -0.9826
vn -0.0522 -0.4323 -0.9002
vn 0.0924 -0.6750 -0.7320
vn -0.0603 -0.7851 -0.6164
vn 0.1336 -0.7853 0.6046
vn 0.0462 0.4648 0.8842
vn 0.0692 0.8248 0.5612
vn -0.1337 -0.1091 -0.9850
vn 0.0505 0.7767 0.6279
vn -0.0717 -0.7613 0.6445
vn 0.1512 -0.6138 -0.7748
vn 0.1465 0.9885 -0.0372
vn 0.0578 -0.1877 0.9805
vn 0.1419 0.7806 -0.6087
vn 0.0246 0.3018 0.9531
vn 0.1426 0.3390 -0.9299
vn 0.0032 0.3354 -0.9421
vn 0.1043 0.9934 -0.0482
vn 0.0399 0.8939 -0.4466
vn 0.0254 0.6532 -0.7568
vn 0.0204 -0.1527 -0.9881
vn -0.0303 -0.6133 -0.7893
vn 0.0124 -0.4500 0.8929
vn 0.0322 -0.8941 -0.4467
vn -0.0714 -0.9400 -0.3336
vn 0.1066 -0.9931 -0.0482
vn 0.1300 -0.8822 0.4526
vn 0.0413 0.5226 0.8516
vn -0.0398 -0.0524 0.9978
vn 0.0382 0.0785 0.9962
vn -0.0661 0.7806 0.6215
vn 0.1303 0.8822 0.4526
vn -0.1038 0.9841 0.1440
vn 0.0403 -0.4218 -0.9058
vn 0.2041 0.7178 0.6657
vn -0.0664 0.7426 -0.6664
vn -0.1176 -0.9862 0.1166
vn 0.1355 -0.7735 -0.6192
vn 0.0832 0.9849 0.1521
vn -0.1369 -0.9213 -0.3640
vn 0.0578 0.9603 -0.2730
vn 0.1276 -0.9852 -0.1142
vn 0.1709 -0.4792 0.8609
vn 0.0634 0.1578 -0.9854
vn 0.1563 0.1041 0.9822
vn -0.0398 0.2954 -0.9545
vn 0.0403 0.1226 -0.9916
vn 0.0219 0.6248 -0.7805
vn -0.0424 0.9238 -0.3805
vn 0.0514 0.9199 -0.3888
vn 0.0696 0.7530 0.6543
vn -0.0239 0.9636 0.2663
vn 0.0159 0.1418 0.9898
vn -0.0267 0.6285 0.7774
vn 0.2401 -0.3651 0.8995
vn -0.0398 -0.1035 0.9938
vn 0.1080 -0.9048 0.4119
vn -0.0491 -0.8664 0.4969
vn -0.1187 -0.9146 -0.3865
vn 0.0256 -0.5995 -0.8000
vn 0.0724 -0.8822 -0.4653
vn -0.1622 0.0690 -0.9843
vn 0.0359 -0.4219 -0.9059
vn 0.0252 -0.8000 -0.5995
vn -0.0267 -0.4647 -0.8851
vn -0.0424 -0.9223 -0.3842
vn -0.1160 -0.9526 0.2813
vn 0.0514 -0.9987 0.0071
vn -0.0086 -0.2372 0.9714
vn -0.1097 -0.6399 0.7606
vn 0.1544 -0.8500 0.5037
vn -0.0698 0.7003 0.7104
vn -0.0739 0.2779 0.9578
vn 0.1621 -0.3431 0.9252
vn 0.0437 0.9983 -0.0376
vn 0.1272 0.2353 0.9636
vn -0.0422 0.6432 0.7646
vn 0.0348 0.7678 -0.6397
vn -0.1383 0.9880 0.0693
vn 0.0450 0.9581 0.2829
vn 0.2013 0.1842 -0.9620
vn -0.1368 0.7477 -0.6498
vn -0.0457 -0.3319 -0.9422
vn -0.0133 0.1134 -0.9935
vn 0.0005 0.8819 0.4714
vn -0.0010 0.9570 0.2902
vn 0.0008 0.6344 -0.7730
vn 0.1355 0.9878 -0.0769
vn 0.0915 0.8034 -0.5884
vn 0.0334 0.4846 -0.8741
vn 0.0030 -0.3373 -0.9414
vn 0.0158 -0.8794 -0.4758
vn 0.0258 -0.6518 -0.7579
vn 0.0714 -0.9964 -0.0468
vn -0.0281 -0.9585 -0.2838
vn 0.0122 -0.6308 0.7758
vn 0.1012 -0.8988 0.4266
vn 0.0306 -0.3027 0.9526
vn 0.0491 0.1477 0.9878
vn 0.0488 0.6242 0.7797
vn 0.1021 0.8987 0.4266
vn -0.1048 0.9830 0.1510
vn 0.0520 -0.4853 -0.8728
vn -0.0411 -0.9695 0.2417
vn -0.0258 -0.9405 -0.3389
vn 0.1971 -0.5059 0.8398
vn -0.0267 0.6284 0.7774
vn 0.0617 -0.9956 0.0698
vn 0.0565 -0.6789 0.7320
vn 0.0450 -0.0906 0.9949
vn 0.0565 0.5855 0.8087
vn -0.0201 -0.2174 0.9759
vn 0.1291 0.9884 -0.0806
vn 0.0707 0.8103 -0.5818
vn 0.0336 0.4651 -0.8846
vn 0.0373 -0.0769 -0.9963
vn 0.0223 -0.4930 -0.8697
vn 0.0703 -0.8103 -0.5818
vn -0.0920 -0.9403 -0.3277
vn 0.1304 -0.9882 -0.0806
vn 0.0829 -0.9040 0.4195
vn 0.0294 -0.6531 0.7567
vn 0.0317 0.1527 0.9878
vn -0.0182 0.2384 0.9710
vn -0.0043 0.8880 0.4599
vn 0.1676 0.4711 0.8660
vn -0.0588 0.9916 0.1153
vn 0.0944 -0.5590 -0.8238
vn 0.1470 -0.9865 0.0724
vn 0.1002 0.9436 0.3155
vn 0.0826 -0.8846 -0.4591
vn 0.1675 -0.7575 0.6310
vn -0.1340 -0.9455 -0.2967
vn 0.2041 0.8897 -0.4084
vn 0.1981 -0.1550 0.9679
vn 0.0218 0.5191 -0.8544
vn 0.0979 0.0538 -0.9937
vn 0.0241 0.4605 -0.8873
vn -0.0584 0.8668 -0.4952
vn -0.0289 0.8064 -0.5906
vn 0.1071 0.8469 0.5209
vn -0.0534 0.9714 0.2315
vn 0.0755 0.9945 -0.0730
vn -0.0693 0.6272 0.7758
vn 0.2124 0.2572 0.9427
vn 0.1690 -0.4258 0.8889
vn 0.0560 0.3317 -0.9417
vn 0.0394 -0.0431 -0.9983
vn 0.0241 -0.4819 -0.8759
vn -0.0544 -0.1524 -0.9868
vn -0.0147 -0.6249 -0.7806
vn 0.0442 -0.8691 -0.4927
vn -0.1146 -0.9527 0.2813
vn 0.0442 -0.9963 0.0732
vn -0.0598 -0.9195 -0.3886
vn -0.0922 -0.6124 0.7852
vn 0.0393 -0.8061 0.5904
vn -0.1729 -0.0370 0.9842
vn -0.0044 -0.8879 0.4600
vn 0.1304 0.9882 -0.0806
vn 0.0702 0.8103 -0.5818
vn -0.0511 0.6607 -0.7489
vn 0.0704 -0.8103 -0.5818
vn -0.0922 -0.9402 -0.3279
vn -0.0178 -0.6181 0.7859
vn 0.0805 0.4478 0.8905
vn 0.0397 0.6337 0.7726
vn 0.0829 0.9040 0.4195
vn -0.0938 0.9842 0.1501
vn 0.0246 0.8697 0.4930
vn 0.0770 -0.9944 0.0730
vn 0.0668 -0.6001 -0.7971
vn -0.0536 0.8926 -0.4477
vn 0.1409 -0.8560 -0.4975
vn 0.1101 0.9912 -0.0733
vn 0.1629 -0.7580 0.6315
vn -0.0936 -0.9396 -0.3293
vn 0.0403 0.5188 -0.8540
vn 0.0284 0.0540 -0.9981
vn 0.0394 0.8061 -0.5904
vn 0.1445 0.4558 -0.8783
vn -0.2121 0.8485 -0.4848
vn 0.2380 0.7773 0.5825
vn 0.0619 0.9974 -0.0375
vn 0.0922 0.3876 0.9172
vn -0.1128 0.9666 0.2303
vn 0.1592 -0.2796 0.9468
vn -0.0845 0.2623 -0.9613
vn -0.0462 -0.4816 -0.8752
vn 0.0631 -0.0430 -0.9971
vn 0.0493 -0.8843 -0.4643
vn -0.1290 -0.4610 -0.8780
vn -0.1536 -0.9757 0.1562
vn 0.2726 -0.9423 0.1945
vn -0.1496 -0.8833 -0.4442
vn -0.1320 -0.6345 0.7616
vn -0.1306 -0.7587 0.6382
vn -0.0417 0.6121 -0.7897
vn 0.0876 0.9931 -0.0780
vn 0.0281 0.8942 -0.4467
vn 0.0355 0.3101 -0.9500
vn 0.0427 -0.1526 -0.9874
vn 0.0398 -0.6337 -0.7726
vn 0.0399 -0.8939 -0.4466
vn -0.0563 -0.9493 -0.3094
vn 0.1057 -0.9932 -0.0482
vn 0.1306 -0.8821 0.4526
vn 0.0159 0.4906 0.8712
vn -0.0226 0.7746 0.6321
vn 0.1271 0.5057 0.8533
vn 0.0532 0.9551 0.2914
vn -0.0897 0.9858 0.1419
vn 0.1335 0.9292 0.3446
vn -0.0207 -0.9518 0.3060
vn -0.0259 -0.9405 -0.3389
vn 0.0493 0.9558 -0.2899
vn 0.0258 -0.5158 0.8563
vn -0.0398 0.2954 -0.9546
vn 0.1847 0.7811 -0.5965
vn 0.1328 0.0427 0.9902
vn 0.1527 0.2799 -0.9478
vn 0.0974 0.1222 -0.9877
vn 0.1824 0.6686 -0.7209
vn 0.0478 0.7540 0.6552
vn 0.2618 0.9554 -0.1369
vn -0.0458 0.1417 0.9889
vn -0.0266 0.6285 0.7774
vn 0.2444 -0.3646 0.8985
vn -0.0305 -0.0072 0.9995
vn -0.0373 -0.9937 -0.1053
vn 0.1382 -0.9014 0.4103
vn -0.0150 -0.5098 0.8602
vn -0.0512 -0.6551 -0.7538
vn -0.0335 -0.9371 0.3475
vn 0.2649 -0.8683 -0.4193
vn -0.0469 0.0375 -0.9982
vn 0.0533 -0.4487 -0.8921
vn -0.0366 -0.4957 -0.8677
vn 0.0688 -0.4482 -0.8913
vn -0.0116 -0.8699 -0.4931
vn -0.0469 -0.8508 0.5233
vn 0.0359 -0.9984 0.0431
vn -0.0267 -0.9544 -0.2972
vn 0.1937 -0.8595 0.4730
vn -0.0373 -0.2971 0.9541
vn 0.0450 -0.4644 0.8845
vn -0.0057 0.2786 0.9604
vn -0.0390 0.7015 0.7116
vn 0.0515 0.2018 0.9781
vn -0.0125 0.7682 -0.6400
vn 0.0566 0.9977 -0.0375
vn 0.1320 0.6381 0.7585
vn -0.0848 0.9863 0.1413
vn -0.0297 0.9391 -0.3424
vn 0.0437 0.1579 -0.9865
vn 0.0575 0.9380 0.3419
vn 0.0004 0.6150 -0.7885
vn 0.0055 0.9483 -0.3174
vn -0.0431 -0.6171 -0.7857
vn 0.0521 0.6624 -0.7474
vn -0.0481 0.3574 -0.9327
vn 0.0427 0.1526 -0.9874
vn 0.0355 -0.3101 -0.9500
vn 0.0413 -0.5226 0.8516
vn -0.0763 -0.9416 -0.3279
vn 0.1081 -0.9930 -0.0482
vn 0.0510 0.4895 0.8705
vn -0.0650 0.9854 0.1575
vn 0.1035 0.8696 0.4827
vn 0.1471 0.3850 0.9111
vn 0.0246 -0.1101 -0.9936
vn 0.0466 -0.6203 -0.7830
vn 0.0860 0.7778 0.6226
vn -0.0466 -0.9608 0.2734
vn -0.0189 -0.9517 -0.3065
vn 0.1419 0.9824 0.1215
vn 0.0188 -0.6324 0.7744
vn 0.0956 0.8744 -0.4757
vn 0.0578 0.3754 -0.9250
vn 0.2407 -0.2998 0.9231
vn -0.0267 0.2972 -0.9544
vn 0.0089 0.2478 -0.9688
vn -0.0335 0.8513 -0.5236
vn 0.0359 0.6755 -0.7365
vn 0.0398 0.9259 0.3757
vn 0.0404 0.9631 -0.2662
vn -0.1337 0.9855 0.1044
vn -0.0125 0.4779 0.8783
vn -0.0969 0.6768 0.7297
vn 0.0567 -0.1578 0.9858
vn 0.0478 -0.7897 0.6117
vn -0.1139 0.0901 0.9894
vn -0.0812 -0.9960 -0.0375
vn -0.0374 -0.7678 -0.6396
vn -0.1087 -0.5830 0.8052
vn 0.0348 -0.9953 -0.0906
vn 0.0282 -0.9490 0.3139
vn 0.0678 -0.7315 -0.6785
vn -0.0427 -0.1879 -0.9813
vn -0.0424 -0.3805 -0.9238
vn 0.0140 -0.3892 -0.9210
vn -0.0295 -0.9438 -0.3292
vn 0.0834 -0.7779 -0.6228
vn 0.1266 -0.9845 -0.1217
vn -0.1671 -0.7442 0.6467
vn 0.0092 0.6287 0.7776
vn 0.1047 -0.9015 0.4198
vn -0.1622 -0.0690 0.9843
vn 0.0766 -0.6231 0.7784
vn 0.1901 -0.0890 0.9777
vn 0.1191 0.5823 0.8042
vn 0.1200 0.9827 -0.1408
vn -0.0608 0.9710 0.2314
vn 0.0403 0.9487 0.3137
vn 0.1514 0.6484 -0.7461
vn -0.0512 0.8672 -0.4954
vn 0.0869 -0.0697 -0.9938
vn -0.0209 0.3321 -0.9430
vn 0.0721 0.9962 -0.0484
vn -0.0275 0.5614 -0.8271
vn 0.0646 0.8927 -0.4460
vn 0.0370 -0.6338 -0.7727
vn -0.0522 -0.9475 -0.3156
vn 0.1044 -0.9934 -0.0482
vn 0.1303 -0.8821 0.4526
vn 0.0409 0.5226 0.8516
vn 0.0246 0.4492 0.8931
vn -0.0642 0.7781 0.6248
vn 0.1305 0.8821 0.4526
vn -0.0799 0.9796 0.1842
vn 0.0812 -0.1070 -0.9909
vn 0.0969 -0.9952 0.0121
vn 0.1093 0.8647 0.4902
vn -0.0297 0.8064 -0.5906
vn 0.2173 -0.7368 -0.6402
vn 0.0773 0.9943 -0.0730
vn 0.1389 -0.5077 0.8503
vn -0.0474 -0.0858 0.9952
vn 0.0280 0.4344 -0.9003
vn -0.0530 0.2628 -0.9634
vn 0.0565 -0.0375 -0.9977
vn -0.0591 0.5986 -0.7988
vn -0.1092 0.8467 -0.5208
vn 0.1272 0.8992 -0.4187
vn -0.0831 0.9910 0.1050
vn 0.2236 0.5955 0.7716
vn -0.0851 0.6995 0.7096
vn 0.0573 0.2474 0.9672
vn 0.1917 -0.2461 0.9501
vn 0.1935 -0.8147 0.5467
vn -0.0707 -0.6271 -0.7757
vn -0.1033 -0.4149 0.9040
vn -0.1475 -0.9621 -0.2293
vn -0.1342 -0.8924 0.4309
vn 0.0605 -0.9663 -0.2503
vn 0.0312 -0.6147 -0.7882
vn -0.0512 0.0698 -0.9962
vn 0.0732 -0.6384 -0.7662
vn -0.0919 -0.9192 -0.3829
vn -0.1622 -0.8568 0.4895
vn 0.1621 -0.9744 -0.1560
vn -0.0515 0.1524 0.9870
vn 0.1901 -0.8624 0.4692
vn -0.1286 -0.3294 0.9354
vn -0.0335 0.6531 0.7566
vn -0.1047 0.2359 0.9661
vn 0.0959 0.9954 -0.0020
vn 0.0350 0.9527 0.3017
vn 0.0605 0.7449 -0.6644
vn 0.1020 0.6644 0.7404
vn -0.0469 0.7324 -0.6793
vn -0.0477 0.9872 -0.1525
vn 0.1770 0.9718 0.1556
vn 0.2035 -0.0019 -0.9791
vn -0.1780 0.9495 -0.2582
vn -0.5585 -0.6240 -0.5466
vn -0.4916 0.7612 -0.4230
vn -0.5162 0.6583 -0.5479
vn -0.6792 0.2920 -0.6733
vn -0.6971 -0.1435 -0.7025
vn -0.7064 -0.2603 -0.6582
vn -0.2913 -0.9280 -0.2322
vn 0.5756 -0.5761 0.5803
vn -0.0109 -0.9920 0.1259
vn 0.3204 -0.9449 0.0673
vn 0.6995 -0.1214 0.7042
vn 0.6071 0.6277 0.4873
vn 0.7298 0.1702 0.6622
vn 0.3062 0.8627 0.4025
vn 0.3217 0.9445 0.0657
vn 0.8258 0.0431 0.5623
vn -0.5771 0.4606 -0.6744
vn -0.0561 -0.9921 -0.1126
vn -0.6816 0.1080 -0.7237
vn 0.6716 0.5619 0.4829
vn -0.6299 -0.2836 -0.7231
vn -0.7868 -0.3952 -0.4741
vn 0.4303 0.8557 0.2873
vn -0.3450 -0.7274 -0.5931
vn 0.1519 0.9882 0.0189
vn 0.4113 -0.8830 0.2261
vn -0.4767 -0.8324 -0.2825
vn -0.1458 0.9529 -0.2661
vn -0.4024 0.7604 -0.5098
vn -0.7012 0.1434 -0.6984
vn -0.5191 0.6381 -0.5686
vn -0.6656 0.4532 -0.5929
vn -0.6999 -0.2645 -0.6635
vn -0.5589 -0.6358 -0.5324
vn -0.2901 -0.9283 -0.2327
vn 0.7313 -0.1702 0.6604
vn -0.0145 -0.9931 0.1168
vn 0.2905 0.9515 0.1014
vn 0.6105 0.6275 0.4833
vn 0.4559 0.7267 0.5140
vn -0.5613 0.4274 -0.7087
vn 0.5974 0.2625 0.7577
vn 0.5806 0.7127 0.3936
vn -0.4136 -0.6925 -0.5911
vn -0.7537 -0.4303 -0.4968
vn 0.2647 -0.9586 0.1047
vn 0.4015 -0.7552 0.5181
vn 0.1995 0.9796 0.0247
vn -0.2395 -0.9484 -0.2076
vn -0.1725 0.9490 -0.2637
vn -0.5587 -0.6236 -0.5468
vn -0.4905 0.7624 -0.4221
vn -0.5160 0.6583 -0.5482
vn -0.7064 -0.2602 -0.6582
vn -0.2918 -0.9278 -0.2322
vn 0.5754 -0.5770 0.5796
vn 0.6992 -0.1228 0.7043
vn 0.6072 0.6277 0.4871
vn 0.3101 0.8605 0.4042
vn 0.3210 0.9447 0.0666
vn 0.6292 0.2638 0.7311
vn -0.5014 0.6203 -0.6032
vn 0.7883 -0.1629 0.5933
vn -0.6285 0.2879 -0.7226
vn 0.2278 -0.9538 0.1957
vn -0.6844 -0.0754 -0.7252
vn -0.5786 -0.4566 -0.6759
vn 0.5034 0.8290 0.2436
vn -0.6997 -0.5422 -0.4652
vn -0.3231 -0.8381 -0.4396
vn -0.0802 -0.9953 -0.0548
vn 0.0503 0.9916 -0.1188
vn 0.0665 -0.9503 0.3040
vn -0.2825 0.8737 -0.3961
vn 0.0596 0.9692 -0.2390
vn -0.0690 0.8562 -0.5120
vn 0.1103 0.1493 -0.9826
vn 0.1305 -0.5173 -0.8458
vn 0.1207 -0.9491 -0.2908
vn 0.0732 0.5486 0.8329
vn -0.0743 -0.6824 0.7272
vn 0.1127 -0.5143 0.8502
vn -0.0972 -0.2325 0.9677
vn 0.0794 0.0783 0.9938
vn -0.1296 0.8682 0.4790
vn 0.1913 0.9349 0.2990
vn 0.0754 0.7743 0.6283
vn 0.2031 -0.8870 0.4148
vn 0.2385 -0.3805 -0.8935
vn -0.1536 -0.8325 -0.5324
vn 0.0865 0.9698 -0.2279
vn 0.0578 -0.3754 0.9250
vn 0.1049 0.4639 -0.8797
vn 0.0284 0.1418 0.9895
vn -0.2723 -0.9588 -0.0807
vn -0.2418 -0.9045 0.3514
vn -0.1179 0.8092 -0.5755
vn -0.0714 0.5531 0.8301
vn -0.1161 0.9842 -0.1338
vn -0.0887 0.8083 0.5821
vn -0.1110 0.9932 -0.0351
vn -0.0613 0.8381 0.5421
vn -0.1385 0.4299 -0.8922
vn 0.2213 0.6173 -0.7549
vn 0.0881 0.7945 0.6008
vn 0.4495 0.8131 0.3700
vn 0.1196 0.3378 0.9336
vn 0.2722 0.9554 0.1142
vn 0.4862 0.4615 -0.7420
vn 0.5281 0.8418 -0.1120
vn 0.5163 0.6310 -0.5790
vn 0.4685 0.4658 0.7507
vn 0.7016 0.6053 0.3760
vn 0.9683 0.2410 0.0660
vn 0.5235 0.4471 0.7252
vn 0.2683 0.2791 0.9220
vn 0.7509 0.5684 -0.3364
vn 0.7956 0.6014 0.0730
vn 0.7649 0.3522 -0.5393
vn 0.8001 0.4544 -0.3916
vn 0.8183 0.4044 0.4085
vn 0.4097 0.2362 -0.8811
vn 0.4138 0.2388 -0.8785
vn 0.7692 0.2351 0.5942
vn 0.9628 0.2420 -0.1198
vn 0.7181 -0.6881 0.1037
vn 0.3904 0.0471 0.9194
vn 0.9196 0.0552 -0.3888
vn 0.1124 0.0300 0.9932
vn 0.7020 0.0595 -0.7097
vn 0.7865 -0.0562 0.6150
vn 0.5272 -0.1086 -0.8428
vn 0.9852 -0.1337 0.1075
vn 0.8076 -0.2444 0.5367
vn 0.7668 -0.2775 -0.5788
vn 0.8651 -0.4961 0.0741
vn 0.3309 -0.3886 0.8599
vn 0.1902 -0.1530 -0.9698
vn 0.6566 -0.5461 0.5203
vn 0.4225 -0.4785 -0.7697
vn 0.5383 -0.7524 -0.3796
vn 0.4555 -0.8805 0.1314
vn 0.5076 -0.6255 0.5925
vn 0.8728 -0.0001 0.4881
vn 0.4369 -0.8458 -0.3062
vn 0.0816 -0.1931 0.9778
vn 0.0948 -0.4704 -0.8773
vn 0.0470 -0.9364 0.3479
vn 0.1045 -0.9407 -0.3229
vn 0.0588 -0.9952 -0.0778
vn -0.9864 0.0006 -0.1644
vn -0.2962 0.0007 -0.9551
vn 0.6010 0.0005 -0.7992
vn 0.9729 0.0003 -0.2313
vn -0.1101 0.3507 0.9300
vn 0.1044 0.0002 0.9945
vn -0.6829 0.0003 0.7305
vn -0.6256 0.3280 0.7079
vn 0.0758 0.4423 -0.8937
vn 0.7536 0.3312 -0.5678
vn 0.4475 0.2720 0.8519
vn 0.7874 0.4216 0.4497
vn 0.9118 -0.3711 0.1757
vn -0.8966 -0.3686 0.2455
vn -0.2973 -0.0091 -0.9547
vn 0.0874 0.3286 -0.9404
vn 0.0949 -0.4765 0.8740
vn -0.6118 -0.4336 -0.6616
vn 0.3477 -0.3556 0.8676
vn -0.1216 -0.2586 0.9583
vn -0.3450 -0.3584 0.8675
vn 0.7243 -0.3853 -0.5718
vn -0.6564 -0.2265 0.7196
vn 0.0524 -0.8598 -0.5079
vn -0.1692 -0.8891 0.4252
vn 0.5178 -0.7515 -0.4088
vn 0.3240 -0.9427 0.0791
vn -0.3169 -0.8832 -0.3458
vn -0.1152 -0.9544 -0.2755
vn -0.2747 -0.5071 -0.8169
vn -0.8898 -0.2326 -0.3927
vn -0.8702 -0.3028 -0.3887
vn 0.7578 -0.3407 -0.5565
vn -0.3400 -0.0194 -0.9402
vn -0.7831 0.0406 0.6206
vn 0.9070 0.0173 0.4207
vn 0.6533 0.6954 0.2995
vn 0.4673 0.0231 0.8838
vn 0.3623 0.0760 -0.9290
vn -0.2433 0.0232 0.9697
vn -0.4594 -0.0974 0.8829
vn -0.7104 0.7038 -0.0042
vn 0.3578 0.6282 0.6910
vn 0.0893 0.7559 0.6486
vn 0.3390 0.7414 -0.5791
vn -0.1710 0.6697 0.7227
vn 0.6718 0.7179 -0.1826
vn -0.5384 0.7304 0.4203
vn 0.0007 1.0000 0.0085
vn -0.7370 -0.0000 0.6759
vn 0.7600 -0.0000 -0.6499
vn -0.0000 -1.0000 -0.0000
vn -0.4140 -0.0000 -0.9103
vn -0.1242 -0.0000 0.9923
vn -0.7269 -0.0000 0.6868
vn 0.7505 -0.0000 -0.6609
vn -0.6499 0.2867 0.7039
vn 0.6978 0.2876 -0.6560
vn -0.1242 -0.0059 0.9922
vn 0.6978 0.2877 -0.6560
vn 0.8052 -0.5862 0.0902
vn -0.1241 -0.0059 0.9922
vn -0.8342 -0.0000 0.5514
vn 0.8479 -0.0000 -0.5302
vn -0.9972 -0.0001 -0.0742
vn 0.0961 -0.0003 0.9954
vn -0.5920 0.0002 -0.8060
vn 0.3435 0.0007 -0.9392
vn 0.9871 0.0007 -0.1599
vn 0.7698 0.0003 0.6383
vn 0.1146 0.2254 0.9675
vn -0.6525 0.0005 0.7578
vn 0.7959 0.2699 -0.5419
vn 0.1930 -0.5883 -0.7853
vn 0.9182 0.2069 0.3378
vn -0.6240 0.1885 -0.7583
vn 0.8593 0.2819 0.4267
vn -0.6023 -0.4343 -0.6698
vn 0.0961 -0.5386 0.8371
vn -0.0575 -0.6546 0.7538
vn -0.7392 -0.6638 -0.1135
vn -0.8189 -0.5731 0.0312
vn 0.3189 -0.9478 -0.0059
vn -0.0894 -0.9918 -0.0915
vn 0.0482 -0.9904 0.1296
vn 0.8723 0.0133 0.4888
vn 0.0798 -0.4342 0.8973
vn 0.7953 -0.4087 0.4478
vn 0.6583 -0.5204 0.5438
vn 0.0550 -0.4319 -0.9002
vn 0.9038 0.3366 -0.2641
vn -0.5641 -0.5104 0.6491
vn 0.8544 -0.4651 -0.2318
vn -0.6447 -0.4490 0.6187
vn 0.4424 0.6346 0.6336
vn -0.3167 0.3332 -0.8881
vn 0.6297 0.4081 0.6610
vn 0.3156 0.3169 -0.8944
vn -0.6958 0.5822 -0.4206
vn -0.7211 -0.0057 0.6929
vn -0.8312 0.3536 -0.4290
vn -0.6711 0.0121 -0.7412
vn 0.2615 0.5982 -0.7575
vn 0.5240 0.6654 -0.5317
vn -0.2204 0.6119 0.7596
vn 0.8312 0.4981 -0.2469
vn -0.7289 0.6324 0.2622
vn 0.0106 0.9999 -0.0074
vn -0.6997 -0.7144 -0.0051
vn 0.4282 0.8977 -0.1039
vn -0.1673 0.9009 -0.4004
vn 0.6930 -0.7209 0.0040
vn -0.9221 0.3869 0.0080
vn 0.0214 0.9998 0.0020
vn 0.8522 0.5232 0.0051
vn -0.0000 -0.0000 -1.0000
vn 0.6468 -0.7626 0.0076
vn -0.8843 0.4669 0.0103
vn 0.0046 1.0000 -0.0009
vn 0.9440 0.3295 0.0150
vn -0.5989 -0.8006 0.0176
vn -0.8255 0.5641 0.0160
vn 0.5989 0.8007 0.0176
vn 0.8255 -0.5641 0.0160
vn -0.5976 -0.7988 0.0693
vn -0.8240 0.5631 0.0628
vn 0.5975 0.7988 0.0693
vn 0.8240 -0.5631 0.0628
vn 0.9895 0.0076 -0.1445
vn -0.9217 0.0067 -0.3878
vn 0.1293 0.0139 -0.9915
vn 0.0843 0.7383 -0.6692
vn 0.4102 0.0119 0.9119
vn -0.7455 0.0093 0.6665
vn 0.1245 -0.8529 -0.5070
vn 0.1071 0.7077 0.6983
vn -0.7253 0.6514 -0.2229
vn 0.6045 0.7941 -0.0628
vn 0.4724 0.7044 -0.5298
vn 0.4829 0.7514 -0.4498
vn -0.6030 0.7959 0.0543
vn -0.4229 0.7849 -0.4529
vn 0.6557 -0.7344 0.1753
vn -0.2173 -0.7934 -0.5686
vn -0.3035 -0.8115 0.4993
vn 0.5353 -0.6419 0.5490
vn 0.3229 -0.7434 0.5857
vn 0.1674 -0.5798 0.7974
vn 0.1605 -0.5230 -0.8371
vn 0.4544 -0.6634 -0.5944
vn 0.4460 -0.7768 -0.4445
vn -0.0058 -1.0000 -0.0033
vn -0.5792 -0.7984 -0.1645
vn 0.7242 -0.6459 -0.2417
vn -0.3594 -0.8699 0.3378
vn 0.0065 -0.9979 -0.0647
vn -0.0074 0.9999 -0.0104
vn -0.0805 -0.6655 0.7420
vn 0.3502 -0.8214 0.4502
vn -0.0810 -0.8123 -0.5775
vn 0.6133 -0.6521 -0.4458
vn 0.6585 -0.7298 0.1838
vn -0.8714 -0.4869 0.0602
vn 0.7008 0.1448 0.6985
vn 0.4318 0.1212 -0.8938
vn -0.5769 0.0882 0.8121
vn -0.1446 0.9616 -0.2332
vn 0.1923 0.9610 0.1987
vn -0.0986 0.9446 -0.3132
vn 0.1946 0.9572 0.2142
vn 0.1719 0.9312 -0.3215
vn 0.2059 0.9598 -0.1906
vn 0.3199 0.9361 -0.1460
vn -0.3070 0.9469 0.0957
vn -0.9982 -0.0003 0.0593
vn 0.1159 -0.0000 -0.9933
vn -0.5332 -0.5299 0.6595
vn -0.8966 -0.4015 0.1867
vn -0.8038 0.5451 0.2381
vn 0.0346 -0.3918 0.9194
vn 0.5936 -0.3979 0.6995
vn 0.9292 -0.3674 0.0408
vn 0.5917 -0.2942 -0.7505
vn -0.2005 -0.3316 -0.9219
vn -0.7545 -0.3556 -0.5516
vn -0.4898 0.5513 0.6754
vn 0.1025 0.5819 0.8068
vn -0.2577 0.5818 -0.7714
vn 0.6125 0.6333 0.4731
vn 0.7772 0.6202 -0.1065
vn 0.3991 0.5935 -0.6990
vn -0.6236 0.0007 0.7818
vn -0.7085 0.6109 -0.3534
vn -0.6342 0.0007 -0.7732
vn 0.7658 0.0003 -0.6431
vn 0.9995 0.0006 -0.0306
vn 0.7771 0.0004 0.6294
vn 0.2078 0.0002 0.9782
vn -0.9867 -0.0000 -0.1626
vn 0.9878 -0.0000 0.1558
vn -0.4185 -0.0000 -0.9082
vn -0.6141 -0.0000 0.7892
vn -0.0001 -1.0000 -0.0000
vn 0.0001 1.0000 -0.0000
vn 0.5975 -0.1057 -0.7949
vn 0.6339 -0.0000 -0.7734
vn 0.6340 -0.0000 -0.7733
vn 0.6283 -0.0029 -0.7779
vn 0.6775 0.0032 -0.7355
vn 0.6346 -0.0003 -0.7729
vn 0.6461 0.0001 -0.7632
vn 0.6736 0.0030 -0.7391
vn 0.6445 0.0074 -0.7645
vn 0.5833 -0.0226 -0.8119
vn 0.6304 -0.0001 -0.7763
vn 0.7037 0.0002 -0.7105
vn 0.6337 0.0003 -0.7736
vn 0.6416 0.0006 -0.7671
vn 0.6344 -0.0000 -0.7730
vn 0.8049 0.0025 0.5934
vn 0.8954 0.0005 0.4452
vn 0.8817 -0.0026 0.4719
vn 0.9008 -0.0012 0.4343
vn 0.8754 0.0002 0.4834
vn 0.9061 0.0005 -0.4232
vn -0.1097 -0.1571 -0.9815
vn 0.0200 0.6341 0.7730
vn 0.0176 -0.3103 0.9505
vn -0.0035 0.0946 0.9955
vn -0.0258 -0.5158 -0.8563
vn 0.0120 -0.4477 0.8941
vn -0.5851 -0.1309 -0.8003
vn -0.6468 -0.7626 -0.0076
vn 0.4948 -0.5840 -0.6435
vn -0.7145 -0.5874 -0.3800
vn 0.6177 -0.5693 0.5425
vn 0.1095 -0.5663 0.8169
vn -0.6388 -0.5613 0.5262
vn 0.0512 -0.5860 -0.8087
vn 0.3890 -0.5659 0.7269
vn -0.3489 -0.5999 0.7200
vn 0.4468 -0.7021 -0.5544
vn 0.0370 -0.7152 -0.6979
vn -0.2969 -0.7144 0.6336
vn 0.0017 -1.0000 0.0036
vn 0.1463 -0.8848 0.4424
vn 0.0055 -0.9188 -0.3947
vn 0.6090 0.0009 -0.7932
vn -0.2898 -0.0005 -0.9571
vn -0.1335 0.0018 0.9910
vn -0.7750 -0.0015 0.6320
vn 0.8959 0.0006 0.4442
vn 0.3227 -0.0006 -0.9465
vn 0.0612 -0.0000 -0.9981
vn -0.4754 -0.0006 0.8798
vn 0.9947 -0.0006 0.1025
vn -0.9578 -0.0043 0.2875
vn 0.3697 -0.8171 0.4423
vn 0.5081 -0.8193 0.2657
vn 0.3504 -0.8255 -0.4426
vn 0.1806 -0.8181 -0.5460
vn 0.1576 -0.8292 0.5363
vn -0.7686 -0.0027 -0.6397
vn 0.9988 0.0479 -0.0139
vn -0.9541 -0.0037 -0.2996
vn 0.9489 0.0644 -0.3090
vn -0.9988 -0.0036 0.0497
vn 0.5995 0.1044 -0.7936
vn 0.3151 0.1002 -0.9437
vn 0.7246 0.1119 0.6800
vn 0.9032 0.0558 0.4257
vn 0.9486 -0.0624 -0.3102
vn 0.3129 -0.1020 -0.9443
vn 0.7321 -0.1001 0.6738
vn 0.7279 -0.0953 0.6790
vn 0.8686 -0.0720 0.4902
vn 0.9398 -0.0730 0.3338
vn 0.9886 -0.0652 -0.1356
vn 0.4714 0.6869 -0.5532
vn 0.2350 0.6775 -0.6970
vn 0.2339 0.6846 0.6904
vn -0.6281 0.1018 0.7715
vn -0.1364 0.0850 -0.9870
vn -0.9889 0.1146 0.0947
vn -0.8909 0.0011 -0.4541
vn -0.9983 0.0002 0.0576
vn -0.8820 -0.0001 0.4712
vn 0.6621 -0.6714 0.3330
vn 0.7739 -0.6307 -0.0571
vn -0.7280 -0.6836 0.0510
vn 0.5904 -0.6649 -0.4575
vn -0.6445 -0.6653 0.3767
vn 0.3479 -0.6668 -0.6590
vn 0.0423 -0.6997 -0.7131
vn -0.4015 -0.6348 0.6601
vn 0.9860 -0.1480 -0.0765
vn -0.9399 -0.0989 -0.3267
vn -0.5132 -0.1122 0.8509
vn -0.0876 0.0702 -0.9937
vn -0.1134 -0.0328 0.9930
vn -0.4819 0.8660 0.1333
vn 0.2449 0.8500 0.4664
vn -0.1868 0.8960 -0.4028
vn -0.3912 0.8639 -0.3173
vn 0.4679 0.8824 -0.0485
vn -0.4526 0.8824 -0.1289
vn 0.2096 -0.9420 0.2623
vn -0.6446 -0.0282 0.7640
vn 0.8705 -0.1089 0.4799
vn 0.9948 -0.0599 -0.0827
vn 0.8008 -0.0531 -0.5966
vn 0.4824 -0.0272 -0.8755
vn -0.0487 -0.9475 0.3162
vn 0.3019 -0.9379 0.1707
vn -0.2102 -0.9418 -0.2624
vn 0.3145 -0.9485 -0.0389
vn 0.2789 -0.9371 -0.2098
vn 0.1678 -0.9377 -0.3043
vn 0.0910 -0.9430 0.3201
vn 0.9961 0.0040 -0.0883
vn 0.2503 0.0016 0.9682
vn -0.1411 0.0055 0.9900
vn 0.3216 0.9324 -0.1648
vn -0.3831 0.9232 0.0309
vn 0.0961 0.9252 0.3670
vn -0.2359 0.9366 0.2591
vn -0.0348 0.9265 -0.3747
vn 0.2729 0.9328 0.2356
vn -0.0574 0.9267 0.3715
vn -0.3556 0.9168 -0.1816
vn 0.3590 -0.8804 0.3099
vn -0.2961 -0.8728 -0.3879
vn -0.4630 -0.8496 -0.2525
vn -0.1093 -0.9654 -0.2370
vn 0.2529 0.8353 0.4881
vn -0.5382 0.8414 -0.0485
vn -0.3990 0.8618 0.3133
vn 0.2232 -0.9658 0.1322
vn 0.2711 -0.9623 0.0238
vn 0.1396 -0.9617 -0.2357
vn -0.1881 -0.9707 0.1495
vn 0.1273 -0.9623 0.2405
vn -0.0355 -0.9675 0.2505
vn 0.8127 0.0001 -0.5826
vn 0.7972 -0.0062 -0.6036
vn 0.7923 -0.0000 -0.6102
vn 0.8205 -0.0071 -0.5716
vn 0.7264 0.0003 -0.6872
vn -0.9584 0.0002 0.2854
vn 0.7550 -0.0003 -0.6558
vn 0.7847 -0.0016 -0.6198
vn 0.8204 0.0091 -0.5717
vn 0.8030 0.0010 -0.5960
vn 0.7444 -0.0022 -0.6677
vn 0.7953 -0.0004 -0.6062
vn 0.7645 -0.0005 -0.6447
vn -0.7754 -0.0000 0.6314
vn 0.4727 -0.0003 0.8812
vn -0.4762 -0.0000 0.8794
vn 0.6793 -0.0005 0.7338
vn 0.5879 0.0007 0.8089
vn 0.6545 0.0006 0.7561
vn 0.6804 -0.0004 0.7329
vn 0.6597 -0.0004 0.7515
vn 0.9999 0.0001 -0.0136
vn 0.7822 0.0024 0.6230
vn 0.7816 -0.0010 0.6238
vn 0.7598 0.0001 0.6501
vn 0.7816 0.0024 0.6238
vn 0.7773 -0.0002 0.6291
vn 0.7687 -0.0004 0.6396
vn 0.7785 -0.0000 0.6276
vn 0.9068 -0.0011 0.4216
vn 0.7820 -0.0002 0.6233
vn 0.7606 -0.0051 0.6492
vn 0.7581 0.0002 0.6521
vn 0.7851 -0.0000 0.6194
vn 0.7824 -0.0002 0.6228
vn 0.7842 -0.0011 0.6205
vn 0.7927 -0.0000 0.6097
vn 0.7565 -0.0003 0.6540
vn 0.7724 -0.0011 0.6352
vn 0.7784 -0.0008 0.6278
vn 0.7794 0.0001 0.6265
vn 0.7818 0.0005 0.6235
vn 0.7632 -0.0004 0.6462
vn 0.8894 0.0036 0.4571
vn 0.9059 -0.0041 0.4234
vn 0.8825 0.0012 0.4703
vn 0.9051 -0.0021 0.4252
vn 0.8845 0.0004 0.4666
vn 0.8837 0.0001 0.4680
vn 0.9393 0.0006 0.3431
vn 0.9638 -0.0010 0.2665
vn 0.9585 0.0019 0.2852
vn 0.9965 -0.0020 0.0840
vn 0.9966 0.0016 0.0826
vn 0.9986 0.0006 0.0520
vn 0.9966 -0.0023 0.0829
vn 0.9965 -0.0198 0.0809
vn 0.9961 -0.0020 0.0877
vn -0.8642 -0.0002 -0.5031
vn 0.9945 -0.0012 -0.1046
vn 0.9624 -0.0004 -0.2718
vn 0.9618 -0.0096 -0.2736
vn 0.9637 0.0013 -0.2671
vn 0.9666 -0.0050 -0.2562
vn 0.9546 -0.0242 -0.2969
vn 0.9717 -0.0052 -0.2363
vn 0.9600 -0.0015 -0.2800
vn 0.9590 0.0017 -0.2833
vn 0.8641 -0.0004 -0.5033
vn 0.8817 -0.0011 -0.4718
vn 0.3483 -0.0021 -0.9374
vn 0.8702 0.0010 -0.4926
vn 0.8674 -0.0027 -0.4976
vn 0.9033 0.0018 -0.4291
vn 0.3486 -0.0032 -0.9373
vn 0.2616 0.0006 -0.9652
vn 0.0514 -0.0021 -0.9987
vn -0.1104 0.0002 -0.9939
vn -0.2751 -0.0009 -0.9614
vn 0.7780 -0.0002 0.6282
vn 0.7771 0.0006 0.6294
vn 0.7819 0.0007 0.6234
vn 0.9039 0.0013 0.4277
vn -0.4198 -0.0001 -0.9076
vn -0.4377 0.0001 -0.8991
vn -0.5056 0.0001 -0.8628
vn -0.4916 0.0011 -0.8708
vn -0.4127 0.0034 -0.9109
vn -0.4970 0.0006 -0.8678
vn -0.4061 0.0045 -0.9138
vn -0.4967 -0.0000 -0.8679
vn 0.9965 0.0021 0.0837
vn 0.9411 0.0037 -0.3381
vn 0.9984 0.0006 -0.0559
vn 0.9885 0.0048 -0.1514
vn 0.9901 -0.0021 -0.1403
vn 0.9999 0.0002 -0.0118
vn 0.9966 0.0017 -0.0822
vn 0.9954 -0.0026 -0.0954
vn 0.9999 -0.0000 0.0108
vn 0.9980 0.0003 -0.0627
vn 0.9952 -0.0000 -0.0980
vn 0.9979 0.0001 -0.0651
vn 0.9686 0.0028 -0.2484
vn 0.9723 -0.0018 -0.2337
vn 0.8645 0.0028 -0.5026
vn 0.8744 0.0073 -0.4851
vn 0.8677 -0.0017 -0.4971
vn 0.6221 -0.0004 -0.7830
vn 0.7107 -0.0093 -0.7034
vn 0.6263 0.0005 -0.7796
vn 0.6584 0.0024 -0.7527
vn 0.6572 -0.0002 -0.7537
vn 0.5285 -0.7355 0.4239
vn -0.0596 -0.7207 0.6907
vn -0.3275 -0.6783 -0.6578
vn 0.6740 -0.7142 0.1890
vn -0.6596 -0.6641 -0.3520
vn 0.7536 -0.6541 -0.0652
vn -0.7077 -0.7028 -0.0723
vn -0.6808 -0.7032 0.2047
vn -0.5474 -0.7062 0.4490
vn 0.2062 -0.6712 0.7120
vn -0.3322 -0.7063 0.6251
vn -0.8541 0.0923 -0.5119
vn -0.9943 -0.0164 -0.1053
vn 0.8998 0.0809 -0.4288
vn -0.9585 -0.0193 0.2846
vn 0.6469 0.0265 -0.7621
vn -0.7766 -0.0180 0.6297
vn 0.3069 0.0226 -0.9515
vn -0.4765 -0.0193 0.8790
vn -0.0819 0.0228 -0.9964
vn -0.1038 -0.0168 0.9945
vn -0.4441 0.0179 -0.8958
vn -0.0022 1.0000 0.0002
vn 0.0002 1.0000 0.0004
vn 0.0013 1.0000 0.0013
vn 0.0006 1.0000 -0.0010
vn -0.0000 1.0000 -0.0001
vn -0.3306 0.9409 -0.0737
vn -0.3822 0.9164 0.1188
vn 0.1209 0.9193 -0.3746
vn 0.1628 0.9338 0.3188
vn -0.1704 0.9384 -0.3005
vn 0.1162 0.9901 -0.0781
vn 0.0148 -0.6316 -0.7752
vn 0.0673 -0.4620 0.8843
vn 0.0109 0.9932 -0.1157
vn -0.0568 0.1289 -0.9900
vn 0.0199 -0.9936 -0.1111
vn -0.1002 -0.1254 -0.9870
vn 0.0130 0.7885 0.6149
vn -0.0407 -0.7542 0.6554
vn -0.0284 -0.1418 0.9895
vn -0.0404 0.3422 0.9388
vn -0.0185 0.3103 -0.9505
vn -0.0104 -0.1096 -0.9939
vn 0.0014 -0.6342 -0.7732
vn -0.0266 0.4347 0.9002
vn -0.1199 -0.5123 -0.8504
vn -0.0314 0.7328 -0.6797
vn -0.0506 0.1052 -0.9932
vn 0.0457 0.3502 -0.9355
vn -0.0403 0.0732 -0.9965
vn -0.0359 0.5905 -0.8062
vn 0.0296 0.9438 -0.3292
vn -0.0252 0.9016 -0.4319
vn -0.0466 0.7955 0.6041
vn 0.0239 0.9491 0.3139
vn -0.0791 0.0755 0.9940
vn 0.0335 0.5861 0.8095
vn -0.0048 -0.6620 0.7495
vn 0.0457 -0.1610 0.9859
vn -0.0496 -0.8742 0.4830
vn 0.0491 -0.8945 0.4443
vn 0.0652 -0.6298 -0.7740
vn 0.0503 -0.8773 -0.4773
vn -0.0220 -0.4605 -0.8874
vn -0.0515 -0.8264 -0.5608
vn 0.0335 -0.4169 -0.9083
vn 0.0295 -0.9001 -0.4346
vn -0.1420 -0.9820 0.1247
vn 0.0951 -0.3523 0.9311
vn 0.0595 0.6139 0.7871
vn -0.0347 0.9953 -0.0906
vn -0.0732 0.6270 0.7756
vn -0.0437 0.7325 -0.6794
vn -0.0565 0.9712 0.2314
vn 0.0128 0.3852 -0.9227
vn -0.0572 -0.3243 -0.9442
vn -0.0096 0.1183 -0.9929
vn -0.0206 -0.3102 -0.9504
vn 0.0339 -0.8895 -0.4556
vn 0.0245 -0.9955 -0.0920
vn 0.0255 -0.6476 0.7615
vn 0.1179 -0.9342 0.3366
vn 0.0520 -0.9507 -0.3057
vn 0.0295 0.9438 -0.3292
vn -0.0465 0.7955 0.6041
vn 0.0490 -0.8945 0.4443
vn 0.0504 -0.8773 -0.4773
vn -0.0617 -0.9901 0.1258
vn -0.0450 -0.6394 0.7675
vn -0.0565 -0.0375 0.9977
vn -0.0348 0.9953 -0.0906
vn -0.0450 0.6280 0.7769
vn 0.0189 -0.3103 0.9505
vn 0.0432 0.9062 0.4206
vn -0.0689 -0.6460 -0.7602
vn 0.1337 0.9448 0.2992
vn -0.0394 0.4218 -0.9058
vn 0.0584 0.8933 -0.4456
vn -0.0097 0.8002 -0.5996
vn 0.0216 0.8759 0.4820
vn 0.0426 0.9582 0.2830
vn -0.0399 0.6432 0.7646
vn 0.0264 0.3476 -0.9373
vn -0.0241 -0.0859 -0.9960
vn -0.0394 -0.5188 -0.8540
vn 0.0148 -0.6437 -0.7652
vn -0.0442 -0.8925 -0.4489
vn -0.0443 -0.9915 0.1226
vn -0.1304 -0.7269 0.6742
vn 0.0431 -0.9062 0.4205
vn 0.0186 -0.6533 0.7569
vn -0.0403 0.5188 0.8539
vn 0.0474 0.8751 0.4816
vn -0.0970 -0.9785 0.1823
vn 0.0170 -0.6224 -0.7825
vn 0.0383 0.8693 -0.4928
vn -0.0246 0.4819 -0.8759
vn -0.0578 0.0072 -0.9983
vn -0.1305 0.7269 -0.6742
vn -0.0247 0.9109 0.4119
vn -0.0494 0.9947 -0.0906
vn -0.0610 0.4818 0.8741
vn 0.0340 0.9390 0.3423
vn -0.1129 0.2769 -0.9543
vn -0.0240 -0.4930 -0.8697
vn -0.0619 -0.9071 -0.4163
vn 0.0200 -0.9998 0.0071
vn -0.0801 -0.7468 0.6602
vn 0.0095 0.6534 -0.7570
vn -0.0267 0.4348 0.9001
vn -0.0241 0.7738 0.6329
vn -0.0403 0.9707 0.2370
vn 0.0257 -0.9451 0.3259
vn 0.0910 -0.9532 -0.2882
vn -0.0441 0.9367 -0.3473
vn -0.1304 -0.4508 0.8831
vn 0.0125 0.7682 0.6400
vn 0.0239 0.9492 0.3139
vn 0.0542 0.9448 0.3230
vn -0.0900 0.1114 0.9897
vn -0.0043 -0.6585 0.7526
vn 0.0149 -0.0540 0.9984
vn 0.0468 -0.9863 -0.1579
vn -0.0437 -0.8509 0.5234
vn 0.0305 -0.5493 0.8350
vn 0.0512 -0.6116 -0.7895
vn 0.0267 -0.9544 0.2972
vn 0.0343 -0.6093 -0.7922
vn 0.0424 0.0938 -0.9947
vn 0.0366 -0.4461 -0.8943
vn -0.0450 -0.8775 -0.4774
vn 0.0374 -0.8778 0.4775
vn -0.0561 -0.9922 0.1110
vn 0.0334 -0.9371 -0.3475
vn -0.0062 -0.7354 0.6776
vn 0.0469 -0.3473 0.9366
vn -0.0565 -0.4165 0.9074
vn 0.0305 0.2430 0.9696
vn 0.0787 0.6244 0.7772
vn -0.1420 0.3139 0.9388
vn -0.0478 0.7540 -0.6552
vn 0.0595 0.9622 -0.2659
vn -0.1004 0.0604 -0.9931
vn 0.0363 0.6348 -0.7719
vn 0.0022 0.9477 -0.3192
vn 0.0033 -0.6534 -0.7570
vn -0.0266 -0.4348 0.9002
vn 0.0132 0.4562 0.8898
vn 0.0149 0.9952 0.0964
vn -0.0403 -0.1525 -0.9875
vn -0.0189 -0.6474 -0.7619
vn 0.0189 -0.9517 0.3065
vn 0.0466 -0.9608 -0.2734
vn -0.0547 -0.5918 0.8042
vn -0.0578 0.8340 -0.5487
vn -0.0284 0.3321 -0.9428
vn 0.0335 0.3475 -0.9371
vn 0.0666 0.2121 -0.9750
vn 0.1063 0.9050 -0.4120
vn 0.1342 0.7220 -0.6788
vn -0.1103 0.9589 0.2616
vn -0.0403 0.9487 -0.3137
vn -0.0478 0.4955 0.8673
vn 0.0125 -0.7776 0.6286
vn 0.0335 -0.9919 -0.1227
vn 0.0469 -0.7324 -0.6793
vn -0.0437 -0.9983 -0.0376
vn 0.0464 -0.9432 0.3290
vn -0.0334 -0.7757 -0.6302
vn 0.0209 -0.1418 -0.9897
vn 0.0295 -0.3292 -0.9438
vn 0.0425 -0.9238 -0.3805
vn 0.0131 0.6311 0.7756
vn -0.0359 0.6755 0.7365
vn -0.0404 0.9631 0.2662
vn -0.0134 0.8784 -0.4778
vn 0.0139 -0.1194 -0.9927
vn 0.0427 0.3757 -0.9258
vn -0.0550 0.9838 -0.1704
vn 0.0248 0.6532 -0.7568
vn -0.0268 0.4357 0.8997
vn 0.0474 0.4601 0.8866
vn 0.0448 -0.0858 -0.9953
vn -0.0769 -0.9895 0.1224
vn -0.0100 0.8002 -0.5996
vn -0.0822 -0.1050 0.9911
vn 0.0059 0.4221 -0.9065
vn -0.0351 0.2476 -0.9682
vn -0.0450 -0.0906 -0.9949
vn -0.0892 0.6099 -0.7874
vn 0.0825 0.2280 0.9702
vn -0.0946 -0.6743 0.7324
vn 0.0427 -0.5610 -0.8267
vn 0.0368 -0.9632 -0.2662
vn -0.0312 -0.6531 -0.7566
vn 0.0512 0.1258 -0.9907
vn 0.0422 -0.6244 -0.7800
vn 0.0334 -0.4169 -0.9083
vn 0.0239 -0.8697 -0.4930
vn 0.0829 0.0106 0.9965
vn 0.0877 0.5802 0.8097
vn -0.0333 0.2734 0.9613
vn 0.0182 0.9493 0.3139
vn 0.0367 0.7565 -0.6530
vn 0.0880 0.7855 -0.6126
vn 0.0531 -0.7594 -0.6485
vn -0.2432 0.9395 -0.2411
vn -0.5344 -0.6390 -0.5533
vn -0.1736 -0.9491 -0.2627
vn 0.6071 -0.6277 0.4872
vn 0.7201 -0.1702 0.6726
vn 0.5899 0.5991 0.5414
vn 0.7341 0.1081 0.6704
vn -0.0007 -0.9908 -0.1351
vn -0.2433 0.9395 -0.2411
vn -0.7207 0.0927 -0.6870
vn -0.6844 -0.2920 -0.6680
vn -0.5255 -0.6585 -0.5387
vn -0.1738 -0.9492 -0.2625
vn 0.7075 -0.0811 0.7020
vn 0.2647 0.9355 0.2341
vn 0.5098 0.7387 0.4410
vn -0.4826 -0.7574 -0.4399
vn 0.4543 -0.7424 0.4923
vn -0.1341 -0.9610 -0.2420
vn -0.2484 0.9371 -0.2452
vn -0.5341 -0.6390 -0.5536
vn -0.1737 -0.9492 -0.2625
vn 0.6068 -0.6277 0.4877
vn 0.7195 -0.1702 0.6733
vn 0.5894 0.5978 0.5434
vn 0.6917 -0.0000 -0.7221
vn 0.7478 0.3414 0.5694
vn 0.1915 -0.9296 0.3149
vn -0.3638 -0.8725 -0.3260
vn -0.0708 -0.9934 -0.0900
vn 0.0255 -0.9462 0.3225
vn -0.0720 0.4342 0.8979
vn -0.0865 0.8088 0.5817
vn -0.0578 -0.8340 0.5487
vn 0.1536 -0.9051 -0.3964
vn -0.0754 0.9558 -0.2841
vn -0.0283 -0.3321 0.9428
vn 0.0731 0.4766 -0.8761
vn -0.0578 0.1877 0.9805
vn -0.3014 -0.9467 -0.1132
vn -0.2467 -0.9044 0.3481
vn -0.1214 0.8102 -0.5735
vn -0.1321 0.9788 -0.1563
vn -0.0598 0.8339 0.5486
vn 0.2214 0.6172 -0.7550
vn 0.4336 0.8319 0.3462
vn 0.4492 0.5548 -0.7003
vn 0.7028 0.5986 0.3844
vn 0.9493 0.2968 0.1038
vn 0.7677 -0.6202 0.1614
vn 0.3297 -0.3939 0.8580
vn 0.6493 -0.6731 -0.3540
vn 0.4581 -0.8786 0.1349
vn 0.8497 -0.0003 0.5272
vn -0.0015 0.4192 0.9079
vn 0.0537 0.4717 -0.8801
vn 0.8113 0.3984 0.4279
vn 0.9591 -0.2819 -0.0269
vn -0.8974 -0.3618 0.2527
vn 0.0903 -0.4721 0.8769
vn -0.2492 -0.5265 -0.8128
vn -0.8529 -0.1057 -0.5112
vn -0.3439 -0.0238 -0.9387
vn 0.5914 0.7282 0.3463
vn -0.6743 0.7318 -0.0989
vn 0.6805 0.6988 -0.2206
vn -0.0030 0.9999 -0.0167
vn -0.0027 1.0000 0.0006
vn -0.0010 0.9997 -0.0244
vn -0.7268 -0.0000 0.6868
vn -0.7037 -0.0000 0.7105
vn 0.7520 -0.0000 -0.6591
vn 0.7967 -0.5993 0.0782
vn -0.8342 -0.0000 0.5515
vn -0.9882 0.0003 -0.1530
vn 0.0814 -0.0002 0.9967
vn 0.0839 0.2474 0.9653
vn 0.7785 0.2428 -0.5788
vn 0.1259 -0.6298 -0.7665
vn -0.5159 -0.4979 -0.6971
vn 0.0910 -0.4240 0.9011
vn 0.9263 0.2908 -0.2395
vn -0.6952 0.6252 -0.3547
vn -0.7282 0.6359 0.2556
vn 0.0018 0.9999 0.0119
vn -0.6930 -0.7209 -0.0040
vn 0.6997 -0.7144 0.0051
vn 0.7185 -0.6954 -0.0135
vn 0.9946 0.0044 -0.1039
vn 0.0446 0.7696 -0.6370
vn -0.6707 0.7235 0.1634
vn 0.6412 -0.7518 0.1538
vn -0.3778 -0.6740 -0.6349
vn -0.3007 -0.7300 0.6138
vn -0.0123 -0.9999 0.0040
vn -0.3454 -0.8875 0.3051
vn -0.0078 0.9999 -0.0075
vn -0.9964 -0.0008 0.0847
vn 0.0725 -0.0007 -0.9974
vn -0.5219 -0.5422 0.6585
vn -0.8828 0.4342 0.1791
vn -0.5486 0.4882 0.6787
vn 0.0330 0.4800 0.8766
vn -0.1879 0.4453 -0.8754
vn -0.5874 -0.0001 0.8093
vt 0.235060 1.000000
vt 0.188314 1.000000
vt 0.172119 1.000000
vt 0.483837 1.000000
vt 0.470861 1.000000
vt 0.422119 1.000000
vt 0.047560 1.000000
vt 0.031358 1.000000
vt 0.000000 1.000000
vt 0.735060 1.000000
vt 0.720680 1.000000
vt 0.672119 1.000000
vt 0.843750 1.000000
vt 0.812641 1.000000
vt 0.797650 1.000000
vt 0.578369 1.000000
vt 0.566500 1.000000
vt 0.531250 1.000000
vt 0.377640 1.000000
vt 0.359619 1.000000
vt 0.643425 1.000000
vt 0.625000 1.000000
vt 0.748985 1.000000
vt 0.653236 1.000000
vt 0.283361 1.000000
vt 0.327112 1.000000
vt 0.215736 1.000000
vt 0.122421 1.000000
vt 1.000000 1.000000
vt 0.984375 1.000000
vt 0.953673 1.000000
vt 0.109375 1.000000
vt 0.877510 1.000000
vt 0.891173 1.000000
vt 0.453163 1.000000
vt 0.086650 1.000000
vt 0.022053 1.000000
vt 0.359489 1.000000
vt 0.863734 1.000000
vt 0.639367 1.000000
vt 0.297650 1.000000
vt 0.326683 0.500000
vt 0.857942 0.500000
vt 0.890869 1.000000
vt 0.715835 0.500000
vt 0.263968 0.500000
vt 0.388660 0.500000
vt 0.920448 0.500000
vt 0.952587 1.000000
vt 0.637814 0.500000
vt 0.782283 0.500000
vt 0.795437 0.500000
vt 0.718750 0.500000
vt 0.676840 0.500000
vt 0.625000 0.500000
vt 0.987149 0.500000
vt 0.968750 0.500000
vt 1.000000 0.500000
vt 0.500000 0.500000
vt 0.531250 0.500000
vt 0.749388 0.500000
vt 0.779838 0.500000
vt 0.654464 0.500000
vt 0.668162 0.500000
vt 0.170519 0.500000
vt 0.203106 0.500000
vt 0.218750 0.500000
vt 0.108442 0.500000
vt 0.140601 0.500000
vt 0.920154 0.500000
vt 0.883732 0.500000
vt 0.967363 0.500000
vt 0.000000 0.500000
vt 0.007827 0.500000
vt 0.031250 0.500000
vt 0.575634 0.500000
vt 0.648655 0.500000
vt 0.576766 0.500000
vt 1.000000 0.500000
vt 0.922072 0.500000
vt 0.468750 0.500000
vt 0.777951 0.500000
vt 0.745847 0.500000
vt 0.766651 0.500000
vt 0.060969 0.500000
vt 0.122760 0.500000
vt 0.140638 0.500000
vt 0.987638 0.500000
vt 0.857798 0.500000
vt 0.907385 0.500000
vt 0.074281 0.500000
vt 0.812500 0.500000
vt 0.815264 0.500000
vt 0.389284 0.500000
vt 0.362188 0.500000
vt 0.441425 0.500000
vt 0.722658 0.500000
vt 0.326783 0.500000
vt 0.283147 0.500000
vt 0.675535 0.500000
vt 0.643433 0.500000
vt 0.028511 0.500000
vt 0.000000 0.500000
vt 0.049682 0.500000
vt 0.467475 0.500000
vt 0.508626 0.500000
vt 0.871092 0.500000
vt 0.372760 0.500000
vt 0.777342 0.500000
vt 0.684760 0.500000
vt 0.579728 0.500000
vt 0.608554 0.500000
vt 0.546054 0.500000
vt 0.951542 0.500000
vt 0.435904 0.500000
vt 0.985163 0.500000
vt 0.923099 0.500000
vt 0.862182 0.500000
vt 0.203946 0.500000
vt 0.246707 0.500000
vt 0.266446 0.500000
vt 0.610196 0.500000
vt 0.638225 0.500000
vt 0.689740 0.500000
vt 0.127740 0.500000
vt 0.169780 0.500000
vt 0.547696 0.500000
vt 0.576407 0.500000
vt 0.516338 0.500000
vt 0.888225 0.500000
vt 0.785158 0.500000
vt 0.826030 0.500000
vt 0.345022 0.500000
vt 0.388225 0.500000
vt 0.611093 0.500000
vt 0.549275 0.500000
vt 0.472655 0.500000
vt 0.045157 0.500000
vt 0.075725 0.500000
vt 0.106975 0.500000
vt 0.453125 0.500000
vt 0.013530 0.500000
vt 0.874918 0.500000
vt 0.950725 0.500000
vt 0.924683 0.500000
vt 0.987183 0.500000
vt 0.527346 0.500000
vt 0.859375 0.500000
vt 0.066404 0.500000
vt 0.392720 0.500000
vt 0.433596 0.500000
vt 0.330525 0.500000
vt 0.356567 0.500000
vt 0.250119 0.500000
vt 0.294274 0.500000
vt 0.152345 0.500000
vt 0.143433 0.500000
vt 0.219190 0.500000
vt 0.424682 0.500000
vt 0.484375 0.500000
vt 0.253096 0.500000
vt 0.174114 0.500000
vt 0.111976 0.500000
vt 0.046875 0.500000
vt 0.750000 0.500000
vt 0.766096 0.500000
vt 0.799296 0.500000
vt 0.278341 0.500000
vt 0.347139 0.500000
vt 0.612182 0.500000
vt 0.638073 0.500000
vt 0.688101 0.500000
vt 0.200788 0.500000
vt 0.546875 0.500000
vt 0.575788 0.500000
vt 0.137817 0.500000
vt 0.061784 0.500000
vt 0.453383 0.500000
vt 0.515625 0.500000
vt 0.861976 0.500000
vt 0.887817 0.500000
vt 0.921489 0.500000
vt 0.825573 0.500000
vt 0.372090 0.500000
vt 0.624883 0.500000
vt 0.577790 0.500000
vt 0.657648 0.500000
vt 0.435910 0.500000
vt 0.816405 0.500000
vt 0.722655 0.500000
vt 0.703125 0.500000
vt 0.501954 0.500000
vt 0.472061 0.500000
vt 0.546182 0.500000
vt 0.527347 0.500000
vt 0.910153 0.500000
vt 0.953125 0.500000
vt 0.987182 0.500000
vt 0.066403 0.500000
vt 0.091796 0.500000
vt 0.171855 0.500000
vt 0.890625 0.500000
vt 0.421875 0.500000
vt 0.015960 0.500000
vt 0.752420 0.500000
vt 0.171875 0.500000
vt 0.234375 0.500000
vt 0.078885 0.500000
vt 0.828460 0.500000
vt 0.877395 0.500000
vt 0.393433 0.500000
vt 0.799286 0.500000
vt 0.359375 0.500000
vt 0.316405 0.500000
vt 0.722656 0.500000
vt 0.296875 0.500000
vt 0.624883 0.500000
vt 0.207710 0.500000
vt 0.968660 0.500000
vt 0.360250 0.500000
vt 0.312500 0.500000
vt 0.266500 0.500000
vt 0.674746 0.500000
vt 0.612182 0.500000
vt 0.047736 0.500000
vt 0.110250 0.500000
vt 0.454142 0.500000
vt 0.516618 0.500000
vt 0.843750 0.500000
vt 0.888602 0.500000
vt 0.234798 0.500000
vt 0.606722 0.500000
vt 0.593750 0.500000
vt 0.562500 0.500000
vt 0.867169 0.500000
vt 0.827681 0.500000
vt 0.867421 0.500000
vt 0.046491 0.500000
vt 0.840935 0.500000
vt 0.826603 0.500000
vt 0.812879 0.500000
vt 0.765697 0.500000
vt 0.794496 0.500000
vt 0.735508 0.500000
vt 0.721139 0.500000
vt 0.752997 0.500000
vt 0.734300 0.500000
vt 0.296074 0.500000
vt 0.689272 0.500000
vt 0.673676 0.500000
vt 0.645838 0.500000
vt 0.705104 0.500000
vt 0.663362 0.500000
vt 0.706109 0.500000
vt 0.531932 0.500000
vt 0.549301 0.500000
vt 0.582267 0.500000
vt 0.480898 0.500000
vt 0.454516 0.500000
vt 0.517594 0.500000
vt 0.517989 0.500000
vt 0.480896 0.500000
vt 0.456412 0.500000
vt 0.433162 0.500000
vt 0.433268 0.500000
vt 0.725759 0.500000
vt 0.688995 0.500000
vt 0.701004 0.500000
vt 0.666643 0.500000
vt 0.639963 0.500000
vt 0.688846 0.500000
vt 0.626410 0.500000
vt 0.608216 0.500000
vt 0.640789 0.500000
vt 0.767702 0.500000
vt 0.794824 0.500000
vt 0.829064 0.500000
vt 0.390759 0.500000
vt 0.358436 0.500000
vt 0.406250 0.500000
vt 0.577186 0.500000
vt 0.638548 0.500000
vt 0.514687 0.500000
vt 0.889634 0.500000
vt 0.922813 0.500000
vt 0.937500 0.500000
vt 0.486801 0.500000
vt 0.452187 0.500000
vt 0.718831 0.500000
vt 0.965522 0.500000
vt 0.985314 0.500000
vt 0.875000 0.500000
vt 0.871514 0.500000
vt 0.580933 0.500000
vt 0.589847 0.500000
vt 0.643155 0.500000
vt 0.044824 0.500000
vt 0.120501 0.500000
vt 0.106845 0.500000
vt 0.455426 0.500000
vt 0.484394 0.500000
vt 0.518433 0.500000
vt 0.012819 0.500000
vt 0.863966 0.500000
vt 0.718542 0.500000
vt 0.296875 0.500000
vt 0.348349 0.500000
vt 0.378486 0.500000
vt 0.926023 1.000000
vt 0.852099 0.880287
vt 0.931599 0.921414
vt 0.815979 1.000000
vt 0.765250 0.848181
vt 0.684020 1.000000
vt 0.672471 0.866907
vt 0.573973 1.000000
vt 0.526407 0.933761
vt 0.607297 0.903177
vt 0.453005 1.000000
vt 0.447576 0.931659
vt 0.388084 0.907618
vt 0.335638 1.000000
vt 0.322930 0.875520
vt 0.250134 0.858174
vt 0.216510 1.000000
vt 0.176894 0.875549
vt 0.136643 1.000000
vt 0.111914 0.907619
vt 0.046996 1.000000
vt 0.029919 0.935080
vt 0.271545 0.435132
vt 0.354999 0.459463
vt 0.181575 0.474957
vt 0.366130 0.391573
vt 0.467059 0.345551
vt 0.423343 0.191928
vt 0.467059 0.154448
vt 0.490000 0.250000
vt 0.091317 0.340774
vt 0.018679 0.299434
vt 0.067691 0.218389
vt 0.183530 0.422391
vt 0.077361 0.316571
vt 0.076657 0.191928
vt 0.384022 0.122430
vt 0.331509 0.086365
vt 0.267986 0.432224
vt 0.147410 0.403782
vt 0.290730 0.069777
vt 0.209270 0.069777
vt 0.168491 0.086365
vt 0.115978 0.122430
vt 0.428328 0.304097
vt 0.431288 0.286157
vt 0.926024 1.000000
vt 0.823891 0.866303
vt 0.932147 0.921497
vt 0.469075 0.934740
vt 0.453002 1.000000
vt 0.388115 0.907430
vt 0.335638 1.000000
vt 0.323084 0.875565
vt 0.250134 0.858173
vt 0.176909 0.875544
vt 0.136643 1.000000
vt 0.111914 0.907618
vt 0.046995 1.000000
vt 0.030466 0.934900
vt 0.308076 0.423341
vt 0.354999 0.459463
vt 0.181576 0.474957
vt 0.413636 0.331507
vt 0.467059 0.345551
vt 0.435132 0.228453
vt 0.467060 0.154450
vt 0.401266 0.143442
vt 0.354995 0.040535
vt 0.143440 0.098736
vt 0.181572 0.025043
vt 0.228448 0.064868
vt 0.073607 0.201982
vt 0.048776 0.129807
vt 0.183531 0.422391
vt 0.235018 0.435779
vt 0.320659 0.420821
vt 0.147333 0.403402
vt 0.316569 0.077360
vt 0.308075 0.076657
vt 0.183431 0.077360
vt 0.099084 0.143400
vt 0.956296 1.000000
vt 0.917059 0.903965
vt 0.981619 0.926959
vt 0.894609 1.000000
vt 0.842143 0.855814
vt 0.468692 1.000000
vt 0.431133 0.914272
vt 0.516117 0.927306
vt 0.379151 1.000000
vt 0.354287 0.873271
vt 0.430223 0.209269
vt 0.413635 0.168492
vt 0.361866 0.105411
vt 0.320512 0.420590
vt 0.396885 0.438434
vt 0.314765 0.479946
vt 0.413635 0.331508
vt 0.487513 0.275255
vt 0.464837 0.150215
vt 0.174890 0.081187
vt 0.087034 0.078238
vt 0.203605 0.017202
vt 0.086365 0.168492
vt 0.069777 0.290732
vt 0.017998 0.203673
vt 0.022667 0.323378
vt 0.331191 0.308203
vt 0.247163 0.350067
vt 0.175605 0.320814
vt 0.325002 0.080853
vt 0.264982 0.064221
vt 0.286145 0.431014
vt 0.380648 0.380781
vt 0.235018 0.064221
vt 0.430223 0.290732
vt 0.411647 0.312099
vt 0.418905 0.211827
vt 0.383046 0.136815
vt 0.295003 0.084685
vt 0.164926 0.101283
vt 0.157560 0.396428
vt 0.103856 0.365672
vt 0.087544 0.304428
vt 0.174998 0.419147
vt 0.271687 0.419953
vt 0.304362 0.372594
vt 0.274364 0.391583
vt 0.215197 0.377846
vt 0.368601 0.309075
vt 0.357241 0.343294
vt 0.349966 0.163036
vt 0.332852 0.132385
vt 0.384233 0.198238
vt 0.272712 0.118023
vt 0.250599 0.107177
vt 0.179420 0.373381
vt 0.240141 0.391801
vt 0.254215 0.119499
vt 0.129078 0.315897
vt 0.115221 0.295156
vt 0.106177 0.246452
vt 0.393823 0.246452
vt 0.408524 0.320293
vt 0.378995 0.316043
vt 0.376579 0.179436
vt 0.420861 0.220375
vt 0.386968 0.141594
vt 0.122767 0.186625
vt 0.076643 0.245724
vt 0.120739 0.137546
vt 0.094516 0.329604
vt 0.253286 0.349844
vt 0.298026 0.375009
vt 0.207907 0.375635
vt 0.334779 0.303235
vt 0.365011 0.315791
vt 0.346222 0.217764
vt 0.354798 0.168923
vt 0.384649 0.239140
vt 0.247341 0.147470
vt 0.304754 0.163274
vt 0.177234 0.181250
vt 0.150033 0.163037
vt 0.179380 0.324379
vt 0.332885 0.367343
vt 0.088202 0.187611
vt 0.394142 0.267402
vt 0.313374 0.122767
vt 0.173309 0.128518
vt 0.204845 0.115220
vt 0.121533 0.193408
vt 0.562500 0.913444
vt 0.593750 0.897816
vt 0.531250 0.924985
vt 0.343750 0.866842
vt 0.375000 0.884931
vt 0.343750 0.500000
vt 0.983221 0.927221
vt 0.941596 1.000000
vt 0.901001 0.893815
vt 0.862182 1.000000
vt 0.811896 0.838322
vt 0.606569 1.000000
vt 0.657253 0.856348
vt 0.468280 1.000000
vt 0.431840 0.914606
vt 0.497794 0.930127
vt 0.393431 1.000000
vt 0.330930 1.000000
vt 0.293814 0.840901
vt 0.265624 1.000000
vt 0.219316 0.838629
vt 0.183597 1.000000
vt 0.142695 0.874987
vt 0.106566 1.000000
vt 0.068706 0.914544
vt 0.413635 0.168492
vt 0.361866 0.105411
vt 0.245435 0.434706
vt 0.334925 0.471063
vt 0.203091 0.482212
vt 0.337845 0.414349
vt 0.457817 0.132125
vt 0.487513 0.224745
vt 0.174890 0.081187
vt 0.101745 0.062691
vt 0.203092 0.017788
vt 0.041349 0.133685
vt 0.012306 0.226590
vt 0.033208 0.346128
vt 0.133806 0.391520
vt 0.101748 0.437312
vt 0.325002 0.080853
vt 0.235018 0.064221
vt 0.366194 0.391519
vt 0.413635 0.331509
vt 0.363185 0.383046
vt 0.271687 0.419953
vt 0.411648 0.312098
vt 0.383046 0.136815
vt 0.295003 0.084685
vt 0.157560 0.396428
vt 0.134288 0.391081
vt 0.087544 0.304428
vt 0.274364 0.391583
vt 0.215197 0.377846
vt 0.357241 0.343294
vt 0.349966 0.163036
vt 0.332852 0.132385
vt 0.384233 0.198238
vt 0.250599 0.107177
vt 0.254215 0.119499
vt 0.298026 0.375009
vt 0.207907 0.375635
vt 0.346222 0.217764
vt 0.354798 0.168923
vt 0.384649 0.239140
vt 0.247341 0.147470
vt 0.150033 0.163037
vt 0.179380 0.324379
vt 0.173309 0.128518
vt 0.121533 0.193408
vt 0.941481 1.000000
vt 0.902201 0.886110
vt 0.983554 0.921704
vt 0.863358 1.000000
vt 0.824801 0.829486
vt 0.783492 1.000000
vt 0.749800 0.800987
vt 0.699143 1.000000
vt 0.675187 0.829468
vt 0.636644 1.000000
vt 0.597744 0.885971
vt 0.468812 1.000000
vt 0.434542 0.908775
vt 0.515669 0.921825
vt 0.394606 1.000000
vt 0.359343 0.864625
vt 0.332107 1.000000
vt 0.309932 0.832853
vt 0.180840 1.000000
vt 0.109615 0.885836
vt 0.177882 0.839879
vt 0.250138 0.434588
vt 0.335231 0.471353
vt 0.203781 0.482833
vt 0.426393 0.298018
vt 0.481320 0.299438
vt 0.430825 0.406157
vt 0.419146 0.174997
vt 0.430827 0.093846
vt 0.476819 0.174930
vt 0.348973 0.093666
vt 0.335230 0.028647
vt 0.264983 0.064221
vt 0.147376 0.403757
vt 0.103110 0.438430
vt 0.073607 0.201982
vt 0.073607 0.298018
vt 0.081186 0.325108
vt 0.369936 0.111819
vt 0.316259 0.422479
vt 0.356560 0.401264
vt 0.237319 0.067628
vt 0.159225 0.091318
vt 0.408682 0.340775
vt 0.122779 0.116007
vt 0.432309 0.218389
vt 0.304283 0.412027
vt 0.209490 0.430266
vt 0.420205 0.279290
vt 0.386604 0.358121
vt 0.415793 0.196486
vt 0.097046 0.173813
vt 0.179895 0.091894
vt 0.072629 0.192749
vt 0.131084 0.375247
vt 0.129231 0.391961
vt 0.202384 0.417582
vt 0.212085 0.418744
vt 0.081542 0.288073
vt 0.114848 0.354563
vt 0.080496 0.228371
vt 0.383720 0.181540
vt 0.389716 0.203192
vt 0.396163 0.268651
vt 0.239777 0.396993
vt 0.311933 0.411220
vt 0.335920 0.371641
vt 0.389020 0.303405
vt 0.382693 0.362887
vt 0.418745 0.287913
vt 0.417582 0.202386
vt 0.375247 0.131084
vt 0.329501 0.124070
vt 0.288071 0.081541
vt 0.231348 0.103837
vt 0.133459 0.159836
vt 0.188067 0.088780
vt 0.100261 0.237923
vt 0.113666 0.310453
vt 0.116280 0.318460
vt 0.100910 0.246322
vt 0.352539 0.358002
vt 0.260222 0.396993
vt 0.164081 0.371641
vt 0.941481 1.000000
vt 0.902256 0.885971
vt 0.983248 0.921658
vt 0.824813 0.829468
vt 0.783492 1.000000
vt 0.749800 0.800987
vt 0.699143 1.000000
vt 0.675160 0.829339
vt 0.636644 1.000000
vt 0.597681 0.885962
vt 0.452200 0.916333
vt 0.515667 0.921825
vt 0.321338 0.839553
vt 0.266855 1.000000
vt 0.265451 0.815481
vt 0.205258 0.825217
vt 0.180841 1.000000
vt 0.140656 0.864625
vt 0.105396 1.000000
vt 0.065457 0.908774
vt 0.426393 0.298018
vt 0.430825 0.406157
vt 0.377221 0.116007
vt 0.335230 0.028647
vt 0.430827 0.093846
vt 0.070714 0.199060
vt 0.042185 0.132121
vt 0.115976 0.122432
vt 0.076657 0.308073
vt 0.012487 0.224746
vt 0.035164 0.349788
vt 0.203781 0.482833
vt 0.103110 0.438430
vt 0.231735 0.435455
vt 0.300937 0.070714
vt 0.290730 0.069777
vt 0.209270 0.069777
vt 0.340776 0.408682
vt 0.408682 0.340775
vt 0.432309 0.218389
vt 0.427371 0.192749
vt 0.261852 0.079533
vt 0.199160 0.070636
vt 0.097046 0.173813
vt 0.122779 0.116007
vt 0.205117 0.414878
vt 0.209491 0.430266
vt 0.129417 0.392416
vt 0.402953 0.326187
vt 0.418458 0.288073
vt 0.418745 0.212087
vt 0.118786 0.176851
vt 0.133459 0.159836
vt 0.184305 0.118107
vt 0.231348 0.103837
vt 0.267371 0.100782
vt 0.079533 0.261854
vt 0.081542 0.288073
vt 0.383720 0.181540
vt 0.389716 0.203192
vt 0.396163 0.268651
vt 0.389020 0.303405
vt 0.382693 0.362888
vt 0.323166 0.377900
vt 0.375273 0.130757
vt 0.329502 0.124070
vt 0.271627 0.080496
vt 0.170606 0.094927
vt 0.147461 0.358002
vt 0.195717 0.412027
vt 0.113396 0.358122
vt 0.224522 0.396943
vt 0.103837 0.268651
vt 0.176834 0.377900
vt 0.352540 0.358001
vt 0.275477 0.396943
vt 0.956296 1.000000
vt 0.898159 0.892201
vt 0.981619 0.926977
vt 0.281367 1.000000
vt 0.354286 0.873289
vt 0.807841 0.836194
vt 0.766856 1.000000
vt 0.730166 0.821774
vt 0.680842 1.000000
vt 0.657757 0.855990
vt 0.605395 1.000000
vt 0.582927 0.903962
vt 0.468812 1.000000
vt 0.431574 0.914607
vt 0.515905 0.927354
vt 0.245435 0.434706
vt 0.314764 0.479946
vt 0.221841 0.487227
vt 0.365714 0.391080
vt 0.396888 0.438432
vt 0.432371 0.262683
vt 0.457816 0.367878
vt 0.464837 0.150215
vt 0.487513 0.275255
vt 0.130011 0.112077
vt 0.203782 0.017168
vt 0.245439 0.065026
vt 0.087034 0.078238
vt 0.069471 0.290561
vt 0.017998 0.203673
vt 0.070714 0.199062
vt 0.022667 0.323378
vt 0.133805 0.391519
vt 0.137409 0.460641
vt 0.068401 0.405214
vt 0.134286 0.391080
vt 0.067629 0.262683
vt 0.400916 0.143399
vt 0.369989 0.112077
vt 0.334939 0.084098
vt 0.099084 0.143399
vt 0.429286 0.199062
vt 0.385510 0.354840
vt 0.366195 0.391519
vt 0.256162 0.434105
vt 0.430529 0.290561
vt 0.423357 0.245724
vt 0.279370 0.079344
vt 0.254561 0.065026
vt 0.165026 0.084098
vt 0.120739 0.362454
vt 0.079081 0.238114
vt 0.220630 0.420657
vt 0.379262 0.137546
vt 0.408524 0.320293
vt 0.201972 0.375008
vt 0.207716 0.375510
vt 0.292284 0.375510
vt 0.326388 0.403360
vt 0.368601 0.309075
vt 0.357241 0.343294
vt 0.379782 0.191609
vt 0.393823 0.253548
vt 0.349966 0.163036
vt 0.329847 0.131578
vt 0.134990 0.315792
vt 0.179420 0.373381
vt 0.112849 0.287337
vt 0.254215 0.119499
vt 0.220600 0.119156
vt 0.362424 0.336978
vt 0.281537 0.390368
vt 0.393616 0.246276
vt 0.375605 0.130441
vt 0.288015 0.080808
vt 0.115767 0.198238
vt 0.130769 0.124421
vt 0.167148 0.132385
vt 0.094516 0.329605
vt 0.080047 0.228314
vt 0.252659 0.352530
vt 0.298026 0.375009
vt 0.316607 0.326560
vt 0.365010 0.315792
vt 0.247340 0.147470
vt 0.304755 0.163274
vt 0.177235 0.181250
vt 0.150034 0.163036
vt 0.187902 0.330260
vt 0.253548 0.106177
vt 0.150132 0.391766
vt 0.382135 0.227089
vt 0.910404 1.000000
vt 0.845941 0.858407
vt 0.915762 0.903035
vt 0.733145 1.000000
vt 0.692213 0.836157
vt 0.769824 0.821767
vt 0.468691 1.000000
vt 0.431133 0.914290
vt 0.514486 0.927571
vt 0.379150 1.000000
vt 0.354289 0.873194
vt 0.218632 1.000000
vt 0.280684 0.838627
vt 0.299684 1.000000
vt 0.206186 0.840899
vt 0.068881 0.914430
vt 0.141060 0.875824
vt 0.121391 1.000000
vt 0.419147 0.174998
vt 0.457817 0.132125
vt 0.487513 0.224746
vt 0.064221 0.235018
vt 0.022668 0.176621
vt 0.105409 0.138135
vt 0.081187 0.325110
vt 0.086006 0.421642
vt 0.017998 0.296328
vt 0.396145 0.134329
vt 0.365672 0.103856
vt 0.325001 0.080853
vt 0.281612 0.067691
vt 0.218388 0.067691
vt 0.192748 0.072629
vt 0.426393 0.298018
vt 0.432371 0.237318
vt 0.349867 0.391766
vt 0.411752 0.339165
vt 0.352624 0.403756
vt 0.379262 0.137547
vt 0.279370 0.079344
vt 0.179710 0.091475
vt 0.113031 0.141595
vt 0.112076 0.130013
vt 0.097430 0.335056
vt 0.077361 0.316571
vt 0.079081 0.238114
vt 0.423357 0.245724
vt 0.420919 0.238114
vt 0.253286 0.150156
vt 0.295244 0.159166
vt 0.324380 0.179382
vt 0.343708 0.208308
vt 0.351234 0.242961
vt 0.298252 0.124875
vt 0.320581 0.126619
vt 0.370921 0.184102
vt 0.207909 0.124364
vt 0.142759 0.156705
vt 0.225637 0.108417
vt 0.118567 0.266772
vt 0.122767 0.313376
vt 0.106053 0.233247
vt 0.168924 0.354798
vt 0.191683 0.381517
vt 0.266771 0.381433
vt 0.274582 0.391752
vt 0.136692 0.178266
vt 0.134990 0.184208
vt 0.347915 0.276655
vt 0.318278 0.322922
vt 0.295155 0.384780
vt 0.342441 0.396427
vt 0.245509 0.423107
vt 0.384779 0.204845
vt 0.377233 0.313375
vt 0.386969 0.141595
vt 0.232010 0.109000
vt 0.320290 0.091475
vt 0.326956 0.128445
vt 0.220631 0.079344
vt 0.105550 0.238351
vt 0.084685 0.295002
vt 0.091476 0.179709
vt 0.126618 0.320581
vt 0.150095 0.391439
vt 0.198481 0.384109
vt 0.252659 0.352530
vt 0.309077 0.368600
vt 0.234384 0.384180
vt 0.304438 0.127647
vt 0.368600 0.190925
vt 0.147322 0.252533
vt 0.118023 0.272712
vt 0.181723 0.322923
vt 0.163037 0.349967
vt 0.357240 0.343295
vt 0.393823 0.253548
vt 0.141594 0.113032
vt 0.347136 0.342461
vt 0.375635 0.292092
vt 0.382135 0.272912
vt 0.934763 0.911628
vt 0.894608 1.000000
vt 0.868339 0.874022
vt 0.363396 0.878350
vt 0.378980 1.000000
vt 0.807981 0.836246
vt 0.730172 0.821767
vt 0.680842 1.000000
vt 0.658370 0.855552
vt 0.605394 1.000000
vt 0.582940 0.903983
vt 0.468691 1.000000
vt 0.431654 0.914490
vt 0.517535 0.927107
vt 0.324900 0.418899
vt 0.396885 0.438434
vt 0.314765 0.479946
vt 0.413635 0.331509
vt 0.430223 0.209269
vt 0.464836 0.150214
vt 0.191662 0.076830
vt 0.086548 0.078114
vt 0.203604 0.017203
vt 0.103855 0.134329
vt 0.391961 0.129230
vt 0.383995 0.122781
vt 0.316259 0.077521
vt 0.072629 0.307251
vt 0.086365 0.331509
vt 0.122779 0.383994
vt 0.290734 0.069778
vt 0.304096 0.428328
vt 0.380648 0.380781
vt 0.191829 0.423351
vt 0.218443 0.432047
vt 0.415315 0.295002
vt 0.427371 0.307252
vt 0.432310 0.218390
vt 0.358406 0.113032
vt 0.408525 0.179710
vt 0.088352 0.187904
vt 0.070353 0.214489
vt 0.108039 0.129231
vt 0.108234 0.349866
vt 0.159633 0.199624
vt 0.169738 0.187905
vt 0.204756 0.159166
vt 0.227391 0.149959
vt 0.272609 0.149959
vt 0.134989 0.315791
vt 0.196165 0.368956
vt 0.215197 0.377846
vt 0.204998 0.415316
vt 0.279369 0.420656
vt 0.335072 0.398718
vt 0.295244 0.159166
vt 0.330261 0.187904
vt 0.127912 0.203568
vt 0.121132 0.271855
vt 0.304440 0.372352
vt 0.232010 0.391000
vt 0.363240 0.321487
vt 0.326955 0.371555
vt 0.384297 0.207833
vt 0.384779 0.295156
vt 0.184000 0.122753
vt 0.253548 0.106177
vt 0.246695 0.115934
vt 0.156100 0.360381
vt 0.228776 0.121303
vt 0.347398 0.272665
vt 0.324380 0.320619
vt 0.295243 0.340834
vt 0.173045 0.371555
vt 0.253286 0.349844
vt 0.227392 0.350042
vt 0.394450 0.261650
vt 0.412456 0.304428
vt 0.362425 0.336978
vt 0.261653 0.105551
vt 0.335074 0.101283
vt 0.326691 0.128518
vt 0.220630 0.079344
vt 0.191599 0.118742
vt 0.122767 0.186625
vt 0.076643 0.245724
vt 0.120738 0.137546
vt 0.094516 0.329604
vt 0.267990 0.391000
vt 0.164928 0.398718
vt 0.298253 0.375124
vt 0.368799 0.303852
vt 0.351233 0.257040
vt 0.375126 0.201750
vt 0.179380 0.324379
vt 0.164926 0.101283
vt 0.858449 0.793149
vt 0.832331 1.000000
vt 0.796235 0.701186
vt 0.766904 1.000000
vt 0.735214 0.669646
vt 0.410810 1.000000
vt 0.388959 0.892440
vt 0.450720 0.921489
vt 0.183575 1.000000
vt 0.171182 0.850594
vt 0.234390 0.821076
vt 0.422171 0.359886
vt 0.443510 0.309383
vt 0.455389 0.266647
vt 0.012378 1.000000
vt 0.000000 0.922045
vt 0.046582 0.922073
vt 0.457657 0.368174
vt 0.375560 0.450750
vt 0.406711 0.116182
vt 0.464525 0.149526
vt 0.446043 0.186509
vt 0.343603 0.066414
vt 0.375560 0.049251
vt 0.186918 0.053833
vt 0.123941 0.049043
vt 0.255942 0.012870
vt 0.048584 0.270120
vt 0.010000 0.250000
vt 0.033202 0.153836
vt 0.102639 0.391429
vt 0.033203 0.346165
vt 0.186917 0.446167
vt 0.123941 0.450957
vt 0.270110 0.455049
vt 0.255939 0.487130
vt 0.116783 0.092796
vt 0.093289 0.116183
vt 0.066729 0.155808
vt 0.053957 0.186509
vt 0.440374 0.175995
vt 0.383217 0.092796
vt 0.313082 0.053833
vt 0.266469 0.044593
vt 0.289660 0.450507
vt 0.350040 0.430145
vt 0.233531 0.044593
vt 0.380404 0.409512
vt 0.156397 0.066414
vt 0.410809 1.000000
vt 0.453370 0.922055
vt 0.503965 1.000000
vt 0.370194 0.879758
vt 0.316424 1.000000
vt 0.293984 0.829551
vt 0.183575 1.000000
vt 0.158483 0.859552
vt 0.234390 0.821075
vt 0.419322 0.363935
vt 0.451207 0.285177
vt 0.454373 0.249909
vt 0.012379 1.000000
vt 0.000000 0.922045
vt 0.029760 0.925718
vt 0.327759 0.439025
vt 0.375561 0.450749
vt 0.255939 0.487130
vt 0.464585 0.350348
vt 0.487505 0.224673
vt 0.343600 0.066413
vt 0.375562 0.049252
vt 0.419150 0.135832
vt 0.186919 0.053832
vt 0.123940 0.049044
vt 0.255940 0.012870
vt 0.056490 0.190618
vt 0.033202 0.153835
vt 0.090973 0.380996
vt 0.033203 0.346165
vt 0.051844 0.306527
vt 0.153209 0.431882
vt 0.123941 0.450956
vt 0.049880 0.209999
vt 0.116782 0.092797
vt 0.093290 0.116181
vt 0.428017 0.153614
vt 0.229888 0.455048
vt 0.250119 0.454389
vt 0.332480 0.063112
vt 0.266471 0.044593
vt 0.233527 0.044593
vt 0.156400 0.066413
vt 0.411333 0.378186
vt 0.859226 0.794247
vt 0.832333 1.000000
vt 0.796009 0.700800
vt 0.766903 1.000000
vt 0.735215 0.669647
vt 0.410809 1.000000
vt 0.389195 0.892907
vt 0.453371 0.922055
vt 0.183575 1.000000
vt 0.171877 0.850060
vt 0.234390 0.821074
vt 0.433269 0.344195
vt 0.428017 0.346387
vt 0.454373 0.249908
vt 0.012382 1.000000
vt 0.000000 0.922044
vt 0.047675 0.921831
vt 0.419152 0.135834
vt 0.464527 0.149530
vt 0.322919 0.059159
vt 0.375562 0.049252
vt 0.226243 0.045311
vt 0.255941 0.012870
vt 0.088666 0.121815
vt 0.033202 0.153837
vt 0.123941 0.049043
vt 0.190442 0.447237
vt 0.123940 0.450955
vt 0.119596 0.409513
vt 0.270119 0.455048
vt 0.255941 0.487130
vt 0.070161 0.149387
vt 0.051844 0.193473
vt 0.045324 0.226112
vt 0.056490 0.309382
vt 0.405666 0.120565
vt 0.294436 0.050621
vt 0.366975 0.417440
vt 0.346830 0.431861
vt 0.193919 0.051709
vt 0.149955 0.069858
vt 0.122419 0.088171
vt 1.000000 0.932453
vt 0.989270 1.000000
vt 0.946630 0.923878
vt 0.832187 1.000000
vt 0.871542 0.894739
vt 0.925857 1.000000
vt 0.765475 0.863145
vt 0.718633 1.000000
vt 0.644329 0.888136
vt 0.602141 1.000000
vt 0.552906 0.923838
vt 0.500472 1.000000
vt 0.487581 0.931841
vt 0.307248 0.427372
vt 0.357304 0.463468
vt 0.250707 0.486903
vt 0.394590 0.361866
vt 0.453686 0.365692
vt 0.435779 0.264983
vt 0.279424 0.072269
vt 0.390159 0.062294
vt 0.408682 0.159225
vt 0.067691 0.218389
vt 0.070133 0.244080
vt 0.100104 0.350489
vt 0.214126 0.431069
vt 0.249725 0.430464
vt 0.709053 0.207896
vt 0.732893 0.349498
vt 0.773262 0.277005
vt 0.796014 0.157582
vt 0.712528 0.724400
vt 0.766390 0.652743
vt 0.702481 0.590688
vt 0.733316 0.562500
vt 0.726839 0.062087
vt 0.698736 0.354539
vt 0.266900 0.437500
vt 0.300976 0.483364
vt 0.300961 0.373602
vt 0.286127 0.734385
vt 0.232908 0.687500
vt 0.235339 0.780619
vt 0.231567 0.500000
vt 0.196946 0.537238
vt 0.242449 0.599311
vt 0.220240 0.406301
vt 0.275321 0.152792
vt 0.242395 0.028020
vt 0.125981 0.091092
vt 0.163958 0.216942
vt 0.196747 0.338013
vt 0.241657 0.276298
vt 0.177911 0.659105
vt 0.151198 0.787979
vt 0.247882 0.875025
vt 0.139278 0.469944
vt 0.141540 0.343256
vt 0.142072 0.592056
vt 0.082507 0.875000
vt 0.130819 0.957039
vt 0.077405 0.528580
vt 0.035374 0.937500
vt 0.025496 0.278789
vt 0.084304 0.341404
vt 0.083345 0.213483
vt 0.006320 0.095115
vt 0.000000 0.404706
vt 0.006585 0.530389
vt 0.042327 0.396875
vt 0.000000 0.875000
vt 0.023317 0.784391
vt 0.000000 0.187500
vt 0.000000 0.648833
vt 0.069696 0.719710
vt 0.042327 0.603125
vt 0.984375 0.648833
vt 0.922270 0.724460
vt 1.000000 0.784391
vt 0.936236 0.187500
vt 0.953524 0.281068
vt 1.000000 0.278789
vt 0.928847 0.597112
vt 0.993258 0.530389
vt 0.950317 0.500000
vt 0.922053 0.408225
vt 0.985211 0.404706
vt 0.890769 0.285347
vt 0.895392 0.543430
vt 0.835396 0.846235
vt 0.947731 0.846297
vt 0.866203 0.658830
vt 0.928386 0.095115
vt 0.814151 0.750000
vt 0.828676 0.284314
vt 0.797500 0.406458
vt 0.859375 0.413354
vt 0.824053 0.645131
vt 0.796218 0.526898
vt 0.797335 0.003061
vt 0.732468 0.471193
vt 0.743448 0.850868
vt 0.785437 0.937940
vt 0.886256 1.000000
vt 0.831454 0.500000
vt 0.978301 0.500000
vt 0.714248 1.000000
vt 0.659483 0.500000
vt 0.589655 1.000000
vt 0.502673 0.500000
vt 0.198582 1.000000
vt 0.176448 0.500000
vt 0.331811 0.500000
vt 0.057998 1.000000
vt 0.039500 0.500000
vt 0.087135 0.500000
vt 0.460265 0.500000
vt 0.541726 0.500000
vt 0.942223 0.500000
vt 0.798668 0.500000
vt 0.861331 0.500000
vt 0.977681 0.500000
vt 0.012817 0.500000
vt 0.671882 0.500000
vt 0.628904 0.500000
vt 0.736835 0.500000
vt 0.377431 0.500000
vt 0.387414 0.500000
vt 0.795830 0.500000
vt 0.280713 0.500000
vt 0.671165 0.500000
vt 0.543054 0.500000
vt 0.947251 0.500000
vt 0.889096 0.122210
vt 0.552876 0.192112
vt 0.771720 0.450456
vt 0.247062 0.500000
vt 0.295606 0.500000
vt 0.125304 0.500000
vt 0.031941 0.500000
vt 0.632383 0.500000
vt 0.018433 0.500000
vt 0.480021 1.000000
vt 0.404693 1.000000
vt 0.339248 1.000000
vt 0.133847 1.000000
vt 0.522867 1.000000
vt 0.032149 1.000000
vt 0.671782 1.000000
vt 0.313618 1.000000
vt 0.764587 1.000000
vt 0.214912 1.000000
vt 0.972651 1.000000
vt 0.618947 1.000000
vt 0.260244 1.000000
vt 0.867844 1.000000
vt 0.899306 1.000000
vt 0.752323 1.000000
vt 0.050103 1.000000
vt 0.487618 1.000000
vt 0.378907 1.000000
vt 0.751392 1.000000
vt 0.158549 1.000000
vt 0.208613 1.000000
vt 0.956115 1.000000
vt 0.343568 1.000000
vt 0.453658 1.000000
vt 0.625000 0.382441
vt 0.375000 0.500000
vt 0.375000 0.250000
vt 0.625000 0.382441
vt 0.625000 0.382441
vt 0.779339 1.000000
vt 0.783192 0.500000
vt 0.909016 0.500000
vt 0.674909 0.500000
vt 0.607230 1.000000
vt 0.516900 0.500000
vt 0.452332 1.000000
vt 0.344925 0.500000
vt 0.062228 1.000000
vt 0.034696 0.500000
vt 0.176610 0.500000
vt 0.064035 0.500000
vt 0.941995 0.500000
vt 0.778982 0.500000
vt 0.658210 0.500000
vt 0.187665 0.500000
vt 0.526134 0.500000
vt 0.613342 0.500000
vt 0.103595 0.500000
vt 0.374437 0.500000
vt 0.357361 0.500000
vt 0.843446 0.500000
vt 0.961866 0.500000
vt 0.592388 0.500000
vt 0.109418 0.500000
vt 0.486644 1.000000
vt 0.062383 1.000000
vt 0.685638 1.000000
vt 0.591343 1.000000
vt 0.937236 1.000000
vt 0.919708 1.000000
vt 0.798940 1.000000
vt 0.752620 1.000000
vt 0.343489 1.000000
vt 0.295383 1.000000
vt 0.187199 1.000000
vt 0.135727 1.000000
vt 0.630038 1.000000
vt 0.013681 1.000000
vt 0.270208 1.000000
vt 0.455925 1.000000
vt 0.562524 1.000000
vt 0.419365 1.000000
vt 0.861964 1.000000
vt 0.839090 1.000000
vt 0.667405 1.000000
vt 0.171343 1.000000
vt 0.589163 1.000000
vt 0.582663 0.500000
vt 0.754585 0.500000
vt 0.410837 0.500000
vt 0.245415 1.000000
vt 0.223237 0.500000
vt 0.786440 0.500000
vt 0.932900 1.000000
vt 0.760716 1.000000
vt 0.599480 0.500000
vt 0.400520 1.000000
vt 0.410742 0.500000
vt 0.239284 0.500000
vt 0.031113 0.213010
vt 0.468887 0.286989
vt 0.216915 0.457968
vt 0.776667 1.000000
vt 0.723333 0.500000
vt 0.947271 0.500000
vt 0.525213 1.000000
vt 0.474787 0.500000
vt 0.276667 1.000000
vt 0.223333 0.500000
vt 0.052729 1.000000
vt 0.040389 0.500000
vt 0.525213 1.000000
vt 0.052729 1.000000
vt 0.040389 0.500000
vt 0.838112 1.000000
vt 0.863943 0.885427
vt 0.979624 0.885427
vt 0.736829 0.885427
vt 0.620477 1.000000
vt 0.594970 0.885427
vt 0.417587 1.000000
vt 0.332693 0.885427
vt 0.456035 0.885427
vt 0.214227 1.000000
vt 0.207693 0.885427
vt 0.097661 0.885427
vt 0.034199 1.000000
vt 0.017029 0.885427
vt 0.085947 0.500000
vt 0.114272 0.500000
vt 0.220924 0.500000
vt 0.804231 0.500000
vt 0.769324 0.500000
vt 0.902215 0.500000
vt 0.351378 0.500000
vt 0.416663 0.500000
vt 0.461459 0.500000
vt 0.330732 0.500000
vt 0.234534 0.500000
vt 0.504463 0.500000
vt 0.568833 0.500000
vt 0.593429 0.500000
vt 0.009556 0.500000
vt 0.113949 0.500000
vt 0.070203 0.500000
vt 0.887676 0.500000
vt 0.991516 0.500000
vt 0.260706 0.500000
vt 0.380177 0.500000
vt 0.982364 1.000000
vt 0.952140 1.000000
vt 0.529070 1.000000
vt 0.828108 1.000000
vt 0.297847 1.000000
vt 0.742131 1.000000
vt 0.062571 1.000000
vt 0.660839 1.000000
vt 0.621347 1.000000
vt 0.535508 1.000000
vt 0.989948 1.000000
vt 0.910082 1.000000
vt 0.168848 1.000000
vt 0.095330 1.000000
vt 0.445127 1.000000
vt 0.017316 1.000000
vt 0.399687 1.000000
vt 0.839641 1.000000
vt 0.314275 1.000000
vt 0.214331 1.000000
vt 0.738924 1.000000
vt 0.222882 1.000000
vt 0.943217 1.000000
vt 0.502197 1.000000
vt 0.020559 1.000000
vt 0.339732 0.879112
vt 0.447476 0.879112
vt 0.558486 0.879112
vt 0.670226 0.879112
vt 0.674316 0.500000
vt 0.936251 0.879112
vt 0.939577 0.500000
vt 0.013953 0.882387
vt 0.000000 0.879112
vt 0.072728 0.879112
vt 0.308597 0.882387
vt 0.217619 0.879112
vt 0.421908 0.882387
vt 0.567571 0.882387
vt 0.790389 0.879112
vt 0.719056 0.882387
vt 0.842081 0.882387
vt 0.961274 0.882387
vt 0.110150 1.000000
vt 0.560788 1.000000
vt 0.091221 0.119547
vt 0.421127 0.398604
vt 0.141610 0.437434
vt 0.984375 1.000000
vt 0.575313 0.500000
vt 0.437500 0.500000
vt 0.856296 0.500000
vt 0.576309 0.500000
vt 0.817208 0.500000
vt 0.719407 0.500000
vt 0.264893 0.500000
vt 0.695171 0.500000
vt 0.846238 0.500000
vt 0.714637 0.500000
vt 0.680204 0.500000
vt 0.856508 0.500000
vt 0.854396 0.500000
vt 0.814726 0.500000
vt 0.843475 0.500000
vt 0.203151 0.500000
vt 0.278510 0.500000
vt 0.202304 0.500000
vt 0.763225 0.500000
vt 0.701030 0.500000
vt 0.326030 0.500000
vt 0.965805 0.500000
vt 0.690049 0.500000
vt 0.783603 0.500000
vt 0.777346 0.500000
vt 0.683597 0.500000
vt 0.606567 0.500000
vt 0.981568 0.500000
vt 0.277345 0.500000
vt 0.358592 0.500000
vt 0.794685 0.500000
vt 0.171801 0.500000
vt 0.954000 0.500000
vt 0.677505 0.500000
vt 0.631529 0.500000
vt 0.678500 0.500000
vt 0.647791 0.500000
vt 0.621810 0.500000
vt 0.645604 0.500000
vt 0.625369 0.500000
vt 0.621814 0.500000
vt 0.625372 0.500000
vt 0.673712 0.500000
vt 0.673670 0.500000
vt 0.673676 0.500000
vt 0.633050 0.500000
vt 0.625368 0.500000
vt 0.645788 0.500000
vt 0.621812 0.500000
vt 0.646094 0.500000
vt 0.172225 0.500000
vt 0.631554 0.500000
vt 0.641639 0.500000
vt 0.641047 0.500000
vt 0.108991 0.500000
vt 0.979813 0.500000
vt 0.884071 0.500000
vt 0.883457 0.500000
vt 0.877684 0.500000
vt 0.866868 0.500000
vt 0.841168 0.500000
vt 0.794496 0.500000
vt 0.841190 0.500000
vt 0.852662 0.500000
vt 0.847576 0.500000
vt 0.794191 0.500000
vt 0.841168 0.500000
vt 0.839604 0.500000
vt 0.796297 0.500000
vt 0.847576 0.500000
vt 0.794141 0.500000
vt 0.794038 0.500000
vt 0.830443 0.500000
vt 0.841168 0.500000
vt 0.840885 0.500000
vt 0.812895 0.500000
vt 0.840887 0.500000
vt 0.827396 0.500000
vt 0.783371 0.500000
vt 0.812878 0.500000
vt 0.765987 0.500000
vt 0.779255 0.500000
vt 0.805219 0.500000
vt 0.763379 0.500000
vt 0.790813 0.500000
vt 0.817431 0.500000
vt 0.793466 0.500000
vt 0.736648 0.500000
vt 0.734850 0.500000
vt 0.796297 0.500000
vt 0.734861 0.500000
vt 0.734854 0.500000
vt 0.794376 0.500000
vt 0.734851 0.500000
vt 0.748434 0.500000
vt 0.730478 0.500000
vt 0.765363 0.500000
vt 0.734504 0.500000
vt 0.718750 0.500000
vt 0.724707 0.500000
vt 0.705415 0.500000
vt 0.734504 0.500000
vt 0.720925 0.500000
vt 0.735645 0.500000
vt 0.679355 0.500000
vt 0.689268 0.500000
vt 0.687500 0.500000
vt 0.702782 0.500000
vt 0.684171 0.500000
vt 0.678500 0.500000
vt 0.682731 0.500000
vt 0.681919 0.500000
vt 0.653349 0.500000
vt 0.582731 0.500000
vt 0.531871 0.500000
vt 0.666333 0.500000
vt 0.653074 0.500000
vt 0.689098 0.500000
vt 0.582730 0.500000
vt 0.531896 0.500000
vt 0.582779 0.500000
vt 0.517663 0.500000
vt 0.481536 0.500000
vt 0.866868 0.500000
vt 0.794149 0.500000
vt 0.838778 0.500000
vt 0.794493 0.500000
vt 0.418433 0.500000
vt 0.418433 0.500000
vt 0.841030 0.500000
vt 0.794954 0.500000
vt 0.824939 0.500000
vt 0.736644 0.500000
vt 0.761317 0.500000
vt 0.748571 0.500000
vt 0.726121 0.500000
vt 0.745858 0.500000
vt 0.745857 0.500000
vt 0.718549 0.500000
vt 0.734508 0.500000
vt 0.688350 0.500000
vt 0.689268 0.500000
vt 0.733014 0.500000
vt 0.701388 0.500000
vt 0.689069 0.500000
vt 0.639964 0.500000
vt 0.639900 0.500000
vt 0.667227 0.500000
vt 0.642061 0.500000
vt 0.659095 0.500000
vt 0.631592 0.500000
vt 0.621811 0.500000
vt 0.584178 0.500000
vt 0.047813 0.500000
vt 0.235313 0.500000
vt 0.172814 0.500000
vt 0.110314 0.500000
vt 0.231845 0.500000
vt 0.169574 0.500000
vt 0.876850 0.049629
vt 0.512306 0.273411
vt 0.772954 0.483562
vt 0.234375 0.500000
vt 1.000000 0.938834
vt 0.750000 1.000000
vt 0.429286 0.199062
vt 0.354994 0.040534
vt 0.181575 0.025042
vt 0.069174 0.406155
vt 0.048776 0.129806
vt 0.380423 0.380623
vt 1.000000 0.938834
vt 0.573974 1.000000
vt 0.684022 1.000000
vt 0.719317 0.849121
vt 0.646929 0.880726
vt 0.566640 0.921971
vt 0.069174 0.406156
vt 0.064868 0.228453
vt 0.077361 0.316571
vt 0.435779 0.235016
vt 0.406239 0.151366
vt 0.408683 0.340775
vt 0.766856 1.000000
vt 0.770159 0.821894
vt 0.832107 1.000000
vt 0.692138 0.836195
vt 0.680842 1.000000
vt 0.600175 0.893278
vt 0.281367 1.000000
vt 0.293814 0.840881
vt 0.605395 1.000000
vt 0.543703 1.000000
vt 0.145734 0.873276
vt 0.200317 1.000000
vt 0.120847 1.000000
vt 0.219316 0.838609
vt 0.228454 0.435132
vt 0.068353 0.914618
vt 0.031189 1.000000
vt 0.001695 0.930029
vt 0.133806 0.391520
vt 0.087036 0.421763
vt 0.457816 0.367877
vt 0.396889 0.061569
vt 0.314763 0.020054
vt 0.067691 0.281611
vt 0.203781 0.482832
vt 0.165062 0.084097
vt 0.091318 0.159224
vt 0.363185 0.383046
vt 0.148766 0.257040
vt 0.149338 0.262845
vt 0.358407 0.386967
vt 0.181723 0.177077
vt 0.261886 0.420918
vt 0.131399 0.309074
vt 0.252659 0.147470
vt 0.115819 0.234383
vt 0.309152 0.166034
vt 0.145202 0.168923
vt 0.347915 0.223346
vt 0.160063 0.363634
vt 0.150133 0.391766
vt 0.304427 0.087544
vt 0.202262 0.081973
vt 0.733144 1.000000
vt 0.800049 1.000000
vt 0.585881 0.903634
vt 0.539985 0.923693
vt 0.348915 0.871059
vt 0.730161 0.821772
vt 0.667895 1.000000
vt 0.544068 1.000000
vt 0.431949 0.404788
vt 0.031721 1.000000
vt 0.001654 0.930042
vt 0.477173 0.323905
vt 0.331191 0.308203
vt 0.247163 0.350067
vt 0.398255 0.062690
vt 0.315289 0.020214
vt 0.254565 0.434706
vt 0.165062 0.084097
vt 0.091318 0.159224
vt 0.088352 0.187904
vt 0.358407 0.386967
vt 0.261886 0.420918
vt 0.252659 0.147470
vt 0.160063 0.363634
vt 0.084685 0.295002
vt 0.304427 0.087544
vt 0.173612 0.096640
vt 0.091788 0.179609
vt 0.250200 0.816448
vt 0.558519 1.000000
vt 0.105396 1.000000
vt 0.047761 0.916119
vt 0.001560 0.924464
vt 0.031188 1.000000
vt 0.042184 0.132123
vt 0.103111 0.061569
vt 0.203781 0.017168
vt 0.035165 0.349788
vt 0.369243 0.124727
vt 0.279546 0.079591
vt 0.138832 0.153288
vt 0.239778 0.103007
vt 0.156769 0.367795
vt 0.117306 0.137114
vt 0.394605 1.000000
vt 0.390131 0.885562
vt 0.863358 1.000000
vt 0.558519 1.000000
vt 0.332108 1.000000
vt 0.384023 0.122432
vt 0.031188 1.000000
vt 0.335231 0.471352
vt 0.002099 0.924546
vt 0.476819 0.174930
vt 0.203781 0.017168
vt 0.103111 0.061569
vt 0.316259 0.422479
vt 0.073607 0.298018
vt 0.320104 0.408107
vt 0.369243 0.124727
vt 0.311934 0.411220
vt 0.108935 0.150358
vt 0.832107 1.000000
vt 0.894607 1.000000
vt 0.543703 1.000000
vt 0.145715 0.873289
vt 0.137452 1.000000
vt 0.219316 0.838627
vt 0.293814 0.840900
vt 0.067320 0.915043
vt 0.078126 1.000000
vt 0.018794 1.000000
vt 0.001695 0.930047
vt 0.396889 0.061569
vt 0.314763 0.020054
vt 0.348458 0.281780
vt 0.247468 0.352678
vt 0.252533 0.147322
vt 0.148766 0.257040
vt 0.149338 0.262845
vt 0.124394 0.130442
vt 0.181722 0.177077
vt 0.131400 0.309075
vt 0.229801 0.423505
vt 0.115819 0.234383
vt 0.274365 0.391583
vt 0.145202 0.168923
vt 0.118520 0.194710
vt 0.349521 0.278277
vt 0.186625 0.377233
vt 0.312098 0.330260
vt 0.347138 0.157541
vt 0.233241 0.106054
vt 0.202262 0.081973
vt 0.183393 0.326560
vt 0.984244 0.927375
vt 0.984378 1.000000
vt 0.667895 1.000000
vt 0.600174 0.893296
vt 0.819161 1.000000
vt 0.605395 1.000000
vt 0.543704 1.000000
vt 0.043705 1.000000
vt 0.002277 0.930136
vt 0.273407 0.487695
vt 0.352665 0.403403
vt 0.376321 0.450257
vt 0.464835 0.349789
vt 0.396889 0.061569
vt 0.314765 0.020055
vt 0.087033 0.078239
vt 0.203603 0.017203
vt 0.147377 0.403757
vt 0.185234 0.479945
vt 0.245436 0.434706
vt 0.064868 0.228453
vt 0.173439 0.183395
vt 0.147335 0.403403
vt 0.254564 0.434706
vt 0.254277 0.423357
vt 0.157242 0.396516
vt 0.169739 0.187904
vt 0.147470 0.247342
vt 0.402570 0.335056
vt 0.227392 0.149958
vt 0.215197 0.122154
vt 0.309151 0.333966
vt 0.247341 0.352530
vt 0.137576 0.163021
vt 0.177235 0.318750
vt 1.000000 0.929786
vt 0.832107 1.000000
vt 0.145399 0.873364
vt 0.121018 1.000000
vt 0.219316 0.838627
vt 0.293814 0.840899
vt 0.069550 0.914018
vt 0.031309 1.000000
vt 0.002399 0.930155
vt 0.314763 0.020054
vt 0.457816 0.367878
vt 0.396889 0.061569
vt 0.067691 0.218390
vt 0.086550 0.421887
vt 0.203604 0.482797
vt 0.183740 0.077521
vt 0.411648 0.187904
vt 0.358405 0.386968
vt 0.372353 0.195563
vt 0.321732 0.136691
vt 0.340366 0.199623
vt 0.126618 0.179420
vt 0.140365 0.172769
vt 0.327261 0.140618
vt 0.381258 0.191599
vt 0.175605 0.320814
vt 0.911010 1.000000
vt 0.979468 0.913887
vt 0.988295 1.000000
vt 0.680338 1.000000
vt 0.597905 0.849148
vt 0.674793 0.744378
vt 0.918647 0.869030
vt 0.588991 1.000000
vt 0.522208 0.913322
vt 0.316424 1.000000
vt 0.310007 0.839945
vt 0.503966 1.000000
vt 0.250000 1.000000
vt 0.111004 0.892733
vt 0.089190 1.000000
vt 0.487505 0.275327
vt 0.172665 0.438861
vt 0.044611 0.266647
vt 0.077829 0.359886
vt 0.911009 1.000000
vt 0.979468 0.913887
vt 0.988294 1.000000
vt 0.733096 1.000000
vt 0.796326 0.700901
vt 0.819569 1.000000
vt 0.858455 0.793152
vt 0.918729 0.868711
vt 0.672210 0.747954
vt 0.735214 0.669647
vt 0.667695 1.000000
vt 0.597572 0.849698
vt 0.588992 1.000000
vt 0.522269 0.913269
vt 0.089191 1.000000
vt 0.080818 0.909982
vt 0.457675 0.131859
vt 0.346826 0.431863
vt 0.153174 0.431863
vt 0.071956 0.346308
vt 0.911010 1.000000
vt 0.977194 0.912990
vt 0.988292 1.000000
vt 0.680341 1.000000
vt 0.598103 0.849327
vt 0.674959 0.744214
vt 0.918806 0.868759
vt 0.588992 1.000000
vt 0.522268 0.913269
vt 0.316423 1.000000
vt 0.310451 0.840227
vt 0.503965 1.000000
vt 0.111134 0.892589
vt 0.089192 1.000000
vt 0.375559 0.450750
vt 0.457655 0.368178
vt 0.487506 0.275326
vt 0.033203 0.346165
vt 0.455033 0.229734
vt 0.270108 0.455049
vt 0.051844 0.306527
vt 0.102639 0.391430
vt 0.190418 0.447229
vt 0.394585 1.000000
vt 0.131335 0.901298
vt 0.200317 1.000000
vt 0.105415 1.000000
vt 0.330369 0.887472
vt 0.405716 0.914404
vt 0.281367 1.000000
vt 0.234525 0.873730
vt 0.250707 0.013098
vt 0.130011 0.112077
vt 0.105755 0.064913
vt 0.034170 0.928777
vt 0.015622 1.000000
vt 0.482003 0.203674
vt 0.017997 0.203674
vt 0.022667 0.323378
vt 0.105754 0.435086
vt 0.290183 0.074193
vt 0.413636 0.168493
vt 0.119380 0.380426
vt 0.138134 0.105411
vt 0.435132 0.271547
vt 0.387923 0.369989
vt 0.696887 0.469631
vt 0.298281 0.591347
vt 0.294968 0.278484
vt 0.102071 0.661731
vt 0.079883 0.437500
vt 0.853027 0.525391
vt 0.015551 0.001569
vt 0.883364 0.945982
vt 0.184666 0.500000
vt 0.916967 0.500000
vt 0.854667 1.000000
vt 0.987297 1.000000
vt 0.594438 1.000000
vt 0.033317 1.000000
vt 0.211685 0.477507
vt 0.379071 0.057708
vt 0.398924 0.431384
vt 0.625000 0.000000
vt 0.625000 0.250000
vt 0.625000 0.750000
vt 0.375000 0.750000
vt 0.125000 0.500000
vt 0.125000 0.750000
vt 0.875000 0.750000
vt 0.742559 0.500000
vt 0.742559 0.500000
vt 0.742559 0.500000
vt 0.742559 0.500000
vt 0.375000 0.000000
vt 0.328370 1.000000
vt 0.204385 1.000000
vt 0.977455 1.000000
vt 0.933012 1.000000
vt 0.015625 1.000000
vt 0.143930 0.050861
vt 0.351053 0.442850
vt 0.059056 0.338242
vt 0.968063 0.500000
vt 0.776763 1.000000
vt 0.031937 1.000000
vt 0.067096 0.500000
vt 0.417337 1.000000
vt 0.477887 0.288648
vt 0.258190 0.460293
vt 0.028102 0.256426
vt 0.866335 0.046621
vt 0.632067 0.061927
vt 0.522113 0.288648
vt 0.067100 0.500000
vt 0.213560 1.000000
vt 0.031938 1.000000
vt 0.589258 1.000000
vt 0.025375 0.302418
vt 0.120058 0.070172
vt 0.372908 0.054248
vt 0.974625 0.302418
vt 0.627092 0.054248
vt 0.523566 0.265195
vt 0.959611 1.000000
vt 0.531113 0.286989
vt 0.968887 0.213010
vt 0.717011 0.042146
vt 0.216915 0.457968
vt 0.677645 0.500000
vt 0.994599 0.500000
vt 0.713148 0.500000
vt 0.549286 0.500000
vt 0.554624 0.168191
vt 0.906504 0.405465
vt 0.872919 0.087695
vt 0.322819 0.464659
vt 0.237714 0.063261
vt 0.476790 0.295451
vt 0.729849 1.000000
vt 0.198557 0.882387
vt 0.089845 0.882387
vt 0.375000 1.000000
vt 0.625331 0.500000
vt 0.631547 0.500000
vt 0.621895 0.500000
vt 0.812879 0.500000
vt 0.662990 0.500000
vt 0.968062 0.500000
vt 0.282989 0.042146
vt 0.414818 0.112511
vt 0.986483 0.500000
vt 0.872607 0.500000
vt 0.865248 0.500000
vt 0.836203 0.500000
vt 0.865248 0.500000
vt 0.841174 0.500000
vt 0.846756 0.500000
vt 0.865249 0.500000
vt 0.840890 0.500000
vt 0.783364 0.500000
vt 0.735644 0.500000
vt 0.584178 0.500000
vt 0.454599 0.500000
vt 0.433089 0.500000
vt 0.865248 0.500000
vt 0.418432 0.500000
vt 0.740103 0.500000
vt 0.732818 0.500000
vt 0.745858 0.500000
vt 0.975514 0.204873
vt 0.926739 0.403902
vt 0.727046 0.016438
vt 0.562034 0.116223
vt 0.591439 0.417908
vt 0.977679 0.500000
vt 0.335888 0.128079
vt 0.335889 0.128079
vt 0.148766 0.257040
vt 0.035416 0.278911
vt 0.162488 0.037062
vt 0.480219 0.250633
vt 0.429910 0.140799
vt 0.932904 1.000000
vt 0.133665 0.046621
vt 0.367933 0.061927
vt 0.741810 0.460293
vt 0.971898 0.256426
vt 0.476434 0.265195
vt 0.258189 0.460294
vt 0.741811 0.460294
vt 0.879942 0.070172
vt 0.783085 0.457968
vt 0.282989 0.042146
vt 0.637616 0.446823
vt 0.042261 0.294479
s 0
usemtl 
f 813/1/1 937/2/1 825/3/1
f 754/4/2 928/5/2 775/6/2
f 855/7/3 877/8/3 1/9/3
f 643/10/4 909/11/4 696/12/4
f 489/13/5 897/14/5 550/15/5
f 724/16/6 923/17/6 742/18/6
f 775/6/7 931/19/7 786/20/7
f 696/12/8 917/21/8 712/22/8
f 909/11/9 954/23/9 958/24/9
f 934/25/10 971/26/10 976/27/10
f 934/25/11 976/27/11 937/2/11
f 937/2/12 976/27/12 979/28/12
f 877/29/13 943/30/13 868/31/13
f 937/2/14 979/28/14 940/32/14
f 868/31/15 947/33/15 884/34/15
f 884/34/16 947/33/16 897/14/16
f 928/5/17 966/35/17 931/19/17
f 979/28/18 994/36/18 943/37/18
f 966/35/19 991/38/19 971/26/19
f 947/33/20 984/39/20 954/23/20
f 954/23/21 987/40/21 958/24/21
f 971/26/22 991/38/22 976/27/22
f 797/41/23 1014/42/23 786/20/23
f 489/13/24 1000/43/24 367/44/24
f 696/12/25 1003/45/25 643/10/25
f 813/1/26 1015/46/26 797/41/26
f 786/20/27 1013/47/27 775/6/27
f 367/44/28 998/48/28 227/49/28
f 712/22/29 1004/50/29 696/12/29
f 1003/45/30 1026/51/30 1001/52/30
f 1003/45/31 1027/53/31 1026/51/31
f 1003/45/32 1028/54/32 1027/53/32
f 1004/50/33 1029/55/33 1028/54/33
f 996/56/34 1023/57/34 1022/58/34
f 1009/59/35 1031/60/35 1007/60/35
f 96/61/36 94/62/36 1026/51/36
f 1028/54/37 1459/63/37 113/64/37
f 1018/65/38 1039/66/38 1017/67/38
f 1020/68/39 1040/69/39 1018/65/39
f 1009/59/40 1035/60/40 1031/60/40
f 1024/70/41 1033/71/41 1032/72/41
f 1022/73/42 1042/74/42 1021/75/42
f 1051/76/43 245/77/43 1034/78/43
f 1032/72/44 1042/79/44 1022/58/44
f 1035/60/45 1053/59/45 1052/60/45
f 1033/71/46 1044/80/46 1032/72/46
f 1009/59/47 1010/81/47 1053/59/47
f 16/82/48 1461/83/48 1047/84/48
f 1066/85/49 1078/86/49 1065/87/49
f 1043/57/50 1054/88/50 1042/79/50
f 1045/89/51 1055/90/51 1044/80/51
f 1042/74/52 1066/85/52 1041/91/52
f 1046/92/53 1056/93/53 1045/89/53
f 1036/94/54 1062/95/54 1061/96/54
f 1047/84/55 1056/93/55 1046/92/55
f 1047/84/56 1057/97/56 1056/93/56
f 1037/98/57 1063/99/57 1062/95/57
f 1048/53/58 1057/97/58 1047/84/58
f 1049/100/59 1057/97/59 1048/53/59
f 1049/100/60 1058/101/60 1057/97/60
f 1050/55/61 1058/101/61 1049/100/61
f 1067/102/62 1079/103/62 1092/104/62
f 1061/96/63 1074/105/63 1060/106/63
f 1056/93/64 1069/107/64 1055/90/64
f 1062/95/65 1075/108/65 1061/96/65
f 1057/97/66 1070/109/66 1056/93/66
f 1058/101/67 1071/110/67 1057/97/67
f 1059/111/68 1072/112/68 1058/101/68
f 1060/106/69 1073/113/69 1059/111/69
f 1055/90/70 1068/114/70 1054/88/70
f 1075/108/71 1087/115/71 1074/105/71
f 1068/114/72 1079/116/72 1067/79/72
f 1068/114/73 1080/117/73 1079/116/73
f 1069/107/74 1081/118/74 1080/117/74
f 1090/119/75 1104/120/75 1089/121/75
f 1084/122/76 1098/123/76 1083/124/76
f 1091/125/77 1105/126/77 1090/119/77
f 1085/127/78 1099/128/78 1084/122/78
f 1086/59/79 1100/129/79 1085/127/79
f 1081/118/80 1094/130/80 1080/117/80
f 1082/131/81 1095/132/81 1081/118/81
f 1088/133/82 1102/134/82 1087/115/82
f 1099/128/83 1113/135/83 1098/123/83
f 1100/129/84 1114/136/84 1099/128/84
f 1100/129/85 1115/137/85 1114/136/85
f 1107/138/86 1120/139/86 1106/140/86
f 1101/141/87 1115/137/87 1100/129/87
f 1107/138/88 1108/142/88 1120/139/88
f 1095/132/89 1110/143/89 1094/130/89
f 1093/103/90 1108/142/90 1107/138/90
f 1109/144/91 1122/145/91 1121/146/91
f 1115/137/92 1127/147/92 1114/136/92
f 1110/143/93 1123/148/93 1122/145/93
f 1108/142/94 1121/103/94 1133/149/94
f 1116/150/95 1128/151/95 1115/137/95
f 1117/152/96 1129/153/96 1116/150/96
f 1118/154/97 1130/155/97 1117/152/97
f 1119/156/98 1132/157/98 1131/158/98
f 1128/151/99 1143/159/99 1142/160/99
f 1131/158/100 1145/161/100 1130/155/100
f 1132/157/101 1146/162/101 1131/158/101
f 1133/149/102 1147/163/102 1132/157/102
f 1133/149/103 1148/164/103 1147/163/103
f 1138/165/104 1153/166/104 1137/167/104
f 1145/161/105 1160/168/105 1144/169/105
f 1140/170/106 1155/171/106 1139/172/106
f 1146/162/107 1161/173/107 1145/161/107
f 1141/174/108 1156/175/108 1140/170/108
f 1147/163/109 1162/176/109 1146/162/109
f 1148/164/110 1163/177/110 1147/163/110
f 1142/160/111 1158/178/111 1157/179/111
f 1136/180/112 1151/181/112 1135/182/112
f 1143/159/113 1158/178/113 1142/160/113
f 1137/167/114 1152/183/114 1136/180/114
f 1144/169/115 1159/184/115 1143/159/115
f 1168/185/116 1181/186/116 1180/187/116
f 1156/175/117 1168/185/117 1155/171/117
f 1159/184/118 1170/188/118 1158/178/118
f 1153/166/119 1166/189/119 1152/183/119
f 1153/166/120 1167/190/120 1166/189/120
f 1154/191/121 1167/190/121 1153/166/121
f 1182/192/122 1195/193/122 1194/194/122
f 1169/195/123 1182/192/123 1181/186/123
f 1165/196/124 1176/197/124 1164/198/124
f 1174/199/125 1188/200/125 1173/201/125
f 1165/196/126 1177/202/126 1176/197/126
f 1170/188/127 1183/203/127 1182/192/127
f 1164/103/128 1175/204/128 1174/199/128
f 1167/190/129 1179/205/129 1166/189/129
f 1167/190/130 1180/187/130 1179/205/130
f 1168/185/131 1180/187/131 1167/190/131
f 1173/201/132 1187/206/132 1186/207/132
f 1175/204/133 1199/208/133 1188/200/133
f 1183/203/134 1195/193/134 1182/192/134
f 1178/209/135 1190/210/135 1177/202/135
f 1183/203/136 1196/211/136 1195/193/136
f 1178/209/137 1191/212/137 1190/210/137
f 1179/205/138 1191/212/138 1178/209/138
f 1184/213/139 1197/214/139 1196/211/139
f 1179/205/140 1192/215/140 1191/212/140
f 1185/216/141 1197/214/141 1184/213/141
f 1180/187/142 1192/215/142 1179/205/142
f 1180/187/143 1193/217/143 1192/215/143
f 1187/206/144 1198/218/144 1186/207/144
f 1176/197/145 1189/219/145 1175/79/145
f 1197/214/146 1212/220/146 1196/211/146
f 1197/214/147 1213/221/147 1212/220/147
f 1198/218/148 1214/222/148 1197/214/148
f 1193/217/149 1206/223/149 1192/215/149
f 1198/218/150 1215/67/150 1214/222/150
f 1193/217/151 1207/224/151 1206/223/151
f 1199/208/152 1218/225/152 1217/226/152
f 1195/193/153 1210/227/153 1209/228/153
f 1190/210/154 1203/229/154 1202/230/154
f 1215/67/155 1227/231/155 1214/222/155
f 1341/232/156 1207/224/156 1224/233/156
f 1208/234/157 1224/233/157 1207/224/157
f 1345/235/158 1361/236/158 1357/237/158
f 1200/103/159 1230/238/159 1218/225/159
f 1284/239/160 1203/229/160 1450/240/160
f 1299/241/161 1301/242/161 1314/243/161
f 1314/243/162 1301/242/162 1315/244/162
f 1455/245/163 1453/246/163 1205/247/163
f 1214/222/164 1226/248/164 1213/221/164
f 1377/249/165 1353/250/165 1367/251/165
f 1291/252/166 1294/253/166 1304/254/166
f 1433/255/167 1237/256/167 1446/257/167
f 1420/258/168 1436/259/168 1434/260/168
f 1419/261/169 1405/262/169 1421/263/169
f 1420/258/170 1422/264/170 1436/259/170
f 1405/262/171 1407/265/171 1421/263/171
f 1409/266/172 1412/267/172 1427/268/172
f 1428/269/173 1445/270/173 1443/271/173
f 1428/269/174 1430/272/174 1445/270/174
f 1236/273/175 1444/274/175 1446/257/175
f 1245/275/176 1260/276/176 1244/277/176
f 1240/278/177 1252/279/177 1251/280/177
f 1236/273/178 1248/281/178 1247/282/178
f 1237/256/179 1249/283/179 1248/281/179
f 1220/284/180 1242/285/180 1219/286/180
f 1238/287/181 1250/288/181 1249/283/181
f 1246/191/182 1261/289/182 1245/275/182
f 1242/285/183 1258/290/183 1241/291/183
f 1243/292/184 1259/293/184 1242/285/184
f 1244/277/185 1259/293/185 1243/292/185
f 1263/294/186 1275/295/186 1262/296/186
f 1271/297/187 1279/298/187 1270/299/187
f 1265/300/188 1276/301/188 1264/302/188
f 1258/103/189 1272/303/189 1271/297/189
f 1260/276/190 1273/304/190 1259/293/190
f 1260/276/191 1274/305/191 1273/304/191
f 1261/289/192 1274/305/192 1260/276/192
f 1267/306/193 1277/307/193 1266/308/193
f 871/309/194 1281/310/194 1291/311/194
f 893/312/195 1280/313/195 1281/310/195
f 910/314/196 1282/315/196 1280/313/196
f 918/316/197 1290/317/197 1292/318/197
f 929/319/198 1289/320/198 1290/317/198
f 1289/320/199 929/319/199 1287/321/199
f 1287/321/200 932/322/200 1284/323/200
f 1284/323/201 932/322/201 1285/324/201
f 936/325/202 1285/324/202 932/322/202
f 936/325/203 1283/326/203 1285/324/203
f 939/327/204 1286/328/204 1283/326/204
f 941/329/205 1288/330/205 1286/328/205
f 154/331/206 871/332/206 941/333/206
f 324/334/206 871/332/206 154/331/206
f 324/334/206 893/335/206 871/332/206
f 674/336/206 910/337/206 906/338/206
f 823/339/206 936/340/206 803/341/206
f 154/331/206 941/333/206 851/342/206
f 977/343/207 803/341/207 973/344/207
f 674/336/208 959/345/208 721/346/208
f 154/331/209 945/347/209 324/334/209
f 823/339/210 981/348/210 851/342/210
f 721/346/211 964/349/211 760/350/211
f 851/342/212 981/348/212 945/347/212
f 851/342/213 945/347/213 154/331/213
f 760/350/214 968/351/214 782/352/214
f 578/353/215 952/354/215 674/336/215
f 782/352/216 973/344/216 803/341/216
f 795/355/217 1293/356/217 1303/357/217
f 1302/358/218 829/359/218 1300/360/218
f 1300/360/219 838/361/219 1297/362/219
f 1297/362/220 838/361/220 1298/363/220
f 847/325/202 1298/363/202 838/361/202
f 847/325/221 1296/364/221 1298/363/221
f 857/365/222 1299/366/222 1296/364/222
f 861/367/223 1301/368/223 1299/366/223
f 56/369/206 795/370/206 861/371/206
f 357/372/206 806/373/206 795/370/206
f 531/374/206 816/375/206 812/338/206
f 601/376/206 821/377/206 816/375/206
f 716/378/206 829/379/206 705/380/206
f 731/381/206 838/382/206 716/378/206
f 767/339/206 847/340/206 731/381/206
f 56/369/206 861/371/206 783/383/206
f 56/369/224 873/384/224 869/385/224
f 767/339/210 926/386/210 783/383/210
f 684/387/225 901/388/225 705/380/225
f 783/383/226 926/386/226 873/384/226
f 705/380/227 907/389/227 716/378/227
f 783/383/228 873/384/228 56/369/228
f 716/378/229 912/390/229 731/381/229
f 734/391/230 1317/392/230 1316/393/230
f 1317/392/231 741/394/231 1307/395/231
f 773/396/232 1314/397/232 1315/398/232
f 777/399/233 1310/400/233 1314/397/233
f 423/401/234 839/402/234 500/403/234
f 196/404/206 741/405/206 734/406/206
f 294/407/206 741/405/206 196/404/206
f 423/401/206 752/408/206 294/407/206
f 423/401/206 758/409/206 752/408/206
f 633/410/206 777/411/206 773/412/206
f 679/413/206 777/411/206 633/410/206
f 704/414/206 780/415/206 679/413/206
f 704/414/206 785/416/206 780/415/206
f 799/417/206 793/418/206 824/419/206
f 500/403/235 843/420/235 595/421/235
f 196/404/236 827/422/236 832/423/236
f 595/421/237 845/424/237 633/410/237
f 196/404/238 832/423/238 294/407/238
f 294/407/239 836/425/239 423/401/239
f 876/426/206 836/425/206 832/423/206
f 879/427/206 839/402/206 836/425/206
f 882/428/206 839/402/206 879/427/206
f 882/428/206 843/420/206 839/402/206
f 886/429/206 845/424/206 843/420/206
f 889/430/206 845/424/206 886/429/206
f 903/431/206 862/432/206 899/433/206
f 903/431/206 864/434/206 862/432/206
f 866/435/206 827/422/206 864/434/206
f 927/436/206 905/437/206 942/438/206
f 930/439/206 908/440/206 927/436/206
f 933/441/206 914/442/206 913/443/206
f 935/444/206 914/442/206 933/441/206
f 935/444/206 916/445/206 914/442/206
f 942/438/206 905/437/206 925/446/206
f 905/437/240 965/447/240 925/446/240
f 935/444/241 989/448/241 916/445/241
f 924/449/242 980/450/242 922/451/242
f 970/452/206 948/453/206 969/454/206
f 972/455/206 950/456/206 970/452/206
f 972/455/206 951/457/206 950/456/206
f 978/458/206 960/459/206 956/460/206
f 980/450/206 962/461/206 960/459/206
f 997/462/206 983/463/206 995/464/206
f 999/465/206 985/466/206 983/463/206
f 1002/467/206 988/468/206 986/469/206
f 1008/470/206 989/448/206 1005/471/206
f 1012/472/206 990/473/206 989/448/206
f 997/462/206 995/464/206 1019/474/206
f 908/440/243 967/475/243 905/437/243
f 889/430/244 956/460/244 894/476/244
f 913/443/245 970/452/245 911/477/245
f 894/476/246 960/459/246 899/433/246
f 916/445/247 974/478/247 914/442/247
f 919/479/248 975/480/248 916/445/248
f 921/481/249 978/458/249 919/479/249
f 922/451/250 978/458/250 921/481/250
f 1335/482/251 1336/483/251 454/234/251
f 1331/484/252 1335/482/252 467/60/252
f 1323/485/253 1328/486/253 561/487/253
f 1330/488/254 565/489/254 1333/490/254
f 1333/490/255 580/491/255 1318/492/255
f 618/493/256 1336/483/256 1319/494/256
f 636/495/257 1327/496/257 1332/497/257
f 1327/496/258 647/498/258 1328/486/258
f 1323/485/259 657/499/259 1324/500/259
f 1324/500/260 665/501/260 1325/502/260
f 670/503/261 1321/504/261 1325/502/261
f 680/505/262 1326/506/262 1321/504/262
f 273/401/234 745/507/234 303/508/234
f 27/509/206 565/510/206 685/511/206
f 129/512/206 565/510/206 27/509/206
f 273/401/206 611/513/206 599/514/206
f 382/515/206 647/516/206 636/517/206
f 428/413/206 647/516/206 382/515/206
f 428/413/206 657/518/206 647/516/206
f 486/414/206 665/519/206 428/413/206
f 486/414/206 670/520/206 665/519/206
f 513/521/206 680/522/206 670/520/206
f 303/508/235 749/523/235 360/421/235
f 360/421/237 755/524/237 382/515/237
f 129/512/263 736/525/263 204/526/263
f 204/526/239 739/425/239 273/401/239
f 774/527/206 736/525/206 772/528/206
f 776/529/206 739/425/206 736/525/206
f 778/427/206 745/507/206 739/425/206
f 779/530/206 745/507/206 778/427/206
f 779/530/206 749/523/206 745/507/206
f 781/531/206 755/524/206 749/523/206
f 784/430/206 755/524/206 781/531/206
f 791/532/206 769/533/206 789/534/206
f 811/436/206 792/535/206 826/536/206
f 815/439/206 794/537/206 811/436/206
f 817/538/206 800/539/206 798/540/206
f 820/444/206 800/539/206 817/538/206
f 820/444/206 801/541/206 800/539/206
f 826/536/206 792/535/206 810/446/206
f 792/535/240 846/447/240 810/446/240
f 820/444/241 878/542/241 801/541/241
f 809/449/242 863/450/242 807/451/242
f 852/452/206 831/453/206 850/454/206
f 854/455/206 833/456/206 852/452/206
f 854/455/206 834/457/206 833/456/206
f 888/462/206 867/543/206 887/544/206
f 890/465/206 870/466/206 867/543/206
f 892/545/206 875/546/206 874/547/206
f 898/548/206 878/542/206 896/471/206
f 900/472/206 881/549/206 878/542/206
f 888/462/206 887/544/206 904/550/206
f 794/537/243 848/475/243 792/535/243
f 798/540/245 852/452/245 796/477/245
f 801/541/247 856/478/247 800/539/247
f 804/551/248 858/480/248 801/541/248
f 805/552/249 860/458/249 804/551/249
f 807/451/250 860/458/250 805/552/250
f 505/553/264 1339/554/264 1350/555/264
f 1339/554/265 522/556/265 1337/557/265
f 1337/557/266 534/558/266 1341/559/266
f 546/560/267 1338/561/267 1341/559/267
f 557/562/268 1340/563/268 1338/561/268
f 571/564/269 1347/565/269 1349/566/269
f 1347/565/270 575/567/270 1344/568/270
f 1344/568/271 582/569/271 1342/570/271
f 591/571/272 1346/572/272 1345/573/272
f 32/574/206 505/575/206 607/576/206
f 217/577/206 534/578/206 522/579/206
f 270/580/206 557/581/206 546/582/206
f 300/583/206 564/584/206 557/581/206
f 330/585/206 564/584/206 300/583/206
f 473/586/206 607/576/206 604/587/206
f 32/574/206 607/576/206 473/586/206
f 400/588/273 703/589/273 455/590/273
f 270/580/274 694/591/274 300/583/274
f 32/574/275 681/592/275 87/593/275
f 330/585/276 698/594/276 351/595/276
f 87/593/277 688/596/277 217/577/277
f 351/595/278 700/597/278 400/588/278
f 217/577/279 692/598/279 270/580/279
f 709/599/206 681/592/206 708/600/206
f 711/601/206 688/596/206 710/602/206
f 711/601/206 692/598/206 688/596/206
f 714/603/206 692/598/206 711/601/206
f 723/604/206 700/597/206 720/605/206
f 723/604/206 701/606/206 700/597/206
f 726/607/206 706/608/206 703/589/206
f 709/599/206 708/600/206 728/609/206
f 728/609/280 748/610/280 709/599/280
f 725/611/281 746/612/281 726/607/281
f 723/604/282 744/613/282 725/611/282
f 639/614/283 756/615/283 629/616/283
f 750/617/206 729/618/206 748/610/206
f 751/619/206 729/618/206 750/617/206
f 753/620/206 730/621/206 751/619/206
f 756/615/206 733/622/206 753/620/206
f 756/615/206 735/623/206 733/622/206
f 756/615/206 737/624/206 735/623/206
f 759/625/206 738/626/206 737/624/206
f 762/627/206 738/626/206 759/625/206
f 763/628/206 740/629/206 762/627/206
f 766/630/206 744/613/206 763/628/206
f 768/631/206 744/613/206 766/630/206
f 768/631/206 746/612/206 744/613/206
f 673/632/284 768/631/284 669/633/284
f 621/634/285 751/619/285 613/635/285
f 613/635/286 750/617/286 677/636/286
f 629/616/287 753/620/287 621/634/287
f 397/637/288 1353/638/288 1363/639/288
f 1351/640/266 426/641/266 1355/642/266
f 441/643/267 1352/644/267 1355/642/267
f 450/645/289 1354/646/289 1352/644/289
f 462/564/290 1362/647/290 1364/648/290
f 1357/649/291 479/650/291 1358/651/291
f 1356/652/292 479/650/292 483/653/292
f 483/653/293 1359/654/293 1356/652/293
f 494/655/294 1360/656/294 1359/654/294
f 161/657/206 426/578/206 418/658/206
f 261/659/206 458/660/206 450/661/206
f 327/662/206 477/663/206 307/664/206
f 340/665/206 479/666/206 327/662/206
f 340/665/206 483/667/206 479/666/206
f 369/586/206 499/668/206 494/669/206
f 10/670/206 499/668/206 369/586/206
f 274/671/295 584/672/295 285/673/295
f 45/674/296 573/675/296 161/657/296
f 161/657/297 577/676/297 232/677/297
f 631/678/206 590/679/206 584/672/206
f 638/680/206 593/681/206 590/679/206
f 638/680/206 597/606/206 593/681/206
f 649/682/206 609/683/206 606/684/206
f 617/685/298 658/686/298 622/687/298
f 554/688/299 693/689/299 544/690/299
f 544/690/300 691/691/300 537/692/300
f 638/680/301 675/693/301 642/694/301
f 525/695/283 687/696/283 517/697/283
f 686/698/206 655/699/206 682/700/206
f 687/696/206 658/686/206 686/698/206
f 687/696/206 663/623/206 658/686/206
f 687/696/206 664/701/206 663/623/206
f 690/702/206 667/703/206 664/701/206
f 691/691/206 667/703/206 690/702/206
f 691/691/206 671/704/206 667/703/206
f 693/689/206 671/704/206 691/691/206
f 697/705/206 678/706/206 676/707/206
f 683/708/206 678/706/206 697/705/206
f 562/632/302 695/709/302 558/633/302
f 567/710/303 697/705/303 562/632/303
f 510/711/304 682/700/304 503/712/304
f 503/712/305 683/708/305 567/710/305
f 517/697/287 686/698/287 510/711/287
f 316/713/306 1366/714/306 1375/715/306
f 372/716/307 1370/717/307 364/399/307
f 1365/718/308 334/719/308 1368/720/308
f 1368/720/309 338/721/309 1367/722/309
f 346/723/310 1377/724/310 1367/722/310
f 355/725/311 1374/726/311 1376/727/311
f 364/399/312 1370/717/312 1374/726/312
f 20/728/206 316/729/206 317/730/206
f 46/731/206 316/729/206 20/728/206
f 46/731/206 322/732/206 316/729/206
f 123/733/206 329/734/206 46/731/206
f 123/733/206 338/735/206 334/736/206
f 265/737/206 355/738/206 248/739/206
f 265/737/206 364/740/206 355/738/206
f 283/741/206 372/742/206 277/743/206
f 283/741/206 378/744/206 372/742/206
f 297/745/206 389/746/206 384/747/206
f 497/748/313 283/741/313 492/749/313
f 197/750/314 475/751/314 231/752/314
f 265/737/315 488/753/315 277/743/315
f 123/733/316 472/754/316 197/750/316
f 277/743/317 492/749/317 283/741/317
f 506/755/206 465/756/206 463/757/206
f 506/755/206 469/758/206 465/756/206
f 509/759/206 472/754/206 469/758/206
f 519/760/206 480/761/206 475/751/206
f 484/762/206 480/761/206 519/760/206
f 532/763/206 492/749/206 527/764/206
f 538/765/206 463/757/206 497/748/206
f 509/759/318 594/456/318 514/766/318
f 506/755/319 592/767/319 509/759/319
f 586/768/320 634/769/320 570/770/320
f 463/757/321 588/771/321 506/755/321
f 572/772/206 543/773/206 570/770/206
f 552/774/206 548/775/206 572/772/206
f 574/776/206 555/777/206 552/774/206
f 583/778/322 568/779/322 566/780/322
f 555/777/323 641/781/323 576/782/323
f 615/783/206 588/771/206 612/784/206
f 616/785/206 592/767/206 615/783/206
f 619/455/206 594/456/206 616/785/206
f 619/455/206 596/786/206 594/456/206
f 620/478/206 598/787/206 596/786/206
f 626/788/206 603/789/206 624/790/206
f 628/450/206 608/791/206 605/792/206
f 651/793/206 632/794/206 634/769/206
f 653/795/206 635/796/206 632/794/206
f 661/797/206 641/781/206 659/798/206
f 662/799/206 645/800/206 641/781/206
f 651/793/206 634/769/206 668/801/206
f 559/802/324 620/478/324 555/777/324
f 532/763/325 610/803/325 538/765/325
f 552/774/326 637/804/326 574/776/326
f 276/805/327 1223/806/327 1389/807/327
f 281/808/328 1379/809/328 1378/810/328
f 292/811/329 1384/812/329 1385/813/329
f 298/814/330 1381/815/330 1384/812/330
f 306/816/331 1383/817/331 302/818/331
f 306/816/332 1382/819/332 1383/817/332
f 1387/820/333 1380/821/333 310/822/333
f 116/823/206 284/824/206 281/825/206
f 247/826/206 302/827/206 224/828/206
f 257/829/206 310/830/206 306/831/206
f 116/823/334 370/832/334 166/833/334
f 166/833/335 373/834/335 177/835/335
f 177/835/336 375/836/336 216/837/336
f 67/838/337 365/839/337 116/823/337
f 399/840/206 362/841/206 358/842/206
f 408/843/206 373/834/206 370/832/206
f 413/844/206 375/836/206 373/834/206
f 416/845/206 375/836/206 413/844/206
f 419/846/206 380/847/206 416/845/206
f 429/848/206 387/849/206 422/850/206
f 406/851/338 487/852/338 408/843/338
f 337/853/339 547/854/339 332/855/339
f 332/855/340 545/856/340 326/857/340
f 470/858/206 448/859/206 446/860/206
f 471/861/206 453/862/206 452/863/206
f 476/864/206 459/865/206 457/866/206
f 478/867/206 459/865/206 476/864/206
f 478/867/206 460/868/206 459/865/206
f 461/869/206 435/870/206 460/868/206
f 474/871/341 533/872/341 476/864/341
f 326/857/342 542/873/342 320/874/342
f 502/875/206 482/876/206 481/877/206
f 507/878/206 487/852/206 504/879/206
f 507/878/206 490/880/206 487/852/206
f 511/881/206 491/882/206 508/883/206
f 511/881/206 493/884/206 491/882/206
f 515/885/206 498/886/206 496/887/206
f 516/888/206 501/889/206 498/886/206
f 518/890/206 501/889/206 516/888/206
f 540/891/206 520/892/206 521/893/206
f 547/854/206 528/894/206 526/895/206
f 553/896/206 535/897/206 533/872/206
f 556/898/206 535/897/206 553/896/206
f 556/898/206 536/899/206 535/897/206
f 408/843/343 491/882/343 413/844/343
f 438/900/344 502/875/344 435/870/344
f 413/844/345 493/884/345 416/845/345
f 443/901/346 504/879/346 438/900/346
f 416/845/347 495/902/347 419/846/347
f 419/846/348 496/887/348 422/850/348
f 446/860/349 507/878/349 443/901/349
f 422/850/350 498/886/350 429/848/350
f 461/869/351 520/892/351 464/903/351
f 452/863/352 511/881/352 448/859/352
f 464/903/353 523/904/353 466/905/353
f 1396/906/354 241/907/354 1399/908/354
f 267/716/355 1222/909/355 264/910/355
f 1401/911/356 250/719/356 1402/912/356
f 1402/912/357 253/913/357 1400/914/357
f 258/915/358 1398/916/358 1400/914/358
f 263/917/359 1394/918/359 1397/919/359
f 264/910/360 1222/909/360 1394/918/360
f 24/920/206 241/921/206 234/922/206
f 39/923/206 241/921/206 24/920/206
f 64/924/206 250/408/206 39/923/206
f 64/924/206 253/925/206 250/408/206
f 146/926/206 264/927/206 263/928/206
f 173/929/206 264/927/206 146/926/206
f 95/930/361 301/931/361 114/932/361
f 207/933/362 311/934/362 220/935/362
f 114/932/363 304/936/363 146/926/363
f 24/920/364 293/937/364 295/938/364
f 220/935/365 313/939/365 15/940/365
f 24/920/366 295/938/366 39/923/366
f 318/941/206 296/942/206 295/938/206
f 318/941/206 299/943/206 296/942/206
f 321/944/206 301/931/206 319/945/206
f 328/946/206 309/947/206 308/948/206
f 331/949/206 311/934/206 309/947/206
f 286/950/367 445/951/367 282/952/367
f 282/952/368 444/953/368 280/954/368
f 371/955/369 432/956/369 374/957/369
f 333/958/370 376/959/370 314/960/370
f 280/954/371 442/961/371 279/962/371
f 368/963/372 430/964/372 371/955/372
f 354/965/206 335/966/206 374/957/206
f 359/967/206 336/968/206 354/965/206
f 341/969/206 339/970/206 359/967/206
f 347/971/206 345/972/206 366/973/206
f 371/955/206 353/974/206 350/780/206
f 374/957/206 335/966/206 353/974/206
f 366/973/373 424/975/373 347/971/373
f 275/976/374 436/977/374 271/978/374
f 335/966/375 412/979/375 353/974/375
f 271/978/376 434/980/376 291/981/376
f 401/982/206 379/983/206 398/984/206
f 405/985/206 383/986/206 404/987/206
f 405/985/206 386/988/206 383/986/206
f 407/989/206 386/988/206 405/985/206
f 409/990/206 390/991/206 388/992/206
f 410/450/206 392/993/206 390/991/206
f 395/994/206 393/995/206 412/979/206
f 395/994/206 376/959/206 393/995/206
f 434/980/206 414/996/206 432/956/206
f 436/977/206 417/997/206 414/996/206
f 437/998/206 420/999/206 417/997/206
f 444/953/206 424/975/206 442/961/206
f 449/1000/206 432/956/206 430/964/206
f 434/980/206 432/956/206 449/1000/206
f 321/944/377 383/986/377 323/844/377
f 336/968/378 395/994/378 335/966/378
f 323/844/379 386/988/379 325/1001/379
f 339/970/380 398/984/380 336/968/380
f 325/1001/244 388/992/244 328/946/244
f 328/946/381 390/991/381 309/947/381
f 331/949/382 393/995/382 333/958/382
f 347/971/383 407/989/383 345/972/383
f 359/967/384 417/997/384 341/969/384
f 1405/1002/385 191/1003/385 1407/1004/385
f 1407/1004/386 195/1005/386 1408/1006/386
f 218/1007/387 1413/1008/387 1414/1009/387
f 226/1010/388 1409/1011/388 1411/1012/388
f 30/1013/389 240/1014/389 42/1015/389
f 178/1016/390 1417/1017/390 1415/1018/390
f 30/1013/391 191/1019/391 185/1020/391
f 62/1021/391 201/1022/391 50/1023/391
f 70/1024/391 206/1025/391 62/1021/391
f 91/1026/391 218/1027/391 212/1028/391
f 138/1029/391 223/1030/391 221/1031/391
f 165/1032/391 226/1033/391 138/1029/391
f 172/1034/391 229/1035/391 165/1032/391
f 8/1036/391 178/1037/391 172/1034/391
f 110/1038/392 254/1039/392 118/1040/392
f 118/1040/393 255/1041/393 138/1029/393
f 50/1023/394 242/1042/394 62/1021/394
f 62/1021/395 246/1043/395 70/1024/395
f 70/1024/396 249/1044/396 81/1045/396
f 8/1036/397 235/1046/397 23/1047/397
f 81/1045/398 251/1048/398 91/1026/398
f 23/1047/399 239/1049/399 30/1013/399
f 30/1013/400 239/1049/400 240/1014/400
f 91/1026/401 252/1050/401 110/1038/401
f 163/1051/402 1429/1052/402 158/1053/402
f 163/1051/403 1427/1054/403 1429/1052/403
f 168/1055/404 1427/1054/404 163/1051/404
f 168/1055/405 1425/1056/405 1427/1054/405
f 170/1057/406 1424/1058/406 1426/1059/406
f 26/1060/407 186/1061/407 33/1062/407
f 121/1063/408 1431/1064/408 1430/1065/408
f 11/1066/391 128/1067/391 121/1068/391
f 26/1060/391 135/1069/391 128/1067/391
f 33/1062/391 142/1070/391 135/1069/391
f 49/1071/391 152/1072/391 40/1073/391
f 60/1074/391 163/1075/391 158/1076/391
f 75/1077/391 169/1030/391 168/1078/391
f 99/1079/391 170/1080/391 88/1081/391
f 108/1082/391 171/1083/391 99/1079/391
f 205/1084/409 88/1081/409 75/1077/409
f 68/1085/410 203/1086/410 75/1077/410
f 33/1062/411 186/1061/411 189/1087/411
f 5/1088/412 214/1089/412 11/1066/412
f 49/1071/413 194/1090/413 55/1091/413
f 55/1091/414 198/1092/414 60/1074/414
f 60/1074/401 200/1093/401 68/1085/401
f 26/1060/415 183/1094/415 186/1061/415
f 1435/1095/416 80/1096/416 1437/1097/416
f 1437/1097/417 83/1098/417 1438/1099/417
f 101/1100/418 1443/1101/418 1445/1102/418
f 112/1103/419 1439/1104/419 1441/1105/419
f 22/1106/420 125/1107/420 28/1108/420
f 73/1109/421 1446/1110/421 1444/1111/421
f 31/1112/391 85/1113/391 28/1108/391
f 36/1114/391 89/1115/391 31/1112/391
f 41/1116/391 93/1117/391 36/1114/391
f 48/1118/391 103/1119/391 101/1120/391
f 72/1121/391 115/1122/391 65/1123/391
f 3/1124/391 73/1125/391 72/1121/391
f 48/1118/422 148/1126/422 53/1127/422
f 53/1127/423 150/1128/423 58/1129/423
f 31/1112/424 134/1130/424 36/1114/424
f 36/1114/425 137/1131/425 41/1116/425
f 12/1132/426 122/1133/426 125/1107/426
f 41/1116/427 141/1134/427 44/1135/427
f 12/1132/428 125/1107/428 22/1106/428
f 44/1135/429 144/1136/429 48/1118/429
f 1452/1137/430 51/1138/430 1454/1139/430
f 54/1140/431 1456/1141/431 52/1142/431
f 1456/1141/432 54/1140/432 1458/1143/432
f 57/1144/433 1457/1145/433 1458/1143/433
f 59/1146/434 1455/1147/434 1457/1145/434
f 61/1148/435 1453/1149/435 1455/1147/435
f 9/1150/206 52/1151/206 51/1152/206
f 14/1153/206 52/1151/206 9/1150/206
f 14/1153/206 54/1154/206 52/1151/206
f 21/1155/206 54/1154/206 14/1153/206
f 29/1156/206 59/1157/206 25/1158/206
f 38/1159/436 86/1160/436 43/1161/436
f 47/1162/437 74/1163/437 9/1150/437
f 19/1164/438 17/1165/438 243/1166/438
f 19/1164/439 243/1166/439 230/1167/439
f 13/1168/440 4/1169/440 16/1170/440
f 6/1171/441 16/1170/441 4/1169/441
f 230/1167/442 245/1172/442 19/1164/442
f 17/1165/443 19/1164/443 1460/1173/443
f 97/1174/444 96/1175/444 98/1176/444
f 92/1177/445 105/1178/445 104/1179/445
f 107/1180/446 117/1181/446 106/1182/446
f 119/1183/447 107/1180/447 97/1174/447
f 113/1184/448 1459/1185/448 133/1186/448
f 132/1187/449 131/1188/449 111/1189/449
f 113/1184/450 132/1187/450 111/1189/450
f 127/1190/451 105/1178/451 106/1182/451
f 117/1181/452 127/1190/452 106/1182/452
f 126/1191/453 102/1192/453 104/1179/453
f 139/1193/454 117/1181/454 119/1183/454
f 132/1187/455 140/1194/455 131/1188/455
f 117/1181/456 136/1195/456 127/1190/456
f 143/1196/457 124/1197/457 102/1192/457
f 126/1191/458 143/1196/458 102/1192/458
f 139/1193/459 156/1198/459 136/1195/459
f 143/1196/460 162/1199/460 124/1197/460
f 175/1200/461 160/1201/461 151/1202/461
f 176/1203/462 151/1202/462 133/1186/462
f 184/1204/463 182/1205/463 174/1206/463
f 179/1207/464 162/1199/464 143/1196/464
f 164/1208/465 179/1207/465 143/1196/465
f 175/1200/466 184/1204/466 174/1206/466
f 187/1209/467 175/1200/467 151/1202/467
f 181/1210/468 145/1211/468 167/1212/468
f 181/1213/469 190/1214/469 164/1215/469
f 187/1216/470 193/1217/470 175/1218/470
f 199/1219/471 181/1213/471 182/1220/471
f 192/1221/472 199/1219/472 182/1220/472
f 202/1222/473 192/1221/473 184/1223/473
f 210/1224/474 202/1222/474 193/1217/474
f 187/1216/475 210/1224/475 193/1217/475
f 192/1221/476 209/1225/476 199/1219/476
f 190/1214/477 213/1226/477 179/1227/477
f 215/1228/478 190/1214/478 199/1219/478
f 209/1225/479 215/1228/479 199/1219/479
f 230/1167/480 187/1216/480 176/1229/480
f 222/1230/481 213/1226/481 190/1214/481
f 228/1231/482 237/1232/482 219/1233/482
f 233/1234/483 222/1230/483 215/1228/483
f 4/1169/484 222/1230/484 233/1234/484
f 230/1167/485 243/1166/485 228/1231/485
f 236/1235/486 4/1169/486 233/1234/486
f 176/1229/487 1459/1236/487 245/1172/487
f 243/1166/488 237/1232/488 228/1231/488
f 7/1237/489 236/1235/489 237/1232/489
f 213/1226/490 2/1238/490 162/1239/490
f 243/1166/491 17/1165/491 237/1232/491
f 13/1168/492 2/1238/492 222/1230/492
f 4/1169/493 13/1168/493 222/1230/493
f 1464/1240/494 1463/1241/494 1474/1242/494
f 1466/1243/495 1465/1244/495 1463/1241/495
f 1468/1245/496 1467/1246/496 1465/1244/496
f 1473/1247/497 1472/1248/497 1470/1249/497
f 1462/1250/498 1474/1251/498 1472/1248/498
f 1474/1251/499 1482/1252/499 1472/1248/499
f 1467/1246/500 1478/1253/500 1486/1254/500
f 1463/1241/501 1475/1255/501 1474/1242/501
f 1463/1241/502 1476/1256/502 1475/1255/502
f 1467/1246/503 1486/1254/503 1465/1244/503
f 1474/1251/504 1475/103/504 1482/1252/504
f 1475/1255/505 1483/1257/505 1487/1258/505
f 1476/1256/506 1483/1257/506 1475/1255/506
f 1475/103/507 1487/1259/507 1482/1252/507
f 1477/1260/508 1485/1261/508 1484/1262/508
f 1486/1254/509 1485/1261/509 1477/1260/509
f 1479/1263/510 1491/1264/510 1478/1253/510
f 1484/1262/511 1488/1265/511 1483/1257/511
f 1480/1266/512 1491/1264/512 1479/1263/512
f 1484/1262/513 1489/1267/513 1488/1265/513
f 1485/1261/514 1489/1267/514 1484/1262/514
f 1486/1254/515 1490/1268/515 1485/1261/515
f 1483/1257/516 1494/1269/516 1487/1258/516
f 1495/1270/517 1496/1271/517 1497/1272/517
f 1492/1273/518 1496/1274/518 1491/1264/518
f 1493/1275/519 1497/1276/519 1496/1274/519
f 1491/1264/520 1495/1277/520 1490/1268/520
f 1494/1278/521 1497/1276/521 1493/1275/521
f 1469/1279/522 1502/1280/522 1471/1281/522
f 1473/1247/523 1505/1282/523 1462/1250/523
f 1468/1245/524 1501/1283/524 1469/1279/524
f 1462/1250/525 1505/1282/525 1506/1284/525
f 1466/1243/526 1498/1285/526 1468/1245/526
f 1471/1281/527 1502/1280/527 1503/1286/527
f 1466/1243/528 1500/1287/528 1498/1285/528
f 1469/1279/529 1501/1283/529 1502/1280/529
f 1473/1247/530 1504/1288/530 1505/1282/530
f 1462/29/531 1506/1289/531 1464/1240/531
f 1501/1283/532 1498/1285/532 1511/1290/532
f 1503/1286/533 1514/1291/533 1504/1288/533
f 1509/1292/534 1518/1293/534 1519/1294/534
f 1505/1282/535 1507/1295/535 1506/1284/535
f 1501/1283/536 1512/1296/536 1502/1280/536
f 1506/1284/537 1507/1295/537 1508/9/537
f 1502/1280/538 1513/1297/538 1503/1286/538
f 1500/1287/539 1510/1298/539 1498/1285/539
f 1511/1290/540 1512/1296/540 1501/1283/540
f 1509/1292/541 1519/1294/541 1510/1298/541
f 1510/1298/542 1519/1294/542 1511/1290/542
f 1515/1299/543 1522/1300/543 1507/1295/543
f 1508/1301/544 1518/1293/544 1509/1292/544
f 1517/1302/545 1521/1303/545 1522/1300/545
f 1542/1304/546 1545/1305/546 1541/1306/546
f 1549/1307/546 1552/1305/546 1548/1306/546
f 1556/1308/546 1559/1305/546 1555/1306/546
f 1563/1308/546 1566/1305/546 1562/1306/546
f 1570/1304/546 1573/1305/546 1569/1306/546
f 1577/1307/546 1580/1305/546 1576/1306/546
f 1584/1308/546 1587/1305/546 1583/1306/546
f 1619/1309/547 1598/1310/547 1597/1311/547
f 1619/1309/548 1599/1312/548 1598/1310/548
f 1620/1313/549 1605/1314/549 1599/1312/549
f 1601/1315/550 1600/1316/550 1605/1314/550
f 1596/1317/551 1603/1318/551 1602/1319/551
f 1602/1319/552 1603/1318/552 1611/1320/552
f 1603/79/553 1597/1311/553 1606/1321/553
f 1599/1312/554 1607/1322/554 1598/1310/554
f 1604/1323/555 1607/1322/555 1599/1312/555
f 1602/1319/556 1611/1320/556 1610/1324/556
f 1606/103/557 1611/1320/557 1603/1318/557
f 1598/1310/558 1607/1322/558 1597/1311/558
f 1608/1325/559 1613/1326/559 1604/1323/559
f 1611/1320/560 1615/1327/560 1610/1324/560
f 1608/1325/561 1614/1328/561 1613/1326/561
f 1609/1329/562 1614/1328/562 1608/1325/562
f 1607/1322/563 1612/1330/563 1606/1321/563
f 1612/1330/564 1617/1331/564 1615/79/564
f 1613/1326/565 1616/1332/565 1612/1330/565
f 1615/1327/566 1617/1333/566 1614/1328/566
f 1620/1313/567 1627/1334/567 1601/1315/567
f 1596/1317/568 1630/1335/568 1623/9/568
f 1619/1309/569 1625/1336/569 1620/1313/569
f 1620/1313/570 1625/1336/570 1626/1337/570
f 1596/29/571 1623/1338/571 1618/1339/571
f 1624/1340/572 1633/1341/572 1625/1336/572
f 1628/1342/573 1636/1343/573 1629/1344/573
f 1629/1344/574 1636/1343/574 1637/1345/574
f 1625/1336/575 1634/1346/575 1626/1337/575
f 1630/1335/576 1637/1345/576 1631/1347/576
f 1630/1335/577 1631/1347/577 1623/9/577
f 1636/1343/578 1641/1348/578 1637/1345/578
f 1635/1349/579 1640/1350/579 1643/1351/579
f 1632/1352/580 1638/1353/580 1633/1341/580
f 1635/1349/581 1643/1351/581 1636/1343/581
f 1633/1341/582 1638/1353/582 1639/1354/582
f 1641/1348/583 1643/1351/583 1644/1355/583
f 1649/1356/584 1648/1357/584 1646/1358/584
f 1649/1356/585 1650/1359/585 1648/1357/585
f 1652/1360/586 1653/1361/586 1650/1359/586
f 1656/1362/587 1655/1363/587 1658/1364/587
f 1658/1364/588 1657/1365/588 1656/1362/588
f 1661/1366/589 1660/1367/589 1657/1365/589
f 1661/1366/590 1662/1368/590 1660/1367/590
f 1670/1369/591 1666/1370/591 1672/1371/591
f 1666/1372/592 1667/1373/592 1665/1374/592
f 1668/1375/593 1669/1376/593 1667/1373/593
f 1670/1377/594 1671/1378/594 1669/1376/594
f 1672/1379/595 1665/1380/595 1671/1378/595
f 1674/1372/596 1675/1373/596 1673/1374/596
f 1676/1381/597 1677/1376/597 1675/1373/597
f 1678/1377/598 1679/1378/598 1677/1376/598
f 1680/1382/599 1673/1383/599 1679/1378/599
f 1684/1384/600 1743/1385/600 1750/1386/600
f 1684/1384/601 1744/1387/601 1743/1385/601
f 1686/1388/602 1745/1389/602 1744/1387/602
f 1688/1390/603 1747/1391/603 1746/1392/603
f 1689/1393/604 1748/1394/604 1747/1391/604
f 1689/1393/605 1749/1395/605 1748/1394/605
f 1682/1396/606 1750/1397/606 1749/1395/606
f 1690/1398/607 1695/1399/607 1734/1400/607
f 1683/1401/608 1691/1402/608 1696/1403/608
f 1733/1404/609 1694/1405/609 1687/1406/609
f 1733/1404/610 1698/1407/610 1694/1405/610
f 1734/1400/611 1695/1399/611 1699/1408/611
f 1687/1406/612 1694/1405/612 1693/1409/612
f 1732/1410/613 1693/1409/613 1692/1411/613
f 1734/1400/614 1698/1407/614 1733/1404/614
f 1695/1399/615 1701/1412/615 1700/1413/615
f 1695/1399/616 1700/1413/616 1699/1408/616
f 1701/1412/617 1706/1414/617 1700/1413/617
f 1696/1403/618 1707/1415/618 1706/1416/618
f 1705/1417/619 1706/1414/619 1704/1418/619
f 1682/1419/620 1708/1420/620 1684/1384/620
f 1686/1388/621 1710/1421/621 1688/1390/621
f 1684/1384/622 1708/1420/622 1709/1422/622
f 1688/1390/623 1711/1423/623 1689/1393/623
f 1684/1384/624 1714/1424/624 1686/1388/624
f 1682/1396/625 1712/1425/625 1708/9/625
f 1715/1426/626 1722/1427/626 1710/1421/626
f 1710/1421/627 1722/1427/627 1716/1428/627
f 1708/1420/628 1713/1429/628 1719/1430/628
f 1718/1431/629 1726/1432/629 1712/1425/629
f 1710/1421/630 1716/1428/630 1723/1433/630
f 1708/1420/631 1719/1430/631 1709/1422/631
f 1712/1425/632 1726/1432/632 1713/1434/632
f 1710/1421/633 1723/1433/633 1717/1435/633
f 1709/1422/634 1719/1430/634 1720/1436/634
f 1709/1422/635 1720/1436/635 1714/1424/635
f 1711/1423/636 1717/1435/636 1724/1437/636
f 1711/1423/637 1724/1437/637 1725/1438/637
f 1711/1423/638 1725/1438/638 1718/1431/638
f 1720/1436/639 1721/1439/639 1714/1424/639
f 1714/1424/640 1721/1439/640 1715/1426/640
f 1724/1437/641 1730/1440/641 1725/1438/641
f 1725/1438/642 1730/1440/642 1726/1432/642
f 1713/1429/643 1727/1441/643 1719/1430/643
f 1716/1428/644 1729/1442/644 1723/1433/644
f 1726/1432/645 1730/1440/645 1727/1443/645
f 1719/1430/646 1727/1441/646 1720/1436/646
f 1755/1444/647 1734/1400/647 1733/1404/647
f 1754/1445/648 1733/1404/648 1687/1406/648
f 1753/1446/649 1687/1406/649 1732/1410/649
f 1752/1447/650 1732/1410/650 1685/1448/650
f 1731/1449/651 1683/1401/651 1681/1450/651
f 1742/1451/652 1731/1452/652 1757/1453/652
f 1739/1454/653 1756/1455/653 1755/1444/653
f 1738/1456/654 1755/1444/654 1754/1445/654
f 1737/1457/655 1754/1445/655 1753/1446/655
f 1737/1457/656 1753/1446/656 1752/1447/656
f 1751/1458/657 1736/1459/657 1752/1447/657
f 1735/1460/658 1751/1458/658 1731/1449/658
f 1738/1456/659 1747/1391/659 1739/1454/659
f 1746/1392/660 1738/1456/660 1737/1457/660
f 1745/1389/661 1737/1457/661 1736/1459/661
f 1743/1385/662 1735/1460/662 1742/1461/662
f 923/17/663 712/22/663 917/21/663
f 367/44/664 1000/43/664 998/48/664
f 909/11/665 897/14/665 954/23/665
f 934/25/666 786/20/666 931/19/666
f 489/13/667 884/34/667 897/14/667
f 868/31/668 1/29/668 877/29/668
f 940/32/669 825/3/669 937/2/669
f 775/6/670 928/5/670 931/19/670
f 928/5/671 742/18/671 923/17/671
f 813/1/672 797/41/672 934/25/672
f 696/12/673 909/11/673 917/21/673
f 884/34/674 227/49/674 868/31/674
f 813/1/675 934/25/675 937/2/675
f 940/32/676 855/7/676 840/1462/676
f 961/1463/677 917/21/677 958/24/677
f 934/25/678 931/19/678 971/26/678
f 917/21/679 909/11/679 958/24/679
f 961/1463/680 928/5/680 923/17/680
f 868/31/681 943/30/681 947/33/681
f 979/28/682 877/8/682 940/32/682
f 991/1464/683 984/1465/683 994/1466/683
f 931/19/684 966/35/684 971/26/684
f 897/14/685 947/33/685 954/23/685
f 984/39/686 943/30/686 994/1467/686
f 976/27/687 991/38/687 994/36/687
f 961/1463/688 958/24/688 987/40/688
f 979/28/689 976/27/689 994/36/689
f 987/40/690 966/35/690 961/1463/690
f 712/22/691 1006/1468/691 1004/50/691
f 954/23/692 984/39/692 987/40/692
f 754/4/693 1011/1469/693 1010/81/693
f 855/7/694 1021/75/694 1041/91/694
f 855/7/695 996/103/695 1021/75/695
f 797/41/696 1015/46/696 1014/42/696
f 1/29/697 227/49/697 996/56/697
f 1018/65/698 840/1462/698 1020/68/698
f 775/6/699 1013/47/699 1011/1469/699
f 489/13/700 1001/52/700 1000/43/700
f 1006/1468/701 742/18/701 1007/60/701
f 1007/60/702 754/4/702 1009/59/702
f 227/49/703 998/48/703 996/56/703
f 696/12/704 1004/50/704 1003/45/704
f 1020/68/705 855/7/705 1041/91/705
f 813/1/706 1017/67/706 1015/46/706
f 786/20/707 1014/42/707 1013/47/707
f 1001/52/708 643/10/708 1003/45/708
f 1017/67/709 825/3/709 1018/65/709
f 754/4/710 1010/81/710 1009/59/710
f 1024/70/711 1000/43/711 1025/1470/711
f 1025/1470/712 1001/52/712 1026/51/712
f 1021/75/713 996/103/713 1022/73/713
f 1029/55/714 1006/1468/714 1030/1471/714
f 1003/45/715 1004/50/715 1028/54/715
f 1031/60/716 1006/1468/716 1007/60/716
f 1023/57/717 998/48/717 1024/70/717
f 1036/94/718 1014/42/718 1037/98/718
f 94/62/719 92/1472/719 1026/51/719
f 96/61/720 1027/53/720 98/1473/720
f 1037/98/721 1015/46/721 1038/1474/721
f 98/1473/722 1028/54/722 100/1475/722
f 1038/1474/723 1017/67/723 1039/66/723
f 113/64/724 100/1475/724 1028/54/724
f 1029/55/725 1034/78/725 245/77/725
f 1459/63/726 1028/54/726 1029/55/726
f 1029/55/727 245/77/727 1459/63/727
f 1034/78/728 1031/60/728 1035/60/728
f 1018/65/729 1040/69/729 1039/66/729
f 1022/58/730 1023/57/730 1032/72/730
f 102/1476/731 1033/71/731 1025/1470/731
f 1023/57/732 1024/70/732 1032/72/732
f 1020/68/733 1041/91/733 1040/69/733
f 1024/70/734 1025/1470/734 1033/71/734
f 1021/75/735 1042/74/735 1041/91/735
f 1025/1470/736 92/1472/736 102/1476/736
f 1013/47/737 1036/94/737 1011/1469/737
f 1049/100/738 1460/1477/738 19/1478/738
f 19/1478/739 245/77/739 1049/100/739
f 1050/55/740 1049/100/740 245/77/740
f 1052/60/741 1034/78/741 1035/60/741
f 1032/72/742 1043/57/742 1042/79/742
f 1032/72/743 1044/80/743 1043/57/743
f 1035/60/744 1009/59/744 1053/59/744
f 1033/71/745 1045/89/745 1044/80/745
f 1033/71/746 124/1479/746 162/1480/746
f 13/1481/747 1045/89/747 2/1482/747
f 1046/92/748 16/82/748 1047/84/748
f 1461/83/749 1048/53/749 1047/84/749
f 1059/111/750 1050/55/750 1051/76/750
f 1064/1483/751 1040/69/751 1065/87/751
f 1059/111/752 1052/60/752 1060/106/752
f 1043/57/753 1055/90/753 1054/88/753
f 1065/87/754 1041/91/754 1066/85/754
f 1060/106/755 1010/81/755 1061/96/755
f 1052/60/756 1053/59/756 1060/106/756
f 1038/1474/757 1064/1483/757 1063/99/757
f 1010/81/758 1011/1469/758 1061/96/758
f 1045/89/759 1056/93/759 1055/90/759
f 1042/74/760 1054/103/760 1066/85/760
f 1011/1469/761 1036/94/761 1061/96/761
f 1036/94/762 1037/98/762 1062/95/762
f 1037/98/763 1038/1474/763 1063/99/763
f 1075/108/764 1063/99/764 1076/1484/764
f 1060/106/765 1074/105/765 1073/113/765
f 1055/90/766 1069/107/766 1068/114/766
f 1066/85/767 1067/102/767 1078/86/767
f 1066/85/768 1054/103/768 1067/102/768
f 1061/96/769 1075/108/769 1074/105/769
f 1056/93/770 1070/109/770 1069/107/770
f 1063/99/771 1077/1485/771 1076/1484/771
f 1057/97/772 1071/110/772 1070/109/772
f 1077/1485/773 1065/87/773 1078/86/773
f 1058/101/774 1072/112/774 1071/110/774
f 1081/118/775 1070/109/775 1082/131/775
f 1059/111/776 1073/113/776 1072/112/776
f 1054/88/777 1068/114/777 1067/79/777
f 1083/124/778 1070/109/778 1071/110/778
f 1075/108/779 1088/133/779 1087/115/779
f 1075/108/780 1076/1484/780 1088/133/780
f 1089/121/781 1077/1485/781 1090/119/781
f 1076/1484/782 1089/121/782 1088/133/782
f 1071/110/783 1084/122/783 1083/124/783
f 1077/1485/784 1091/125/784 1090/119/784
f 1072/112/785 1085/127/785 1084/122/785
f 1073/113/786 1086/59/786 1085/127/786
f 1092/104/787 1078/86/787 1067/102/787
f 1068/114/788 1069/107/788 1080/117/788
f 1096/1486/789 1083/124/789 1097/1487/789
f 1074/105/790 1087/115/790 1086/59/790
f 1103/1488/791 1089/121/791 1104/120/791
f 1106/140/792 1092/104/792 1107/138/792
f 1083/124/793 1098/123/793 1097/1487/793
f 1090/119/794 1105/126/794 1104/120/794
f 1084/122/795 1099/128/795 1098/123/795
f 1091/125/796 1106/140/796 1105/126/796
f 1085/127/797 1100/129/797 1099/128/797
f 1079/116/798 1080/117/798 1093/1489/798
f 1080/117/799 1094/130/799 1093/1489/799
f 1101/141/800 1086/59/800 1087/115/800
f 1107/138/801 1079/103/801 1093/103/801
f 1081/118/802 1095/132/802 1094/130/802
f 1118/154/803 1105/126/803 1119/156/803
f 1087/115/804 1102/134/804 1101/141/804
f 1082/131/805 1096/1486/805 1095/132/805
f 1088/133/806 1103/1488/806 1102/134/806
f 1108/79/807 1109/144/807 1121/146/807
f 1098/123/808 1113/135/808 1112/1490/808
f 1109/144/809 1094/130/809 1110/143/809
f 1099/128/810 1114/136/810 1113/135/810
f 1093/1489/811 1109/144/811 1108/79/811
f 1105/126/812 1106/140/812 1119/156/812
f 1106/140/813 1120/139/813 1119/156/813
f 1116/150/814 1101/141/814 1102/134/814
f 1102/134/815 1117/152/815 1116/150/815
f 1095/132/816 1111/1491/816 1110/143/816
f 1095/132/817 1096/1486/817 1111/1491/817
f 1096/1486/818 1112/1490/818 1111/1491/818
f 1118/154/819 1103/1488/819 1104/120/819
f 1135/182/820 1123/148/820 1136/180/820
f 1097/1487/821 1098/123/821 1112/1490/821
f 1132/157/822 1120/139/822 1133/149/822
f 1123/148/823 1111/1491/823 1124/1492/823
f 1109/144/824 1110/143/824 1122/145/824
f 1115/137/825 1128/151/825 1127/147/825
f 1120/139/826 1108/142/826 1133/149/826
f 1124/1492/827 1112/1490/827 1125/1493/827
f 1116/150/828 1129/153/828 1128/151/828
f 1117/152/829 1130/155/829 1129/153/829
f 1125/1493/830 1113/135/830 1126/1494/830
f 1118/154/831 1131/158/831 1130/155/831
f 1126/1494/832 1114/136/832 1127/147/832
f 1118/154/833 1119/156/833 1131/158/833
f 1148/164/834 1121/103/834 1134/103/834
f 1137/167/835 1153/166/835 1152/183/835
f 1137/167/836 1123/148/836 1124/1492/836
f 1143/159/837 1129/153/837 1144/169/837
f 1138/165/838 1125/1493/838 1139/172/838
f 1124/1492/839 1138/165/839 1137/167/839
f 1129/153/840 1130/155/840 1144/169/840
f 1140/170/841 1125/1493/841 1126/1494/841
f 1130/155/842 1145/161/842 1144/169/842
f 1141/174/843 1126/1494/843 1127/147/843
f 1131/158/844 1146/162/844 1145/161/844
f 1134/1495/845 1122/145/845 1135/182/845
f 1132/157/846 1147/163/846 1146/162/846
f 1154/191/847 1138/165/847 1139/172/847
f 1127/147/848 1142/160/848 1141/174/848
f 1127/147/849 1128/151/849 1142/160/849
f 1144/169/850 1160/168/850 1159/184/850
f 1150/286/851 1134/1495/851 1135/182/851
f 1139/172/852 1155/171/852 1154/191/852
f 1145/161/853 1161/173/853 1160/168/853
f 1140/170/854 1156/175/854 1155/171/854
f 1146/162/855 1162/176/855 1161/173/855
f 1141/174/856 1157/179/856 1156/175/856
f 1149/103/857 1148/164/857 1134/103/857
f 1147/163/858 1163/177/858 1162/176/858
f 1141/174/859 1142/160/859 1157/179/859
f 1135/182/860 1151/181/860 1150/286/860
f 1136/180/861 1152/183/861 1151/181/861
f 1168/185/862 1154/191/862 1155/171/862
f 1143/159/863 1159/184/863 1158/178/863
f 1172/1496/864 1161/173/864 1173/201/864
f 1164/198/865 1150/286/865 1165/196/865
f 1161/173/866 1162/176/866 1173/201/866
f 1156/175/867 1169/195/867 1168/185/867
f 1156/175/868 1157/179/868 1169/195/868
f 1174/199/869 1162/176/869 1163/177/869
f 1169/195/870 1158/178/870 1170/188/870
f 1150/286/871 1151/181/871 1165/196/871
f 1166/189/872 1151/181/872 1152/183/872
f 1164/103/873 1163/177/873 1149/103/873
f 1171/1497/874 1160/168/874 1172/1496/874
f 1159/184/875 1171/1497/875 1170/188/875
f 1177/202/876 1166/189/876 1178/209/876
f 1168/185/877 1169/195/877 1181/186/877
f 1164/198/878 1176/197/878 1175/79/878
f 1173/201/879 1188/200/879 1187/206/879
f 1169/195/880 1170/188/880 1182/192/880
f 1174/199/881 1175/204/881 1188/200/881
f 1183/203/882 1171/1497/882 1184/213/882
f 1185/216/883 1171/1497/883 1172/1496/883
f 1166/189/884 1179/205/884 1178/209/884
f 1210/227/885 1196/211/885 1211/280/885
f 1172/1496/886 1186/207/886 1185/216/886
f 1172/1496/887 1173/201/887 1186/207/887
f 1190/210/888 1176/197/888 1177/202/888
f 1197/214/889 1186/207/889 1198/218/889
f 1175/204/890 1189/103/890 1199/208/890
f 1183/203/891 1184/213/891 1196/211/891
f 1199/208/892 1187/206/892 1188/200/892
f 1180/187/893 1181/186/893 1193/217/893
f 1181/186/894 1194/194/894 1193/217/894
f 1203/229/895 1191/212/895 1204/1498/895
f 1181/186/896 1182/192/896 1194/194/896
f 1191/212/897 1205/247/897 1204/1498/897
f 1196/211/898 1212/220/898 1211/280/898
f 1208/234/899 1193/217/899 1194/194/899
f 1197/214/900 1214/222/900 1213/221/900
f 1192/215/901 1206/223/901 1205/247/901
f 1198/218/902 1216/1499/902 1215/67/902
f 1216/1499/903 1199/208/903 1217/226/903
f 1189/219/904 1201/1500/904 1200/79/904
f 1201/1500/905 1190/210/905 1202/230/905
f 1194/194/906 1209/228/906 1208/234/906
f 1194/194/907 1195/193/907 1209/228/907
f 1199/208/908 1200/103/908 1218/225/908
f 1366/1501/909 1379/1502/909 1386/1503/909
f 1223/1504/910 1378/1505/910 1400/1506/910
f 1367/251/911 1351/1507/911 1368/1508/911
f 1337/1509/912 1354/1510/912 1339/1511/912
f 1340/1512/913 1318/1513/913 1338/1514/913
f 1307/1515/914 1320/1516/914 1319/1517/914
f 1228/1518/915 1215/67/915 1216/1499/915
f 1306/1519/916 1295/1520/916 1280/1521/916
f 1228/1518/917 1217/226/917 1229/1522/917
f 1201/1500/918 1231/1523/918 1200/79/918
f 1219/286/919 1202/230/919 1220/284/919
f 1201/1500/920 1219/286/920 1231/1523/920
f 1217/226/921 1230/238/921 1229/1522/921
f 1358/1524/922 1220/284/922 1343/1525/922
f 1221/292/923 1356/1526/923 1371/1527/923
f 1369/1528/924 1384/1529/924 1381/1530/924
f 1285/1531/925 1298/1531/925 1311/1527/925
f 1359/1532/926 1374/1533/926 1370/1534/926
f 1321/1535/927 1347/1536/927 1344/1537/927
f 1313/1538/928 1327/1539/928 1328/1540/928
f 1310/1541/929 1299/241/929 1314/243/929
f 1283/1542/930 1300/1543/930 1297/1544/930
f 1346/1545/931 1362/1546/931 1361/236/931
f 1212/220/932 1240/278/932 1211/280/932
f 1286/1547/933 1302/1548/933 1300/1543/933
f 1289/1549/934 1448/1550/934 1452/1551/934
f 1451/1552/935 1449/1553/935 1204/1498/935
f 1373/1554/936 1385/1555/936 1384/1529/936
f 1212/220/937 1225/487/937 1240/278/937
f 1363/1556/938 1374/1533/938 1360/1557/938
f 1362/1546/939 1350/1558/939 1364/1559/939
f 1326/1560/940 1349/1561/940 1347/1536/940
f 1313/1538/941 1332/1562/941 1327/1539/941
f 1204/1498/942 1453/246/942 1451/1552/942
f 1225/487/943 1213/221/943 1226/248/943
f 1452/1551/944 1290/1563/944 1289/1549/944
f 1288/1564/945 1304/254/945 1302/1548/945
f 1316/1565/946 1329/1566/946 1331/1567/946
f 1331/1567/947 1332/1562/947 1316/1565/947
f 1315/244/948 1301/242/948 1303/1568/948
f 1375/1569/949 1386/1503/949 1385/1555/949
f 1452/1551/950 1454/1570/950 1290/1563/950
f 1363/1556/951 1377/249/951 1376/1571/951
f 1350/1558/952 1354/1510/952 1364/1559/952
f 1349/1561/953 1333/1572/953 1340/1512/953
f 1317/1573/954 1334/1574/954 1335/1575/954
f 1455/245/955 1206/223/955 1457/1576/955
f 1308/1577/956 1315/244/956 1303/1568/956
f 1454/1570/957 1292/1578/957 1290/1563/957
f 1214/222/958 1227/231/958 1226/248/958
f 1336/1579/959 1317/1573/959 1307/1515/959
f 1308/1577/960 1303/1568/960 1293/1580/960
f 1447/1581/961 1418/1582/961 1434/260/961
f 1458/1583/962 1282/1584/962 1456/1585/962
f 1220/284/963 1243/292/963 1242/285/963
f 1432/1586/964 1403/1587/964 1419/261/964
f 1416/1588/965 1209/228/965 1404/1589/965
f 1433/255/966 1238/287/966 1237/256/966
f 1210/227/967 1404/1589/967 1209/228/967
f 1418/1582/968 1420/258/968 1434/260/968
f 1403/1587/969 1405/262/969 1419/261/969
f 1435/1590/970 1239/1469/970 1238/287/970
f 1221/292/971 1390/1591/971 1220/284/971
f 1200/103/972 1231/103/972 1230/238/972
f 1394/1592/973 1380/1593/973 1387/1594/973
f 1240/278/974 1438/1595/974 1423/1596/974
f 1391/1597/975 1393/1598/975 1232/1599/975
f 1388/1600/976 1394/1592/976 1387/1594/976
f 1393/1598/977 1233/1601/977 1232/1599/977
f 1393/1598/978 1395/1602/978 1233/1601/978
f 1442/1585/979 1234/53/979 1439/1603/979
f 1426/1604/980 1233/1601/980 1411/1605/980
f 1443/271/981 1424/1606/981 1428/269/981
f 1397/1607/982 1389/1608/982 1398/1609/982
f 1410/1610/983 1396/1611/983 1413/1612/983
f 1223/1504/984 1398/1609/984 1389/1608/984
f 1429/1613/985 1412/267/985 1415/1614/985
f 1442/1585/986 1444/274/986 1235/1615/986
f 1414/1616/987 1396/1611/987 1399/1617/987
f 1444/274/988 1236/273/988 1235/1615/988
f 1399/1617/989 1401/1618/989 1414/1616/989
f 1430/272/990 1447/1581/990 1445/270/990
f 1402/1619/991 1416/1588/991 1401/1618/991
f 1417/1620/992 1429/1613/992 1415/1614/992
f 1243/292/993 1232/1599/993 1244/277/993
f 1237/256/994 1236/273/994 1446/257/994
f 1416/1588/995 1224/233/995 1208/234/995
f 1238/287/996 1239/1469/996 1250/288/996
f 1230/238/997 1241/103/997 1257/1621/997
f 1251/280/998 1239/1469/998 1240/278/998
f 1232/1599/999 1245/275/999 1244/277/999
f 1253/306/1000 1225/487/1000 1226/248/1000
f 1240/278/1001 1225/487/1001 1252/279/1001
f 1245/275/1002 1234/53/1002 1246/191/1002
f 1226/248/1003 1254/1622/1003 1253/306/1003
f 1234/53/1004 1235/1615/1004 1246/191/1004
f 1227/231/1005 1255/1623/1005 1254/1622/1005
f 1235/1615/1006 1247/282/1006 1246/191/1006
f 1235/1615/1007 1236/273/1007 1247/282/1007
f 1228/1518/1008 1256/1624/1008 1255/1623/1008
f 1236/273/1009 1237/256/1009 1248/281/1009
f 1241/291/1010 1219/286/1010 1242/285/1010
f 1229/1522/1011 1257/1621/1011 1256/1624/1011
f 1237/256/1012 1238/287/1012 1249/283/1012
f 1267/306/1013 1252/279/1013 1253/306/1013
f 1245/275/1014 1261/289/1014 1260/276/1014
f 1267/306/1015 1254/1622/1015 1268/1625/1015
f 1262/296/1016 1246/191/1016 1247/282/1016
f 1268/1625/1017 1255/1623/1017 1269/1626/1017
f 1263/294/1018 1247/282/1018 1248/281/1018
f 1269/1626/1019 1256/1624/1019 1270/299/1019
f 1264/302/1020 1248/281/1020 1249/283/1020
f 1270/299/1021 1257/1621/1021 1271/297/1021
f 1242/285/1022 1259/293/1022 1258/290/1022
f 1265/300/1023 1249/283/1023 1250/288/1023
f 1271/297/1024 1241/103/1024 1258/103/1024
f 1265/300/1025 1251/280/1025 1266/308/1025
f 1244/277/1026 1260/276/1026 1259/293/1026
f 1251/280/1027 1252/279/1027 1266/308/1027
f 1275/1627/1028 1278/1628/1028 1272/1629/1028
f 1278/1630/1029 1267/306/1029 1268/1625/1029
f 1278/1630/1030 1269/1626/1030 1279/298/1030
f 1261/289/1031 1262/296/1031 1274/305/1031
f 1262/296/1032 1275/295/1032 1274/305/1032
f 1275/295/1033 1264/302/1033 1276/301/1033
f 1269/1626/1034 1270/299/1034 1279/298/1034
f 1273/304/1035 1258/290/1035 1259/293/1035
f 1276/301/1036 1266/308/1036 1277/307/1036
f 1271/297/1037 1272/303/1037 1279/298/1037
f 1288/1631/1038 871/309/1038 1291/311/1038
f 1292/318/1039 910/314/1039 918/316/1039
f 1281/310/1040 871/309/1040 893/312/1040
f 1280/313/1041 893/312/1041 906/1632/1041
f 906/1632/1042 910/314/1042 1280/313/1042
f 906/338/206 578/353/206 674/336/206
f 918/316/1043 929/319/1043 1290/317/1043
f 1287/321/1044 929/319/1044 932/322/1044
f 936/325/1045 939/327/1045 1283/326/1045
f 939/327/1046 941/329/1046 1286/328/1046
f 674/336/1047 957/1633/1047 959/345/1047
f 324/334/206 578/353/206 893/335/206
f 910/337/206 721/346/206 918/1634/206
f 918/1634/206 760/350/206 929/1635/206
f 939/1636/206 851/342/206 941/333/206
f 760/350/206 782/352/206 929/1635/206
f 782/352/206 932/1637/206 929/1635/206
f 782/352/206 803/341/206 932/1637/206
f 803/341/206 936/340/206 932/1637/206
f 823/339/206 939/1636/206 936/340/206
f 977/343/206 964/349/206 957/1633/206
f 949/1638/1048 578/353/1048 324/334/1048
f 721/346/1049 959/345/1049 964/349/1049
f 823/339/1050 977/343/1050 981/348/1050
f 324/334/1051 945/347/1051 949/1638/1051
f 760/350/1052 964/349/1052 968/351/1052
f 795/355/1053 1301/1639/1053 861/29/1053
f 782/352/1054 968/351/1054 973/344/1054
f 674/336/1055 952/354/1055 957/1633/1055
f 812/1632/1056 1293/356/1056 806/312/1056
f 1293/356/1057 795/355/1057 806/312/1057
f 1302/358/1058 821/1640/1058 829/359/1058
f 812/1632/1059 816/1641/1059 1295/1642/1059
f 1294/1643/1060 1295/1642/1060 816/1641/1060
f 816/1641/1061 821/1640/1061 1294/1643/1061
f 1304/1644/1062 1294/1643/1062 821/1640/1062
f 812/338/206 357/372/206 531/374/206
f 1300/360/1063 829/359/1063 838/361/1063
f 847/325/1064 857/365/1064 1296/364/1064
f 857/365/1065 861/367/1065 1299/366/1065
f 56/369/206 357/372/206 795/370/206
f 821/377/206 705/380/206 829/379/206
f 531/374/206 601/376/206 816/375/206
f 601/376/206 684/387/206 821/377/206
f 857/1645/206 783/383/206 861/371/206
f 716/378/206 838/382/206 829/379/206
f 731/381/206 847/340/206 838/382/206
f 767/339/206 857/1645/206 847/340/206
f 767/339/1066 915/1646/1066 920/1647/1066
f 891/1648/206 873/384/206 915/1646/206
f 901/388/1067 601/376/1067 895/1649/1067
f 357/372/1068 869/385/1068 880/1650/1068
f 767/339/1069 920/1647/1069 926/386/1069
f 705/380/1070 901/388/1070 907/389/1070
f 891/1648/1071 357/372/1071 880/1650/1071
f 716/378/1072 907/389/1072 912/390/1072
f 895/1649/1073 531/374/1073 891/1648/1073
f 731/381/1074 912/390/1074 915/1646/1074
f 1307/395/1075 752/1651/1075 1305/1652/1075
f 1316/393/1076 790/29/1076 734/391/1076
f 1317/392/1077 734/391/1077 741/394/1077
f 1307/395/1078 741/394/1078 747/1653/1078
f 1306/1654/1079 752/1651/1079 758/1655/1079
f 758/1655/1080 1308/1656/1080 1306/1654/1080
f 1310/400/1081 780/1657/1081 1312/1658/1081
f 765/1659/1082 771/1660/1082 1308/1656/1082
f 1315/398/1083 1308/1656/1083 771/1660/1083
f 771/1660/1084 773/396/1084 1315/398/1084
f 1314/397/1085 773/396/1085 777/399/1085
f 1309/1661/1086 785/1662/1086 788/1663/1086
f 780/1657/1087 1311/1664/1087 1312/1658/1087
f 780/1657/1088 785/1662/1088 1311/1664/1088
f 734/406/206 37/1665/206 196/404/206
f 1313/1666/1089 1309/1661/1089 788/1663/1089
f 788/1663/1090 790/1667/1090 1313/1666/1090
f 1316/1668/1091 1313/1666/1091 790/1667/1091
f 785/416/206 715/1669/206 788/1670/206
f 294/407/206 747/1671/206 741/405/206
f 294/407/206 752/408/206 747/1671/206
f 423/401/206 500/403/206 758/409/206
f 500/403/206 765/1672/206 758/409/206
f 500/403/206 771/1673/206 765/1672/206
f 500/403/206 595/421/206 771/1673/206
f 595/421/206 773/412/206 771/1673/206
f 595/421/206 633/410/206 773/412/206
f 679/413/206 780/415/206 777/411/206
f 862/432/1092 704/414/1092 859/1674/1092
f 715/1669/206 790/1675/206 788/1670/206
f 715/1669/206 37/1665/206 790/1675/206
f 500/403/1093 839/402/1093 843/420/1093
f 679/413/1094 849/1676/1094 853/1677/1094
f 196/404/1095 37/1665/1095 827/422/1095
f 715/1669/1096 862/432/1096 864/434/1096
f 595/421/1097 843/420/1097 845/424/1097
f 37/1665/1098 715/1669/1098 864/434/1098
f 633/410/1099 845/424/1099 849/1676/1099
f 37/1665/1100 864/434/1100 827/422/1100
f 294/407/1101 832/423/1101 836/425/1101
f 859/1674/1102 679/413/1102 853/1677/1102
f 423/401/1103 836/425/1103 839/402/1103
f 827/422/206 872/1678/206 832/423/206
f 894/476/206 859/1674/206 853/1677/206
f 872/1678/206 876/426/206 832/423/206
f 876/426/206 879/427/206 836/425/206
f 882/428/206 886/429/206 843/420/206
f 889/430/206 849/1676/206 845/424/206
f 889/430/206 853/1677/206 849/1676/206
f 889/430/206 894/476/206 853/1677/206
f 1012/472/1104 819/1679/1104 1016/1680/1104
f 899/433/206 862/432/206 859/1674/206
f 903/431/206 866/435/206 864/434/206
f 950/456/1105 876/426/1105 948/453/1105
f 948/453/1106 872/1678/1106 946/1681/1106
f 1008/470/1107 818/1682/1107 1012/472/1107
f 946/1681/1108 866/435/1108 944/1683/1108
f 995/464/1109 924/449/1109 993/1684/1109
f 1005/471/1110 814/1685/1110 1008/470/1110
f 924/449/1111 992/1686/1111 993/1684/1111
f 1002/467/1112 808/1687/1112 1005/471/1112
f 921/481/1113 990/473/1113 992/1686/1113
f 927/436/206 908/440/206 905/437/206
f 930/439/206 911/477/206 908/440/206
f 911/477/206 933/441/206 913/443/206
f 916/445/206 938/1688/206 919/479/206
f 938/1688/206 921/481/206 919/479/206
f 921/481/206 924/449/206 922/451/206
f 924/449/206 942/438/206 925/446/206
f 999/465/1114 802/1689/1114 1002/467/1114
f 990/473/1115 916/445/1115 989/448/1115
f 997/462/1116 799/417/1116 999/465/1116
f 925/446/1117 965/447/1117 982/1690/1117
f 924/449/1118 982/1690/1118 980/450/1118
f 935/444/1119 988/468/1119 989/448/1119
f 946/1681/206 969/454/206 948/453/206
f 922/451/1120 980/450/1120 978/458/1120
f 965/447/206 967/475/206 944/1683/206
f 967/475/206 946/1681/206 944/1683/206
f 962/461/206 982/1690/206 963/1691/206
f 970/452/206 950/456/206 948/453/206
f 972/455/206 974/478/206 951/457/206
f 974/478/206 953/1692/206 951/457/206
f 974/478/206 975/480/206 953/1692/206
f 975/480/206 955/1693/206 953/1692/206
f 975/480/206 956/460/206 955/1693/206
f 975/480/206 978/458/206 956/460/206
f 978/458/206 980/450/206 960/459/206
f 986/469/206 999/465/206 1002/467/206
f 982/1690/206 965/447/206 963/1691/206
f 965/447/206 944/1683/206 963/1691/206
f 997/462/206 999/465/206 983/463/206
f 992/1686/206 1012/472/206 1016/1680/206
f 1002/467/206 1005/471/206 988/468/206
f 1005/471/206 989/448/206 988/468/206
f 1008/470/206 1012/472/206 989/448/206
f 951/457/1121 879/427/1121 950/456/1121
f 1016/1680/206 993/1684/206 992/1686/206
f 1016/1680/206 1019/474/206 993/1684/206
f 1019/474/206 995/464/206 993/1684/206
f 953/1692/1122 882/428/1122 951/457/1122
f 1016/1680/1123 824/419/1123 1019/474/1123
f 1019/474/1124 793/418/1124 997/462/1124
f 905/437/1125 967/475/1125 965/447/1125
f 955/1693/1126 886/429/1126 953/1692/1126
f 969/454/1127 911/477/1127 970/452/1127
f 908/440/1128 969/454/1128 967/475/1128
f 889/430/1129 955/1693/1129 956/460/1129
f 972/455/1130 914/442/1130 974/478/1130
f 913/443/1131 972/455/1131 970/452/1131
f 894/476/1132 956/460/1132 960/459/1132
f 983/463/1133 942/438/1133 995/464/1133
f 899/433/1134 960/459/1134 962/461/1134
f 903/431/1135 962/461/1135 963/1691/1135
f 985/466/1136 927/436/1136 983/463/1136
f 916/445/1137 975/480/1137 974/478/1137
f 944/1683/1138 903/431/1138 963/1691/1138
f 911/477/1139 985/466/1139 986/469/1139
f 919/479/1140 978/458/1140 975/480/1140
f 933/441/1141 986/469/1141 988/468/1141
f 599/1694/1142 1318/492/1142 587/1695/1142
f 1335/482/1143 1334/1696/1143 1336/483/1143
f 1331/484/1144 1329/1697/1144 1335/482/1144
f 1323/485/1145 1322/1698/1145 1328/486/1145
f 1330/488/1146 685/29/1146 565/489/1146
f 1333/490/1147 565/489/1147 580/491/1147
f 1318/492/1148 580/491/1148 587/1695/1148
f 599/1694/1149 1319/494/1149 1320/1699/1149
f 618/493/1150 1335/482/1150 1336/483/1150
f 611/1700/1151 618/493/1151 1319/494/1151
f 1332/497/1152 625/1701/1152 636/495/1152
f 1335/482/1153 625/1701/1153 1331/484/1153
f 1328/486/1154 657/499/1154 1323/485/1154
f 1327/496/1155 636/495/1155 647/498/1155
f 129/512/206 580/1702/206 565/510/206
f 1324/500/1156 657/499/1156 665/501/1156
f 665/501/1157 670/503/1157 1325/502/1157
f 670/503/1158 680/505/1158 1321/504/1158
f 680/505/1159 685/1703/1159 1326/506/1159
f 1330/1704/1160 1326/506/1160 685/1703/1160
f 587/1705/206 273/401/206 599/514/206
f 204/526/206 587/1705/206 580/1702/206
f 699/1706/206 689/1707/206 727/419/206
f 273/401/206 303/508/206 611/513/206
f 303/508/206 618/1708/206 611/513/206
f 303/508/206 625/1709/206 618/1708/206
f 303/508/206 360/421/206 625/1709/206
f 360/421/206 636/517/206 625/1709/206
f 360/421/206 382/515/206 636/517/206
f 428/413/206 665/519/206 657/518/206
f 486/414/206 513/521/206 670/520/206
f 513/521/206 685/511/206 680/522/206
f 513/521/206 27/509/206 685/511/206
f 769/533/1161 486/414/1161 764/1674/1161
f 303/508/1093 745/507/1093 749/523/1093
f 732/1710/1162 129/512/1162 27/509/1162
f 769/533/1163 27/509/1163 513/521/1163
f 360/421/1097 749/523/1097 755/524/1097
f 428/413/1094 757/1711/1094 761/1712/1094
f 382/515/1099 755/524/1099 757/1711/1099
f 204/526/1164 736/525/1164 739/425/1164
f 764/1674/1102 428/413/1102 761/1712/1102
f 273/401/1103 739/425/1103 745/507/1103
f 787/1713/206 764/1674/206 761/1712/206
f 772/528/206 736/525/206 732/1710/206
f 774/527/206 776/529/206 736/525/206
f 776/529/206 778/427/206 739/425/206
f 779/530/206 781/531/206 749/523/206
f 784/430/206 757/1711/206 755/524/206
f 784/430/206 761/1712/206 757/1711/206
f 784/430/206 787/1713/206 761/1712/206
f 732/1710/206 791/532/206 772/528/206
f 789/534/206 769/533/206 764/1674/206
f 900/472/1104 722/1679/1104 902/1680/1104
f 833/456/1105 776/529/1105 831/453/1105
f 831/453/1106 774/527/1106 830/1714/1106
f 898/548/1107 719/1682/1107 900/472/1107
f 830/1714/1108 772/528/1108 828/1715/1108
f 887/544/1109 809/449/1109 885/1684/1109
f 896/471/1110 713/1716/1110 898/548/1110
f 809/449/1111 883/1686/1111 885/1684/1111
f 892/545/1165 707/1687/1165 896/471/1165
f 805/552/1113 881/549/1113 883/1686/1113
f 811/436/206 794/537/206 792/535/206
f 815/439/206 796/477/206 794/537/206
f 796/477/206 817/538/206 798/540/206
f 801/541/206 822/1688/206 804/551/206
f 822/1688/206 805/552/206 804/551/206
f 805/552/206 809/449/206 807/451/206
f 809/449/206 826/536/206 810/446/206
f 890/465/1114 702/1689/1114 892/545/1114
f 881/549/1115 801/541/1115 878/542/1115
f 888/462/1116 699/1706/1116 890/465/1116
f 810/446/1117 846/447/1117 865/1717/1117
f 809/449/1118 865/1717/1118 863/450/1118
f 820/444/1119 875/546/1119 878/542/1119
f 830/1714/206 850/454/206 831/453/206
f 807/451/1120 863/450/1120 860/458/1120
f 846/447/206 848/475/206 828/1715/206
f 848/475/206 830/1714/206 828/1715/206
f 842/1718/206 860/458/206 863/450/206
f 852/452/206 833/456/206 831/453/206
f 854/455/206 856/478/206 834/457/206
f 856/478/206 835/1719/206 834/457/206
f 856/478/206 858/480/206 835/1719/206
f 858/480/206 837/1720/206 835/1719/206
f 858/480/206 860/458/206 837/1720/206
f 860/458/206 841/1721/206 837/1720/206
f 844/1691/206 863/450/206 865/1717/206
f 874/547/206 890/465/206 892/545/206
f 865/1717/206 846/447/206 844/1691/206
f 846/447/206 828/1715/206 844/1691/206
f 888/462/206 890/465/206 867/543/206
f 883/1686/206 900/472/206 902/1680/206
f 892/545/206 896/471/206 875/546/206
f 896/471/206 878/542/206 875/546/206
f 898/548/206 900/472/206 878/542/206
f 834/457/1121 778/427/1121 833/456/1121
f 902/1680/206 885/1684/206 883/1686/206
f 902/1680/206 904/550/206 885/1684/206
f 904/550/206 887/544/206 885/1684/206
f 835/1719/1122 779/530/1122 834/457/1122
f 902/1680/1123 727/419/1123 904/550/1123
f 904/550/1124 689/1707/1124 888/462/1124
f 792/535/1125 848/475/1125 846/447/1125
f 837/1720/1166 781/531/1166 835/1719/1166
f 850/454/1127 796/477/1127 852/452/1127
f 794/537/1128 850/454/1128 848/475/1128
f 841/1721/1167 784/430/1167 837/1720/1167
f 842/1718/1168 787/1713/1168 841/1721/1168
f 798/540/1131 854/455/1131 852/452/1131
f 854/455/1130 800/539/1130 856/478/1130
f 867/543/1133 826/536/1133 887/544/1133
f 844/1691/1169 789/534/1169 842/1718/1169
f 870/466/1136 811/436/1136 867/543/1136
f 801/541/1137 858/480/1137 856/478/1137
f 828/1715/1138 791/532/1138 844/1691/1138
f 796/477/1139 870/466/1139 874/547/1139
f 804/551/1140 860/458/1140 858/480/1140
f 817/538/1141 874/547/1141 875/546/1141
f 1342/570/1170 585/650/1170 1343/1722/1170
f 1350/555/1171 607/29/1171 505/553/1171
f 1339/554/1172 505/553/1172 522/556/1172
f 1337/557/1173 522/556/1173 534/558/1173
f 534/558/1174 546/560/1174 1341/559/1174
f 546/560/1175 557/562/1175 1338/561/1175
f 557/562/1176 564/1723/1176 1340/563/1176
f 1349/566/1177 1340/563/1177 564/1723/1177
f 564/1723/1178 571/564/1178 1349/566/1178
f 1347/565/1179 571/564/1179 575/567/1179
f 1344/568/1180 575/567/1180 582/569/1180
f 585/650/1181 591/571/1181 1343/1722/1181
f 1345/573/1182 1343/1722/1182 591/571/1182
f 604/1724/1183 1348/1725/1183 1346/572/1183
f 546/582/206 217/577/206 270/580/206
f 270/580/1184 692/598/1184 694/591/1184
f 1350/1726/1185 1348/1725/1185 607/1727/1185
f 32/574/206 87/593/206 505/575/206
f 87/593/206 522/579/206 505/575/206
f 87/593/206 217/577/206 522/579/206
f 351/595/206 582/1728/206 575/1729/206
f 270/580/206 300/583/206 557/581/206
f 330/585/206 571/1730/206 564/584/206
f 330/585/206 351/595/206 571/1730/206
f 351/595/206 575/1729/206 571/1730/206
f 585/666/206 455/590/206 591/1731/206
f 400/588/206 585/666/206 582/1728/206
f 455/590/206 604/587/206 591/1731/206
f 706/608/1186 455/590/1186 703/589/1186
f 639/614/206 621/634/206 673/632/206
f 32/574/1187 708/600/1187 681/592/1187
f 330/585/1188 694/591/1188 698/594/1188
f 681/592/206 710/602/206 688/596/206
f 473/586/1189 706/608/1189 708/600/1189
f 87/593/1190 681/592/1190 688/596/1190
f 32/574/1191 473/586/1191 708/600/1191
f 351/595/1192 698/594/1192 700/597/1192
f 217/577/1193 688/596/1193 692/598/1193
f 400/588/1194 700/597/1194 701/606/1194
f 400/588/1195 701/606/1195 703/589/1195
f 714/603/206 694/591/206 692/598/206
f 701/606/206 725/611/206 703/589/206
f 717/1732/206 718/1733/206 694/591/206
f 718/1733/206 698/594/206 694/591/206
f 718/1733/206 720/605/206 698/594/206
f 720/605/206 700/597/206 698/594/206
f 706/608/206 728/609/206 708/600/206
f 725/611/206 726/607/206 703/589/206
f 733/622/1196 710/602/1196 730/621/1196
f 762/627/1197 660/1734/1197 763/628/1197
f 710/602/1198 729/618/1198 730/621/1198
f 748/610/1199 726/607/1199 746/612/1199
f 759/625/1200 650/1735/1200 762/627/1200
f 709/599/1201 748/610/1201 729/618/1201
f 639/614/1202 759/625/1202 756/615/1202
f 725/611/1203 744/613/1203 746/612/1203
f 770/1736/206 748/610/206 746/612/206
f 723/604/1204 743/1737/1204 744/613/1204
f 751/619/206 730/621/206 729/618/206
f 753/620/206 733/622/206 730/621/206
f 756/615/206 759/625/206 737/624/206
f 762/627/206 740/629/206 738/626/206
f 763/628/206 743/1737/206 740/629/206
f 763/628/206 744/613/206 743/1737/206
f 768/631/206 770/1736/206 746/612/206
f 660/1734/1205 766/630/1205 763/628/1205
f 735/623/1206 711/601/1206 733/622/1206
f 737/624/1207 714/603/1207 735/623/1207
f 669/633/1208 768/631/1208 766/630/1208
f 673/632/1209 770/1736/1209 768/631/1209
f 738/626/1210 717/1732/1210 737/624/1210
f 613/635/1211 751/619/1211 750/617/1211
f 740/629/1212 718/1733/1212 738/626/1212
f 677/636/1213 750/617/1213 770/1736/1213
f 621/634/1214 753/620/1214 751/619/1214
f 743/1737/1215 720/605/1215 740/629/1215
f 629/616/1216 756/615/1216 753/620/1216
f 1362/647/1217 468/1738/1217 1361/1739/1217
f 1363/639/1218 499/29/1218 397/637/1218
f 1353/638/1219 397/637/1219 418/1740/1219
f 418/1740/1220 1351/640/1220 1353/638/1220
f 1351/640/1173 418/1740/1173 426/641/1173
f 426/641/1174 441/643/1174 1355/642/1174
f 441/643/1175 450/645/1175 1352/644/1175
f 450/645/1221 458/1741/1221 1354/646/1221
f 1364/648/1222 1354/646/1222 458/1741/1222
f 458/1741/1178 462/564/1178 1364/648/1178
f 1361/1739/1223 477/1742/1223 1357/649/1223
f 581/1743/1224 232/677/1224 577/676/1224
f 483/653/1225 494/655/1225 1359/654/1225
f 494/655/1226 499/1744/1226 1360/656/1226
f 397/1745/206 10/670/206 45/674/206
f 1363/1746/1227 1360/656/1227 499/1744/1227
f 426/578/206 232/677/206 441/1747/206
f 45/674/206 418/658/206 397/1745/206
f 45/674/206 161/657/206 418/658/206
f 450/661/206 232/677/206 261/659/206
f 274/671/206 462/1748/206 458/660/206
f 261/659/206 274/671/206 458/660/206
f 285/673/206 468/1749/206 462/1748/206
f 483/667/206 369/586/206 494/669/206
f 307/664/206 477/663/206 468/1749/206
f 327/662/206 479/666/206 477/663/206
f 274/671/1228 581/1743/1228 584/672/1228
f 525/695/206 562/632/206 537/692/206
f 569/1750/1229 10/670/1229 609/683/1229
f 606/684/1230 340/665/1230 600/1751/1230
f 307/664/1231 590/679/1231 593/681/1231
f 369/586/1232 606/684/1232 609/683/1232
f 285/673/1233 584/672/1233 590/679/1233
f 45/674/1234 569/1750/1234 573/675/1234
f 10/670/1235 369/586/1235 609/683/1235
f 597/606/1236 307/664/1236 593/681/1236
f 161/657/1193 573/675/1193 577/676/1193
f 600/1751/1237 327/662/1237 597/606/1237
f 609/683/206 614/1752/206 569/1750/206
f 614/1752/206 573/675/206 569/1750/206
f 577/676/206 617/685/206 622/687/206
f 622/687/206 581/1743/206 577/676/206
f 584/672/206 627/1753/206 631/678/206
f 597/606/206 642/694/206 600/1751/206
f 655/699/1238 614/1752/1238 652/1754/1238
f 642/694/206 606/684/206 600/1751/206
f 617/685/1239 655/699/1239 658/686/1239
f 544/690/1240 693/689/1240 691/691/1240
f 678/706/1241 606/684/1241 676/707/1241
f 652/1754/1242 649/682/1242 678/706/1242
f 676/707/1243 642/694/1243 675/693/1243
f 690/702/1244 537/692/1244 691/691/1244
f 525/695/1202 690/702/1202 687/696/1202
f 652/1754/206 683/708/206 682/700/206
f 638/680/1245 672/1755/1245 675/693/1245
f 693/689/206 675/693/206 672/1755/206
f 682/700/206 655/699/206 652/1754/206
f 686/698/206 658/686/206 655/699/206
f 687/696/206 690/702/206 664/701/206
f 693/689/206 672/1755/206 671/704/206
f 676/707/206 695/709/206 697/705/206
f 554/688/1246 695/709/1246 693/689/1246
f 627/1753/1247 663/623/1247 664/701/1247
f 622/687/1248 658/686/1248 663/623/1248
f 667/703/1249 627/1753/1249 664/701/1249
f 562/632/1250 697/705/1250 695/709/1250
f 503/712/1251 682/700/1251 683/708/1251
f 590/679/1252 667/703/1252 671/704/1252
f 567/710/1253 683/708/1253 697/705/1253
f 510/711/1254 686/698/1254 682/700/1254
f 638/680/1255 671/704/1255 672/1755/1255
f 517/697/1216 687/696/1216 686/698/1216
f 1366/714/1256 329/1756/1256 1365/718/1256
f 1375/715/1257 317/29/1257 316/713/1257
f 1366/714/1258 316/713/1258 322/1757/1258
f 1365/718/1259 329/1756/1259 334/719/1259
f 334/719/1260 338/721/1260 1368/720/1260
f 338/721/1261 346/723/1261 1367/722/1261
f 346/723/1262 352/1758/1262 1377/724/1262
f 1376/727/1263 1377/724/1263 352/1758/1263
f 352/1758/1264 355/725/1264 1376/727/1264
f 1374/726/1265 355/725/1265 364/399/1265
f 1369/1759/1266 378/1662/1266 384/1760/1266
f 372/716/1087 1371/1761/1087 1372/1762/1087
f 372/716/1088 378/1662/1088 1371/1761/1088
f 384/1760/1267 1373/1763/1267 1369/1759/1267
f 364/740/206 277/743/206 372/742/206
f 197/750/1268 472/754/1268 475/751/1268
f 389/1764/1269 317/1765/1269 1373/1763/1269
f 1375/1766/1270 1373/1763/1270 317/1765/1270
f 46/731/206 329/734/206 322/732/206
f 123/733/206 334/736/206 329/734/206
f 123/733/206 197/750/206 338/735/206
f 197/750/206 346/1767/206 338/735/206
f 197/750/206 231/752/206 346/1767/206
f 231/752/206 352/1768/206 346/1767/206
f 231/752/206 248/739/206 352/1768/206
f 248/739/206 355/738/206 352/1768/206
f 384/747/206 283/741/206 297/745/206
f 389/746/206 20/728/206 317/730/206
f 411/1769/206 394/1770/206 433/1771/206
f 480/761/1271 231/752/1271 475/751/1271
f 463/757/1272 46/731/1272 20/728/1272
f 497/748/1273 20/728/1273 297/745/1273
f 484/762/1274 248/739/1274 480/761/1274
f 469/758/1275 46/731/1275 465/756/1275
f 662/799/1276 451/1772/1276 666/1773/1276
f 265/737/1277 484/762/1277 488/753/1277
f 123/733/1278 469/758/1278 472/754/1278
f 277/743/1279 488/753/1279 492/749/1279
f 506/755/206 509/759/206 469/758/206
f 509/759/206 514/766/206 472/754/206
f 514/766/206 475/751/206 472/754/206
f 514/766/206 519/760/206 475/751/206
f 524/1774/206 488/753/206 484/762/206
f 524/1774/206 527/764/206 488/753/206
f 527/764/206 492/749/206 488/753/206
f 532/763/206 497/748/206 492/749/206
f 532/763/206 538/765/206 497/748/206
f 661/797/1107 439/1775/1107 662/799/1107
f 509/759/1280 592/767/1280 594/456/1280
f 506/755/1281 588/771/1281 592/767/1281
f 634/769/1282 583/778/1282 648/1776/1282
f 659/798/1110 433/1771/1110 661/797/1110
f 463/757/1283 589/1777/1283 588/771/1283
f 583/778/1284 646/1778/1284 648/1776/1284
f 656/467/1285 425/1687/1285 659/798/1285
f 539/1779/206 586/768/206 570/770/206
f 570/770/206 543/773/206 539/1779/206
f 572/772/206 548/775/206 543/773/206
f 555/777/206 576/782/206 559/802/206
f 576/782/206 560/551/206 559/802/206
f 576/782/206 579/1780/206 560/551/206
f 579/1780/206 563/1781/206 560/551/206
f 563/1781/206 583/778/206 566/780/206
f 583/778/206 586/768/206 568/779/206
f 563/1781/1286 645/800/1286 646/1778/1286
f 654/1782/1287 415/1689/1287 656/467/1287
f 630/1783/1288 539/1779/1288 612/784/1288
f 645/800/1289 576/782/1289 641/781/1289
f 653/795/1290 411/1769/1290 654/1782/1290
f 628/450/1291 568/779/1291 630/1783/1291
f 651/793/1292 402/1784/1292 653/795/1292
f 555/777/1293 640/1785/1293 641/781/1293
f 626/788/1294 566/780/1294 628/450/1294
f 608/791/206 630/1783/206 610/803/206
f 574/776/1295 637/804/1295 640/1785/1295
f 612/784/206 588/771/206 589/1777/206
f 615/783/206 592/767/206 588/771/206
f 616/785/206 594/456/206 592/767/206
f 619/455/206 620/478/206 596/786/206
f 620/478/206 623/1786/206 598/787/206
f 623/1786/206 602/1787/206 598/787/206
f 623/1786/206 624/790/206 602/1787/206
f 624/790/206 603/789/206 602/1787/206
f 626/788/206 605/792/206 603/789/206
f 626/788/206 628/450/206 605/792/206
f 637/804/206 654/1782/206 656/467/206
f 630/1783/206 589/1777/206 610/803/206
f 630/1783/206 612/784/206 589/1777/206
f 651/793/206 653/795/206 632/794/206
f 653/795/206 654/1782/206 635/796/206
f 646/1778/206 662/799/206 666/1773/206
f 656/467/206 640/1785/206 637/804/206
f 656/467/206 659/798/206 640/1785/206
f 659/798/206 641/781/206 640/1785/206
f 661/797/206 662/799/206 641/781/206
f 666/1773/1296 456/1788/1296 668/801/1296
f 666/1773/206 648/1776/206 646/1778/206
f 666/1773/206 668/801/206 648/1776/206
f 668/801/206 634/769/206 648/1776/206
f 514/766/1297 594/456/1297 596/786/1297
f 598/787/1298 514/766/1298 596/786/1298
f 612/784/1299 543/773/1299 615/783/1299
f 602/1787/1300 519/760/1300 598/787/1300
f 668/801/1301 394/1770/1301 651/793/1301
f 603/789/1302 484/762/1302 602/1787/1302
f 615/783/1303 548/775/1303 616/785/1303
f 605/792/1304 524/1774/1304 603/789/1304
f 616/785/1305 552/774/1305 619/455/1305
f 619/455/1306 555/777/1306 620/478/1306
f 608/791/1307 527/764/1307 605/792/1307
f 635/796/1308 570/770/1308 632/794/1308
f 570/770/1309 634/769/1309 632/794/1309
f 532/763/1310 608/791/1310 610/803/1310
f 559/802/1311 623/1786/1311 620/478/1311
f 623/1786/1312 560/551/1312 624/790/1312
f 637/804/1313 572/772/1313 635/796/1313
f 538/765/1314 610/803/1314 589/1777/1314
f 624/790/1315 563/1781/1315 626/788/1315
f 276/805/1316 1388/1789/1316 272/1790/1316
f 284/1791/1317 1386/1792/1317 1379/809/1317
f 1223/806/1318 276/805/1318 278/1793/1318
f 1378/810/1319 1223/806/1319 278/1793/1319
f 1378/810/1320 278/1793/1320 281/808/1320
f 281/808/1321 284/1791/1321 1379/809/1321
f 302/818/1322 1381/815/1322 298/814/1322
f 288/1794/1082 290/1795/1082 1386/1792/1082
f 1385/813/1323 1386/1792/1323 290/1795/1323
f 290/1795/1324 292/811/1324 1385/813/1324
f 1384/812/1085 292/811/1085 298/814/1085
f 1380/821/1325 306/816/1325 310/822/1325
f 312/1796/1326 1388/1797/1326 1387/820/1326
f 310/822/1327 312/1796/1327 1387/820/1327
f 116/823/1328 365/839/1328 370/832/1328
f 272/1798/206 35/1799/206 276/1800/206
f 35/1799/206 278/1801/206 276/1800/206
f 284/824/206 166/833/206 288/1802/206
f 67/838/206 281/825/206 278/1801/206
f 67/838/206 116/823/206 281/825/206
f 166/833/206 290/1803/206 288/1802/206
f 298/1804/206 216/837/206 224/828/206
f 177/835/206 292/1805/206 290/1803/206
f 177/835/206 216/837/206 292/1805/206
f 224/828/206 302/827/206 298/1804/206
f 247/826/206 306/831/206 302/827/206
f 247/826/206 257/829/206 306/831/206
f 257/829/206 266/1806/206 310/830/206
f 266/1806/206 312/1807/206 310/830/206
f 266/1806/206 18/1808/206 312/1807/206
f 18/1808/206 272/1798/206 312/1807/206
f 387/849/1329 247/826/1329 385/1809/1329
f 342/1810/206 337/853/206 332/855/206
f 391/1811/1330 257/829/1330 387/849/1330
f 166/833/1331 370/832/1331 373/834/1331
f 356/1812/1332 35/1799/1332 18/1808/1332
f 391/1811/1333 18/1808/1333 266/1806/1333
f 177/835/1334 373/834/1334 375/836/1334
f 362/841/1335 35/1799/1335 358/842/1335
f 380/847/1336 216/837/1336 375/836/1336
f 385/1809/1337 224/828/1337 380/847/1337
f 67/838/1338 362/841/1338 365/839/1338
f 396/1813/206 358/842/206 356/1812/206
f 429/848/206 391/1811/206 387/849/206
f 362/841/206 406/851/206 365/839/206
f 406/851/206 408/843/206 365/839/206
f 408/843/206 370/832/206 365/839/206
f 408/843/206 413/844/206 373/834/206
f 416/845/206 380/847/206 375/836/206
f 419/846/206 422/850/206 380/847/206
f 422/850/206 385/1809/206 380/847/206
f 422/850/206 387/849/206 385/1809/206
f 356/1812/206 431/1814/206 396/1813/206
f 551/1815/1339 344/1816/1339 553/896/1339
f 406/851/1340 485/1817/1340 487/852/1340
f 549/1818/1341 342/1810/1341 551/1815/1341
f 485/1817/1342 399/840/1342 482/876/1342
f 521/893/1343 478/867/1343 536/899/1343
f 482/876/1344 396/1813/1344 481/877/1344
f 337/853/1345 549/1818/1345 547/854/1345
f 536/899/1346 476/864/1346 535/897/1346
f 435/870/206 464/903/206 438/900/206
f 332/855/1347 547/854/1347 545/856/1347
f 476/864/1348 533/872/1348 535/897/1348
f 452/863/206 470/858/206 471/861/206
f 464/903/206 466/905/206 438/900/206
f 466/905/206 443/901/206 438/900/206
f 466/905/206 446/860/206 443/901/206
f 474/871/206 457/866/206 453/862/206
f 471/861/206 474/871/206 453/862/206
f 533/872/1349 471/861/1349 529/1819/1349
f 478/867/206 461/869/206 460/868/206
f 326/857/1350 545/856/1350 542/873/1350
f 518/890/1351 435/870/1351 502/875/1351
f 516/888/1352 460/868/1352 518/890/1352
f 320/874/1353 542/873/1353 541/1820/1353
f 529/1819/1354 470/858/1354 528/894/1354
f 315/1821/1355 541/1820/1355 540/891/1355
f 528/894/1356 446/860/1356 526/895/1356
f 515/885/1357 459/865/1357 516/888/1357
f 511/881/206 495/902/206 493/884/206
f 502/875/206 504/879/206 482/876/206
f 504/879/206 485/1817/206 482/876/206
f 504/879/206 487/852/206 485/1817/206
f 507/878/206 508/883/206 490/880/206
f 508/883/206 491/882/206 490/880/206
f 541/1820/206 523/904/206 520/892/206
f 512/1822/206 496/887/206 495/902/206
f 512/1822/206 515/885/206 496/887/206
f 515/885/206 516/888/206 498/886/206
f 518/890/206 481/877/206 501/889/206
f 518/890/206 502/875/206 481/877/206
f 540/891/206 541/1820/206 520/892/206
f 526/895/206 542/873/206 545/856/206
f 528/894/206 549/1818/206 529/1819/206
f 545/856/206 547/854/206 526/895/206
f 556/898/206 521/893/206 536/899/206
f 549/1818/206 551/1815/206 529/1819/206
f 551/1815/206 533/872/206 529/1819/206
f 551/1815/206 553/896/206 533/872/206
f 553/896/1358 349/1823/1358 556/898/1358
f 408/843/1359 487/852/1359 490/880/1359
f 556/898/1360 315/1821/1360 540/891/1360
f 408/843/1361 490/880/1361 491/882/1361
f 413/844/1362 491/882/1362 493/884/1362
f 438/900/1363 504/879/1363 502/875/1363
f 446/860/1364 508/883/1364 507/878/1364
f 416/845/1365 493/884/1365 495/902/1365
f 443/901/1366 507/878/1366 504/879/1366
f 419/846/1367 495/902/1367 496/887/1367
f 422/850/1368 496/887/1368 498/886/1368
f 501/889/1369 429/848/1369 498/886/1369
f 461/869/1370 521/893/1370 520/892/1370
f 448/859/1371 511/881/1371 508/883/1371
f 481/877/1372 431/1814/1372 501/889/1372
f 464/903/1373 520/892/1373 523/904/1373
f 511/881/1374 453/862/1374 512/1822/1374
f 526/895/1375 466/905/1375 523/904/1375
f 512/1822/1376 457/866/1376 515/885/1376
f 234/391/1377 1395/1824/1377 238/29/1377
f 1399/908/1378 244/1825/1378 1401/911/1378
f 1396/906/1379 234/391/1379 241/907/1379
f 1401/911/1259 244/1825/1259 250/719/1259
f 250/719/1260 253/913/1260 1402/912/1260
f 253/913/1380 258/915/1380 1400/914/1380
f 258/915/1262 260/1660/1262 1398/916/1262
f 1397/919/1381 1398/916/1381 260/1660/1381
f 260/1660/1382 263/917/1382 1397/919/1382
f 1394/918/1383 263/917/1383 264/910/1383
f 1391/1826/1384 268/1662/1384 269/1827/1384
f 267/716/1087 1390/1828/1087 1392/1829/1087
f 267/716/1088 268/1662/1088 1390/1828/1088
f 95/930/1385 299/943/1385 301/931/1385
f 1393/1830/1386 1391/1826/1386 269/1827/1386
f 269/1827/1387 238/1831/1387 1393/1830/1387
f 234/922/206 15/940/206 24/920/206
f 1395/1832/1388 1393/1830/1388 238/1831/1388
f 114/932/206 263/928/206 260/1833/206
f 39/923/206 244/1834/206 241/921/206
f 39/923/206 250/408/206 244/1834/206
f 64/924/206 95/930/206 253/925/206
f 95/930/206 258/1835/206 253/925/206
f 95/930/206 114/932/206 258/1835/206
f 114/932/206 260/1833/206 258/1835/206
f 173/929/206 267/742/206 264/927/206
f 268/744/206 188/1836/206 207/933/206
f 268/744/206 220/935/206 269/1837/206
f 220/935/206 238/1838/206 269/1837/206
f 280/954/206 279/962/206 291/981/206
f 207/933/1389 309/947/1389 311/934/1389
f 293/937/1390 15/940/1390 313/939/1390
f 114/932/1391 301/931/1391 304/936/1391
f 173/929/1392 305/1839/1392 308/948/1392
f 220/935/1393 311/934/1393 313/939/1393
f 146/926/1394 304/936/1394 305/1839/1394
f 39/923/1395 295/938/1395 296/942/1395
f 64/924/1396 296/942/1396 299/943/1396
f 309/947/1397 173/929/1397 308/948/1397
f 333/958/206 293/937/206 313/939/206
f 304/936/206 321/944/206 323/844/206
f 314/960/206 295/938/206 293/937/206
f 314/960/206 318/941/206 295/938/206
f 318/941/206 319/945/206 299/943/206
f 319/945/206 301/931/206 299/943/206
f 323/844/206 305/1839/206 304/936/206
f 313/939/206 331/949/206 333/958/206
f 325/1001/206 308/948/206 305/1839/206
f 325/1001/206 328/946/206 308/948/206
f 286/950/1398 447/1773/1398 445/951/1398
f 381/1840/1399 318/941/1399 379/983/1399
f 318/941/1400 377/1841/1400 379/983/1400
f 282/952/1401 445/951/1401 444/953/1401
f 343/442/206 361/1842/206 363/1843/206
f 314/960/1402 376/959/1402 377/1841/1402
f 280/954/1403 444/953/1403 442/961/1403
f 371/955/1404 430/964/1404 432/956/1404
f 279/962/1405 442/961/1405 440/1844/1405
f 354/965/206 336/968/206 335/966/206
f 359/967/206 339/970/206 336/968/206
f 345/972/206 363/1843/206 366/973/206
f 437/998/1406 279/962/1406 440/1844/1406
f 347/971/206 368/963/206 348/1845/206
f 368/963/206 350/780/206 348/1845/206
f 368/963/206 371/955/206 350/780/206
f 371/955/206 374/957/206 353/974/206
f 368/963/1407 427/1846/1407 430/964/1407
f 427/1846/1408 347/971/1408 424/975/1408
f 410/450/1409 353/974/1409 412/979/1409
f 275/976/1410 437/998/1410 436/977/1410
f 335/966/1411 395/994/1411 412/979/1411
f 271/978/1412 436/977/1412 434/980/1412
f 366/973/1413 421/1847/1413 424/975/1413
f 421/1847/1414 361/1842/1414 420/999/1414
f 409/990/1415 350/780/1415 410/450/1415
f 395/994/206 377/1841/206 376/959/206
f 401/982/206 381/1840/206 379/983/206
f 398/984/206 379/983/206 377/1841/206
f 383/986/206 403/1848/206 404/987/206
f 392/993/206 412/979/206 393/995/206
f 407/989/206 388/992/206 386/988/206
f 407/989/206 409/990/206 388/992/206
f 409/990/206 410/450/206 390/991/206
f 421/1847/206 440/1844/206 442/961/206
f 434/980/206 436/977/206 414/996/206
f 436/977/206 437/998/206 417/997/206
f 437/998/206 440/1844/206 420/999/206
f 427/1846/206 447/1773/206 430/964/206
f 442/961/206 424/975/206 421/1847/206
f 444/953/206 445/951/206 424/975/206
f 445/951/206 427/1846/206 424/975/206
f 321/944/1416 381/1840/1416 383/986/1416
f 447/1773/206 449/1000/206 430/964/206
f 447/1773/1123 289/1849/1123 449/1000/1123
f 449/1000/1417 291/981/1417 434/980/1417
f 336/968/1418 398/984/1418 395/994/1418
f 323/844/1419 383/986/1419 386/988/1419
f 401/982/1420 341/969/1420 403/1848/1420
f 325/1001/1421 386/988/1421 388/992/1421
f 339/970/1422 401/982/1422 398/984/1422
f 403/1848/1423 343/442/1423 404/987/1423
f 328/946/1132 388/992/1132 390/991/1132
f 331/949/1424 390/991/1424 392/993/1424
f 414/996/1425 374/957/1425 432/956/1425
f 343/442/1426 405/985/1426 404/987/1426
f 359/967/1427 414/996/1427 417/997/1427
f 331/949/1428 392/993/1428 393/995/1428
f 407/989/1429 348/1845/1429 409/990/1429
f 345/972/1430 407/989/1430 405/985/1430
f 333/958/1431 393/995/1431 376/959/1431
f 420/999/1432 341/969/1432 417/997/1432
f 185/1850/1433 1417/1851/1433 178/1852/1433
f 201/1853/1434 1404/1854/1434 1406/1855/1434
f 1405/1002/1435 1403/1856/1435 185/1850/1435
f 1405/1002/1436 185/1850/1436 191/1003/1436
f 1407/1004/1437 191/1003/1437 195/1005/1437
f 195/1005/1438 201/1853/1438 1408/1006/1438
f 1406/1855/1439 1408/1006/1439 201/1853/1439
f 206/1857/1440 1416/1858/1440 1404/1854/1440
f 1413/1008/1441 221/1859/1441 1410/1860/1441
f 1414/1009/1442 1416/1858/1442 212/1861/1442
f 1414/1009/1443 212/1861/1443 218/1007/1443
f 1410/1860/1444 223/1862/1444 1411/1012/1444
f 1412/1863/1445 226/1010/1445 229/1864/1445
f 223/1862/1446 226/1010/1446 1411/1012/1446
f 185/1020/391 8/1036/391 23/1047/391
f 1415/1018/1447 1412/1863/1447 229/1864/1447
f 229/1864/1448 178/1016/1448 1415/1018/1448
f 191/1019/391 42/1015/391 195/1865/391
f 23/1047/391 30/1013/391 185/1020/391
f 195/1865/391 50/1023/391 201/1022/391
f 70/1024/391 212/1028/391 206/1025/391
f 62/1021/391 206/1025/391 201/1022/391
f 221/1031/391 110/1038/391 118/1040/391
f 81/1045/391 91/1026/391 212/1028/391
f 91/1026/391 110/1038/391 218/1027/391
f 118/1040/391 138/1029/391 221/1031/391
f 138/1029/391 226/1033/391 223/1030/391
f 165/1032/391 229/1035/391 226/1033/391
f 172/1034/391 178/1037/391 229/1035/391
f 242/1042/1449 42/1015/1449 240/1014/1449
f 254/1039/391 252/1050/391 246/1043/391
f 118/1040/1450 254/1039/1450 255/1041/1450
f 262/1866/1451 8/1036/1451 172/1034/1451
f 138/1029/1452 255/1041/1452 256/1867/1452
f 62/1021/1453 242/1042/1453 246/1043/1453
f 138/1029/1454 256/1867/1454 259/1868/1454
f 165/1032/1455 138/1029/1455 259/1868/1455
f 70/1024/1456 246/1043/1456 249/1044/1456
f 165/1032/1457 259/1868/1457 262/1866/1457
f 81/1045/1458 249/1044/1458 251/1048/1458
f 23/1047/1459 235/1046/1459 239/1049/1459
f 172/1034/1460 165/1032/1460 262/1866/1460
f 91/1026/1461 251/1048/1461 252/1050/1461
f 128/1869/1433 1431/1870/1433 121/1871/1433
f 110/1038/1462 252/1050/1462 254/1039/1462
f 142/1872/1463 1422/1873/1463 135/1874/1463
f 1420/1875/1435 1418/1876/1435 128/1869/1435
f 1420/1875/1464 128/1869/1464 135/1874/1464
f 135/1874/1465 1422/1873/1465 1420/1875/1465
f 142/1872/1466 1421/1877/1466 1423/1878/1466
f 149/1879/1467 1419/1880/1467 1421/1877/1467
f 152/1881/1468 1432/1882/1468 1419/1880/1468
f 169/1862/1469 1425/1056/1469 168/1055/1469
f 1429/1052/1470 1432/1882/1470 158/1053/1470
f 1430/1065/1471 171/1883/1471 121/1063/1471
f 169/1862/1446 170/1057/1446 1426/1059/1446
f 170/1057/1472 171/1883/1472 1424/1058/1472
f 1428/1884/1473 1424/1058/1473 171/1883/1473
f 142/1070/391 40/1073/391 149/1885/391
f 5/1088/391 11/1066/391 121/1068/391
f 11/1066/391 26/1060/391 128/1067/391
f 26/1060/391 33/1062/391 135/1069/391
f 49/1071/391 158/1076/391 152/1072/391
f 40/1073/391 152/1072/391 149/1885/391
f 168/1078/391 68/1085/391 75/1077/391
f 55/1091/391 60/1074/391 158/1076/391
f 60/1074/391 68/1085/391 163/1075/391
f 169/1030/391 88/1081/391 170/1080/391
f 171/1083/391 5/1088/391 121/1068/391
f 99/1079/391 171/1083/391 170/1080/391
f 180/1886/391 214/1089/391 211/1887/391
f 75/1077/1474 203/1086/1474 205/1084/1474
f 40/1073/1475 33/1062/1475 189/1087/1475
f 194/1090/1476 40/1073/1476 189/1087/1476
f 211/1887/1477 99/1079/1477 208/1888/1477
f 99/1079/1478 88/1081/1478 208/1888/1478
f 11/1066/1479 214/1089/1479 180/1886/1479
f 180/1886/1480 26/1060/1480 11/1066/1480
f 55/1091/1481 194/1090/1481 198/1092/1481
f 211/1887/1482 5/1088/1482 108/1082/1482
f 77/1889/1483 1446/1890/1483 73/1891/1483
f 60/1074/1461 198/1092/1461 200/1093/1461
f 68/1085/1462 200/1093/1462 203/1086/1462
f 85/1892/1484 1434/1893/1484 1436/1894/1484
f 1435/1095/1485 1433/1895/1485 77/1889/1485
f 1435/1095/1486 77/1889/1486 80/1096/1486
f 1437/1097/1437 80/1096/1437 83/1098/1437
f 83/1098/1438 85/1892/1438 1438/1099/1438
f 1436/1894/1487 1438/1099/1487 85/1892/1487
f 89/1896/1488 1447/1897/1488 1434/1893/1488
f 1443/1101/1489 103/1898/1489 1440/1899/1489
f 1445/1102/1470 1447/1897/1470 93/1900/1470
f 1445/1102/402 93/1900/402 101/1100/402
f 1440/1899/1490 109/1862/1490 1441/1105/1490
f 1442/1901/1491 112/1103/1491 115/1902/1491
f 109/1862/1446 112/1103/1446 1441/1105/1446
f 77/1903/391 3/1124/391 12/1132/391
f 1444/1111/1492 1442/1901/1492 115/1902/1492
f 115/1902/1493 73/1109/1493 1444/1111/1493
f 80/1904/391 12/1132/391 22/1106/391
f 83/1905/391 22/1106/391 28/1108/391
f 101/1120/391 41/1116/391 44/1135/391
f 28/1108/391 85/1113/391 83/1905/391
f 31/1112/391 89/1115/391 85/1113/391
f 36/1114/391 93/1117/391 89/1115/391
f 109/1030/391 53/1127/391 58/1129/391
f 44/1135/391 48/1118/391 101/1120/391
f 48/1118/391 53/1127/391 103/1119/391
f 112/1906/391 65/1123/391 115/1122/391
f 58/1129/391 112/1906/391 109/1030/391
f 72/1121/391 73/1125/391 115/1122/391
f 130/1907/1494 31/1112/1494 28/1108/1494
f 134/1130/391 130/1907/391 148/1126/391
f 48/1118/1495 144/1136/1495 148/1126/1495
f 28/1108/1496 125/1107/1496 130/1907/1496
f 53/1127/1497 148/1126/1497 150/1128/1497
f 122/1133/1498 3/1124/1498 120/1908/1498
f 58/1129/1499 150/1128/1499 153/1909/1499
f 58/1129/1500 153/1909/1500 155/1910/1500
f 36/1114/1501 134/1130/1501 137/1131/1501
f 65/1123/1502 58/1129/1502 155/1910/1502
f 159/1911/1503 65/1123/1503 155/1910/1503
f 120/1908/1504 72/1121/1504 159/1911/1504
f 41/1116/1505 137/1131/1505 141/1134/1505
f 63/1912/1506 1453/1149/1506 61/1148/1506
f 44/1135/1507 141/1134/1507 144/1136/1507
f 1454/1139/1508 51/1138/1508 52/1142/1508
f 52/1142/1509 1456/1141/1509 1454/1139/1509
f 1458/1143/1510 54/1140/1510 57/1144/1510
f 57/1144/1511 59/1146/1511 1457/1145/1511
f 59/1146/1512 61/1148/1512 1455/1147/1512
f 1448/1913/1513 69/1914/1513 71/1915/1513
f 1449/1916/1514 1451/1917/1514 63/1912/1514
f 1449/1916/1515 63/1912/1515 66/1918/1515
f 66/1918/1516 1450/1919/1516 1449/1916/1516
f 66/1918/1517 69/1914/1517 1450/1919/1517
f 61/1920/206 34/1921/206 63/1922/206
f 1452/1923/1518 1448/1913/1518 71/1915/1518
f 71/1915/1519 51/1924/1519 1452/1923/1519
f 47/1162/206 9/1150/206 51/1152/206
f 21/1155/206 57/1925/206 54/1154/206
f 21/1155/206 25/1158/206 57/1925/206
f 25/1158/206 59/1157/206 57/1925/206
f 29/1156/206 61/1920/206 59/1157/206
f 66/1926/206 34/1921/206 38/1159/206
f 69/1927/206 38/1159/206 43/1161/206
f 43/1161/206 71/1928/206 69/1927/206
f 43/1161/206 47/1162/206 71/1928/206
f 47/1162/206 51/1152/206 71/1928/206
f 82/1929/1520 25/1158/1520 79/1930/1520
f 90/1931/206 84/1932/206 78/1933/206
f 76/1934/1521 9/1150/1521 74/1163/1521
f 43/1161/1522 86/1160/1522 90/1931/1522
f 90/1931/1523 47/1162/1523 43/1161/1523
f 84/1932/1524 29/1156/1524 82/1929/1524
f 78/1933/1525 14/1153/1525 76/1934/1525
f 38/1159/1526 84/1932/1526 86/1160/1526
f 79/1930/1527 21/1155/1527 78/1933/1527
f 1461/1935/1528 6/1171/1528 7/1237/1528
f 1460/1173/1529 7/1237/1529 17/1165/1529
f 106/1182/1530 92/1177/1530 94/1936/1530
f 111/1189/1531 100/1937/1531 113/1184/1531
f 106/1182/1532 96/1175/1532 107/1180/1532
f 111/1189/1533 98/1176/1533 100/1937/1533
f 97/1174/1534 107/1180/1534 96/1175/1534
f 97/1174/1535 98/1176/1535 119/1183/1535
f 102/1192/1536 92/1177/1536 104/1179/1536
f 104/1179/1537 127/1190/1537 126/1191/1537
f 111/1189/1538 131/1188/1538 119/1183/1538
f 131/1188/1539 139/1193/1539 119/1183/1539
f 113/1184/1540 133/1186/1540 132/1187/1540
f 119/1183/1541 117/1181/1541 107/1180/1541
f 126/1191/1542 147/1938/1542 145/1211/1542
f 117/1181/1543 139/1193/1543 136/1195/1543
f 136/1195/1544 147/1938/1544 127/1190/1544
f 132/1187/1545 151/1202/1545 140/1194/1545
f 140/1194/1546 157/1939/1546 139/1193/1546
f 156/1198/1547 174/1206/1547 182/1205/1547
f 151/1202/1548 160/1201/1548 140/1194/1548
f 133/1186/1549 151/1202/1549 132/1187/1549
f 136/1195/1550 156/1198/1550 147/1938/1550
f 157/1939/1551 156/1198/1551 139/1193/1551
f 167/1212/1552 145/1211/1552 147/1938/1552
f 156/1198/1553 167/1212/1553 147/1938/1553
f 160/1201/1554 174/1206/1554 157/1939/1554
f 126/1191/1555 164/1208/1555 143/1196/1555
f 145/1211/1556 164/1208/1556 126/1191/1556
f 160/1201/1557 175/1200/1557 174/1206/1557
f 156/1198/1558 182/1205/1558 167/1212/1558
f 209/1225/1559 219/1233/1559 225/1940/1559
f 176/1203/1560 187/1209/1560 151/1202/1560
f 167/1212/1561 182/1205/1561 181/1210/1561
f 176/1203/1562 133/1186/1562 1459/1941/1562
f 145/1211/1563 181/1210/1563 164/1208/1563
f 175/1218/1564 193/1217/1564 184/1223/1564
f 190/1214/1565 179/1227/1565 164/1215/1565
f 184/1223/1566 192/1221/1566 182/1220/1566
f 193/1217/1567 202/1222/1567 184/1223/1567
f 181/1213/1568 199/1219/1568 190/1214/1568
f 202/1222/1569 209/1225/1569 192/1221/1569
f 210/1224/1570 230/1167/1570 228/1231/1570
f 162/1942/1571 179/1227/1571 213/1226/1571
f 210/1224/1572 219/1233/1572 202/1222/1572
f 215/1228/1573 222/1230/1573 190/1214/1573
f 215/1228/1574 225/1940/1574 233/1234/1574
f 225/1940/1575 237/1232/1575 236/1235/1575
f 210/1224/1576 228/1231/1576 219/1233/1576
f 1467/1246/1577 1471/1281/1577 1470/1249/1577
f 225/1940/1578 236/1235/1578 233/1234/1578
f 176/1229/1579 245/1172/1579 230/1167/1579
f 222/1230/1580 2/1238/1580 213/1226/1580
f 17/1165/1581 7/1237/1581 237/1232/1581
f 236/1235/1582 6/1171/1582 4/1169/1582
f 236/1235/1583 7/1237/1583 6/1171/1583
f 1462/29/1584 1464/1240/1584 1474/1242/1584
f 1464/1240/1585 1466/1243/1585 1463/1241/1585
f 1466/1243/1586 1468/1245/1586 1465/1244/1586
f 1468/1245/1587 1469/1279/1587 1467/1246/1587
f 1480/1266/1588 1472/1248/1588 1481/1943/1588
f 1471/1281/1589 1473/1247/1589 1470/1249/1589
f 1473/1247/1590 1462/1250/1590 1472/1248/1590
f 1472/1248/1591 1482/1252/1591 1481/1943/1591
f 1476/1256/1592 1465/1244/1592 1477/1260/1592
f 1465/1244/1593 1486/1254/1593 1477/1260/1593
f 1470/1249/1594 1480/1266/1594 1479/1263/1594
f 1479/1263/1595 1467/1246/1595 1470/1249/1595
f 1490/1268/1596 1478/1253/1596 1491/1264/1596
f 1493/1275/1597 1487/1259/1597 1494/1278/1597
f 1476/1256/1598 1484/1262/1598 1483/1257/1598
f 1476/1256/1599 1477/1260/1599 1484/1262/1599
f 1473/1247/1600 1503/1286/1600 1504/1288/1600
f 1483/1257/1601 1488/1265/1601 1494/1269/1601
f 1480/1266/1602 1492/1273/1602 1491/1264/1602
f 1480/1266/1603 1481/1943/1603 1492/1273/1603
f 1481/1943/1604 1493/1275/1604 1492/1273/1604
f 1485/1261/1605 1490/1268/1605 1489/1267/1605
f 1481/1943/1606 1482/1252/1606 1493/1275/1606
f 1488/1265/1607 1489/1267/1607 1495/1277/1607
f 1492/1273/1608 1493/1275/1608 1496/1274/1608
f 1489/1267/1609 1490/1268/1609 1495/1277/1609
f 1491/1264/1610 1496/1274/1610 1495/1277/1610
f 1494/1269/1611 1488/1265/1611 1497/1944/1611
f 1488/1265/1612 1495/1277/1612 1497/1944/1612
f 1500/1287/1613 1464/1240/1613 1499/1945/1613
f 1508/1301/1614 1499/1945/1614 1506/1289/1614
f 1464/1240/1615 1506/1289/1615 1499/1945/1615
f 1468/1245/1616 1498/1285/1616 1501/1283/1616
f 1500/1287/1617 1509/1292/1617 1510/1298/1617
f 1505/1282/1618 1515/1299/1618 1507/1295/1618
f 1502/1280/1619 1512/1296/1619 1513/1297/1619
f 1521/1303/1620 1513/1297/1620 1512/1296/1620
f 1503/1286/1621 1513/1297/1621 1514/1291/1621
f 1498/1285/1622 1510/1298/1622 1511/1290/1622
f 1504/1288/1623 1514/1291/1623 1515/1299/1623
f 1505/1282/1624 1504/1288/1624 1515/1299/1624
f 1516/1946/1625 1508/1301/1625 1507/29/1625
f 1514/1291/1626 1513/1297/1626 1517/1302/1626
f 1514/1291/1627 1517/1302/1627 1522/1300/1627
f 1511/1290/1628 1519/1294/1628 1520/1947/1628
f 1515/1299/1629 1514/1291/1629 1522/1300/1629
f 1512/1296/1630 1520/1947/1630 1521/1303/1630
f 1507/1295/1631 1522/1300/1631 1516/1948/1631
f 1516/1949/1632 1520/1950/1632 1518/1951/1632
f 1525/1306/1633 1524/1952/1633 1526/1953/1633
f 1529/1305/546 1526/1953/546 1530/55/546
f 1528/1954/1634 1529/1305/1634 1530/55/1634
f 1524/22/1635 1527/1955/1635 1528/1954/1635
f 1525/1956/1636 1527/1955/1636 1523/1957/1636
f 1530/55/1637 1524/1958/1637 1528/1954/1637
f 1533/1306/1638 1532/1952/1638 1534/1953/1638
f 1537/1305/546 1534/1953/546 1538/55/546
f 1536/1954/1639 1537/1305/1639 1538/55/1639
f 1532/22/1635 1535/1955/1635 1536/1954/1635
f 1533/1956/1636 1535/1955/1636 1531/1957/1636
f 1538/55/1637 1532/1958/1637 1536/1954/1637
f 1541/1306/1640 1540/1952/1640 1542/1304/1640
f 1543/1955/1641 1542/1959/1641 1544/1954/1641
f 1540/22/1635 1543/1955/1635 1544/1954/1635
f 1541/1956/1636 1543/1955/1636 1539/1957/1636
f 1548/1306/1640 1547/1952/1640 1549/1307/1640
f 1542/1959/1642 1540/1958/1642 1544/1954/1642
f 1550/1955/1643 1549/1960/1643 1551/1954/1643
f 897/14/1644 643/10/1644 550/15/1644
f 1547/22/1635 1550/1955/1635 1551/1954/1635
f 1550/1955/1636 1548/1956/1636 1552/1305/1636
f 1555/1306/1640 1554/1952/1640 1556/1308/1640
f 1549/1960/1645 1547/1958/1645 1551/1954/1645
f 1557/1955/1641 1556/1961/1641 1558/1954/1641
f 1554/22/1635 1557/1955/1635 1558/1954/1635
f 1555/1956/1636 1557/1955/1636 1553/1957/1636
f 1562/1306/1640 1561/1952/1640 1563/1308/1640
f 1556/1961/1642 1554/1958/1642 1558/1954/1642
f 1564/1955/1643 1563/1962/1643 1565/1954/1643
f 1561/22/1635 1564/1955/1635 1565/1954/1635
f 1562/1956/1636 1564/1955/1636 1560/1957/1636
f 1569/1306/1640 1568/1952/1640 1570/1304/1640
f 1563/1962/1642 1561/1958/1642 1565/1954/1642
f 1571/1955/1641 1570/1959/1641 1572/1954/1641
f 1568/22/1635 1571/1955/1635 1572/1954/1635
f 1569/1956/1636 1571/1955/1636 1567/1957/1636
f 1576/1306/1640 1575/1952/1640 1577/1307/1640
f 1570/1959/1642 1568/1958/1642 1572/1954/1642
f 1578/1955/1643 1577/1960/1643 1579/1954/1643
f 1575/22/1635 1578/1955/1635 1579/1954/1635
f 1578/1955/1636 1576/1956/1636 1580/1305/1636
f 1583/1306/1640 1582/1952/1640 1584/1308/1640
f 1577/1960/1645 1575/1958/1645 1579/1954/1645
f 1585/1955/1641 1584/1961/1641 1586/1954/1641
f 1582/22/1635 1585/1955/1635 1586/1954/1635
f 1583/1956/1636 1585/1955/1636 1581/1957/1636
f 1588/1963/1646 1591/1953/1646 1590/1306/1646
f 1584/1961/1645 1582/1958/1645 1586/1954/1645
f 1594/1305/546 1591/1953/546 1595/55/546
f 1594/1305/1647 1593/1954/1647 1592/1955/1647
f 1589/22/1635 1592/1955/1635 1593/1954/1635
f 1592/1955/1636 1590/1956/1636 1594/1305/1636
f 1595/55/1637 1589/1958/1637 1593/1954/1637
f 1597/1311/1648 1596/29/1648 1618/1339/1648
f 1602/1319/1649 1621/1964/1649 1622/1965/1649
f 1618/1339/1650 1619/1309/1650 1597/1311/1650
f 1619/1309/1651 1620/1313/1651 1599/1312/1651
f 1620/1313/1652 1601/1315/1652 1605/1314/1652
f 1601/1315/1653 1621/1964/1653 1600/1316/1653
f 1600/1316/1654 1610/1324/1654 1609/1329/1654
f 1602/1319/1655 1622/1965/1655 1596/1317/1655
f 1599/1312/1656 1608/1325/1656 1604/1323/1656
f 1613/1326/1657 1607/1322/1657 1604/1323/1657
f 1605/1314/1658 1609/1329/1658 1608/1325/1658
f 1597/1311/1659 1607/1322/1659 1606/1321/1659
f 1605/1314/1660 1600/1316/1660 1609/1329/1660
f 1624/1340/1661 1618/1339/1661 1623/1338/1661
f 1609/1329/1662 1610/1324/1662 1614/1328/1662
f 1610/1324/1663 1615/1327/1663 1614/1328/1663
f 1606/1321/1664 1612/1330/1664 1615/79/1664
f 1611/1320/1665 1606/103/1665 1615/1327/1665
f 1613/1326/1666 1614/1328/1666 1616/1332/1666
f 1612/1330/1667 1616/1332/1667 1617/1331/1667
f 1614/1328/1668 1617/1333/1668 1616/1332/1668
f 1628/1342/1669 1627/1334/1669 1635/1349/1669
f 1629/1344/1670 1621/1964/1670 1628/1342/1670
f 1601/1315/1671 1627/1334/1671 1628/1342/1671
f 1621/1964/1672 1601/1315/1672 1628/1342/1672
f 1619/1309/1673 1624/1340/1673 1625/1336/1673
f 1635/1349/1674 1626/1337/1674 1634/1346/1674
f 1596/1317/1675 1622/1965/1675 1629/1344/1675
f 1620/1313/1676 1626/1337/1676 1627/1334/1676
f 1596/1317/1677 1629/1344/1677 1630/1335/1677
f 1636/1343/1678 1643/1351/1678 1641/1348/1678
f 1624/1340/1679 1632/1352/1679 1633/1341/1679
f 1628/1342/1680 1635/1349/1680 1636/1343/1680
f 1625/1336/1681 1633/1341/1681 1634/1346/1681
f 1638/1353/1682 1631/1966/1682 1642/1967/1682
f 1630/1335/1683 1629/1344/1683 1637/1345/1683
f 1623/1338/1684 1631/1966/1684 1632/1352/1684
f 1624/1340/1685 1623/1338/1685 1632/1352/1685
f 1634/1346/1686 1633/1341/1686 1639/1354/1686
f 1634/1346/1687 1639/1354/1687 1640/1350/1687
f 1637/1345/1688 1641/1348/1688 1644/1355/1688
f 1635/1349/1689 1634/1346/1689 1640/1350/1689
f 1631/1347/1690 1644/1355/1690 1642/1968/1690
f 1643/1969/1691 1642/1970/1691 1644/1971/1691
f 1654/1972/1692 1647/1973/1692 1646/1358/1692
f 1640/1350/1693 1639/1354/1693 1643/1351/1693
f 1638/1353/1694 1642/1967/1694 1639/1354/1694
f 1653/1361/1695 1645/1974/1695 1654/1975/1695
f 1647/1973/1696 1649/1356/1696 1646/1358/1696
f 1649/1356/1697 1651/1976/1697 1650/1359/1697
f 1651/1976/1698 1652/1360/1698 1650/1359/1698
f 1647/1977/591 1645/1978/591 1652/1979/591
f 1648/1980/1699 1650/1981/1699 1653/1982/1699
f 1664/1983/1700 1663/1984/1700 1655/1985/1700
f 1658/1364/1701 1659/1986/1701 1657/1365/1701
f 1659/1986/1702 1661/1366/1702 1657/1365/1702
f 1661/1366/1703 1663/1984/1703 1662/1368/1703
f 1663/1987/591 1661/1988/591 1659/1989/591
f 1656/1990/1699 1660/1991/1699 1662/1992/1699
f 1672/1993/1704 1666/1372/1704 1665/1374/1704
f 1666/1372/1705 1668/1375/1705 1667/1373/1705
f 1668/1375/1706 1670/1377/1706 1669/1376/1706
f 1670/1377/1707 1672/1379/1707 1671/1378/1707
f 1671/1994/1699 1667/1995/1699 1669/1996/1699
f 1678/1369/591 1674/1370/591 1680/1997/591
f 1680/1993/1708 1674/1372/1708 1673/1374/1708
f 1674/1372/1709 1676/1381/1709 1675/1373/1709
f 1676/1381/1710 1678/1377/1710 1677/1376/1710
f 1678/1377/1711 1680/1382/1711 1679/1378/1711
f 1679/1994/1699 1675/1995/1699 1677/1996/1699
f 1745/1389/1712 1688/1390/1712 1746/1392/1712
f 1682/1419/1713 1684/1384/1713 1750/1386/1713
f 1684/1384/1714 1686/1388/1714 1744/1387/1714
f 1691/1402/1715 1685/1448/1715 1697/1998/1715
f 1688/1390/1716 1689/1393/1716 1747/1391/1716
f 1689/1393/1717 1682/1396/1717 1749/1395/1717
f 1686/1388/1718 1714/1424/1718 1715/1426/1718
f 1734/1400/1719 1699/1408/1719 1698/1407/1719
f 1681/1450/1720 1696/1403/1720 1701/1999/1720
f 1732/1410/1721 1687/1406/1721 1693/1409/1721
f 1685/1448/1722 1692/1411/1722 1697/1998/1722
f 1685/1448/1723 1732/1410/1723 1692/1411/1723
f 1701/1412/1724 1690/1398/1724 1681/103/1724
f 1681/1450/1725 1683/1401/1725 1696/1403/1725
f 1704/1418/1726 1693/1409/1726 1694/1405/1726
f 1707/1415/1727 1691/1402/1727 1702/2000/1727
f 1705/1417/1728 1700/1413/1728 1706/1414/1728
f 1694/1405/1729 1698/1407/1729 1704/1418/1729
f 1698/1407/1730 1705/1417/1730 1704/1418/1730
f 1698/1407/1731 1699/1408/1731 1705/1417/1731
f 1691/1402/1732 1697/1998/1732 1702/2000/1732
f 1697/1998/1733 1692/1411/1733 1702/2000/1733
f 1692/1411/1734 1703/2001/1734 1702/2000/1734
f 1704/2002/1735 1707/2003/1735 1703/2004/1735
f 1701/1999/1736 1696/1403/1736 1706/1416/1736
f 1692/1411/1737 1693/1409/1737 1703/2001/1737
f 1712/1425/1738 1689/1393/1738 1718/1431/1738
f 1702/2000/1739 1703/2001/1739 1707/1415/1739
f 1727/2005/1740 1729/2006/1740 1728/2007/1740
f 1689/1393/1741 1711/1423/1741 1718/1431/1741
f 1688/1390/1742 1717/1435/1742 1711/1423/1742
f 1684/1384/1743 1709/1422/1743 1714/1424/1743
f 1686/1388/1744 1715/1426/1744 1710/1421/1744
f 1688/1390/1745 1710/1421/1745 1717/1435/1745
f 1708/9/1746 1712/1425/1746 1713/1434/1746
f 1717/1435/1747 1723/1433/1747 1724/1437/1747
f 1715/1426/1748 1721/1439/1748 1722/1427/1748
f 1718/1431/1749 1725/1438/1749 1726/1432/1749
f 1720/1436/1750 1727/1441/1750 1728/2008/1750
f 1723/1433/1751 1729/1442/1751 1730/1440/1751
f 1721/1439/1752 1720/1436/1752 1728/2008/1752
f 1724/1437/1753 1723/1433/1753 1730/1440/1753
f 1722/1427/1754 1721/1439/1754 1728/2008/1754
f 1722/1427/1755 1728/2008/1755 1729/1442/1755
f 1716/1428/1756 1722/1427/1756 1729/1442/1756
f 1713/1434/1757 1726/1432/1757 1727/1443/1757
f 1681/103/1758 1757/1453/1758 1731/1452/1758
f 1685/1448/1759 1751/1458/1759 1752/1447/1759
f 1757/1453/1760 1740/2009/1760 1741/2010/1760
f 1741/2010/1761 1742/1451/1761 1757/1453/1761
f 1750/1397/1762 1741/2010/1762 1749/1395/1762
f 1739/1454/1763 1740/2009/1763 1756/1455/1763
f 1738/1456/1764 1739/1454/1764 1755/1444/1764
f 1754/1445/1765 1737/1457/1765 1738/1456/1765
f 1752/1447/1766 1736/1459/1766 1737/1457/1766
f 1735/1460/1767 1736/1459/1767 1751/1458/1767
f 1742/1461/1768 1735/1460/1768 1731/1449/1768
f 1749/1395/1769 1740/2009/1769 1748/1394/1769
f 1748/1394/1770 1739/1454/1770 1747/1391/1770
f 1744/1387/1771 1735/1460/1771 1743/1385/1771
f 1738/1456/1772 1746/1392/1772 1747/1391/1772
f 1745/1389/1773 1746/1392/1773 1737/1457/1773
f 1744/1387/1774 1745/1389/1774 1736/1459/1774
f 1690/1398/1775 1756/1455/1775 1757/1453/1775
f 1742/1461/1776 1750/1386/1776 1743/1385/1776
f 1731/1449/1777 1751/1458/1777 1683/1401/1777
f 1752/1447/1778 1753/1446/1778 1732/1410/1778
f 1753/1446/1779 1754/1445/1779 1687/1406/1779
f 1754/1445/1780 1755/1444/1780 1733/1404/1780
f 1755/1444/1781 1756/1455/1781 1734/1400/1781
f 1760/1306/1782 1759/1952/1782 1761/1953/1782
f 1765/55/546 1760/1306/546 1761/1953/546
f 1763/1954/1783 1764/1305/1783 1765/55/1783
f 1758/2011/1635 1763/1954/1635 1759/22/1635
f 1760/1956/1784 1762/1955/1784 1758/1957/1784
f 1765/55/1785 1759/1958/1785 1763/1954/1785
f 1768/1306/1782 1767/1952/1782 1769/1953/1782
f 1773/55/546 1768/1306/546 1769/1953/546
f 1771/1954/1783 1772/1305/1783 1773/55/1783
f 1766/2011/1786 1771/1954/1786 1767/22/1786
f 1768/1956/1784 1770/1955/1784 1766/1957/1784
f 1773/55/1785 1767/1958/1785 1771/1954/1785
f 1774/1963/1782 1777/1953/1782 1776/1306/1782
f 1781/55/1787 1776/1306/1787 1777/1953/1787
f 1780/1305/1783 1779/1954/1783 1778/1955/1783
f 1774/2011/1786 1779/1954/1786 1775/22/1786
f 1776/1956/1784 1778/1955/1784 1774/1957/1784
f 1781/55/1785 1775/1958/1785 1779/1954/1785
f 1051/76/1788 1050/55/1788 245/77/1788
f 1352/2012/1789 1337/1509/1789 1355/232/1789
f 1337/1509/1790 1341/232/1790 1355/232/1790
f 1341/232/1791 1338/1514/1791 1318/1513/1791
f 1341/232/1792 1318/1513/1792 1320/1516/1792
f 1368/1508/1793 1351/1507/1793 1355/232/1793
f 1379/1502/1794 1365/2013/1794 1224/233/1794
f 1365/2013/1795 1368/1508/1795 1224/233/1795
f 1224/233/1796 1400/1506/1796 1378/1505/1796
f 1378/1505/1797 1379/1502/1797 1224/233/1797
f 1368/1508/1798 1355/232/1798 1224/233/1798
f 1305/2014/1799 1306/1519/1799 1207/224/1799
f 1341/232/1800 1320/1516/1800 1305/2014/1800
f 1341/232/1801 1305/2014/1801 1207/224/1801
f 1224/233/1802 1355/232/1802 1341/232/1802
f 1345/235/1803 1346/1545/1803 1361/236/1803
f 1450/240/1804 1448/1550/1804 1284/239/1804
f 1448/1550/1805 1287/2015/1805 1284/239/1805
f 1203/229/1806 1204/1498/1806 1449/1553/1806
f 1203/229/1807 1449/1553/1807 1450/240/1807
f 1291/252/1808 1281/2016/1808 1294/253/1808
f 977/343/1809 823/339/1809 803/341/1809
f 824/419/206 819/1679/206 814/1685/206
f 819/1679/206 818/1682/206 814/1685/206
f 814/1685/206 808/1687/206 824/419/206
f 808/1687/206 802/1689/206 824/419/206
f 802/1689/206 799/417/206 824/419/206
f 591/571/1810 604/1724/1810 1346/572/1810
f 1357/649/1811 477/1742/1811 479/650/1811
f 1356/652/1812 1358/651/1812 479/650/1812
f 372/716/1081 1372/1762/1081 1370/717/1081
f 497/748/1813 297/745/1813 283/741/1813
f 267/716/1814 1392/1829/1814 1222/909/1814
f 205/1084/1815 208/1888/1815 88/1081/1815
f 1656/1362/1816 1664/2017/1816 1655/1363/1816
f 1670/1369/591 1668/2018/591 1666/1370/591
f 923/17/1817 724/16/1817 712/22/1817
f 934/25/1818 797/41/1818 786/20/1818
f 489/13/1819 367/44/1819 884/34/1819
f 868/31/1820 227/49/1820 1/29/1820
f 940/32/1821 840/1462/1821 825/3/1821
f 928/5/1822 754/4/1822 742/18/1822
f 884/34/1823 367/44/1823 227/49/1823
f 940/32/1824 877/8/1824 855/7/1824
f 961/1463/1825 923/17/1825 917/21/1825
f 961/1463/1826 966/35/1826 928/5/1826
f 979/28/1827 943/37/1827 877/8/1827
f 991/1464/1828 987/2019/1828 984/1465/1828
f 984/39/1829 947/33/1829 943/30/1829
f 987/40/1830 991/38/1830 966/35/1830
f 712/22/1831 724/16/1831 1006/1468/1831
f 754/4/1832 775/6/1832 1011/1469/1832
f 855/7/1833 1/9/1833 996/103/1833
f 1018/65/1834 825/3/1834 840/1462/1834
f 489/13/1835 550/15/1835 1001/52/1835
f 1006/1468/1836 724/16/1836 742/18/1836
f 1007/60/1837 742/18/1837 754/4/1837
f 1020/68/1838 840/1462/1838 855/7/1838
f 1001/52/1839 550/15/1839 643/10/1839
f 1017/67/1840 813/1/1840 825/3/1840
f 1024/70/1841 998/48/1841 1000/43/1841
f 1025/1470/1842 1000/43/1842 1001/52/1842
f 1029/55/1843 1004/50/1843 1006/1468/1843
f 1031/60/1844 1030/1471/1844 1006/1468/1844
f 1023/57/1845 996/56/1845 998/48/1845
f 1036/94/1846 1013/47/1846 1014/42/1846
f 96/61/1847 1026/51/1847 1027/53/1847
f 1037/98/1848 1014/42/1848 1015/46/1848
f 98/1473/1849 1027/53/1849 1028/54/1849
f 1038/1474/1850 1015/46/1850 1017/67/1850
f 1029/55/1851 1030/1471/1851 1034/78/1851
f 1034/78/1852 1030/1471/1852 1031/60/1852
f 102/1476/1853 124/1479/1853 1033/71/1853
f 1025/1470/1854 1026/51/1854 92/1472/1854
f 1049/100/1855 1048/53/1855 1460/1477/1855
f 1052/60/1856 1051/76/1856 1034/78/1856
f 162/1480/1857 2/1482/1857 1033/71/1857
f 2/1482/1858 1045/89/1858 1033/71/1858
f 13/1481/1859 1046/92/1859 1045/89/1859
f 1046/92/1860 13/1481/1860 16/82/1860
f 1461/83/1861 1460/1477/1861 1048/53/1861
f 1059/111/1862 1058/101/1862 1050/55/1862
f 1064/1483/751 1039/66/751 1040/69/751
f 1059/111/1863 1051/76/1863 1052/60/1863
f 1043/57/1864 1044/80/1864 1055/90/1864
f 1065/87/1865 1040/69/1865 1041/91/1865
f 1060/106/1866 1053/59/1866 1010/81/1866
f 1038/1474/1867 1039/66/1867 1064/1483/1867
f 1075/108/1868 1062/95/1868 1063/99/1868
f 1063/99/1869 1064/1483/1869 1077/1485/1869
f 1077/1485/1870 1064/1483/1870 1065/87/1870
f 1081/118/1871 1069/107/1871 1070/109/1871
f 1083/124/1872 1082/131/1872 1070/109/1872
f 1089/121/1873 1076/1484/1873 1077/1485/1873
f 1071/110/1874 1072/112/1874 1084/122/1874
f 1077/1485/1875 1078/86/1875 1091/125/1875
f 1072/112/1876 1073/113/1876 1085/127/1876
f 1073/113/1877 1074/105/1877 1086/59/1877
f 1092/104/1878 1091/125/1878 1078/86/1878
f 1096/1486/1879 1082/131/1879 1083/124/1879
f 1103/1488/1880 1088/133/1880 1089/121/1880
f 1106/140/1881 1091/125/1881 1092/104/1881
f 1101/141/1882 1100/129/1882 1086/59/1882
f 1107/138/1883 1092/104/1883 1079/103/1883
f 1118/154/1884 1104/120/1884 1105/126/1884
f 1109/144/1885 1093/1489/1885 1094/130/1885
f 1116/150/1886 1115/137/1886 1101/141/1886
f 1102/134/1887 1103/1488/1887 1117/152/1887
f 1096/1486/1888 1097/1487/1888 1112/1490/1888
f 1118/154/1889 1117/152/1889 1103/1488/1889
f 1135/182/1890 1122/145/1890 1123/148/1890
f 1132/157/1891 1119/156/1891 1120/139/1891
f 1123/148/1892 1110/143/1892 1111/1491/1892
f 1124/1492/1893 1111/1491/1893 1112/1490/1893
f 1125/1493/1894 1112/1490/1894 1113/135/1894
f 1126/1494/1895 1113/135/1895 1114/136/1895
f 1148/164/1896 1133/149/1896 1121/103/1896
f 1137/167/1897 1136/180/1897 1123/148/1897
f 1143/159/1898 1128/151/1898 1129/153/1898
f 1138/165/1899 1124/1492/1899 1125/1493/1899
f 1140/170/1900 1139/172/1900 1125/1493/1900
f 1141/174/1901 1140/170/1901 1126/1494/1901
f 1134/1495/1902 1121/146/1902 1122/145/1902
f 1154/191/1903 1153/166/1903 1138/165/1903
f 1150/286/1904 1149/2020/1904 1134/1495/1904
f 1149/103/1905 1163/177/1905 1148/164/1905
f 1168/185/1906 1167/190/1906 1154/191/1906
f 1172/1496/1907 1160/168/1907 1161/173/1907
f 1164/198/1908 1149/2020/1908 1150/286/1908
f 1174/199/1909 1173/201/1909 1162/176/1909
f 1169/195/1910 1157/179/1910 1158/178/1910
f 1166/189/1911 1165/196/1911 1151/181/1911
f 1164/103/1912 1174/199/1912 1163/177/1912
f 1171/1497/1913 1159/184/1913 1160/168/1913
f 1177/202/1914 1165/196/1914 1166/189/1914
f 1183/203/1915 1170/188/1915 1171/1497/1915
f 1185/216/1916 1184/213/1916 1171/1497/1916
f 1210/227/1917 1195/193/1917 1196/211/1917
f 1190/210/1918 1189/219/1918 1176/197/1918
f 1197/214/1919 1185/216/1919 1186/207/1919
f 1199/208/1920 1198/218/1920 1187/206/1920
f 1203/229/1921 1190/210/1921 1191/212/1921
f 1191/212/1922 1192/215/1922 1205/247/1922
f 1208/234/1923 1207/224/1923 1193/217/1923
f 1216/1499/1924 1198/218/1924 1199/208/1924
f 1201/1500/1925 1189/219/1925 1190/210/1925
f 1199/208/1926 1189/103/1926 1200/103/1926
f 1366/1501/1927 1365/2013/1927 1379/1502/1927
f 1367/251/1928 1353/250/1928 1351/1507/1928
f 1337/1509/1929 1352/2012/1929 1354/1510/1929
f 1340/1512/1930 1333/1572/1930 1318/1513/1930
f 1307/1515/1931 1305/2014/1931 1320/1516/1931
f 1228/1518/1932 1227/231/1932 1215/67/1932
f 1280/1521/1933 1282/1584/1933 1207/224/1933
f 1282/1584/1934 1206/223/1934 1207/224/1934
f 1306/1519/1935 1308/1577/1935 1293/1580/1935
f 1295/1520/1936 1294/253/1936 1281/2016/1936
f 1306/1519/1937 1293/1580/1937 1295/1520/1937
f 1295/1520/1938 1281/2016/1938 1280/1521/1938
f 1207/224/1939 1306/1519/1939 1280/1521/1939
f 1228/1518/1940 1216/1499/1940 1217/226/1940
f 1219/286/1941 1201/1500/1941 1202/230/1941
f 1217/226/1942 1218/225/1942 1230/238/1942
f 1345/235/1943 1357/237/1943 1358/1524/1943
f 1358/1524/1944 1356/1526/1944 1221/292/1944
f 1202/230/1945 1342/2021/1945 1343/1525/1945
f 1343/1525/1946 1345/235/1946 1358/1524/1946
f 1358/1524/1947 1221/292/1947 1220/284/1947
f 1220/284/1948 1202/230/1948 1343/1525/1948
f 1382/2022/1949 1380/1593/1949 1221/292/1949
f 1380/1593/1950 1222/2023/1950 1221/292/1950
f 1356/1526/1951 1359/1532/1951 1372/2024/1951
f 1359/1532/1952 1370/1534/1952 1372/2024/1952
f 1369/1528/1953 1381/1530/1953 1383/1591/1953
f 1383/1591/925 1382/2022/925 1221/292/925
f 1356/1526/1954 1372/2024/1954 1371/1527/1954
f 1371/1527/1955 1369/1528/1955 1383/1591/1955
f 1383/1591/925 1221/292/925 1371/1527/925
f 1369/1528/1956 1373/1554/1956 1384/1529/1956
f 1325/1591/1957 1321/1535/1957 1342/2021/1957
f 1321/1535/1958 1344/1537/1958 1342/2021/1958
f 1202/230/1959 1203/229/1959 1284/239/1959
f 1285/1531/1960 1283/1542/1960 1298/1531/1960
f 1283/1542/1961 1297/1544/1961 1298/1531/1961
f 1202/230/1962 1284/239/1962 1285/1531/1962
f 1325/1591/1963 1342/2021/1963 1311/1527/1963
f 1342/2021/1964 1202/230/1964 1311/1527/1964
f 1309/2025/1965 1322/229/1965 1323/2026/1965
f 1311/1527/1966 1309/2025/1966 1323/2026/1966
f 1311/1527/925 1323/2026/925 1324/2027/925
f 1296/2028/1967 1310/1541/1967 1312/2022/1967
f 1311/1527/925 1324/2027/925 1325/1591/925
f 1298/1531/1968 1296/2028/1968 1312/2022/1968
f 1298/1531/925 1312/2022/925 1311/1527/925
f 1202/230/1969 1285/1531/1969 1311/1527/1969
f 1359/1532/1970 1360/1557/1970 1374/1533/1970
f 1321/1535/1971 1326/1560/1971 1347/1536/1971
f 1322/229/1972 1309/2025/1972 1328/1540/1972
f 1309/2025/1973 1313/1538/1973 1328/1540/1973
f 1310/1541/1974 1296/2028/1974 1299/241/1974
f 1283/1542/1975 1286/1547/1975 1300/1543/1975
f 1346/1545/1976 1348/2029/1976 1362/1546/1976
f 1286/1547/1977 1288/1564/1977 1302/1548/1977
f 1289/1549/1978 1287/2015/1978 1448/1550/1978
f 1373/1554/1979 1375/1569/1979 1385/1555/1979
f 1363/1556/1980 1376/1571/1980 1374/1533/1980
f 1362/1546/1981 1348/2029/1981 1350/1558/1981
f 1326/1560/1982 1330/2030/1982 1349/1561/1982
f 1313/1538/1983 1316/1565/1983 1332/1562/1983
f 1204/1498/1984 1205/247/1984 1453/246/1984
f 1225/487/1985 1212/220/1985 1213/221/1985
f 1288/1564/1986 1291/252/1986 1304/254/1986
f 1375/1569/1987 1366/1501/1987 1386/1503/1987
f 1363/1556/1988 1353/250/1988 1377/249/1988
f 1350/1558/1989 1339/1511/1989 1354/1510/1989
f 1349/1561/1990 1330/2030/1990 1333/1572/1990
f 1329/1566/1991 1316/1565/1991 1335/1575/1991
f 1316/1565/1992 1317/1573/1992 1335/1575/1992
f 1455/245/1993 1205/247/1993 1206/223/1993
f 1454/1570/1994 1456/1585/1994 1292/1578/1994
f 1307/1515/1995 1319/1517/1995 1336/1579/1995
f 1336/1579/1996 1334/1574/1996 1317/1573/1996
f 1447/1581/1997 1431/2031/1997 1418/1582/1997
f 1458/1583/1998 1457/1576/1998 1206/223/1998
f 1282/1584/1999 1292/1578/1999 1456/1585/1999
f 1458/1583/2000 1206/223/2000 1282/1584/2000
f 1432/1586/2001 1417/1620/2001 1403/1587/2001
f 1416/1588/2002 1208/234/2002 1209/228/2002
f 1433/255/2003 1435/1590/2003 1238/287/2003
f 1210/227/2004 1406/2032/2004 1404/1589/2004
f 1435/1590/2005 1437/2033/2005 1239/1469/2005
f 1221/292/2006 1222/2023/2006 1392/2034/2006
f 1390/1591/2007 1391/1597/2007 1220/284/2007
f 1391/1597/2008 1232/1599/2008 1220/284/2008
f 1221/292/925 1392/2034/925 1390/1591/925
f 1394/1592/2009 1222/2023/2009 1380/1593/2009
f 1408/2035/2010 1406/2032/2010 1211/280/2010
f 1406/2032/2011 1210/227/2011 1211/280/2011
f 1211/280/2012 1240/278/2012 1408/2035/2012
f 1240/278/2013 1239/1469/2013 1437/2033/2013
f 1438/1595/2014 1436/259/2014 1422/264/2014
f 1240/278/2015 1437/2033/2015 1438/1595/2015
f 1421/263/2016 1407/265/2016 1423/1596/2016
f 1407/265/2017 1408/2035/2017 1423/1596/2017
f 1438/1595/2017 1422/264/2017 1423/1596/2017
f 1408/2035/974 1240/278/974 1423/1596/974
f 1388/1600/2018 1397/1607/2018 1394/1592/2018
f 1442/1585/2019 1235/1615/2019 1234/53/2019
f 1411/1605/2020 1409/266/2020 1425/2036/2020
f 1409/266/2021 1427/268/2021 1425/2036/2021
f 1396/1611/2022 1410/1610/2022 1395/1602/2022
f 1410/1610/2023 1411/1605/2023 1395/1602/2023
f 1439/1603/2024 1234/53/2024 1233/1601/2024
f 1424/1606/2025 1440/2037/2025 1426/1604/2025
f 1440/2037/2026 1441/2038/2026 1426/1604/2026
f 1441/2038/2027 1439/1603/2027 1233/1601/2027
f 1411/1605/2028 1425/2036/2028 1426/1604/2028
f 1441/2038/980 1233/1601/980 1426/1604/980
f 1233/1601/2029 1395/1602/2029 1411/1605/2029
f 1443/271/2030 1440/2037/2030 1424/1606/2030
f 1397/1607/2031 1388/1600/2031 1389/1608/2031
f 1223/1504/2032 1400/1506/2032 1398/1609/2032
f 1429/1613/2033 1427/268/2033 1412/267/2033
f 1414/1616/2034 1413/1612/2034 1396/1611/2034
f 1430/272/2035 1431/2031/2035 1447/1581/2035
f 1402/1619/2036 1400/1506/2036 1224/233/2036
f 1224/233/2037 1416/1588/2037 1402/1619/2037
f 1416/1588/2038 1414/1616/2038 1401/1618/2038
f 1417/1620/2039 1432/1586/2039 1429/1613/2039
f 1243/292/2040 1220/284/2040 1232/1599/2040
f 1230/238/2041 1231/103/2041 1241/103/2041
f 1251/280/2042 1250/288/2042 1239/1469/2042
f 1232/1599/2043 1233/1601/2043 1245/275/2043
f 1253/306/2044 1252/279/2044 1225/487/2044
f 1245/275/2045 1233/1601/2045 1234/53/2045
f 1226/248/2046 1227/231/2046 1254/1622/2046
f 1227/231/2047 1228/1518/2047 1255/1623/2047
f 1228/1518/2048 1229/1522/2048 1256/1624/2048
f 1241/291/2049 1231/1523/2049 1219/286/2049
f 1229/1522/2050 1230/238/2050 1257/1621/2050
f 1267/306/2051 1266/308/2051 1252/279/2051
f 1267/306/2052 1253/306/2052 1254/1622/2052
f 1262/296/2053 1261/289/2053 1246/191/2053
f 1268/1625/2054 1254/1622/2054 1255/1623/2054
f 1263/294/2055 1262/296/2055 1247/282/2055
f 1269/1626/2056 1255/1623/2056 1256/1624/2056
f 1264/302/2057 1263/294/2057 1248/281/2057
f 1270/299/2058 1256/1624/2058 1257/1621/2058
f 1265/300/2059 1264/302/2059 1249/283/2059
f 1271/297/2060 1257/1621/2060 1241/103/2060
f 1265/300/2061 1250/288/2061 1251/280/2061
f 1274/2039/2062 1275/1627/2062 1273/2040/2062
f 1275/1627/2063 1276/2041/2063 1278/1628/2063
f 1276/2041/2064 1277/2042/2064 1278/1628/2064
f 1278/1628/2065 1279/2043/2065 1272/1629/2065
f 1272/1629/2066 1273/2040/2066 1275/1627/2066
f 1278/1630/2067 1277/307/2067 1267/306/2067
f 1278/1630/2068 1268/1625/2068 1269/1626/2068
f 1275/295/2069 1263/294/2069 1264/302/2069
f 1273/304/2070 1272/2044/2070 1258/290/2070
f 1276/301/2071 1265/300/2071 1266/308/2071
f 1288/1631/2072 941/29/2072 871/309/2072
f 1292/318/2073 1282/315/2073 910/314/2073
f 906/338/206 893/335/206 578/353/206
f 910/337/206 674/336/206 721/346/206
f 918/1634/206 721/346/206 760/350/206
f 939/1636/206 823/339/206 851/342/206
f 952/354/206 949/1638/206 981/348/206
f 949/1638/206 945/347/206 981/348/206
f 981/348/206 977/343/206 957/1633/206
f 952/354/206 981/348/206 957/1633/206
f 977/343/206 973/344/206 964/349/206
f 973/344/206 968/351/206 964/349/206
f 964/349/206 959/345/206 957/1633/206
f 949/1638/2074 952/354/2074 578/353/2074
f 795/355/2075 1303/357/2075 1301/1639/2075
f 812/1632/2076 1295/1642/2076 1293/356/2076
f 1302/358/2077 1304/1644/2077 821/1640/2077
f 812/338/206 806/373/206 357/372/206
f 821/377/206 684/387/206 705/380/206
f 857/1645/206 767/339/206 783/383/206
f 767/339/2078 731/381/2078 915/1646/2078
f 873/384/206 926/386/206 920/1647/206
f 920/1647/206 915/1646/206 873/384/206
f 915/1646/206 912/390/206 907/389/206
f 891/1648/206 915/1646/206 907/389/206
f 907/389/206 901/388/206 895/1649/206
f 891/1648/206 907/389/206 895/1649/206
f 891/1648/206 880/1650/206 869/385/206
f 869/385/206 873/384/206 891/1648/206
f 901/388/2079 684/387/2079 601/376/2079
f 357/372/2080 56/369/2080 869/385/2080
f 891/1648/2081 531/374/2081 357/372/2081
f 895/1649/2082 601/376/2082 531/374/2082
f 1307/395/2083 747/1653/2083 752/1651/2083
f 1306/1654/2084 1305/1652/2084 752/1651/2084
f 758/1655/2085 765/1659/2085 1308/1656/2085
f 1310/400/307 777/399/307 780/1657/307
f 1309/1661/2086 1311/1664/2086 785/1662/2086
f 734/406/206 790/1675/206 37/1665/206
f 785/416/206 704/414/206 715/1669/206
f 862/432/2087 715/1669/2087 704/414/2087
f 679/413/2088 633/410/2088 849/1676/2088
f 859/1674/2089 704/414/2089 679/413/2089
f 827/422/206 866/435/206 872/1678/206
f 894/476/206 899/433/206 859/1674/206
f 1012/472/2090 818/1682/2090 819/1679/2090
f 950/456/2091 879/427/2091 876/426/2091
f 948/453/2092 876/426/2092 872/1678/2092
f 1008/470/2093 814/1685/2093 818/1682/2093
f 946/1681/2094 872/1678/2094 866/435/2094
f 995/464/2095 942/438/2095 924/449/2095
f 1005/471/2096 808/1687/2096 814/1685/2096
f 924/449/2097 921/481/2097 992/1686/2097
f 1002/467/2098 802/1689/2098 808/1687/2098
f 921/481/2099 938/1688/2099 990/473/2099
f 999/465/2100 799/417/2100 802/1689/2100
f 990/473/2101 938/1688/2101 916/445/2101
f 997/462/2102 793/418/2102 799/417/2102
f 924/449/2103 925/446/2103 982/1690/2103
f 935/444/2104 933/441/2104 988/468/2104
f 946/1681/206 967/475/206 969/454/206
f 962/461/206 980/450/206 982/1690/206
f 986/469/206 985/466/206 999/465/206
f 992/1686/206 990/473/206 1012/472/206
f 951/457/2105 882/428/2105 879/427/2105
f 953/1692/2106 886/429/2106 882/428/2106
f 1016/1680/2107 819/1679/2107 824/419/2107
f 1019/474/2108 824/419/2108 793/418/2108
f 955/1693/2109 889/430/2109 886/429/2109
f 969/454/2110 908/440/2110 911/477/2110
f 972/455/2111 913/443/2111 914/442/2111
f 983/463/2112 927/436/2112 942/438/2112
f 903/431/2113 899/433/2113 962/461/2113
f 985/466/2114 930/439/2114 927/436/2114
f 944/1683/2115 866/435/2115 903/431/2115
f 911/477/2116 930/439/2116 985/466/2116
f 933/441/2117 911/477/2117 986/469/2117
f 599/1694/2118 1320/1699/2118 1318/492/2118
f 599/1694/2119 611/1700/2119 1319/494/2119
f 618/493/2120 625/1701/2120 1335/482/2120
f 1332/497/2121 1331/484/2121 625/1701/2121
f 1328/486/2122 647/498/2122 657/499/2122
f 129/512/206 204/526/206 580/1702/206
f 587/1705/206 204/526/206 273/401/206
f 727/419/206 722/1679/206 713/1716/206
f 722/1679/206 719/1682/206 713/1716/206
f 713/1716/206 707/1687/206 727/419/206
f 707/1687/206 702/1689/206 727/419/206
f 702/1689/206 699/1706/206 727/419/206
f 769/533/1813 513/521/1813 486/414/1813
f 732/1710/2123 736/525/2123 129/512/2123
f 769/533/2124 732/1710/2124 27/509/2124
f 428/413/2088 382/515/2088 757/1711/2088
f 764/1674/2089 486/414/2089 428/413/2089
f 787/1713/206 789/534/206 764/1674/206
f 732/1710/206 769/533/206 791/532/206
f 900/472/2090 719/1682/2090 722/1679/2090
f 833/456/2091 778/427/2091 776/529/2091
f 831/453/2092 776/529/2092 774/527/2092
f 898/548/2125 713/1716/2125 719/1682/2125
f 830/1714/2094 774/527/2094 772/528/2094
f 887/544/2126 826/536/2126 809/449/2126
f 896/471/2096 707/1687/2096 713/1716/2096
f 809/449/2097 805/552/2097 883/1686/2097
f 892/545/2098 702/1689/2098 707/1687/2098
f 805/552/2099 822/1688/2099 881/549/2099
f 890/465/2100 699/1706/2100 702/1689/2100
f 881/549/2101 822/1688/2101 801/541/2101
f 888/462/2127 689/1707/2127 699/1706/2127
f 809/449/2103 810/446/2103 865/1717/2103
f 820/444/2128 817/538/2128 875/546/2128
f 830/1714/206 848/475/206 850/454/206
f 842/1718/206 841/1721/206 860/458/206
f 844/1691/206 842/1718/206 863/450/206
f 874/547/206 870/466/206 890/465/206
f 883/1686/206 881/549/206 900/472/206
f 834/457/2105 779/530/2105 778/427/2105
f 835/1719/2106 781/531/2106 779/530/2106
f 902/1680/2107 722/1679/2107 727/419/2107
f 904/550/2108 727/419/2108 689/1707/2108
f 837/1720/2129 784/430/2129 781/531/2129
f 850/454/2110 794/537/2110 796/477/2110
f 841/1721/2130 787/1713/2130 784/430/2130
f 842/1718/2131 789/534/2131 787/1713/2131
f 854/455/2111 798/540/2111 800/539/2111
f 867/543/2132 811/436/2132 826/536/2132
f 844/1691/2133 791/532/2133 789/534/2133
f 870/466/2114 815/439/2114 811/436/2114
f 828/1715/2115 772/528/2115 791/532/2115
f 796/477/2116 815/439/2116 870/466/2116
f 817/538/2117 796/477/2117 874/547/2117
f 1342/570/2134 582/569/2134 585/650/2134
f 604/1724/2135 607/1727/2135 1348/1725/2135
f 546/582/206 534/578/206 217/577/206
f 351/595/206 400/588/206 582/1728/206
f 585/666/206 400/588/206 455/590/206
f 455/590/206 473/586/206 604/587/206
f 706/608/2136 473/586/2136 455/590/2136
f 669/633/206 660/1734/206 644/2045/206
f 660/1734/206 650/1735/206 644/2045/206
f 644/2045/206 639/614/206 669/633/206
f 639/614/206 629/616/206 621/634/206
f 621/634/206 613/635/206 677/636/206
f 677/636/206 673/632/206 621/634/206
f 673/632/206 669/633/206 639/614/206
f 330/585/2137 300/583/2137 694/591/2137
f 681/592/206 709/599/206 710/602/206
f 714/603/206 717/1732/206 694/591/206
f 701/606/206 723/604/206 725/611/206
f 706/608/206 726/607/206 728/609/206
f 733/622/2138 711/601/2138 710/602/2138
f 762/627/2139 650/1735/2139 660/1734/2139
f 710/602/2140 709/599/2140 729/618/2140
f 748/610/2141 728/609/2141 726/607/2141
f 759/625/2142 644/2045/2142 650/1735/2142
f 639/614/2143 644/2045/2143 759/625/2143
f 770/1736/206 750/617/206 748/610/206
f 660/1734/2144 669/633/2144 766/630/2144
f 735/623/2145 714/603/2145 711/601/2145
f 737/624/2146 717/1732/2146 714/603/2146
f 673/632/2147 677/636/2147 770/1736/2147
f 738/626/2148 718/1733/2148 717/1732/2148
f 740/629/2149 720/605/2149 718/1733/2149
f 743/1737/2150 723/604/2150 720/605/2150
f 1362/647/2151 462/564/2151 468/1738/2151
f 1361/1739/2152 468/1738/2152 477/1742/2152
f 581/1743/2153 261/659/2153 232/677/2153
f 397/1745/206 499/668/206 10/670/206
f 426/578/206 161/657/206 232/677/206
f 450/661/206 441/1747/206 232/677/206
f 274/671/206 285/673/206 462/1748/206
f 285/673/206 307/664/206 468/1749/206
f 483/667/206 340/665/206 369/586/206
f 274/671/2154 261/659/2154 581/1743/2154
f 525/695/206 517/697/206 510/711/206
f 510/711/206 503/712/206 562/632/206
f 503/712/206 567/710/206 562/632/206
f 562/632/206 558/633/206 554/688/206
f 510/711/206 562/632/206 525/695/206
f 554/688/206 544/690/206 537/692/206
f 537/692/206 530/2046/206 525/695/206
f 537/692/206 562/632/206 554/688/206
f 569/1750/2155 45/674/2155 10/670/2155
f 606/684/2156 369/586/2156 340/665/2156
f 307/664/2157 285/673/2157 590/679/2157
f 597/606/2158 327/662/2158 307/664/2158
f 600/1751/2159 340/665/2159 327/662/2159
f 609/683/206 649/682/206 614/1752/206
f 614/1752/206 617/685/206 573/675/206
f 577/676/206 573/675/206 617/685/206
f 622/687/206 627/1753/206 581/1743/206
f 584/672/206 581/1743/206 627/1753/206
f 597/606/206 638/680/206 642/694/206
f 655/699/2160 617/685/2160 614/1752/2160
f 678/706/2161 649/682/2161 606/684/2161
f 652/1754/2162 614/1752/2162 649/682/2162
f 676/707/2163 606/684/2163 642/694/2163
f 690/702/2164 530/2046/2164 537/692/2164
f 525/695/2143 530/2046/2143 690/702/2143
f 652/1754/206 678/706/206 683/708/206
f 693/689/206 695/709/206 675/693/206
f 676/707/206 675/693/206 695/709/206
f 554/688/2165 558/633/2165 695/709/2165
f 627/1753/2166 622/687/2166 663/623/2166
f 667/703/2167 631/678/2167 627/1753/2167
f 590/679/2168 631/678/2168 667/703/2168
f 638/680/2169 590/679/2169 671/704/2169
f 1366/714/2170 322/1757/2170 329/1756/2170
f 1369/1759/2171 1371/1761/2171 378/1662/2171
f 384/1760/2172 389/1764/2172 1373/1763/2172
f 364/740/206 265/737/206 277/743/206
f 384/747/206 378/744/206 283/741/206
f 389/746/206 297/745/206 20/728/206
f 394/1770/206 456/1788/206 451/1772/206
f 451/1772/206 439/1775/206 433/1771/206
f 433/1771/206 425/1687/206 411/1769/206
f 425/1687/206 415/1689/206 411/1769/206
f 411/1769/206 402/1784/206 394/1770/206
f 433/1771/206 394/1770/206 451/1772/206
f 480/761/2173 248/739/2173 231/752/2173
f 463/757/2174 465/756/2174 46/731/2174
f 497/748/2175 463/757/2175 20/728/2175
f 484/762/2176 265/737/2176 248/739/2176
f 469/758/2177 123/733/2177 46/731/2177
f 662/799/2090 439/1775/2090 451/1772/2090
f 661/797/2093 433/1771/2093 439/1775/2093
f 634/769/2178 586/768/2178 583/778/2178
f 659/798/2179 425/1687/2179 433/1771/2179
f 463/757/2180 538/765/2180 589/1777/2180
f 583/778/2181 563/1781/2181 646/1778/2181
f 656/467/2098 415/1689/2098 425/1687/2098
f 539/1779/206 568/779/206 586/768/206
f 563/1781/2182 579/1780/2182 645/800/2182
f 654/1782/2183 411/1769/2183 415/1689/2183
f 630/1783/2184 568/779/2184 539/1779/2184
f 645/800/2185 579/1780/2185 576/782/2185
f 653/795/2186 402/1784/2186 411/1769/2186
f 628/450/2187 566/780/2187 568/779/2187
f 651/793/2188 394/1770/2188 402/1784/2188
f 555/777/2189 574/776/2189 640/1785/2189
f 626/788/2190 563/1781/2190 566/780/2190
f 608/791/206 628/450/206 630/1783/206
f 637/804/206 635/796/206 654/1782/206
f 646/1778/206 645/800/206 662/799/206
f 666/1773/2191 451/1772/2191 456/1788/2191
f 598/787/2192 519/760/2192 514/766/2192
f 612/784/2193 539/1779/2193 543/773/2193
f 602/1787/2194 484/762/2194 519/760/2194
f 668/801/2195 456/1788/2195 394/1770/2195
f 603/789/2196 524/1774/2196 484/762/2196
f 615/783/2197 543/773/2197 548/775/2197
f 605/792/2198 527/764/2198 524/1774/2198
f 616/785/2199 548/775/2199 552/774/2199
f 619/455/2200 552/774/2200 555/777/2200
f 608/791/2201 532/763/2201 527/764/2201
f 635/796/2202 572/772/2202 570/770/2202
f 623/1786/2203 559/802/2203 560/551/2203
f 637/804/2204 552/774/2204 572/772/2204
f 624/790/2205 560/551/2205 563/1781/2205
f 276/805/2206 1389/807/2206 1388/1789/2206
f 284/1791/2207 288/1794/2207 1386/1792/2207
f 302/818/2208 1383/817/2208 1381/815/2208
f 1380/821/2209 1382/819/2209 306/816/2209
f 312/1796/2210 272/9/2210 1388/1797/2210
f 272/1798/206 18/1808/206 35/1799/206
f 35/1799/206 67/838/206 278/1801/206
f 284/824/206 116/823/206 166/833/206
f 166/833/206 177/835/206 290/1803/206
f 298/1804/206 292/1805/206 216/837/206
f 387/849/2211 257/829/2211 247/826/2211
f 332/855/206 326/857/206 315/1821/206
f 326/857/206 320/874/206 315/1821/206
f 315/1821/206 349/1823/206 344/1816/206
f 332/855/206 315/1821/206 344/1816/206
f 344/1816/206 342/1810/206 332/855/206
f 391/1811/2212 266/1806/2212 257/829/2212
f 356/1812/2213 358/842/2213 35/1799/2213
f 391/1811/2214 356/1812/2214 18/1808/2214
f 362/841/2215 67/838/2215 35/1799/2215
f 380/847/2216 224/828/2216 216/837/2216
f 385/1809/2217 247/826/2217 224/828/2217
f 396/1813/206 399/840/206 358/842/206
f 429/848/206 431/1814/206 391/1811/206
f 356/1812/206 391/1811/206 431/1814/206
f 551/1815/2218 342/1810/2218 344/1816/2218
f 406/851/2219 362/841/2219 485/1817/2219
f 549/1818/2220 337/853/2220 342/1810/2220
f 485/1817/2221 362/841/2221 399/840/2221
f 521/893/2222 461/869/2222 478/867/2222
f 482/876/2223 399/840/2223 396/1813/2223
f 536/899/2224 478/867/2224 476/864/2224
f 435/870/206 461/869/206 464/903/206
f 452/863/206 448/859/206 470/858/206
f 474/871/206 476/864/206 457/866/206
f 533/872/2225 474/871/2225 471/861/2225
f 518/890/2226 460/868/2226 435/870/2226
f 516/888/2227 459/865/2227 460/868/2227
f 529/1819/2228 471/861/2228 470/858/2228
f 315/1821/2229 320/874/2229 541/1820/2229
f 528/894/2230 470/858/2230 446/860/2230
f 515/885/2231 457/866/2231 459/865/2231
f 511/881/206 512/1822/206 495/902/206
f 541/1820/206 542/873/206 523/904/206
f 526/895/206 523/904/206 542/873/206
f 528/894/206 547/854/206 549/1818/206
f 556/898/206 540/891/206 521/893/206
f 553/896/2232 344/1816/2232 349/1823/2232
f 556/898/2233 349/1823/2233 315/1821/2233
f 446/860/2234 448/859/2234 508/883/2234
f 501/889/2235 431/1814/2235 429/848/2235
f 481/877/2236 396/1813/2236 431/1814/2236
f 511/881/2237 452/863/2237 453/862/2237
f 526/895/2238 446/860/2238 466/905/2238
f 512/1822/2239 453/862/2239 457/866/2239
f 234/391/2240 1396/906/2240 1395/1824/2240
f 1399/908/2241 241/907/2241 244/1825/2241
f 1391/1826/2242 1390/1828/2242 268/1662/2242
f 95/930/2243 64/924/2243 299/943/2243
f 234/922/206 238/1838/206 15/940/206
f 114/932/206 146/926/206 263/928/206
f 173/929/206 188/1836/206 267/742/206
f 268/744/206 267/742/206 188/1836/206
f 268/744/206 207/933/206 220/935/206
f 220/935/206 15/940/206 238/1838/206
f 275/976/206 271/978/206 279/962/206
f 271/978/206 291/981/206 279/962/206
f 291/981/206 289/1849/206 286/950/206
f 289/1849/206 287/2047/206 286/950/206
f 286/950/206 282/952/206 280/954/206
f 291/981/206 286/950/206 280/954/206
f 207/933/2244 188/1836/2244 309/947/2244
f 293/937/2245 24/920/2245 15/940/2245
f 173/929/2246 146/926/2246 305/1839/2246
f 64/924/2247 39/923/2247 296/942/2247
f 309/947/2248 188/1836/2248 173/929/2248
f 333/958/206 314/960/206 293/937/206
f 304/936/206 301/931/206 321/944/206
f 323/844/206 325/1001/206 305/1839/206
f 313/939/206 311/934/206 331/949/206
f 286/950/2249 287/2047/2249 447/1773/2249
f 381/1840/2250 319/945/2250 318/941/2250
f 318/941/2251 314/960/2251 377/1841/2251
f 343/442/206 341/969/206 361/1842/206
f 345/972/206 343/442/206 363/1843/206
f 437/998/2252 275/976/2252 279/962/2252
f 427/1846/2253 368/963/2253 347/971/2253
f 410/450/2254 350/780/2254 353/974/2254
f 366/973/2255 363/1843/2255 421/1847/2255
f 421/1847/2256 363/1843/2256 361/1842/2256
f 409/990/2257 348/1845/2257 350/780/2257
f 395/994/206 398/984/206 377/1841/206
f 401/982/206 403/1848/206 381/1840/206
f 383/986/206 381/1840/206 403/1848/206
f 392/993/206 410/450/206 412/979/206
f 421/1847/206 420/999/206 440/1844/206
f 427/1846/206 445/951/206 447/1773/206
f 321/944/2258 319/945/2258 381/1840/2258
f 447/1773/2259 287/2047/2259 289/1849/2259
f 449/1000/2260 289/1849/2260 291/981/2260
f 401/982/2261 339/970/2261 341/969/2261
f 403/1848/2262 341/969/2262 343/442/2262
f 331/949/2263 309/947/2263 390/991/2263
f 414/996/2112 354/965/2112 374/957/2112
f 343/442/2264 345/972/2264 405/985/2264
f 359/967/2265 354/965/2265 414/996/2265
f 407/989/2266 347/971/2266 348/1845/2266
f 420/999/2267 361/1842/2267 341/969/2267
f 185/1850/2268 1403/1856/2268 1417/1851/2268
f 201/1853/2269 206/1857/2269 1404/1854/2269
f 206/1857/2270 212/1861/2270 1416/1858/2270
f 1413/1008/2271 218/1007/2271 221/1859/2271
f 1410/1860/2272 221/1859/2272 223/1862/2272
f 1412/1863/2273 1409/1011/2273 226/1010/2273
f 185/1020/391 178/1037/391 8/1036/391
f 191/1019/391 30/1013/391 42/1015/391
f 195/1865/391 42/1015/391 50/1023/391
f 70/1024/391 81/1045/391 212/1028/391
f 221/1031/391 218/1027/391 110/1038/391
f 242/1042/2274 50/1023/2274 42/1015/2274
f 252/1050/391 251/1048/391 249/1044/391
f 249/1044/391 246/1043/391 252/1050/391
f 246/1043/391 242/1042/391 255/1041/391
f 254/1039/391 246/1043/391 255/1041/391
f 242/1042/391 240/1014/391 256/1867/391
f 240/1014/391 239/1049/391 256/1867/391
f 239/1049/391 235/1046/391 262/1866/391
f 262/1866/391 259/1868/391 239/1049/391
f 259/1868/391 256/1867/391 239/1049/391
f 256/1867/391 255/1041/391 242/1042/391
f 262/1866/2275 235/1046/2275 8/1036/2275
f 128/1869/2276 1418/1876/2276 1431/1870/2276
f 142/1872/2277 1423/1878/2277 1422/1873/2277
f 142/1872/2278 149/1879/2278 1421/1877/2278
f 149/1879/2279 152/1881/2279 1419/1880/2279
f 152/1881/2280 158/1053/2280 1432/1882/2280
f 169/1862/2281 1426/1059/2281 1425/1056/2281
f 1430/1065/2282 1428/1884/2282 171/1883/2282
f 142/1070/391 33/1062/391 40/1073/391
f 49/1071/391 55/1091/391 158/1076/391
f 168/1078/391 163/1075/391 68/1085/391
f 169/1030/391 75/1077/391 88/1081/391
f 171/1083/391 108/1082/391 5/1088/391
f 211/1887/391 208/1888/391 183/1094/391
f 208/1888/391 205/1084/391 186/1061/391
f 205/1084/391 203/1086/391 189/1087/391
f 203/1086/391 200/1093/391 194/1090/391
f 205/1084/391 189/1087/391 186/1061/391
f 200/1093/391 198/1092/391 194/1090/391
f 194/1090/391 189/1087/391 203/1086/391
f 186/1061/391 183/1094/391 208/1888/391
f 183/1094/391 180/1886/391 211/1887/391
f 194/1090/2283 49/1071/2283 40/1073/2283
f 211/1887/2284 108/1082/2284 99/1079/2284
f 180/1886/2285 183/1094/2285 26/1060/2285
f 211/1887/2286 214/1089/2286 5/1088/2286
f 77/1889/2287 1433/1895/2287 1446/1890/2287
f 85/1892/2288 89/1896/2288 1434/1893/2288
f 89/1896/2289 93/1900/2289 1447/1897/2289
f 1443/1101/2290 101/1100/2290 103/1898/2290
f 1440/1899/2291 103/1898/2291 109/1862/2291
f 1442/1901/2292 1439/1104/2292 112/1103/2292
f 77/1903/2293 73/1125/2293 3/1124/2293
f 80/1904/391 77/1903/391 12/1132/391
f 83/1905/391 80/1904/391 22/1106/391
f 101/1120/391 93/1117/391 41/1116/391
f 109/1030/391 103/1119/391 53/1127/391
f 112/1906/391 58/1129/391 65/1123/391
f 130/1907/2294 134/1130/2294 31/1112/2294
f 130/1907/391 125/1107/391 153/1909/391
f 125/1107/391 122/1133/391 153/1909/391
f 122/1133/391 120/1908/391 155/1910/391
f 120/1908/2293 159/1911/2293 155/1910/2293
f 155/1910/391 153/1909/391 122/1133/391
f 153/1909/391 150/1128/391 130/1907/391
f 150/1128/391 148/1126/391 130/1907/391
f 148/1126/391 144/1136/391 134/1130/391
f 144/1136/391 141/1134/391 134/1130/391
f 141/1134/391 137/1131/391 134/1130/391
f 122/1133/2295 12/1132/2295 3/1124/2295
f 159/1911/2296 72/1121/2296 65/1123/2296
f 120/1908/2297 3/1124/2297 72/1121/2297
f 63/1912/2298 1451/1917/2298 1453/1149/2298
f 1448/1913/2299 1450/1919/2299 69/1914/2299
f 61/1920/206 29/1156/206 34/1921/206
f 66/1926/206 63/1922/206 34/1921/206
f 69/1927/206 66/1926/206 38/1159/206
f 82/1929/2300 29/1156/2300 25/1158/2300
f 90/1931/206 86/1160/206 84/1932/206
f 84/1932/206 82/1929/206 79/1930/206
f 79/1930/206 78/1933/206 84/1932/206
f 78/1933/206 76/1934/206 90/1931/206
f 76/1934/206 74/1163/206 90/1931/206
f 76/1934/2301 14/1153/2301 9/1150/2301
f 90/1931/2302 74/1163/2302 47/1162/2302
f 84/1932/2303 34/1921/2303 29/1156/2303
f 78/1933/2304 21/1155/2304 14/1153/2304
f 38/1159/2305 34/1921/2305 84/1932/2305
f 79/1930/2306 25/1158/2306 21/1155/2306
f 1461/1935/2307 16/1170/2307 6/1171/2307
f 1460/1173/2308 1461/1935/2308 7/1237/2308
f 106/1182/2309 105/1178/2309 92/1177/2309
f 106/1182/2310 94/1936/2310 96/1175/2310
f 111/1189/2311 119/1183/2311 98/1176/2311
f 104/1179/2312 105/1178/2312 127/1190/2312
f 131/1188/2313 140/1194/2313 139/1193/2313
f 126/1191/2314 127/1190/2314 147/1938/2314
f 140/1194/2315 160/1201/2315 157/1939/2315
f 156/1198/2316 157/1939/2316 174/1206/2316
f 209/1225/2317 202/1222/2317 219/1233/2317
f 210/1224/2318 187/1216/2318 230/1167/2318
f 215/1228/2319 209/1225/2319 225/1940/2319
f 225/1940/2320 219/1233/2320 237/1232/2320
f 1467/1246/2321 1469/1279/2321 1471/1281/2321
f 1480/1266/2322 1470/1249/2322 1472/1248/2322
f 1476/1256/2323 1463/1241/2323 1465/1244/2323
f 1479/1263/2324 1478/1253/2324 1467/1246/2324
f 1490/1268/2325 1486/1254/2325 1478/1253/2325
f 1493/1275/2326 1482/1252/2326 1487/1259/2326
f 1473/1247/2327 1471/1281/2327 1503/1286/2327
f 1500/1287/2328 1466/1243/2328 1464/1240/2328
f 1508/1301/2329 1509/1292/2329 1499/1945/2329
f 1500/1287/2330 1499/1945/2330 1509/1292/2330
f 1521/1303/2331 1517/1302/2331 1513/1297/2331
f 1516/1946/2332 1518/1293/2332 1508/1301/2332
f 1512/1296/2333 1511/1290/2333 1520/1947/2333
f 1516/1949/2334 1522/2048/2334 1521/2049/2334
f 1521/2049/2335 1520/1950/2335 1516/1949/2335
f 1520/1950/2336 1519/2050/2336 1518/1951/2336
f 1525/1306/1633 1523/1963/1633 1524/1952/1633
f 1529/1305/546 1525/1306/546 1526/1953/546
f 1528/1954/1634 1527/1955/1634 1529/1305/1634
f 1524/22/1635 1523/2011/1635 1527/1955/1635
f 1525/1956/1636 1529/1305/1636 1527/1955/1636
f 1530/55/1637 1526/292/1637 1524/1958/1637
f 1533/1306/2337 1531/1963/2337 1532/1952/2337
f 1537/1305/546 1533/1306/546 1534/1953/546
f 1536/1954/1639 1535/1955/1639 1537/1305/1639
f 1532/22/1635 1531/2011/1635 1535/1955/1635
f 1533/1956/1636 1537/1305/1636 1535/1955/1636
f 1538/55/1637 1534/292/1637 1532/1958/1637
f 1541/1306/2338 1539/1963/2338 1540/1952/2338
f 1543/1955/2339 1545/1305/2339 1542/1959/2339
f 1540/22/1635 1539/2011/1635 1543/1955/1635
f 1541/1956/1636 1545/1305/1636 1543/1955/1636
f 1548/1306/2338 1546/1963/2338 1547/1952/2338
f 1550/1955/2339 1552/1305/2339 1549/1960/2339
f 897/14/2340 909/11/2340 643/10/2340
f 1547/22/1635 1546/2011/1635 1550/1955/1635
f 1550/1955/1636 1546/1957/1636 1548/1956/1636
f 1555/1306/2338 1553/1963/2338 1554/1952/2338
f 1557/1955/2339 1559/1305/2339 1556/1961/2339
f 1554/22/1635 1553/2011/1635 1557/1955/1635
f 1555/1956/1636 1559/1305/1636 1557/1955/1636
f 1562/1306/2338 1560/1963/2338 1561/1952/2338
f 1564/1955/2339 1566/1305/2339 1563/1962/2339
f 1561/22/1635 1560/2011/1635 1564/1955/1635
f 1562/1956/1636 1566/1305/1636 1564/1955/1636
f 1569/1306/2338 1567/1963/2338 1568/1952/2338
f 1571/1955/2339 1573/1305/2339 1570/1959/2339
f 1568/22/1635 1567/2011/1635 1571/1955/1635
f 1569/1956/1636 1573/1305/1636 1571/1955/1636
f 1576/1306/2338 1574/1963/2338 1575/1952/2338
f 1578/1955/2339 1580/1305/2339 1577/1960/2339
f 1575/22/1635 1574/2011/1635 1578/1955/1635
f 1578/1955/1636 1574/1957/1636 1576/1956/1636
f 1583/1306/2338 1581/1963/2338 1582/1952/2338
f 1585/1955/2339 1587/1305/2339 1584/1961/2339
f 1582/22/1635 1581/2011/1635 1585/1955/1635
f 1583/1956/1636 1587/1305/1636 1585/1955/1636
f 1588/1963/2341 1589/1952/2341 1591/1953/2341
f 1594/1305/546 1590/1306/546 1591/1953/546
f 1594/1305/1647 1595/55/1647 1593/1954/1647
f 1589/22/1635 1588/2011/1635 1592/1955/1635
f 1592/1955/1636 1588/1957/1636 1590/1956/1636
f 1595/55/1637 1591/292/1637 1589/1958/1637
f 1597/1311/2342 1603/79/2342 1596/29/2342
f 1602/1319/2343 1600/1316/2343 1621/1964/2343
f 1600/1316/2344 1602/1319/2344 1610/1324/2344
f 1599/1312/2345 1605/1314/2345 1608/1325/2345
f 1613/1326/2346 1612/1330/2346 1607/1322/2346
f 1624/1340/2347 1619/1309/2347 1618/1339/2347
f 1629/1344/2348 1622/1965/2348 1621/1964/2348
f 1635/1349/2349 1627/1334/2349 1626/1337/2349
f 1638/1353/2350 1632/1352/2350 1631/1966/2350
f 1631/1347/2351 1637/1345/2351 1644/1355/2351
f 1643/1969/2352 1639/2051/2352 1642/1970/2352
f 1654/1972/2353 1645/2052/2353 1647/1973/2353
f 1653/1361/2354 1652/1360/2354 1645/1974/2354
f 1652/1979/591 1651/2053/591 1647/1977/591
f 1651/2053/591 1649/2054/591 1647/1977/591
f 1653/1982/1699 1654/2055/1699 1646/2056/1699
f 1646/2056/1699 1648/1980/1699 1653/1982/1699
f 1664/1983/2355 1662/1368/2355 1663/1984/2355
f 1659/1989/591 1658/2057/591 1663/1987/591
f 1658/2057/591 1655/2058/591 1663/1987/591
f 1662/1992/1699 1664/2059/1699 1656/1990/1699
f 1656/1990/1699 1657/2060/1699 1660/1991/1699
f 1671/1994/1699 1665/2061/1699 1667/1995/1699
f 1678/1369/591 1676/2062/591 1674/1370/591
f 1679/1994/1699 1673/2061/1699 1675/1995/1699
f 1745/1389/2356 1686/1388/2356 1688/1390/2356
f 1691/1402/2357 1683/1401/2357 1685/1448/2357
f 1701/1412/2358 1695/1399/2358 1690/1398/2358
f 1704/1418/2359 1703/2001/2359 1693/1409/2359
f 1707/1415/2360 1696/1403/2360 1691/1402/2360
f 1705/1417/2361 1699/1408/2361 1700/1413/2361
f 1704/2002/2362 1706/2063/2362 1707/2003/2362
f 1712/1425/2363 1682/1396/2363 1689/1393/2363
f 1727/2005/2364 1730/2064/2364 1729/2006/2364
f 1681/103/2365 1690/1398/2365 1757/1453/2365
f 1685/1448/2366 1683/1401/2366 1751/1458/2366
f 1757/1453/2367 1756/1455/2367 1740/2009/2367
f 1750/1397/2368 1742/1451/2368 1741/2010/2368
f 1749/1395/2369 1741/2010/2369 1740/2009/2369
f 1748/1394/2370 1740/2009/2370 1739/1454/2370
f 1744/1387/2371 1736/1459/2371 1735/1460/2371
f 1690/1398/2372 1734/1400/2372 1756/1455/2372
f 1760/1306/1782 1758/1963/1782 1759/1952/1782
f 1765/55/546 1764/1305/546 1760/1306/546
f 1763/1954/1783 1762/1955/1783 1764/1305/1783
f 1758/2011/1635 1762/1955/1635 1763/1954/1635
f 1760/1956/1784 1764/1305/1784 1762/1955/1784
f 1765/55/1785 1761/292/1785 1759/1958/1785
f 1768/1306/1782 1766/1963/1782 1767/1952/1782
f 1773/55/546 1772/1305/546 1768/1306/546
f 1771/1954/1783 1770/1955/1783 1772/1305/1783
f 1766/2011/1635 1770/1955/1635 1771/1954/1635
f 1768/1956/1784 1772/1305/1784 1770/1955/1784
f 1773/55/1785 1769/292/1785 1767/1958/1785
f 1774/1963/1782 1775/1952/1782 1777/1953/1782
f 1781/55/546 1780/1305/546 1776/1306/546
f 1780/1305/1783 1781/55/1783 1779/1954/1783
f 1774/2011/1635 1778/1955/1635 1779/1954/1635
f 1776/1956/1784 1780/1305/1784 1778/1955/1784
f 1781/55/1785 1777/292/1785 1775/1958/1785
