# Blender 5.1.0
# www.blender.org
mtllib SoundDesignText.mtl
o Text.003
v 4.884070 0.051487 0.060000
v 4.889560 0.034513 0.060000
v 4.894310 0.028916 0.060000
v 4.900809 0.024830 0.060000
v 4.909081 0.021894 0.060000
v 4.944780 0.016393 0.060000
v 4.944780 -0.000000 0.060000
v 4.773943 -0.000000 0.060000
v 4.773943 0.016393 0.060000
v 4.816700 0.024319 0.060000
v 4.823256 0.027918 0.060000
v 4.828300 0.032787 0.060000
v 4.832560 0.041981 0.060000
v 4.835780 0.059665 0.060000
v 4.835216 0.326332 0.060000
v 4.833289 0.335122 0.060000
v 4.830283 0.341683 0.060000
v 4.828300 0.344262 0.060000
v 4.826459 0.345884 0.060000
v 4.821938 0.348563 0.060000
v 4.815978 0.350631 0.060000
v 4.778257 0.355479 0.060000
v 4.778257 0.371872 0.060000
v 4.874030 0.391717 0.060000
v 4.886109 0.384815 0.060000
v 4.882658 0.333046 0.060000
v 4.924361 0.365705 0.060000
v 4.971815 0.388394 0.060000
v 5.030199 0.396894 0.060000
v 5.072033 0.392216 0.060000
v 5.105455 0.378455 0.060000
v 5.119123 0.368296 0.060000
v 5.140601 0.341673 0.060000
v 5.154565 0.306986 0.060000
v 5.166213 0.043666 0.060000
v 5.169974 0.034513 0.060000
v 5.174724 0.028916 0.060000
v 5.181223 0.024830 0.060000
v 5.189496 0.021894 0.060000
v 5.225194 0.016393 0.060000
v 5.225194 -0.000000 0.060000
v 5.054358 -0.000000 0.060000
v 5.054358 0.016393 0.060000
v 5.097115 0.024319 0.060000
v 5.103670 0.027918 0.060000
v 5.108715 0.032787 0.060000
v 5.112974 0.041981 0.060000
v 5.114895 0.049948 0.060000
v 5.116424 0.254469 0.060000
v 5.109349 0.293774 0.060000
v 5.095910 0.322402 0.060000
v 5.087037 0.333154 0.060000
v 5.065446 0.348417 0.060000
v 5.039350 0.356537 0.060000
v 5.009491 0.358930 0.060000
v 4.958169 0.352315 0.060000
v 4.915860 0.334771 0.060000
v 4.881795 0.309750 0.060000
v 4.714409 0.345125 0.060000
v 4.631579 0.345125 0.060000
v 4.650497 0.320327 0.060000
v 4.662129 0.292270 0.060000
v 4.666092 0.260569 0.060000
v 4.660280 0.222246 0.060000
v 4.644042 0.188956 0.060000
v 4.619176 0.161562 0.060000
v 4.587480 0.140926 0.060000
v 4.550751 0.127912 0.060000
v 4.510786 0.123382 0.060000
v 4.452114 0.132010 0.060000
v 4.419448 0.096940 0.060000
v 4.413530 0.086632 0.060000
v 4.410273 0.076108 0.060000
v 4.410158 0.066090 0.060000
v 4.411115 0.062007 0.060000
v 4.412694 0.058469 0.060000
v 4.414886 0.055444 0.060000
v 4.417675 0.052898 0.060000
v 4.421053 0.050798 0.060000
v 4.429521 0.047806 0.060000
v 4.612017 0.039029 0.060000
v 4.645940 0.027292 0.060000
v 4.671917 0.009935 0.060000
v 4.689590 -0.012875 0.060000
v 4.695199 -0.026272 0.060000
v 4.699741 -0.056946 0.060000
v 4.697944 -0.076960 0.060000
v 4.692695 -0.095549 0.060000
v 4.684211 -0.112651 0.060000
v 4.672707 -0.128208 0.060000
v 4.641501 -0.154444 0.060000
v 4.600805 -0.173777 0.060000
v 4.552344 -0.185728 0.060000
v 4.453688 -0.187170 0.060000
v 4.379854 -0.166199 0.060000
v 4.353530 -0.148020 0.060000
v 4.343750 -0.137039 0.060000
v 4.336505 -0.124808 0.060000
v 4.332005 -0.111337 0.060000
v 4.330458 -0.096635 0.060000
v 4.333514 -0.075133 0.060000
v 4.342249 -0.055476 0.060000
v 4.356018 -0.037640 0.060000
v 4.374173 -0.021602 0.060000
v 4.421053 0.005177 0.060000
v 4.404207 0.009175 0.060000
v 4.390694 0.015019 0.060000
v 4.380393 0.022541 0.060000
v 4.373182 0.031573 0.060000
v 4.370699 0.036602 0.060000
v 4.367902 0.047584 0.060000
v 4.367957 0.060103 0.060000
v 4.369168 0.066600 0.060000
v 4.374109 0.079539 0.060000
v 4.382550 0.092860 0.060000
v 4.430544 0.140638 0.060000
v 4.419047 0.146673 0.060000
v 4.398390 0.161198 0.060000
v 4.381149 0.178778 0.060000
v 4.362478 0.210303 0.060000
v 4.355347 0.234370 0.060000
v 4.354416 0.280108 0.060000
v 4.365914 0.315722 0.060000
v 4.387119 0.345979 0.060000
v 4.416161 0.369993 0.060000
v 4.451170 0.386877 0.060000
v 4.490279 0.395744 0.060000
v 4.530682 0.395903 0.060000
v 4.567839 0.388266 0.060000
v 4.615186 0.364107 0.060000
v 4.710958 0.387403 0.060000
v 4.721312 0.378775 0.060000
v 4.618577 0.272520 0.060000
v 4.611411 0.302618 0.060000
v 4.597630 0.328653 0.060000
v 4.577809 0.349643 0.060000
v 4.552524 0.364606 0.060000
v 4.522349 0.372558 0.060000
v 4.490289 0.372744 0.060000
v 4.462455 0.366075 0.060000
v 4.438898 0.353151 0.060000
v 4.420267 0.334403 0.060000
v 4.407208 0.310262 0.060000
v 4.400368 0.281160 0.060000
v 4.400322 0.248964 0.060000
v 4.406964 0.219114 0.060000
v 4.420042 0.192895 0.060000
v 4.439338 0.171482 0.060000
v 4.464639 0.156048 0.060000
v 4.495727 0.147768 0.060000
v 4.528331 0.147582 0.060000
v 4.555800 0.154578 0.060000
v 4.579350 0.167974 0.060000
v 4.598191 0.187145 0.060000
v 4.611532 0.211470 0.060000
v 4.618581 0.240324 0.060000
v 4.552823 -0.162073 0.060000
v 4.584795 -0.153932 0.060000
v 4.612165 -0.140423 0.060000
v 4.633496 -0.121593 0.060000
v 4.647349 -0.097490 0.060000
v 4.651022 -0.083476 0.060000
v 4.651492 -0.056076 0.060000
v 4.649095 -0.045246 0.060000
v 4.645074 -0.035631 0.060000
v 4.639408 -0.027195 0.060000
v 4.632077 -0.019896 0.060000
v 4.612333 -0.008559 0.060000
v 4.585675 -0.001308 0.060000
v 4.450388 0.002588 0.060000
v 4.400884 -0.033542 0.060000
v 4.389991 -0.047966 0.060000
v 4.382981 -0.064020 0.060000
v 4.380501 -0.081967 0.060000
v 4.381734 -0.095197 0.060000
v 4.385330 -0.107276 0.060000
v 4.391138 -0.118205 0.060000
v 4.399003 -0.127984 0.060000
v 4.420298 -0.144090 0.060000
v 4.447991 -0.155594 0.060000
v 4.480862 -0.162496 0.060000
v 4.132363 0.527297 0.060000
v 4.135044 0.537168 0.060000
v 4.140062 0.545782 0.060000
v 4.147057 0.552777 0.060000
v 4.155671 0.557795 0.060000
v 4.165542 0.560476 0.060000
v 4.176133 0.560476 0.060000
v 4.186005 0.557795 0.060000
v 4.194618 0.552777 0.060000
v 4.201613 0.545782 0.060000
v 4.206631 0.537168 0.060000
v 4.209312 0.527297 0.060000
v 4.209311 0.516707 0.060000
v 4.206630 0.506835 0.060000
v 4.201612 0.498222 0.060000
v 4.194617 0.491227 0.060000
v 4.186004 0.486208 0.060000
v 4.176133 0.483527 0.060000
v 4.165542 0.483527 0.060000
v 4.155670 0.486208 0.060000
v 4.147057 0.491227 0.060000
v 4.140061 0.498222 0.060000
v 4.135044 0.506835 0.060000
v 4.132362 0.516707 0.060000
v 4.206762 0.051487 0.060000
v 4.212252 0.034513 0.060000
v 4.217001 0.028916 0.060000
v 4.223501 0.024830 0.060000
v 4.231773 0.021894 0.060000
v 4.267472 0.016393 0.060000
v 4.267472 -0.000000 0.060000
v 4.096635 -0.000000 0.060000
v 4.096635 0.016393 0.060000
v 4.139392 0.024319 0.060000
v 4.145947 0.027918 0.060000
v 4.150992 0.032787 0.060000
v 4.155252 0.041981 0.060000
v 4.158472 0.059665 0.060000
v 4.157908 0.326332 0.060000
v 4.155981 0.335122 0.060000
v 4.152975 0.341683 0.060000
v 4.150992 0.344262 0.060000
v 4.149151 0.345884 0.060000
v 4.144629 0.348563 0.060000
v 4.138669 0.350631 0.060000
v 4.100949 0.355479 0.060000
v 4.100949 0.371872 0.060000
v 4.196722 0.391717 0.060000
v 4.208801 0.384815 0.060000
v 3.741493 0.307235 0.060000
v 3.745003 0.321198 0.060000
v 3.758413 0.346403 0.060000
v 3.779444 0.367343 0.060000
v 3.807018 0.383249 0.060000
v 3.840056 0.393355 0.060000
v 3.877481 0.396894 0.060000
v 3.957435 0.385006 0.060000
v 3.993961 0.368421 0.060000
v 3.978430 0.270060 0.060000
v 3.962899 0.270060 0.060000
v 3.943055 0.358067 0.060000
v 3.917298 0.367622 0.060000
v 3.855011 0.372119 0.060000
v 3.830983 0.367410 0.060000
v 3.811809 0.358567 0.060000
v 3.797463 0.346189 0.060000
v 3.787924 0.330875 0.060000
v 3.783165 0.313225 0.060000
v 3.783233 0.294170 0.060000
v 3.788476 0.277152 0.060000
v 3.798824 0.262362 0.060000
v 3.814133 0.249178 0.060000
v 3.948810 0.181446 0.060000
v 3.971937 0.162421 0.060000
v 3.988797 0.139560 0.060000
v 3.994420 0.126362 0.060000
v 3.999137 0.095772 0.060000
v 3.997699 0.079762 0.060000
v 3.993532 0.064971 0.060000
v 3.977886 0.039178 0.060000
v 3.953947 0.018658 0.060000
v 3.923465 0.003675 0.060000
v 3.849871 -0.008628 0.060000
v 3.767041 0.003515 0.060000
v 3.728214 0.020708 0.060000
v 3.744608 0.123382 0.060000
v 3.760138 0.123382 0.060000
v 3.783434 0.028473 0.060000
v 3.808296 0.020899 0.060000
v 3.859362 0.015531 0.060000
v 3.886892 0.017843 0.060000
v 3.910491 0.024542 0.060000
v 3.929681 0.035267 0.060000
v 3.943981 0.049660 0.060000
v 3.949148 0.058119 0.060000
v 3.955216 0.077337 0.060000
v 3.955264 0.098670 0.060000
v 3.949485 0.117059 0.060000
v 3.944493 0.125044 0.060000
v 3.930436 0.139236 0.060000
v 3.785238 0.213866 0.060000
v 3.764248 0.231597 0.060000
v 3.749286 0.252588 0.060000
v 3.741333 0.277894 0.060000
v 3.434562 -0.002173 0.060000
v 3.392516 0.016266 0.060000
v 3.374722 0.029544 0.060000
v 3.345834 0.063352 0.060000
v 3.326197 0.105668 0.060000
v 3.316195 0.155102 0.060000
v 3.316369 0.211837 0.060000
v 3.327640 0.266946 0.060000
v 3.349517 0.314614 0.060000
v 3.381304 0.353042 0.060000
v 3.422307 0.380433 0.060000
v 3.446047 0.389428 0.060000
v 3.499569 0.396894 0.060000
v 3.542642 0.391917 0.060000
v 3.577830 0.377497 0.060000
v 3.592474 0.366985 0.060000
v 3.615879 0.339838 0.060000
v 3.631458 0.305166 0.060000
v 3.640207 0.209664 0.060000
v 3.360656 0.209664 0.060000
v 3.369702 0.130891 0.060000
v 3.385759 0.092973 0.060000
v 3.409809 0.062927 0.060000
v 3.441828 0.041833 0.060000
v 3.481792 0.030769 0.060000
v 3.531809 0.031241 0.060000
v 3.556163 0.036526 0.060000
v 3.597418 0.054645 0.060000
v 3.629854 0.078516 0.060000
v 3.641933 0.065574 0.060000
v 3.599879 0.027930 0.060000
v 3.548238 0.001406 0.060000
v 3.484901 -0.008628 0.060000
v 3.593616 0.234685 0.060000
v 3.583965 0.303295 0.060000
v 3.570751 0.331644 0.060000
v 3.561711 0.343627 0.060000
v 3.550922 0.353881 0.060000
v 3.538288 0.362206 0.060000
v 3.507098 0.372265 0.060000
v 3.471159 0.372493 0.060000
v 3.439913 0.363824 0.060000
v 3.425974 0.356374 0.060000
v 3.401747 0.335526 0.060000
v 3.382770 0.307129 0.060000
v 3.369496 0.271638 0.060000
v 3.362382 0.229508 0.060000
v 2.968732 0.584739 0.060000
v 3.053198 0.569025 0.060000
v 3.121630 0.537780 0.060000
v 3.173596 0.491196 0.060000
v 3.193270 0.462212 0.060000
v 3.219730 0.392979 0.060000
v 3.228646 0.308887 0.060000
v 3.218567 0.222194 0.060000
v 3.189148 0.147126 0.060000
v 3.141609 0.085526 0.060000
v 3.111427 0.060354 0.060000
v 3.039002 0.022420 0.060000
v 2.951513 0.002568 0.060000
v 2.690250 -0.000000 0.060000
v 2.690250 0.018119 0.060000
v 2.736254 0.027895 0.060000
v 2.744365 0.032558 0.060000
v 2.747731 0.035395 0.060000
v 2.753236 0.042278 0.060000
v 2.755218 0.046182 0.060000
v 2.760151 0.066954 0.060000
v 2.759923 0.518443 0.060000
v 2.754075 0.542146 0.060000
v 2.751714 0.546566 0.060000
v 2.746367 0.553319 0.060000
v 2.743437 0.555827 0.060000
v 2.736395 0.559934 0.060000
v 2.727675 0.562985 0.060000
v 2.690250 0.567731 0.060000
v 2.690250 0.586713 0.060000
v 2.947215 0.026424 0.060000
v 3.018402 0.043896 0.060000
v 3.077977 0.077186 0.060000
v 3.124622 0.124569 0.060000
v 3.157018 0.184318 0.060000
v 3.173848 0.254710 0.060000
v 3.174159 0.336699 0.060000
v 3.159256 0.411723 0.060000
v 3.129291 0.471361 0.060000
v 3.084094 0.515804 0.060000
v 3.023498 0.545244 0.060000
v 2.947336 0.559872 0.060000
v 2.811044 0.561691 0.060000
v 2.811044 0.024159 0.060000
v 2.366376 0.051545 0.060000
v 2.369770 0.042551 0.060000
v 2.374353 0.035699 0.060000
v 2.380284 0.030698 0.060000
v 2.387722 0.027258 0.060000
v 2.396827 0.025089 0.060000
v 2.435720 0.023296 0.060000
v 2.435720 0.006902 0.060000
v 2.316652 -0.008628 0.060000
v 2.316652 0.064711 0.060000
v 2.282268 0.032883 0.060000
v 2.233694 0.004506 0.060000
v 2.187377 -0.006900 0.060000
v 2.147032 -0.006192 0.060000
v 2.106072 0.005905 0.060000
v 2.072159 0.028859 0.060000
v 2.045867 0.061377 0.060000
v 2.027772 0.102162 0.060000
v 2.018449 0.149923 0.060000
v 2.018806 0.206641 0.060000
v 2.030940 0.263306 0.060000
v 2.054543 0.312314 0.060000
v 2.088918 0.351818 0.060000
v 2.109929 0.367430 0.060000
v 2.159161 0.389220 0.060000
v 2.217429 0.396894 0.060000
v 2.255424 0.393762 0.060000
v 2.316652 0.374461 0.060000
v 2.314939 0.555778 0.060000
v 2.313012 0.564617 0.060000
v 2.310007 0.571191 0.060000
v 2.308024 0.573771 0.060000
v 2.306183 0.575392 0.060000
v 2.301661 0.578071 0.060000
v 2.295701 0.580139 0.060000
v 2.257981 0.584987 0.060000
v 2.257981 0.601381 0.060000
v 2.353753 0.621225 0.060000
v 2.365833 0.614323 0.060000
v 2.239191 0.037389 0.060000
v 2.280222 0.056658 0.060000
v 2.316652 0.084556 0.060000
v 2.316652 0.328732 0.060000
v 2.288180 0.351868 0.060000
v 2.253380 0.367718 0.060000
v 2.233068 0.372072 0.060000
v 2.189351 0.372274 0.060000
v 2.150979 0.361802 0.060000
v 2.133991 0.352731 0.060000
v 2.104939 0.327114 0.060000
v 2.083149 0.291790 0.060000
v 2.069460 0.247072 0.060000
v 2.067819 0.151232 0.060000
v 2.077493 0.112645 0.060000
v 2.094262 0.079379 0.060000
v 2.118653 0.053303 0.060000
v 2.133871 0.043545 0.060000
v 2.170682 0.031759 0.060000
v 2.192407 0.030198 0.060000
v 1.596753 0.051487 0.060000
v 1.602243 0.034513 0.060000
v 1.606993 0.028916 0.060000
v 1.613492 0.024830 0.060000
v 1.621764 0.021894 0.060000
v 1.657463 0.016393 0.060000
v 1.657463 -0.000000 0.060000
v 1.486627 -0.000000 0.060000
v 1.486627 0.016393 0.060000
v 1.529384 0.024319 0.060000
v 1.535939 0.027918 0.060000
v 1.540984 0.032787 0.060000
v 1.545244 0.041981 0.060000
v 1.548463 0.059665 0.060000
v 1.547899 0.326332 0.060000
v 1.545972 0.335122 0.060000
v 1.542966 0.341683 0.060000
v 1.540984 0.344262 0.060000
v 1.539142 0.345884 0.060000
v 1.534620 0.348563 0.060000
v 1.528661 0.350631 0.060000
v 1.490941 0.355479 0.060000
v 1.490941 0.371872 0.060000
v 1.586713 0.391717 0.060000
v 1.598792 0.384815 0.060000
v 1.595341 0.333046 0.060000
v 1.637043 0.365705 0.060000
v 1.684498 0.388394 0.060000
v 1.742882 0.396894 0.060000
v 1.784716 0.392216 0.060000
v 1.818138 0.378455 0.060000
v 1.831807 0.368296 0.060000
v 1.853284 0.341673 0.060000
v 1.867248 0.306986 0.060000
v 1.878896 0.043666 0.060000
v 1.882658 0.034513 0.060000
v 1.887407 0.028916 0.060000
v 1.893906 0.024830 0.060000
v 1.902179 0.021894 0.060000
v 1.937878 0.016393 0.060000
v 1.937878 -0.000000 0.060000
v 1.767041 -0.000000 0.060000
v 1.767041 0.016393 0.060000
v 1.809798 0.024319 0.060000
v 1.816353 0.027918 0.060000
v 1.821398 0.032787 0.060000
v 1.825658 0.041981 0.060000
v 1.827579 0.049948 0.060000
v 1.829107 0.254469 0.060000
v 1.822031 0.293774 0.060000
v 1.808593 0.322402 0.060000
v 1.799720 0.333154 0.060000
v 1.778129 0.348417 0.060000
v 1.752033 0.356537 0.060000
v 1.722174 0.358930 0.060000
v 1.670853 0.352315 0.060000
v 1.628543 0.334771 0.060000
v 1.594478 0.309750 0.060000
v 1.347394 0.051545 0.060000
v 1.350788 0.042551 0.060000
v 1.355371 0.035699 0.060000
v 1.361302 0.030698 0.060000
v 1.368741 0.027258 0.060000
v 1.377845 0.025089 0.060000
v 1.416739 0.023296 0.060000
v 1.416739 0.006902 0.060000
v 1.298533 -0.008628 0.060000
v 1.298533 0.046592 0.060000
v 1.256607 0.018087 0.060000
v 1.211613 -0.001406 0.060000
v 1.160483 -0.008628 0.060000
v 1.117878 -0.003951 0.060000
v 1.084524 0.009810 0.060000
v 1.071106 0.019970 0.060000
v 1.050371 0.046592 0.060000
v 1.037209 0.081280 0.060000
v 1.027745 0.328165 0.060000
v 1.022135 0.346087 0.060000
v 1.017688 0.352028 0.060000
v 1.011947 0.356315 0.060000
v 1.004762 0.359218 0.060000
v 0.958585 0.362381 0.060000
v 0.958585 0.378775 0.060000
v 1.074202 0.396894 0.060000
v 1.075156 0.133796 0.060000
v 1.082480 0.094491 0.060000
v 1.096346 0.065864 0.060000
v 1.105479 0.055112 0.060000
v 1.127632 0.039849 0.060000
v 1.154292 0.031728 0.060000
v 1.184642 0.029336 0.060000
v 1.228358 0.034449 0.060000
v 1.265746 0.048381 0.060000
v 1.298533 0.069025 0.060000
v 1.293772 0.338223 0.060000
v 1.290469 0.346087 0.060000
v 1.286023 0.352028 0.060000
v 1.280281 0.356315 0.060000
v 1.273096 0.359218 0.060000
v 1.226920 0.362381 0.060000
v 1.226920 0.378775 0.060000
v 1.342537 0.396894 0.060000
v 0.525503 0.212864 0.060000
v 0.538988 0.268038 0.060000
v 0.564122 0.315519 0.060000
v 0.598986 0.353628 0.060000
v 0.641663 0.380689 0.060000
v 0.690236 0.395023 0.060000
v 0.739422 0.395329 0.060000
v 0.783852 0.383116 0.060000
v 0.823644 0.359470 0.060000
v 0.841135 0.343615 0.060000
v 0.869971 0.304349 0.060000
v 0.888837 0.255688 0.060000
v 0.893865 0.228089 0.060000
v 0.893858 0.168816 0.060000
v 0.880595 0.114768 0.060000
v 0.869524 0.090691 0.060000
v 0.839625 0.049288 0.060000
v 0.800882 0.018023 0.060000
v 0.755093 -0.001738 0.060000
v 0.704055 -0.008628 0.060000
v 0.658342 -0.003008 0.060000
v 0.615889 0.013613 0.060000
v 0.578947 0.040876 0.060000
v 0.563248 0.058385 0.060000
v 0.538800 0.100936 0.060000
v 0.525496 0.153229 0.060000
v 0.837225 0.263899 0.060000
v 0.821229 0.304499 0.060000
v 0.797731 0.336697 0.060000
v 0.767068 0.359321 0.060000
v 0.729573 0.371196 0.060000
v 0.688485 0.371412 0.060000
v 0.652624 0.360966 0.060000
v 0.622550 0.340417 0.060000
v 0.598959 0.310126 0.060000
v 0.582547 0.270451 0.060000
v 0.574008 0.221753 0.060000
v 0.581981 0.121090 0.060000
v 0.597836 0.081443 0.060000
v 0.621229 0.050208 0.060000
v 0.651896 0.028392 0.060000
v 0.689573 0.017002 0.060000
v 0.730661 0.016752 0.060000
v 0.766340 0.026505 0.060000
v 0.796410 0.045964 0.060000
v 0.820106 0.075082 0.060000
v 0.836659 0.113810 0.060000
v 0.845303 0.162102 0.060000
v 0.068162 0.169111 0.060000
v 0.088870 0.169111 0.060000
v 0.105263 0.048318 0.060000
v 0.192887 0.021411 0.060000
v 0.272277 0.022621 0.060000
v 0.309366 0.033138 0.060000
v 0.339840 0.049935 0.060000
v 0.362765 0.072412 0.060000
v 0.377205 0.099970 0.060000
v 0.380951 0.115468 0.060000
v 0.380869 0.148738 0.060000
v 0.376905 0.164090 0.060000
v 0.361806 0.191353 0.060000
v 0.338223 0.215164 0.060000
v 0.130240 0.337721 0.060000
v 0.101605 0.363674 0.060000
v 0.081239 0.393604 0.060000
v 0.070436 0.429144 0.060000
v 0.070501 0.470520 0.060000
v 0.082021 0.508709 0.060000
v 0.091874 0.525677 0.060000
v 0.119284 0.554789 0.060000
v 0.156329 0.576710 0.060000
v 0.202242 0.590531 0.060000
v 0.312083 0.590611 0.060000
v 0.417601 0.555651 0.060000
v 0.399482 0.427955 0.060000
v 0.378775 0.427955 0.060000
v 0.360656 0.541846 0.060000
v 0.280574 0.566261 0.060000
v 0.207698 0.565230 0.060000
v 0.174384 0.555492 0.060000
v 0.147972 0.539905 0.060000
v 0.128751 0.518998 0.060000
v 0.121926 0.506714 0.060000
v 0.114029 0.478814 0.060000
v 0.114162 0.447268 0.060000
v 0.122924 0.419206 0.060000
v 0.139667 0.395421 0.060000
v 0.163576 0.374549 0.060000
v 0.358330 0.265284 0.060000
v 0.390933 0.237502 0.060000
v 0.414487 0.205417 0.060000
v 0.427149 0.167472 0.060000
v 0.427032 0.123564 0.060000
v 0.413287 0.083100 0.060000
v 0.387175 0.048819 0.060000
v 0.350134 0.021680 0.060000
v 0.303602 0.002642 0.060000
v 0.249017 -0.007336 0.060000
v 0.188760 -0.007354 0.060000
v 0.103090 0.010801 0.060000
v 0.047455 0.033650 0.060000
v 4.884070 0.051487 -0.060000
v 4.889560 0.034513 -0.060000
v 4.894310 0.028916 -0.060000
v 4.900809 0.024830 -0.060000
v 4.909081 0.021894 -0.060000
v 4.944780 0.016393 -0.060000
v 4.944780 0.000000 -0.060000
v 4.773943 0.000000 -0.060000
v 4.773943 0.016393 -0.060000
v 4.816700 0.024319 -0.060000
v 4.823256 0.027918 -0.060000
v 4.828300 0.032787 -0.060000
v 4.832560 0.041981 -0.060000
v 4.835780 0.059665 -0.060000
v 4.835216 0.326332 -0.060000
v 4.833289 0.335122 -0.060000
v 4.830283 0.341683 -0.060000
v 4.828300 0.344262 -0.060000
v 4.826459 0.345884 -0.060000
v 4.821938 0.348563 -0.060000
v 4.815978 0.350631 -0.060000
v 4.778257 0.355479 -0.060000
v 4.778257 0.371872 -0.060000
v 4.874030 0.391717 -0.060000
v 4.886109 0.384815 -0.060000
v 4.882658 0.333046 -0.060000
v 4.924361 0.365705 -0.060000
v 4.971815 0.388394 -0.060000
v 5.030199 0.396894 -0.060000
v 5.072033 0.392216 -0.060000
v 5.105455 0.378455 -0.060000
v 5.119123 0.368296 -0.060000
v 5.140601 0.341673 -0.060000
v 5.154565 0.306986 -0.060000
v 5.166213 0.043666 -0.060000
v 5.169974 0.034513 -0.060000
v 5.174724 0.028916 -0.060000
v 5.181223 0.024830 -0.060000
v 5.189496 0.021894 -0.060000
v 5.225194 0.016393 -0.060000
v 5.225194 0.000000 -0.060000
v 5.054358 0.000000 -0.060000
v 5.054358 0.016393 -0.060000
v 5.097115 0.024319 -0.060000
v 5.103670 0.027918 -0.060000
v 5.108715 0.032787 -0.060000
v 5.112974 0.041981 -0.060000
v 5.114895 0.049948 -0.060000
v 5.116424 0.254469 -0.060000
v 5.109349 0.293774 -0.060000
v 5.095910 0.322402 -0.060000
v 5.087037 0.333154 -0.060000
v 5.065446 0.348417 -0.060000
v 5.039350 0.356537 -0.060000
v 5.009491 0.358930 -0.060000
v 4.958169 0.352315 -0.060000
v 4.915860 0.334771 -0.060000
v 4.881795 0.309750 -0.060000
v 4.714409 0.345125 -0.060000
v 4.631579 0.345125 -0.060000
v 4.650497 0.320327 -0.060000
v 4.662129 0.292270 -0.060000
v 4.666092 0.260569 -0.060000
v 4.660280 0.222246 -0.060000
v 4.644042 0.188956 -0.060000
v 4.619176 0.161562 -0.060000
v 4.587480 0.140926 -0.060000
v 4.550751 0.127912 -0.060000
v 4.510786 0.123382 -0.060000
v 4.452114 0.132010 -0.060000
v 4.419448 0.096940 -0.060000
v 4.413530 0.086632 -0.060000
v 4.410273 0.076108 -0.060000
v 4.410158 0.066090 -0.060000
v 4.411115 0.062007 -0.060000
v 4.412694 0.058469 -0.060000
v 4.414886 0.055444 -0.060000
v 4.417675 0.052898 -0.060000
v 4.421053 0.050798 -0.060000
v 4.429521 0.047806 -0.060000
v 4.612017 0.039029 -0.060000
v 4.645940 0.027292 -0.060000
v 4.671917 0.009935 -0.060000
v 4.689590 -0.012875 -0.060000
v 4.695199 -0.026272 -0.060000
v 4.699741 -0.056946 -0.060000
v 4.697944 -0.076960 -0.060000
v 4.692695 -0.095549 -0.060000
v 4.684211 -0.112651 -0.060000
v 4.658398 -0.142158 -0.060000
v 4.622232 -0.165003 -0.060000
v 4.600805 -0.173777 -0.060000
v 4.552344 -0.185728 -0.060000
v 4.453688 -0.187170 -0.060000
v 4.379854 -0.166199 -0.060000
v 4.353530 -0.148020 -0.060000
v 4.343750 -0.137039 -0.060000
v 4.336505 -0.124808 -0.060000
v 4.332005 -0.111337 -0.060000
v 4.330458 -0.096635 -0.060000
v 4.333514 -0.075133 -0.060000
v 4.342249 -0.055476 -0.060000
v 4.356018 -0.037640 -0.060000
v 4.374173 -0.021602 -0.060000
v 4.421053 0.005177 -0.060000
v 4.404207 0.009175 -0.060000
v 4.390694 0.015019 -0.060000
v 4.380393 0.022541 -0.060000
v 4.373182 0.031573 -0.060000
v 4.370699 0.036602 -0.060000
v 4.367902 0.047584 -0.060000
v 4.367957 0.060103 -0.060000
v 4.369168 0.066600 -0.060000
v 4.374109 0.079539 -0.060000
v 4.382550 0.092860 -0.060000
v 4.430544 0.140638 -0.060000
v 4.408314 0.153537 -0.060000
v 4.398390 0.161198 -0.060000
v 4.381149 0.178778 -0.060000
v 4.362478 0.210303 -0.060000
v 4.355347 0.234370 -0.060000
v 4.354416 0.280108 -0.060000
v 4.365914 0.315722 -0.060000
v 4.387119 0.345979 -0.060000
v 4.416161 0.369993 -0.060000
v 4.451170 0.386877 -0.060000
v 4.490279 0.395744 -0.060000
v 4.549740 0.392995 -0.060000
v 4.584859 0.381811 -0.060000
v 4.615186 0.364107 -0.060000
v 4.710958 0.387403 -0.060000
v 4.721312 0.378775 -0.060000
v 4.618577 0.272520 -0.060000
v 4.611411 0.302618 -0.060000
v 4.597630 0.328653 -0.060000
v 4.577809 0.349643 -0.060000
v 4.552524 0.364606 -0.060000
v 4.522349 0.372558 -0.060000
v 4.490289 0.372744 -0.060000
v 4.462455 0.366075 -0.060000
v 4.438898 0.353151 -0.060000
v 4.420267 0.334403 -0.060000
v 4.407208 0.310262 -0.060000
v 4.400368 0.281160 -0.060000
v 4.400322 0.248964 -0.060000
v 4.406964 0.219114 -0.060000
v 4.420042 0.192895 -0.060000
v 4.428926 0.181514 -0.060000
v 4.451252 0.162944 -0.060000
v 4.464639 0.156048 -0.060000
v 4.495727 0.147768 -0.060000
v 4.528331 0.147582 -0.060000
v 4.555800 0.154578 -0.060000
v 4.579350 0.167974 -0.060000
v 4.598191 0.187145 -0.060000
v 4.611532 0.211470 -0.060000
v 4.618581 0.240324 -0.060000
v 4.552823 -0.162073 -0.060000
v 4.584795 -0.153932 -0.060000
v 4.599145 -0.147846 -0.060000
v 4.623676 -0.131670 -0.060000
v 4.641448 -0.110197 -0.060000
v 4.647349 -0.097490 -0.060000
v 4.651022 -0.083476 -0.060000
v 4.651492 -0.056076 -0.060000
v 4.649095 -0.045246 -0.060000
v 4.645074 -0.035631 -0.060000
v 4.639408 -0.027195 -0.060000
v 4.632077 -0.019896 -0.060000
v 4.612333 -0.008559 -0.060000
v 4.585675 -0.001308 -0.060000
v 4.450388 0.002588 -0.060000
v 4.400884 -0.033542 -0.060000
v 4.389991 -0.047966 -0.060000
v 4.382981 -0.064020 -0.060000
v 4.380501 -0.081967 -0.060000
v 4.381734 -0.095197 -0.060000
v 4.385330 -0.107276 -0.060000
v 4.391138 -0.118205 -0.060000
v 4.399003 -0.127984 -0.060000
v 4.420298 -0.144090 -0.060000
v 4.447991 -0.155594 -0.060000
v 4.480862 -0.162496 -0.060000
v 4.132363 0.527297 -0.060000
v 4.135044 0.537168 -0.060000
v 4.140062 0.545782 -0.060000
v 4.147057 0.552777 -0.060000
v 4.155671 0.557795 -0.060000
v 4.165542 0.560476 -0.060000
v 4.176133 0.560476 -0.060000
v 4.186005 0.557795 -0.060000
v 4.194618 0.552777 -0.060000
v 4.201613 0.545782 -0.060000
v 4.206631 0.537168 -0.060000
v 4.209312 0.527297 -0.060000
v 4.209311 0.516707 -0.060000
v 4.206630 0.506835 -0.060000
v 4.201612 0.498222 -0.060000
v 4.194617 0.491227 -0.060000
v 4.186004 0.486208 -0.060000
v 4.176133 0.483527 -0.060000
v 4.165542 0.483527 -0.060000
v 4.155670 0.486208 -0.060000
v 4.147057 0.491227 -0.060000
v 4.140061 0.498222 -0.060000
v 4.135044 0.506835 -0.060000
v 4.132362 0.516707 -0.060000
v 4.206762 0.051487 -0.060000
v 4.212252 0.034513 -0.060000
v 4.217001 0.028916 -0.060000
v 4.223501 0.024830 -0.060000
v 4.231773 0.021894 -0.060000
v 4.267472 0.016393 -0.060000
v 4.267472 0.000000 -0.060000
v 4.096635 0.000000 -0.060000
v 4.096635 0.016393 -0.060000
v 4.139392 0.024319 -0.060000
v 4.145947 0.027918 -0.060000
v 4.150992 0.032787 -0.060000
v 4.155252 0.041981 -0.060000
v 4.158472 0.059665 -0.060000
v 4.157908 0.326332 -0.060000
v 4.155981 0.335122 -0.060000
v 4.152975 0.341683 -0.060000
v 4.150992 0.344262 -0.060000
v 4.149151 0.345884 -0.060000
v 4.144629 0.348563 -0.060000
v 4.138669 0.350631 -0.060000
v 4.100949 0.355479 -0.060000
v 4.100949 0.371872 -0.060000
v 4.196722 0.391717 -0.060000
v 4.208801 0.384815 -0.060000
v 3.741493 0.307235 -0.060000
v 3.745003 0.321198 -0.060000
v 3.758413 0.346403 -0.060000
v 3.779444 0.367343 -0.060000
v 3.807018 0.383249 -0.060000
v 3.840056 0.393355 -0.060000
v 3.877481 0.396894 -0.060000
v 3.957435 0.385006 -0.060000
v 3.993961 0.368421 -0.060000
v 3.978430 0.270060 -0.060000
v 3.962899 0.270060 -0.060000
v 3.943055 0.358067 -0.060000
v 3.917298 0.367622 -0.060000
v 3.855011 0.372119 -0.060000
v 3.830983 0.367410 -0.060000
v 3.811809 0.358567 -0.060000
v 3.797463 0.346189 -0.060000
v 3.787924 0.330875 -0.060000
v 3.783165 0.313225 -0.060000
v 3.783233 0.294170 -0.060000
v 3.788476 0.277152 -0.060000
v 3.798824 0.262362 -0.060000
v 3.814133 0.249178 -0.060000
v 3.948810 0.181446 -0.060000
v 3.971937 0.162421 -0.060000
v 3.988797 0.139560 -0.060000
v 3.994420 0.126362 -0.060000
v 3.999137 0.095772 -0.060000
v 3.997699 0.079762 -0.060000
v 3.993532 0.064971 -0.060000
v 3.977886 0.039178 -0.060000
v 3.953947 0.018658 -0.060000
v 3.923465 0.003675 -0.060000
v 3.849871 -0.008628 -0.060000
v 3.767041 0.003515 -0.060000
v 3.728214 0.020708 -0.060000
v 3.744608 0.123382 -0.060000
v 3.760138 0.123382 -0.060000
v 3.783434 0.028473 -0.060000
v 3.808296 0.020899 -0.060000
v 3.859362 0.015531 -0.060000
v 3.886892 0.017843 -0.060000
v 3.910491 0.024542 -0.060000
v 3.929681 0.035267 -0.060000
v 3.943981 0.049660 -0.060000
v 3.949148 0.058119 -0.060000
v 3.955216 0.077337 -0.060000
v 3.955264 0.098670 -0.060000
v 3.949485 0.117059 -0.060000
v 3.944493 0.125044 -0.060000
v 3.930436 0.139236 -0.060000
v 3.785238 0.213866 -0.060000
v 3.764248 0.231597 -0.060000
v 3.749286 0.252588 -0.060000
v 3.741333 0.277894 -0.060000
v 3.434562 -0.002173 -0.060000
v 3.392516 0.016266 -0.060000
v 3.374722 0.029544 -0.060000
v 3.345834 0.063352 -0.060000
v 3.326197 0.105668 -0.060000
v 3.316195 0.155102 -0.060000
v 3.316369 0.211837 -0.060000
v 3.327640 0.266946 -0.060000
v 3.349517 0.314614 -0.060000
v 3.381304 0.353042 -0.060000
v 3.400697 0.368229 -0.060000
v 3.446047 0.389428 -0.060000
v 3.499569 0.396894 -0.060000
v 3.542642 0.391917 -0.060000
v 3.577830 0.377497 -0.060000
v 3.592474 0.366985 -0.060000
v 3.615879 0.339838 -0.060000
v 3.631458 0.305166 -0.060000
v 3.640207 0.209664 -0.060000
v 3.360656 0.209664 -0.060000
v 3.369702 0.130891 -0.060000
v 3.385759 0.092973 -0.060000
v 3.409809 0.062927 -0.060000
v 3.441828 0.041833 -0.060000
v 3.481792 0.030769 -0.060000
v 3.531809 0.031241 -0.060000
v 3.556163 0.036526 -0.060000
v 3.597418 0.054645 -0.060000
v 3.629854 0.078516 -0.060000
v 3.641933 0.065574 -0.060000
v 3.599879 0.027930 -0.060000
v 3.548238 0.001406 -0.060000
v 3.484901 -0.008628 -0.060000
v 3.593616 0.234685 -0.060000
v 3.583965 0.303295 -0.060000
v 3.570751 0.331644 -0.060000
v 3.550922 0.353881 -0.060000
v 3.538288 0.362206 -0.060000
v 3.507098 0.372265 -0.060000
v 3.471159 0.372493 -0.060000
v 3.454994 0.369216 -0.060000
v 3.425974 0.356374 -0.060000
v 3.401747 0.335526 -0.060000
v 3.382770 0.307129 -0.060000
v 3.369496 0.271638 -0.060000
v 3.362382 0.229508 -0.060000
v 3.012943 0.578836 -0.060000
v 3.089445 0.555332 -0.060000
v 3.149698 0.516393 -0.060000
v 3.173596 0.491196 -0.060000
v 3.208666 0.429465 -0.060000
v 3.226408 0.352779 -0.060000
v 3.226100 0.264203 -0.060000
v 3.206199 0.183092 -0.060000
v 3.167567 0.114527 -0.060000
v 3.111427 0.060354 -0.060000
v 3.039002 0.022420 -0.060000
v 2.951513 0.002568 -0.060000
v 2.690250 0.000000 -0.060000
v 2.690250 0.018119 -0.060000
v 2.736254 0.027895 -0.060000
v 2.744365 0.032558 -0.060000
v 2.747731 0.035395 -0.060000
v 2.753236 0.042278 -0.060000
v 2.755218 0.046182 -0.060000
v 2.760151 0.066954 -0.060000
v 2.759923 0.518443 -0.060000
v 2.754075 0.542146 -0.060000
v 2.751714 0.546566 -0.060000
v 2.746367 0.553319 -0.060000
v 2.743437 0.555827 -0.060000
v 2.736395 0.559934 -0.060000
v 2.727675 0.562985 -0.060000
v 2.690250 0.567731 -0.060000
v 2.690250 0.586713 -0.060000
v 2.947215 0.026424 -0.060000
v 3.018402 0.043896 -0.060000
v 3.077977 0.077186 -0.060000
v 3.102998 0.099223 -0.060000
v 3.142684 0.153005 -0.060000
v 3.167462 0.218292 -0.060000
v 3.176014 0.293356 -0.060000
v 3.168580 0.376146 -0.060000
v 3.146167 0.443454 -0.060000
v 3.129291 0.471361 -0.060000
v 3.108607 0.495470 -0.060000
v 3.055732 0.532387 -0.060000
v 2.987374 0.554397 -0.060000
v 2.811044 0.561691 -0.060000
v 2.811044 0.024159 -0.060000
v 2.366376 0.051545 -0.060000
v 2.369770 0.042551 -0.060000
v 2.374353 0.035699 -0.060000
v 2.380284 0.030698 -0.060000
v 2.387722 0.027258 -0.060000
v 2.396827 0.025089 -0.060000
v 2.435720 0.023296 -0.060000
v 2.435720 0.006903 -0.060000
v 2.316652 -0.008628 -0.060000
v 2.316652 0.064711 -0.060000
v 2.282268 0.032883 -0.060000
v 2.233694 0.004506 -0.060000
v 2.203788 -0.004434 -0.060000
v 2.169974 -0.007765 -0.060000
v 2.125707 -0.001582 -0.060000
v 2.106072 0.005905 -0.060000
v 2.072159 0.028859 -0.060000
v 2.045867 0.061377 -0.060000
v 2.027772 0.102162 -0.060000
v 2.018449 0.149923 -0.060000
v 2.018806 0.206641 -0.060000
v 2.030940 0.263306 -0.060000
v 2.054543 0.312314 -0.060000
v 2.088918 0.351818 -0.060000
v 2.133372 0.379975 -0.060000
v 2.187209 0.394937 -0.060000
v 2.237062 0.396071 -0.060000
v 2.272541 0.390207 -0.060000
v 2.316652 0.374461 -0.060000
v 2.314939 0.555778 -0.060000
v 2.313012 0.564617 -0.060000
v 2.310007 0.571191 -0.060000
v 2.308024 0.573771 -0.060000
v 2.306183 0.575392 -0.060000
v 2.301661 0.578071 -0.060000
v 2.295701 0.580139 -0.060000
v 2.257981 0.584987 -0.060000
v 2.257981 0.601381 -0.060000
v 2.353753 0.621225 -0.060000
v 2.365833 0.614323 -0.060000
v 2.216590 0.032068 -0.060000
v 2.239191 0.037389 -0.060000
v 2.280222 0.056658 -0.060000
v 2.316652 0.084556 -0.060000
v 2.316652 0.328732 -0.060000
v 2.295824 0.346662 -0.060000
v 2.271678 0.360871 -0.060000
v 2.233068 0.372072 -0.060000
v 2.189351 0.372274 -0.060000
v 2.150979 0.361802 -0.060000
v 2.133991 0.352731 -0.060000
v 2.104939 0.327114 -0.060000
v 2.083149 0.291790 -0.060000
v 2.069460 0.247072 -0.060000
v 2.067819 0.151232 -0.060000
v 2.077493 0.112645 -0.060000
v 2.094262 0.079379 -0.060000
v 2.118653 0.053303 -0.060000
v 2.133871 0.043545 -0.060000
v 2.170682 0.031759 -0.060000
v 1.596753 0.051487 -0.060000
v 1.602243 0.034513 -0.060000
v 1.606993 0.028916 -0.060000
v 1.613492 0.024830 -0.060000
v 1.621764 0.021894 -0.060000
v 1.657463 0.016393 -0.060000
v 1.657463 0.000000 -0.060000
v 1.486627 0.000000 -0.060000
v 1.486627 0.016393 -0.060000
v 1.529384 0.024319 -0.060000
v 1.535939 0.027918 -0.060000
v 1.540984 0.032787 -0.060000
v 1.545244 0.041981 -0.060000
v 1.548463 0.059665 -0.060000
v 1.547899 0.326332 -0.060000
v 1.545972 0.335122 -0.060000
v 1.542966 0.341683 -0.060000
v 1.540984 0.344262 -0.060000
v 1.539142 0.345884 -0.060000
v 1.534620 0.348563 -0.060000
v 1.528661 0.350631 -0.060000
v 1.490941 0.355479 -0.060000
v 1.490941 0.371872 -0.060000
v 1.586713 0.391717 -0.060000
v 1.598792 0.384815 -0.060000
v 1.595341 0.333046 -0.060000
v 1.637043 0.365705 -0.060000
v 1.684498 0.388394 -0.060000
v 1.742882 0.396894 -0.060000
v 1.784716 0.392216 -0.060000
v 1.818138 0.378455 -0.060000
v 1.831807 0.368296 -0.060000
v 1.853284 0.341673 -0.060000
v 1.867248 0.306986 -0.060000
v 1.878896 0.043666 -0.060000
v 1.882658 0.034513 -0.060000
v 1.887407 0.028916 -0.060000
v 1.893906 0.024830 -0.060000
v 1.902179 0.021894 -0.060000
v 1.937878 0.016393 -0.060000
v 1.937878 0.000000 -0.060000
v 1.767041 0.000000 -0.060000
v 1.767041 0.016393 -0.060000
v 1.809798 0.024319 -0.060000
v 1.816353 0.027918 -0.060000
v 1.821398 0.032787 -0.060000
v 1.825658 0.041981 -0.060000
v 1.827579 0.049948 -0.060000
v 1.829107 0.254469 -0.060000
v 1.822031 0.293774 -0.060000
v 1.808593 0.322402 -0.060000
v 1.799720 0.333154 -0.060000
v 1.778129 0.348417 -0.060000
v 1.752033 0.356537 -0.060000
v 1.722174 0.358930 -0.060000
v 1.670853 0.352315 -0.060000
v 1.628543 0.334771 -0.060000
v 1.594478 0.309750 -0.060000
v 1.347394 0.051545 -0.060000
v 1.350788 0.042551 -0.060000
v 1.355371 0.035699 -0.060000
v 1.361302 0.030698 -0.060000
v 1.368741 0.027258 -0.060000
v 1.377845 0.025089 -0.060000
v 1.416739 0.023296 -0.060000
v 1.416739 0.006903 -0.060000
v 1.298533 -0.008628 -0.060000
v 1.298533 0.046592 -0.060000
v 1.256607 0.018087 -0.060000
v 1.211613 -0.001406 -0.060000
v 1.160483 -0.008628 -0.060000
v 1.117878 -0.003951 -0.060000
v 1.084524 0.009810 -0.060000
v 1.071106 0.019970 -0.060000
v 1.050371 0.046592 -0.060000
v 1.037209 0.081280 -0.060000
v 1.027745 0.328165 -0.060000
v 1.022135 0.346087 -0.060000
v 1.017688 0.352028 -0.060000
v 1.011947 0.356315 -0.060000
v 1.004762 0.359218 -0.060000
v 0.958585 0.362381 -0.060000
v 0.958585 0.378775 -0.060000
v 1.074202 0.396894 -0.060000
v 1.075156 0.133796 -0.060000
v 1.082480 0.094491 -0.060000
v 1.096346 0.065864 -0.060000
v 1.105479 0.055112 -0.060000
v 1.127632 0.039849 -0.060000
v 1.154292 0.031728 -0.060000
v 1.184642 0.029336 -0.060000
v 1.228358 0.034449 -0.060000
v 1.265746 0.048381 -0.060000
v 1.298533 0.069025 -0.060000
v 1.293772 0.338223 -0.060000
v 1.290469 0.346087 -0.060000
v 1.286023 0.352028 -0.060000
v 1.280281 0.356315 -0.060000
v 1.273096 0.359218 -0.060000
v 1.226920 0.362381 -0.060000
v 1.226920 0.378775 -0.060000
v 1.342537 0.396894 -0.060000
v 0.525503 0.212864 -0.060000
v 0.538988 0.268038 -0.060000
v 0.564122 0.315519 -0.060000
v 0.598986 0.353628 -0.060000
v 0.641663 0.380689 -0.060000
v 0.690236 0.395023 -0.060000
v 0.739422 0.395329 -0.060000
v 0.783852 0.383116 -0.060000
v 0.823644 0.359470 -0.060000
v 0.841135 0.343615 -0.060000
v 0.869971 0.304349 -0.060000
v 0.888837 0.255688 -0.060000
v 0.893865 0.228089 -0.060000
v 0.893858 0.168816 -0.060000
v 0.880595 0.114768 -0.060000
v 0.855792 0.068808 -0.060000
v 0.821247 0.032303 -0.060000
v 0.778756 0.006619 -0.060000
v 0.755093 -0.001738 -0.060000
v 0.704055 -0.008628 -0.060000
v 0.658342 -0.003008 -0.060000
v 0.615889 0.013613 -0.060000
v 0.578947 0.040876 -0.060000
v 0.563248 0.058385 -0.060000
v 0.538800 0.100936 -0.060000
v 0.525496 0.153229 -0.060000
v 0.837225 0.263899 -0.060000
v 0.821229 0.304499 -0.060000
v 0.797731 0.336697 -0.060000
v 0.767068 0.359321 -0.060000
v 0.729573 0.371196 -0.060000
v 0.688485 0.371412 -0.060000
v 0.652624 0.360966 -0.060000
v 0.622550 0.340417 -0.060000
v 0.598959 0.310126 -0.060000
v 0.582547 0.270451 -0.060000
v 0.574008 0.221753 -0.060000
v 0.581981 0.121090 -0.060000
v 0.597836 0.081443 -0.060000
v 0.621229 0.050208 -0.060000
v 0.651896 0.028392 -0.060000
v 0.689573 0.017002 -0.060000
v 0.730661 0.016752 -0.060000
v 0.766340 0.026505 -0.060000
v 0.796410 0.045964 -0.060000
v 0.820106 0.075082 -0.060000
v 0.836659 0.113810 -0.060000
v 0.845303 0.162102 -0.060000
v 0.068162 0.169111 -0.060000
v 0.088870 0.169111 -0.060000
v 0.105263 0.048318 -0.060000
v 0.192887 0.021411 -0.060000
v 0.272277 0.022621 -0.060000
v 0.309366 0.033138 -0.060000
v 0.339840 0.049935 -0.060000
v 0.362765 0.072412 -0.060000
v 0.377205 0.099970 -0.060000
v 0.380951 0.115468 -0.060000
v 0.380869 0.148738 -0.060000
v 0.376905 0.164090 -0.060000
v 0.361806 0.191353 -0.060000
v 0.338223 0.215164 -0.060000
v 0.130240 0.337721 -0.060000
v 0.101605 0.363674 -0.060000
v 0.081239 0.393604 -0.060000
v 0.070436 0.429144 -0.060000
v 0.070501 0.470520 -0.060000
v 0.082021 0.508709 -0.060000
v 0.091874 0.525677 -0.060000
v 0.119284 0.554789 -0.060000
v 0.156329 0.576710 -0.060000
v 0.202242 0.590531 -0.060000
v 0.312083 0.590611 -0.060000
v 0.417601 0.555651 -0.060000
v 0.399482 0.427955 -0.060000
v 0.378775 0.427955 -0.060000
v 0.360656 0.541846 -0.060000
v 0.280574 0.566261 -0.060000
v 0.207698 0.565230 -0.060000
v 0.174384 0.555492 -0.060000
v 0.147972 0.539905 -0.060000
v 0.128751 0.518998 -0.060000
v 0.121926 0.506714 -0.060000
v 0.114029 0.478814 -0.060000
v 0.114162 0.447268 -0.060000
v 0.122924 0.419206 -0.060000
v 0.139667 0.395421 -0.060000
v 0.163576 0.374549 -0.060000
v 0.358330 0.265284 -0.060000
v 0.390933 0.237502 -0.060000
v 0.414487 0.205417 -0.060000
v 0.427149 0.167472 -0.060000
v 0.427032 0.123564 -0.060000
v 0.413287 0.083100 -0.060000
v 0.387175 0.048819 -0.060000
v 0.350134 0.021680 -0.060000
v 0.303602 0.002642 -0.060000
v 0.249017 -0.007336 -0.060000
v 0.188760 -0.007354 -0.060000
v 0.103090 0.010801 -0.060000
v 0.047455 0.033650 -0.060000
v 0.068162 0.169111 -0.060000
v 0.016637 0.229111 0.000000
v 0.068162 0.169111 0.060000
v 0.088870 0.169111 -0.060000
v 0.141277 0.229111 0.000000
v 0.088870 0.169111 0.060000
v 0.105263 0.048318 -0.060000
v 0.127686 0.065223 -0.035507
v 0.160193 0.089731 0.000000
v 0.127686 0.065223 0.035507
v 0.105263 0.048318 0.060000
v 0.127205 0.065435 -0.035507
v 0.140947 0.098180 0.000000
v 0.127205 0.065435 0.035507
v 0.192887 0.021411 -0.060000
v 0.201098 0.080857 0.000000
v 0.192887 0.021411 0.060000
v 0.272277 0.022621 -0.060000
v 0.261639 0.081740 0.000000
v 0.272277 0.022621 0.060000
v 0.309366 0.033138 -0.060000
v 0.286721 0.088805 0.000000
v 0.309366 0.033138 0.060000
v 0.339840 0.049935 -0.060000
v 0.304155 0.098342 0.000000
v 0.339840 0.049935 0.060000
v 0.362765 0.072412 -0.060000
v 0.314576 0.108468 0.000000
v 0.362765 0.072412 0.060000
v 0.377205 0.099970 -0.060000
v 0.320045 0.118866 0.000000
v 0.377205 0.099970 0.060000
v 0.380951 0.115468 -0.060000
v 0.321499 0.124882 0.000000
v 0.380951 0.115468 0.060000
v 0.380869 0.148738 -0.060000
v 0.321483 0.138739 0.000000
v 0.380869 0.148738 0.060000
v 0.376905 0.164090 -0.060000
v 0.320108 0.144064 0.000000
v 0.376905 0.164090 0.060000
v 0.361806 0.191353 -0.060000
v 0.314079 0.154756 0.000000
v 0.361806 0.191353 0.060000
v 0.338223 0.215164 -0.060000
v 0.299901 0.168922 0.000000
v 0.338223 0.215164 0.060000
v 0.130240 0.337721 -0.060000
v 0.093827 0.289980 0.000000
v 0.130240 0.337721 0.060000
v 0.101605 0.363674 -0.060000
v 0.056646 0.323781 0.000000
v 0.101605 0.363674 0.060000
v 0.081239 0.393604 -0.060000
v 0.027088 0.367362 0.000000
v 0.081239 0.393604 0.060000
v 0.070436 0.429144 -0.060000
v 0.010890 0.420518 0.000000
v 0.070436 0.429144 0.060000
v 0.070501 0.470520 -0.060000
v 0.010959 0.479138 0.000000
v 0.070501 0.470520 0.060000
v 0.082021 0.508709 -0.060000
v 0.027786 0.534793 0.000000
v 0.082021 0.508709 0.060000
v 0.091874 0.525677 -0.060000
v 0.042311 0.559808 0.000000
v 0.091874 0.525677 0.060000
v 0.119284 0.554789 -0.060000
v 0.081851 0.601870 0.000000
v 0.119284 0.554789 0.060000
v 0.156329 0.576710 -0.060000
v 0.132373 0.631840 0.000000
v 0.156329 0.576710 0.060000
v 0.202242 0.590531 -0.060000
v 0.191029 0.649553 0.000000
v 0.202242 0.590531 0.060000
v 0.222869 0.653940 0.000000
v 0.312083 0.590611 -0.060000
v 0.322226 0.649761 0.000000
v 0.312083 0.590611 0.060000
v 0.417601 0.555651 -0.060000
v 0.483287 0.591484 0.000000
v 0.417601 0.555651 0.060000
v 0.399482 0.427955 -0.060000
v 0.451570 0.367955 0.000000
v 0.399482 0.427955 0.060000
v 0.378775 0.427955 -0.060000
v 0.327566 0.367955 0.000000
v 0.378775 0.427955 0.060000
v 0.360656 0.541846 -0.060000
v 0.338578 0.524727 -0.035507
v 0.306573 0.499910 0.000000
v 0.338578 0.524727 0.035507
v 0.360656 0.541846 0.060000
v 0.340036 0.524094 -0.035507
v 0.326434 0.491291 0.000000
v 0.340036 0.524094 0.035507
v 0.280574 0.566261 -0.060000
v 0.272099 0.506852 0.000000
v 0.280574 0.566261 0.060000
v 0.207698 0.565230 -0.060000
v 0.218476 0.506130 0.000000
v 0.207698 0.565230 0.060000
v 0.174384 0.555492 -0.060000
v 0.198039 0.500225 0.000000
v 0.174384 0.555492 0.060000
v 0.147972 0.539905 -0.060000
v 0.185662 0.493010 0.000000
v 0.147972 0.539905 0.060000
v 0.128751 0.518998 -0.060000
v 0.178894 0.485708 0.000000
v 0.128751 0.518998 0.060000
v 0.121926 0.506714 -0.060000
v 0.176648 0.481666 0.000000
v 0.121926 0.506714 0.060000
v 0.114029 0.478814 -0.060000
v 0.173636 0.470799 0.000000
v 0.114029 0.478814 0.060000
v 0.114162 0.447268 -0.060000
v 0.173689 0.456085 0.000000
v 0.114162 0.447268 0.060000
v 0.122924 0.419206 -0.060000
v 0.176769 0.446094 0.000000
v 0.122924 0.419206 0.060000
v 0.139667 0.395421 -0.060000
v 0.183915 0.436105 0.000000
v 0.139667 0.395421 0.060000
v 0.163576 0.374549 -0.060000
v 0.199129 0.422933 0.000000
v 0.163576 0.374549 0.060000
v 0.358330 0.265284 -0.060000
v 0.393438 0.313989 0.000000
v 0.358330 0.265284 0.060000
v 0.390933 0.237502 -0.060000
v 0.434509 0.278892 0.000000
v 0.390933 0.237502 0.060000
v 0.414487 0.205417 -0.060000
v 0.467737 0.233465 0.000000
v 0.414487 0.205417 0.060000
v 0.427149 0.167472 -0.060000
v 0.486594 0.176983 0.000000
v 0.427149 0.167472 0.060000
v 0.427032 0.123564 -0.060000
v 0.486444 0.113822 0.000000
v 0.427032 0.123564 0.060000
v 0.413287 0.083100 -0.060000
v 0.466342 0.054658 0.000000
v 0.413287 0.083100 0.060000
v 0.387175 0.048819 -0.060000
v 0.429127 0.005706 0.000000
v 0.387175 0.048819 0.060000
v 0.350134 0.021680 -0.060000
v 0.379298 -0.030883 -0.000000
v 0.350134 0.021680 0.060000
v 0.303602 0.002642 -0.060000
v 0.320319 -0.055066 -0.000000
v 0.303602 0.002642 0.060000
v 0.249017 -0.007336 -0.060000
v 0.254327 -0.067162 -0.000000
v 0.249017 -0.007336 0.060000
v 0.188760 -0.007354 -0.060000
v 0.183685 -0.067153 -0.000000
v 0.188760 -0.007354 0.060000
v 0.103090 0.010801 -0.060000
v 0.083900 -0.046057 -0.000000
v 0.103090 0.010801 0.060000
v 0.047455 0.033650 -0.060000
v -0.018678 -0.001906 -0.000000
v 0.047455 0.033650 0.060000
v 0.525503 0.212864 -0.060000
v 0.465822 0.220027 0.000000
v 0.525503 0.212864 0.060000
v 0.538988 0.268038 -0.060000
v 0.482800 0.289407 0.000000
v 0.538988 0.268038 0.060000
v 0.564122 0.315519 -0.060000
v 0.514963 0.350130 0.000000
v 0.564122 0.315519 0.060000
v 0.598986 0.353628 -0.060000
v 0.560309 0.399670 0.000000
v 0.598986 0.353628 0.060000
v 0.641663 0.380689 -0.060000
v 0.616714 0.435416 0.000000
v 0.641663 0.380689 0.060000
v 0.690236 0.395023 -0.060000
v 0.681593 0.454556 0.000000
v 0.690236 0.395023 0.060000
v 0.739422 0.395329 -0.060000
v 0.747471 0.454923 0.000000
v 0.739422 0.395329 0.060000
v 0.783852 0.383116 -0.060000
v 0.807392 0.438451 0.000000
v 0.783852 0.383116 0.060000
v 0.823644 0.359470 -0.060000
v 0.860966 0.406621 0.000000
v 0.823644 0.359470 0.060000
v 0.856666 0.325208 -0.060000
v 0.905101 0.360844 0.000000
v 0.856666 0.325208 0.060000
v 0.880784 0.281142 -0.060000
v 0.936814 0.302953 0.000000
v 0.880784 0.281142 0.060000
v 0.893865 0.228089 -0.060000
v 0.953548 0.235245 0.000000
v 0.893865 0.228089 0.060000
v 0.893858 0.168816 -0.060000
v 0.953541 0.161668 0.000000
v 0.893858 0.168816 0.060000
v 0.880595 0.114768 -0.060000
v 0.936702 0.093168 0.000000
v 0.880595 0.114768 0.060000
v 0.855792 0.068808 -0.060000
v 0.904518 0.033574 0.000000
v 0.855792 0.068808 0.060000
v 0.821247 0.032303 -0.060000
v 0.859003 -0.014503 -0.000000
v 0.821247 0.032303 0.060000
v 0.778756 0.006619 -0.060000
v 0.802601 -0.048591 -0.000000
v 0.778756 0.006619 0.060000
v 0.755093 -0.001738 -0.060000
v 0.771205 -0.059679 -0.000000
v 0.755093 -0.001738 0.060000
v 0.704055 -0.008628 -0.060000
v 0.704238 -0.068751 -0.000000
v 0.704055 -0.008628 0.060000
v 0.658342 -0.003008 -0.060000
v 0.643660 -0.061305 -0.000000
v 0.658342 -0.003008 0.060000
v 0.615889 0.013613 -0.060000
v 0.586919 -0.039077 -0.000000
v 0.615889 0.013613 0.060000
v 0.578947 0.040876 -0.060000
v 0.537027 -0.002248 -0.000000
v 0.578947 0.040876 0.060000
v 0.563248 0.058385 -0.060000
v 0.515791 0.021436 0.000000
v 0.563248 0.058385 0.060000
v 0.538800 0.100936 -0.060000
v 0.483067 0.078337 0.000000
v 0.538800 0.100936 0.060000
v 0.525496 0.153229 -0.060000
v 0.465826 0.145896 0.000000
v 0.525496 0.153229 0.060000
v 0.837225 0.263899 -0.060000
v 0.779291 0.247986 0.000000
v 0.837225 0.263899 0.060000
v 0.821229 0.304499 -0.060000
v 0.768402 0.275794 0.000000
v 0.821229 0.304499 0.060000
v 0.797731 0.336697 -0.060000
v 0.754881 0.294449 0.000000
v 0.797731 0.336697 0.060000
v 0.767068 0.359321 -0.060000
v 0.739687 0.305702 0.000000
v 0.767068 0.359321 0.060000
v 0.729573 0.371196 -0.060000
v 0.720599 0.311689 0.000000
v 0.729573 0.371196 0.060000
v 0.688485 0.371412 -0.060000
v 0.696728 0.311828 0.000000
v 0.688485 0.371412 0.060000
v 0.652624 0.360966 -0.060000
v 0.678263 0.306511 0.000000
v 0.652624 0.360966 0.060000
v 0.622550 0.340417 -0.060000
v 0.663862 0.296655 0.000000
v 0.622550 0.340417 0.060000
v 0.598959 0.310126 -0.060000
v 0.651069 0.280109 0.000000
v 0.598959 0.310126 0.060000
v 0.582547 0.270451 -0.060000
v 0.640318 0.253922 0.000000
v 0.582547 0.270451 0.060000
v 0.574008 0.221753 -0.060000
v 0.633856 0.216760 0.000000
v 0.574008 0.221753 0.060000
v 0.581981 0.121090 -0.060000
v 0.639879 0.137146 0.000000
v 0.581981 0.121090 0.060000
v 0.597836 0.081443 -0.060000
v 0.650419 0.110607 0.000000
v 0.597836 0.081443 0.060000
v 0.621229 0.050208 -0.060000
v 0.663425 0.093118 0.000000
v 0.621229 0.050208 0.060000
v 0.651896 0.028392 -0.060000
v 0.678394 0.082446 0.000000
v 0.651896 0.028392 0.060000
v 0.689573 0.017002 -0.060000
v 0.698117 0.076556 0.000000
v 0.689573 0.017002 0.060000
v 0.730661 0.016752 -0.060000
v 0.722946 0.076389 0.000000
v 0.730661 0.016752 0.060000
v 0.766340 0.026505 -0.060000
v 0.741922 0.081507 0.000000
v 0.766340 0.026505 0.060000
v 0.796410 0.045964 -0.060000
v 0.756177 0.090726 0.000000
v 0.796410 0.045964 0.060000
v 0.820106 0.075082 -0.060000
v 0.768500 0.105978 0.000000
v 0.820106 0.075082 0.060000
v 0.836659 0.113810 -0.060000
v 0.779004 0.130766 0.000000
v 0.836659 0.113810 0.060000
v 0.845303 0.162102 -0.060000
v 0.785459 0.167177 0.000000
v 0.845303 0.162102 0.060000
v 1.347394 0.051545 -0.060000
v 1.392685 0.064685 -0.012986
v 1.405195 0.068315 0.000000
v 1.392685 0.064685 0.012986
v 1.347394 0.051545 0.060000
v 1.350788 0.042551 -0.060000
v 1.382568 0.058902 -0.024493
v 1.392868 0.064201 -0.012986
v 1.404491 0.070181 0.000000
v 1.392868 0.064201 0.012986
v 1.382568 0.058902 0.024493
v 1.350788 0.042551 0.060000
v 1.355371 0.035699 -0.060000
v 1.373805 0.052194 -0.035507
v 1.382094 0.059611 -0.024493
v 1.400528 0.076106 0.000000
v 1.382094 0.059611 0.024493
v 1.373805 0.052194 0.035507
v 1.355371 0.035699 0.060000
v 1.361302 0.030698 -0.060000
v 1.374572 0.051547 -0.035507
v 1.380539 0.060922 -0.024493
v 1.393809 0.081771 0.000000
v 1.380539 0.060922 0.024493
v 1.374572 0.051547 0.035507
v 1.361302 0.030698 0.060000
v 1.368741 0.027258 -0.060000
v 1.380423 0.060976 -0.024493
v 1.388482 0.084234 0.000000
v 1.380423 0.060976 0.024493
v 1.368741 0.027258 0.060000
v 1.377845 0.025089 -0.060000
v 1.388086 0.084328 0.000000
v 1.377845 0.025089 0.060000
v 1.416739 0.023296 -0.060000
v 1.476739 0.082889 0.000000
v 1.416739 0.023296 0.060000
v 1.416739 0.006903 -0.060000
v 1.476739 -0.045730 -0.000000
v 1.416739 0.006902 0.060000
v 1.298533 -0.008628 -0.060000
v 1.238533 -0.077027 -0.000000
v 1.298533 -0.008628 0.060000
v 1.298533 0.046592 -0.060000
v 1.285547 0.020576 -0.047014
v 1.238533 -0.073607 -0.000000
v 1.285547 0.020576 0.047014
v 1.298533 0.046592 0.060000
v 1.295832 0.028311 -0.047014
v 1.323564 -0.009658 -0.000000
v 1.295832 0.028311 0.047014
v 1.223317 0.002444 -0.060000
v 1.243894 -0.053950 -0.000000
v 1.223317 0.002444 0.060000
v 1.187007 -0.006755 -0.060000
v 1.195565 -0.066181 -0.000000
v 1.187007 -0.006755 0.060000
v 1.160483 -0.008628 -0.060000
v 1.159971 -0.068683 -0.000000
v 1.160483 -0.008628 0.060000
v 1.117878 -0.003951 -0.060000
v 1.103405 -0.062334 -0.000000
v 1.117878 -0.003951 0.060000
v 1.084524 0.009810 -0.060000
v 1.052470 -0.041178 -0.000000
v 1.084524 0.009810 0.060000
v 1.071106 0.019970 -0.060000
v 1.030660 -0.024664 -0.000000
v 1.071106 0.019970 0.060000
v 1.050371 0.046592 -0.060000
v 0.997686 0.017530 0.000000
v 1.050371 0.046592 0.060000
v 1.037209 0.081280 -0.060000
v 0.978939 0.066614 0.000000
v 1.037209 0.081280 0.060000
v 1.027745 0.328165 -0.060000
v 0.968531 0.317944 0.000000
v 1.027745 0.328165 0.060000
v 0.991514 0.327298 -0.024493
v 0.968114 0.319761 0.000000
v 0.991514 0.327298 0.024493
v 1.022135 0.346087 -0.060000
v 1.000719 0.333823 -0.035507
v 0.991090 0.328309 -0.024493
v 0.969674 0.316045 0.000000
v 0.991090 0.328309 0.024493
v 1.000719 0.333823 0.035507
v 1.022135 0.346087 0.060000
v 1.017688 0.352028 -0.060000
v 1.000199 0.334519 -0.035507
v 0.974846 0.309137 0.000000
v 1.000199 0.334519 0.035507
v 1.017688 0.352028 0.060000
v 1.011947 0.356315 -0.060000
v 0.999832 0.334793 -0.035507
v 0.994384 0.325115 -0.024493
v 0.982270 0.303593 0.000000
v 0.994384 0.325115 0.024493
v 0.999832 0.334793 0.035507
v 1.011947 0.356315 0.060000
v 1.004762 0.359218 -0.060000
v 0.994481 0.325076 -0.024493
v 0.987389 0.301524 0.000000
v 0.994481 0.325076 0.024493
v 1.004762 0.359218 0.060000
v 0.987287 0.301545 0.000000
v 0.958585 0.362381 -0.060000
v 0.898585 0.302642 0.000000
v 0.958585 0.362381 0.060000
v 0.958585 0.378775 -0.060000
v 0.898585 0.430104 0.000000
v 0.958585 0.378775 0.060000
v 1.074202 0.396894 -0.060000
v 1.134202 0.467029 0.000000
v 1.074202 0.396894 0.060000
v 1.075156 0.133796 -0.060000
v 1.134999 0.138935 0.000000
v 1.075156 0.133796 0.060000
v 1.082480 0.094491 -0.060000
v 1.139739 0.112862 0.000000
v 1.082480 0.094491 0.060000
v 1.096346 0.065864 -0.060000
v 1.145418 0.100772 0.000000
v 1.096346 0.065864 0.060000
v 1.105479 0.055112 -0.060000
v 1.147744 0.098034 0.000000
v 1.105479 0.055112 0.060000
v 1.127632 0.039849 -0.060000
v 1.153264 0.094297 0.000000
v 1.127632 0.039849 0.060000
v 1.154292 0.031728 -0.060000
v 1.164870 0.090878 0.000000
v 1.154292 0.031728 0.060000
v 1.184642 0.029336 -0.060000
v 1.184869 0.089367 0.000000
v 1.184642 0.029336 0.060000
v 1.228358 0.034449 -0.060000
v 1.214075 0.092752 0.000000
v 1.228358 0.034449 0.060000
v 1.232685 0.099109 0.000000
v 1.265746 0.048381 -0.060000
v 1.265746 0.048381 0.060000
v 1.283279 0.074029 -0.047014
v 1.256509 0.112687 0.000000
v 1.283279 0.074029 0.047014
v 1.298533 0.069025 -0.060000
v 1.285547 0.075666 -0.047014
v 1.238533 0.099709 0.000000
v 1.285547 0.075666 0.047014
v 1.298533 0.069025 0.060000
v 1.293772 0.338223 -0.060000
v 1.259849 0.327298 -0.024493
v 1.236449 0.319761 0.000000
v 1.259849 0.327298 0.024493
v 1.293772 0.338223 0.060000
v 1.290469 0.346087 -0.060000
v 1.269054 0.333823 -0.035507
v 1.259424 0.328309 -0.024493
v 1.238009 0.316045 0.000000
v 1.259424 0.328309 0.024493
v 1.269054 0.333823 0.035507
v 1.290469 0.346087 0.060000
v 1.286023 0.352028 -0.060000
v 1.268534 0.334519 -0.035507
v 1.243181 0.309137 0.000000
v 1.268534 0.334519 0.035507
v 1.286023 0.352028 0.060000
v 1.280281 0.356315 -0.060000
v 1.268167 0.334793 -0.035507
v 1.262719 0.325115 -0.024493
v 1.250604 0.303593 0.000000
v 1.262719 0.325115 0.024493
v 1.268167 0.334793 0.035507
v 1.280281 0.356315 0.060000
v 1.273096 0.359218 -0.060000
v 1.262816 0.325076 -0.024493
v 1.255724 0.301524 0.000000
v 1.262816 0.325076 0.024493
v 1.273096 0.359218 0.060000
v 1.255622 0.301545 0.000000
v 1.226920 0.362381 -0.060000
v 1.166920 0.302642 0.000000
v 1.226920 0.362381 0.060000
v 1.226920 0.378775 -0.060000
v 1.166920 0.430104 0.000000
v 1.226920 0.378775 0.060000
v 1.342537 0.396894 -0.060000
v 1.402537 0.467029 0.000000
v 1.342537 0.396894 0.060000
v 1.596753 0.051487 -0.060000
v 1.655921 0.061539 0.000000
v 1.596753 0.051487 0.060000
v 1.643699 0.056632 -0.012986
v 1.656189 0.060213 0.000000
v 1.643699 0.056632 0.012986
v 1.632938 0.052511 -0.024493
v 1.643751 0.056471 -0.012986
v 1.643751 0.056471 0.012986
v 1.632938 0.052511 0.024493
v 1.600822 0.037248 -0.060000
v 1.623061 0.047570 -0.035507
v 1.633061 0.052211 -0.024493
v 1.633061 0.052211 0.024493
v 1.623061 0.047570 0.035507
v 1.600822 0.037248 0.060000
v 1.623170 0.047360 -0.035507
v 1.653507 0.065984 0.000000
v 1.623170 0.047360 0.035507
v 1.604401 0.031503 -0.060000
v 1.623132 0.047414 -0.035507
v 1.650285 0.070479 0.000000
v 1.623132 0.047414 0.035507
v 1.604401 0.031503 0.060000
v 1.622955 0.047590 -0.035507
v 1.622955 0.047590 0.035507
v 1.610022 0.026707 -0.060000
v 1.623124 0.047466 -0.035507
v 1.629016 0.056801 -0.024493
v 1.642118 0.077561 0.000000
v 1.629016 0.056801 0.024493
v 1.623124 0.047466 0.035507
v 1.610022 0.026707 0.060000
v 1.628665 0.056991 -0.024493
v 1.633582 0.067413 -0.012986
v 1.633582 0.067413 0.012986
v 1.628665 0.056991 0.024493
v 1.617405 0.023241 -0.060000
v 1.633218 0.067562 -0.012986
v 1.637585 0.079804 0.000000
v 1.633218 0.067562 0.012986
v 1.617405 0.023241 0.060000
v 1.657463 0.016393 -0.060000
v 1.717463 0.069756 0.000000
v 1.657463 0.016393 0.060000
v 1.657463 0.000000 -0.060000
v 1.717463 -0.064639 -0.000000
v 1.657463 -0.000000 0.060000
v 1.486627 0.000000 -0.060000
v 1.426626 -0.064639 -0.000000
v 1.486627 -0.000000 0.060000
v 1.486627 0.016393 -0.060000
v 1.426626 0.069570 0.000000
v 1.486627 0.016393 0.060000
v 1.525517 0.022898 -0.060000
v 1.510934 0.067627 -0.012986
v 1.506906 0.079982 0.000000
v 1.510934 0.067627 0.012986
v 1.525517 0.022898 0.060000
v 1.515569 0.057071 -0.024493
v 1.511092 0.067685 -0.012986
v 1.511092 0.067685 0.012986
v 1.515569 0.057071 0.024493
v 1.532854 0.025979 -0.060000
v 1.521013 0.047466 -0.035507
v 1.515688 0.057128 -0.024493
v 1.515688 0.057128 0.024493
v 1.521013 0.047466 0.035507
v 1.532854 0.025979 0.060000
v 1.521515 0.047781 -0.035507
v 1.500606 0.076577 0.000000
v 1.521515 0.047781 0.035507
v 1.538645 0.030174 -0.060000
v 1.521587 0.047841 -0.035507
v 1.521587 0.047841 0.035507
v 1.538645 0.030174 0.060000
v 1.540984 0.032787 -0.060000
v 1.521129 0.047330 -0.035507
v 1.492347 0.068412 0.000000
v 1.521129 0.047330 0.035507
v 1.540984 0.032787 0.060000
v 1.520899 0.046941 -0.035507
v 1.511139 0.052074 -0.024493
v 1.511139 0.052074 0.024493
v 1.520899 0.046941 0.035507
v 1.511143 0.052083 -0.024493
v 1.500489 0.056459 -0.012986
v 1.500489 0.056459 0.012986
v 1.511143 0.052083 0.024493
v 1.545244 0.041981 -0.060000
v 1.500404 0.056222 -0.012986
v 1.488018 0.060156 0.000000
v 1.500404 0.056222 0.012986
v 1.545244 0.041981 0.060000
v 1.487951 0.059914 0.000000
v 1.547165 0.049948 -0.060000
v 1.488121 0.060725 0.000000
v 1.547165 0.049948 0.060000
v 1.547899 0.326332 -0.060000
v 1.547899 0.326332 0.060000
v 1.501120 0.320841 -0.012986
v 1.488431 0.318026 0.000000
v 1.501120 0.320841 0.012986
v 1.545972 0.335122 -0.060000
v 1.512136 0.324193 -0.024493
v 1.501170 0.320651 -0.012986
v 1.501170 0.320651 0.012986
v 1.512136 0.324193 0.024493
v 1.545972 0.335122 0.060000
v 1.522333 0.328361 -0.035507
v 1.512312 0.323733 -0.024493
v 1.490026 0.313440 0.000000
v 1.512312 0.323733 0.024493
v 1.522333 0.328361 0.035507
v 1.542966 0.341683 -0.060000
v 1.532052 0.334573 -0.047014
v 1.522381 0.328273 -0.035507
v 1.522381 0.328273 0.035507
v 1.532052 0.334573 0.047014
v 1.542966 0.341683 0.060000
v 1.540984 0.344262 -0.060000
v 1.531455 0.335349 -0.047014
v 1.496961 0.303080 0.000000
v 1.531455 0.335349 0.047014
v 1.540984 0.344262 0.060000
v 1.531177 0.335594 -0.047014
v 1.524119 0.326477 -0.035507
v 1.502342 0.298343 0.000000
v 1.524119 0.326477 0.035507
v 1.531177 0.335594 0.047014
v 1.537037 0.347310 -0.060000
v 1.524488 0.326227 -0.035507
v 1.524488 0.326227 0.035507
v 1.537037 0.347310 0.060000
v 1.524447 0.326248 -0.035507
v 1.519873 0.316214 -0.024493
v 1.509700 0.293899 0.000000
v 1.519873 0.316214 0.024493
v 1.524447 0.326248 0.035507
v 1.531844 0.349663 -0.060000
v 1.520119 0.316116 -0.024493
v 1.516320 0.305244 -0.012986
v 1.516320 0.305244 0.012986
v 1.520119 0.316116 0.024493
v 1.531844 0.349663 0.060000
v 1.516418 0.305214 -0.012986
v 1.513037 0.292669 0.000000
v 1.516418 0.305214 0.012986
v 1.490941 0.355479 -0.060000
v 1.430941 0.300404 0.000000
v 1.490941 0.355479 0.060000
v 1.490941 0.371872 -0.060000
v 1.430941 0.426858 0.000000
v 1.490941 0.371872 0.060000
v 1.524096 0.436528 0.000000
v 1.586713 0.391717 -0.060000
v 1.593702 0.456828 0.000000
v 1.586713 0.391717 0.060000
v 1.598792 0.384815 -0.060000
v 1.662730 0.417384 0.000000
v 1.598792 0.384815 0.060000
v 1.595376 0.337755 -0.060000
v 1.655371 0.336881 0.000000
v 1.595376 0.337755 0.060000
v 1.595341 0.333046 -0.060000
v 1.656327 0.465843 0.000000
v 1.595341 0.333046 0.060000
v 1.605510 0.341915 -0.060000
v 1.566750 0.387723 0.000000
v 1.605510 0.341915 0.060000
v 1.648166 0.372476 -0.060000
v 1.618568 0.424702 0.000000
v 1.648166 0.372476 0.060000
v 1.697867 0.392014 -0.060000
v 1.684442 0.450539 0.000000
v 1.697867 0.392014 0.060000
v 1.742882 0.396894 -0.060000
v 1.743424 0.456951 0.000000
v 1.742882 0.396894 0.060000
v 1.784716 0.392216 -0.060000
v 1.799278 0.450574 0.000000
v 1.784716 0.392216 0.060000
v 1.818138 0.378455 -0.060000
v 1.849878 0.429623 0.000000
v 1.818138 0.378455 0.060000
v 1.831807 0.368296 -0.060000
v 1.871709 0.413396 0.000000
v 1.831807 0.368296 0.060000
v 1.853284 0.341673 -0.060000
v 1.905377 0.371778 0.000000
v 1.853284 0.341673 0.060000
v 1.867248 0.306986 -0.060000
v 1.925261 0.322662 0.000000
v 1.867248 0.306986 0.060000
v 1.878896 0.043666 -0.060000
v 1.924114 0.056631 -0.012986
v 1.936604 0.060213 0.000000
v 1.924114 0.056631 0.012986
v 1.878896 0.043666 0.060000
v 1.913352 0.052511 -0.024493
v 1.924165 0.056471 -0.012986
v 1.924165 0.056471 0.012986
v 1.913352 0.052511 0.024493
v 1.903475 0.047570 -0.035507
v 1.913475 0.052211 -0.024493
v 1.913475 0.052211 0.024493
v 1.903475 0.047570 0.035507
v 1.882658 0.034513 -0.060000
v 1.903584 0.047360 -0.035507
v 1.933921 0.065984 0.000000
v 1.903584 0.047360 0.035507
v 1.882658 0.034513 0.060000
v 1.884815 0.031503 -0.060000
v 1.903546 0.047414 -0.035507
v 1.930699 0.070479 0.000000
v 1.903546 0.047414 0.035507
v 1.884815 0.031503 0.060000
v 1.903369 0.047590 -0.035507
v 1.903369 0.047590 0.035507
v 1.890436 0.026707 -0.060000
v 1.903538 0.047466 -0.035507
v 1.909430 0.056801 -0.024493
v 1.922533 0.077561 0.000000
v 1.909430 0.056801 0.024493
v 1.903538 0.047466 0.035507
v 1.890436 0.026707 0.060000
v 1.909079 0.056991 -0.024493
v 1.913996 0.067413 -0.012986
v 1.913996 0.067413 0.012986
v 1.909079 0.056991 0.024493
v 1.897819 0.023241 -0.060000
v 1.913632 0.067562 -0.012986
v 1.918000 0.079804 0.000000
v 1.913632 0.067562 0.012986
v 1.897819 0.023241 0.060000
v 1.937878 0.016393 -0.060000
v 1.997878 0.069756 0.000000
v 1.937878 0.016393 0.060000
v 1.937878 0.000000 -0.060000
v 1.997878 -0.064639 -0.000000
v 1.937878 -0.000000 0.060000
v 1.767041 0.000000 -0.060000
v 1.707041 -0.064639 -0.000000
v 1.767041 -0.000000 0.060000
v 1.767041 0.016393 -0.060000
v 1.707041 0.069570 0.000000
v 1.767041 0.016393 0.060000
v 1.805931 0.022898 -0.060000
v 1.791348 0.067627 -0.012986
v 1.787320 0.079982 0.000000
v 1.791348 0.067627 0.012986
v 1.805931 0.022898 0.060000
v 1.795983 0.057071 -0.024493
v 1.791507 0.067685 -0.012986
v 1.791507 0.067685 0.012986
v 1.795983 0.057071 0.024493
v 1.813268 0.025979 -0.060000
v 1.801427 0.047466 -0.035507
v 1.796103 0.057128 -0.024493
v 1.796103 0.057128 0.024493
v 1.801427 0.047466 0.035507
v 1.813268 0.025979 0.060000
v 1.801929 0.047781 -0.035507
v 1.781020 0.076577 0.000000
v 1.801929 0.047781 0.035507
v 1.819059 0.030174 -0.060000
v 1.802001 0.047841 -0.035507
v 1.802001 0.047841 0.035507
v 1.819059 0.030174 0.060000
v 1.821398 0.032787 -0.060000
v 1.801543 0.047330 -0.035507
v 1.772761 0.068412 0.000000
v 1.801543 0.047330 0.035507
v 1.821398 0.032787 0.060000
v 1.801313 0.046941 -0.035507
v 1.791553 0.052074 -0.024493
v 1.791553 0.052074 0.024493
v 1.801313 0.046941 0.035507
v 1.791557 0.052083 -0.024493
v 1.780903 0.056459 -0.012986
v 1.780903 0.056459 0.012986
v 1.791557 0.052083 0.024493
v 1.825658 0.041981 -0.060000
v 1.780818 0.056222 -0.012986
v 1.768432 0.060156 0.000000
v 1.780818 0.056222 0.012986
v 1.825658 0.041981 0.060000
v 1.768365 0.059914 0.000000
v 1.827579 0.049948 -0.060000
v 1.768535 0.060725 0.000000
v 1.827579 0.049948 0.060000
v 1.829107 0.254469 -0.060000
v 1.769252 0.249510 0.000000
v 1.829107 0.254469 0.060000
v 1.822031 0.293774 -0.060000
v 1.764608 0.275944 0.000000
v 1.822031 0.293774 0.060000
v 1.808593 0.322402 -0.060000
v 1.759048 0.288172 0.000000
v 1.808593 0.322402 0.060000
v 1.799720 0.333154 -0.060000
v 1.756869 0.290812 0.000000
v 1.799720 0.333154 0.060000
v 1.778129 0.348417 -0.060000
v 1.751998 0.294198 0.000000
v 1.778129 0.348417 0.060000
v 1.752033 0.356537 -0.060000
v 1.741255 0.297420 0.000000
v 1.752033 0.356537 0.060000
v 1.722174 0.358930 -0.060000
v 1.722026 0.298894 0.000000
v 1.722174 0.358930 0.060000
v 1.670853 0.352315 -0.060000
v 1.686543 0.294369 0.000000
v 1.670853 0.352315 0.060000
v 1.664933 0.286187 0.000000
v 1.628543 0.334771 -0.060000
v 1.628543 0.334771 0.060000
v 1.617852 0.297615 -0.035507
v 1.640450 0.270212 0.000000
v 1.617852 0.297615 0.035507
v 1.594478 0.309750 -0.060000
v 1.618971 0.298588 -0.035507
v 1.654478 0.282406 0.000000
v 1.618971 0.298588 0.035507
v 1.594478 0.309750 0.060000
v 1.594478 0.307593 -0.060000
v 1.654478 0.307593 0.000000
v 1.594478 0.307593 0.060000
v 2.366376 0.051545 -0.060000
v 2.411667 0.064686 -0.012986
v 2.424177 0.068315 0.000000
v 2.411667 0.064686 0.012986
v 2.366376 0.051545 0.060000
v 2.369770 0.042551 -0.060000
v 2.401551 0.058902 -0.024493
v 2.411850 0.064201 -0.012986
v 2.423473 0.070181 0.000000
v 2.411850 0.064201 0.012986
v 2.401551 0.058902 0.024493
v 2.369770 0.042551 0.060000
v 2.374353 0.035699 -0.060000
v 2.392787 0.052194 -0.035507
v 2.401076 0.059611 -0.024493
v 2.419511 0.076106 0.000000
v 2.401076 0.059611 0.024493
v 2.392787 0.052194 0.035507
v 2.374353 0.035699 0.060000
v 2.380284 0.030698 -0.060000
v 2.393554 0.051547 -0.035507
v 2.399521 0.060922 -0.024493
v 2.412791 0.081771 0.000000
v 2.399521 0.060922 0.024493
v 2.393554 0.051547 0.035507
v 2.380284 0.030698 0.060000
v 2.387722 0.027258 -0.060000
v 2.399405 0.060976 -0.024493
v 2.407464 0.084234 0.000000
v 2.399405 0.060976 0.024493
v 2.387722 0.027258 0.060000
v 2.396827 0.025089 -0.060000
v 2.407068 0.084328 0.000000
v 2.396827 0.025089 0.060000
v 2.435720 0.023296 -0.060000
v 2.495720 0.082889 0.000000
v 2.435720 0.023296 0.060000
v 2.435720 0.006903 -0.060000
v 2.495720 -0.045780 -0.000000
v 2.435720 0.006902 0.060000
v 2.316652 -0.008628 -0.060000
v 2.256652 -0.076962 -0.000000
v 2.316652 -0.008628 0.060000
v 2.316652 0.064711 -0.060000
v 2.256652 -0.083936 -0.000000
v 2.316652 0.064711 0.060000
v 2.309334 0.057122 -0.060000
v 2.351893 0.014820 0.000000
v 2.309334 0.057122 0.060000
v 2.271492 0.024971 -0.060000
v 2.305491 -0.024503 -0.000000
v 2.271492 0.024971 0.060000
v 2.219222 -0.000566 -0.060000
v 2.236472 -0.058099 -0.000000
v 2.219222 -0.000566 0.060000
v 2.187377 -0.006900 -0.060000
v 2.193339 -0.066677 -0.000000
v 2.187377 -0.006900 0.060000
v 2.147032 -0.006192 -0.060000
v 2.138596 -0.065755 -0.000000
v 2.147032 -0.006192 0.060000
v 2.106072 0.005905 -0.060000
v 2.080361 -0.048505 -0.000000
v 2.106072 0.005905 0.060000
v 2.072159 0.028859 -0.060000
v 2.031333 -0.015334 -0.000000
v 2.072159 0.028859 0.060000
v 2.045867 0.061377 -0.060000
v 1.994450 0.030203 0.000000
v 2.045867 0.061377 0.060000
v 2.027772 0.102162 -0.060000
v 1.970396 0.084291 0.000000
v 2.027772 0.102162 0.060000
v 2.018449 0.149923 -0.060000
v 1.958643 0.144292 0.000000
v 2.018449 0.149923 0.060000
v 2.018806 0.206641 -0.060000
v 1.959042 0.212837 0.000000
v 2.018806 0.206641 0.060000
v 2.030940 0.263306 -0.060000
v 1.974023 0.282624 0.000000
v 2.030940 0.263306 0.060000
v 2.054543 0.312314 -0.060000
v 2.004228 0.345246 0.000000
v 2.054543 0.312314 0.060000
v 2.088918 0.351818 -0.060000
v 2.049630 0.397376 0.000000
v 2.088918 0.351818 0.060000
v 2.133372 0.379975 -0.060000
v 2.108962 0.434963 0.000000
v 2.133372 0.379975 0.060000
v 2.187209 0.394937 -0.060000
v 2.179242 0.454547 0.000000
v 2.187209 0.394937 0.060000
v 2.246400 0.395087 -0.060000
v 2.253905 0.454629 0.000000
v 2.246400 0.395087 0.060000
v 2.310037 0.377440 -0.060000
v 2.333896 0.432498 0.000000
v 2.310037 0.377440 0.060000
v 2.316652 0.374461 -0.060000
v 2.256652 0.467281 0.000000
v 2.316652 0.374461 0.060000
v 2.314939 0.555778 -0.060000
v 2.314939 0.555778 0.060000
v 2.268148 0.550370 -0.012986
v 2.255457 0.547570 0.000000
v 2.268148 0.550370 0.012986
v 2.313012 0.564617 -0.060000
v 2.279165 0.553722 -0.024493
v 2.268195 0.550192 -0.012986
v 2.268195 0.550192 0.012986
v 2.279165 0.553722 0.024493
v 2.313012 0.564617 0.060000
v 2.289366 0.557881 -0.035507
v 2.279341 0.553259 -0.024493
v 2.257048 0.542982 0.000000
v 2.279341 0.553259 0.024493
v 2.289366 0.557881 0.035507
v 2.310007 0.571191 -0.060000
v 2.299090 0.564084 -0.047014
v 2.289417 0.557787 -0.035507
v 2.289417 0.557787 0.035507
v 2.299090 0.564084 0.047014
v 2.310007 0.571191 0.060000
v 2.308024 0.573771 -0.060000
v 2.298496 0.564857 -0.047014
v 2.264000 0.532589 0.000000
v 2.298496 0.564857 0.047014
v 2.308024 0.573771 0.060000
v 2.298218 0.565102 -0.047014
v 2.291161 0.555984 -0.035507
v 2.269385 0.527849 0.000000
v 2.291161 0.555984 0.035507
v 2.298218 0.565102 0.047014
v 2.304077 0.576818 -0.060000
v 2.291528 0.555735 -0.035507
v 2.291528 0.555735 0.035507
v 2.304077 0.576818 0.060000
v 2.291487 0.555756 -0.035507
v 2.286913 0.545722 -0.024493
v 2.276739 0.523408 0.000000
v 2.286913 0.545722 0.024493
v 2.291487 0.555756 0.035507
v 2.298885 0.579171 -0.060000
v 2.287160 0.545624 -0.024493
v 2.283360 0.534753 -0.012986
v 2.283360 0.534753 0.012986
v 2.287160 0.545624 0.024493
v 2.298885 0.579171 0.060000
v 2.283459 0.534723 -0.012986
v 2.280077 0.522177 0.000000
v 2.283459 0.534723 0.012986
v 2.257981 0.584987 -0.060000
v 2.197981 0.529912 0.000000
v 2.257981 0.584987 0.060000
v 2.257981 0.601381 -0.060000
v 2.197981 0.656366 0.000000
v 2.257981 0.601381 0.060000
v 2.291137 0.666036 0.000000
v 2.353753 0.621225 -0.060000
v 2.360742 0.686337 0.000000
v 2.353753 0.621225 0.060000
v 2.365833 0.614323 -0.060000
v 2.429859 0.646841 0.000000
v 2.365833 0.614323 0.060000
v 2.216590 0.032068 -0.060000
v 2.207304 0.091390 0.000000
v 2.216590 0.032068 0.060000
v 2.239191 0.037389 -0.060000
v 2.221148 0.094652 0.000000
v 2.239191 0.037389 0.060000
v 2.241512 0.103492 0.000000
v 2.280222 0.056658 -0.060000
v 2.280222 0.056658 0.060000
v 2.292199 0.095754 -0.035507
v 2.269418 0.122998 0.000000
v 2.292199 0.095754 0.035507
v 2.316652 0.084556 -0.060000
v 2.292159 0.095720 -0.035507
v 2.256652 0.111904 0.000000
v 2.292159 0.095720 0.035507
v 2.316652 0.084556 0.060000
v 2.316652 0.328732 -0.060000
v 2.292159 0.318253 -0.035507
v 2.256652 0.303063 0.000000
v 2.292159 0.318253 0.035507
v 2.316652 0.328732 0.060000
v 2.293559 0.316916 -0.035507
v 2.269677 0.290626 0.000000
v 2.293559 0.316916 0.035507
v 2.288180 0.351868 -0.060000
v 2.288180 0.351868 0.060000
v 2.251373 0.303925 0.000000
v 2.253380 0.367718 -0.060000
v 2.236482 0.310104 0.000000
v 2.253380 0.367718 0.060000
v 2.233068 0.372072 -0.060000
v 2.224737 0.312614 0.000000
v 2.233068 0.372072 0.060000
v 2.189351 0.372274 -0.060000
v 2.197095 0.312641 0.000000
v 2.189351 0.372274 0.060000
v 2.150979 0.361802 -0.060000
v 2.175236 0.306736 0.000000
v 2.150979 0.361802 0.060000
v 2.133991 0.352731 -0.060000
v 2.166355 0.301994 0.000000
v 2.133991 0.352731 0.060000
v 2.104939 0.327114 -0.060000
v 2.151034 0.288447 0.000000
v 2.104939 0.327114 0.060000
v 2.083149 0.291790 -0.060000
v 2.138023 0.267221 0.000000
v 2.083149 0.291790 0.060000
v 2.069460 0.247072 -0.060000
v 2.128474 0.235795 0.000000
v 2.069460 0.247072 0.060000
v 2.067819 0.151232 -0.060000
v 2.127150 0.160526 0.000000
v 2.067819 0.151232 0.060000
v 2.077493 0.112645 -0.060000
v 2.133945 0.133242 0.000000
v 2.077493 0.112645 0.060000
v 2.094262 0.079379 -0.060000
v 2.143839 0.113445 0.000000
v 2.094262 0.079379 0.060000
v 2.118653 0.053303 -0.060000
v 2.155325 0.101064 0.000000
v 2.118653 0.053303 0.060000
v 2.133871 0.043545 -0.060000
v 2.161869 0.096867 0.000000
v 2.133871 0.043545 0.060000
v 2.170682 0.031759 -0.060000
v 2.179674 0.091268 0.000000
v 2.170682 0.031759 0.060000
v 2.968732 0.584739 -0.060000
v 2.973944 0.644576 0.000000
v 2.968732 0.584739 0.060000
v 3.053198 0.569025 -0.060000
v 3.070970 0.626450 0.000000
v 3.053198 0.569025 0.060000
v 3.121630 0.537780 -0.060000
v 3.154363 0.588271 0.000000
v 3.121630 0.537780 0.060000
v 3.173596 0.491196 -0.060000
v 3.220494 0.528938 0.000000
v 3.173596 0.491196 0.060000
v 3.208666 0.429465 -0.060000
v 3.264819 0.451048 0.000000
v 3.208666 0.429465 0.060000
v 3.226408 0.352779 -0.060000
v 3.286156 0.359243 0.000000
v 3.226408 0.352779 0.060000
v 3.226100 0.264203 -0.060000
v 3.285797 0.257176 0.000000
v 3.226100 0.264203 0.060000
v 3.206199 0.183092 -0.060000
v 3.262170 0.161091 0.000000
v 3.206199 0.183092 0.060000
v 3.167567 0.114527 -0.060000
v 3.215187 0.077765 0.000000
v 3.167567 0.114527 0.060000
v 3.111427 0.060354 -0.060000
v 3.146562 0.011528 0.000000
v 3.111427 0.060354 0.060000
v 3.039002 0.022420 -0.060000
v 3.059631 -0.034057 -0.000000
v 3.039002 0.022420 0.060000
v 2.951513 0.002568 -0.060000
v 2.958009 -0.057174 -0.000000
v 2.951513 0.002568 0.060000
v 2.690250 0.000000 -0.060000
v 2.630250 -0.060000 -0.000000
v 2.690250 -0.000000 0.060000
v 2.690250 0.018119 -0.060000
v 2.630250 0.070939 0.000000
v 2.690250 0.018119 0.060000
v 2.731450 0.025992 -0.060000
v 2.711430 0.082598 0.000000
v 2.731450 0.025992 0.060000
v 2.716936 0.070811 -0.012986
v 2.711600 0.082665 0.000000
v 2.716936 0.070811 0.012986
v 2.740549 0.030071 -0.060000
v 2.722780 0.060872 -0.024493
v 2.717022 0.070854 -0.012986
v 2.717022 0.070854 0.012986
v 2.722780 0.060872 0.024493
v 2.740549 0.030071 0.060000
v 2.723149 0.061112 -0.024493
v 2.723149 0.061112 0.024493
v 2.747731 0.035395 -0.060000
v 2.723075 0.061050 -0.024493
v 2.706067 0.078747 0.000000
v 2.723075 0.061050 0.024493
v 2.747731 0.035395 0.060000
v 2.722905 0.060864 -0.024493
v 2.722905 0.060864 0.024493
v 2.753236 0.042278 -0.060000
v 2.722708 0.060581 -0.024493
v 2.701648 0.073207 0.000000
v 2.722708 0.060581 0.024493
v 2.753236 0.042278 0.060000
v 2.755218 0.046182 -0.060000
v 2.722671 0.060509 -0.024493
v 2.712123 0.065152 -0.012986
v 2.712123 0.065152 0.012986
v 2.722671 0.060509 0.024493
v 2.755218 0.046182 0.060000
v 2.712113 0.065124 -0.012986
v 2.699749 0.069142 0.000000
v 2.712113 0.065124 0.012986
v 2.760151 0.066954 -0.060000
v 2.760151 0.066954 0.060000
v 2.759923 0.518443 -0.060000
v 2.700336 0.511272 0.000000
v 2.759923 0.518443 0.060000
v 2.711483 0.522000 -0.012986
v 2.699176 0.517810 0.000000
v 2.711483 0.522000 0.012986
v 2.754075 0.542146 -0.060000
v 2.721796 0.527214 -0.024493
v 2.711335 0.522375 -0.012986
v 2.711335 0.522375 0.012986
v 2.721796 0.527214 0.024493
v 2.754075 0.542146 0.060000
v 2.751714 0.546566 -0.060000
v 2.721481 0.527803 -0.024493
v 2.700626 0.514860 0.000000
v 2.721481 0.527803 0.024493
v 2.751714 0.546566 0.060000
v 2.721183 0.528221 -0.024493
v 2.721183 0.528221 0.024493
v 2.746367 0.553319 -0.060000
v 2.721506 0.527861 -0.024493
v 2.704357 0.510300 0.000000
v 2.721506 0.527861 0.024493
v 2.746367 0.553319 0.060000
v 2.743437 0.555827 -0.060000
v 2.722009 0.527430 -0.024493
v 2.722009 0.527430 0.024493
v 2.743437 0.555827 0.060000
v 2.722163 0.527328 -0.024493
v 2.709777 0.506154 0.000000
v 2.722163 0.527328 0.024493
v 2.736395 0.559934 -0.060000
v 2.721706 0.527563 -0.024493
v 2.716945 0.517072 -0.012986
v 2.716945 0.517072 0.012986
v 2.721706 0.527563 0.024493
v 2.736395 0.559934 0.060000
v 2.716646 0.517191 -0.012986
v 2.712335 0.504930 0.000000
v 2.716646 0.517191 0.012986
v 2.727675 0.562985 -0.060000
v 2.727675 0.562985 0.060000
v 2.690250 0.567731 -0.060000
v 2.630250 0.511384 0.000000
v 2.690250 0.567731 0.060000
v 2.690250 0.586713 -0.060000
v 2.630250 0.646713 0.000000
v 2.690250 0.586713 0.060000
v 2.947215 0.026424 -0.060000
v 2.940161 0.086118 0.000000
v 2.947215 0.026424 0.060000
v 3.018402 0.043896 -0.060000
v 2.996459 0.099885 0.000000
v 3.018402 0.043896 0.060000
v 3.077977 0.077186 -0.060000
v 3.041522 0.125032 0.000000
v 3.077977 0.077186 0.060000
v 3.102998 0.099223 -0.060000
v 3.060130 0.141421 0.000000
v 3.102998 0.099223 0.060000
v 3.142684 0.153005 -0.060000
v 3.089836 0.181711 0.000000
v 3.142684 0.153005 0.060000
v 3.167462 0.218292 -0.060000
v 3.109010 0.232343 0.000000
v 3.167462 0.218292 0.060000
v 3.176014 0.293356 -0.060000
v 3.115942 0.293753 0.000000
v 3.176014 0.293356 0.060000
v 3.168580 0.376146 -0.060000
v 3.109658 0.364301 0.000000
v 3.168580 0.376146 0.060000
v 3.146167 0.443454 -0.060000
v 3.092451 0.416332 0.000000
v 3.146167 0.443454 0.060000
v 3.108607 0.495470 -0.060000
v 3.066383 0.452540 0.000000
v 3.108607 0.495470 0.060000
v 3.084094 0.515804 -0.060000
v 3.049568 0.466488 0.000000
v 3.084094 0.515804 0.060000
v 3.023498 0.545244 -0.060000
v 3.004936 0.488051 0.000000
v 3.023498 0.545244 0.060000
v 2.975905 0.495407 0.000000
v 2.947336 0.559872 -0.060000
v 2.947336 0.559872 0.060000
v 2.811044 0.561691 -0.060000
v 2.871044 0.501691 0.000000
v 2.811044 0.561691 0.060000
v 2.811044 0.024159 -0.060000
v 2.871044 0.084159 0.000000
v 2.811044 0.024159 0.060000
v 3.434562 -0.002173 -0.060000
v 3.418619 -0.060176 -0.000000
v 3.434562 -0.002173 0.060000
v 3.392516 0.016266 -0.060000
v 3.360288 -0.034549 -0.000000
v 3.392516 0.016266 0.060000
v 3.374722 0.029544 -0.060000
v 3.335226 -0.015847 -0.000000
v 3.374722 0.029544 0.060000
v 3.345834 0.063352 -0.060000
v 3.295111 0.031042 0.000000
v 3.345834 0.063352 0.060000
v 3.326197 0.105668 -0.060000
v 3.269022 0.087135 0.000000
v 3.326197 0.105668 0.060000
v 3.316195 0.155102 -0.060000
v 3.256402 0.149290 0.000000
v 3.316195 0.155102 0.060000
v 3.316369 0.211837 -0.060000
v 3.256585 0.217764 0.000000
v 3.316369 0.211837 0.060000
v 3.327640 0.266946 -0.060000
v 3.270467 0.285466 0.000000
v 3.327640 0.266946 0.060000
v 3.349517 0.314614 -0.060000
v 3.298489 0.346416 0.000000
v 3.349517 0.314614 0.060000
v 3.381304 0.353042 -0.060000
v 3.340867 0.397583 0.000000
v 3.381304 0.353042 0.060000
v 3.422307 0.380433 -0.060000
v 3.396778 0.434923 0.000000
v 3.422307 0.380433 0.060000
v 3.446047 0.389428 -0.060000
v 3.428996 0.447130 0.000000
v 3.446047 0.389428 0.060000
v 3.499569 0.396894 -0.060000
v 3.499189 0.457009 0.000000
v 3.499569 0.396894 0.060000
v 3.542642 0.391917 -0.060000
v 3.557379 0.450225 0.000000
v 3.542642 0.391917 0.060000
v 3.577830 0.377497 -0.060000
v 3.608980 0.428994 0.000000
v 3.577830 0.377497 0.060000
v 3.592474 0.366985 -0.060000
v 3.631344 0.412941 0.000000
v 3.592474 0.366985 0.060000
v 3.615879 0.339838 -0.060000
v 3.666775 0.371908 0.000000
v 3.615879 0.339838 0.060000
v 3.631458 0.305166 -0.060000
v 3.688904 0.322846 0.000000
v 3.631458 0.305166 0.060000
v 3.699066 0.269040 0.000000
v 3.640207 0.209664 -0.060000
v 3.700207 0.149664 0.000000
v 3.640207 0.209664 0.060000
v 3.360656 0.209664 -0.060000
v 3.420656 0.149664 0.000000
v 3.360656 0.209664 0.060000
v 3.360656 0.208999 -0.060000
v 3.420656 0.208999 0.000000
v 3.360656 0.208999 0.060000
v 3.407670 0.201035 -0.012986
v 3.420656 0.201035 0.000000
v 3.407670 0.201035 0.012986
v 3.407670 0.201135 -0.012986
v 3.420656 0.201401 0.000000
v 3.407670 0.201135 0.012986
v 3.369702 0.130891 -0.060000
v 3.427382 0.147747 0.000000
v 3.369702 0.130891 0.060000
v 3.385759 0.092973 -0.060000
v 3.437569 0.123513 0.000000
v 3.385759 0.092973 0.060000
v 3.409809 0.062927 -0.060000
v 3.450477 0.107294 0.000000
v 3.409809 0.062927 0.060000
v 3.441828 0.041833 -0.060000
v 3.466631 0.096669 0.000000
v 3.441828 0.041833 0.060000
v 3.481792 0.030769 -0.060000
v 3.489603 0.090398 0.000000
v 3.481792 0.030769 0.060000
v 3.531809 0.031241 -0.060000
v 3.523259 0.090668 0.000000
v 3.531809 0.031241 0.060000
v 3.556163 0.036526 -0.060000
v 3.539307 0.094147 0.000000
v 3.556163 0.036526 0.060000
v 3.597418 0.054645 -0.060000
v 3.566701 0.106212 0.000000
v 3.597418 0.054645 0.060000
v 3.629854 0.078516 -0.060000
v 3.634724 0.161234 0.000000
v 3.629854 0.078516 0.060000
v 3.641933 0.065574 -0.060000
v 3.724502 0.065042 0.000000
v 3.641933 0.065574 0.060000
v 3.599879 0.027930 -0.060000
v 3.634563 -0.021067 -0.000000
v 3.599879 0.027930 0.060000
v 3.548238 0.001406 -0.060000
v 3.567312 -0.055532 -0.000000
v 3.548238 0.001406 0.060000
v 3.484901 -0.008628 -0.060000
v 3.484197 -0.068702 -0.000000
v 3.484901 -0.008628 0.060000
v 3.593616 0.234685 -0.060000
v 3.580235 0.247375 -0.047014
v 3.531792 0.293316 0.000000
v 3.580235 0.247375 0.047014
v 3.593616 0.234685 0.060000
v 3.580093 0.251990 -0.047014
v 3.533150 0.248970 0.000000
v 3.580093 0.251990 0.047014
v 3.591330 0.270440 -0.060000
v 3.591330 0.270440 0.060000
v 3.529734 0.274143 0.000000
v 3.578137 0.318133 -0.060000
v 3.523674 0.292675 0.000000
v 3.578137 0.318133 0.060000
v 3.561711 0.343627 -0.060000
v 3.516791 0.303544 0.000000
v 3.561711 0.343627 0.060000
v 3.550922 0.353881 -0.060000
v 3.513454 0.306715 0.000000
v 3.550922 0.353881 0.060000
v 3.538288 0.362206 -0.060000
v 3.509815 0.309113 0.000000
v 3.538288 0.362206 0.060000
v 3.507098 0.372265 -0.060000
v 3.498119 0.312752 0.000000
v 3.507098 0.372265 0.060000
v 3.471159 0.372493 -0.060000
v 3.479080 0.312878 0.000000
v 3.471159 0.372493 0.060000
v 3.439913 0.363824 -0.060000
v 3.464287 0.308819 0.000000
v 3.439913 0.363824 0.060000
v 3.425974 0.356374 -0.060000
v 3.458163 0.305546 0.000000
v 3.425974 0.356374 0.060000
v 3.401747 0.335526 -0.060000
v 3.446902 0.295806 0.000000
v 3.401747 0.335526 0.060000
v 3.382770 0.307129 -0.060000
v 3.436361 0.279927 0.000000
v 3.382770 0.307129 0.060000
v 3.369496 0.271638 -0.060000
v 3.369496 0.271638 0.060000
v 3.377954 0.249193 -0.047014
v 3.424345 0.241297 0.000000
v 3.377954 0.249193 0.047014
v 3.362382 0.229508 -0.060000
v 3.377151 0.242828 -0.047014
v 3.430622 0.291051 0.000000
v 3.377151 0.242828 0.047014
v 3.362382 0.229508 0.060000
v 3.741493 0.307235 -0.060000
v 3.682094 0.317049 0.000000
v 3.741493 0.307235 0.060000
v 3.745003 0.321198 -0.060000
v 3.688012 0.340592 0.000000
v 3.745003 0.321198 0.060000
v 3.758413 0.346403 -0.060000
v 3.710231 0.382440 0.000000
v 3.758413 0.346403 0.060000
v 3.779444 0.367343 -0.060000
v 3.743074 0.415222 0.000000
v 3.779444 0.367343 0.060000
v 3.807018 0.383249 -0.060000
v 3.783195 0.438421 0.000000
v 3.807018 0.383249 0.060000
v 3.840056 0.393355 -0.060000
v 3.828460 0.452302 0.000000
v 3.840056 0.393355 0.060000
v 3.877481 0.396894 -0.060000
v 3.876596 0.456918 0.000000
v 3.877481 0.396894 0.060000
v 3.957435 0.385006 -0.060000
v 3.975833 0.442136 0.000000
v 3.957435 0.385006 0.060000
v 3.993961 0.368421 -0.060000
v 4.059643 0.399699 0.000000
v 3.993961 0.368421 0.060000
v 3.978430 0.270060 -0.060000
v 4.029699 0.210060 0.000000
v 3.978430 0.270060 0.060000
v 3.962899 0.270060 -0.060000
v 3.914922 0.210060 0.000000
v 3.962899 0.270060 0.060000
v 3.943055 0.358067 -0.060000
v 3.931806 0.348915 -0.047014
v 3.891083 0.315782 0.000000
v 3.931806 0.348915 0.047014
v 3.943055 0.358067 0.060000
v 3.931355 0.349120 -0.047014
v 3.912952 0.305842 0.000000
v 3.931355 0.349120 0.047014
v 3.917298 0.367622 -0.060000
v 3.902088 0.309565 0.000000
v 3.917298 0.367622 0.060000
v 3.855011 0.372119 -0.060000
v 3.860595 0.312308 0.000000
v 3.855011 0.372119 0.060000
v 3.830983 0.367410 -0.060000
v 3.849283 0.310156 0.000000
v 3.830983 0.367410 0.060000
v 3.811809 0.358567 -0.060000
v 3.844244 0.307914 0.000000
v 3.811809 0.358567 0.060000
v 3.797463 0.346189 -0.060000
v 3.843173 0.307058 0.000000
v 3.797463 0.346189 0.060000
v 3.792094 0.338862 -0.060000
v 3.843177 0.307062 0.000000
v 3.792094 0.338862 0.060000
v 3.784948 0.322305 -0.060000
v 3.843012 0.306608 0.000000
v 3.784948 0.322305 0.060000
v 3.782571 0.303710 -0.060000
v 3.842701 0.303919 0.000000
v 3.782571 0.303710 0.060000
v 3.842776 0.302844 0.000000
v 3.785208 0.285343 -0.060000
v 3.842713 0.303122 0.000000
v 3.785208 0.285343 0.060000
v 3.788476 0.277152 -0.060000
v 3.788476 0.277152 0.060000
v 3.842356 0.303939 0.000000
v 3.798824 0.262362 -0.060000
v 3.843060 0.303072 0.000000
v 3.798824 0.262362 0.060000
v 3.814133 0.249178 -0.060000
v 3.849016 0.298058 0.000000
v 3.814133 0.249178 0.060000
v 3.948810 0.181446 -0.060000
v 3.982640 0.231058 0.000000
v 3.948810 0.181446 0.060000
v 3.971937 0.162421 -0.060000
v 4.015134 0.204228 0.000000
v 3.971937 0.162421 0.060000
v 3.988797 0.139560 -0.060000
v 4.042110 0.167504 0.000000
v 3.988797 0.139560 0.060000
v 3.994420 0.126362 -0.060000
v 4.051578 0.145281 0.000000
v 3.994420 0.126362 0.060000
v 3.999137 0.095772 -0.060000
v 4.059340 0.095341 0.000000
v 3.999137 0.095772 0.060000
v 3.997699 0.079762 -0.060000
v 4.056960 0.068850 0.000000
v 3.997699 0.079762 0.060000
v 3.993532 0.064971 -0.060000
v 4.049787 0.043385 0.000000
v 3.993532 0.064971 0.060000
v 3.977886 0.039178 -0.060000
v 4.023489 -0.000103 -0.000000
v 3.977886 0.039178 0.060000
v 3.953947 0.018658 -0.060000
v 3.986713 -0.031746 -0.000000
v 3.953947 0.018658 0.060000
v 3.923465 0.003675 -0.060000
v 3.944168 -0.052721 -0.000000
v 3.923465 0.003675 0.060000
v 3.849871 -0.008628 -0.060000
v 3.850572 -0.068649 -0.000000
v 3.849871 -0.008628 0.060000
v 3.767041 0.003515 -0.060000
v 3.748976 -0.053720 -0.000000
v 3.767041 0.003515 0.060000
v 3.728214 0.020708 -0.060000
v 3.662370 -0.011137 -0.000000
v 3.728214 0.020708 0.060000
v 3.744608 0.123382 -0.060000
v 3.693428 0.183382 0.000000
v 3.744608 0.123382 0.060000
v 3.760138 0.123382 -0.060000
v 3.807192 0.183382 0.000000
v 3.760138 0.123382 0.060000
v 3.783434 0.028473 -0.060000
v 3.794386 0.038330 -0.047014
v 3.834037 0.074015 0.000000
v 3.794386 0.038330 0.047014
v 3.783434 0.028473 0.060000
v 3.793870 0.038516 -0.047014
v 3.809062 0.083014 0.000000
v 3.793870 0.038516 0.047014
v 3.808296 0.020899 -0.060000
v 3.821845 0.079358 0.000000
v 3.808296 0.020899 0.060000
v 3.859362 0.015531 -0.060000
v 3.858459 0.075544 0.000000
v 3.859362 0.015531 0.060000
v 3.886892 0.017843 -0.060000
v 3.876304 0.076972 0.000000
v 3.886892 0.017843 0.060000
v 3.910491 0.024542 -0.060000
v 3.887690 0.080151 0.000000
v 3.910491 0.024542 0.060000
v 3.929681 0.035267 -0.060000
v 3.893525 0.083333 0.000000
v 3.929681 0.035267 0.060000
v 3.943981 0.049660 -0.060000
v 3.895251 0.084984 0.000000
v 3.943981 0.049660 0.060000
v 3.949148 0.058119 -0.060000
v 3.895414 0.085252 0.000000
v 3.949148 0.058119 0.060000
v 3.955216 0.077337 -0.060000
v 3.895713 0.086326 0.000000
v 3.955216 0.077337 0.060000
v 3.955264 0.098670 -0.060000
v 3.895722 0.089948 0.000000
v 3.955264 0.098670 0.060000
v 3.895676 0.090153 0.000000
v 3.949485 0.117059 -0.060000
v 3.895926 0.089544 0.000000
v 3.949485 0.117059 0.060000
v 3.944493 0.125044 -0.060000
v 3.896081 0.089296 0.000000
v 3.944493 0.125044 0.060000
v 3.930436 0.139236 -0.060000
v 3.892912 0.092314 0.000000
v 3.930436 0.139236 0.060000
v 3.785238 0.213866 -0.060000
v 3.750818 0.164659 0.000000
v 3.785238 0.213866 0.060000
v 3.764248 0.231597 -0.060000
v 3.720428 0.190439 0.000000
v 3.764248 0.231597 0.060000
v 3.749286 0.252588 -0.060000
v 3.695533 0.225507 0.000000
v 3.749286 0.252588 0.060000
v 3.741333 0.277894 -0.060000
v 3.681814 0.269008 0.000000
v 3.741333 0.277894 0.060000
v 4.132363 0.527297 -0.060000
v 4.072761 0.535275 0.000000
v 4.132363 0.527297 0.060000
v 4.135044 0.537168 -0.060000
v 4.079603 0.560443 0.000000
v 4.135044 0.537168 0.060000
v 4.140062 0.545782 -0.060000
v 4.092450 0.582498 0.000000
v 4.140062 0.545782 0.060000
v 4.147057 0.552777 -0.060000
v 4.110340 0.600388 0.000000
v 4.147057 0.552777 0.060000
v 4.155671 0.557795 -0.060000
v 4.132395 0.613236 0.000000
v 4.155671 0.557795 0.060000
v 4.165542 0.560476 -0.060000
v 4.157567 0.620079 0.000000
v 4.165542 0.560476 0.060000
v 4.176133 0.560476 -0.060000
v 4.184108 0.620079 0.000000
v 4.176133 0.560476 0.060000
v 4.186005 0.557795 -0.060000
v 4.209282 0.613236 0.000000
v 4.186005 0.557795 0.060000
v 4.194618 0.552777 -0.060000
v 4.231335 0.600388 0.000000
v 4.194618 0.552777 0.060000
v 4.201613 0.545782 -0.060000
v 4.249225 0.582498 0.000000
v 4.201613 0.545782 0.060000
v 4.206631 0.537168 -0.060000
v 4.262072 0.560443 0.000000
v 4.206631 0.537168 0.060000
v 4.209312 0.527297 -0.060000
v 4.268914 0.535272 0.000000
v 4.209312 0.527297 0.060000
v 4.209311 0.516707 -0.060000
v 4.268913 0.508729 0.000000
v 4.209311 0.516707 0.060000
v 4.206630 0.506835 -0.060000
v 4.262072 0.483560 0.000000
v 4.206630 0.506835 0.060000
v 4.201612 0.498222 -0.060000
v 4.249224 0.461506 0.000000
v 4.201612 0.498222 0.060000
v 4.194617 0.491227 -0.060000
v 4.231334 0.443616 0.000000
v 4.194617 0.491227 0.060000
v 4.186004 0.486208 -0.060000
v 4.209281 0.430768 0.000000
v 4.186004 0.486208 0.060000
v 4.176133 0.483527 -0.060000
v 4.184108 0.423925 0.000000
v 4.176133 0.483527 0.060000
v 4.165542 0.483527 -0.060000
v 4.157567 0.423925 0.000000
v 4.165542 0.483527 0.060000
v 4.155670 0.486208 -0.060000
v 4.132394 0.430768 0.000000
v 4.155670 0.486208 0.060000
v 4.147057 0.491227 -0.060000
v 4.110340 0.443616 0.000000
v 4.147057 0.491227 0.060000
v 4.140061 0.498222 -0.060000
v 4.092450 0.461506 0.000000
v 4.140061 0.498222 0.060000
v 4.135044 0.506835 -0.060000
v 4.079602 0.483560 0.000000
v 4.135044 0.506835 0.060000
v 4.132362 0.516707 -0.060000
v 4.072760 0.508731 0.000000
v 4.132362 0.516707 0.060000
v 4.206762 0.051487 -0.060000
v 4.265930 0.061540 0.000000
v 4.206762 0.051487 0.060000
v 4.253708 0.056631 -0.012986
v 4.266198 0.060213 0.000000
v 4.253708 0.056631 0.012986
v 4.242947 0.052511 -0.024493
v 4.253760 0.056471 -0.012986
v 4.253760 0.056471 0.012986
v 4.242947 0.052511 0.024493
v 4.210831 0.037248 -0.060000
v 4.233070 0.047569 -0.035507
v 4.243070 0.052210 -0.024493
v 4.243070 0.052210 0.024493
v 4.233070 0.047569 0.035507
v 4.210831 0.037248 0.060000
v 4.233179 0.047359 -0.035507
v 4.263516 0.065983 0.000000
v 4.233179 0.047359 0.035507
v 4.214409 0.031503 -0.060000
v 4.233140 0.047414 -0.035507
v 4.260293 0.070479 0.000000
v 4.233140 0.047414 0.035507
v 4.214409 0.031503 0.060000
v 4.232964 0.047590 -0.035507
v 4.232964 0.047590 0.035507
v 4.220031 0.026707 -0.060000
v 4.233133 0.047466 -0.035507
v 4.239024 0.056801 -0.024493
v 4.252126 0.077561 0.000000
v 4.239024 0.056801 0.024493
v 4.233133 0.047466 0.035507
v 4.220031 0.026707 0.060000
v 4.238674 0.056991 -0.024493
v 4.243591 0.067413 -0.012986
v 4.243591 0.067413 0.012986
v 4.238674 0.056991 0.024493
v 4.227414 0.023241 -0.060000
v 4.243227 0.067562 -0.012986
v 4.247594 0.079804 0.000000
v 4.243227 0.067562 0.012986
v 4.227414 0.023241 0.060000
v 4.267472 0.016393 -0.060000
v 4.327472 0.069756 0.000000
v 4.267472 0.016393 0.060000
v 4.267472 0.000000 -0.060000
v 4.327472 -0.064639 -0.000000
v 4.267472 -0.000000 0.060000
v 4.096635 0.000000 -0.060000
v 4.036635 -0.064639 -0.000000
v 4.096635 -0.000000 0.060000
v 4.096635 0.016393 -0.060000
v 4.036635 0.069570 0.000000
v 4.096635 0.016393 0.060000
v 4.135526 0.022898 -0.060000
v 4.120943 0.067626 -0.012986
v 4.116915 0.079982 0.000000
v 4.120943 0.067626 0.012986
v 4.135526 0.022898 0.060000
v 4.125578 0.057071 -0.024493
v 4.121101 0.067685 -0.012986
v 4.121101 0.067685 0.012986
v 4.125578 0.057071 0.024493
v 4.142863 0.025979 -0.060000
v 4.131022 0.047466 -0.035507
v 4.125697 0.057128 -0.024493
v 4.125697 0.057128 0.024493
v 4.131022 0.047466 0.035507
v 4.142863 0.025979 0.060000
v 4.131523 0.047781 -0.035507
v 4.110613 0.076576 0.000000
v 4.131523 0.047781 0.035507
v 4.148654 0.030174 -0.060000
v 4.131596 0.047841 -0.035507
v 4.131596 0.047841 0.035507
v 4.148654 0.030174 0.060000
v 4.150992 0.032787 -0.060000
v 4.131135 0.047326 -0.035507
v 4.102347 0.068403 0.000000
v 4.131135 0.047326 0.035507
v 4.150992 0.032787 0.060000
v 4.130904 0.046936 -0.035507
v 4.121143 0.052068 -0.024493
v 4.121143 0.052068 0.024493
v 4.130904 0.046936 0.035507
v 4.121151 0.052085 -0.024493
v 4.110497 0.056461 -0.012986
v 4.110497 0.056461 0.012986
v 4.121151 0.052085 0.024493
v 4.155252 0.041981 -0.060000
v 4.110412 0.056225 -0.012986
v 4.098026 0.060159 0.000000
v 4.110412 0.056225 0.012986
v 4.155252 0.041981 0.060000
v 4.097959 0.059917 0.000000
v 4.157173 0.049948 -0.060000
v 4.098129 0.060726 0.000000
v 4.157173 0.049948 0.060000
v 4.157908 0.326332 -0.060000
v 4.157908 0.326332 0.060000
v 4.111128 0.320841 -0.012986
v 4.098440 0.318026 0.000000
v 4.111128 0.320841 0.012986
v 4.155981 0.335122 -0.060000
v 4.122144 0.324193 -0.024493
v 4.111179 0.320651 -0.012986
v 4.111179 0.320651 0.012986
v 4.122144 0.324193 0.024493
v 4.155981 0.335122 0.060000
v 4.132342 0.328361 -0.035507
v 4.122321 0.323732 -0.024493
v 4.100035 0.313439 0.000000
v 4.122321 0.323732 0.024493
v 4.132342 0.328361 0.035507
v 4.152975 0.341683 -0.060000
v 4.142060 0.334573 -0.047014
v 4.132389 0.328274 -0.035507
v 4.132389 0.328274 0.035507
v 4.142060 0.334573 0.047014
v 4.152975 0.341683 0.060000
v 4.150992 0.344262 -0.060000
v 4.141464 0.335350 -0.047014
v 4.106967 0.303083 0.000000
v 4.141464 0.335350 0.047014
v 4.150992 0.344262 0.060000
v 4.141186 0.335594 -0.047014
v 4.134128 0.326477 -0.035507
v 4.112349 0.298344 0.000000
v 4.134128 0.326477 0.035507
v 4.141186 0.335594 0.047014
v 4.147046 0.347310 -0.060000
v 4.134497 0.326227 -0.035507
v 4.134497 0.326227 0.035507
v 4.147046 0.347310 0.060000
v 4.134456 0.326248 -0.035507
v 4.129881 0.316214 -0.024493
v 4.119708 0.293899 0.000000
v 4.129881 0.316214 0.024493
v 4.134456 0.326248 0.035507
v 4.141853 0.349663 -0.060000
v 4.130129 0.316116 -0.024493
v 4.126329 0.305244 -0.012986
v 4.126329 0.305244 0.012986
v 4.130129 0.316116 0.024493
v 4.141853 0.349663 0.060000
v 4.126428 0.305214 -0.012986
v 4.123046 0.292669 0.000000
v 4.126428 0.305214 0.012986
v 4.100949 0.355479 -0.060000
v 4.040949 0.300404 0.000000
v 4.100949 0.355479 0.060000
v 4.100949 0.371872 -0.060000
v 4.040949 0.426858 0.000000
v 4.100949 0.371872 0.060000
v 4.134105 0.436528 0.000000
v 4.196722 0.391717 -0.060000
v 4.203711 0.456828 0.000000
v 4.196722 0.391717 0.060000
v 4.208801 0.384815 -0.060000
v 4.272832 0.417330 0.000000
v 4.208801 0.384815 0.060000
v 4.714409 0.345125 -0.060000
v 4.763351 0.285125 0.000000
v 4.714409 0.345125 0.060000
v 4.631579 0.345125 -0.060000
v 4.767450 0.285125 0.000000
v 4.631579 0.345125 0.060000
v 4.636971 0.339210 -0.060000
v 4.682467 0.378363 0.000000
v 4.636971 0.339210 0.060000
v 4.654103 0.313634 -0.060000
v 4.707875 0.340327 0.000000
v 4.654103 0.313634 0.060000
v 4.665093 0.276899 -0.060000
v 4.724655 0.284392 0.000000
v 4.665093 0.276899 0.060000
v 4.664602 0.240833 -0.060000
v 4.724085 0.231727 0.000000
v 4.664602 0.240833 0.060000
v 4.660280 0.222246 -0.060000
v 4.717687 0.204211 0.000000
v 4.660280 0.222246 0.060000
v 4.644042 0.188956 -0.060000
v 4.693729 0.155054 0.000000
v 4.644042 0.188956 0.060000
v 4.619176 0.161562 -0.060000
v 4.658031 0.115681 0.000000
v 4.619176 0.161562 0.060000
v 4.587480 0.140926 -0.060000
v 4.614024 0.087001 0.000000
v 4.587480 0.140926 0.060000
v 4.550751 0.127912 -0.060000
v 4.564260 0.069353 0.000000
v 4.550751 0.127912 0.060000
v 4.510786 0.123382 -0.060000
v 4.512170 0.063364 0.000000
v 4.510786 0.123382 0.060000
v 4.452976 0.118123 -0.047014
v 4.439569 0.073055 0.000000
v 4.452976 0.118123 0.047014
v 4.452114 0.132010 -0.060000
v 4.455544 0.117314 -0.047014
v 4.467959 0.064109 0.000000
v 4.455544 0.117314 0.047014
v 4.452114 0.132010 0.060000
v 4.455936 0.117690 -0.047014
v 4.488532 0.083810 0.000000
v 4.455936 0.117690 0.047014
v 4.416196 0.091810 -0.060000
v 4.468310 0.061955 0.000000
v 4.416196 0.091810 0.060000
v 4.456518 0.067419 -0.012986
v 4.468391 0.062113 0.000000
v 4.456518 0.067419 0.012986
v 4.411530 0.081400 -0.060000
v 4.445533 0.070910 -0.024493
v 4.456553 0.067510 -0.012986
v 4.456553 0.067510 0.012986
v 4.445533 0.070910 0.024493
v 4.411530 0.081400 0.060000
v 4.410273 0.076108 -0.060000
v 4.445443 0.070531 -0.024493
v 4.469704 0.066683 0.000000
v 4.445443 0.070531 0.024493
v 4.410273 0.076108 0.060000
v 4.434398 0.070599 -0.035507
v 4.445443 0.070531 -0.024493
v 4.445443 0.070531 0.024493
v 4.434398 0.070599 0.035507
v 4.410158 0.066090 -0.060000
v 4.434457 0.069750 -0.035507
v 4.469682 0.075057 0.000000
v 4.434457 0.069750 0.035507
v 4.410158 0.066090 0.060000
v 4.411115 0.062007 -0.060000
v 4.434430 0.069864 -0.035507
v 4.468230 0.081255 0.000000
v 4.434430 0.069864 0.035507
v 4.411115 0.062007 0.060000
v 4.412694 0.058469 -0.060000
v 4.424003 0.064995 -0.047014
v 4.434022 0.070777 -0.035507
v 4.464941 0.088620 0.000000
v 4.434022 0.070777 0.035507
v 4.424003 0.064995 0.047014
v 4.412694 0.058469 0.060000
v 4.414886 0.055444 -0.060000
v 4.424623 0.064139 -0.047014
v 4.433250 0.071844 -0.035507
v 4.459872 0.095618 0.000000
v 4.433250 0.071844 0.035507
v 4.424623 0.064139 0.047014
v 4.414886 0.055444 0.060000
v 4.417675 0.052898 -0.060000
v 4.432521 0.072509 -0.035507
v 4.454041 0.100939 0.000000
v 4.432521 0.072509 0.035507
v 4.417675 0.052898 0.060000
v 4.421053 0.050798 -0.060000
v 4.432390 0.072590 -0.035507
v 4.437488 0.082390 -0.024493
v 4.448825 0.104182 0.000000
v 4.437488 0.082390 0.024493
v 4.432390 0.072590 0.035507
v 4.421053 0.050798 0.060000
v 4.436947 0.082620 -0.024493
v 4.440817 0.093479 -0.012986
v 4.440817 0.093479 0.012986
v 4.436947 0.082620 0.024493
v 4.429521 0.047806 -0.060000
v 4.440443 0.093588 -0.012986
v 4.443460 0.106234 0.000000
v 4.440443 0.093588 0.012986
v 4.429521 0.047806 0.060000
v 4.612017 0.039029 -0.060000
v 4.625853 0.097482 0.000000
v 4.612017 0.039029 0.060000
v 4.645940 0.027292 -0.060000
v 4.672328 0.081315 0.000000
v 4.645940 0.027292 0.060000
v 4.671917 0.009935 -0.060000
v 4.712729 0.054185 0.000000
v 4.671917 0.009935 0.060000
v 4.689590 -0.012875 -0.060000
v 4.742894 0.015170 0.000000
v 4.689590 -0.012875 0.060000
v 4.695199 -0.026272 -0.060000
v 4.752510 -0.007793 -0.000000
v 4.695199 -0.026272 0.060000
v 4.699741 -0.056946 -0.060000
v 4.759934 -0.057492 -0.000000
v 4.699741 -0.056946 0.060000
v 4.697944 -0.076960 -0.060000
v 4.757204 -0.087890 -0.000000
v 4.697944 -0.076960 0.060000
v 4.692695 -0.095549 -0.060000
v 4.748922 -0.117218 -0.000000
v 4.692695 -0.095549 0.060000
v 4.684211 -0.112651 -0.060000
v 4.735604 -0.144064 -0.000000
v 4.684211 -0.112651 0.060000
v 4.672707 -0.128208 -0.060000
v 4.718065 -0.167782 -0.000000
v 4.672707 -0.128208 0.060000
v 4.641501 -0.154444 -0.060000
v 4.673691 -0.205222 -0.000000
v 4.641501 -0.154444 0.060000
v 4.600805 -0.173777 -0.060000
v 4.620752 -0.230445 -0.000000
v 4.600805 -0.173777 0.060000
v 4.552344 -0.185728 -0.060000
v 4.561674 -0.245051 -0.000000
v 4.552344 -0.185728 0.060000
v 4.453688 -0.187170 -0.060000
v 4.446196 -0.246735 -0.000000
v 4.453688 -0.187170 0.060000
v 4.379854 -0.166199 -0.060000
v 4.352222 -0.219575 -0.000000
v 4.379854 -0.166199 0.060000
v 4.353530 -0.148020 -0.060000
v 4.312052 -0.191663 -0.000000
v 4.353530 -0.148020 0.060000
v 4.343750 -0.137039 -0.060000
v 4.295084 -0.172610 -0.000000
v 4.343750 -0.137039 0.060000
v 4.336505 -0.124808 -0.060000
v 4.281624 -0.149887 -0.000000
v 4.336505 -0.124808 0.060000
v 4.332005 -0.111337 -0.060000
v 4.273020 -0.124134 -0.000000
v 4.332005 -0.111337 0.060000
v 4.330458 -0.096635 -0.060000
v 4.270235 -0.097663 -0.000000
v 4.330458 -0.096635 0.060000
v 4.331235 -0.085652 -0.060000
v 4.271688 -0.077139 -0.000000
v 4.331235 -0.085652 0.060000
v 4.337212 -0.065075 -0.060000
v 4.282256 -0.040677 -0.000000
v 4.337212 -0.065075 0.060000
v 4.348545 -0.046332 -0.060000
v 4.300951 -0.009655 -0.000000
v 4.348545 -0.046332 0.060000
v 4.364588 -0.029398 -0.060000
v 4.324794 0.015576 0.000000
v 4.364588 -0.029398 0.060000
v 4.408214 -0.000863 -0.060000
v 4.381315 0.052790 0.000000
v 4.408214 -0.000863 0.060000
v 4.421053 0.005177 -0.060000
v 4.230548 -0.018140 -0.000000
v 4.421053 0.005177 0.060000
v 4.412206 0.006935 -0.060000
v 4.398246 -0.051464 -0.000000
v 4.412206 0.006935 0.060000
v 4.397042 0.011877 -0.060000
v 4.373090 -0.043215 -0.000000
v 4.397042 0.011877 0.060000
v 4.385149 0.018581 -0.060000
v 4.349607 -0.029900 -0.000000
v 4.385149 0.018581 0.060000
v 4.376409 0.026879 -0.060000
v 4.329358 -0.010593 -0.000000
v 4.376409 0.026879 0.060000
v 4.370699 0.036602 -0.060000
v 4.315020 0.013848 0.000000
v 4.370699 0.036602 0.060000
v 4.367902 0.047584 -0.060000
v 4.308221 0.040362 0.000000
v 4.367902 0.047584 0.060000
v 4.367957 0.060103 -0.060000
v 4.308290 0.067433 0.000000
v 4.367957 0.060103 0.060000
v 4.371212 0.073056 -0.060000
v 4.315041 0.094422 0.000000
v 4.371212 0.073056 0.060000
v 4.377882 0.086117 -0.060000
v 4.327099 0.118174 0.000000
v 4.377882 0.086117 0.060000
v 4.411415 0.141150 -0.047014
v 4.380116 0.176233 0.000000
v 4.411415 0.141150 0.047014
v 4.430544 0.140638 -0.060000
v 4.407746 0.137938 -0.047014
v 4.325211 0.128160 0.000000
v 4.407746 0.137938 0.047014
v 4.430544 0.140638 0.060000
v 4.412519 0.135433 -0.047014
v 4.388886 0.094741 0.000000
v 4.412519 0.135433 0.047014
v 4.408314 0.153537 -0.060000
v 4.408314 0.153537 0.060000
v 4.389320 0.169623 -0.060000
v 4.346426 0.127575 0.000000
v 4.389320 0.169623 0.060000
v 4.373922 0.188632 -0.060000
v 4.323809 0.155507 0.000000
v 4.373922 0.188632 0.060000
v 4.362478 0.210303 -0.060000
v 4.306852 0.187617 0.000000
v 4.362478 0.210303 0.060000
v 4.355347 0.234370 -0.060000
v 4.296363 0.222994 0.000000
v 4.355347 0.234370 0.060000
v 4.354416 0.280108 -0.060000
v 4.294967 0.289500 0.000000
v 4.354416 0.280108 0.060000
v 4.365914 0.315722 -0.060000
v 4.312144 0.342722 0.000000
v 4.365914 0.315722 0.060000
v 4.387119 0.345979 -0.060000
v 4.343084 0.386932 0.000000
v 4.387119 0.345979 0.060000
v 4.416161 0.369993 -0.060000
v 4.383831 0.420668 0.000000
v 4.416161 0.369993 0.060000
v 4.451170 0.386877 -0.060000
v 4.431383 0.443622 0.000000
v 4.451170 0.386877 0.060000
v 4.490279 0.395744 -0.060000
v 4.483573 0.455462 0.000000
v 4.490279 0.395744 0.060000
v 4.549740 0.392995 -0.060000
v 4.561863 0.451779 0.000000
v 4.549740 0.392995 0.060000
v 4.584859 0.381811 -0.060000
v 4.609181 0.436685 0.000000
v 4.584859 0.381811 0.060000
v 4.621652 0.389521 -0.035507
v 4.641288 0.419122 0.000000
v 4.621652 0.389521 0.035507
v 4.615186 0.364107 -0.060000
v 4.620212 0.390537 -0.035507
v 4.627498 0.428851 0.000000
v 4.620212 0.390537 0.035507
v 4.615186 0.364107 0.060000
v 4.710958 0.387403 -0.060000
v 4.726148 0.452847 0.000000
v 4.710958 0.387403 0.060000
v 4.721312 0.378775 -0.060000
v 4.787301 0.401886 0.000000
v 4.721312 0.378775 0.060000
v 4.618577 0.272520 -0.060000
v 4.558873 0.265611 0.000000
v 4.618577 0.272520 0.060000
v 4.611411 0.302618 -0.060000
v 4.555119 0.281509 0.000000
v 4.611411 0.302618 0.060000
v 4.597630 0.328653 -0.060000
v 4.548697 0.293696 0.000000
v 4.597630 0.328653 0.060000
v 4.577809 0.349643 -0.060000
v 4.540222 0.302687 0.000000
v 4.577809 0.349643 0.060000
v 4.552524 0.364606 -0.060000
v 4.529341 0.309109 0.000000
v 4.552524 0.364606 0.060000
v 4.522349 0.372558 -0.060000
v 4.514744 0.312915 0.000000
v 4.522349 0.372558 0.060000
v 4.490289 0.372744 -0.060000
v 4.497161 0.313034 0.000000
v 4.490289 0.372744 0.060000
v 4.462455 0.366075 -0.060000
v 4.483981 0.309926 0.000000
v 4.462455 0.366075 0.060000
v 4.438898 0.353151 -0.060000
v 4.475019 0.305048 0.000000
v 4.438898 0.353151 0.060000
v 4.420267 0.334403 -0.060000
v 4.468579 0.298563 0.000000
v 4.420267 0.334403 0.060000
v 4.407208 0.310262 -0.060000
v 4.463462 0.289018 0.000000
v 4.407208 0.310262 0.060000
v 4.400368 0.281160 -0.060000
v 4.460091 0.274428 0.000000
v 4.400368 0.281160 0.060000
v 4.400322 0.248964 -0.060000
v 4.460066 0.255405 0.000000
v 4.400322 0.248964 0.060000
v 4.406964 0.219114 -0.060000
v 4.463673 0.239051 0.000000
v 4.406964 0.219114 0.060000
v 4.420042 0.192895 -0.060000
v 4.469840 0.226610 0.000000
v 4.420042 0.192895 0.060000
v 4.439338 0.171482 -0.060000
v 4.477831 0.217712 0.000000
v 4.439338 0.171482 0.060000
v 4.464639 0.156048 -0.060000
v 4.488266 0.211370 0.000000
v 4.464639 0.156048 0.060000
v 4.495727 0.147768 -0.060000
v 4.503355 0.207411 0.000000
v 4.495727 0.147768 0.060000
v 4.528331 0.147582 -0.060000
v 4.520961 0.207246 0.000000
v 4.528331 0.147582 0.060000
v 4.555800 0.154578 -0.060000
v 4.533367 0.210372 0.000000
v 4.555800 0.154578 0.060000
v 4.579350 0.167974 -0.060000
v 4.542700 0.215661 0.000000
v 4.579350 0.167974 0.060000
v 4.598191 0.187145 -0.060000
v 4.549907 0.223002 0.000000
v 4.598191 0.187145 0.060000
v 4.611532 0.211470 -0.060000
v 4.555461 0.233186 0.000000
v 4.611532 0.211470 0.060000
v 4.618581 0.240324 -0.060000
v 4.558889 0.247385 0.000000
v 4.618581 0.240324 0.060000
v 4.552823 -0.162073 -0.060000
v 4.543222 -0.102790 -0.000000
v 4.552823 -0.162073 0.060000
v 4.584795 -0.153932 -0.060000
v 4.564245 -0.097475 -0.000000
v 4.584795 -0.153932 0.060000
v 4.612165 -0.140423 -0.060000
v 4.579004 -0.090263 -0.000000
v 4.612165 -0.140423 0.060000
v 4.633496 -0.121593 -0.060000
v 4.587100 -0.083233 -0.000000
v 4.633496 -0.121593 0.060000
v 4.589240 -0.080166 -0.000000
v 4.647349 -0.097490 -0.060000
v 4.590671 -0.077085 -0.000000
v 4.647349 -0.097490 0.060000
v 4.651022 -0.083476 -0.060000
v 4.591656 -0.073325 -0.000000
v 4.651022 -0.083476 0.060000
v 4.651492 -0.056076 -0.060000
v 4.591921 -0.064576 -0.000000
v 4.651492 -0.056076 0.060000
v 4.649095 -0.045246 -0.060000
v 4.591672 -0.063449 -0.000000
v 4.649095 -0.045246 0.060000
v 4.645074 -0.035631 -0.060000
v 4.603477 -0.058020 -0.012986
v 4.591988 -0.064204 -0.000000
v 4.603477 -0.058020 0.012986
v 4.645074 -0.035631 0.060000
v 4.639408 -0.027195 -0.060000
v 4.602959 -0.057247 -0.012986
v 4.592891 -0.065549 -0.000000
v 4.602959 -0.057247 0.012986
v 4.639408 -0.027195 0.060000
v 4.632077 -0.019896 -0.060000
v 4.593603 -0.066258 -0.000000
v 4.632077 -0.019896 0.060000
v 4.612333 -0.008559 -0.060000
v 4.589865 -0.064325 -0.000000
v 4.612333 -0.008559 0.060000
v 4.585675 -0.001308 -0.060000
v 4.575118 -0.060422 -0.000000
v 4.585675 -0.001308 0.060000
v 4.450406 0.002588 -0.060000
v 4.450406 -0.057412 -0.000000
v 4.450406 0.002588 0.060000
v 4.450388 0.002588 -0.060000
v 4.459853 -0.032918 -0.024493
v 4.466381 -0.057412 -0.000000
v 4.459853 -0.032918 0.024493
v 4.450388 0.002588 0.060000
v 4.459038 -0.033386 -0.024493
v 4.471581 -0.054428 -0.000000
v 4.459038 -0.033386 0.024493
v 4.407584 -0.026859 -0.060000
v 4.448365 -0.070926 -0.000000
v 4.407584 -0.026859 0.060000
v 4.394993 -0.040567 -0.060000
v 4.442962 -0.076741 -0.000000
v 4.394993 -0.040567 0.060000
v 4.385961 -0.055773 -0.060000
v 4.441065 -0.079830 -0.000000
v 4.385961 -0.055773 0.060000
v 4.381135 -0.072740 -0.060000
v 4.440705 -0.081052 -0.000000
v 4.381135 -0.072740 0.060000
v 4.381734 -0.095197 -0.060000
v 4.440927 -0.083742 -0.000000
v 4.381734 -0.095197 0.060000
v 4.385330 -0.107276 -0.060000
v 4.441126 -0.084413 -0.000000
v 4.385330 -0.107276 0.060000
v 4.391138 -0.118205 -0.060000
v 4.441454 -0.085030 -0.000000
v 4.391138 -0.118205 0.060000
v 4.399003 -0.127984 -0.060000
v 4.442551 -0.086394 -0.000000
v 4.399003 -0.127984 0.060000
v 4.420298 -0.144090 -0.060000
v 4.449774 -0.091692 -0.000000
v 4.420298 -0.144090 0.060000
v 4.447991 -0.155594 -0.060000
v 4.465453 -0.098123 -0.000000
v 4.447991 -0.155594 0.060000
v 4.480862 -0.162496 -0.060000
v 4.488739 -0.102976 -0.000000
v 4.480862 -0.162496 0.060000
v 4.884070 0.051487 -0.060000
v 4.943238 0.061540 0.000000
v 4.884070 0.051487 0.060000
v 4.931016 0.056631 -0.012986
v 4.943506 0.060213 0.000000
v 4.931016 0.056631 0.012986
v 4.920255 0.052511 -0.024493
v 4.931068 0.056471 -0.012986
v 4.931068 0.056471 0.012986
v 4.920255 0.052511 0.024493
v 4.888139 0.037248 -0.060000
v 4.910378 0.047569 -0.035507
v 4.920378 0.052210 -0.024493
v 4.920378 0.052210 0.024493
v 4.910378 0.047569 0.035507
v 4.888139 0.037248 0.060000
v 4.910487 0.047359 -0.035507
v 4.940825 0.065983 0.000000
v 4.910487 0.047359 0.035507
v 4.891717 0.031503 -0.060000
v 4.910448 0.047414 -0.035507
v 4.937602 0.070479 0.000000
v 4.910448 0.047414 0.035507
v 4.891717 0.031503 0.060000
v 4.910272 0.047590 -0.035507
v 4.910272 0.047590 0.035507
v 4.897339 0.026707 -0.060000
v 4.910441 0.047466 -0.035507
v 4.916332 0.056801 -0.024493
v 4.929434 0.077561 0.000000
v 4.916332 0.056801 0.024493
v 4.910441 0.047466 0.035507
v 4.897339 0.026707 0.060000
v 4.915982 0.056991 -0.024493
v 4.920899 0.067413 -0.012986
v 4.920899 0.067413 0.012986
v 4.915982 0.056991 0.024493
v 4.904722 0.023241 -0.060000
v 4.920535 0.067562 -0.012986
v 4.924902 0.079804 0.000000
v 4.920535 0.067562 0.012986
v 4.904722 0.023241 0.060000
v 4.944780 0.016393 -0.060000
v 5.004780 0.069756 0.000000
v 4.944780 0.016393 0.060000
v 4.944780 0.000000 -0.060000
v 5.004780 -0.064639 -0.000000
v 4.944780 -0.000000 0.060000
v 4.773943 0.000000 -0.060000
v 4.713943 -0.064639 -0.000000
v 4.773943 -0.000000 0.060000
v 4.773943 0.016393 -0.060000
v 4.713943 0.069570 0.000000
v 4.773943 0.016393 0.060000
v 4.812834 0.022898 -0.060000
v 4.798251 0.067626 -0.012986
v 4.794223 0.079982 0.000000
v 4.798251 0.067626 0.012986
v 4.812834 0.022898 0.060000
v 4.802886 0.057071 -0.024493
v 4.798409 0.067685 -0.012986
v 4.798409 0.067685 0.012986
v 4.802886 0.057071 0.024493
v 4.820171 0.025979 -0.060000
v 4.808330 0.047466 -0.035507
v 4.803005 0.057128 -0.024493
v 4.803005 0.057128 0.024493
v 4.808330 0.047466 0.035507
v 4.820171 0.025979 0.060000
v 4.808831 0.047781 -0.035507
v 4.787921 0.076576 0.000000
v 4.808831 0.047781 0.035507
v 4.825962 0.030174 -0.060000
v 4.808904 0.047841 -0.035507
v 4.808904 0.047841 0.035507
v 4.825962 0.030174 0.060000
v 4.828300 0.032787 -0.060000
v 4.808443 0.047326 -0.035507
v 4.779655 0.068403 0.000000
v 4.808443 0.047326 0.035507
v 4.828300 0.032787 0.060000
v 4.808212 0.046936 -0.035507
v 4.798451 0.052068 -0.024493
v 4.798451 0.052068 0.024493
v 4.808212 0.046936 0.035507
v 4.798460 0.052085 -0.024493
v 4.787805 0.056461 -0.012986
v 4.787805 0.056461 0.012986
v 4.798460 0.052085 0.024493
v 4.832560 0.041981 -0.060000
v 4.787720 0.056225 -0.012986
v 4.775334 0.060159 0.000000
v 4.787720 0.056225 0.012986
v 4.832560 0.041981 0.060000
v 4.775267 0.059917 0.000000
v 4.834481 0.049948 -0.060000
v 4.775437 0.060726 0.000000
v 4.834481 0.049948 0.060000
v 4.835216 0.326332 -0.060000
v 4.835216 0.326332 0.060000
v 4.788436 0.320841 -0.012986
v 4.775748 0.318026 0.000000
v 4.788436 0.320841 0.012986
v 4.833289 0.335122 -0.060000
v 4.799452 0.324193 -0.024493
v 4.788487 0.320651 -0.012986
v 4.788487 0.320651 0.012986
v 4.799452 0.324193 0.024493
v 4.833289 0.335122 0.060000
v 4.809650 0.328361 -0.035507
v 4.799629 0.323732 -0.024493
v 4.777343 0.313439 0.000000
v 4.799629 0.323732 0.024493
v 4.809650 0.328361 0.035507
v 4.830283 0.341683 -0.060000
v 4.819368 0.334573 -0.047014
v 4.809697 0.328274 -0.035507
v 4.809697 0.328274 0.035507
v 4.819368 0.334573 0.047014
v 4.830283 0.341683 0.060000
v 4.828300 0.344262 -0.060000
v 4.818772 0.335350 -0.047014
v 4.784275 0.303083 0.000000
v 4.818772 0.335350 0.047014
v 4.828300 0.344262 0.060000
v 4.818494 0.335594 -0.047014
v 4.811436 0.326477 -0.035507
v 4.789657 0.298344 0.000000
v 4.811436 0.326477 0.035507
v 4.818494 0.335594 0.047014
v 4.824354 0.347310 -0.060000
v 4.811805 0.326227 -0.035507
v 4.811805 0.326227 0.035507
v 4.824354 0.347310 0.060000
v 4.811764 0.326248 -0.035507
v 4.807189 0.316214 -0.024493
v 4.797016 0.293899 0.000000
v 4.807189 0.316214 0.024493
v 4.811764 0.326248 0.035507
v 4.819161 0.349663 -0.060000
v 4.807437 0.316116 -0.024493
v 4.803638 0.305244 -0.012986
v 4.803638 0.305244 0.012986
v 4.807437 0.316116 0.024493
v 4.819161 0.349663 0.060000
v 4.803736 0.305214 -0.012986
v 4.800354 0.292669 0.000000
v 4.803736 0.305214 0.012986
v 4.778257 0.355479 -0.060000
v 4.718257 0.300404 0.000000
v 4.778257 0.355479 0.060000
v 4.778257 0.371872 -0.060000
v 4.718257 0.426858 0.000000
v 4.778257 0.371872 0.060000
v 4.811413 0.436528 0.000000
v 4.874030 0.391717 -0.060000
v 4.881019 0.456828 0.000000
v 4.874030 0.391717 0.060000
v 4.886109 0.384815 -0.060000
v 4.950048 0.417382 0.000000
v 4.886109 0.384815 0.060000
v 4.882693 0.337755 -0.060000
v 4.942688 0.336883 0.000000
v 4.882693 0.337755 0.060000
v 4.882658 0.333046 -0.060000
v 4.943641 0.465840 0.000000
v 4.882658 0.333046 0.060000
v 4.892828 0.341915 -0.060000
v 4.854067 0.387723 0.000000
v 4.892828 0.341915 0.060000
v 4.935483 0.372476 -0.060000
v 4.905886 0.424702 0.000000
v 4.935483 0.372476 0.060000
v 4.985184 0.392014 -0.060000
v 4.971759 0.450539 0.000000
v 4.985184 0.392014 0.060000
v 5.030199 0.396894 -0.060000
v 5.030741 0.456951 0.000000
v 5.030199 0.396894 0.060000
v 5.072033 0.392216 -0.060000
v 5.086595 0.450574 0.000000
v 5.072033 0.392216 0.060000
v 5.105455 0.378455 -0.060000
v 5.137195 0.429623 0.000000
v 5.105455 0.378455 0.060000
v 5.119123 0.368296 -0.060000
v 5.159026 0.413396 0.000000
v 5.119123 0.368296 0.060000
v 5.140601 0.341673 -0.060000
v 5.192694 0.371778 0.000000
v 5.140601 0.341673 0.060000
v 5.154565 0.306986 -0.060000
v 5.212577 0.322662 0.000000
v 5.154565 0.306986 0.060000
v 5.166213 0.043666 -0.060000
v 5.211431 0.056631 -0.012986
v 5.223920 0.060213 0.000000
v 5.211431 0.056631 0.012986
v 5.166213 0.043666 0.060000
v 5.200669 0.052511 -0.024493
v 5.211482 0.056471 -0.012986
v 5.211482 0.056471 0.012986
v 5.200669 0.052511 0.024493
v 5.190792 0.047569 -0.035507
v 5.200792 0.052210 -0.024493
v 5.200792 0.052210 0.024493
v 5.190792 0.047569 0.035507
v 5.169974 0.034513 -0.060000
v 5.190901 0.047359 -0.035507
v 5.221239 0.065983 0.000000
v 5.190901 0.047359 0.035507
v 5.169974 0.034513 0.060000
v 5.172132 0.031503 -0.060000
v 5.190862 0.047414 -0.035507
v 5.218016 0.070479 0.000000
v 5.190862 0.047414 0.035507
v 5.172132 0.031503 0.060000
v 5.190686 0.047590 -0.035507
v 5.190686 0.047590 0.035507
v 5.177753 0.026707 -0.060000
v 5.190855 0.047466 -0.035507
v 5.196746 0.056801 -0.024493
v 5.209848 0.077561 0.000000
v 5.196746 0.056801 0.024493
v 5.190855 0.047466 0.035507
v 5.177753 0.026707 0.060000
v 5.196396 0.056991 -0.024493
v 5.201313 0.067413 -0.012986
v 5.201313 0.067413 0.012986
v 5.196396 0.056991 0.024493
v 5.185136 0.023241 -0.060000
v 5.200949 0.067562 -0.012986
v 5.205317 0.079804 0.000000
v 5.200949 0.067562 0.012986
v 5.185136 0.023241 0.060000
v 5.225194 0.016393 -0.060000
v 5.285194 0.069756 0.000000
v 5.225194 0.016393 0.060000
v 5.225194 0.000000 -0.060000
v 5.285194 -0.064639 -0.000000
v 5.225194 -0.000000 0.060000
v 5.054358 0.000000 -0.060000
v 4.994358 -0.064639 -0.000000
v 5.054358 -0.000000 0.060000
v 5.054358 0.016393 -0.060000
v 4.994358 0.069570 0.000000
v 5.054358 0.016393 0.060000
v 5.093248 0.022898 -0.060000
v 5.078665 0.067626 -0.012986
v 5.074637 0.079982 0.000000
v 5.078665 0.067626 0.012986
v 5.093248 0.022898 0.060000
v 5.083301 0.057071 -0.024493
v 5.078824 0.067685 -0.012986
v 5.078824 0.067685 0.012986
v 5.083301 0.057071 0.024493
v 5.100585 0.025979 -0.060000
v 5.088744 0.047466 -0.035507
v 5.083419 0.057128 -0.024493
v 5.083419 0.057128 0.024493
v 5.088744 0.047466 0.035507
v 5.100585 0.025979 0.060000
v 5.089245 0.047781 -0.035507
v 5.068335 0.076576 0.000000
v 5.089245 0.047781 0.035507
v 5.106376 0.030174 -0.060000
v 5.089318 0.047841 -0.035507
v 5.089318 0.047841 0.035507
v 5.106376 0.030174 0.060000
v 5.108715 0.032787 -0.060000
v 5.088857 0.047326 -0.035507
v 5.060070 0.068403 0.000000
v 5.088857 0.047326 0.035507
v 5.108715 0.032787 0.060000
v 5.088626 0.046936 -0.035507
v 5.078866 0.052068 -0.024493
v 5.078866 0.052068 0.024493
v 5.088626 0.046936 0.035507
v 5.078874 0.052085 -0.024493
v 5.068219 0.056461 -0.012986
v 5.068219 0.056461 0.012986
v 5.078874 0.052085 0.024493
v 5.112974 0.041981 -0.060000
v 5.068134 0.056225 -0.012986
v 5.055748 0.060159 0.000000
v 5.068134 0.056225 0.012986
v 5.112974 0.041981 0.060000
v 5.055681 0.059917 0.000000
v 5.114895 0.049948 -0.060000
v 5.055851 0.060726 0.000000
v 5.114895 0.049948 0.060000
v 5.116424 0.254469 -0.060000
v 5.056570 0.249510 0.000000
v 5.116424 0.254469 0.060000
v 5.109349 0.293774 -0.060000
v 5.051925 0.275944 0.000000
v 5.109349 0.293774 0.060000
v 5.095910 0.322402 -0.060000
v 5.046366 0.288171 0.000000
v 5.095910 0.322402 0.060000
v 5.087037 0.333154 -0.060000
v 5.044187 0.290812 0.000000
v 5.087037 0.333154 0.060000
v 5.065446 0.348417 -0.060000
v 5.039315 0.294198 0.000000
v 5.065446 0.348417 0.060000
v 5.039350 0.356537 -0.060000
v 5.028572 0.297420 0.000000
v 5.039350 0.356537 0.060000
v 5.009491 0.358930 -0.060000
v 5.009343 0.298894 0.000000
v 5.009491 0.358930 0.060000
v 4.958169 0.352315 -0.060000
v 4.973860 0.294369 0.000000
v 4.958169 0.352315 0.060000
v 4.952250 0.286187 0.000000
v 4.915860 0.334771 -0.060000
v 4.915860 0.334771 0.060000
v 4.905169 0.297615 -0.035507
v 4.927767 0.270212 0.000000
v 4.905169 0.297615 0.035507
v 4.881795 0.309750 -0.060000
v 4.906288 0.298588 -0.035507
v 4.941795 0.282406 0.000000
v 4.906288 0.298588 0.035507
v 4.881795 0.309750 0.060000
v 4.881795 0.307593 -0.060000
v 4.941795 0.307593 0.000000
v 4.881795 0.307593 0.060000
vn 0.7963 -0.6049 -0.0000
vn 0.9139 -0.4059 -0.0000
vn 0.5669 -0.4221 -0.7074
vn -0.0000 -0.0000 1.0000
vn -0.7103 -0.7039 -0.0000
vn -0.6193 -0.3402 -0.7076
vn -0.8772 -0.4800 -0.0000
vn 0.4060 0.3662 -0.8373
vn 0.2175 -0.9761 -0.0001
vn -0.3647 0.9311 -0.0000
vn -0.4018 -0.9157 -0.0113
vn -0.1160 0.4651 0.8776
vn -0.7003 0.0868 0.7086
vn 0.1848 0.9828 -0.0000
vn 0.5236 0.3360 0.7829
vn 0.8617 0.5075 -0.0000
vn 0.3017 0.9534 -0.0000
vn 0.3870 0.5904 -0.7083
vn 0.2133 0.6734 -0.7079
vn -0.0858 0.7013 -0.7077
vn -0.3722 0.9281 -0.0000
vn -0.2641 0.6551 -0.7079
vn 0.9947 -0.1029 -0.0000
vn 0.6969 0.1127 0.7082
vn 0.9828 0.1844 -0.0000
vn -0.1546 -0.9880 -0.0000
vn 0.0977 -0.6995 -0.7079
vn -0.1093 -0.6977 -0.7080
vn -0.9892 0.1466 -0.0000
vn -0.6985 -0.1035 -0.7081
vn -0.9892 -0.1465 -0.0000
vn 0.4836 -0.5145 0.7081
vn 0.4265 -0.9045 -0.0000
vn 0.3016 -0.6383 0.7082
vn -0.9425 -0.3343 -0.0000
vn 0.3860 -0.5922 -0.7073
vn 0.4837 -0.5160 -0.7069
vn -0.5008 -0.4978 -0.7080
vn -0.4535 -0.8912 -0.0000
vn -0.3205 -0.6290 -0.7083
vn -0.4968 -0.4952 -0.7127
vn -0.3454 -0.6136 -0.7100
vn -0.4971 -0.4977 -0.7107
vn -0.3457 0.6177 0.7064
vn -0.1368 0.5725 0.8084
vn -0.9504 0.3111 -0.0000
vn -0.5980 0.3758 0.7079
vn -0.8467 0.5320 -0.0000
vn 0.4216 0.9068 -0.0000
vn 0.1063 0.6982 0.7079
vn 0.1492 0.9888 -0.0000
vn -0.4253 0.9051 -0.0008
vn -0.9961 -0.0885 -0.0000
vn -0.7036 -0.0842 0.7056
vn 0.9224 -0.3862 -0.0000
vn 0.7001 -0.0934 -0.7079
vn 0.9912 -0.1323 -0.0000
vn 0.2815 0.6487 -0.7071
vn 0.4219 0.4030 0.8121
vn 0.7518 -0.6594 -0.0000
vn 0.7120 0.7021 -0.0000
vn -0.5622 0.4279 0.7077
vn -0.6436 0.7654 -0.0000
vn -0.7960 0.6053 -0.0000
vn -0.1952 -0.6796 -0.7071
vn 0.0108 -0.9999 -0.0000
vn -0.2920 -0.9564 -0.0000
vn -0.2724 -0.6517 0.7079
vn -0.6241 -0.7813 -0.0000
vn -0.4409 -0.5517 0.7080
vn 0.3453 -0.6162 0.7078
vn 0.1985 -0.6781 0.7076
vn 0.2811 -0.9597 -0.0000
vn 0.0992 0.6784 0.7279
vn 0.1159 0.9933 -0.0000
vn -0.1940 0.9810 -0.0000
vn 0.3102 -0.9507 -0.0000
vn 0.3891 -0.5895 -0.7079
vn 0.5511 -0.8344 -0.0000
vn 0.8964 0.4433 -0.0000
vn 0.6979 0.1076 0.7080
vn 0.6332 0.3124 0.7082
vn 0.4083 -0.4083 0.8165
vn -0.9941 -0.0522 0.0951
vn -0.4004 -0.9163 -0.0000
vn -0.6685 0.7437 -0.0000
vn -0.2882 0.6446 0.7081
vn -0.4714 0.5256 0.7082
vn -0.1038 0.6993 -0.7072
vn -0.1421 0.9898 -0.0000
vn -0.3782 0.9257 -0.0000
vn 0.1482 0.9890 -0.0000
vn -0.0916 0.7005 0.7078
vn -0.1280 0.9918 -0.0000
vn -0.2124 0.9772 -0.0000
vn -0.4023 0.9155 -0.0000
vn -0.2840 0.6468 0.7078
vn 0.6566 -0.2601 -0.7080
vn 0.9926 -0.1216 -0.0000
vn 0.9298 -0.3682 -0.0000
vn 0.2150 -0.6731 0.7076
vn 0.3667 -0.9303 -0.0000
vn 0.4015 -0.5811 -0.7079
vn 0.2621 -0.6559 -0.7079
vn -0.1631 -0.9866 -0.0000
vn 0.6905 -0.7233 -0.0000
vn -0.0677 -0.7035 -0.7075
vn -0.6087 -0.3504 -0.7118
vn -0.4583 0.8885 0.0227
vn -0.0677 -0.7035 0.7075
vn -0.0000 -0.0000 -1.0000
vn -0.0611 0.7041 -0.7074
vn 0.1781 0.9840 -0.0000
vn 0.1235 0.6963 -0.7071
vn 0.2989 -0.9543 -0.0000
vn 0.5197 -0.8544 -0.0000
vn 0.2172 -0.6725 -0.7075
vn -0.4019 -0.9156 0.0114
vn -0.3385 -0.9409 -0.0124
vn -0.7004 0.0893 -0.7081
vn 0.2131 -0.9768 0.0211
vn -0.9557 0.0725 0.2852
vn -0.6406 -0.2966 0.7083
vn -0.4684 0.8834 -0.0099
vn -0.6244 -0.3249 0.7104
vn -0.4968 -0.4952 0.7128
vn -0.5921 0.3045 -0.7461
vn 0.6560 -0.7548 -0.0000
vn -0.7436 -0.6687 -0.0000
vn -0.1112 -0.6975 -0.7079
vn -0.4259 -0.9048 -0.0000
vn -0.1538 -0.9881 -0.0000
vn -0.2398 -0.6651 0.7072
vn -0.1389 0.5747 0.8065
vn 0.8862 0.2631 0.3814
vn 0.5963 -0.8028 -0.0000
vn 0.9958 0.0917 -0.0000
vn 0.9523 0.3052 -0.0000
vn 0.7039 0.0658 -0.7072
vn -0.8869 0.4619 -0.0100
vn -0.3518 -0.6129 0.7075
vn -0.9622 0.2720 0.0148
vn -0.7065 0.0363 0.7068
vn -0.9754 -0.2206 -0.0000
vn -0.9989 0.0475 -0.0000
vn -0.3836 -0.5929 0.7081
vn -0.2277 -0.6732 0.7035
vn -0.5392 -0.8422 -0.0000
vn 0.9749 0.2227 -0.0000
vn 0.7066 -0.0352 0.7067
vn 0.6881 0.1626 0.7072
vn -0.6024 -0.3687 -0.7080
vn -0.9537 -0.3009 -0.0000
vn -0.6738 -0.2125 -0.7077
vn 0.3780 0.5939 0.7103
vn 0.5522 0.4352 0.7111
vn 0.5243 0.4692 0.7106
vn 0.3872 -0.4746 -0.7905
vn 0.9438 0.3305 -0.0000
vn 0.4785 0.8781 -0.0000
vn 0.7503 0.6610 -0.0000
vn 0.4615 0.3907 -0.7965
vn 0.3455 0.6138 0.7098
vn 0.9764 -0.2158 0.0093
vn -0.1613 -0.6876 -0.7079
vn 0.3914 0.9202 -0.0000
vn 0.0922 0.7002 -0.7080
vn 0.1311 0.9914 -0.0000
vn -0.6987 0.1020 -0.7081
vn -0.9878 -0.1559 -0.0000
vn -0.9893 0.1458 -0.0000
vn -0.9923 -0.1236 -0.0000
vn -0.6529 -0.2688 0.7081
vn -0.7010 -0.0866 0.7079
vn -0.7014 0.0845 -0.7077
vn -0.9928 0.1196 -0.0000
vn -0.6603 0.2511 -0.7078
vn -0.4786 0.8780 0.0023
vn 0.6284 0.3247 -0.7068
vn -0.2096 0.9775 -0.0246
vn 0.1924 0.9813 -0.0000
vn 0.3147 0.6322 -0.7080
vn 0.1319 0.6947 -0.7071
vn 0.5414 -0.8408 -0.0000
vn 0.5137 -0.4843 -0.7082
vn 0.7306 -0.6828 -0.0000
vn -0.7364 -0.6766 -0.0000
vn -0.6319 -0.3142 -0.7085
vn -0.5199 -0.4780 -0.7080
vn 0.5538 0.3285 0.7651
vn 0.8739 0.4861 -0.0000
vn -0.3543 0.6119 0.7071
vn -0.5151 0.8571 -0.0000
vn -0.3103 0.9507 -0.0000
vn 0.3140 -0.2563 -0.9142
vn 0.7227 0.6900 -0.0406
vn -0.5162 -0.8443 -0.1438
vn -0.4194 -0.5698 0.7067
vn -0.5680 -0.8231 -0.0000
vn -0.4017 -0.9157 0.0112
vn -0.3388 -0.9408 -0.0124
vn -0.7003 0.0868 -0.7086
vn 0.5575 0.4354 -0.7068
vn -0.9148 0.4039 -0.0000
vn 0.2512 -0.9679 -0.0000
vn -0.5672 0.4203 -0.7082
vn -0.6083 0.7937 -0.0000
vn -0.4295 0.5607 -0.7079
vn 0.7016 -0.0882 -0.7071
vn -0.1037 -0.9945 0.0129
vn -0.7058 -0.0245 0.7080
vn -0.9999 0.0120 -0.0000
vn -0.9791 -0.2032 -0.0000
vn -0.7068 0.0082 -0.7073
vn -0.6369 -0.3043 0.7084
vn -0.9021 -0.4316 -0.0000
vn 0.6939 -0.1280 0.7086
vn 0.6584 -0.2537 0.7086
vn 0.9331 -0.3596 -0.0000
vn -0.2882 0.6446 -0.7081
vn -0.4714 0.5256 -0.7082
vn -0.3541 -0.6111 -0.7079
vn -0.2680 -0.9634 -0.0000
vn -0.5049 -0.8632 -0.0000
vn -0.3541 -0.6111 0.7079
vn -0.6597 -0.2415 -0.7117
vn -0.5155 0.0428 -0.8558
vn -0.1283 0.1246 -0.9839
vn -0.6515 0.7587 -0.0000
vn 0.3958 0.4531 0.7988
vn 0.6578 0.7532 -0.0000
vn -0.7415 0.6710 -0.0000
vn -0.4681 0.3901 0.7929
vn 0.4866 0.4300 0.7605
vn -0.4020 -0.9157 -0.0000
vn 0.8679 -0.4968 -0.0000
vn 0.2758 -0.9608 0.0276
vn 0.6919 0.1465 -0.7070
vn 0.6178 -0.7863 -0.0000
vn -0.1944 -0.9809 -0.0000
vn 0.0446 -0.7061 0.7067
vn 0.0589 -0.9983 -0.0000
vn 0.3849 0.5932 -0.7071
vn 0.5466 0.8374 -0.0000
vn 0.5129 0.4856 -0.7079
vn 0.0722 0.7037 0.7068
vn 0.0993 0.9951 -0.0000
vn 0.2933 0.9560 -0.0000
vn 0.3534 0.4152 -0.8383
vn -0.7599 0.6501 -0.0000
vn 0.6494 0.7605 -0.0000
vn -0.4253 0.9051 0.0008
vn 0.6840 0.1831 0.7061
vn 0.8599 0.5104 -0.0000
vn 0.9663 0.2575 -0.0000
vn -0.3457 0.6176 0.7064
vn -0.1160 0.4652 0.8776
vn -0.1370 0.5721 0.8086
vn -0.1038 0.6993 0.7072
vn -0.2684 0.6537 0.7075
vn -0.6614 0.2473 -0.7080
vn -0.9348 0.3551 -0.0000
vn -0.9933 0.1155 -0.0000
vn 0.1293 -0.9916 -0.0000
vn 0.0893 -0.7013 -0.7073
vn 0.2376 -0.6654 -0.7076
vn 0.7528 -0.6582 -0.0000
vn -0.0978 -0.9952 -0.0000
vn 0.4904 0.5079 -0.7082
vn 0.8619 0.5071 -0.0000
vn 0.6085 0.3579 -0.7083
vn 0.6516 -0.2726 0.7079
vn 0.7921 -0.6103 -0.0000
vn 0.0977 -0.6995 0.7079
vn -0.1249 0.4636 -0.8772
vn -0.3457 0.6176 -0.7064
vn -0.1391 0.5746 -0.8065
vn 0.4133 0.3629 0.8352
vn 0.4060 0.3662 0.8373
vn 0.6939 -0.1441 0.7055
vn -0.3015 -0.6383 0.7083
vn -0.6762 -0.7367 -0.0000
vn -0.4272 -0.9042 -0.0000
vn -0.8173 0.5762 -0.0000
vn -0.4536 0.5414 0.7079
vn -0.6422 0.7666 -0.0000
vn -0.9268 -0.3755 -0.0000
vn -0.7001 -0.0913 0.7082
vn -0.6564 -0.2600 0.7082
vn -0.5650 -0.4243 0.7077
vn -0.7969 -0.6041 -0.0000
vn 0.7000 -0.0954 0.7078
vn 0.9911 -0.1330 -0.0000
vn 0.9260 -0.3774 -0.0000
vn 0.4015 -0.5811 0.7079
vn 0.5723 -0.8201 -0.0000
vn 0.5236 0.3360 -0.7829
vn 0.1200 0.6910 -0.7128
vn -0.6674 0.7223 -0.1816
vn 0.5348 0.4603 -0.7085
vn -0.7370 0.6751 0.0327
vn 0.2172 -0.6725 0.7075
vn 0.8419 0.5397 -0.0000
vn 0.6716 0.2201 0.7075
vn 0.5907 0.3868 0.7081
vn -0.1315 -0.9913 -0.0000
vn 0.9995 0.0302 -0.0000
vn 0.6795 0.1921 0.7081
vn 0.7058 0.0240 0.7080
vn -0.5980 0.3758 -0.7079
vn -0.1511 -0.9885 -0.0000
vn -0.3015 -0.6383 -0.7083
vn -0.1076 -0.6980 -0.7079
vn 0.8029 -0.5961 -0.0000
vn 0.0935 0.7005 0.7075
vn 0.3910 0.9204 -0.0000
vn 0.2776 0.6494 0.7080
vn -0.6369 -0.3043 -0.7084
vn -0.7550 -0.6558 -0.0000
vn 0.9045 -0.4261 0.0193
vn -0.3989 -0.5830 -0.7078
vn -0.5153 -0.4815 -0.7090
vn -0.6484 0.2799 -0.7080
vn -0.9164 0.4002 -0.0000
vn -0.8781 0.4785 -0.0000
vn -0.6866 0.1665 -0.7077
vn -0.6202 0.3380 -0.7079
vn 0.3454 0.6140 -0.7097
vn 0.4905 0.8714 -0.0000
vn 0.3520 0.4175 0.8377
vn -0.4597 0.3933 0.7962
vn -0.8953 0.4454 -0.0000
vn -0.6987 0.1020 0.7081
vn -0.6322 0.3143 0.7082
vn -0.8537 0.5207 -0.0000
vn -0.2318 -0.9728 -0.0000
vn -0.8933 0.4494 -0.0026
vn 0.2497 0.9683 -0.0000
vn 0.3464 0.6151 -0.7082
vn 0.1760 0.6837 -0.7082
vn 0.7007 -0.7134 -0.0000
vn -0.4107 -0.3856 -0.8262
vn 0.4107 -0.3856 -0.8262
vn -0.8623 -0.5064 -0.0000
vn 0.6471 0.2908 -0.7048
vn -0.6166 -0.3454 0.7075
vn 0.3951 -0.4551 -0.7980
vn 0.3951 -0.4551 0.7980
vn 0.6556 -0.7551 -0.0000
vn -0.6614 0.2473 0.7080
vn -0.8863 0.4631 -0.0082
vn -0.3518 -0.6128 0.7076
vn -0.9617 0.2735 0.0162
vn -0.2846 -0.6467 -0.7077
vn -0.4041 -0.9147 -0.0000
vn -0.4200 -0.5678 -0.7079
vn 0.7514 -0.6598 -0.0000
vn -0.3634 -0.4138 0.8347
vn 0.9365 -0.3507 -0.0000
vn 0.0992 0.6784 -0.7279
vn 0.4867 0.8736 -0.0000
vn 0.2500 0.9682 -0.0000
vn 0.3409 0.6184 0.7081
vn 0.1062 -0.6990 0.7072
vn 0.3940 -0.9191 -0.0000
vn 0.1448 -0.9895 -0.0000
vn -0.6087 -0.3504 0.7118
vn -0.4583 0.8885 -0.0227
vn -0.6909 -0.1508 0.7070
vn -0.2641 0.6551 0.7079
vn -0.6093 0.7929 -0.0000
vn 0.4440 -0.5492 0.7080
vn 0.8085 -0.5885 -0.0000
vn 0.6258 -0.7800 -0.0000
vn -0.2702 -0.6532 -0.7073
vn 0.4916 -0.8708 -0.0001
vn -0.3597 -0.9331 -0.0000
vn 0.5383 0.8428 -0.0001
vn -0.5952 0.2974 -0.7465
vn -0.3886 0.5946 -0.7039
vn 0.7000 -0.0954 -0.7078
vn 0.9885 0.1511 -0.0000
vn 0.6979 0.1076 -0.7080
vn -0.2767 0.9608 0.0184
vn -0.2086 0.9777 0.0232
vn -0.9962 0.0866 -0.0000
vn -0.8350 0.5503 -0.0000
vn -0.4600 0.5358 0.7081
vn -0.6515 0.7586 -0.0000
vn -0.8933 0.4494 0.0025
vn -0.4132 0.9106 -0.0000
vn -0.1033 0.6986 0.7080
vn -0.1457 0.9893 -0.0000
vn 0.0893 -0.7013 0.7073
vn -0.9682 -0.2502 -0.0000
vn -0.2814 0.9595 0.0161
vn -0.2079 0.9781 0.0114
vn 0.2727 0.6516 -0.7079
vn 0.6103 0.7921 -0.0000
vn 0.4311 0.5596 -0.7078
vn 0.5740 0.8189 -0.0000
vn 0.5725 0.8199 -0.0000
vn 0.4036 0.5804 -0.7072
vn 0.3454 0.6137 -0.7100
vn 0.7563 -0.6542 -0.0000
vn 0.4080 0.5776 0.7071
vn 0.4036 0.5804 0.7072
vn -0.7001 -0.0913 -0.7082
vn -0.6564 -0.2600 -0.7082
vn 0.7328 0.6805 -0.0000
vn 0.6271 0.3239 0.7084
vn 0.8882 0.4594 -0.0000
vn -0.5731 -0.4131 0.7078
vn -0.9265 -0.3763 -0.0000
vn -0.8092 -0.5875 -0.0000
vn 0.5400 -0.4551 -0.7080
vn 0.7656 -0.6433 -0.0000
vn -0.6584 0.2552 -0.7081
vn -0.8035 0.5953 -0.0000
vn 0.6963 -0.1161 0.7083
vn 0.8828 -0.4697 -0.0000
vn 0.9864 -0.1641 -0.0000
vn -0.6584 0.2552 0.7081
vn -0.9340 0.3572 -0.0000
vn 0.6969 0.1124 -0.7083
vn 0.6963 -0.1161 -0.7083
vn 0.6232 -0.3314 -0.7084
vn -0.1750 -0.9846 -0.0000
vn -0.8900 0.4559 -0.0000
vn -0.3534 -0.9355 -0.0021
vn 0.7066 -0.0352 -0.7067
vn 0.6881 0.1626 -0.7072
vn -0.0115 0.9999 -0.0000
vn 0.1764 0.6838 0.7080
vn -0.9960 0.0898 -0.0000
vn -0.6974 0.1256 0.7056
vn -0.3382 -0.9410 0.0124
vn -0.0611 0.7041 0.7074
vn -0.0892 0.9960 -0.0000
vn -0.2077 -0.6760 -0.7070
vn -0.3004 -0.9538 -0.0000
vn -0.5402 -0.3078 -0.7832
vn 0.2363 -0.9717 -0.0000
vn 0.1647 -0.6870 -0.7078
vn 0.3030 -0.6382 -0.7077
vn 0.9330 -0.3598 -0.0000
vn 0.5722 -0.4141 0.7079
vn 0.8101 -0.5863 -0.0000
vn 0.0922 0.7002 0.7080
vn -0.9523 0.3045 0.0199
vn -0.2656 -0.6544 0.7080
vn -0.9778 0.2052 0.0419
vn -0.6322 0.3143 -0.7082
vn -0.7349 0.6782 -0.0000
vn -0.5191 0.4789 -0.7080
vn -0.1033 0.6986 -0.7080
vn 0.0639 -0.7039 0.7074
vn -0.0742 -0.7031 0.7072
vn -0.1031 -0.9947 -0.0000
vn 0.4311 -0.5595 0.7078
vn 0.6103 -0.7921 -0.0000
vn -0.1890 -0.6802 -0.7082
vn 0.0127 -0.9999 -0.0000
vn -0.2917 0.6431 0.7080
vn -0.5175 -0.4211 -0.7449
vn -0.3844 -0.4807 -0.7881
vn -0.8874 0.4611 -0.0000
vn 0.8056 0.5925 -0.0000
vn 0.4386 0.5536 0.7079
vn 0.5691 0.4183 0.7079
vn 0.5522 0.4353 0.7111
vn -0.4680 -0.8837 0.0047
vn -0.6561 0.7547 -0.0000
vn -0.9100 0.4147 -0.0000
vn -0.6544 -0.2655 0.7080
vn -0.9922 -0.1244 -0.0000
vn -0.9622 0.2720 -0.0148
vn 0.4615 0.3907 0.7965
vn 0.7503 0.6611 -0.0000
vn 0.6487 -0.2795 0.7078
vn -0.1395 0.6372 0.7580
vn 0.3005 0.9538 -0.0000
vn -0.2273 0.9738 -0.0000
vn 0.4431 -0.5500 0.7079
vn 0.6274 -0.7787 -0.0000
vn -0.4679 -0.8838 0.0047
vn -0.6560 0.7547 -0.0000
vn -0.4744 -0.5235 0.7077
vn -0.6738 -0.7389 -0.0000
vn 0.0059 -1.0000 -0.0000
vn 0.6284 0.3166 0.7105
vn 0.4988 0.4967 0.7103
vn -0.5220 -0.4712 -0.7110
vn -0.6544 -0.2667 0.7076
vn -0.9260 -0.3775 -0.0000
vn 0.1647 -0.6870 0.7078
vn 0.0043 -0.7064 0.7078
vn 0.0043 -0.7064 -0.7078
vn -0.2452 -0.9695 -0.0000
vn -0.1733 -0.6848 -0.7078
vn -0.4684 0.8834 0.0099
vn -0.6244 -0.3249 -0.7104
vn -0.6935 -0.1143 -0.7113
vn 0.2336 -0.6206 -0.7485
vn 0.7340 -0.6791 -0.0000
vn 0.2806 -0.6485 -0.7076
vn 0.4440 -0.5492 -0.7080
vn -0.5731 -0.4131 -0.7078
vn -0.4744 -0.5235 -0.7077
vn -0.6544 -0.2655 -0.7080
vn 0.4385 0.4651 0.7690
vn -0.3390 -0.9408 -0.0000
vn 0.9083 -0.4183 -0.0000
vn -0.7009 -0.0878 -0.7078
vn -0.0926 -0.7004 0.7077
vn 0.0807 -0.7020 0.7076
vn 0.1121 -0.9937 -0.0000
vn 0.4778 0.5201 -0.7080
vn 0.8432 0.5376 -0.0000
vn 0.5954 0.3795 -0.7082
vn 0.7072 -0.0000 -0.7070
vn 0.5838 0.3976 -0.7079
vn 0.6384 0.7697 -0.0000
vn 0.4510 0.5434 -0.7080
vn -0.6193 -0.3402 0.7076
vn -0.5008 -0.4978 0.7080
vn -0.3205 -0.6290 0.7083
vn -0.0465 0.9989 -0.0000
vn -0.1116 0.6877 -0.7174
vn 0.6439 -0.2910 0.7077
vn 0.5400 -0.4551 0.7080
vn -0.5667 0.4212 0.7081
vn -0.8013 0.5983 -0.0000
vn -0.5650 -0.4243 -0.7077
vn 0.7009 -0.7133 -0.0000
vn -0.7033 -0.0764 -0.7068
vn 0.3766 0.9264 -0.0000
vn -0.3375 -0.9413 0.0001
vn 0.8731 0.4875 -0.0000
vn 0.5586 -0.4320 -0.7081
vn 0.5853 -0.8108 -0.0000
vn 0.4133 -0.5725 -0.7081
vn 0.0242 0.9997 -0.0000
vn 0.0206 0.7070 -0.7069
vn -0.1375 0.6930 -0.7077
vn -0.3158 0.6331 0.7067
vn 0.8762 0.4817 0.0135
vn -0.2134 0.6743 0.7070
vn -0.6988 -0.1069 0.7073
vn -0.9922 -0.1250 -0.0000
vn -0.6927 -0.1393 0.7077
vn 0.6995 0.7146 -0.0000
vn 0.6162 0.3456 0.7077
vn 0.4933 0.5052 0.7081
vn 0.4395 0.8982 -0.0000
vn 0.3108 0.6338 0.7083
vn -0.9912 0.1324 -0.0000
vn -0.7001 -0.0934 0.7079
vn -0.7001 0.0934 0.7079
vn -0.1093 -0.6977 0.7080
vn 0.1050 0.6985 0.7079
vn 0.6431 0.7658 -0.0000
vn 0.5795 0.4040 -0.7078
vn 0.8217 0.5699 -0.0000
vn -0.4680 -0.8837 -0.0047
vn 0.6027 -0.3001 0.7394
vn 0.7076 0.0023 0.7066
vn 0.4836 -0.5145 -0.7081
vn 0.3016 -0.6383 -0.7082
vn 0.0953 0.7038 0.7040
vn -0.6544 -0.2667 -0.7076
vn -0.3534 -0.9355 0.0018
vn -0.8347 -0.5508 -0.0000
vn -0.5898 -0.3892 -0.7075
vn 0.5869 -0.8096 -0.0000
vn 0.6482 0.7615 -0.0000
vn 0.2289 0.7593 0.6091
vn -0.7514 0.2591 -0.6069
vn -0.3375 -0.7449 -0.5755
vn 0.2105 0.7713 0.6007
vn -0.7522 0.2237 -0.6198
vn -0.3179 -0.7627 -0.5633
vn 0.9765 0.2154 -0.0000
vn 0.6085 0.3579 0.7083
vn 0.6919 0.1465 0.7070
vn -0.7514 0.6599 -0.0000
vn -0.4107 -0.3856 0.8262
vn -0.4608 0.3909 0.7968
vn -0.0795 0.7025 -0.7073
vn -0.1089 0.9940 -0.0000
vn -0.9523 0.3046 -0.0200
vn -0.2656 -0.6544 -0.7080
vn -0.5994 -0.8004 -0.0000
vn -0.8240 0.5666 -0.0000
vn -0.5756 0.4030 -0.7115
vn -0.6614 0.2480 -0.7078
vn -0.4274 -0.3996 -0.8110
vn -0.7131 -0.7011 -0.0000
vn -0.6011 0.7992 -0.0000
vn -0.2534 -0.3674 -0.8949
vn -0.9859 0.1673 -0.0000
vn -0.3630 -0.4139 -0.8348
vn -0.2534 -0.3674 0.8949
vn -0.3630 -0.4139 0.8348
vn 0.8929 0.4502 -0.0000
vn 0.3932 -0.4601 -0.7961
vn 0.5530 0.3023 -0.7764
vn 0.3624 -0.9320 -0.0000
vn 0.2536 -0.6523 -0.7143
vn -0.6595 -0.7517 -0.0000
vn 0.6795 0.1921 -0.7081
vn 0.7058 0.0240 -0.7080
vn -0.4969 -0.5014 -0.7083
vn -0.4995 -0.8663 -0.0000
vn -0.7001 -0.7140 -0.0000
vn -0.0200 -0.9998 -0.0000
vn -0.1756 -0.6838 -0.7082
vn -0.0141 -0.7066 -0.7074
vn -0.2492 -0.9684 -0.0000
vn -0.3492 -0.6134 0.7084
vn -0.4969 -0.5014 0.7083
vn -0.8711 -0.4910 -0.0000
vn -0.6150 -0.3466 0.7083
vn -0.3992 0.9169 -0.0000
vn 0.6867 0.1773 -0.7050
vn 0.7008 0.1015 -0.7061
vn 0.3236 -0.9462 -0.0065
vn -0.7008 0.0871 0.7081
vn 0.5247 0.4734 -0.7075
vn 0.7396 0.6730 -0.0000
vn -0.3384 -0.9409 -0.0125
vn -0.6264 -0.3231 0.7094
vn -0.4968 -0.4952 0.7127
vn -0.4968 -0.4952 -0.7128
vn 0.7051 0.7091 -0.0000
vn -0.3454 -0.6137 -0.7100
vn -0.3454 -0.6137 0.7100
vn -0.2307 0.6700 0.7056
vn -0.3156 0.9489 -0.0000
vn -0.1156 0.9933 -0.0000
vn 0.3454 0.6137 0.7099
vn 0.9761 -0.2171 0.0106
vn -0.4274 -0.3996 0.8110
vn 0.3534 0.4152 0.8383
vn -0.4018 -0.9156 0.0114
vn -0.3388 -0.9408 -0.0123
vn 0.1062 -0.6990 -0.7072
vn -0.6691 0.7204 -0.1826
vn 0.5348 0.4603 -0.7086
vn -0.7395 0.6724 0.0305
vn 0.6659 0.7461 -0.0000
vn 0.5907 0.3868 -0.7081
vn 0.3064 0.6363 -0.7080
vn 0.4746 0.5226 -0.7082
vn -0.3492 -0.6134 -0.7084
vn -0.4297 -0.5601 0.7083
vn 0.7717 0.6360 -0.0001
vn 0.9317 0.3631 -0.0000
vn 0.6581 0.2563 0.7079
vn -0.5672 0.4203 0.7082
vn 0.5683 0.3033 -0.7649
vn 0.3507 -0.9365 -0.0001
vn 0.7067 -0.0280 -0.7070
vn -0.7004 0.0894 0.7081
vn -0.7050 -0.0608 0.7066
vn 0.9653 -0.2603 -0.0197
vn 0.3395 0.6209 -0.7066
vn 0.9042 -0.4266 -0.0180
vn 0.9949 0.1013 -0.0000
vn 0.4102 0.9120 -0.0000
vn -0.8906 -0.4548 -0.0000
vn -0.3929 0.4607 0.7959
vn -0.6490 0.7608 -0.0000
vn -0.8759 -0.4826 -0.0000
vn -0.3938 0.4585 -0.7967
vn -0.0771 -0.7028 -0.7072
vn -0.3317 -0.9434 -0.0000
vn -0.1045 -0.9945 -0.0000
vn 0.4386 0.5536 -0.7079
vn 0.5691 0.4183 -0.7079
vn -0.9608 0.2764 -0.0190
vn -0.3519 -0.6125 -0.7078
vn -0.8862 0.4632 0.0082
vn -0.0979 -0.9952 -0.0000
vn 0.9761 -0.2171 -0.0106
vn -0.7365 -0.6765 -0.0000
vn -0.8869 0.4619 0.0100
vn -0.3518 -0.6129 -0.7075
vn 0.0722 0.7037 -0.7068
vn 0.2088 0.6754 -0.7073
vn -0.9959 0.0903 -0.0000
vn -0.7004 0.0893 0.7081
vn 0.5137 -0.4843 0.7082
vn 0.3823 -0.5939 0.7079
vn 0.3520 0.4175 -0.8377
vn -0.9789 -0.2042 -0.0000
vn -0.7032 -0.0695 -0.7076
vn -0.9951 -0.0985 -0.0000
vn -0.9948 0.1021 -0.0000
vn 0.0947 0.7006 -0.7072
vn -0.9982 -0.0592 -0.0000
vn 0.2391 0.6662 -0.7064
vn 0.0561 0.5911 -0.8046
vn -0.3543 0.6119 -0.7071
vn 0.9942 0.1077 -0.0000
vn 0.7025 0.0766 -0.7075
vn 0.9935 -0.1141 -0.0000
vn 0.6741 0.7387 -0.0000
vn 0.2919 0.6429 0.7082
vn 0.4120 0.9112 -0.0000
vn -0.9615 0.2743 -0.0170
vn -0.3518 -0.6127 -0.7077
vn -0.8864 0.4628 0.0086
vn -0.7365 -0.6764 -0.0000
vn -0.8861 0.4635 0.0077
vn -0.3518 -0.6128 -0.7076
vn 0.3958 0.4531 -0.7988
vn -0.5958 -0.8031 -0.0000
vn -0.5531 -0.4389 0.7081
vn -0.7838 -0.6210 -0.0000
vn -0.4295 0.5607 0.7079
vn -0.4536 0.5414 -0.7079
vn -0.6736 -0.2139 0.7074
vn -0.8489 -0.5286 -0.0000
vn -0.9551 -0.2964 -0.0000
vn -0.6168 -0.3446 -0.7077
vn 0.6556 0.2785 0.7019
vn -0.8624 -0.5063 -0.0000
vn 0.7984 -0.1404 0.5855
vn -0.3454 -0.6136 0.7100
vn -0.4971 -0.4977 0.7107
vn 0.9359 -0.3523 -0.0000
vn 0.7019 -0.0816 -0.7076
vn 0.6604 -0.2509 -0.7078
vn -0.4825 -0.4371 0.7591
vn -0.8749 0.4843 -0.0000
vn -0.3930 -0.4605 0.7959
vn 0.4107 -0.3856 0.8262
vn -0.6484 0.2799 0.7080
vn -0.5654 0.4233 0.7080
vn 0.7067 -0.0280 0.7070
vn -0.4174 -0.9087 -0.0000
vn 0.7447 0.6674 -0.0000
vn 0.9465 0.3226 -0.0034
vn -0.6064 -0.7952 0.0001
vn -0.4525 0.5427 0.7076
vn -0.3459 0.6170 0.7068
vn -0.0091 -0.7167 0.6973
vn -0.9149 -0.4036 -0.0000
vn -0.1406 -0.9901 -0.0000
vn 0.1286 0.9917 -0.0000
vn 0.0916 0.7005 -0.7077
vn -0.3385 -0.9409 0.0124
vn -0.4019 -0.9156 -0.0114
vn -0.3121 -0.6335 -0.7081
vn -0.6756 -0.7373 -0.0000
vn -0.4355 -0.9002 -0.0000
vn 0.9607 -0.2775 -0.0000
vn 0.9989 -0.0462 -0.0000
vn -0.9848 0.1740 -0.0000
vn -0.6952 0.1253 -0.7078
vn -0.7056 -0.0120 -0.7085
vn 0.8030 -0.1747 0.5698
vn -0.4197 -0.9076 -0.0000
vn -0.5369 -0.8436 -0.0000
vn 0.0953 0.7038 -0.7040
vn -0.6167 -0.3450 0.7076
vn -0.6841 -0.1792 0.7071
vn 0.6283 0.3252 -0.7068
vn -0.2096 0.9775 -0.0239
vn -0.4788 0.8779 0.0021
vn -0.5152 -0.4817 -0.7089
vn -0.6050 -0.3643 -0.7080
vn -0.4825 0.8759 -0.0008
vn -0.6711 -0.2205 -0.7078
vn -0.5941 -0.3818 -0.7080
vn -0.9500 -0.3122 -0.0000
vn -0.5152 -0.4820 -0.7087
vn -0.6050 -0.3644 -0.7080
vn -0.4823 0.8760 -0.0010
vn -0.7036 -0.0842 -0.7056
vn 0.5374 -0.8433 -0.0020
vn 0.3454 0.6128 0.7107
vn -0.5548 -0.8320 -0.0000
vn -0.3909 -0.5897 -0.7067
vn 0.6805 0.1880 -0.7082
vn 0.9996 0.0273 -0.0000
vn 0.7059 0.0218 -0.7080
vn 0.2150 -0.6731 -0.7076
vn 0.0070 -0.7069 -0.7073
vn -0.6985 0.1038 0.7081
vn -0.9999 -0.0171 -0.0000
vn -0.6890 -0.1495 0.7092
vn -0.7056 -0.0120 0.7085
vn -0.1249 0.4636 0.8772
vn -0.1390 0.5748 0.8064
vn 0.3824 0.5942 0.7076
vn -0.4320 0.8295 -0.3540
vn 0.8567 -0.2029 -0.4742
vn 0.8030 -0.5960 -0.0000
vn 0.5425 -0.4524 0.7078
vn 0.8865 0.2611 -0.3820
vn -0.4519 -0.3934 -0.8006
vn -0.7402 -0.6723 -0.0000
vn -0.4519 -0.3934 0.8006
vn -0.4679 -0.8838 -0.0047
vn -0.2767 0.9608 -0.0184
vn -0.9962 0.0867 -0.0000
vn 0.2757 -0.9608 -0.0277
vn 0.5683 0.3033 0.7649
vn 0.8877 0.4605 -0.0000
vn -0.9224 0.3862 -0.0000
vn 0.0265 -0.9996 -0.0000
vn 0.0163 -0.7071 0.7069
vn 0.2411 -0.9705 -0.0000
vn -0.5669 0.4213 0.7079
vn -0.4306 0.5598 0.7080
vn -0.0951 -0.7040 0.7038
vn 0.9466 0.3225 0.0035
vn 0.3508 -0.9365 -0.0001
vn 0.8877 0.4604 -0.0000
vn 0.1586 0.3452 -0.9250
vn 0.9673 0.2536 -0.0000
vn -0.4215 0.8357 -0.3522
vn -0.0058 0.0250 -0.9997
vn 0.7830 -0.5154 -0.3482
vn 0.4866 0.4300 -0.7605
vn -0.3368 0.6214 0.7074
vn -0.1695 0.6862 0.7074
vn -0.4776 0.8786 -0.0000
vn 0.6714 0.2285 -0.7050
vn 0.6460 0.2873 -0.7072
vn -0.4214 0.5670 -0.7077
vn -0.5942 0.8043 -0.0000
vn -0.2378 0.9713 -0.0000
vn 0.0027 1.0000 -0.0000
vn 0.0009 0.7068 -0.7074
vn 0.4250 -0.5651 0.7071
vn 0.3464 0.6151 0.7083
vn 0.1760 0.6837 0.7082
vn 0.3860 -0.5922 0.7073
vn 0.4837 -0.5160 0.7069
vn 0.3397 -0.9401 0.0289
vn 0.6908 0.1384 -0.7097
vn 0.4950 0.8689 -0.0000
vn 0.4904 0.5079 0.7082
vn 0.6909 0.7229 -0.0000
vn 0.9654 -0.2601 0.0194
vn 0.9404 -0.3398 0.0109
vn -0.9900 0.1414 -0.0000
vn -0.9982 0.0604 -0.0000
vn -0.6995 0.0977 -0.7080
vn -0.3130 0.6377 -0.7038
vn -0.4107 0.9118 -0.0000
vn 0.8862 0.2618 -0.3821
vn 0.3883 -0.5905 0.7075
vn -0.7068 0.0082 0.7073
vn 0.9465 0.3226 0.0035
vn -0.1613 -0.6876 0.7079
vn 0.6906 0.7232 -0.0000
vn -0.5701 -0.3258 -0.7542
vn -0.7287 0.6849 -0.0000
vn 0.2815 0.6487 0.7071
vn 0.0446 -0.7061 -0.7067
vn -0.4889 0.5112 -0.7068
vn -0.4600 0.5358 -0.7081
vn -0.4061 0.9138 -0.0000
vn -0.2866 0.6453 -0.7081
vn 0.9626 0.2710 -0.0000
vn 0.6090 0.3572 0.7082
vn 0.6805 0.1880 0.7082
vn 0.1126 -0.6979 -0.7073
vn 0.1578 -0.9875 -0.0000
vn -0.9587 0.2846 -0.0000
vn -0.8573 0.5148 -0.0000
vn -0.6772 0.2021 0.7075
vn 0.3412 -0.2057 -0.9172
vn -0.3884 -0.9215 0.0059
vn -0.9617 0.2735 -0.0162
vn 0.5239 0.4750 0.7070
vn 0.4485 0.8938 -0.0000
vn 0.4603 0.4777 0.7483
vn -0.1370 0.5721 -0.8087
vn -0.1975 0.6792 -0.7069
vn -0.2455 0.6631 -0.7071
vn 0.2985 0.9544 -0.0000
vn -0.6492 -0.7606 -0.0000
vn -0.3930 -0.4605 -0.7959
vn 0.9767 -0.2145 -0.0080
vn 0.3064 0.6363 0.7080
vn 0.4746 0.5226 0.7082
vn 0.4897 0.0513 0.8704
vn 0.6587 -0.7524 -0.0000
vn 0.9931 0.1176 -0.0000
vn -0.4071 0.9134 -0.0000
vn -0.0916 0.7005 -0.7078
vn -0.7007 -0.7134 -0.0000
vn 0.5827 -0.8127 -0.0000
vn 0.5516 0.3316 0.7653
vn 0.3355 -0.9415 -0.0313
vn -0.2125 -0.6744 0.7071
vn -0.6683 0.2290 -0.7078
vn -0.9941 0.1082 -0.0000
vn -0.9460 0.3242 -0.0000
vn 0.1590 -0.6883 0.7078
vn -0.0059 -1.0000 -0.0000
vn 0.2256 -0.9742 -0.0000
vn -0.1975 0.6791 0.7069
vn -0.2454 0.6636 0.7067
vn 0.9465 0.3228 0.0033
vn -0.1246 0.4632 -0.8774
vn -0.1390 0.5745 -0.8066
vn -0.2575 0.9663 -0.0000
vn 0.3835 -0.5963 -0.7052
vn 0.9662 0.2577 -0.0001
vn 0.6146 0.2153 -0.7589
vn 0.2261 0.9741 -0.0000
vn -0.2615 -0.6601 0.7042
vn -0.5055 -0.4364 0.7444
vn -0.1483 -0.6950 0.7035
vn -0.1246 0.4632 0.8774
vn 0.3816 0.4866 0.7859
vn 0.4823 0.4524 0.7501
vn 0.2806 -0.6485 0.7076
vn -0.7509 0.6604 -0.0000
vn 0.3453 -0.6162 -0.7078
vn 0.4949 -0.5036 -0.7081
vn 0.4889 -0.8723 -0.0000
vn -0.3909 -0.5897 0.7067
vn -0.5199 -0.4780 0.7080
vn 0.7076 0.0023 -0.7066
vn 0.9948 0.1014 -0.0000
vn -0.5958 -0.3789 0.7081
vn -0.5958 -0.3789 -0.7081
vn -0.4815 -0.5163 -0.7082
vn -0.3121 -0.6334 0.7081
vn -0.8669 0.4986 -0.0000
vn -0.9409 0.3386 -0.0000
vn -0.6549 0.2658 -0.7074
vn -0.3842 -0.9233 -0.0000
vn 0.3983 -0.5834 0.7079
vn 0.5290 -0.4681 0.7078
vn 0.5677 -0.8233 -0.0000
vn 0.9046 -0.4258 0.0181
vn -0.3988 -0.5834 -0.7075
vn 0.9667 -0.2556 -0.0152
vn 0.3393 0.6214 -0.7062
vn 0.9039 -0.4272 -0.0205
vn -0.7440 -0.6682 -0.0000
vn 0.3397 -0.9401 -0.0289
vn 0.6908 0.1384 0.7097
vn 0.5373 -0.8434 -0.0020
vn -0.1791 -0.6839 -0.7073
vn 0.9926 0.1215 -0.0000
vn -0.7819 0.6233 -0.0001
vn -0.8932 0.4496 0.0027
vn 0.3454 0.6128 -0.7107
vn 0.5522 0.4352 -0.7111
vn -0.3634 -0.4138 -0.8347
vn 0.6918 0.1344 0.7095
vn 0.6250 0.3186 0.7127
vn -0.8545 0.5195 -0.0002
vn 0.4219 0.4030 -0.8121
vn 0.1019 0.6962 -0.7105
vn -0.6264 -0.3231 -0.7094
vn 0.4514 -0.3964 0.7994
vn -0.8931 0.4498 -0.0027
vn -0.1312 -0.3251 -0.9365
vn 0.3744 0.9273 -0.0001
vn 0.9042 -0.4267 0.0181
vn -0.3987 -0.5835 -0.7075
vn -0.5151 -0.4821 -0.7087
vn -0.1312 -0.3251 0.9365
vn -0.6890 -0.1495 -0.7092
vn -0.9095 -0.4156 -0.0000
vn -0.9773 -0.2120 -0.0000
vn 0.6969 0.1124 0.7083
vn 0.2271 -0.6693 -0.7074
vn 0.5476 -0.8367 -0.0000
vn 0.3173 -0.9483 -0.0000
vn -0.4308 0.8298 -0.3548
vn 0.8585 -0.1854 -0.4782
vn 0.9834 -0.1814 -0.0000
vn 0.6939 -0.1280 -0.7086
vn 0.1990 0.6785 0.7071
vn 0.0206 0.7070 0.7069
vn 0.9740 -0.2267 -0.0000
vn 0.7067 0.0051 0.7075
vn 0.9987 -0.0513 -0.0000
vn -0.4774 -0.5202 0.7082
vn -0.8529 -0.5220 -0.0000
vn -0.7383 0.6745 -0.0000
vn -0.6202 0.3380 0.7079
vn 0.6581 0.2563 -0.7079
vn 0.9927 0.1206 -0.0000
vn 0.7013 0.0852 -0.7078
vn -0.7036 -0.0658 0.7076
vn -0.7024 0.0768 0.7076
vn 0.0627 -0.7039 -0.7075
vn 0.0900 -0.9959 -0.0000
vn 0.1628 -0.7786 0.6061
vn -0.4485 -0.3913 0.8035
vn 0.9301 -0.3673 -0.0050
vn 0.1332 0.9911 -0.0000
vn -0.0963 0.6999 -0.7078
vn -0.1357 0.9908 -0.0000
vn -0.4077 -0.5776 0.7072
vn 0.5816 -0.0315 -0.8128
vn 0.5752 -0.8180 -0.0000
vn 0.4000 -0.5829 -0.7073
vn -0.2866 0.6453 0.7081
vn -0.0963 0.6999 0.7078
vn 0.4514 -0.3964 -0.7994
vn 0.2727 -0.6516 -0.7079
vn 0.4311 -0.5595 -0.7078
vn 0.9873 0.1592 -0.0000
vn -0.1952 -0.6796 0.7071
vn 0.3364 -0.9417 -0.0000
vn 0.2376 -0.6654 0.7076
vn -0.4871 0.8734 -0.0000
vn -0.3686 0.6073 -0.7038
vn -0.1335 -0.6942 0.7073
vn -0.1835 -0.9830 -0.0000
vn -0.2604 0.3998 -0.8788
vn 0.2391 0.6662 0.7064
vn -0.2604 0.3998 0.8789
vn 0.2189 -0.6720 0.7075
vn 0.3106 -0.9505 -0.0000
vn 0.9654 -0.2601 -0.0194
vn 0.3395 0.6209 -0.7065
vn 0.9046 -0.4259 -0.0182
vn -0.7004 -0.0734 -0.7099
vn -0.2085 0.9777 0.0230
vn 0.6914 0.1548 0.7057
vn 0.6725 0.2189 0.7070
vn -0.6150 -0.3466 -0.7083
vn -0.4775 0.8787 0.0024
vn 0.6285 0.3247 -0.7068
vn -0.2091 0.9778 -0.0125
vn -0.5701 -0.3258 0.7542
vn -0.3292 -0.5812 0.7442
vn -0.2336 -0.6545 0.7190
vn -0.7015 0.0842 -0.7076
vn -0.9329 0.3601 -0.0000
vn -0.9930 0.1178 -0.0000
vn 0.3395 0.6209 0.7065
vn -0.2702 -0.6532 0.7073
vn 0.0935 0.7005 -0.7075
vn -0.1187 0.9929 -0.0000
vn -0.4681 0.3901 -0.7929
vn 0.8656 -0.5007 -0.0000
vn 0.6788 -0.1970 0.7075
vn -0.8261 0.5636 -0.0000
vn 0.1506 0.6489 -0.7458
vn 0.0858 0.6761 -0.7318
vn -0.6049 -0.3646 0.7079
vn -0.5151 -0.4819 0.7088
vn 0.7417 0.6707 -0.0000
vn 0.7013 0.0852 0.7078
vn 0.7013 -0.0849 0.7078
vn -0.2134 0.6743 -0.7070
vn 0.8762 0.4818 -0.0133
vn -0.3317 0.6228 -0.7085
vn 0.5495 0.4429 -0.7084
vn 0.9315 0.3638 -0.0000
vn 0.6576 0.2571 -0.7082
vn -0.3862 0.9224 -0.0000
vn -0.0934 0.7001 0.7079
vn -0.1323 0.9912 -0.0000
vn 0.3395 0.6209 0.7066
vn 0.9653 -0.2603 0.0196
vn 0.6232 -0.3314 0.7084
vn 0.4949 -0.5036 0.7081
vn 0.9939 0.1104 -0.0000
vn 0.6981 -0.1118 -0.7072
vn 0.9882 -0.1534 -0.0000
vn 0.5538 0.3285 -0.7651
vn -0.4525 0.5427 -0.7076
vn -0.3459 0.6170 -0.7068
vn 0.7001 0.0934 -0.7079
vn -0.4608 0.3909 -0.7968
vn -0.2455 0.6630 0.7072
vn -0.1975 0.6792 0.7069
vn -0.7029 0.0724 0.7076
vn -0.7032 -0.0695 0.7076
vn 0.4627 -0.5351 -0.7068
vn -0.5215 -0.4713 0.7113
vn -0.2418 -0.3186 0.9165
vn -0.7976 0.5876 0.1361
vn 0.0934 -0.7001 -0.7079
vn -0.1323 -0.9912 -0.0000
vn -0.0934 -0.7001 -0.7079
vn -0.5155 0.0428 0.8558
vn 0.1609 0.8589 -0.4861
vn -0.5175 -0.4211 0.7449
vn 0.6921 -0.7218 -0.0000
vn -0.6979 0.1081 0.7080
vn -0.9908 0.1356 -0.0000
vn -0.6736 -0.2139 -0.7074
vn -0.0911 0.7012 0.7072
vn -0.2447 0.6631 0.7074
vn -0.3442 0.9389 -0.0000
vn -0.3686 0.6073 0.7038
vn -0.5921 0.3045 0.7461
vn 0.1990 0.6785 -0.7071
vn 0.7416 0.6708 -0.0000
vn -0.5152 -0.4819 0.7088
vn -0.3988 -0.5834 0.7076
vn -0.5952 0.2974 0.7465
vn -0.9161 0.4010 -0.0000
vn 0.9465 0.3226 -0.0035
vn 0.9119 -0.4104 -0.0000
vn 0.6981 -0.1118 0.7072
vn -0.5525 0.8335 -0.0000
vn -0.2447 0.6631 -0.7074
vn 0.3426 -0.1513 0.9272
vn 0.5575 0.4354 0.7068
vn -0.5503 -0.3035 0.7778
vn 0.4508 0.5435 0.7081
vn 0.3022 0.6381 0.7081
vn 0.6398 0.3003 -0.7074
vn 0.9904 0.1385 -0.0000
vn 0.7001 0.0983 -0.7073
vn 0.5479 0.8365 -0.0000
vn 0.7786 0.6275 -0.0000
vn 0.5495 0.4429 0.7084
vn 0.6652 -0.2376 0.7079
vn 0.8280 -0.5607 -0.0000
vn 0.9430 -0.3328 -0.0000
vn 0.7021 0.0791 -0.7077
vn 0.9937 0.1118 -0.0000
vn 0.7012 -0.0862 -0.7077
vn 0.8862 0.2678 0.3780
vn 0.5586 -0.4320 0.7081
vn 0.6566 -0.2601 0.7080
vn -0.6104 -0.7921 -0.0000
vn -0.4351 -0.5575 -0.7070
vn 0.4133 -0.5725 0.7081
vn 0.3458 -0.9383 -0.0000
vn -0.6024 -0.3687 0.7080
vn -0.6995 0.0977 0.7080
vn 0.0824 -0.7017 0.7076
vn -0.4049 -0.4114 0.8166
vn 0.1159 -0.9933 -0.0000
vn -0.7546 0.6562 -0.0000
vn -0.4049 -0.4114 -0.8166
vn -0.7048 -0.7094 -0.0000
vn -0.4677 0.3875 0.7944
vn 0.6859 -0.7277 -0.0000
vn 0.6108 -0.3550 0.7077
vn 0.0947 0.7006 0.7072
vn 0.8347 0.5507 -0.0001
vn 0.6903 0.7236 -0.0000
vn 0.4927 0.5057 -0.7082
vn -0.3368 0.6214 -0.7074
vn -0.4385 0.5549 -0.7070
vn 0.9673 0.2536 -0.0001
vn -0.4178 0.3962 0.8176
vn -0.7033 -0.0764 0.7068
vn 0.1506 0.6489 0.7459
vn 0.0858 0.6761 0.7318
vn 0.5954 0.3795 0.7082
vn 0.9539 0.3000 -0.0000
vn -0.6422 0.2938 0.7080
vn -0.9176 0.3975 -0.0000
vn -0.7782 0.6280 -0.0000
vn 0.2336 -0.6206 0.7485
vn 0.2104 -0.6193 0.7564
vn 0.5970 -0.3820 0.7054
vn 0.6712 0.2294 -0.7049
vn 0.3393 0.6214 0.7062
vn 0.9667 -0.2556 0.0152
vn 0.7922 0.6103 -0.0000
vn 0.3510 0.6134 -0.7074
vn 0.4895 0.8720 -0.0000
vn -0.6885 -0.1609 0.7072
vn -0.1283 0.1247 0.9839
vn -0.4098 -0.5754 0.7078
vn 0.6939 -0.1278 0.7086
vn -0.4485 -0.3913 -0.8035
vn 0.1628 -0.7786 -0.6061
vn 0.9301 -0.3673 0.0050
vn -0.9964 -0.0851 -0.0000
vn -0.7050 -0.0608 -0.7066
vn 0.3932 0.9195 -0.0000
vn 0.2803 0.6446 0.7113
vn 0.0118 -0.7067 0.7074
vn 0.3849 0.5932 0.7071
vn 0.5129 0.4856 0.7079
vn -0.7018 -0.0823 -0.7076
vn -0.9932 -0.1162 -0.0000
vn 0.2130 0.6745 -0.7069
vn -0.9609 0.2764 0.0190
vn -0.4058 0.4105 -0.8166
vn -0.7347 -0.6784 -0.0000
vn -0.7054 0.7088 -0.0000
vn -0.4058 0.4105 0.8166
vn 0.0677 0.7035 -0.7075
vn 0.0951 0.9955 -0.0000
vn -0.4019 -0.9156 -0.0115
vn -0.7922 -0.6103 -0.0000
vn -0.4311 -0.5596 0.7078
vn -0.5596 -0.4311 0.7078
vn -0.5199 0.4783 0.7078
vn -0.5760 0.8174 -0.0000
vn 0.7063 -0.0042 0.7079
vn -0.7047 -0.0233 -0.7091
vn -0.0901 -0.9956 -0.0258
vn -0.2455 0.6631 0.7071
vn -0.6866 0.1665 0.7077
vn -0.9719 0.2353 -0.0000
vn 0.7067 0.0051 -0.7075
vn 0.6813 -0.1864 -0.7079
vn -0.6920 -0.1437 -0.7075
vn -0.8904 -0.4551 -0.0000
vn -0.6287 -0.3216 -0.7080
vn -0.6287 -0.3216 0.7080
vn -0.7325 -0.6808 -0.0000
vn -0.3437 -0.9391 -0.0000
vn -0.2277 -0.6732 -0.7035
vn 0.3687 -0.9295 -0.0000
vn 0.0930 -0.7002 -0.7078
vn 0.1301 -0.9915 -0.0000
vn 0.9041 0.4272 -0.0000
vn 0.3464 0.6151 -0.7083
vn -0.3001 -0.6392 0.7081
vn -0.4315 -0.9021 -0.0000
vn 0.4057 0.4108 0.8165
vn 0.6942 0.7198 -0.0000
vn 0.1019 0.6962 0.7105
vn 0.2636 -0.6553 -0.7079
vn -0.1890 -0.6802 0.7082
vn -0.6710 -0.2229 -0.7072
vn 0.6286 0.3249 0.7066
vn -0.3001 -0.6392 -0.7081
vn -0.0927 -0.7008 -0.7073
vn -0.1738 0.6845 -0.7080
vn -0.3247 0.6273 -0.7079
vn -0.4562 0.8899 -0.0000
vn -0.6700 0.7424 -0.0000
vn -0.3247 0.6273 0.7079
vn 0.3140 -0.2563 0.9142
vn 0.3413 -0.2057 0.9172
vn -0.5162 -0.8443 0.1438
vn 0.0930 -0.7002 0.7078
vn 0.6271 0.3239 -0.7084
vn 0.7019 -0.0816 0.7076
vn 0.7025 0.0766 0.7075
vn -0.4730 0.5243 -0.7081
vn -0.1738 0.6845 0.7080
vn -0.1733 -0.6848 0.7078
vn 0.7097 0.0370 -0.7035
vn 0.6689 -0.2274 -0.7077
vn -0.4281 -0.1189 0.8959
vn -0.6665 0.7232 -0.1812
vn 0.5206 0.4768 -0.7083
vn 0.5522 0.4353 -0.7111
vn 0.3780 0.5939 -0.7103
vn 0.5243 0.4692 -0.7106
vn 0.4107 -0.3857 -0.8261
vn 0.4082 -0.4082 -0.8165
vn 0.4107 -0.3857 0.8261
vn 0.0190 0.7000 0.7139
vn -0.1265 0.6954 0.7074
vn -0.1755 0.9845 -0.0000
vn -0.6386 -0.2955 0.7106
vn -0.6168 0.7871 -0.0001
vn -0.2615 -0.6602 -0.7041
vn -0.6244 -0.0000 -0.7811
vn -0.9999 -0.0000 0.0119
vn 0.7074 0.0454 0.7053
vn 0.6162 0.3456 -0.7077
vn 0.4933 0.5052 -0.7081
vn 0.5734 -0.4123 -0.7080
vn 0.6840 0.1830 -0.7061
vn 0.6069 0.3616 0.7078
vn 0.2919 0.6429 -0.7082
vn 0.4757 0.5217 -0.7082
vn 0.2189 -0.6720 -0.7075
vn 0.5516 0.3316 -0.7653
vn 0.8719 0.4896 -0.0000
vn 0.6398 0.3003 0.7074
vn 0.5838 0.3976 0.7079
vn 0.8274 0.5616 -0.0000
vn -0.4214 0.5670 0.7077
vn -0.6979 0.1081 -0.7080
vn -0.6422 0.2938 -0.7080
vn -0.4597 0.3933 -0.7962
vn 0.9997 -0.0230 -0.0000
vn 0.0561 0.5911 0.8046
vn 0.5816 -0.0315 0.8128
vn -0.2319 -0.9727 -0.0000
vn -0.3929 0.4607 -0.7959
vn 0.5386 -0.4562 -0.7084
vn 0.7630 -0.6464 -0.0000
vn 0.6914 0.1548 -0.7057
vn 0.6725 0.2185 -0.7071
vn 0.6555 0.2784 -0.7020
vn 0.6004 -0.7997 -0.0000
vn 0.2543 -0.6591 0.7078
vn 0.4246 -0.5643 0.7080
vn -0.2846 -0.6467 0.7077
vn -0.4200 -0.5678 0.7079
vn -0.6452 -0.2792 0.7112
vn -0.9746 -0.2240 -0.0000
vn -0.7737 -0.6335 -0.0000
vn -0.5431 -0.4513 0.7081
vn -0.4390 -0.5526 0.7085
vn -0.3070 -0.6358 0.7082
vn -0.6220 -0.7830 -0.0000
vn -0.6452 -0.2792 -0.7112
vn -0.5431 -0.4513 -0.7081
vn 0.2842 0.6475 -0.7071
vn -0.6413 -0.2931 0.7091
vn -0.1345 0.9909 -0.0000
vn -0.0920 0.7019 0.7063
vn 0.9379 0.3469 -0.0000
vn 0.7024 0.0821 0.7071
vn 0.6277 -0.3063 0.7157
vn 0.7503 -0.6611 -0.0000
vn 0.6660 0.2360 0.7077
vn -0.5503 -0.3035 -0.7778
vn -0.7010 -0.0866 -0.7079
vn -0.9923 0.1235 -0.0000
vn -0.7008 0.0883 -0.7079
vn -0.0211 0.9998 -0.0000
vn -0.0128 0.7071 -0.7070
vn 0.1805 0.9836 -0.0000
vn 0.1050 0.6985 -0.7079
vn 0.9928 -0.1201 -0.0000
vn 0.7013 -0.0849 -0.7078
vn 0.8696 0.4938 -0.0000
vn 0.7263 0.6874 -0.0000
vn 0.6124 0.3513 0.7082
vn -0.7008 0.0871 -0.7081
vn -0.7065 0.0363 -0.7068
vn -0.1951 0.9808 -0.0000
vn -0.1375 0.6930 0.7077
vn 0.3573 -0.9340 -0.0000
vn 0.0807 -0.7020 -0.7076
vn 0.6556 0.2785 -0.7019
vn -0.6168 -0.3444 0.7077
vn 0.3862 -0.9224 -0.0000
vn 0.1323 -0.9912 -0.0000
vn 0.2765 0.6499 -0.7079
vn 0.6209 0.7839 -0.0000
vn 0.3870 0.5904 0.7083
vn -0.4178 0.3962 -0.8176
vn 0.9252 0.3794 -0.0001
vn 0.5890 0.3884 0.7087
vn 0.1200 0.6910 0.7128
vn -0.6245 -0.7810 -0.0000
vn -0.3844 -0.4807 0.7881
vn -0.7673 -0.6413 -0.0000
vn 0.6708 0.1878 -0.7175
vn 0.7024 0.0821 -0.7071
vn -0.5903 0.8072 -0.0000
vn -0.2704 0.6529 -0.7075
vn -0.3765 0.9264 -0.0000
vn -0.4245 -0.5701 -0.7034
vn -0.4880 -0.0653 -0.8704
vn -0.5414 -0.0542 -0.8390
vn -0.6711 -0.2205 0.7078
vn 0.8134 -0.5817 -0.0000
vn 0.3822 -0.5941 0.7078
vn 0.5198 -0.4783 0.7079
vn 0.6652 -0.2376 -0.7079
vn -0.6819 -0.7314 -0.0000
vn -0.8413 -0.5406 -0.0000
vn -0.4836 -0.5147 -0.7079
vn 0.7098 0.0369 0.7035
vn 0.4778 0.5201 0.7080
vn 0.6733 0.7394 -0.0000
vn -0.6683 0.2290 0.7078
vn -0.5667 0.4212 -0.7081
vn 0.4277 0.9039 -0.0000
vn 0.1310 0.6947 -0.7073
vn -0.4825 -0.4371 -0.7591
vn 0.4603 0.4777 -0.7483
vn 0.5239 0.4750 -0.7070
vn 0.6590 -0.7521 -0.0000
vn 0.4674 -0.5332 -0.7052
vn -0.5199 0.4783 -0.7078
vn 0.2104 -0.6193 -0.7564
vn -0.0066 -0.7037 -0.7104
vn 0.7039 0.0658 0.7072
vn 0.5669 -0.4212 -0.7080
vn 0.4246 -0.5643 -0.7080
vn 0.6124 0.3513 -0.7082
vn 0.6969 0.1127 -0.7082
vn 0.9184 -0.3957 -0.0000
vn 0.6466 -0.2830 -0.7084
vn 0.6939 -0.1278 -0.7086
vn 0.6466 -0.2830 0.7084
vn -0.1975 0.6791 -0.7069
vn -0.7018 -0.0823 0.7076
vn -0.9364 -0.3509 -0.0000
vn -0.1112 -0.6975 0.7079
vn -0.8030 0.5960 -0.0000
vn -0.6253 0.7804 -0.0000
vn -0.5654 0.4233 -0.7080
vn 0.5530 0.3023 0.7764
vn -0.6169 -0.3444 -0.7077
vn 0.6555 0.2784 0.7020
vn 0.6171 0.7869 -0.0000
vn 0.3816 0.4866 -0.7859
vn -0.5400 0.8417 -0.0000
vn -0.4390 -0.5526 -0.7085
vn -0.3518 -0.6127 0.7077
vn -0.9615 0.2743 0.0170
vn -0.8864 0.4628 -0.0086
vn -0.0742 -0.7031 -0.7072
vn 0.0639 -0.7039 -0.7074
vn 0.5386 -0.4562 0.7084
vn 0.6813 -0.1864 0.7079
vn -0.3300 0.9440 -0.0000
vn -0.2331 0.6670 0.7077
vn -0.3415 -0.6183 0.7079
vn -0.4834 -0.8754 -0.0000
vn -0.1483 -0.6950 -0.7035
vn 0.0163 -0.7071 -0.7069
vn 0.5795 0.4040 0.7078
vn -0.5695 -0.4163 0.7087
vn -0.8073 -0.5901 -0.0000
vn 0.6472 0.2892 -0.7053
vn -0.6168 -0.3446 0.7076
vn -0.2077 -0.6760 0.7070
vn -0.6983 -0.1059 -0.7079
vn -0.8135 -0.5816 -0.0000
vn -0.6612 -0.2490 -0.7077
vn -0.6612 -0.2490 0.7077
vn 0.3235 -0.9462 0.0066
vn 0.9957 0.0926 -0.0000
vn 0.7015 0.0966 0.7061
vn -0.0920 0.7019 -0.7063
vn 0.6487 -0.2795 -0.7078
vn 0.7007 -0.0888 -0.7079
vn 0.7012 -0.0862 0.7077
vn -0.6048 0.3650 0.7078
vn 0.7021 0.0791 0.7077
vn -0.6319 -0.3142 0.7085
vn -0.9888 -0.1491 -0.0000
vn -0.8953 -0.4455 -0.0000
vn -0.2724 -0.6517 -0.7079
vn -0.5151 -0.4821 0.7087
vn -0.3987 -0.5835 0.7075
vn 0.6516 0.2727 0.7079
vn 0.9224 0.3862 -0.0000
vn -0.6103 0.7921 -0.0000
vn -0.2726 0.6516 -0.7079
vn -0.4311 0.5596 -0.7078
vn -0.9224 -0.3862 -0.0000
vn -0.7001 -0.0934 -0.7079
vn -0.6516 -0.2727 -0.7079
vn 0.0934 -0.7001 0.7079
vn -0.7922 0.6103 -0.0000
vn -0.4311 0.5596 0.7078
vn 0.1323 0.9912 -0.0000
vn 0.6516 -0.2726 -0.7079
vn -0.6516 0.2727 0.7079
vn -0.6516 0.2727 -0.7079
vn -0.6516 -0.2727 0.7079
vn -0.6051 -0.3642 -0.7080
vn -0.4811 0.8767 -0.0014
vn -0.3862 -0.9224 -0.0000
vn 0.4431 -0.5500 -0.7079
vn 0.9912 0.1323 -0.0000
vn -0.2727 -0.6516 0.7079
vn -0.6103 -0.7921 -0.0000
vn 0.2543 -0.6591 -0.7078
vn -0.7001 0.0934 -0.7079
vn 0.5596 -0.4311 -0.7078
vn 0.2727 0.6516 0.7079
vn 0.3862 0.9224 -0.0000
vn -0.0934 0.7001 -0.7079
vn -0.0934 -0.7001 0.7079
vn 0.0934 0.7001 0.7079
vn 0.0934 0.7001 -0.7079
vn 0.6516 0.2727 -0.7079
vn 0.5596 0.4311 -0.7078
vn -0.2726 0.6516 0.7079
vn -0.4311 -0.5596 -0.7078
vn -0.5596 -0.4311 -0.7078
vn 0.3932 -0.4601 0.7961
vn 0.7001 0.0934 0.7079
vn 0.6712 0.2294 0.7049
vn 0.6460 0.2873 0.7072
vn 0.2758 -0.9608 -0.0277
vn -0.6529 -0.2688 -0.7081
vn -0.9247 -0.3808 -0.0000
vn 0.3235 -0.9462 -0.0066
vn 0.6867 0.1774 -0.7049
vn -0.6614 0.2480 0.7078
vn -0.5756 0.4030 0.7115
vn -0.6169 -0.3444 0.7077
vn -0.5949 0.7218 0.3537
vn -0.0951 -0.7040 -0.7038
vn -0.1105 0.4952 -0.8617
vn -0.4183 -0.5701 0.7071
vn -0.5333 -0.4632 0.7079
vn -0.5932 -0.8051 -0.0000
vn 0.3235 -0.9462 0.0065
vn 0.7008 0.1015 0.7061
vn -0.3801 -0.1282 0.9160
vn -0.6110 -0.3489 0.7106
vn 0.3491 -0.9245 0.1530
vn -0.9930 -0.1181 -0.0000
vn 0.7063 -0.0042 -0.7079
vn -0.3633 0.6167 0.6983
vn 0.6917 -0.7222 -0.0000
vn 0.9466 0.3225 -0.0035
vn -0.0091 -0.7167 -0.6973
vn 0.4311 0.5596 0.7078
vn -0.2455 0.6632 0.7071
vn -0.2445 0.6628 -0.7078
vn -0.4640 0.5335 -0.7072
vn 0.5429 -0.4510 0.7084
vn 0.8861 0.2628 -0.3818
vn -0.3387 -0.9408 0.0124
vn -0.1160 0.4651 -0.8776
vn -0.3457 0.6177 -0.7064
vn 0.4104 0.9119 -0.0000
vn -0.4815 -0.5163 0.7082
vn -0.5878 -0.8090 -0.0000
vn -0.4509 -0.8926 -0.0000
vn 0.6278 0.4201 -0.6553
vn -0.4090 0.5760 -0.7078
vn 0.9662 0.2579 0.0004
vn -0.6708 -0.2236 -0.7072
vn 0.6284 0.3252 0.7066
vn -0.4821 0.8761 -0.0010
vn 0.6284 0.3253 0.7066
vn 0.0824 -0.7017 -0.7076
vn 0.9404 -0.3398 -0.0108
vn 0.9404 -0.3398 0.0108
vn -0.0938 -0.9956 -0.0000
vn 0.3355 -0.9415 0.0313
vn 0.6918 0.1344 -0.7095
vn 0.6827 0.7307 -0.0000
vn 0.8653 0.5012 -0.0000
vn 0.3822 -0.5941 -0.7078
vn 0.5198 -0.4783 -0.7079
vn 0.6867 0.1773 0.7050
vn 0.2757 -0.9608 0.0277
vn -0.3415 -0.6183 -0.7079
vn 0.9951 0.0984 -0.0000
vn 0.7097 -0.7045 -0.0000
vn -0.6952 0.1253 0.7078
vn 0.2727 -0.6516 0.7079
vn -0.5151 -0.4820 0.7087
vn -0.3988 -0.5832 0.7077
vn -0.1369 0.5723 -0.8085
vn -0.4677 0.3875 -0.7944
vn -0.2595 0.9657 -0.0000
vn 0.6486 -0.7612 -0.0000
vn 0.5848 -0.3959 -0.7080
vn -0.1335 -0.6942 -0.7073
vn 0.4431 -0.8965 -0.0000
vn 0.4581 -0.5376 -0.7079
vn 0.5464 -0.8375 -0.0000
vn 0.4516 -0.8922 -0.0000
vn 0.3835 -0.5962 0.7053
vn 0.2031 -0.6738 0.7104
vn 0.3409 0.6184 -0.7081
vn -0.6916 0.7222 -0.0000
vn 0.6332 0.3124 -0.7082
vn -0.0141 -0.7066 0.7074
vn 0.4062 -0.4103 -0.8165
vn -0.3800 -0.1285 -0.9160
vn -0.6109 -0.3492 -0.7105
vn -0.9477 -0.3193 -0.0000
vn 0.0677 0.7035 0.7075
vn 0.2133 0.6734 0.7079
vn 0.6688 -0.2277 0.7077
vn -0.9912 -0.1323 -0.0000
vn 0.3491 -0.9245 -0.1530
vn 0.3147 0.6322 0.7080
vn 0.4461 0.8950 -0.0000
vn 0.6284 0.3166 -0.7105
vn 0.5260 0.4698 -0.7089
vn 0.6108 0.3525 -0.7090
vn 0.5260 0.4698 0.7089
vn 0.6108 0.3525 0.7090
vn 0.5260 0.4699 -0.7089
vn -0.9778 0.2052 -0.0419
vn -0.6885 -0.1609 -0.7072
vn -0.8078 0.5894 -0.0000
vn -0.3886 0.5946 0.7039
vn -0.6646 -0.7472 -0.0000
vn -0.5695 -0.4163 -0.7087
vn -0.7008 0.0883 0.7079
vn -0.5917 -0.3870 0.7072
vn -0.5084 -0.4905 0.7077
vn 0.6090 0.3572 -0.7082
vn 0.2271 -0.6693 0.7074
vn 0.1764 0.6838 -0.7080
vn -0.0086 0.7064 -0.7078
vn 0.6022 -0.3680 -0.7085
vn 0.2750 0.9614 -0.0000
vn 0.1735 0.9848 -0.0000
vn 0.4385 0.4651 -0.7690
vn 0.7911 -0.6117 -0.0000
vn -0.6772 0.2021 -0.7075
vn -0.4774 -0.5202 -0.7082
vn 0.1310 0.6947 0.7073
vn -0.0128 0.7071 0.7070
vn 0.6604 -0.2509 0.7078
vn 0.8037 -0.5951 -0.0000
vn 0.5669 -0.4212 0.7080
vn -0.6617 0.7280 0.1794
vn -0.4281 -0.1163 -0.8962
vn 0.5206 0.4768 0.7083
vn -0.5622 0.4279 -0.7077
vn -0.6469 0.2833 -0.7080
vn 0.4508 0.5435 -0.7081
vn -0.2962 -0.0363 -0.9544
vn -0.3130 0.6377 0.7038
vn 0.2765 0.6499 0.7079
vn -0.2753 -0.9614 -0.0000
vn -0.1302 -0.9915 -0.0000
vn -0.2962 -0.0364 0.9544
vn 0.1590 -0.6883 -0.7078
vn -0.6982 -0.1052 -0.7082
vn 0.6496 -0.7603 -0.0000
vn 0.6069 0.3616 -0.7078
vn 0.5848 -0.3959 0.7080
vn 0.4581 -0.5376 0.7079
vn 0.4658 -0.5321 -0.7071
vn 0.6938 -0.1441 -0.7055
vn 0.4133 0.3629 -0.8352
vn 0.6270 -0.1995 -0.7531
vn 0.3286 0.6261 -0.7071
vn -0.4245 -0.5701 0.7034
vn -0.5036 -0.4997 0.7047
vn -0.5414 -0.0542 0.8390
vn -0.7024 0.0768 -0.7076
vn -0.7036 -0.0658 -0.7076
vn 0.1585 0.3451 0.9251
vn -0.4385 0.5549 0.7069
vn -0.2331 0.6670 -0.7077
vn 0.1035 0.6460 0.7563
vn 0.7015 0.0966 -0.7061
vn 0.6716 0.2201 -0.7075
vn 0.1376 0.6939 0.7068
vn 0.1319 0.6947 0.7071
vn -0.2917 0.6431 -0.7080
vn 0.6174 0.3439 0.7075
vn 0.7527 -0.5631 -0.3410
vn 0.6146 0.2153 0.7589
vn -0.2727 -0.6516 -0.7079
vn -0.8863 0.4631 -0.0083
vn -0.3519 -0.6125 0.7078
vn -0.5742 -0.4114 0.7079
vn -0.0926 -0.7004 -0.7077
vn -0.1308 -0.9914 -0.0000
vn -0.8033 0.5955 -0.0000
vn -0.6585 0.2558 -0.7078
vn -0.5669 0.4213 -0.7079
vn 0.7001 -0.0934 0.7079
vn 0.6277 -0.3063 -0.7157
vn 0.9035 -0.4286 -0.0000
vn 0.3872 -0.4746 0.7905
vn -0.1237 0.9923 -0.0000
vn -0.9347 0.3555 -0.0000
vn -0.5774 0.4070 -0.7078
vn -0.0858 0.7013 0.7077
vn 0.8861 0.2579 0.3852
vn 0.5963 -0.8027 -0.0000
vn 0.6108 -0.3550 -0.7077
vn 0.1368 -0.9906 -0.0000
vn 0.1329 0.9911 -0.0000
vn 0.6708 0.1878 0.7175
vn -0.7015 0.0842 0.7076
vn 0.3130 -0.6334 0.7077
vn -0.4306 0.5598 -0.7080
vn 0.2443 -0.6627 -0.7079
vn 0.7016 -0.0838 -0.7077
vn -0.6585 0.2558 0.7078
vn 0.6022 -0.3680 0.7085
vn -0.3932 0.5871 -0.7076
vn -0.7425 0.6699 -0.0000
vn -0.5469 0.4479 -0.7073
vn 0.0916 0.7005 0.7077
vn -0.3932 0.5871 0.7076
vn -0.5469 0.4479 0.7073
vn -0.6386 -0.2956 -0.7105
vn -0.5442 -0.4488 -0.7088
vn 0.9404 -0.3399 0.0109
vn 0.9404 -0.3399 -0.0109
vn -0.1045 -0.6995 -0.7070
vn 0.9903 0.1390 -0.0001
vn -0.3884 -0.9215 -0.0059
vn 0.3426 -0.1513 -0.9272
vn 0.3030 -0.6382 0.7077
vn 0.1585 0.3454 -0.9250
vn 0.7067 -0.0279 -0.7070
vn -0.4666 -0.5296 -0.7084
vn 0.3510 0.6134 0.7074
vn -0.2307 0.6700 -0.7056
vn -0.4730 0.5243 0.7081
vn 0.6439 -0.2910 -0.7077
vn -0.1265 0.6954 -0.7074
vn -0.7009 -0.0878 0.7078
vn -0.7014 0.0845 0.7077
vn -0.4836 -0.5147 0.7079
vn -0.6167 -0.3451 -0.7075
vn 0.6471 0.2908 0.7048
vn 0.1063 0.6982 -0.7079
vn 0.3022 0.6381 -0.7081
vn 0.4817 0.5158 -0.7085
vn -0.1115 0.4894 -0.8649
vn -0.3938 0.4585 0.7967
vn -0.4236 0.3928 0.8162
vn -0.0795 0.7025 0.7073
vn 0.6660 0.2360 -0.7077
vn -0.5531 -0.4389 -0.7081
vn -0.6050 0.2950 0.7395
vn -0.6131 -0.2871 0.7360
vn -0.6973 0.1264 0.7056
vn -0.1791 -0.6839 0.7073
vn 0.9465 0.3227 -0.0034
vn -0.2455 0.6632 -0.7071
vn 0.3884 -0.5900 0.7078
vn -0.2704 0.6529 0.7075
vn -0.4268 0.5629 0.7078
vn -0.4666 -0.5296 0.7084
vn -0.5898 -0.3892 0.7075
vn 0.9465 0.3226 0.0034
vn -0.2840 0.6468 -0.7078
vn 0.1013 0.6658 -0.7392
vn 0.2803 0.6446 -0.7113
vn 0.6725 0.2188 -0.7070
vn 0.7520 -0.5658 0.3382
vn 0.6173 0.3439 -0.7075
vn -0.4787 0.8780 0.0022
vn -0.6051 -0.3642 0.7080
vn 0.7418 0.6707 -0.0000
vn -0.6049 -0.3647 0.7079
vn 0.6284 0.3252 0.7067
vn -0.5191 0.4789 0.7080
vn -0.3814 0.5946 0.7078
vn -0.3988 -0.5833 -0.7077
vn -0.2009 -0.6764 0.7086
vn 0.5247 0.4734 0.7075
vn -0.4173 -0.9088 -0.0000
vn 0.7067 -0.0278 0.7070
vn 0.1585 0.3452 0.9250
vn -0.5147 -0.4834 -0.7081
vn 0.4674 -0.5332 0.7052
vn 0.5669 -0.4221 0.7074
vn -0.5774 0.4070 0.7078
vn -0.3121 -0.6334 -0.7081
vn 0.0009 0.7068 0.7074
vn -0.6920 -0.1437 0.7075
vn 0.3464 0.6151 0.7082
vn 0.0118 -0.7067 -0.7074
vn 0.3891 -0.5895 0.7079
vn 0.7016 -0.0838 0.7077
vn 0.3234 -0.9462 -0.0067
vn 0.6726 0.2184 0.7071
vn -0.6169 -0.3445 -0.7077
vn 0.6472 0.2892 0.7053
vn -0.6165 -0.3457 -0.7074
vn -0.6617 0.7280 -0.1793
vn -0.4281 -0.1161 0.8962
vn -0.7987 0.5864 -0.1348
vn -0.2419 -0.3186 -0.9165
vn -0.1114 0.4894 -0.8649
vn -0.0911 0.7012 -0.7072
vn -0.6048 0.3650 -0.7078
vn -0.1756 -0.6838 0.7082
vn 0.5060 0.4202 0.7533
vn 0.5722 -0.4141 -0.7079
vn 0.6591 -0.2540 -0.7079
vn 0.5429 -0.4510 -0.7084
vn -0.5742 -0.4114 -0.7079
vn -0.4409 -0.5517 -0.7080
vn -0.6985 -0.1035 0.7081
vn 0.2776 0.6494 -0.7080
vn 0.4817 0.5158 0.7085
vn -0.6050 -0.3645 0.7080
vn -0.2456 0.6629 -0.7073
vn -0.3388 -0.9408 0.0124
vn -0.3382 -0.9410 -0.0124
vn 0.6527 0.2674 0.7089
vn -0.7385 0.6743 -0.0000
vn -0.3121 -0.6335 0.7081
vn 0.0627 -0.7039 0.7075
vn -0.1076 -0.6980 0.7079
vn 0.3454 0.6129 -0.7107
vn 0.3880 -0.5911 0.7071
vn -0.0771 -0.7028 0.7072
vn 0.0923 -0.7007 0.7075
vn 0.6027 -0.3001 -0.7394
vn -0.5884 0.3897 0.7084
vn -0.6681 0.2291 0.7079
vn -0.6661 0.2357 0.7077
vn -0.6296 0.3336 0.7016
vn -0.6300 0.3331 0.7015
vn -0.6091 0.3584 0.7075
vn -0.6973 0.1263 0.7055
vn -0.6090 0.3584 0.7075
vn 0.7007 -0.0888 0.7079
vn -0.6985 0.1038 -0.7081
vn -0.4752 0.5240 0.7068
vn -0.6714 0.2197 0.7077
vn -0.9997 0.0226 -0.0000
vn -0.7018 0.0794 0.7079
vn -0.6602 0.2583 0.7053
vn -0.6735 0.7392 -0.0000
vn -0.6579 -0.2593 0.7071
vn -0.6598 -0.2554 0.7067
vn -0.6597 -0.2415 0.7117
vn -0.6632 0.2455 0.7070
vn 0.3981 0.9174 -0.0000
vn 0.4517 -0.3963 0.7993
vn -0.6469 0.2833 0.7080
vn -0.2684 0.6537 -0.7075
vn -0.4415 0.5511 0.7081
vn -0.1116 0.6877 0.7174
vn 0.0070 -0.7069 0.7073
vn 0.0923 -0.7007 -0.7075
vn 0.1312 -0.9914 -0.0000
vn -0.6026 0.7980 -0.0000
vn 0.8689 0.4950 -0.0000
vn 0.6519 0.2739 0.7071
vn 0.4062 -0.4103 0.8165
vn 0.6714 0.2285 0.7050
vn 0.5352 0.4603 0.7083
vn -0.6681 0.2291 -0.7079
vn -0.5884 0.3897 -0.7084
vn -0.6086 0.3599 -0.7072
vn -0.6086 0.3598 -0.7072
vn -0.6370 0.3188 -0.7018
vn -0.6375 0.3180 -0.7017
vn -0.6653 0.2395 -0.7071
vn -0.6973 0.1264 -0.7056
vn -0.6981 -0.1060 0.7081
vn 0.6520 0.2738 -0.7071
vn -0.6698 0.7426 -0.0000
vn 0.4627 -0.5351 0.7068
vn -0.3070 -0.6358 -0.7082
vn 0.3053 -0.6377 -0.7072
vn 0.2438 -0.6643 -0.7066
vn 0.3832 -0.5941 -0.7073
vn 0.3824 0.5938 -0.7079
vn 0.3369 0.6214 -0.7074
vn -0.5147 -0.4834 0.7081
vn -0.6988 -0.1069 -0.7073
vn -0.6708 -0.2236 0.7072
vn -0.6043 -0.3655 0.7080
vn -0.5008 -0.4975 0.7083
vn -0.6224 -0.3334 0.7081
vn 0.3823 -0.5939 -0.7079
vn -0.2174 0.6728 0.7072
vn -0.4902 0.5086 0.7079
vn -0.5944 0.3817 0.7078
vn -0.5546 -0.4375 0.7078
vn -0.6090 0.3584 -0.7075
vn -0.6091 0.3584 -0.7075
vn -0.6297 0.3336 -0.7016
vn -0.6301 0.3331 -0.7014
vn -0.6661 0.2357 -0.7077
vn -0.6973 0.1263 -0.7055
vn 0.6989 0.0813 -0.7105
vn 0.7059 0.0218 0.7080
vn -0.5084 -0.4905 -0.7077
vn -0.5917 -0.3870 -0.7072
vn -0.6598 -0.2554 -0.7067
vn -0.2842 -0.6475 -0.7071
vn 0.3933 0.5878 -0.7070
vn 0.5484 0.8362 -0.0000
vn 0.2088 0.6754 0.7073
vn 0.8409 0.5411 -0.0000
vn 0.6953 0.7187 -0.0000
vn 0.1609 0.8589 0.4861
vn 0.6579 0.2593 0.7071
vn -0.9922 -0.1243 -0.0000
vn -0.7012 0.0841 -0.7079
vn 0.5596 -0.4311 0.7078
vn -0.4752 0.5239 -0.7069
vn 0.6270 -0.1995 0.7531
vn 0.5734 -0.4123 0.7080
vn 0.6523 -0.2707 0.7080
vn 0.2621 -0.6559 0.7079
vn 0.9609 0.2769 -0.0000
vn -0.6714 0.2197 -0.7077
vn 0.8856 -0.4644 -0.0000
vn 0.5428 -0.4515 0.7082
vn -0.5333 -0.4632 -0.7079
vn 0.6069 0.7948 -0.0000
vn 0.4362 0.8998 -0.0000
vn 0.3458 0.9383 -0.0000
vn 0.2063 0.6743 0.7091
vn 0.1588 0.2268 0.9609
vn 0.0008 -0.0000 1.0000
vn 0.4051 0.5805 0.7063
vn 0.4077 0.5843 0.7017
vn 0.2270 0.6640 0.7125
vn 0.2968 0.6414 0.7075
vn 0.6665 -0.7455 -0.0000
vn -0.6544 -0.2675 0.7073
vn -0.6730 -0.2176 0.7069
vn -0.7012 0.0841 0.7079
vn 0.3364 0.6219 -0.7071
vn -0.6113 -0.3501 0.7098
vn -0.6519 -0.2739 0.7071
vn -0.4297 -0.5601 -0.7083
vn -1.0000 0.0012 -0.0000
vn -0.6836 -0.1809 -0.7071
vn -0.5897 0.3887 0.7080
vn 0.2270 0.6640 -0.7125
vn 0.2968 0.6414 -0.7075
vn -0.0927 -0.7008 0.7073
vn -0.7019 -0.0800 -0.7077
vn -0.9999 -0.0149 -0.0000
vn -0.6841 -0.1793 -0.7070
vn 0.5177 0.4806 -0.7078
vn 0.4080 0.5776 -0.7071
vn 0.5177 0.4806 0.7078
vn 0.6609 -0.2502 -0.7076
vn 0.6692 -0.2264 -0.7077
vn 0.5970 -0.3820 -0.7055
vn -0.0086 0.7064 0.7078
vn -0.6397 0.2878 0.7128
vn -0.6402 0.2864 0.7128
vn -0.6086 0.3602 0.7070
vn -0.6681 0.2292 0.7079
vn -0.6651 0.2417 0.7066
vn 0.1235 0.6963 0.7071
vn 0.4260 -0.9047 -0.0000
vn 0.6591 -0.2540 0.7079
vn 0.1376 0.6939 -0.7068
vn 0.3068 0.6362 -0.7080
vn 0.2775 0.6503 -0.7071
vn 0.0903 -0.9959 -0.0000
vn -0.5055 -0.4364 -0.7444
vn -0.4640 0.5335 0.7072
vn -0.7510 0.6603 -0.0000
vn 0.2130 0.6745 0.7069
vn 0.2125 0.6744 0.7071
vn -0.4638 0.5337 0.7071
vn -0.7458 -0.6661 -0.0000
vn -0.8661 -0.4999 -0.0000
vn -0.6520 -0.2738 -0.7071
vn -0.6927 -0.1393 -0.7077
vn 0.4889 -0.5112 -0.7068
vn -0.2398 -0.6651 -0.7072
vn 0.7075 0.0453 -0.7053
vn 0.3607 0.9327 0.0018
vn -0.2818 0.6478 -0.7077
vn -0.3198 0.6299 0.7078
vn 0.6212 0.7837 -0.0000
vn -0.3568 0.6101 0.7075
vn -0.6935 -0.1143 0.7113
vn 0.1313 0.9913 -0.0000
vn 0.6609 -0.2502 0.7076
vn 0.7016 -0.0881 0.7071
vn 0.6692 -0.2264 0.7077
vn -0.5036 -0.4997 -0.7047
vn -0.7025 -0.7117 -0.0000
vn -0.8901 -0.4558 -0.0000
vn 0.5374 -0.8433 0.0020
vn 0.5373 -0.8434 0.0019
vn -0.2174 0.6728 -0.7072
vn -0.2775 -0.6503 -0.7071
vn -0.4512 -0.8924 -0.0000
vn -0.9367 0.3502 -0.0000
vn -0.4250 0.5651 0.7071
vn -0.1968 -0.3575 -0.9129
vn -0.1968 -0.3575 0.9129
vn 0.4859 -0.8740 -0.0000
vn 0.4517 -0.3963 -0.7993
vn 0.6540 0.2691 -0.7070
vn 0.6655 -0.7464 -0.0000
vn 0.6727 0.2184 -0.7070
vn -0.9918 0.1276 -0.0000
vn -0.6982 -0.1052 0.7082
vn 0.6653 -0.2395 0.7071
vn 0.6086 -0.3598 0.7072
vn 0.6086 -0.3599 0.7072
vn 0.6370 -0.3188 0.7019
vn 0.6375 -0.3180 0.7017
vn -0.0850 0.7018 0.7073
vn -0.6088 0.3593 -0.7073
vn -0.6348 0.3110 -0.7073
vn -0.6353 0.3101 -0.7073
vn 0.5226 0.8526 -0.0000
vn 0.7661 -0.6428 -0.0000
vn 0.2611 0.6572 0.7070
vn 0.6278 0.4201 0.6553
vn -0.5443 -0.4485 0.7089
vn -0.6212 -0.3344 0.7088
vn -0.5443 -0.4488 0.7088
vn -0.5008 -0.4974 0.7083
vn -0.3611 -0.6055 0.7092
vn -0.1584 -0.2269 0.9609
vn -0.4049 -0.5803 0.7066
vn -0.4076 -0.5842 0.7018
vn -0.2336 -0.6545 -0.7190
vn 0.3824 0.5938 0.7079
vn 0.3366 0.6221 0.7069
vn -0.0612 0.9969 -0.0503
vn -0.3369 -0.6214 -0.7074
vn -0.5588 -0.8293 -0.0000
vn -0.7029 0.0724 -0.7076
vn 0.0672 0.9977 -0.0000
vn 0.9431 0.3324 -0.0000
vn 0.4757 0.5217 0.7082
vn -0.0608 0.9968 -0.0510
vn 0.3824 0.5943 0.7075
vn 0.3364 0.6219 0.7071
vn -0.3364 -0.6219 -0.7071
vn -0.7510 0.6604 -0.0000
vn -0.2818 0.6478 0.7077
vn -0.6541 -0.2689 -0.7070
vn -0.6734 -0.2150 -0.7073
vn 0.6250 0.3186 -0.7127
vn -0.5020 -0.4279 0.7516
vn -0.1045 -0.6995 0.7070
vn -0.6653 0.2395 0.7071
vn -0.6370 0.3188 0.7019
vn -0.6375 0.3180 0.7017
vn -0.6086 0.3598 0.7072
vn -0.6086 0.3599 0.7072
vn 0.6788 -0.1970 -0.7075
vn -0.7019 -0.0800 0.7077
vn -0.6710 -0.2229 0.7072
vn -0.2814 0.9595 -0.0161
vn -0.6202 -0.3394 0.7072
vn -0.6043 -0.3656 0.7080
vn 0.9445 0.3285 -0.0000
vn 0.8924 0.4513 -0.0000
vn 0.6224 0.3334 0.7081
vn 0.6834 0.1810 0.7072
vn 0.9445 0.3284 -0.0000
vn 0.6202 0.3394 0.7072
vn -0.7018 0.0794 -0.7079
vn -0.6632 0.2455 -0.7070
vn -0.6602 0.2583 -0.7053
vn -0.4194 -0.5698 -0.7067
vn -0.4752 0.5239 0.7069
vn -0.0001 -0.0000 1.0000
vn -0.4638 0.5337 -0.7071
vn -0.6834 -0.1810 0.7072
vn -0.7004 -0.0734 0.7099
vn -0.6836 -0.1809 0.7071
vn 0.1811 -0.6852 0.7055
vn 0.6086 -0.3598 -0.7072
vn 0.6375 -0.3180 -0.7017
vn 0.6370 -0.3188 -0.7018
vn 0.6653 -0.2395 -0.7071
vn 0.6086 -0.3599 -0.7072
vn 0.5428 -0.4515 -0.7082
vn -0.4385 0.5549 -0.7069
vn 0.6173 0.3439 0.7075
vn 0.5210 0.4768 0.7079
vn 0.5060 0.4202 -0.7533
vn -0.1695 0.6862 -0.7074
vn 0.2536 -0.6523 0.7143
vn -0.2009 -0.6764 -0.7086
vn -0.2056 -0.6768 -0.7069
vn -0.7015 -0.0729 -0.7089
vn -0.1649 0.6889 -0.7059
vn -0.2197 0.9756 -0.0000
vn -0.5890 0.3137 -0.7448
vn 0.2438 -0.6643 0.7066
vn 0.3056 -0.6367 0.7080
vn 0.4883 0.5114 0.7071
vn -0.1395 0.6372 -0.7580
vn 0.9061 -0.4231 -0.0000
vn 0.8472 -0.5312 -0.0000
vn 0.5425 -0.4524 -0.7078
vn 0.6819 0.1836 0.7080
vn 0.6226 0.3343 0.7075
vn -0.2441 0.6643 -0.7065
vn -0.3052 0.6387 -0.7063
vn 0.4658 -0.5321 0.7071
vn -0.0066 -0.7037 0.7104
vn -0.5897 0.3887 -0.7080
vn -0.3059 0.6365 0.7080
vn -0.2445 0.6628 0.7078
vn -0.6348 0.3110 0.7073
vn -0.6353 0.3101 0.7073
vn -0.6088 0.3593 0.7073
vn 0.1985 -0.6781 -0.7076
vn 0.2636 -0.6553 0.7079
vn 0.6068 0.7949 -0.0000
vn 0.3457 0.9383 -0.0000
vn 0.1583 0.2270 0.9609
vn 0.4049 0.5806 0.7064
vn 0.4075 0.5844 0.7017
vn -0.1588 -0.2268 0.9609
vn -0.0008 -0.0000 1.0000
vn -0.4051 -0.5805 0.7063
vn -0.4077 -0.5843 0.7017
vn -0.7514 0.2592 0.6068
vn 0.2290 0.7593 -0.6091
vn -0.3374 -0.7450 0.5754
vn 0.8030 -0.1746 -0.5698
vn 0.7984 -0.1402 -0.5856
vn 0.2106 0.7712 -0.6007
vn -0.7522 0.2235 0.6199
vn -0.3180 -0.7625 0.5634
vn -0.2965 -0.6420 -0.7071
vn 0.2060 0.6755 0.7080
vn 0.1584 0.2269 0.9609
vn 0.4049 0.5803 0.7066
vn 0.4076 0.5842 0.7018
vn -0.6413 -0.2931 -0.7091
vn 0.6584 -0.2537 -0.7086
vn -0.5546 -0.4375 -0.7078
vn -0.6407 -0.2969 -0.7081
vn -0.9956 -0.0936 -0.0000
vn -0.6738 -0.2125 0.7077
vn -0.2611 -0.6572 0.7070
vn -0.2959 -0.6418 0.7075
vn -0.1594 -0.6854 0.7105
vn -0.5765 -0.8171 -0.0000
vn -0.5729 0.8196 -0.0000
vn -0.6050 0.2950 -0.7395
vn 0.4000 -0.5829 0.7073
vn -0.1583 -0.2270 0.9609
vn -0.4049 -0.5806 0.7064
vn -0.4075 -0.5844 0.7017
vn -0.6044 -0.3653 0.7080
vn -0.6211 -0.3381 0.7070
vn -0.4883 -0.5114 0.7071
vn -0.5008 -0.4975 -0.7083
vn -0.3611 -0.6055 -0.7092
vn 0.6224 0.3334 -0.7081
vn 0.9051 0.2399 -0.3511
vn 0.7769 -0.5217 -0.3524
vn -0.4902 0.5086 -0.7079
vn -0.3568 0.6101 -0.7075
vn -0.3198 0.6299 -0.7078
vn -0.5008 -0.4974 -0.7083
vn -0.3052 0.6387 0.7063
vn 0.4259 0.5626 -0.7086
vn -0.6131 -0.2871 -0.7360
vn 0.2056 0.6768 -0.7069
vn -0.5890 0.3137 0.7448
vn 0.6576 0.2571 0.7082
vn 0.3056 -0.6367 -0.7080
vn 0.3832 -0.5940 -0.7073
vn 0.3832 -0.5942 -0.7072
vn -0.4183 -0.5701 -0.7071
vn 0.2443 -0.6627 0.7079
vn -0.7015 -0.0729 0.7089
vn -0.6549 0.2659 0.7074
vn -0.6113 -0.3501 -0.7098
vn -0.6909 -0.1508 -0.7070
vn 0.5890 0.3884 -0.7087
vn 0.6527 0.2675 -0.7089
vn 0.1013 0.6658 0.7392
vn -0.5564 0.4349 0.7080
vn 0.0004 -0.0000 -1.0000
vn -0.4051 -0.5805 -0.7063
vn -0.0006 -0.0000 -1.0000
vn -0.1587 -0.2268 -0.9609
vn -0.4077 -0.5843 -0.7017
vn 0.9835 -0.1811 -0.0000
vn -0.1594 -0.6854 -0.7105
vn -0.2959 -0.6418 -0.7075
vn 0.4799 0.8773 -0.0000
vn 0.4077 0.5776 0.7072
vn 0.3933 0.5878 0.7070
vn 0.8857 -0.4642 -0.0000
vn -0.3660 0.9306 -0.0000
vn -0.2587 0.6573 0.7078
vn -0.4090 0.5760 0.7078
vn 0.6989 0.0813 0.7105
vn -0.3836 -0.5929 -0.7081
vn 0.5290 -0.4681 -0.7078
vn 0.3983 -0.5834 -0.7079
vn -0.4098 -0.5753 -0.7078
vn -0.6212 -0.3382 -0.7070
vn -0.6044 -0.3653 -0.7080
vn -0.2500 0.9682 -0.0000
vn -0.5944 0.3817 -0.7078
vn -0.9612 0.2759 -0.0000
vn -0.9904 0.1382 -0.0000
vn 0.7640 -0.5230 0.3779
vn 0.0258 0.9997 -0.0000
vn -0.6719 -0.2121 0.7096
vn 0.4510 0.5434 0.7080
vn 0.6730 0.2167 -0.7072
vn -0.0612 0.9969 -0.0504
vn 0.7001 0.0983 0.7073
vn -0.6441 -0.1373 0.7525
vn -0.9046 -0.4263 -0.0000
vn 0.2767 0.9609 -0.0000
vn 0.6625 0.2461 0.7075
vn 0.3108 0.6338 -0.7083
vn -0.6541 -0.2689 0.7070
vn -0.6734 -0.2150 0.7073
vn -0.4236 0.3928 -0.8162
vn 0.4927 0.5057 0.7082
vn 0.6625 0.2461 -0.7075
vn -0.4268 0.5629 -0.7078
vn -0.3286 -0.6261 -0.7071
vn -0.6117 -0.7911 -0.0000
vn -0.5941 -0.3818 0.7080
vn 0.6124 -0.3520 -0.7079
vn -0.5020 -0.4279 -0.7516
vn 0.6226 0.3343 -0.7075
vn 0.6819 0.1836 -0.7080
vn 0.2031 -0.6738 -0.7104
vn -0.3053 0.6377 -0.7072
vn -0.2438 0.6643 -0.7066
vn -0.4415 0.5511 -0.7081
vn -0.6540 -0.2691 -0.7070
vn -0.6730 -0.2167 -0.7072
vn 0.4823 0.4524 -0.7501
vn -0.3814 0.5946 -0.7078
vn 0.6124 -0.3520 0.7079
vn 0.1811 -0.6852 -0.7055
vn -0.5564 0.4349 -0.7080
vn -0.5402 -0.3078 0.7832
vn 0.6544 0.2675 0.7073
vn 0.6730 0.2176 0.7069
vn 0.6867 0.1774 0.7049
vn -0.2587 0.6573 -0.7078
vn 0.4057 0.4108 -0.8165
vn 0.2060 0.6755 -0.7080
vn 0.5596 0.4311 0.7078
vn -0.5596 0.4311 0.7078
vn -0.5596 0.4311 -0.7078
vn 0.9447 0.3278 -0.0000
vn 0.8926 0.4509 -0.0000
vn 0.0004 -0.0000 1.0000
vn -0.4351 -0.5575 0.7070
vn 0.6662 0.2216 -0.7121
vn -0.2965 -0.6420 0.7071
vn -0.3059 0.6365 -0.7080
vn -0.2454 0.6636 -0.7067
vn 0.3052 -0.6387 -0.7063
vn 0.2441 -0.6643 -0.7065
vn 0.8857 -0.4643 -0.0000
vn -0.4752 0.5240 -0.7068
vn -0.3292 -0.5812 -0.7442
vn -0.6043 -0.3656 -0.7080
vn 0.6836 0.1809 0.7071
vn -0.6043 -0.3655 -0.7080
vn 0.6540 0.2691 0.7070
vn 0.6727 0.2184 0.7070
vn 0.3236 -0.9462 0.0065
vn 0.2063 0.6743 -0.7091
vn 0.3130 -0.6334 -0.7077
vn 0.3476 -0.6209 0.7026
vn 0.1126 -0.6979 0.7073
vn -0.6441 -0.1373 -0.7525
vn 0.6662 0.2216 0.7121
vn 0.3078 0.6324 0.7108
vn 0.3476 -0.6209 -0.7026
vn 0.8532 -0.5215 -0.0000
vn 0.0190 0.7000 -0.7139
vn 0.1035 0.6460 -0.7563
vn -0.1649 0.6889 0.7059
vn 0.4897 0.0513 -0.8704
vn 0.4647 0.8855 -0.0000
vn -0.4880 -0.0653 0.8704
vn 0.4051 0.5805 -0.7063
vn 0.0006 -0.0000 -1.0000
vn 0.1587 0.2268 -0.9609
vn 0.4077 0.5843 -0.7017
vn -0.6681 0.2292 -0.7079
vn 0.6523 -0.2707 -0.7080
vn 0.3366 0.6221 -0.7069
vn 0.9927 -0.1208 -0.0000
vn -0.6212 -0.3344 -0.7088
vn -0.6719 -0.2121 -0.7096
vn -0.2063 -0.6743 -0.7091
vn -0.0850 0.7018 -0.7073
vn -0.5443 -0.4488 -0.7088
vn -0.6603 0.2511 0.7078
vn 0.2445 -0.6628 0.7078
vn 0.3052 -0.6387 0.7063
vn 0.4219 0.5616 0.7118
vn -0.3369 -0.6214 0.7074
vn 0.6651 -0.2417 0.7066
vn 0.6086 -0.3602 0.7070
vn 0.6397 -0.2878 0.7128
vn 0.6402 -0.2864 0.7128
vn -0.6974 0.1256 -0.7056
vt 0.704918 0.500000
vt 0.737705 0.500000
vt 0.704918 0.000000
vt 0.819820 0.000000
vt 0.783784 0.000000
vt 0.288288 0.000000
vt 0.896552 0.000000
vt 0.888889 0.000000
vt 0.528736 0.000000
vt 0.125000 0.500000
vt 0.083333 0.000000
vt 0.083333 0.500000
vt 0.437722 0.000000
vt 0.181495 0.000000
vt 0.177936 0.000000
vt 0.960000 0.100000
vt 0.920000 0.500000
vt 0.960000 0.500000
vt 0.500000 0.700000
vt 0.484127 0.800000
vt 0.523810 1.000000
vt 0.822064 0.000000
vt 0.818505 0.000000
vt 0.274021 0.000000
vt 0.440000 0.500000
vt 0.493333 1.000000
vt 0.493333 0.500000
vt 0.025974 0.500000
vt 0.051948 0.000000
vt 0.025974 0.000000
vt 0.750000 0.000000
vt 0.791667 0.500000
vt 0.791667 0.000000
vt 0.770492 0.500000
vt 0.803279 1.000000
vt 0.803279 0.500000
vt 0.127168 0.000000
vt 0.265896 0.000000
vt 0.196532 0.000000
vt 0.679715 0.000000
vt 0.672598 0.000000
vt 0.544484 0.000000
vt 0.208333 0.500000
vt 0.250000 0.000000
vt 0.208333 0.000000
vt 0.340000 0.500000
vt 0.326667 0.000000
vt 0.326667 0.500000
vt 0.333333 1.000000
vt 0.291667 0.500000
vt 0.291667 1.000000
vt 0.130435 0.500000
vt 0.165217 0.000000
vt 0.130435 0.000000
vt 0.355705 0.000000
vt 0.342282 0.000000
vt 0.993289 0.000000
vt 0.125000 0.000000
vt 0.166667 0.500000
vt 0.166667 0.000000
vt 0.894737 0.200000
vt 0.905263 0.000000
vt 0.894737 0.000000
vt 0.221374 1.000000
vt 0.232824 0.800000
vt 0.221374 0.800000
vt 0.160920 0.500000
vt 0.183908 1.000000
vt 0.183908 0.500000
vt 0.918367 0.500000
vt 0.959184 1.000000
vt 0.959184 0.500000
vt 0.766234 0.600000
vt 0.727273 0.500000
vt 0.727273 1.000000
vt 0.541667 0.500000
vt 0.500000 0.000000
vt 0.500000 0.500000
vt 0.520000 0.500000
vt 0.513333 0.800000
vt 0.520000 0.800000
vt 0.115789 1.000000
vt 0.126316 0.500000
vt 0.115789 0.500000
vt 0.595376 1.000000
vt 0.606936 0.500000
vt 0.595376 0.500000
vt 0.877301 0.000000
vt 0.282209 0.000000
vt 0.889571 0.000000
vt 0.626667 0.000000
vt 0.573333 0.500000
vt 0.626667 0.500000
vt 0.166667 1.000000
vt 0.125000 1.000000
vt 0.880000 1.000000
vt 0.893333 1.000000
vt 0.893333 0.500000
vt 0.869565 1.000000
vt 0.869565 0.500000
vt 0.808696 0.500000
vt 0.546667 0.500000
vt 0.533333 0.000000
vt 0.533333 0.500000
vt 0.693333 0.500000
vt 0.680000 1.000000
vt 0.693333 1.000000
vt 0.425287 1.000000
vt 0.436782 0.500000
vt 0.425287 0.500000
vt 0.833333 0.500000
vt 0.791667 1.000000
vt 0.833333 1.000000
vt 0.106667 0.000000
vt 0.106667 0.500000
vt 0.120000 0.500000
vt 0.708333 0.500000
vt 0.750000 1.000000
vt 0.750000 0.500000
vt 0.400000 0.500000
vt 0.386667 0.500000
vt 0.386667 1.000000
vt 0.697987 0.000000
vt 0.684564 0.000000
vt 0.328859 0.000000
vt 0.181818 0.000000
vt 0.155844 0.500000
vt 0.181818 0.500000
vt 0.546667 1.000000
vt 0.551020 0.500000
vt 0.571429 0.000000
vt 0.551020 0.000000
vt 0.777778 0.500000
vt 0.888889 0.500000
vt 0.814815 0.000000
vt 0.884211 0.200000
vt 0.873684 0.300000
vt 0.814815 1.000000
vt 0.521073 0.000000
vt 0.904215 0.000000
vt 0.045802 0.800000
vt 0.041985 0.800000
vt 0.038168 0.800000
vt 0.907514 0.000000
vt 0.936416 0.500000
vt 0.936416 0.000000
vt 0.081851 0.000000
vt 0.743772 0.000000
vt 0.750890 0.000000
vt 0.273333 0.500000
vt 0.286667 0.500000
vt 0.273333 0.000000
vt 0.812977 0.300000
vt 0.812977 0.400000
vt 0.824427 0.000000
vt 0.853333 0.500000
vt 0.840000 0.500000
vt 0.853333 1.000000
vt 0.452632 0.700000
vt 0.463158 0.800000
vt 0.473684 0.800000
vt 0.224490 0.200000
vt 0.204082 0.500000
vt 0.224490 0.500000
vt 0.440000 0.000000
vt 0.360000 0.500000
vt 0.673333 0.100000
vt 0.680000 0.500000
vt 0.680000 0.100000
vt 0.225191 0.800000
vt 0.225191 0.500000
vt 0.291815 0.000000
vt 0.800712 0.000000
vt 0.288256 0.000000
vt 0.578947 0.500000
vt 0.600000 0.500000
vt 0.578947 0.000000
vt 0.053435 0.300000
vt 0.057252 0.400000
vt 0.061069 0.400000
vt 0.958333 1.000000
vt 0.041667 0.500000
vt 0.958333 0.500000
vt 0.057803 0.000000
vt 0.666667 1.000000
vt 0.740741 1.000000
vt 0.666667 0.500000
vt 0.458333 1.000000
vt 0.541667 1.000000
vt 0.286957 0.000000
vt 0.304348 0.500000
vt 0.304348 0.000000
vt 0.052174 1.000000
vt 0.043478 0.800000
vt 0.043478 1.000000
vt 1.000000 0.000000
vt 0.994220 0.500000
vt 1.000000 0.500000
vt 0.126984 0.400000
vt 0.182540 0.500000
vt 0.182540 0.000000
vt 0.927928 0.000000
vt 0.189189 0.000000
vt 0.909910 0.000000
vt 0.905263 0.300000
vt 0.915789 0.300000
vt 0.915789 0.000000
vt 0.250000 0.500000
vt 0.213592 0.000000
vt 0.747573 0.000000
vt 0.766990 0.000000
vt 0.849711 0.000000
vt 0.832370 0.500000
vt 0.849711 0.500000
vt 0.699422 0.500000
vt 0.687861 1.000000
vt 0.699422 1.000000
vt 0.000000 0.500000
vt 0.041667 0.000000
vt 0.324427 0.800000
vt 0.320611 0.700000
vt 0.316794 0.700000
vt 0.375723 0.500000
vt 0.387283 0.000000
vt 0.375723 0.000000
vt 0.462428 0.500000
vt 0.450867 0.000000
vt 0.450867 0.500000
vt 0.973333 0.000000
vt 0.960000 0.000000
vt 0.919075 0.000000
vt 0.774566 0.000000
vt 0.768786 0.000000
vt 0.880952 0.500000
vt 0.888889 1.000000
vt 0.793103 1.000000
vt 0.793103 0.500000
vt 0.747126 0.500000
vt 0.467532 0.700000
vt 0.454545 0.700000
vt 0.493506 0.700000
vt 0.873333 1.000000
vt 0.873333 0.500000
vt 0.989474 0.000000
vt 0.231579 0.000000
vt 0.526316 0.000000
vt 0.500000 0.300000
vt 0.500000 0.400000
vt 0.523810 0.000000
vt 0.011561 0.000000
vt 0.005780 0.500000
vt 0.011561 0.500000
vt 0.020000 0.000000
vt 0.033333 0.500000
vt 0.033333 0.000000
vt 0.484211 0.000000
vt 0.736842 0.000000
vt 0.778947 0.000000
vt 0.277457 0.000000
vt 0.277457 0.300000
vt 0.283237 0.300000
vt 0.407407 0.500000
vt 0.481481 0.500000
vt 0.407407 0.000000
vt 0.313333 1.000000
vt 0.313333 0.500000
vt 0.200000 0.000000
vt 0.221053 0.000000
vt 0.433526 1.000000
vt 0.439306 1.000000
vt 0.439306 0.500000
vt 0.833333 0.000000
vt 0.034483 0.000000
vt 0.011494 0.500000
vt 0.034483 0.500000
vt 0.034483 1.000000
vt 0.779221 0.300000
vt 0.792208 0.300000
vt 0.818182 0.300000
vt 0.006667 1.000000
vt 0.006667 0.500000
vt 0.396947 0.500000
vt 0.377863 0.500000
vt 0.377863 1.000000
vt 0.013333 0.800000
vt 0.020000 0.500000
vt 0.013333 0.500000
vt 0.603053 0.400000
vt 0.553435 0.000000
vt 0.603053 0.500000
vt 0.200000 0.500000
vt 0.260000 1.000000
vt 0.260000 0.500000
vt 0.446667 0.000000
vt 0.446667 0.500000
vt 0.460000 0.000000
vt 0.950820 1.000000
vt 0.950820 0.500000
vt 0.918033 0.500000
vt 0.557895 0.000000
vt 0.547368 0.500000
vt 0.557895 0.500000
vt 0.766234 0.400000
vt 0.597701 1.000000
vt 0.620690 0.500000
vt 0.597701 0.500000
vt 0.793893 1.000000
vt 0.805344 0.800000
vt 0.793893 0.800000
vt 0.106667 1.000000
vt 0.120000 1.000000
vt 0.160000 0.000000
vt 0.160000 0.500000
vt 0.485549 0.500000
vt 0.485549 0.000000
vt 0.473988 0.000000
vt 0.915789 0.500000
vt 0.926316 0.500000
vt 0.538168 0.000000
vt 0.545802 0.500000
vt 0.545802 0.000000
vt 0.583333 0.500000
vt 0.250000 1.000000
vt 0.805344 0.200000
vt 0.793893 0.000000
vt 0.793893 0.200000
vt 0.960000 1.000000
vt 0.960000 0.900000
vt 0.920000 0.900000
vt 0.252174 1.000000
vt 0.269565 0.500000
vt 0.252174 0.500000
vt 0.186667 0.500000
vt 0.180000 1.000000
vt 0.186667 1.000000
vt 0.200000 1.000000
vt 0.653333 0.500000
vt 0.571429 1.000000
vt 0.571429 0.500000
vt 0.493333 0.000000
vt 0.053435 0.200000
vt 0.045802 0.000000
vt 0.045802 0.200000
vt 0.273333 1.000000
vt 0.621053 0.500000
vt 0.600000 1.000000
vt 0.621053 1.000000
vt 0.508671 0.500000
vt 0.480000 1.000000
vt 0.183908 0.000000
vt 0.234783 0.500000
vt 0.252174 0.000000
vt 0.234783 0.000000
vt 0.805344 0.500000
vt 0.708333 1.000000
vt 0.313333 0.000000
vt 0.300000 0.500000
vt 0.690476 0.200000
vt 0.690476 0.100000
vt 0.682540 0.100000
vt 0.353333 0.000000
vt 0.353333 0.500000
vt 0.259259 0.500000
vt 0.333333 0.000000
vt 0.259259 0.000000
vt 0.905263 0.700000
vt 0.905263 0.500000
vt 0.978947 1.000000
vt 0.968421 0.500000
vt 0.968421 1.000000
vt 0.861272 0.500000
vt 0.849711 1.000000
vt 0.861272 1.000000
vt 0.487544 0.000000
vt 0.718861 0.000000
vt 0.483986 0.000000
vt 0.084211 0.500000
vt 0.073684 0.500000
vt 0.063158 0.700000
vt 0.526718 0.500000
vt 0.534351 0.000000
vt 0.526718 0.000000
vt 0.091603 0.500000
vt 0.183206 0.000000
vt 0.091603 0.000000
vt 0.087302 0.500000
vt 0.079365 0.200000
vt 0.071429 0.300000
vt 0.500000 1.000000
vt 0.160000 1.000000
vt 0.653179 0.000000
vt 0.653179 0.500000
vt 0.664740 0.000000
vt 0.104348 0.500000
vt 0.113043 1.000000
vt 0.113043 0.500000
vt 0.825397 0.500000
vt 0.880952 0.000000
vt 0.310345 0.500000
vt 0.287356 0.500000
vt 0.310345 1.000000
vt 0.606667 1.000000
vt 0.620000 0.500000
vt 0.606667 0.500000
vt 0.884211 0.800000
vt 0.873684 0.700000
vt 0.873684 1.000000
vt 0.633333 1.000000
vt 0.646667 0.500000
vt 0.633333 0.500000
vt 0.295082 0.000000
vt 0.262295 0.500000
vt 0.295082 0.500000
vt 0.810526 0.500000
vt 0.821053 0.100000
vt 0.810526 0.100000
vt 0.666667 0.000000
vt 0.680000 0.000000
vt 0.316794 0.400000
vt 0.316794 0.300000
vt 0.251908 0.500000
vt 0.373913 0.500000
vt 0.391304 1.000000
vt 0.391304 0.500000
vt 0.063158 0.300000
vt 0.208333 1.000000
vt 0.485549 1.000000
vt 0.539130 0.500000
vt 0.626087 0.400000
vt 0.626087 0.300000
vt 0.291667 0.000000
vt 0.333333 0.500000
vt 0.720000 0.500000
vt 0.786667 0.500000
vt 0.786667 0.000000
vt 0.484211 0.700000
vt 0.494737 0.500000
vt 0.484211 0.500000
vt 0.720000 1.000000
vt 0.786667 1.000000
vt 0.180000 0.000000
vt 0.186667 0.000000
vt 0.800000 0.500000
vt 0.813333 1.000000
vt 0.813333 0.500000
vt 0.875000 1.000000
vt 0.916667 0.500000
vt 0.875000 0.500000
vt 0.612245 0.000000
vt 0.612245 0.500000
vt 0.006667 0.000000
vt 0.840000 1.000000
vt 0.826667 0.000000
vt 0.840000 0.000000
vt 0.853333 0.000000
vt 0.260116 0.500000
vt 0.265896 0.500000
vt 0.271676 0.400000
vt 0.458333 0.000000
vt 0.541667 0.000000
vt 0.264368 0.500000
vt 0.287356 1.000000
vt 0.824427 0.500000
vt 0.816794 0.500000
vt 0.812977 0.600000
vt 0.907514 1.000000
vt 0.907514 0.500000
vt 0.966667 0.000000
vt 0.966667 0.500000
vt 0.993333 0.000000
vt 0.687500 0.500000
vt 0.687500 0.000000
vt 0.583333 1.000000
vt 0.317919 0.300000
vt 0.323699 0.400000
vt 0.329480 0.400000
vt 0.861272 0.000000
vt 0.872832 0.500000
vt 0.872832 0.000000
vt 0.906667 1.000000
vt 0.926667 1.000000
vt 0.926667 0.500000
vt 0.625000 1.000000
vt 0.625000 0.500000
vt 0.011494 0.000000
vt 0.988506 0.500000
vt 0.173333 0.100000
vt 0.173333 0.500000
vt 0.375000 0.500000
vt 0.375000 1.000000
vt 0.063158 1.000000
vt 0.052632 0.800000
vt 0.052632 1.000000
vt 0.946565 0.200000
vt 0.942748 0.500000
vt 0.946565 0.500000
vt 0.916667 1.000000
vt 0.061069 0.600000
vt 0.087786 1.000000
vt 0.087786 0.500000
vt 0.737705 1.000000
vt 0.213873 0.100000
vt 0.208092 0.500000
vt 0.213873 0.500000
vt 0.854167 1.000000
vt 0.854167 0.500000
vt 0.729167 0.500000
vt 0.300578 0.900000
vt 0.306358 0.900000
vt 0.306358 0.800000
vt 0.820809 1.000000
vt 0.820809 0.500000
vt 0.687500 1.000000
vt 0.729167 1.000000
vt 0.729167 0.000000
vt 0.770833 0.500000
vt 0.770833 0.000000
vt 0.452632 0.300000
vt 0.463158 0.200000
vt 0.442105 0.000000
vt 0.219653 0.500000
vt 0.620000 0.000000
vt 0.633333 0.000000
vt 0.875000 0.000000
vt 0.854167 0.000000
vt 0.916667 0.000000
vt 0.673333 0.900000
vt 0.673333 0.500000
vt 0.958333 0.000000
vt 0.321839 0.000000
vt 0.344828 0.500000
vt 0.344828 0.000000
vt 0.551724 0.500000
vt 0.551724 0.400000
vt 0.563218 0.400000
vt 0.583333 0.000000
vt 0.625000 0.000000
vt 0.083333 1.000000
vt 0.406667 0.500000
vt 0.400000 0.000000
vt 0.653061 1.000000
vt 0.612245 1.000000
vt 0.146667 1.000000
vt 0.146667 0.500000
vt 0.866667 0.500000
vt 0.040000 0.100000
vt 0.040000 0.500000
vt 0.207792 0.000000
vt 0.233766 0.500000
vt 0.233766 0.000000
vt 0.073333 0.500000
vt 0.073333 0.000000
vt 0.060000 0.000000
vt 0.428571 0.700000
vt 0.415584 0.600000
vt 0.402597 1.000000
vt 0.832370 1.000000
vt 0.442105 0.500000
vt 0.368421 1.000000
vt 1.000000 1.000000
vt 0.897959 0.500000
vt 0.857143 0.000000
vt 0.857143 0.500000
vt 0.946565 0.800000
vt 0.946565 1.000000
vt 0.950382 1.000000
vt 0.066667 1.000000
vt 0.820809 0.000000
vt 0.271676 0.600000
vt 0.809249 0.500000
vt 0.809249 0.000000
vt 0.031579 0.500000
vt 0.978947 0.500000
vt 0.034783 0.300000
vt 0.034783 0.400000
vt 0.026087 0.400000
vt 0.042105 0.300000
vt 0.042105 0.400000
vt 0.031579 0.400000
vt 0.553435 0.500000
vt 0.545802 1.000000
vt 0.553435 1.000000
vt 0.388889 0.500000
vt 0.380952 1.000000
vt 0.388889 1.000000
vt 0.724138 0.000000
vt 0.724138 0.500000
vt 0.317919 0.700000
vt 0.323699 0.600000
vt 0.312139 0.500000
vt 0.734104 0.500000
vt 0.734104 0.000000
vt 0.722543 0.000000
vt 0.957895 0.000000
vt 0.957895 0.500000
vt 0.157895 0.500000
vt 0.147368 0.100000
vt 0.147368 0.500000
vt 0.136842 0.000000
vt 0.147368 0.900000
vt 0.136842 1.000000
vt 0.153333 0.500000
vt 0.153333 0.000000
vt 0.221053 0.500000
vt 0.136842 0.500000
vt 0.934866 0.000000
vt 0.950192 0.000000
vt 0.475096 0.000000
vt 0.480000 0.000000
vt 0.326316 0.000000
vt 0.315789 0.500000
vt 0.326316 0.500000
vt 0.273684 0.500000
vt 0.294737 0.000000
vt 0.273684 0.000000
vt 0.294737 0.500000
vt 0.315789 1.000000
vt 0.326316 1.000000
vt 0.347368 0.500000
vt 0.347368 1.000000
vt 0.046667 0.500000
vt 0.034351 0.300000
vt 0.022901 0.000000
vt 0.030534 0.400000
vt 0.000000 1.000000
vt 0.706667 0.000000
vt 0.706667 0.500000
vt 0.232824 0.500000
vt 0.240458 0.400000
vt 0.240458 0.300000
vt 0.463158 1.000000
vt 0.894737 0.800000
vt 0.473684 0.200000
vt 0.473684 0.500000
vt 0.484211 0.200000
vt 0.484211 0.800000
vt 0.061224 1.000000
vt 0.061224 0.500000
vt 0.020408 0.500000
vt 0.484211 0.300000
vt 0.494737 0.300000
vt 0.536842 1.000000
vt 0.547368 1.000000
vt 0.557895 1.000000
vt 0.251908 0.000000
vt 0.606667 0.000000
vt 0.857143 0.300000
vt 0.831169 0.300000
vt 0.631579 0.500000
vt 0.621053 0.000000
vt 0.652632 0.000000
vt 0.631579 0.000000
vt 0.315789 0.000000
vt 0.262295 1.000000
vt 0.245902 0.500000
vt 0.416667 0.500000
vt 0.416667 1.000000
vt 0.020000 1.000000
vt 0.427481 0.000000
vt 0.469466 0.500000
vt 0.469466 0.000000
vt 0.380368 0.000000
vt 0.815951 0.000000
vt 0.343558 0.000000
vt 0.824427 1.000000
vt 0.858779 1.000000
vt 0.686957 0.700000
vt 0.678261 0.700000
vt 0.660870 0.800000
vt 0.022901 0.500000
vt 0.950382 0.500000
vt 0.660000 1.000000
vt 0.660000 0.500000
vt 0.993333 0.500000
vt 0.448980 0.000000
vt 0.408163 0.500000
vt 0.448980 0.500000
vt 0.375000 0.000000
vt 0.633588 0.600000
vt 0.629771 0.600000
vt 0.625954 0.700000
vt 0.505263 0.500000
vt 0.494737 0.700000
vt 0.045802 0.500000
vt 0.053435 0.700000
vt 0.057252 0.600000
vt 0.894737 0.500000
vt 0.423664 1.000000
vt 0.423664 0.500000
vt 0.950820 0.000000
vt 0.918033 0.000000
vt 0.450867 1.000000
vt 0.462428 1.000000
vt 0.978947 0.000000
vt 0.368421 0.500000
vt 0.114943 0.000000
vt 0.114943 0.500000
vt 0.137931 0.500000
vt 0.460870 0.000000
vt 0.530435 0.500000
vt 0.530435 0.000000
vt 0.839080 0.000000
vt 0.793103 0.000000
vt 0.458333 0.500000
vt 0.643678 0.500000
vt 0.618321 0.500000
vt 0.000000 0.000000
vt 0.664740 0.500000
vt 0.676301 1.000000
vt 0.676301 0.500000
vt 0.033333 1.000000
vt 0.866412 1.000000
vt 0.874046 0.500000
vt 0.866412 0.500000
vt 0.606870 0.700000
vt 0.610687 0.800000
vt 0.614504 0.500000
vt 0.052632 0.300000
vt 0.905263 1.000000
vt 0.894737 1.000000
vt 0.416667 0.000000
vt 0.513333 0.500000
vt 0.506667 1.000000
vt 0.755725 1.000000
vt 0.664122 0.500000
vt 0.664122 1.000000
vt 0.353333 1.000000
vt 0.360000 1.000000
vt 0.187023 0.500000
vt 0.183206 1.000000
vt 0.187023 1.000000
vt 0.469466 1.000000
vt 0.473282 0.500000
vt 0.759542 0.500000
vt 0.786260 0.500000
vt 0.786260 0.400000
vt 0.630058 0.500000
vt 0.606936 1.000000
vt 0.630058 1.000000
vt 0.573770 1.000000
vt 0.573770 0.500000
vt 0.327869 0.500000
vt 0.202454 0.000000
vt 0.950920 0.000000
vt 0.963190 0.000000
vt 0.689655 0.500000
vt 0.689655 0.000000
vt 0.812977 0.700000
vt 0.885496 0.000000
vt 0.877863 0.500000
vt 0.885496 0.500000
vt 0.572254 0.500000
vt 0.572254 0.000000
vt 0.566474 0.000000
vt 0.043478 0.300000
vt 0.063158 0.500000
vt 0.066667 0.000000
vt 0.041985 0.500000
vt 0.038168 0.200000
vt 0.626087 0.600000
vt 0.617391 0.600000
vt 0.617391 0.500000
vt 0.328244 0.100000
vt 0.324427 0.100000
vt 0.324427 0.200000
vt 0.091954 0.000000
vt 0.068966 0.000000
vt 0.091954 0.500000
vt 0.727273 0.000000
vt 0.043478 0.700000
vt 0.052174 0.800000
vt 0.946667 0.500000
vt 0.946667 0.000000
vt 0.416185 0.000000
vt 0.427746 0.500000
vt 0.427746 0.000000
vt 0.546667 0.000000
vt 0.573333 0.000000
vt 0.340000 1.000000
vt 0.566474 0.500000
vt 0.560694 1.000000
vt 0.566474 1.000000
vt 0.053435 1.000000
vt 0.049618 0.800000
vt 0.797710 0.200000
vt 0.460317 1.000000
vt 0.460317 0.800000
vt 0.374046 0.000000
vt 0.374046 0.500000
vt 0.374046 1.000000
vt 0.423664 0.000000
vt 0.316794 0.600000
vt 0.603053 0.600000
vt 0.658730 0.700000
vt 0.658730 0.600000
vt 0.523810 0.500000
vt 0.427481 1.000000
vt 0.427481 0.500000
vt 0.900763 0.500000
vt 0.900763 1.000000
vt 0.916031 0.500000
vt 0.566667 1.000000
vt 0.240458 0.700000
vt 0.240458 0.600000
vt 0.213740 0.600000
vt 0.473282 0.000000
vt 0.477099 0.500000
vt 0.622137 0.800000
vt 0.618321 0.800000
vt 0.614504 0.800000
vt 0.013333 0.200000
vt 0.492366 1.000000
vt 0.507634 1.000000
vt 0.492366 0.500000
vt 0.038168 0.000000
vt 0.133333 0.000000
vt 0.133333 0.500000
vt 0.507634 0.500000
vt 0.519084 0.500000
vt 0.519084 0.000000
vt 0.157895 0.900000
vt 0.534351 1.000000
vt 0.526718 1.000000
vt 0.165217 1.000000
vt 0.130435 1.000000
vt 0.031579 0.000000
vt 0.534351 0.500000
vt 0.538168 1.000000
vt 0.538168 0.500000
vt 0.343511 0.300000
vt 0.343511 0.400000
vt 0.163934 0.500000
vt 0.196721 0.500000
vt 0.163934 0.000000
vt 0.768421 0.500000
vt 0.790076 0.300000
vt 0.407407 1.000000
vt 0.494737 1.000000
vt 0.265306 0.500000
vt 0.244898 0.200000
vt 0.244898 0.500000
vt 0.513333 0.200000
vt 0.520000 0.200000
vt 0.260000 0.000000
vt 0.213873 0.900000
vt 0.219653 0.900000
vt 0.484211 1.000000
vt 0.473684 1.000000
vt 0.391304 0.000000
vt 0.408696 0.500000
vt 0.408696 0.000000
vt 0.416185 0.500000
vt 0.410405 1.000000
vt 0.416185 1.000000
vt 0.252632 0.000000
vt 0.252632 0.500000
vt 0.480519 0.700000
vt 0.493506 0.600000
vt 0.660305 1.000000
vt 0.660305 0.500000
vt 0.366667 1.000000
vt 0.366667 0.500000
vt 0.346667 0.500000
vt 0.221374 0.200000
vt 0.213740 0.000000
vt 0.217557 0.300000
vt 0.126667 0.500000
vt 0.506667 0.500000
vt 0.506667 0.000000
vt 0.915789 0.700000
vt 0.652632 1.000000
vt 0.631579 1.000000
vt 0.774566 0.100000
vt 0.768786 0.500000
vt 0.774566 0.500000
vt 0.183206 0.500000
vt 0.091603 1.000000
vt 0.026087 0.500000
vt 0.878261 1.000000
vt 0.026087 0.600000
vt 0.111111 0.200000
vt 0.095238 0.000000
vt 0.095238 0.200000
vt 0.759542 1.000000
vt 0.208092 0.900000
vt 0.356522 0.000000
vt 0.339130 0.500000
vt 0.356522 0.500000
vt 0.132948 1.000000
vt 0.144509 0.500000
vt 0.132948 0.500000
vt 0.786260 1.000000
vt 0.790076 0.700000
vt 0.786260 0.600000
vt 0.232824 0.200000
vt 0.221374 0.000000
vt 0.590164 0.500000
vt 0.606557 0.300000
vt 0.590164 0.300000
vt 0.994220 0.000000
vt 0.988439 0.500000
vt 0.180000 0.900000
vt 0.173333 1.000000
vt 0.251908 1.000000
vt 0.673333 1.000000
vt 0.620000 1.000000
vt 0.633588 0.500000
vt 0.880000 0.000000
vt 0.866667 0.000000
vt 0.880000 0.500000
vt 0.946667 1.000000
vt 0.950382 0.000000
vt 0.874046 1.000000
vt 0.874046 0.000000
vt 0.877863 0.000000
vt 0.885496 1.000000
vt 0.131148 0.500000
vt 0.147541 0.500000
vt 0.147541 0.000000
vt 0.640000 1.000000
vt 0.640000 0.500000
vt 0.332061 0.200000
vt 0.332061 0.100000
vt 0.343511 0.700000
vt 0.339695 0.700000
vt 0.332061 0.800000
vt 0.043478 0.500000
vt 0.031579 0.600000
vt 0.031579 1.000000
vt 0.052632 0.700000
vt 0.641618 0.000000
vt 0.635838 0.500000
vt 0.641618 0.500000
vt 0.052174 0.300000
vt 0.052174 0.200000
vt 0.043478 0.200000
vt 0.113043 0.000000
vt 0.026087 1.000000
vt 0.034783 1.000000
vt 0.069565 0.500000
vt 0.095652 0.000000
vt 0.069565 0.000000
vt 0.463158 0.000000
vt 0.095652 1.000000
vt 0.104348 1.000000
vt 0.052174 0.700000
vt 0.060870 0.500000
vt 0.052174 0.500000
vt 0.121739 0.000000
vt 0.121739 0.500000
vt 0.660870 0.200000
vt 0.660870 0.100000
vt 0.652174 0.100000
vt 0.052632 0.500000
vt 0.121739 1.000000
vt 0.560694 0.000000
vt 0.554913 0.500000
vt 0.560694 0.500000
vt 0.826667 1.000000
vt 0.165217 0.500000
vt 0.433526 0.500000
vt 0.433526 0.000000
vt 0.126667 1.000000
vt 0.073333 1.000000
vt 0.320000 0.500000
vt 0.269565 1.000000
vt 0.286957 0.500000
vt 0.185185 0.500000
vt 0.259259 1.000000
vt 0.321739 1.000000
vt 0.339130 1.000000
vt 0.217391 0.000000
vt 0.217391 0.500000
vt 0.857143 0.700000
vt 0.961039 1.000000
vt 0.870130 0.600000
vt 0.460870 0.500000
vt 0.426087 0.000000
vt 0.426087 0.500000
vt 0.976879 0.500000
vt 0.982659 0.200000
vt 0.976879 0.200000
vt 0.850575 0.000000
vt 0.896552 0.500000
vt 0.408696 1.000000
vt 0.426087 1.000000
vt 0.104348 0.000000
vt 0.826667 0.500000
vt 0.626667 1.000000
vt 0.473988 0.500000
vt 0.473988 1.000000
vt 0.122449 0.500000
vt 0.142857 0.000000
vt 0.893130 1.000000
vt 0.893130 0.500000
vt 0.539130 0.000000
vt 0.530435 1.000000
vt 0.539130 1.000000
vt 0.942529 1.000000
vt 0.942529 0.500000
vt 0.797710 0.500000
vt 0.797710 0.800000
vt 0.063158 0.800000
vt 0.309160 0.000000
vt 0.603053 1.000000
vt 0.347368 0.000000
vt 0.643478 0.800000
vt 0.634783 0.700000
vt 0.626087 0.700000
vt 0.244898 0.800000
vt 0.326531 1.000000
vt 0.408163 1.000000
vt 0.339695 0.300000
vt 0.295082 1.000000
vt 0.708333 0.000000
vt 0.756522 1.000000
vt 0.765217 0.500000
vt 0.756522 0.500000
vt 0.756522 0.000000
vt 0.765217 0.000000
vt 0.982659 0.500000
vt 0.988439 0.000000
vt 0.674603 0.900000
vt 0.682540 0.900000
vt 0.682540 0.500000
vt 0.087786 0.000000
vt 0.777778 1.000000
vt 0.785714 0.500000
vt 0.402597 0.000000
vt 0.415584 0.400000
vt 0.428571 0.300000
vt 0.077922 0.000000
vt 0.103896 0.500000
vt 0.103896 0.000000
vt 0.678261 0.300000
vt 0.686957 0.300000
vt 0.866667 1.000000
vt 0.775510 0.500000
vt 0.693878 0.000000
vt 0.693878 0.500000
vt 0.606936 0.000000
vt 0.630058 0.000000
vt 0.187023 0.000000
vt 0.452381 0.700000
vt 0.444444 1.000000
vt 0.137931 1.000000
vt 0.114943 1.000000
vt 0.224490 0.800000
vt 0.204082 0.800000
vt 0.306358 0.200000
vt 0.312139 0.200000
vt 0.317919 0.200000
vt 0.792208 0.700000
vt 0.818182 0.700000
vt 0.173333 0.900000
vt 0.180000 0.500000
vt 0.866412 0.000000
vt 0.016393 1.000000
vt 0.049180 1.000000
vt 0.049180 0.500000
vt 0.142857 1.000000
vt 0.126667 0.000000
vt 0.328244 0.500000
vt 0.328244 0.900000
vt 0.332061 0.900000
vt 0.821053 0.900000
vt 0.583815 0.500000
vt 0.213740 0.500000
vt 0.213740 0.400000
vt 0.653061 0.500000
vt 0.693878 1.000000
vt 0.081967 0.500000
vt 0.049180 0.000000
vt 0.005780 1.000000
vt 0.011561 1.000000
vt 0.126984 0.600000
vt 0.182540 1.000000
vt 0.653333 1.000000
vt 0.897959 1.000000
vt 0.918367 1.000000
vt 0.194175 0.000000
vt 0.786408 0.000000
vt 0.034682 0.000000
vt 0.063584 0.500000
vt 0.063584 0.000000
vt 0.941748 0.000000
vt 0.922330 0.000000
vt 0.019417 0.000000
vt 0.051948 0.500000
vt 0.077922 0.500000
vt 0.077922 1.000000
vt 0.086705 1.000000
vt 0.098266 0.500000
vt 0.086705 0.500000
vt 0.129870 0.000000
vt 0.129870 0.500000
vt 0.155844 0.000000
vt 0.468254 0.800000
vt 0.468254 0.500000
vt 0.207792 1.000000
vt 0.181818 1.000000
vt 0.213333 0.500000
vt 0.213333 0.000000
vt 0.233766 1.000000
vt 0.259740 0.500000
vt 0.286957 1.000000
vt 0.163934 1.000000
vt 0.285714 1.000000
vt 0.311688 1.000000
vt 0.285714 0.500000
vt 0.324675 0.500000
vt 0.311688 0.000000
vt 0.311688 0.500000
vt 0.324675 1.000000
vt 0.846847 0.000000
vt 0.243243 0.000000
vt 0.855856 0.000000
vt 0.460870 1.000000
vt 0.836066 0.500000
vt 0.852459 0.500000
vt 0.852459 0.000000
vt 0.492366 0.000000
vt 0.477099 0.000000
vt 0.000000 0.900000
vt 0.040000 0.900000
vt 0.905263 0.800000
vt 0.915789 1.000000
vt 0.988439 1.000000
vt 0.982659 0.800000
vt 0.344828 1.000000
vt 0.367816 0.500000
vt 0.806667 0.500000
vt 0.234043 0.000000
vt 0.702128 0.000000
vt 0.744681 0.000000
vt 0.213873 1.000000
vt 0.260116 1.000000
vt 0.885246 0.000000
vt 0.885246 0.500000
vt 0.041667 1.000000
vt 0.831169 1.000000
vt 0.961039 0.000000
vt 0.870130 0.400000
vt 0.858779 0.500000
vt 0.858779 0.000000
vt 0.959538 0.500000
vt 0.959538 1.000000
vt 0.988506 1.000000
vt 0.446667 1.000000
vt 0.460000 1.000000
vt 0.660305 0.000000
vt 0.633588 0.000000
vt 0.633588 0.400000
vt 0.974026 0.000000
vt 0.961039 0.500000
vt 0.974026 0.500000
vt 0.974026 1.000000
vt 0.185185 1.000000
vt 0.148148 0.500000
vt 0.283237 0.800000
vt 0.283237 0.700000
vt 0.277457 0.700000
vt 0.217557 0.700000
vt 0.213740 1.000000
vt 0.320000 0.000000
vt 0.481481 0.000000
vt 0.555556 0.500000
vt 0.555556 0.000000
vt 0.555556 1.000000
vt 0.629630 0.500000
vt 0.740741 0.500000
vt 0.740741 0.000000
vt 0.520000 0.000000
vt 0.034682 0.500000
vt 0.531792 1.000000
vt 0.531792 0.500000
vt 0.925926 1.000000
vt 0.925926 0.500000
vt 0.069565 1.000000
vt 0.600000 0.000000
vt 0.011494 1.000000
vt 0.912621 0.000000
vt 0.932039 0.000000
vt 0.029126 0.000000
vt 0.626087 0.000000
vt 0.634783 0.300000
vt 0.531792 0.000000
vt 0.508671 0.000000
vt 0.241379 0.000000
vt 0.229885 0.000000
vt 0.229885 0.500000
vt 0.206897 0.500000
vt 0.229885 1.000000
vt 0.467532 0.300000
vt 0.480519 0.300000
vt 0.493506 0.300000
vt 0.520000 1.000000
vt 0.813333 0.000000
vt 0.206897 0.000000
vt 0.241379 1.000000
vt 0.770833 1.000000
vt 0.436782 0.000000
vt 0.271676 0.300000
vt 0.618321 0.200000
vt 0.625954 0.200000
vt 0.618321 0.000000
vt 0.052632 0.200000
vt 0.063158 0.000000
vt 0.052632 0.000000
vt 0.413793 0.000000
vt 0.425287 0.000000
vt 0.413793 1.000000
vt 0.753333 1.000000
vt 0.766667 1.000000
vt 0.766667 0.500000
vt 0.229508 0.600000
vt 0.229508 0.500000
vt 0.180000 0.100000
vt 0.563218 0.600000
vt 0.551724 0.600000
vt 0.646667 0.000000
vt 0.597701 0.000000
vt 0.620690 1.000000
vt 0.643678 0.000000
vt 0.942529 0.000000
vt 0.878261 0.000000
vt 0.878261 0.500000
vt 0.034682 1.000000
vt 0.133333 1.000000
vt 0.536842 0.000000
vt 0.547368 0.000000
vt 0.850575 0.500000
vt 0.839080 1.000000
vt 0.850575 1.000000
vt 0.660000 0.000000
vt 0.603053 0.000000
vt 0.606870 0.300000
vt 0.610687 0.200000
vt 0.111111 1.000000
vt 0.103175 0.800000
vt 0.095238 0.800000
vt 0.653179 1.000000
vt 0.664740 1.000000
vt 0.280000 0.500000
vt 0.280000 1.000000
vt 0.320000 1.000000
vt 0.280000 0.000000
vt 0.020000 0.200000
vt 0.554913 1.000000
vt 0.816327 0.500000
vt 0.775510 1.000000
vt 0.957895 1.000000
vt 0.800000 1.000000
vt 0.653333 0.000000
vt 0.699422 0.000000
vt 0.710983 0.500000
vt 0.710983 0.000000
vt 0.694737 0.500000
vt 0.694737 0.000000
vt 0.673684 0.500000
vt 0.473333 0.500000
vt 0.460000 0.500000
vt 0.473333 1.000000
vt 0.060000 0.500000
vt 0.060000 1.000000
vt 0.993865 0.000000
vt 0.153374 0.000000
vt 0.051948 1.000000
vt 1.000000 0.100000
vt 0.819672 0.500000
vt 0.836066 1.000000
vt 0.440000 1.000000
vt 0.821053 0.500000
vt 0.367816 0.000000
vt 0.775510 0.000000
vt 0.793333 0.500000
vt 0.780000 0.000000
vt 0.780000 0.500000
vt 0.786127 0.000000
vt 0.091954 1.000000
vt 0.286667 1.000000
vt 0.300000 1.000000
vt 0.086705 0.000000
vt 0.306667 0.500000
vt 0.045977 0.500000
vt 0.068966 0.500000
vt 0.045977 0.000000
vt 0.436782 1.000000
vt 0.321839 1.000000
vt 0.321839 0.500000
vt 0.356522 1.000000
vt 0.146667 0.000000
vt 0.652632 0.500000
vt 0.673684 0.000000
vt 0.755725 0.000000
vt 0.755725 0.500000
vt 0.366667 0.000000
vt 0.672131 0.500000
vt 0.672131 0.000000
vt 0.185185 0.000000
vt 0.213873 0.000000
vt 0.144509 0.000000
vt 0.578947 1.000000
vt 0.324324 0.000000
vt 0.473333 0.000000
vt 0.803279 0.000000
vt 0.664122 0.000000
vt 0.373333 0.500000
vt 0.360000 0.000000
vt 0.153333 1.000000
vt 0.884393 0.500000
vt 0.629771 0.400000
vt 0.625954 0.300000
vt 0.926667 0.000000
vt 0.906667 0.000000
vt 0.895954 0.500000
vt 0.895954 1.000000
vt 0.812500 1.000000
vt 0.812500 0.500000
vt 0.900763 0.000000
vt 0.857143 1.000000
vt 0.549133 1.000000
vt 0.549133 0.500000
vt 0.966667 1.000000
vt 0.063492 0.600000
vt 0.047619 0.500000
vt 0.047619 1.000000
vt 0.737705 0.000000
vt 0.770492 0.000000
vt 0.155844 1.000000
vt 0.129870 1.000000
vt 0.973333 1.000000
vt 0.986667 0.500000
vt 0.973333 0.500000
vt 0.652174 0.900000
vt 0.660870 0.900000
vt 0.643478 0.100000
vt 0.643478 0.200000
vt 0.115789 0.000000
vt 0.038168 1.000000
vt 0.687861 0.000000
vt 0.687861 0.500000
vt 0.087302 0.800000
vt 0.079365 0.800000
vt 0.722543 1.000000
vt 0.734104 1.000000
vt 0.846667 0.500000
vt 0.566667 0.000000
vt 0.095238 0.500000
vt 0.111111 0.700000
vt 0.119048 0.600000
vt 0.190476 0.000000
vt 0.190476 1.000000
vt 0.190476 0.500000
vt 0.030534 0.600000
vt 0.022901 1.000000
vt 0.294798 0.200000
vt 0.300578 0.200000
vt 0.289017 0.200000
vt 0.052174 0.000000
vt 0.043478 0.000000
vt 0.289017 0.500000
vt 0.283237 0.200000
vt 0.454545 0.500000
vt 0.444444 0.500000
vt 0.444444 0.400000
vt 0.573770 0.000000
vt 0.790076 0.400000
vt 0.942748 0.800000
vt 0.484127 0.500000
vt 0.484127 0.200000
vt 0.468254 0.200000
vt 0.460317 0.200000
vt 0.460317 0.000000
vt 0.877863 1.000000
vt 0.346939 0.500000
vt 0.148148 0.000000
vt 0.590164 0.700000
vt 0.316794 0.000000
vt 0.320611 0.300000
vt 0.674603 0.100000
vt 0.674603 0.200000
vt 0.285714 0.000000
vt 0.343511 0.600000
vt 0.714286 0.400000
vt 0.722222 0.500000
vt 0.026087 0.000000
vt 0.398844 0.500000
vt 0.410405 0.500000
vt 0.706349 0.300000
vt 0.714286 0.300000
vt 0.880952 1.000000
vt 0.286667 0.000000
vt 0.300000 0.000000
vt 0.034351 0.700000
vt 0.812500 0.000000
vt 0.390805 0.500000
vt 0.413793 0.500000
vt 0.572254 1.000000
vt 0.324675 0.000000
vt 0.402597 0.500000
vt 0.109827 0.500000
vt 0.098266 0.000000
vt 0.893130 0.000000
vt 0.121387 0.500000
vt 0.109827 0.000000
vt 0.927481 0.500000
vt 0.606557 0.700000
vt 0.590164 1.000000
vt 0.310345 0.000000
vt 0.380952 0.500000
vt 0.693333 0.000000
vt 0.273684 1.000000
vt 0.294798 0.800000
vt 0.300578 0.800000
vt 0.294798 0.500000
vt 0.025974 1.000000
vt 0.271676 0.700000
vt 0.289017 0.800000
vt 0.387283 1.000000
vt 0.387283 0.500000
vt 0.300578 0.100000
vt 0.306358 0.000000
vt 0.300578 0.000000
vt 0.306358 1.000000
vt 0.300578 1.000000
vt 0.306358 0.100000
vt 0.329480 0.600000
vt 0.329480 0.500000
vt 0.810526 0.900000
vt 0.543353 0.500000
vt 0.549133 0.000000
vt 0.710983 1.000000
vt 0.792208 1.000000
vt 0.818182 1.000000
vt 0.410405 0.000000
vt 0.287356 0.000000
vt 0.264368 0.000000
vt 0.445087 0.000000
vt 0.700000 0.500000
vt 0.207792 0.500000
vt 0.269565 0.000000
vt 0.673684 1.000000
vt 0.694737 1.000000
vt 0.625954 0.800000
vt 0.618321 1.000000
vt 0.225191 0.200000
vt 0.595376 0.000000
vt 0.583815 0.000000
vt 0.897959 0.000000
vt 0.635838 0.000000
vt 0.778947 1.000000
vt 0.566667 0.500000
vt 0.635838 1.000000
vt 0.132948 0.000000
vt 0.986667 0.000000
vt 0.620690 0.000000
vt 0.098266 1.000000
vt 0.109827 1.000000
vt 0.774566 0.900000
vt 0.768786 0.900000
vt 0.920000 0.100000
vt 0.780347 0.500000
vt 0.780347 0.900000
vt 0.786127 1.000000
vt 0.797688 1.000000
vt 0.339130 0.000000
vt 0.321739 0.000000
vt 0.473282 1.000000
vt 0.477099 1.000000
vt 0.690476 0.900000
vt 0.895954 0.000000
vt 0.700000 1.000000
vt 0.047619 0.000000
vt 0.329480 1.000000
vt 0.375723 1.000000
vt 0.614504 1.000000
vt 0.994220 1.000000
vt 0.800000 0.000000
vt 0.016393 0.500000
vt 0.367816 1.000000
vt 0.121387 1.000000
vt 0.259740 0.000000
vt 0.080925 0.000000
vt 0.445087 1.000000
vt 0.081967 0.000000
vt 0.114754 0.500000
vt 0.114754 0.000000
vt 0.689655 1.000000
vt 0.081967 1.000000
vt 0.114754 1.000000
vt 0.229508 0.400000
vt 0.245902 0.400000
vt 0.347328 0.500000
vt 0.327869 0.000000
vt 0.606557 0.500000
vt 0.493506 0.400000
vt 0.005780 0.000000
vt 0.543353 0.000000
vt 0.885246 1.000000
vt 0.061224 0.000000
vt 0.206897 1.000000
vt 0.653061 0.000000
vt 0.766667 0.000000
vt 0.045977 1.000000
vt 0.959184 0.000000
vt 0.918367 0.000000
vt 0.079365 0.000000
vt 0.398844 0.000000
vt 0.473684 0.000000
vt 0.061069 0.500000
vt 1.000000 0.900000
vt 0.724138 1.000000
vt 0.676301 0.000000
vt 0.224490 1.000000
vt 0.244898 1.000000
vt 0.244275 0.500000
vt 0.641618 1.000000
vt 0.444444 0.600000
vt 0.786260 0.000000
vt 0.759542 0.000000
vt 0.780000 1.000000
vt 0.793333 1.000000
vt 0.543353 1.000000
vt 0.809249 1.000000
vt 0.386667 0.000000
vt 0.982659 0.000000
vt 0.959538 0.000000
vt 0.658730 0.400000
vt 0.658730 0.300000
vt 0.614504 0.200000
vt 0.614504 0.000000
vt 0.674603 0.800000
vt 0.666667 0.700000
vt 0.643478 0.900000
vt 0.652174 0.500000
vt 0.324427 0.900000
vt 0.658730 0.000000
vt 0.666667 0.300000
vt 0.872832 1.000000
vt 0.884393 1.000000
vt 0.714286 0.700000
vt 0.706349 0.700000
vt 0.690476 0.800000
vt 0.777778 0.000000
vt 0.785714 0.000000
vt 0.686957 0.400000
vt 0.686957 1.000000
vt 0.706667 1.000000
vt 0.629630 0.000000
vt 0.672131 1.000000
vt 0.704918 1.000000
vt 0.519084 1.000000
vt 0.481481 1.000000
vt 0.988506 0.000000
vt 0.533333 1.000000
vt 0.080925 1.000000
vt 0.063492 0.400000
vt 0.452381 0.300000
vt 0.071429 0.700000
vt 0.317919 0.800000
vt 0.312139 0.800000
vt 0.111111 0.300000
vt 0.016393 0.000000
vt 0.294737 1.000000
vt 0.013333 1.000000
vt 0.326667 1.000000
vt 0.398844 1.000000
vt 0.444444 0.000000
vt 0.500000 0.600000
vt 0.714286 1.000000
vt 0.819672 1.000000
vt 0.217391 1.000000
vt 0.234783 1.000000
vt 0.119048 0.400000
vt 0.063158 0.200000
vt 0.448980 1.000000
vt 0.510204 1.000000
vt 0.946565 0.000000
vt 0.380952 0.000000
vt 0.388889 0.000000
vt 0.864865 0.000000
vt 0.225225 0.000000
vt 0.207207 0.000000
vt 0.882883 0.000000
vt 0.900901 0.000000
vt 0.180180 0.000000
vt 0.918919 0.000000
vt 0.162162 0.000000
vt 0.144144 0.000000
vt 0.963964 0.000000
vt 0.945946 0.000000
vt 0.126126 0.000000
vt 0.981982 0.000000
vt 0.108108 0.000000
vt 0.090090 0.000000
vt 0.072072 0.000000
vt 0.468468 0.000000
vt 0.054054 0.000000
vt 0.486486 0.000000
vt 0.036036 0.000000
vt 0.504505 0.000000
vt 0.027027 0.000000
vt 0.009009 0.000000
vt 0.522523 0.000000
vt 0.774775 0.000000
vt 0.540541 0.000000
vt 0.738739 0.000000
vt 0.567568 0.000000
vt 0.702703 0.000000
vt 0.585586 0.000000
vt 0.621622 0.000000
vt 0.657658 0.000000
vt 0.270270 0.000000
vt 0.252252 0.000000
vt 0.837838 0.000000
vt 0.218391 0.000000
vt 0.187739 0.000000
vt 0.088123 0.000000
vt 0.065134 0.000000
vt 0.057471 0.000000
vt 0.226054 0.000000
vt 0.233716 0.000000
vt 0.049808 0.000000
vt 0.245211 0.000000
vt 0.042146 0.000000
vt 0.260536 0.000000
vt 0.022989 0.000000
vt 0.318008 0.000000
vt 0.325671 0.000000
vt 0.329502 0.000000
vt 0.762452 0.000000
vt 0.758621 0.000000
vt 0.662835 0.000000
vt 0.639847 0.000000
vt 0.632184 0.000000
vt 0.800766 0.000000
vt 0.808429 0.000000
vt 0.624521 0.000000
vt 0.819923 0.000000
vt 0.616858 0.000000
vt 0.827586 0.000000
vt 0.605364 0.000000
vt 0.862069 0.000000
vt 0.547893 0.000000
vt 0.869732 0.000000
vt 0.540230 0.000000
vt 0.877395 0.000000
vt 0.536398 0.000000
vt 0.881226 0.000000
vt 0.505747 0.000000
vt 0.490421 0.000000
vt 0.919540 0.000000
vt 0.429119 0.000000
vt 0.379310 0.000000
vt 0.348659 0.000000
vt 0.375479 0.000000
vt 0.340996 0.000000
vt 0.839858 0.000000
vt 0.836299 0.000000
vt 0.252669 0.000000
vt 0.245552 0.000000
vt 0.238434 0.000000
vt 0.843416 0.000000
vt 0.231317 0.000000
vt 0.850534 0.000000
vt 0.202847 0.000000
vt 0.857651 0.000000
vt 0.914591 0.000000
vt 0.391459 0.000000
vt 0.195730 0.000000
vt 0.192171 0.000000
vt 0.398576 0.000000
vt 0.188612 0.000000
vt 0.405694 0.000000
vt 0.185053 0.000000
vt 0.419929 0.000000
vt 0.131673 0.000000
vt 0.088968 0.000000
vt 0.736655 0.000000
vt 0.074733 0.000000
vt 0.067616 0.000000
vt 0.758007 0.000000
vt 0.060498 0.000000
vt 0.765125 0.000000
vt 0.053381 0.000000
vt 0.772242 0.000000
vt 0.046263 0.000000
vt 0.779359 0.000000
vt 0.032028 0.000000
vt 0.615658 0.000000
vt 0.017794 0.000000
vt 0.622776 0.000000
vt 0.003559 0.000000
vt 0.608541 0.000000
vt 0.612100 0.000000
vt 0.604982 0.000000
vt 0.583630 0.000000
vt 0.637011 0.000000
vt 0.569395 0.000000
vt 0.644128 0.000000
vt 0.651246 0.000000
vt 0.629893 0.000000
vt 0.284698 0.000000
vt 0.811388 0.000000
vt 0.804270 0.000000
vt 0.298932 0.000000
vt 0.797153 0.000000
vt 0.327402 0.000000
vt 0.313167 0.000000
vt 0.978648 0.000000
vt 0.992883 0.000000
vt 0.338078 0.000000
vt 0.334520 0.000000
vt 0.967972 0.000000
vt 0.971530 0.000000
vt 0.345196 0.000000
vt 0.341637 0.000000
vt 0.964413 0.000000
vt 0.355872 0.000000
vt 0.348754 0.000000
vt 0.957295 0.000000
vt 0.960854 0.000000
vt 0.370107 0.000000
vt 0.362989 0.000000
vt 0.950178 0.000000
vt 0.377224 0.000000
vt 0.935943 0.000000
vt 0.943061 0.000000
vt 0.412811 0.000000
vt 0.430605 0.000000
vt 0.423488 0.000000
vt 0.441281 0.000000
vt 0.455516 0.000000
vt 0.448399 0.000000
vt 0.170819 0.000000
vt 0.722420 0.000000
vt 0.480427 0.000000
vt 0.476868 0.000000
vt 0.156584 0.000000
vt 0.163701 0.000000
vt 0.985765 0.000000
vt 0.729537 0.000000
vt 0.790036 0.000000
vt 0.484127 1.000000
vt 0.507937 1.000000
vt 0.515873 0.500000
vt 0.507937 0.500000
vt 0.507937 0.600000
vt 0.492063 0.700000
vt 0.492063 0.800000
vt 0.263345 0.000000
vt 0.256228 0.000000
vt 0.832740 0.000000
vt 0.829181 0.000000
vt 0.266904 0.000000
vt 0.270463 0.000000
vt 0.277580 0.000000
vt 0.770492 1.000000
vt 0.115607 0.000000
vt 0.104046 0.000000
vt 0.092486 0.000000
vt 0.069364 0.000000
vt 0.046243 0.000000
vt 0.023121 0.000000
vt 0.254335 0.000000
vt 0.242775 0.000000
vt 0.231214 0.000000
vt 0.219653 0.000000
vt 0.208092 0.000000
vt 0.184971 0.000000
vt 0.173410 0.000000
vt 0.161850 0.000000
vt 0.150289 0.000000
vt 0.138728 0.000000
vt 0.537367 0.000000
vt 0.530249 0.000000
vt 0.686833 0.000000
vt 0.523132 0.000000
vt 0.693950 0.000000
vt 0.512456 0.000000
vt 0.701068 0.000000
vt 0.505338 0.000000
vt 0.708185 0.000000
vt 0.494662 0.000000
vt 0.715302 0.000000
vt 0.558719 0.000000
vt 0.551601 0.000000
vt 0.665480 0.000000
vt 0.658363 0.000000
vt 0.340000 0.000000
vt 0.174497 0.000000
vt 0.167785 0.000000
vt 0.161074 0.000000
vt 0.154362 0.000000
vt 0.127517 0.000000
vt 0.073826 0.000000
vt 0.201342 0.000000
vt 0.060403 0.000000
vt 0.261745 0.000000
vt 0.046980 0.000000
vt 0.275168 0.000000
vt 0.033557 0.000000
vt 0.288591 0.000000
vt 0.020134 0.000000
vt 0.302013 0.000000
vt 0.006711 0.000000
vt 0.315436 0.000000
vt 0.979866 0.000000
vt 0.966443 0.000000
vt 0.369128 0.000000
vt 0.953020 0.000000
vt 0.879195 0.000000
vt 0.382550 0.000000
vt 0.677852 0.000000
vt 0.671141 0.000000
vt 0.664430 0.000000
vt 0.657718 0.000000
vt 0.630872 0.000000
vt 0.577181 0.000000
vt 0.704698 0.000000
vt 0.550336 0.000000
vt 0.771812 0.000000
vt 0.758389 0.000000
vt 0.536913 0.000000
vt 0.798658 0.000000
vt 0.523490 0.000000
vt 0.812081 0.000000
vt 0.818792 0.000000
vt 0.510067 0.000000
vt 0.503356 0.000000
vt 0.832215 0.000000
vt 0.496644 0.000000
vt 0.845638 0.000000
vt 0.483221 0.000000
vt 0.476510 0.000000
vt 0.859060 0.000000
vt 0.463087 0.000000
vt 0.865772 0.000000
vt 0.449664 0.000000
vt 0.785235 0.000000
vt 0.905263 0.200000
vt 0.229008 1.000000
vt 0.232824 1.000000
vt 0.229008 0.800000
vt 0.160920 1.000000
vt 0.506494 0.500000
vt 0.545455 1.000000
vt 0.506494 0.600000
vt 0.766234 0.500000
vt 0.779221 0.700000
vt 0.779221 0.600000
vt 0.779221 1.000000
vt 0.493506 1.000000
vt 0.126316 1.000000
vt 0.583815 1.000000
vt 0.018405 0.000000
vt 0.619632 0.000000
vt 0.779141 0.000000
vt 0.613497 0.000000
vt 0.453988 0.000000
vt 0.429448 0.000000
vt 0.539877 0.000000
vt 0.490798 0.000000
vt 0.533742 0.000000
vt 0.478528 0.000000
vt 0.466258 0.000000
vt 0.460123 0.000000
vt 0.441718 0.000000
vt 0.331288 0.000000
vt 0.803681 0.000000
vt 0.306748 0.000000
vt 0.840491 0.000000
vt 0.828221 0.000000
vt 0.294479 0.000000
vt 0.858896 0.000000
vt 0.871166 0.000000
vt 0.276074 0.000000
vt 0.263804 0.000000
vt 0.251534 0.000000
vt 0.901841 0.000000
vt 0.239264 0.000000
vt 0.914110 0.000000
vt 0.226994 0.000000
vt 0.938650 0.000000
vt 0.214724 0.000000
vt 0.190184 0.000000
vt 0.177914 0.000000
vt 0.975460 0.000000
vt 0.165644 0.000000
vt 0.981595 0.000000
vt 0.073620 0.000000
vt 0.067485 0.000000
vt 0.049080 0.000000
vt 0.134969 0.000000
vt 0.110429 0.000000
vt 0.723926 0.000000
vt 0.085890 0.000000
vt 0.748466 0.000000
vt 0.079755 0.000000
vt 0.042945 0.000000
vt 0.773006 0.000000
vt 0.036810 0.000000
vt 0.030675 0.000000
vt 0.024540 0.000000
vt 0.765217 1.000000
vt 0.120000 0.000000
vt 0.373333 1.000000
vt 0.400000 1.000000
vt 0.442953 0.000000
vt 0.516779 0.000000
vt 0.402685 0.000000
vt 0.570470 0.000000
vt 0.389262 0.000000
vt 0.624161 0.000000
vt 0.375839 0.000000
vt 0.637584 0.000000
vt 0.362416 0.000000
vt 0.651007 0.000000
vt 0.711409 0.000000
vt 0.214765 0.000000
vt 0.724832 0.000000
vt 0.013423 0.000000
vt 0.973154 0.000000
vt 0.932886 0.000000
vt 0.067114 0.000000
vt 0.912752 0.000000
vt 0.899329 0.000000
vt 0.107383 0.000000
vt 0.885906 0.000000
vt 0.120805 0.000000
vt 0.872483 0.000000
vt 0.134228 0.000000
vt 0.147651 0.000000
vt 0.181208 0.000000
vt 0.187919 0.000000
vt 0.805369 0.000000
vt 0.791946 0.000000
vt 0.610738 0.000000
vt 0.573333 1.000000
vt 0.510204 0.000000
vt 0.510204 0.500000
vt 0.873684 0.500000
vt 0.884211 0.500000
vt 0.884211 0.300000
vt 0.045802 1.000000
vt 0.281139 0.000000
vt 0.814947 0.000000
vt 0.807829 0.000000
vt 0.576512 0.000000
vt 0.590747 0.000000
vt 0.725979 0.000000
vt 0.816794 0.000000
vt 0.805344 0.000000
vt 0.809160 0.200000
vt 0.809160 0.300000
vt 0.820611 0.500000
vt 0.816794 0.400000
vt 0.463158 0.700000
vt 0.463158 0.500000
vt 0.452632 0.500000
vt 0.204082 0.200000
vt 0.221374 0.700000
vt 0.217557 0.600000
vt 0.061069 0.000000
vt 0.053435 0.000000
vt 0.057252 0.300000
vt 0.629630 1.000000
vt 0.126984 0.000000
vt 0.126984 0.500000
vt 0.171171 0.000000
vt 0.893204 0.000000
vt 0.902913 0.000000
vt 0.058252 0.000000
vt 0.077670 0.000000
vt 0.097087 0.000000
vt 0.873786 0.000000
vt 0.116505 0.000000
vt 0.854369 0.000000
vt 0.135922 0.000000
vt 0.834951 0.000000
vt 0.155340 0.000000
vt 0.815534 0.000000
vt 0.174757 0.000000
vt 0.796117 0.000000
vt 0.233010 0.000000
vt 0.990291 0.000000
vt 0.242718 0.000000
vt 0.310680 0.000000
vt 0.330097 0.000000
vt 0.660194 0.000000
vt 0.718447 0.000000
vt 0.728155 0.000000
vt 0.009709 0.000000
vt 0.980583 0.000000
vt 0.951456 0.000000
vt 0.640777 0.000000
vt 0.621359 0.000000
vt 0.611650 0.000000
vt 0.592233 0.000000
vt 0.582524 0.000000
vt 0.543689 0.000000
vt 0.407767 0.000000
vt 0.368932 0.000000
vt 0.359223 0.000000
vt 0.339806 0.000000
vt 0.832370 0.000000
vt 0.316794 1.000000
vt 0.324427 1.000000
vt 0.328244 1.000000
vt 0.320611 0.800000
vt 0.462428 0.000000
vt 0.554913 0.000000
vt 0.364162 0.000000
vt 0.618497 0.000000
vt 0.352601 0.000000
vt 0.341040 0.000000
vt 0.312139 0.000000
vt 0.924855 0.000000
vt 0.745665 0.000000
vt 0.757225 0.000000
vt 0.647399 0.000000
vt 0.803468 0.000000
vt 0.843931 0.000000
vt 0.670520 0.000000
vt 0.791907 0.000000
vt 0.780347 0.000000
vt 0.747126 1.000000
vt 0.454545 1.000000
vt 0.480519 1.000000
vt 0.860000 0.500000
vt 0.860000 1.000000
vt 0.968421 0.000000
vt 0.284211 0.000000
vt 0.507937 0.000000
vt 0.484127 0.000000
vt 0.492063 0.200000
vt 0.492063 0.300000
vt 0.507937 0.400000
vt 0.105263 0.000000
vt 0.126316 0.000000
vt 0.610526 0.000000
vt 0.147368 0.000000
vt 0.589474 0.000000
vt 0.168421 0.000000
vt 0.568421 0.000000
vt 0.178947 0.000000
vt 0.084211 0.000000
vt 0.021053 0.000000
vt 0.042105 0.000000
vt 0.715789 0.000000
vt 0.410526 0.000000
vt 0.431579 0.000000
vt 0.821053 0.000000
vt 0.368421 0.000000
vt 0.389474 0.000000
vt 0.863158 0.000000
vt 0.842105 0.000000
vt 0.336842 0.000000
vt 0.884211 0.000000
vt 0.947368 0.000000
vt 0.926316 0.000000
vt 0.289017 0.000000
vt 0.427746 1.000000
vt 0.805195 0.300000
vt 0.818182 0.000000
vt 0.792208 0.000000
vt 0.779221 0.000000
vt 0.020000 0.800000
vt 0.380000 0.000000
vt 0.380000 0.500000
vt 0.918033 1.000000
vt 0.792208 0.500000
vt 0.818182 0.500000
vt 0.779221 0.400000
vt 0.801527 1.000000
vt 0.805344 1.000000
vt 0.801527 0.800000
vt 0.801527 0.200000
vt 0.801527 0.000000
vt 0.646667 1.000000
vt 0.551020 1.000000
vt 0.049618 0.200000
vt 0.480000 0.500000
vt 0.160920 0.000000
vt 0.690476 0.500000
vt 0.706349 0.500000
vt 0.722222 0.400000
vt 0.706349 0.200000
vt 0.698413 0.200000
vt 0.073684 1.000000
vt 0.084211 1.000000
vt 0.073684 0.700000
vt 0.063492 0.500000
vt 0.087302 0.200000
vt 0.079365 0.300000
vt 0.071429 0.400000
vt 0.884211 1.000000
vt 0.884211 0.700000
vt 0.262295 0.000000
vt 0.312977 0.500000
vt 0.312977 0.400000
vt 0.373913 1.000000
vt 0.073684 0.000000
vt 0.073684 0.300000
vt 0.508671 1.000000
vt 0.608696 0.000000
vt 0.617391 0.400000
vt 0.720000 0.000000
vt 0.265896 0.400000
vt 0.271676 0.000000
vt 0.260116 0.000000
vt 0.264368 1.000000
vt 0.809160 0.700000
vt 0.809160 0.800000
vt 0.816794 1.000000
vt 0.816794 0.600000
vt 0.936416 1.000000
vt 0.329480 0.000000
vt 0.317919 0.000000
vt 0.323699 0.300000
vt 0.906667 0.500000
vt 0.173333 0.000000
vt 0.942748 0.200000
vt 0.061069 1.000000
vt 0.208092 0.100000
vt 0.306358 0.500000
vt 0.300578 0.500000
vt 0.463158 0.300000
vt 0.219653 0.100000
vt 0.680000 0.900000
vt 0.563218 0.500000
vt 0.000000 0.100000
vt 0.046667 0.000000
vt 0.441558 0.700000
vt 0.428571 0.600000
vt 0.415584 0.500000
vt 0.428571 1.000000
vt 0.442105 1.000000
vt 0.066667 0.500000
vt 0.265896 0.600000
vt 0.277457 1.000000
vt 0.271676 1.000000
vt 0.797688 0.000000
vt 0.797688 0.500000
vt 0.034783 0.500000
vt 0.042105 0.500000
vt 0.747126 0.000000
vt 0.323699 0.700000
vt 0.317919 0.500000
vt 0.722543 0.500000
vt 0.157895 0.100000
vt 0.147368 1.000000
vt 0.038168 0.300000
vt 0.030534 0.500000
vt 0.034351 0.400000
vt 0.986667 1.000000
vt 0.244275 0.400000
vt 0.236641 0.200000
vt 0.236641 0.300000
vt 0.305263 0.000000
vt 0.020408 1.000000
vt 0.494737 0.000000
vt 0.536842 0.500000
vt 0.244275 0.000000
vt 0.232824 0.000000
vt 0.248092 0.500000
vt 0.844156 0.500000
vt 0.870130 0.500000
vt 0.857143 0.400000
vt 0.844156 0.300000
vt 0.245902 0.600000
vt 0.229508 1.000000
vt 0.245902 1.000000
vt 0.797546 0.000000
vt 0.652174 1.000000
vt 0.669565 1.000000
vt 0.678261 0.800000
vt 0.669565 0.800000
vt 0.408163 0.000000
vt 0.625954 1.000000
vt 0.633588 1.000000
vt 0.629771 0.700000
vt 0.053435 0.800000
vt 0.057252 0.700000
vt 0.053435 0.500000
vt 0.137931 0.000000
vt 0.839080 0.500000
vt 0.643678 1.000000
vt 0.625954 0.500000
vt 0.046667 1.000000
vt 0.610687 0.700000
vt 0.606870 0.600000
vt 0.513333 1.000000
vt 0.327869 1.000000
vt 0.300613 0.000000
vt 0.319018 0.000000
vt 0.288344 0.000000
vt 0.159509 0.000000
vt 0.171779 0.000000
vt 0.147239 0.000000
vt 0.711656 0.000000
vt 0.034783 0.000000
vt 0.041985 0.200000
vt 0.608696 1.000000
vt 0.626087 1.000000
vt 0.320611 0.500000
vt 0.320611 0.200000
vt 0.545455 0.000000
vt 0.493506 0.000000
vt 0.506494 0.400000
vt 0.873333 0.000000
vt 0.476190 1.000000
vt 0.476190 0.800000
vt 0.377863 0.000000
vt 0.312977 0.600000
vt 0.309160 1.000000
vt 0.650794 0.600000
vt 0.650794 0.500000
vt 0.642857 1.000000
vt 0.658730 1.000000
vt 0.916031 1.000000
vt 0.236641 0.800000
vt 0.236641 0.700000
vt 0.244275 0.600000
vt 0.013333 0.000000
vt 0.507634 0.000000
vt 0.221053 1.000000
vt 0.343511 0.000000
vt 0.347328 0.400000
vt 0.196721 0.000000
vt 0.736842 0.500000
vt 0.793893 0.300000
vt 0.265306 0.200000
vt 0.480519 0.500000
vt 0.346667 1.000000
vt 0.217557 0.400000
vt 0.221374 0.300000
vt 0.768786 0.100000
vt 0.103175 0.200000
vt 0.111111 0.000000
vt 0.144509 1.000000
vt 0.373913 0.000000
vt 0.793893 0.700000
vt 0.790076 0.600000
vt 0.229008 0.200000
vt 0.229008 0.000000
vt 0.244275 1.000000
vt 0.893333 0.000000
vt 0.332061 0.500000
vt 0.339695 0.500000
vt 0.339695 0.200000
vt 0.335878 0.200000
vt 0.335878 1.000000
vt 0.339695 0.800000
vt 0.335878 0.800000
vt 0.343511 1.000000
vt 0.034783 0.600000
vt 0.034783 0.700000
vt 0.042105 1.000000
vt 0.042105 0.700000
vt 0.042105 0.600000
vt 0.095652 0.500000
vt 0.060870 0.700000
vt 0.660870 0.500000
vt 0.678261 0.500000
vt 0.695652 0.500000
vt 0.695652 0.400000
vt 0.678261 0.200000
vt 0.669565 0.200000
vt 0.439306 0.000000
vt 0.860000 0.000000
vt 0.321739 0.500000
vt 0.304348 1.000000
vt 0.857143 0.600000
vt 0.883117 1.000000
vt 0.224490 0.000000
vt 0.896552 1.000000
vt 0.643478 1.000000
vt 0.634783 0.800000
vt 0.265306 0.800000
vt 0.328244 0.000000
vt 0.335878 0.000000
vt 0.666667 0.800000
vt 0.785714 1.000000
vt 0.441558 0.300000
vt 0.454545 0.300000
vt 0.454545 0.000000
vt 0.428571 0.000000
vt 0.428571 0.400000
vt 0.652174 0.000000
vt 0.669565 0.000000
vt 0.686957 0.000000
vt 0.452381 0.600000
vt 0.460317 0.700000
vt 0.244898 0.000000
vt 0.805195 0.700000
vt 0.347328 0.600000
vt 0.821053 1.000000
vt 0.126984 1.000000
vt 0.145631 0.000000
vt 0.126214 0.000000
vt 0.825243 0.000000
vt 0.106796 0.000000
vt 0.844660 0.000000
vt 0.864078 0.000000
vt 0.165049 0.000000
vt 0.805825 0.000000
vt 0.038835 0.000000
vt 0.087379 0.000000
vt 0.067961 0.000000
vt 0.883495 0.000000
vt 0.961165 0.000000
vt 0.103896 1.000000
vt 0.259740 1.000000
vt 0.196721 1.000000
vt 0.147541 1.000000
vt 0.873684 0.000000
vt 0.836066 0.000000
vt 0.819672 0.000000
vt 0.982659 1.000000
vt 0.806667 1.000000
vt 0.085106 0.000000
vt 0.117021 0.000000
vt 0.127660 0.000000
vt 0.138298 0.000000
vt 0.148936 0.000000
vt 0.042553 0.000000
vt 0.074468 0.000000
vt 0.063830 0.000000
vt 0.191489 0.000000
vt 0.787234 0.000000
vt 0.276596 0.000000
vt 0.297872 0.000000
vt 0.680851 0.000000
vt 0.659574 0.000000
vt 0.319149 0.000000
vt 0.329787 0.000000
vt 0.638298 0.000000
vt 0.351064 0.000000
vt 0.627660 0.000000
vt 0.372340 0.000000
vt 0.606383 0.000000
vt 0.446809 0.000000
vt 0.585106 0.000000
vt 0.542553 0.000000
vt 0.553191 0.000000
vt 0.925532 0.000000
vt 0.968085 0.000000
vt 0.978723 0.000000
vt 0.053191 0.000000
vt 0.489362 0.000000
vt 0.563830 0.000000
vt 0.914894 0.000000
vt 0.989362 0.000000
vt 0.478723 0.000000
vt 0.468085 0.000000
vt 0.031915 0.000000
vt 0.882979 0.000000
vt 0.829787 0.000000
vt 0.904255 0.000000
vt 0.893617 0.000000
vt 0.844156 0.700000
vt 0.831169 0.700000
vt 0.883117 0.000000
vt 0.976879 0.800000
vt 0.380000 1.000000
vt 0.074074 0.500000
vt 0.074074 1.000000
vt 0.148148 1.000000
vt 0.289017 1.000000
vt 0.640000 0.000000
vt 0.048544 0.000000
vt 0.831169 0.000000
vt 0.634783 0.200000
vt 0.643478 0.000000
vt 0.241379 0.500000
vt 0.480519 0.000000
vt 0.277457 0.500000
vt 0.622137 0.200000
vt 0.625954 0.000000
vt 0.753333 0.500000
vt 0.213115 0.500000
vt 0.213115 1.000000
vt 0.869565 0.000000
vt 0.060870 1.000000
vt 0.606870 0.400000
vt 0.610687 0.300000
vt 0.095238 1.000000
vt 0.111111 0.800000
vt 0.063584 1.000000
vt 0.080000 1.000000
vt 0.816327 1.000000
vt 0.852459 1.000000
vt 0.816327 0.000000
vt 0.793333 0.000000
vt 0.780347 0.100000
vt 0.068966 1.000000
vt 0.306667 0.000000
vt 0.513333 0.000000
vt 0.346667 0.000000
vt 0.590164 0.000000
vt 0.373333 0.000000
vt 0.673333 0.000000
vt 0.884393 0.000000
vt 0.629771 0.300000
vt 0.306667 1.000000
vt 0.916031 0.000000
vt 0.806667 0.000000
vt 0.993333 1.000000
vt 0.079365 1.000000
vt 0.079365 0.700000
vt 0.071429 0.600000
vt 0.074074 0.000000
vt 0.925926 0.000000
vt 0.686957 0.600000
vt 0.695652 0.600000
vt 0.634783 0.500000
vt 0.119048 0.700000
vt 0.111111 0.500000
vt 0.213333 1.000000
vt 0.038168 0.700000
vt 0.034351 0.600000
vt 0.294798 0.000000
vt 0.060870 0.300000
vt 0.476190 0.200000
vt 0.476190 0.000000
vt 0.060870 0.000000
vt 0.326531 0.000000
vt 0.324427 0.000000
vt 0.650794 0.400000
vt 0.666667 0.200000
vt 0.714286 0.000000
vt 0.682540 0.000000
vt 0.698413 0.000000
vt 0.121387 0.000000
vt 0.931298 1.000000
vt 0.252632 1.000000
vt 0.080000 0.000000
vt 0.294798 1.000000
vt 0.317919 1.000000
vt 0.931298 0.000000
vt 0.445087 0.500000
vt 0.753333 0.000000
vt 0.700000 0.000000
vt 0.736842 1.000000
vt 0.774566 1.000000
vt 0.714286 0.600000
vt 0.698413 0.800000
vt 0.706349 0.800000
vt 0.722222 0.600000
vt 0.080925 0.500000
vt 0.229508 0.000000
vt 0.213115 0.000000
vt 0.020408 0.000000
vt 0.245902 0.000000
vt 0.642857 0.000000
vt 0.674603 1.000000
vt 0.682540 1.000000
vt 0.674603 0.000000
vt 0.698413 1.000000
vt 0.452381 0.400000
vt 0.460317 0.300000
vt 0.312139 1.000000
vt 0.119048 0.300000
s 1
f 3501/1/1 3504/2/2 3500/3/3
s 0
f 320/4/4 319/5/4 303/6/4
f 54/7/4 53/8/4 30/9/4
s 1
f 1531/10/5 1527/11/6 1528/12/7
s 0
f 112/13/4 75/14/4 74/15/4
s 1
f 2672/16/8 2669/17/9 2673/18/10
f 3016/19/11 3007/20/12 3025/21/13
s 0
f 162/22/4 161/23/4 89/24/4
s 1
f 1358/25/14 1362/26/15 1361/27/16
f 2348/28/17 2350/29/18 2347/30/19
f 3424/31/20 3428/32/21 3427/33/22
f 3507/34/23 3511/35/24 3510/36/25
s 0
f 193/37/4 205/38/4 199/39/4
f 142/40/4 141/41/4 125/42/4
s 1
f 1537/43/26 1539/44/27 1536/45/28
f 1339/46/29 1335/47/30 1336/48/31
f 1547/49/32 1543/50/33 1544/51/34
f 2155/52/35 2157/53/36 2154/54/37
s 0
f 251/55/4 250/56/4 285/57/4
s 1
f 1530/58/38 1534/59/39 1533/60/40
f 1753/61/41 1757/62/42 1752/63/43
f 3598/64/44 3609/65/12 3597/66/45
f 2538/67/46 2542/68/47 2541/69/48
f 2339/70/49 2343/71/50 2342/72/51
f 2428/73/52 2424/74/53 2425/75/54
f 2896/76/55 2892/77/56 2893/78/57
f 1375/79/58 1372/80/58 1376/81/58
f 1626/82/59 1628/83/60 1625/84/61
f 3270/85/62 3272/86/63 3269/87/64
s 0
f 425/88/4 400/89/4 426/90/4
s 1
f 2787/91/65 2785/92/66 2788/93/67
f 3384/94/68 3380/10/69 3381/95/70
f 1433/96/71 1436/97/72 1435/98/73
s 0
f 489/7/4 488/8/4 465/9/4
s 1
f 2270/99/74 2269/100/75 2267/101/76
f 2782/102/77 2778/103/78 2779/104/79
f 1402/105/80 1400/106/81 1403/107/82
f 2576/108/83 2578/109/84 2575/110/85
f 1579/111/86 1577/112/87 1580/113/88
f 1296/114/89 1297/115/90 1300/116/91
f 1570/117/92 1574/118/93 1573/119/94
f 1354/120/95 1351/121/96 1352/122/97
s 0
f 623/123/4 622/124/4 603/125/4
s 1
f 2365/126/98 2363/127/99 2366/128/100
f 2783/129/101 2785/92/66 2782/102/77
f 2312/130/102 2314/131/103 2311/132/104
f 2507/133/105 2511/134/106 2508/135/107
f 1753/61/41 1746/136/108 1741/137/109
f 2507/133/105 2509/138/110 2511/134/106
s 0
f 667/139/111 692/7/111 693/140/111
s 1
f 3552/141/4 3548/142/4 3544/143/4
f 3347/144/112 3351/145/113 3350/146/114
s 0
f 706/147/111 790/148/111 791/149/111
s 1
f 2724/150/115 2727/151/116 2723/152/117
f 2057/153/118 2058/154/119 2067/155/120
f 2836/156/121 2832/157/122 2837/158/123
f 1670/159/124 1676/160/125 1681/161/126
f 2287/162/127 2284/163/128 2288/164/129
f 2648/165/130 2646/166/131 2649/25/132
f 2800/167/133 2805/168/133 2804/169/133
f 1846/66/134 1850/170/135 1849/171/136
s 0
f 730/172/111 798/173/111 729/174/111
s 1
f 1706/175/137 1709/176/138 1705/177/139
f 3558/178/140 3564/179/141 3568/180/142
f 1589/181/143 1525/182/144 1588/183/145
s 0
f 827/184/111 833/37/111 845/38/111
s 1
f 2503/185/146 2506/186/147 2502/187/148
f 1558/76/149 1556/188/150 1559/189/151
f 2175/190/152 2179/191/153 2178/192/154
f 2133/193/155 2125/194/156 2126/195/157
s 0
f 890/56/111 891/55/111 925/57/111
s 1
f 3089/196/158 3368/197/159 3090/198/160
f 2966/199/142 2971/200/161 2970/201/162
s 0
f 967/202/111 937/203/111 966/204/111
s 1
f 1759/205/163 1765/206/164 1764/207/165
f 1471/50/166 1467/44/167 1468/208/168
s 0
f 983/209/111 1001/210/111 1002/211/111
s 1
f 3332/212/169 3330/213/170 3333/214/171
f 3296/215/172 3294/216/173 3297/217/174
f 1449/196/175 1450/218/176 1452/219/177
f 3647/220/178 3642/221/179 3637/222/180
f 3203/223/181 3205/224/182 3202/225/183
f 3233/226/184 3229/227/185 3230/228/186
f 2848/18/187 2850/229/188 2847/230/189
s 0
f 229/231/4 223/232/4 222/233/4
s 1
f 3084/234/75 3088/235/190 3087/134/191
f 2609/236/192 2608/237/193 2605/238/194
f 2406/239/195 2403/240/196 2416/241/197
f 2843/242/198 2842/243/199 2836/156/121
s 0
f 585/244/4 550/245/4 564/246/4
s 1
f 3013/247/200 3014/248/201 3023/249/202
f 3095/250/203 3093/251/204 3096/252/205
f 2682/253/206 2686/254/207 2685/255/208
s 0
f 1203/256/111 1214/257/111 1215/258/111
s 1
f 3148/259/209 3149/260/210 3154/261/211
f 2490/262/212 2493/263/213 2489/264/214
f 1334/265/215 1336/48/31 1333/266/216
s 0
f 1188/267/111 1189/268/111 1204/246/111
s 1
f 3222/269/217 3225/270/218 3224/271/219
f 1575/33/220 1579/111/86 1578/272/221
f 2519/273/222 2517/274/223 2520/275/224
f 2517/274/223 2521/276/225 2520/275/224
f 2430/277/226 2436/278/227 2443/279/228
f 1280/218/229 1284/280/230 1283/281/231
f 3684/282/76 3682/283/232 3683/284/233
f 1288/285/234 1291/286/235 1287/287/236
f 3725/288/237 3721/289/238 3726/290/239
f 2718/291/240 2722/292/241 2721/293/242
f 2754/294/243 2755/295/244 2757/296/245
f 3529/297/246 3528/298/247 3525/299/248
f 1702/300/249 1700/301/250 1703/302/251
f 2436/278/227 2430/277/226 2426/303/252
f 2588/304/253 2590/305/254 2587/306/255
f 3791/307/256 3802/308/257 3790/309/258
f 1298/310/259 1301/311/260 1300/116/91
f 1308/312/261 1309/313/262 1312/59/263
f 3239/314/264 3238/315/265 3235/316/266
f 1765/206/164 1766/317/267 1769/318/268
f 1964/319/269 1968/320/270 1967/321/271
f 2897/189/272 2899/322/273 2896/76/55
f 1543/50/33 1541/323/274 1544/51/34
f 2049/324/275 2035/325/276 2036/326/277
f 2675/327/278 2674/328/279 2670/329/280
f 2171/330/281 2173/331/282 2170/332/283
f 1456/12/284 1460/95/285 1459/10/286
f 1318/333/287 1316/334/288 1319/335/289
f 1318/333/287 1322/336/290 1321/291/291
f 1397/185/292 1396/187/293 1393/337/294
f 2316/338/295 2315/339/296 2312/130/102
f 1358/25/14 1360/340/297 1357/165/298
f 1806/341/299 1798/342/300 1799/343/301
f 2724/150/115 2725/344/302 2727/151/116
f 1712/345/303 1710/346/304 1713/347/305
f 3242/348/306 3238/315/265 3239/314/264
f 2767/27/307 2765/349/308 2768/26/309
f 2540/350/310 2538/67/46 2541/69/48
f 2167/351/311 2169/352/312 2166/353/313
f 2050/354/314 2058/154/119 2057/153/118
f 3423/355/315 3419/187/316 3420/185/317
f 1332/356/318 1330/357/319 1333/266/216
f 3054/358/320 3053/359/321 3049/360/322
f 1341/361/323 1339/46/29 1342/362/324
f 2484/363/325 2486/364/326 2483/365/327
f 1761/366/328 1766/317/267 1760/367/329
f 1778/368/330 1774/369/250 1775/370/331
f 3336/371/332 3334/372/333 3337/373/334
s 0
f 756/374/111 786/375/111 755/376/111
s 1
f 1622/377/335 1618/378/336 1613/379/337
f 1959/380/338 1961/381/339 1958/382/340
f 1825/383/341 1827/384/342 1824/385/343
f 2945/386/344 2939/387/345 2934/388/346
f 1361/27/16 1363/77/347 1360/340/297
f 1361/27/16 1365/389/348 1364/78/349
f 1312/59/263 1309/313/262 1310/390/350
f 1807/178/351 1813/179/352 1817/180/353
f 3283/391/354 3284/392/355 3286/393/356
f 2146/394/357 2150/395/358 2149/396/359
f 3082/397/76 3084/234/75 3083/398/360
f 2559/399/361 2556/400/362 2560/401/363
f 1382/402/364 1384/403/365 1381/404/366
f 1750/405/367 1743/406/368 1744/407/369
f 3429/112/370 3431/111/371 3428/32/21
f 1388/408/372 1390/409/373 1387/410/374
f 3480/411/375 3478/412/376 3481/413/377
f 1733/414/378 1736/415/379 1732/416/380
f 1395/417/381 1399/168/382 1398/418/383
f 3635/419/384 3634/420/385 3626/421/386
f 2191/422/387 2195/423/388 2194/424/389
f 1611/425/390 1618/378/336 1622/377/335
f 1462/59/391 1466/426/392 1465/43/393
f 3240/427/394 3242/348/306 3239/314/264
f 2209/428/395 2218/429/396 2217/430/397
f 2877/431/398 2881/432/399 2880/364/400
f 1408/433/401 1411/434/402 1410/435/403
f 1687/436/404 1692/437/405 1686/438/329
f 1409/439/406 1412/440/407 1408/433/401
f 1314/441/408 1318/333/287 1317/442/409
f 1414/443/410 1418/444/411 1417/445/412
f 1517/446/413 1519/447/414 1516/448/415
f 2317/449/416 2315/339/296 2318/450/417
f 2679/451/418 2683/286/419 2682/253/206
f 1424/452/420 1426/156/421 1423/157/422
f 2681/280/423 2683/286/419 2680/281/424
f 1419/453/425 1423/157/422 1422/454/426
f 1422/454/426 1426/156/421 1425/455/427
f 3137/456/428 3140/457/429 3144/458/430
f 1554/459/431 1558/76/149 1557/460/432
f 2553/461/433 2557/462/434 2556/400/362
f 3819/463/435 3814/464/436 3810/465/437
f 3349/466/438 3351/145/113 3348/467/439
f 1443/468/440 1444/469/441 1446/470/442
f 1501/471/443 1500/472/444 1497/417/445
f 1489/76/446 1493/473/447 1492/322/448
f 1469/323/449 1471/50/166 1468/208/168
f 3188/474/450 3194/475/451 3198/476/452
f 3335/477/453 3339/478/454 3338/479/455
f 1464/45/456 1462/59/391 1465/43/393
f 1439/480/457 1442/481/458 1441/482/459
f 2899/322/273 2903/483/460 2902/484/461
f 2516/485/462 2623/486/463 2517/274/223
f 1463/94/464 1459/10/286 1460/95/285
f 2710/487/465 2706/60/466 2711/488/467
f 1477/489/468 1475/49/469 1478/490/470
f 1615/491/155 1607/492/471 1608/493/157
f 2101/494/472 2098/495/473 2102/496/474
f 1520/497/475 1522/183/476 1519/447/414
f 3570/498/477 3574/499/478 3573/500/479
f 3505/501/480 3507/34/23 3504/2/2
f 3129/502/481 3126/503/482 3130/504/483
f 1492/322/448 1496/483/484 1495/484/485
f 3852/494/486 3849/495/487 3853/496/474
f 1514/505/488 1516/448/415 1513/506/489
f 1504/507/490 1500/472/444 1501/471/443
f 3172/508/491 3179/509/492 3178/510/493
f 3328/511/494 3330/213/170 3327/512/495
f 1504/507/490 1502/513/496 1505/514/497
f 1503/515/498 1507/516/499 1506/517/500
f 1668/518/501 1672/519/502 1665/520/503
f 3129/502/504 3134/521/505 3137/456/428
f 1383/522/506 1387/410/374 1386/523/507
f 1516/448/415 1515/524/508 1512/525/509
f 1515/524/508 1519/447/414 1518/526/510
f 2802/527/511 2805/168/512 2801/528/513
f 1518/526/510 1522/183/476 1521/529/514
f 3387/426/515 3390/323/516 3389/208/517
f 2561/530/518 2565/531/519 2564/532/520
f 2581/533/521 2580/534/521 2583/535/521
f 3412/536/522 3416/484/523 3415/537/524
f 1531/10/5 1529/538/525 1532/95/526
f 1534/59/39 1532/95/526 1535/94/527
f 1356/539/528 1357/165/298 1353/540/529
f 1534/59/39 1536/45/28 1533/60/40
f 2322/541/530 2318/450/417 2319/542/531
f 1307/543/532 1309/313/262 1306/544/533
f 1320/267/534 1318/333/287 1321/291/291
f 1429/545/535 1425/455/427 1426/156/421
f 2630/546/536 2627/218/537 2631/547/538
f 1559/189/151 1561/322/539 1558/76/149
f 2368/548/540 2372/549/541 2371/550/542
f 2695/551/543 2694/552/544 2691/553/545
f 1336/48/31 1332/356/318 1333/266/216
f 2396/554/546 2391/555/547 2388/556/548
f 3334/372/333 3330/213/170 3331/557/549
f 1670/159/124 1666/558/550 1664/559/551
f 1564/484/552 1562/473/553 1565/483/554
f 1567/187/555 1565/483/554 1568/185/556
f 2857/198/557 2927/181/558 2858/560/559
f 1534/59/39 1538/426/560 1537/43/26
f 1571/355/561 1567/187/555 1568/185/556
f 2336/561/562 2332/562/563 2333/563/564
f 2103/564/565 2104/565/566 2107/566/567
f 1543/50/33 1545/364/568 1542/431/569
f 1297/115/90 1295/567/570 1298/310/259
f 3330/213/170 3326/568/571 3327/512/495
f 3140/457/429 3137/456/428 3145/569/572
f 3324/570/573 3327/512/495 3323/571/574
f 1592/572/575 1777/573/576 1778/368/330
f 2114/574/577 2115/575/578 2109/576/579
f 1596/577/580 1597/578/581 1591/579/582
f 1971/580/583 1969/581/584 1972/582/585
f 2980/583/586 2978/584/587 2981/585/588
f 2601/586/589 2602/587/590 2605/238/194
f 3190/588/591 3195/589/592 3183/590/593
f 3305/591/594 3304/592/595 3301/593/596
f 1774/369/250 1770/594/597 1771/595/598
f 1639/596/599 1634/597/600 1635/598/601
f 1635/598/601 1634/597/600 1630/599/602
f 1636/600/603 1635/598/601 1632/601/604
f 2701/602/605 2703/312/606 2700/603/607
f 1642/604/608 1641/268/609 1634/597/600
f 1630/599/602 1628/83/60 1631/605/610
s 0
f 1132/606/111 1133/607/111 1101/608/111
s 1
f 2763/609/611 2767/27/307 2766/340/612
f 1656/610/613 1654/611/614 1657/612/615
f 1648/613/616 1650/614/617 1647/615/618
f 1651/616/619 1655/617/620 1654/611/614
f 1654/611/614 1658/618/621 1657/612/615
f 1660/619/622 1658/618/621 1661/620/623
f 2689/621/624 2685/255/208 2686/254/207
f 1785/622/625 1779/623/626 1782/624/627
f 2678/625/628 2681/280/423 2680/281/424
f 1404/626/629 1402/105/80 1405/627/630
f 1857/628/314 1865/629/631 1864/630/118
f 1677/631/632 1681/161/126 1676/160/125
s 0
f 563/256/4 575/258/4 574/257/4
s 1
f 1743/406/368 1750/405/367 1755/632/633
f 1679/633/634 1672/519/502 1668/518/501
f 1680/634/635 1684/635/636 1679/633/634
f 1687/436/404 1681/161/126 1688/636/637
f 2279/637/638 2278/638/639 2275/639/640
f 1684/635/636 1685/640/641 1691/641/642
f 1700/301/250 1698/642/643 1701/643/331
f 1700/301/250 1704/644/644 1703/302/251
f 3615/630/645 3616/629/646 3625/645/202
f 1384/403/365 1380/646/647 1381/404/366
f 3557/341/648 3549/342/649 3550/343/650
f 3336/371/332 3332/212/169 3333/214/171
f 2455/647/4 2448/648/4 2443/279/4
f 1715/649/651 1711/650/652 1712/345/303
f 1715/649/651 1717/651/653 1714/652/654
f 1653/653/655 1651/616/619 1654/611/614
f 3479/654/656 3478/412/376 3474/655/657
f 1480/656/658 1478/490/470 1481/657/659
f 2684/658/660 2686/254/207 2683/286/419
f 1937/659/661 1941/660/662 1940/661/663
s 0
f 1044/662/111 1062/663/111 1043/664/111
s 1
f 3819/463/435 3820/665/664 3823/666/665
f 2256/667/666 2250/668/667 2241/669/668
f 2107/566/567 1780/670/669 2106/671/670
f 2791/337/671 2795/672/672 2794/673/673
f 1447/674/674 1279/196/675 1446/470/442
f 2305/675/676 2303/676/677 2306/677/678
f 1473/364/679 1477/489/468 1476/678/680
f 3763/679/681 3758/680/682 3753/681/683
f 1695/682/684 1692/437/405 1693/683/685
f 3551/684/686 3560/685/687 3565/686/688
f 1755/632/633 1761/366/328 1754/687/635
f 1936/688/74 1935/689/75 1933/282/76
f 3525/299/248 3527/690/689 3524/691/690
f 2068/463/691 2069/665/692 2072/666/665
f 3233/226/184 3231/692/693 3234/693/694
f 1776/694/695 1774/369/250 1777/573/576
f 1663/695/696 1661/620/623 1664/559/551
f 2531/696/697 2532/697/698 2535/698/699
f 2202/699/700 2206/700/701 2205/701/702
f 2608/237/193 2610/702/703 2607/703/704
f 3407/78/705 3406/77/706 3404/704/707
f 2593/705/708 2597/185/709 2596/187/710
f 2012/679/711 2007/680/712 2002/681/713
f 1800/684/714 1809/685/715 1814/686/716
f 3744/706/714 3753/681/683 3758/680/682
f 1280/218/229 1282/451/717 1279/707/675
f 3287/708/718 3291/709/719 3290/710/720
f 2687/711/721 2689/621/624 2686/254/207
f 1458/58/722 1456/12/284 1459/10/286
f 1824/385/343 1822/500/479 1825/383/341
f 3826/712/723 3828/713/724 3825/714/725
f 3732/715/726 3736/716/727 3739/717/728
f 1597/578/581 1596/577/580 1604/718/729
f 1763/719/730 1755/632/633 1756/720/731
f 3401/656/732 3403/459/733 3400/721/734
f 1372/80/735 1371/722/736 1368/723/737
f 3194/475/451 3188/474/450 3183/590/593
f 3773/724/587 3769/725/341 3770/726/738
f 1342/362/324 1343/727/739 1346/728/740
f 1831/729/586 1829/730/587 1832/731/588
f 1942/732/741 1944/733/742 1941/660/662
f 2024/734/586 2028/735/743 2027/736/744
f 3275/737/745 3273/738/746 3276/739/747
f 3488/740/748 3487/741/749 3484/742/750
s 0
f 1033/743/111 1071/744/111 1072/745/111
s 1
f 2599/746/751 2601/586/589 2598/747/752
f 2069/665/692 2059/465/753 2060/748/754
f 3833/749/755 3831/750/756 3834/751/757
f 1552/656/758 1555/704/759 1554/459/431
f 3263/752/760 3262/753/761 3259/754/762
f 2115/575/578 2114/574/577 2122/755/763
f 1618/378/764 1611/425/390 1612/756/765
f 1293/757/766 1297/115/90 1296/114/89
f 3547/758/344 3541/759/345 3536/622/767
f 3337/373/334 3339/478/454 3336/371/332
f 2219/760/768 2215/761/768 2214/762/768
f 1891/221/769 1886/222/770 1896/220/771
f 3651/763/772 3645/764/773 3646/765/774
f 2528/766/775 2525/767/776 2529/768/777
f 1900/763/778 1894/764/779 1895/765/780
f 2426/303/252 2430/277/226 2423/769/781
f 2124/770/782 2125/194/156 2132/771/783
f 2845/772/784 2847/230/189 2844/773/785
f 3214/774/786 3218/775/787 3217/776/788
f 2781/777/789 2785/92/66 2784/778/790
f 1343/727/739 1339/46/29 1340/779/791
f 3260/780/792 3258/781/793 3261/782/794
f 2051/308/795 2039/309/796 2040/307/256
f 3562/783/797 3555/784/798 3552/141/799
f 3801/354/800 3800/324/801 3792/785/802
f 2996/786/44 3007/20/12 2995/787/45
f 1931/283/232 1927/788/803 1928/789/804
f 1929/790/805 1931/283/232 1928/789/804
f 3684/282/76 3686/689/75 3685/791/360
f 3849/495/487 3854/564/806 3853/496/474
f 1886/222/770 1885/792/807 1875/421/808
f 1972/582/585 1976/793/809 1975/290/239
f 3035/794/180 3034/795/807 3024/796/386
f 1935/689/75 1939/797/810 1938/798/811
f 2858/625/559 2860/182/812 2857/218/557
f 2089/799/813 2090/800/814 2092/801/815
f 3435/446/816 3431/111/371 3432/113/817
f 1381/404/366 1379/802/818 1382/402/364
f 1867/803/754 1866/804/753 1857/628/314
f 3583/731/588 3587/805/819 3582/729/586
f 3692/660/820 3688/659/661 3689/798/821
f 1943/806/822 1941/660/662 1944/733/742
f 1947/807/823 1943/806/822 1944/733/742
f 1997/808/824 1994/809/825 1989/810/826
f 1286/811/827 1282/451/717 1287/287/236
f 3702/812/828 3705/813/829 3701/814/830
f 3541/759/831 3550/343/650 3540/815/832
f 1306/544/533 1302/816/833 1303/817/834
f 3704/818/835 3707/819/836 3706/820/837
f 1639/596/838 1640/821/838 1636/600/838
f 3714/822/839 3710/380/338 3711/823/840
f 2159/824/841 2155/52/35 2156/825/842
f 1935/689/75 1937/659/661 1934/791/360
f 1591/579/843 1590/826/844 1776/694/695
f 1962/827/845 1966/828/846 1965/829/847
f 1964/319/269 1962/827/845 1965/829/847
f 3715/319/269 3719/320/270 3718/321/271
f 3717/828/846 3719/320/270 3716/829/847
f 1928/789/804 1919/830/848 1920/831/849
f 3459/832/850 3462/833/851 3458/834/852
f 1730/258/853 1729/835/854 1732/416/380
f 2041/785/855 2036/326/277 2031/836/856
f 2490/262/212 2491/837/857 2493/263/213
f 1836/805/858 1831/729/586 1832/731/588
f 1693/683/685 1688/636/637 1694/838/859
f 2297/839/860 2292/840/861 2293/841/862
f 1370/842/863 1375/79/863 1374/843/863
f 2720/844/864 2718/291/240 2721/293/242
f 3134/521/865 3131/845/865 3135/846/865
f 1689/847/730 1681/161/126 1682/848/731
f 2193/849/866 2197/850/867 2196/851/868
f 3215/852/869 3213/853/870 3216/854/871
f 1644/855/872 1645/856/873 1647/615/618
f 1585/447/874 1582/448/875 1586/497/876
f 1967/321/271 1971/580/583 1970/289/238
f 2406/239/195 2410/857/877 2415/858/878
f 1819/498/879 1814/686/716 1809/685/715
f 3763/679/681 3767/859/478 3766/860/479
f 2750/861/880 2749/862/881 2743/863/882
f 2022/724/587 2018/725/341 2019/726/738
f 3594/864/883 3584/865/884 3589/866/885
f 2700/603/607 2698/867/886 2701/602/605
f 1363/77/347 1367/868/887 1366/869/888
f 1769/318/268 1766/317/267 1767/870/889
f 1719/871/890 1715/649/651 1716/872/891
f 3311/873/892 3308/874/893 3312/875/894
f 1576/32/895 1572/31/896 1573/119/94
f 1828/876/897 1826/877/738 1829/730/587
f 2110/878/898 2273/879/899 2111/880/900
f 2955/881/648 2947/882/649 2948/883/650
f 2024/734/586 2022/724/587 2025/884/588
f 3131/845/901 3127/885/901 3126/503/901
f 2187/886/902 2185/887/903 2188/888/904
f 3121/889/905 3123/890/906 3120/891/907
f 3781/892/908 3785/893/909 3780/894/910
f 1856/895/911 1842/896/276 1843/864/912
f 3491/897/913 3494/898/914 3490/899/915
f 3367/900/916 3365/901/917 3368/197/159
f 2716/902/918 2713/903/919 2719/336/920
f 1858/65/921 1846/66/134 1847/64/256
f 3618/803/11 3609/65/12 3627/904/13
f 2798/185/922 2803/905/923 2802/527/511
f 1385/906/924 1387/410/374 1384/403/365
f 2015/860/479 2011/907/925 2012/679/711
f 1431/908/926 1428/909/927 1432/910/928
f 2846/911/929 2849/327/930 2845/772/784
f 3856/912/931 3531/670/932 3530/623/626
f 1933/282/76 1935/689/75 1934/791/360
f 2077/713/724 2075/712/723 2078/913/933
f 2076/914/934 2080/750/756 2079/915/935
f 2080/750/756 2084/916/936 2083/751/757
f 3454/917/937 3456/918/938 3455/919/939
f 3387/426/515 3383/59/940 3384/94/68
f 2659/920/941 2662/439/942 2658/921/943
f 1905/922/944 1904/923/945 1900/763/778
f 3582/729/586 3580/730/587 3583/731/588
f 3673/924/946 3667/925/947 3658/926/948
f 2124/770/782 2123/927/949 2111/880/900
f 1593/928/950 1594/929/951 1606/930/952
f 3280/931/953 3278/932/954 3281/933/955
f 1613/379/337 1618/378/764 1612/756/765
f 2129/934/956 2128/935/957 2121/936/958
f 2148/937/959 2146/394/357 2149/396/359
f 2112/938/960 2119/939/961 2125/194/156
f 2140/940/962 2142/941/963 2139/942/964
f 1679/633/634 1671/943/965 1672/519/502
f 2146/394/357 2144/944/59 2147/945/966
f 2131/946/967 2136/947/764 2130/948/765
f 2151/949/968 2149/396/359 2152/950/969
f 2239/951/970 2238/952/971 2234/953/972
f 1606/930/952 1605/954/949 1593/928/950
f 2154/54/37 2152/950/969 2155/52/35
f 2153/955/973 2155/52/35 2152/950/969
f 3256/956/974 3254/957/975 3257/958/976
f 1421/959/977 1417/445/412 1418/444/411
f 2160/267/978 2158/960/979 2161/291/980
f 1811/783/797 1804/784/981 1801/141/982
f 3221/961/983 3224/271/219 3220/962/984
f 2167/351/311 2171/330/281 2170/332/283
f 2699/963/985 2695/551/543 2696/964/986
f 2736/965/987 2740/49/988 2739/432/989
f 2174/966/990 2176/967/991 2173/331/282
f 2481/968/992 2485/969/993 2484/363/325
f 1479/721/994 1483/704/995 1482/459/996
f 2183/970/997 2186/971/998 2185/887/903
f 2163/972/999 2164/973/1000 2166/353/313
f 2458/974/1001 2467/975/1002 2462/976/1003
f 2203/977/1004 2199/978/1005 2200/979/1006
f 3357/980/1007 3360/981/1007 3356/982/1007
f 2613/983/1008 2617/984/1009 2616/7/1010
f 2200/979/1006 2198/985/1011 2201/986/1012
f 2142/941/963 2146/394/357 2145/987/1013
f 2902/484/461 2904/417/1014 2901/537/1015
f 1421/959/977 1423/157/422 1420/988/1016
f 1953/818/835 1956/819/836 1955/820/837
f 2785/92/66 2789/989/1017 2788/93/67
f 3239/314/264 3236/990/1018 3237/991/1019
f 2280/992/1020 2287/162/127 2281/993/1021
f 2083/751/757 2087/994/1022 2086/995/1023
f 2208/996/1024 2206/700/701 2209/428/395
f 2209/428/395 2207/997/1025 2210/998/1026
f 2617/984/1009 2621/999/1027 2620/1000/1028
f 2050/354/314 2042/1001/136 2043/1002/135
f 1922/924/1029 1916/925/1030 1907/926/1031
f 2105/912/931 2101/494/472 2106/671/670
f 1606/930/952 1607/492/471 1614/1003/783
f 1877/1004/1032 1874/645/202 1883/420/1033
f 3728/1005/1034 3736/716/727 3732/715/1035
f 1656/610/613 1660/619/622 1659/1006/1036
f 2230/1007/1037 2225/1008/1038 2220/1009/1039
f 2294/1010/1040 2300/1011/1041 2304/1012/1042
f 3439/529/1043 3437/447/1044 3440/183/1045
f 1905/922/944 1914/1013/1046 1919/830/848
f 3482/1014/1047 3478/412/376 3479/654/656
f 3421/1015/1048 3425/119/1049 3424/31/20
f 2263/1016/805 2265/1017/232 2262/1018/804
f 2261/1019/803 2265/1017/232 2264/1020/1050
f 1552/656/758 1549/489/1051 1553/657/1052
f 3361/1021/1053 3364/1022/1054 3360/981/1055
f 2152/950/969 2150/395/358 2153/955/973
f 3046/1023/1056 3051/1024/1057 3050/1025/1058
f 1483/704/995 1484/188/1059 1487/389/1060
f 3568/180/142 3573/500/479 3572/1026/162
f 3078/1027/805 3080/1028/232 3077/133/804
f 2386/1029/1061 2389/1030/1062 2393/1031/1063
f 2353/1032/1064 2357/1033/1065 2356/1034/1066
f 2869/59/1067 2873/426/1068 2872/43/1069
f 2239/951/970 2248/1035/1070 2253/1036/1071
f 1429/545/535 1427/158/1072 1430/1037/1073
f 2327/1038/1074 2323/1039/1075 2324/1040/1076
f 3086/8/1077 3084/234/75 3087/134/191
f 3271/1041/1078 3275/737/745 3274/1042/1079
f 2889/459/1080 2893/78/57 2892/77/56
f 1827/384/342 1831/729/586 1830/1043/1081
f 2990/1044/1082 2986/1045/1083 2995/787/45
f 2536/1046/1084 2535/698/699 2533/1047/1085
f 2289/1048/1086 2284/163/1086 2285/1049/1086
f 3176/1050/1087 3182/1051/1088 3187/1052/1089
f 2907/1015/1090 2911/119/1091 2910/31/1092
f 2287/162/127 2288/164/129 2292/840/861
f 2438/1053/1093 2445/1054/1094 2428/73/52
f 2712/1055/1095 2715/1056/1096 2711/488/467
f 2830/959/1097 2832/157/122 2829/988/1098
f 3824/1057/1099 3828/713/724 3827/914/934
f 3444/1058/1100 3447/1059/1101 3446/1060/1102
f 2073/1057/1099 2077/713/724 2076/914/934
f 2282/1061/1103 2289/1048/1104 2280/992/1020
f 2697/1062/1105 2695/551/543 2698/867/886
f 1901/1063/1106 1902/1064/1107 1908/1065/1108
f 1743/406/368 1738/1066/1109 1744/407/369
f 3294/216/173 3290/710/720 3291/709/719
f 3266/1067/1110 3262/753/761 3263/752/760
f 1831/729/586 1835/1068/743 1834/1069/1111
f 2321/1070/1112 2325/1071/1113 2324/1040/1076
f 3446/1060/1102 3449/1072/1114 3445/1073/1115
f 2294/1010/1040 2297/839/860 2293/841/862
f 1939/797/810 1941/660/662 1938/798/811
f 3096/252/205 3094/1074/1116 3097/1075/1117
f 2968/1076/477 2972/1077/478 2971/200/161
f 1465/43/393 1469/323/449 1468/208/168
f 2792/1078/1118 2788/93/67 2789/989/1017
f 2339/70/49 2337/1079/1119 2340/1080/1120
s 0
f 344/1081/4 365/1082/4 364/211/4
s 1
f 3637/222/180 3636/792/807 3626/421/386
f 3098/1083/1121 3102/1084/1122 3101/1085/1123
s 0
f 373/1086/4 372/1087/4 334/1088/4
s 1
f 2325/1071/1113 2327/1038/1074 2324/1040/1076
f 2353/1032/1064 2351/1089/1124 2354/1090/1125
f 2355/1091/1126 2357/1033/1065 2354/1090/1125
f 3109/1092/1127 3111/1093/1128 3108/1094/1129
f 2359/1095/1130 2360/1096/1131 2362/1097/1132
f 2039/309/796 2043/1002/135 2042/1001/136
f 2995/787/45 2999/1098/1133 2998/1099/136
f 2370/1100/1134 2366/128/100 2367/1101/1135
f 1324/1102/1136 1323/1103/1137 1321/291/291
f 2373/1104/1138 2375/1105/1139 2372/549/541
f 2177/1106/1140 2179/191/153 2176/967/991
f 3460/1107/1141 3462/833/851 3459/832/850
f 2379/1108/1142 2382/1109/1143 2378/1110/1144
f 2384/1111/1145 2380/1112/1146 2381/1113/1147
f 2384/1111/1145 2382/1109/1143 2385/1114/1148
f 1546/432/1149 1550/490/1150 1549/489/1051
s 0
f 322/1115/4 300/1116/4 323/1117/4
s 1
f 2203/977/1004 2201/986/1012 2204/1118/1151
f 3516/1119/1152 3519/1120/1153 3518/1121/1154
f 3700/1122/1155 3697/1123/1156 3698/807/1157
f 2631/547/538 2628/1124/1158 2632/1125/1159
f 1767/870/889 1762/1126/637 1768/1127/859
f 3366/1128/1160 3361/1021/1053 3362/1129/1161
f 2566/1130/1162 2568/1131/1163 2565/531/519
f 2827/444/1164 2826/445/1165 2823/1132/1166
s 0
f 1145/1133/111 1166/1134/111 1167/1135/111
s 1
f 3131/845/1167 3132/1136/1168 3138/1137/1169
f 1790/759/1170 1799/343/301 1789/815/832
f 3656/922/320 3665/1013/1171 3670/830/1172
f 2884/489/1173 2880/364/400 2881/432/399
f 3521/1138/1174 3519/1120/1153 3522/1139/1175
f 1526/1140/1176 1528/12/7 1525/182/144
f 2458/974/1001 2445/1054/1177 2450/1141/1178
f 2767/27/307 2768/26/309 2771/389/1179
f 2465/1142/1180 2455/647/1181 2460/1143/1182
f 3822/1144/1183 3825/714/725 3821/1145/1184
f 3354/1146/1185 3355/1147/1186 3362/1129/1161
f 2620/1000/1028 2624/1148/1187 2623/486/463
f 2756/1149/1188 2759/1150/1189 2755/295/244
f 3370/196/1190 3440/183/1045 3371/218/1191
f 3765/1151/162 3760/1152/1192 3761/1153/1193
f 2468/1154/1194 2466/1155/1195 2469/1156/1196
f 2466/1155/1195 2470/1157/1197 2469/1156/1196
f 2344/196/1198 2468/1154/1194 2345/218/1199
f 3811/748/1200 3810/465/437 3801/354/800
f 2920/448/1201 2918/113/1202 2921/446/1203
f 2482/1158/1204 2481/968/992 2478/1159/1205
f 3156/1160/1206 3155/1161/1207 3151/1162/1208
f 1846/66/134 1841/1163/1209 1837/1164/908
f 2484/363/325 2488/49/1210 2487/432/1211
f 2736/965/987 2738/364/1212 2735/1165/1213
f 2492/1166/1214 2496/1167/1215 2495/1168/1216
f 1397/185/292 1399/168/382 1396/187/293
f 2497/1169/1217 2499/1170/1218 2496/1167/1215
f 2502/187/148 2505/1171/1219 2504/1172/1220
f 2655/176/1221 2651/1173/1222 2652/79/1223
f 1692/437/405 1685/640/641 1686/438/329
f 3098/1083/1121 3096/252/205 3099/1174/1224
f 3775/734/586 3773/724/587 3776/884/588
f 3710/380/338 3712/381/1225 3709/382/340
f 3242/348/306 3246/1175/1226 3245/1176/1227
f 2511/134/106 2515/1177/1228 2514/1178/1229
f 2144/944/59 2140/940/962 2141/1179/1230
f 2654/1180/1231 2655/176/1221 2658/921/943
f 2518/1181/1232 2623/486/463 2624/1148/1187
s 0
f 1011/1182/111 1012/1183/111 973/1184/111
s 1
f 2216/1185/1233 2217/430/397 2223/1186/1234
f 3242/348/306 3244/1187/1235 3241/1188/1236
f 1636/600/603 1639/596/599 1635/598/601
f 2549/1189/1237 2546/1190/1238 2547/1191/1239
f 2544/1192/1240 2548/1193/1241 2547/1191/1239
f 2405/1194/1242 2408/1195/1243 2413/1196/1244
f 2649/25/132 2653/1197/1245 2652/79/1223
f 1416/1198/1246 1414/443/410 1417/445/412
f 3404/704/707 3405/188/1247 3408/389/1248
f 2541/69/48 2543/1199/1249 2540/350/310
f 2547/1191/1239 2548/1193/1241 2551/1200/1250
f 1507/516/499 1505/514/497 1508/1201/1251
f 2577/1202/1252 2575/110/85 2578/109/84
f 3149/260/210 3143/1203/1253 3144/458/430
f 1992/1204/1254 1999/1205/1255 1991/1206/1256
f 1603/1207/1257 1609/1208/1258 1602/1209/1259
f 2571/1210/1260 2575/110/85 2574/1211/1261
f 2575/110/85 2573/1212/1262 2576/108/83
f 2812/1213/1263 2815/1214/1264 2814/1215/1265
f 3470/1216/1266 3469/1217/1267 3462/833/851
f 2714/1218/1268 2711/488/467 2715/1056/1096
f 2585/1219/1269 2581/533/1270 2582/1220/1271
f 1560/536/1272 1564/484/552 1563/537/1273
f 1386/523/507 1390/409/373 1389/1221/1274
f 2590/305/254 2586/1222/1275 2587/306/255
f 2591/1223/1276 2593/705/708 2590/305/254
f 2593/705/708 2595/417/1277 2592/1224/1278
f 2617/984/1009 2619/1225/1279 2616/7/1010
f 2271/1226/1280 2269/100/75 2272/1227/1281
f 3100/1228/1282 3096/252/205 3097/1075/1117
f 3414/473/1283 3416/484/523 3413/322/1284
f 1306/544/533 1304/1229/1285 1307/543/532
f 2826/445/1165 2828/453/1286 2825/1198/1287
f 1696/1230/597 1700/301/250 1699/1231/1288
f 2610/702/703 2614/1232/1289 2613/983/1008
f 2614/1232/1289 2612/1233/1290 2615/1234/1291
f 2140/940/962 2136/947/1292 2141/1179/1230
f 2612/1233/1290 2608/237/193 2609/236/192
f 2793/1235/1293 2791/337/671 2794/673/673
f 2779/104/79 2775/1173/1294 2776/79/1295
f 1973/1236/1296 1978/1237/1297 1982/1238/1298
f 3395/432/1299 3393/51/1300 3396/49/1301
f 2960/1239/797 2953/1240/798 2950/1241/799
f 3100/1228/1282 3102/1084/1122 3099/1174/1224
f 3285/1242/1302 3288/1243/1303 3284/392/355
f 2638/336/1304 2635/116/1305 2632/1125/1159
f 2640/1244/1306 2638/336/1304 2641/1245/1307
f 2644/1246/1308 2647/728/1309 2643/965/1310
f 2636/267/1311 2640/1244/1306 2639/1247/1312
f 1286/811/1313 1290/1248/1313 1291/286/1313
f 3258/781/793 3254/957/975 3255/1249/1314
f 2651/1173/1222 2649/25/132 2652/79/1223
f 2653/1197/1245 2655/176/1221 2652/79/1223
f 2472/198/1315 2514/1178/1229 2473/625/1316
f 2330/1250/1317 2327/1038/1074 2328/1251/1318
f 1774/369/250 1772/1252/643 1775/370/331
f 2665/1253/1319 2661/433/1320 2662/439/942
f 3413/322/1284 3411/189/1321 3414/473/1283
f 2790/1254/1322 2788/93/67 2791/337/671
f 3295/1255/1323 3299/1256/1324 3298/1257/1325
f 1724/1258/1326 1723/1259/1327 1721/1260/1328
f 2670/329/280 2673/18/10 2669/17/9
f 1569/1015/1329 1567/187/555 1570/117/92
f 1483/704/995 1486/78/1330 1485/77/1331
f 2761/1261/1332 2758/1262/1333 2762/1263/1334
f 2680/281/424 2679/451/418 2676/196/1335
f 1525/182/144 1587/529/1336 1588/183/145
f 2695/551/543 2692/1264/1337 2693/1265/1338
f 3389/208/517 3392/50/1339 3388/44/1340
f 3739/717/728 3733/1238/1341 3729/1237/1342
s 0
f 434/1266/4 389/1267/4 435/196/4
s 1
f 2907/1015/1090 2905/187/1343 2908/117/1344
f 1470/431/1345 1474/432/1346 1473/364/679
f 2348/28/17 2352/1268/1347 2351/1089/1124
f 2673/18/10 2627/198/537 2626/1269/1348
f 1288/285/234 1287/287/236 1284/280/230
f 3516/1119/1152 3513/1270/1349 3517/1271/1350
f 1359/1272/1351 1358/25/14 1356/539/528
f 2703/312/606 2707/59/1352 2706/60/466
f 2708/94/1353 2713/903/919 2712/1055/1095
f 1736/415/379 1737/1273/1354 1741/137/109
f 2564/532/520 2568/1131/1163 2567/1274/1355
f 2326/1275/1356 2327/1038/1074 2330/1250/1317
f 2820/1276/1357 2816/1277/1358 2817/1278/1359
f 3318/1279/1360 3310/232/1361 3311/873/1362
f 2530/1280/1363 2532/697/698 2529/768/777
f 2730/357/1364 2728/1281/1365 2731/1282/1366
f 3111/1093/1128 3107/1283/1367 3108/1094/1129
f 2730/357/111 2733/1284/111 2736/965/111
f 2523/1285/1368 2526/1286/1369 2522/1287/1370
f 2579/1288/1371 2588/304/253 2582/1220/1271
f 2563/1289/1372 2565/531/519 2562/1290/1373
f 2185/887/903 2186/971/998 2189/1291/1374
f 1309/313/262 1305/1292/1375 1306/544/533
f 1539/44/27 1543/50/33 1542/431/569
f 1718/1293/1376 1720/1294/1377 1717/651/653
f 1370/842/1378 1366/869/888 1371/722/736
f 2024/734/586 2020/1295/342 2021/1296/897
f 2743/863/1379 2749/862/881 2748/1297/1380
f 3494/898/914 3498/1298/1381 3497/1299/1382
f 2481/968/992 2483/365/327 2480/1300/1383
f 1713/347/305 1715/649/651 1712/345/303
f 2743/863/4 2741/46/4 2739/432/4
f 3129/502/504 3128/1301/1384 3122/1302/1385
f 1704/644/644 1707/1303/1386 1706/175/137
s 0
f 959/5/111 944/1304/111 945/364/111
s 1
f 1417/445/412 1419/453/425 1416/1198/1246
f 3395/432/1299 3397/678/1387 3394/364/1388
f 2760/1305/1389 2761/1261/1332 2763/609/611
f 3509/1306/1390 3507/34/23 3510/36/25
f 2773/868/1391 2772/869/1392 2769/77/1393
f 2774/723/1394 2776/79/1295 2773/868/1391
f 1838/866/885 1843/864/912 1833/865/1395
f 2018/725/341 2020/1295/342 2017/1307/343
f 3371/198/1191 3372/625/1396 3374/182/1397
f 2650/1272/1398 2646/166/131 2647/728/1309
f 1345/166/1399 1348/1308/1400 1344/1309/1401
f 1628/83/60 1632/601/604 1631/605/610
f 2698/867/886 2702/1310/1402 2701/602/605
f 1981/715/1403 1985/716/1404 1988/717/344
f 2015/860/479 2019/726/738 2018/725/341
f 2797/187/1405 2795/672/672 2798/185/922
f 2796/417/1406 2797/187/1405 2801/528/513
f 2596/187/710 2598/747/752 2595/417/1277
f 3342/1311/1407 3338/479/455 3339/478/454
f 2643/965/1310 2646/166/131 2642/1165/1408
f 2060/748/754 2059/465/753 2050/354/314
f 2006/1312/1409 2010/1153/1410 2000/1313/1411
f 1441/482/459 1440/1314/1412 1437/1315/1413
f 2777/1197/1414 2779/104/79 2776/79/1295
f 1822/500/479 1826/877/738 1825/383/341
f 2797/187/1405 2793/1235/1293 2794/673/673
f 2737/1246/1415 2736/965/987 2730/357/1364
f 3348/467/439 3345/1316/1416 3346/1317/1417
f 1507/516/499 1511/1318/1418 1510/1319/1419
f 2714/1218/1268 2718/291/240 2717/267/1420
f 3839/1320/1421 3837/995/1023 3840/799/813
f 2334/1321/1422 2336/561/562 2333/563/564
f 3252/1322/1423 3255/1249/1314 3251/1323/1424
f 2823/1132/1166 2826/445/1165 2825/1198/1287
f 2830/959/1097 2826/445/1165 2827/444/1164
f 1796/758/344 1790/759/1425 1785/622/1426
f 1444/469/441 1442/481/458 1445/1324/1427
f 2828/453/1286 2832/157/122 2831/454/1428
f 3377/12/1429 3373/219/1430 3374/182/1397
f 3375/1140/1431 3377/12/1429 3374/182/1397
f 2933/1325/1432 2929/1326/1433 2930/1327/1434
f 2472/218/1315 2471/196/1435 2514/1178/1229
f 3503/1328/1436 3507/34/23 3506/1329/1437
f 2367/1101/1135 2363/127/99 2364/1330/1438
f 2017/1307/343 2015/860/479 2018/725/341
f 1579/111/86 1583/446/1439 1582/448/875
f 2361/1331/1440 2364/1330/1438 2360/1096/1131
f 2000/1313/1411 1999/1205/1255 1992/1204/1254
f 2852/1332/1441 2854/1333/1442 2851/1334/1443
f 1567/187/555 1563/537/1273 1564/484/552
f 2848/18/187 2852/1332/1441 2851/1334/1443
f 3382/60/1444 3380/10/69 3383/59/940
f 2236/1335/1445 2242/1336/1446 2241/669/668
f 1691/641/642 1692/437/405 1695/682/684
f 2884/489/1173 2888/657/1447 2887/656/1448
f 2866/10/1449 2868/60/1450 2865/58/1451
f 2923/447/1452 2925/529/1453 2922/526/1454
f 2905/187/1343 2909/355/1455 2908/117/1344
f 2863/12/1456 2867/95/1457 2866/10/1449
f 2873/426/1068 2875/208/1458 2872/43/1069
f 2899/322/273 2895/460/1459 2896/76/55
f 2861/1140/1460 2863/12/1456 2860/182/812
f 2865/58/1451 2863/12/1456 2866/10/1449
f 2863/12/1456 2859/219/1461 2860/182/812
f 3578/384/342 3582/729/586 3581/1043/1081
f 2924/497/1462 2920/448/1201 2921/446/1203
f 2088/1320/1421 2086/995/1023 2089/799/813
f 2234/953/972 2228/1337/1463 2229/1338/1464
f 2315/339/296 2319/542/531 2318/450/417
f 2914/32/1465 2910/31/1092 2911/119/1091
f 1494/537/1466 1492/322/448 1495/484/485
f 1628/83/60 1624/1339/963 1625/84/61
f 2889/459/1080 2887/656/1448 2890/704/1467
f 2915/112/1468 2917/111/1469 2914/32/1465
f 3391/431/1470 3395/432/1299 3394/364/1388
f 2860/182/812 2856/707/1471 2857/218/557
f 2899/322/273 2901/537/1015 2898/536/1472
f 2879/51/1473 2881/432/399 2878/50/1474
f 2869/59/1067 2871/45/1475 2868/60/1450
f 2914/32/1465 2912/118/1476 2915/112/1468
f 2878/50/1474 2876/323/1477 2879/51/1473
f 2871/45/1475 2875/208/1458 2874/44/1478
f 2874/44/1478 2878/50/1474 2877/431/398
f 3416/484/523 3420/185/317 3419/187/316
f 2884/489/1173 2886/721/1479 2883/678/1480
f 2870/94/1481 2866/10/1449 2867/95/1457
f 2916/272/1482 2920/448/1201 2919/524/1483
f 2707/59/1352 2705/390/1484 2708/94/1353
f 2922/526/1454 2920/448/1201 2923/447/1452
f 1367/868/887 1365/389/348 1368/723/737
f 2891/188/1485 2893/78/57 2890/704/1467
f 2925/529/1453 2857/198/557 2856/196/1471
f 1801/141/982 1793/143/1486 1794/1340/1487
f 3726/290/239 3723/582/585 3727/793/1488
f 3292/1341/1489 3290/710/720 3293/1342/1490
f 3530/623/626 3533/624/1491 3536/622/1492
f 2950/1241/4 2946/1343/4 2942/1344/4
f 3303/1345/1493 3306/1346/1494 3305/591/594
f 1988/717/344 1982/1238/1298 1978/1237/1495
f 2831/454/1428 2834/1347/1496 2836/156/121
f 1377/1348/1497 1381/404/366 1380/646/647
f 2949/1349/714 2958/1350/687 2963/1351/688
f 1807/178/351 1806/341/299 1799/343/1498
f 1328/1281/1499 1331/1282/1500 1327/151/1501
f 3682/283/232 3678/788/803 3679/789/804
f 2971/200/161 2973/1352/343 2970/201/162
f 2971/200/161 2975/1353/738 2974/1354/341
f 3535/1355/1502 3531/670/932 3532/1356/1503
f 3163/1357/1504 3169/1358/1505 3158/1359/1506
f 2121/936/958 2127/1360/1258 2120/1361/1259
f 3159/1362/1507 3158/1359/1506 3153/1363/1508
f 2396/554/1509 2402/1364/1510 2391/555/547
f 2136/947/764 2129/934/956 2130/948/765
f 3582/729/586 3586/1068/743 3585/1069/1511
f 2980/583/586 2984/1365/743 2983/1366/1511
f 3486/1367/1512 3487/741/749 3490/899/915
f 2882/49/1513 2884/489/1173 2881/432/399
f 2039/309/796 2034/893/1514 2030/892/908
f 3778/736/1515 3783/1368/1515 3782/836/1515
f 3597/66/45 3601/170/1133 3600/171/136
f 2103/564/1516 2098/495/1516 2099/1369/1516
f 3006/1370/800 3005/1371/1517 2997/1372/1518
f 3618/803/11 3617/804/1519 3608/628/800
f 3006/1370/800 3014/248/201 3013/247/200
f 2992/1373/883 3005/1371/1520 2991/1374/1521
f 3858/566/567 3531/670/932 3857/671/1522
f 2080/750/756 2078/913/933 2081/1375/1523
f 2136/947/1292 2140/940/962 2129/934/956
f 2743/863/1379 2738/364/1212 2739/432/989
f 2292/840/861 2297/839/1524 2301/1376/1525
f 2458/974/1526 2462/976/1003 2445/1054/1094
f 2478/1159/1205 2480/1300/1383 2477/1377/1527
f 3488/740/748 3492/1378/1528 3487/741/749
f 3633/1379/1529 3634/420/385 3640/1380/1530
f 3049/360/322 3043/1381/779 3044/1382/1531
f 1883/420/1033 1889/1380/1532 1882/1379/1529
f 2377/1383/1533 2378/1110/1144 2380/1112/1146
f 1921/1384/1534 1922/924/1029 1928/789/804
f 3069/1385/1535 3074/1386/1536 3077/133/804
f 2109/576/1537 2108/1387/1538 2271/1226/1280
f 3209/1388/1539 3213/853/870 3212/1389/1540
f 3054/358/320 3063/1390/1171 3068/1391/1172
f 3085/1392/74 3084/234/75 3082/397/76
f 2726/1393/1541 2730/357/1364 2729/1394/1542
f 1781/1356/1503 1793/143/1486 1788/1395/1543
f 1974/288/1544 1970/289/238 1975/290/239
f 2929/1326/1433 3088/235/190 2930/1327/1434
f 1509/1396/1545 1507/516/499 1510/1319/1419
f 2570/1397/1546 2572/1398/1547 2571/1210/1260
f 2909/355/1455 2911/119/1091 2908/117/1344
f 3264/1399/1548 3266/1067/1110 3263/752/760
f 2902/484/461 2906/185/1549 2905/187/1343
f 3652/1063/1058 3653/1064/1550 3659/1065/1551
f 3800/324/1520 3786/325/276 3787/326/1552
f 2383/1400/1553 2387/1401/1554 2386/1029/1061
f 3114/1402/1555 3110/1403/1556 3111/1093/1128
f 1465/43/393 1467/44/167 1464/45/456
f 3834/751/757 3836/1404/1557 3833/749/755
f 3117/1405/1558 3113/1406/1559 3114/1402/1555
f 3849/495/1560 3845/1407/1561 3854/564/806
f 3496/1408/1562 3492/1378/1528 3493/1409/1563
f 2562/1290/1373 2561/530/518 2558/1410/1564
f 1817/180/353 1822/500/479 1821/1026/162
f 3134/521/1565 3129/502/481 3130/504/483
f 3722/580/583 3720/581/584 3723/582/585
f 2977/1411/897 2973/1352/343 2974/1354/341
f 1398/418/383 1402/105/80 1401/1412/1566
f 1649/1413/1567 1648/613/616 1645/856/873
f 2514/1178/1229 2510/8/1568 2511/134/106
f 3165/1414/1569 3171/1415/1570 3164/1416/1571
f 2346/625/1572 2349/1417/1573 2345/198/1199
f 1993/706/714 2002/681/713 2007/680/712
f 3146/1418/1574 3151/1162/1208 3145/569/572
f 2923/447/1452 2927/181/558 2926/183/1575
f 2630/546/536 2631/547/538 2635/116/1305
f 3163/1357/1504 3158/1359/1506 3159/1362/1507
f 3171/1415/1570 3165/1414/1569 3160/1419/1576
f 3203/223/181 3207/1420/1577 3206/1421/1578
f 3168/1422/1579 3174/1423/1580 3167/1424/1581
f 3180/1425/1582 3172/508/491 3173/1426/1583
f 3176/1050/1087 3175/1427/1584 3168/1422/1579
f 3200/1428/1585 3195/589/592 3190/588/591
f 1524/219/1586 1528/12/7 1527/11/6
f 3198/476/452 3199/1429/1587 3203/223/181
f 1737/1273/1354 1734/1430/1588 1738/1066/1109
f 3248/1431/1589 3251/1323/1424 3250/1432/1590
f 3299/1256/1324 3297/217/174 3300/1433/1591
f 1476/678/680 1480/656/658 1479/721/994
f 2439/1434/1592 2446/1435/1593 2445/1054/1177
f 2615/1234/1291 2617/984/1009 2614/1232/1289
f 3211/1436/1594 3215/852/869 3214/774/786
f 2158/960/979 2162/336/1595 2161/291/980
f 2553/461/433 2555/1437/1596 2552/1438/1597
f 3216/854/871 3218/775/787 3215/852/869
f 3230/228/186 3229/227/185 3226/1439/1598
f 2805/168/1599 2808/1440/1600 2800/167/1601
f 2887/656/1448 2891/188/1485 2890/704/1467
f 2368/548/540 2366/128/100 2369/1441/1602
f 1587/529/1336 1584/526/1603 1585/447/874
f 2172/1442/1604 2176/967/991 2175/190/152
f 1721/1260/1328 1722/1443/1605 1725/1444/1606
f 3402/657/1607 3398/489/1608 3399/490/1609
f 3754/1445/1610 3745/809/1611 3746/1446/1612
f 1848/1447/855 1843/864/912 1838/866/856
f 3155/1161/1207 3156/1160/1206 3160/1419/1576
f 3268/1448/1613 3265/1449/1614 3269/87/64
f 2339/70/49 2335/1450/1615 2336/561/562
f 1622/377/335 1626/82/59 1625/84/61
f 3277/1451/1616 3275/737/745 3278/932/954
f 1731/1452/1617 1734/1430/1588 1729/835/854
f 1474/432/1346 1472/51/1618 1475/49/469
f 1370/842/1378 1375/79/1619 1378/1453/1620
f 3278/932/954 3276/739/747 3279/1454/1621
f 3123/890/906 3122/1302/1385 3119/1455/1622
f 2850/229/188 2854/1333/1442 2853/1456/1623
f 2010/1153/1410 2015/860/479 2014/1151/162
f 2701/602/605 2705/390/1484 2704/313/1624
f 2589/1457/1625 2593/705/708 2592/1224/1278
f 3292/1341/1489 3296/215/172 3295/1255/1323
f 3114/1402/1555 3112/1458/1626 3115/1459/1627
f 3592/1163/1082 3587/805/819 3588/1164/1083
f 3313/1460/1628 3308/874/1628 3309/1461/1628
f 2668/1462/1629 2671/230/1630 2666/908/1631
f 3316/1463/1632 3313/1460/1632 3317/1464/1632
f 3319/1465/1633 3322/1466/1634 3313/1460/1635
f 2071/1144/1183 2074/714/725 2070/1145/1184
f 2351/1089/1124 2355/1091/1126 2354/1090/1125
f 2185/887/903 2184/1467/1636 2181/1468/1637
f 1947/807/823 1945/1469/1638 1948/1470/1639
f 3050/1025/1058 3051/1024/1057 3057/1471/1551
f 3348/467/439 3347/144/112 3344/1472/1640
f 2802/527/511 2809/1473/1641 2812/1213/1263
f 3086/8/1077 2929/1326/1433 2928/1474/1642
f 2204/1118/1151 2206/700/701 2203/977/1004
f 1708/1180/1643 1712/345/303 1711/650/652
f 3200/1428/1585 3201/1475/1644 3204/1476/1645
f 1459/10/286 1461/60/1646 1458/58/722
f 3741/1477/1647 3745/809/1611 3740/810/1648
f 1856/895/911 1864/630/118 1874/645/202
f 1393/337/294 1396/187/293 1395/417/381
f 3365/901/917 3369/1478/1649 3368/197/159
f 2913/33/1650 2917/111/1469 2916/272/1482
f 2370/1100/1134 2372/549/541 2369/1441/1602
f 3751/1313/1651 3757/1312/1652 3761/1153/1193
f 3378/538/1653 3380/10/69 3377/12/1429
f 3385/45/1654 3383/59/940 3386/43/1655
f 3434/448/1656 3436/526/1657 3433/524/1658
s 0
f 1243/125/111 1262/124/111 1263/123/111
s 1
f 1557/460/432 1561/322/539 1560/536/1272
f 2894/389/1659 2896/76/55 2893/78/57
f 2663/1479/1660 2661/433/1320 2664/443/1661
f 3091/560/1662 3368/197/159 3369/1478/1649
f 3399/490/1609 3395/432/1299 3396/49/1301
f 1576/32/895 1574/118/93 1577/112/87
f 3443/1480/1663 3529/297/246 3444/1058/1100
f 1453/182/1664 1455/11/1665 1452/219/177
f 3401/656/732 3405/188/1247 3404/704/707
f 3426/118/1666 3428/32/21 3425/119/1049
f 1663/695/696 1659/1006/1036 1660/619/622
f 3790/309/258 3794/1002/1667 3793/1001/1668
f 1546/432/1149 1548/678/1669 1545/364/568
f 1537/43/26 1541/323/274 1540/208/1670
f 3421/1015/1048 3419/187/316 3422/117/1671
f 2573/1212/1262 2570/1397/1546 2569/1481/1672
f 3437/447/1044 3441/181/1673 3440/183/1045
f 3117/1405/1558 3115/1459/1627 3118/1482/1674
f 3427/33/22 3431/111/371 3430/272/1675
f 2371/550/542 2375/1105/1139 2374/1483/1676
f 3682/283/232 3680/790/805 3683/284/233
f 3433/524/1658 3431/111/371 3434/448/1656
f 3108/1094/1129 3107/1283/1367 3104/1484/1677
f 3434/448/1656 3438/497/1678 3437/447/1044
f 1951/812/828 1954/813/829 1950/814/830
f 3228/1485/1679 3231/692/693 3230/228/186
f 3448/1486/1680 3452/1487/1681 3451/1488/1682
f 2596/187/710 2600/1489/1683 2599/746/751
f 3688/659/661 3686/689/75 3689/798/821
f 3452/1487/1681 3450/1490/1684 3453/1491/1685
f 3469/1217/1267 3468/1492/1686 3462/833/851
s 0
f 862/233/111 863/232/111 869/231/111
s 1
f 3469/1217/1267 3473/1493/1687 3468/1492/1686
f 3470/1216/1266 3474/655/657 3469/1217/1267
f 3671/831/1688 3676/1494/1536 3679/789/804
f 3679/789/804 3672/1384/1689 3673/924/946
f 3484/742/750 3486/1367/1512 3483/1495/1690
f 3831/750/756 3827/914/934 3828/713/724
f 3594/864/883 3607/895/1520 3593/896/1521
f 3492/1378/1528 3495/1496/1691 3491/897/913
f 2414/1497/1692 2408/1195/1243 2405/1194/1242
f 1780/670/669 2105/912/931 2106/671/670
f 3092/1498/1693 3090/218/160 3093/251/204
f 3840/799/813 3837/995/1023 3841/800/814
f 1499/185/1694 1502/513/496 1501/471/443
f 3692/660/820 3694/806/1695 3691/661/1696
f 1718/1293/1376 1722/1443/1605 1721/1260/1328
f 3425/119/1049 3423/355/315 3426/118/1666
f 2098/495/1560 2094/1407/1561 2103/564/565
f 3247/1499/1697 3245/1176/1227 3248/1431/1589
f 3519/1120/1153 3523/1500/1698 3522/1139/1175
f 2275/639/640 2278/638/639 2277/1501/1699
f 2541/69/48 2545/1502/1700 2544/1192/1240
f 3473/1493/1687 3474/655/657 3478/412/376
f 1624/1339/963 1622/377/335 1625/84/61
f 2321/1070/1112 2323/1039/1075 2320/1503/1701
f 2402/1364/1510 2393/1031/1063 2389/1030/1062
f 2814/1215/1265 2817/1278/1359 2813/1504/1702
f 1450/198/176 1523/181/1703 1451/625/1704
f 2520/275/224 2521/276/225 2524/1505/1705
f 3539/1395/1706 3544/143/1707 3547/758/344
f 2339/70/49 2341/1506/1708 2338/1507/1709
f 2939/387/831 2948/883/650 2938/1508/832
f 3206/1421/1578 3208/1509/1710 3205/224/182
f 2169/352/312 2173/331/282 2172/1442/1604
f 3558/178/140 3557/341/648 3550/343/1711
f 1679/633/634 1683/256/42 1678/1510/43
f 2544/1192/1240 2546/1190/1238 2543/1199/1249
f 1822/500/479 1818/1511/925 1819/498/879
f 3573/500/479 3575/385/343 3572/1026/162
f 1447/674/674 1281/560/1712 1280/198/229
f 3573/500/479 3577/877/738 3576/383/341
f 2628/1512/1158 2674/328/279 2629/560/1713
f 2603/1513/1714 2599/746/751 2600/1489/1683
f 3209/1388/1539 3211/1436/1594 3208/1509/1710
f 3409/460/1715 3413/322/1284 3412/536/522
f 3289/1514/1716 3287/708/718 3290/710/720
f 2195/423/388 2197/850/867 2194/424/389
f 2289/1048/1104 2290/1515/1717 2295/1516/1718
f 3576/383/341 3580/730/587 3579/876/897
f 2772/869/1392 2776/79/1295 2775/1173/1294
f 3570/498/477 3565/686/688 3560/685/687
f 1875/421/808 1870/1517/1719 1866/804/753
f 3281/933/955 3279/1454/1621 3282/1518/1720
f 2985/1519/819 2980/583/586 2981/585/588
f 3778/736/1721 3777/1520/1395 3774/1521/1081
f 2320/1503/1701 2318/450/417 2321/1070/1112
f 1572/31/896 1570/117/92 1573/119/94
f 2031/836/1722 2036/326/277 2026/1520/1395
f 3599/1447/1518 3594/864/883 3589/866/1723
f 3608/628/800 3607/895/1517 3599/1447/1518
f 3608/628/800 3616/629/646 3615/630/645
f 2820/1276/1357 2818/1522/1724 2821/1523/1725
f 2193/849/866 2191/422/387 2194/424/389
f 3245/1176/1227 3249/1524/1726 3248/1431/1589
f 3325/1525/1727 3328/511/494 3327/512/495
f 2024/734/586 2029/894/1728 2028/735/743
f 1354/120/95 1353/540/529 1350/1526/1729
f 3360/981/1055 3359/1527/1730 3353/1528/1731
f 1966/828/846 1968/320/270 1965/829/847
f 3724/1236/1296 3729/1237/1732 3733/1238/1341
f 3513/1270/1349 3509/1306/1390 3510/36/25
f 3024/796/386 3033/1529/384 3032/1530/385
f 3738/1531/1733 3742/1206/1256 3737/1532/1734
f 3045/1533/1735 3040/1534/179 3035/794/180
f 2231/1535/1736 2236/1335/1445 2235/1536/1737
f 3648/1537/1738 3653/1064/1550 3652/1063/1058
f 3031/1538/1529 3032/1530/385 3038/1539/1739
f 3342/1311/1407 3340/1540/1740 3343/1541/1741
f 3656/922/320 3655/923/1742 3651/763/772
f 3071/1542/946 3065/1543/947 3056/1544/948
f 3076/1545/803 3080/1028/232 3079/1546/1050
f 2262/1018/804 2253/1036/1071 2254/1547/1535
f 2256/667/666 2257/1548/1743 2263/1016/805
f 1402/105/80 1406/1549/1744 1405/627/630
f 2269/100/75 2273/879/899 2272/1227/1281
f 3695/733/1745 3693/732/1746 3696/1469/1747
f 2495/1168/1216 2499/1170/1218 2498/1550/1748
f 3499/1551/1749 3502/1552/1750 3501/1/1
f 1330/357/319 1334/265/215 1333/266/216
f 2264/1020/1050 2265/1017/232 2267/101/76
f 1766/317/267 1759/205/163 1760/367/329
f 1453/182/1664 1457/538/1751 1456/12/284
f 3686/689/75 3690/797/810 3689/798/821
f 3695/733/1745 3697/1123/1156 3694/806/1695
f 3698/807/1157 3696/1469/1747 3699/1470/1639
f 1947/807/823 1950/814/830 1949/1122/1155
f 2082/749/1752 2080/750/756 2083/751/757
f 3708/1553/1753 3711/823/840 3707/819/836
s 0
f 527/1135/4 526/1134/4 505/1133/4
s 1
f 1953/818/835 1954/813/829 1957/1553/1753
f 2496/1167/1215 2494/1554/1754 2497/1169/1217
f 3398/489/1608 3400/721/734 3397/678/1387
f 1483/704/995 1481/657/659 1484/188/1059
f 1963/822/1755 1959/380/338 1960/823/840
f 3715/319/269 3713/827/845 3716/829/847
f 3713/827/845 3717/828/846 3716/829/847
f 2620/1000/1028 2622/1555/1756 2619/1225/1279
f 2782/102/77 2780/1556/1757 2783/129/101
f 3718/321/271 3722/580/583 3721/289/238
f 3106/1557/1758 3109/1092/1127 3108/1094/1129
f 2928/1474/1642 2931/1558/1759 2934/388/1492
f 3834/751/757 3838/994/1022 3837/995/1023
f 1981/715/1760 1977/1005/1034 1985/716/1404
f 1788/1395/1761 1793/143/1762 1796/758/344
f 2997/1372/1518 2992/1373/883 2987/1559/1723
f 2937/1560/1763 2942/1344/1707 2945/386/344
f 3750/1205/1764 3742/1206/1256 3743/1204/1765
f 3191/1561/1766 3184/1562/1767 3178/510/493
f 3751/1313/1651 3750/1205/1764 3743/1204/1765
f 2955/881/648 2948/883/1768 2956/1563/140
f 3579/876/897 3575/385/343 3576/383/341
f 3527/690/689 3443/1480/1663 3442/1564/1769
f 1581/524/1770 1579/111/86 1582/448/875
f 1648/613/616 1652/1565/1771 1651/616/619
f 1288/285/234 1289/1566/1772 1295/567/570
f 3766/860/479 3768/1307/343 3765/1151/162
f 3766/860/479 3770/726/738 3769/725/341
f 1489/76/446 1491/536/1773 1488/460/1774
f 2999/1098/1133 3007/20/1775 3006/1370/800
f 3376/11/1776 3380/10/69 3379/58/1777
f 3771/1295/342 3775/734/586 3774/1521/1081
f 1337/1567/1778 1339/46/29 1336/48/31
f 3091/625/1662 3093/251/204 3090/218/160
f 3418/417/1779 3416/484/523 3419/187/316
f 2975/1353/738 2977/1411/897 2974/1354/341
f 3601/170/1133 3609/65/1775 3608/628/800
f 3780/894/910 3779/735/743 3775/734/586
f 3206/1421/1578 3210/1568/1780 3209/1388/1539
f 3690/797/810 3692/660/820 3689/798/821
f 1897/1537/1781 1902/1064/1107 1901/1063/1106
f 2987/1559/1782 2992/1373/883 2982/1569/884
f 3016/19/11 3015/1570/1783 3006/1370/800
f 3801/354/800 3809/154/1784 3808/153/118
f 3800/324/1520 3808/153/118 3818/155/120
f 3071/1542/946 3072/1571/1743 3078/1027/805
f 3513/1270/1349 3511/35/24 3514/1572/1785
f 3313/1460/1635 3308/874/1786 3305/591/594
f 2196/851/868 2200/979/1006 2199/978/1005
f 3829/913/933 3831/750/756 3828/713/724
f 3831/750/756 3835/916/1787 3834/751/757
f 2165/1573/1788 2168/1574/1789 2164/973/1000
f 2956/1563/140 2962/1575/141 2966/199/142
f 2083/751/757 2085/1404/1557 2082/749/1752
f 3769/725/341 3771/1295/342 3768/1307/343
f 2387/1401/1554 2385/1114/1148 2388/556/548
f 1611/425/390 1610/1576/1790 1603/1207/1257
f 1372/80/735 1379/802/818 1378/1453/1620
f 3792/785/802 3787/326/1552 3782/836/1791
f 2307/1577/1792 2310/1578/1793 2306/677/678
f 3856/912/931 3851/1579/1794 3852/494/486
f 3854/564/806 3855/565/566 3858/566/567
f 2968/1076/477 2963/1351/688 2958/1350/687
f 2976/1580/342 2980/583/586 2979/1581/1081
f 1753/61/41 1754/687/635 1759/205/163
f 3454/917/937 3452/1487/1681 3453/1491/1685
f 3504/2/2 3503/1328/1436 3500/3/3
f 3500/3/3 3497/1299/1382 3501/1/1
f 3497/1299/1382 3498/1298/1381 3501/1/1
s 0
f 324/1582/4 323/1117/4 299/1583/4
f 323/1117/4 300/1116/4 299/1583/4
f 299/1583/4 298/1584/4 325/1585/4
f 298/1584/4 297/203/4 326/1586/4
f 297/203/4 296/1587/4 327/1588/4
f 326/1586/4 297/203/4 327/1588/4
f 296/1587/4 295/1589/4 328/202/4
f 295/1589/4 294/1590/4 330/1591/4
f 329/1592/4 295/1589/4 330/1591/4
f 294/1590/4 293/1593/4 331/1594/4
f 293/1593/4 292/1595/4 332/196/4
f 331/1594/4 293/1593/4 332/196/4
f 292/1595/4 291/1596/4 305/364/4
f 291/1596/4 290/1597/4 306/1598/4
f 290/1597/4 289/1599/4 307/1600/4
f 289/1599/4 288/1601/4 308/1602/4
f 307/1600/4 289/1599/4 308/1602/4
f 288/1601/4 287/1603/4 308/1602/4
f 287/1603/4 286/1604/4 309/1605/4
f 286/1604/4 318/1606/4 310/1607/4
f 318/1606/4 317/1608/4 311/1609/4
f 310/1607/4 318/1606/4 311/1609/4
f 317/1608/4 316/1610/4 312/1611/4
f 316/1610/4 315/417/4 313/1612/4
f 312/1611/4 316/1610/4 313/1612/4
f 315/417/4 314/1613/4 313/1612/4
f 287/1603/4 309/1605/4 308/1602/4
f 291/1596/4 306/1598/4 305/364/4
f 306/1598/4 290/1597/4 307/1600/4
f 295/1589/4 329/1592/4 328/202/4
f 299/1583/4 325/1585/4 324/1582/4
f 326/1586/4 325/1585/4 298/1584/4
f 317/1608/4 312/1611/4 311/1609/4
f 286/1604/4 310/1607/4 309/1605/4
f 328/202/4 327/1588/4 296/1587/4
f 330/1591/4 294/1590/4 331/1594/4
f 319/5/4 332/196/4 305/364/4
f 332/196/4 292/1595/4 305/364/4
f 304/1304/4 303/6/4 319/5/4
f 303/6/4 302/1614/4 320/4/4
f 302/1614/4 301/1615/4 321/1616/4
f 301/1615/4 322/1115/4 321/1616/4
f 319/5/4 305/364/4 304/1304/4
f 302/1614/4 321/1616/4 320/4/4
f 10/1617/4 9/1618/4 8/350/4
f 8/350/4 7/766/4 10/1617/4
f 7/766/4 6/1619/4 5/1620/4
f 7/766/4 5/1620/4 4/1621/4
f 10/1617/4 7/766/4 4/1621/4
f 11/1622/4 10/1617/4 4/1621/4
f 12/1623/4 11/1622/4 3/1624/4
f 11/1622/4 4/1621/4 3/1624/4
f 13/1625/4 12/1623/4 2/1626/4
f 12/1623/4 3/1624/4 2/1626/4
f 14/1627/4 13/1625/4 1/1628/4
f 13/1625/4 2/1626/4 1/1628/4
f 15/1410/4 14/1627/4 58/607/4
f 14/1627/4 1/1628/4 58/607/4
f 16/1629/4 15/1410/4 26/608/4
f 15/1410/4 58/607/4 26/608/4
f 17/1630/4 16/1629/4 26/608/4
f 18/1631/4 17/1630/4 24/1211/4
f 19/364/4 18/1631/4 24/1211/4
f 17/1630/4 26/608/4 24/1211/4
f 44/703/4 43/1632/4 42/1633/4
f 42/1633/4 41/417/4 44/703/4
f 41/417/4 40/1634/4 39/1635/4
f 41/417/4 39/1635/4 38/1636/4
f 44/703/4 41/417/4 38/1636/4
f 45/1637/4 44/703/4 38/1636/4
f 46/1638/4 45/1637/4 37/1639/4
f 45/1637/4 38/1636/4 37/1639/4
f 47/1640/4 46/1638/4 36/1641/4
f 46/1638/4 37/1639/4 36/1641/4
f 48/1642/4 47/1640/4 35/1643/4
f 47/1640/4 36/1641/4 35/1643/4
f 35/1643/4 34/1168/4 49/1644/4
f 34/1168/4 33/1645/4 50/1646/4
f 49/1644/4 34/1168/4 50/1646/4
f 49/1644/4 48/1642/4 35/1643/4
f 33/1645/4 32/1647/4 51/1648/4
f 32/1647/4 31/1649/4 52/1650/4
f 31/1649/4 30/9/4 53/8/4
f 52/1650/4 31/1649/4 53/8/4
f 30/9/4 29/139/4 54/7/4
f 29/139/4 28/1651/4 55/140/4
f 28/1651/4 27/1652/4 56/1653/4
f 27/1652/4 26/608/4 57/606/4
f 56/1653/4 27/1652/4 57/606/4
f 26/608/4 25/1654/4 24/1211/4
f 24/1211/4 23/1655/4 21/1656/4
f 23/1655/4 22/1657/4 21/1656/4
f 29/139/4 55/140/4 54/7/4
f 24/1211/4 21/1656/4 20/1658/4
f 24/1211/4 20/1658/4 19/364/4
f 50/1646/4 33/1645/4 51/1648/4
f 26/608/4 58/607/4 57/606/4
f 51/1648/4 32/1647/4 52/1650/4
f 28/1651/4 56/1653/4 55/140/4
s 1
f 1531/10/5 1530/58/38 1527/11/6
s 0
f 166/1659/4 165/1660/4 84/1661/4
f 84/1661/4 83/1662/4 166/1659/4
f 83/1662/4 82/1663/4 167/1664/4
f 82/1663/4 81/1665/4 168/1666/4
f 81/1665/4 80/1667/4 169/1668/4
f 168/1666/4 81/1665/4 169/1668/4
f 83/1662/4 167/1664/4 166/1659/4
f 168/1666/4 167/1664/4 82/1663/4
f 170/1669/4 169/1668/4 80/1667/4
f 170/1669/4 80/1667/4 105/1670/4
f 80/1667/4 79/1671/4 105/1670/4
f 79/1671/4 78/1672/4 106/1673/4
f 105/1670/4 79/1671/4 106/1673/4
f 78/1672/4 77/1674/4 107/1675/4
f 77/1674/4 76/1676/4 109/1677/4
f 70/1678/4 69/1679/4 150/1680/4
f 69/1679/4 68/147/4 151/148/4
f 68/147/4 67/1681/4 152/149/4
f 67/1681/4 66/1682/4 153/1683/4
f 152/149/4 67/1681/4 153/1683/4
f 66/1682/4 65/1684/4 154/1685/4
f 65/1684/4 64/1686/4 155/1687/4
f 154/1685/4 65/1684/4 155/1687/4
f 64/1686/4 63/1688/4 156/1689/4
f 63/1688/4 62/1690/4 133/1691/4
f 156/1689/4 63/1688/4 133/1691/4
f 62/1690/4 61/1692/4 134/1693/4
f 61/1692/4 60/1694/4 134/1693/4
f 60/1694/4 59/707/4 131/1695/4
f 59/707/4 132/1696/4 131/1695/4
f 131/1695/4 130/1697/4 60/1694/4
f 130/1697/4 129/1698/4 136/1699/4
f 129/1698/4 128/1700/4 137/1701/4
f 136/1699/4 129/1698/4 137/1701/4
f 128/1700/4 138/1702/4 137/1701/4
f 130/1697/4 136/1699/4 135/1703/4
f 60/1694/4 130/1697/4 135/1703/4
f 69/1679/4 151/148/4 150/1680/4
f 151/148/4 68/147/4 152/149/4
f 60/1694/4 135/1703/4 134/1693/4
f 91/1704/4 160/1705/4 159/1706/4
f 93/1707/4 92/172/4 158/1708/4
f 92/172/4 91/1704/4 159/1706/4
f 95/1709/4 94/1710/4 179/1711/4
f 94/1710/4 93/1707/4 181/1712/4
f 97/1713/4 96/1714/4 177/1715/4
f 96/1714/4 95/1709/4 178/1716/4
f 99/1717/4 98/1718/4 176/1719/4
f 98/1718/4 97/1713/4 176/1719/4
f 101/1720/4 100/1721/4 174/1722/4
f 100/1721/4 99/1717/4 175/1723/4
f 103/1724/4 102/1725/4 173/1726/4
f 102/1725/4 101/1720/4 174/1722/4
f 173/1726/4 102/1725/4 174/1722/4
f 105/1670/4 104/1727/4 171/1728/4
f 104/1727/4 103/1724/4 172/1729/4
f 171/1728/4 104/1727/4 172/1729/4
f 107/1675/4 106/1673/4 78/1672/4
f 107/1675/4 77/1674/4 108/1730/4
f 109/1677/4 108/1730/4 77/1674/4
f 111/1731/4 110/1732/4 76/1676/4
f 110/1732/4 109/1677/4 76/1676/4
f 113/1733/4 112/13/4 74/15/4
f 112/13/4 111/1731/4 75/14/4
f 75/14/4 111/1731/4 76/1676/4
f 115/1734/4 114/1735/4 73/1736/4
f 114/1735/4 113/1733/4 74/15/4
f 73/1736/4 114/1735/4 74/15/4
f 148/1737/4 117/1738/4 116/1739/4
f 116/1739/4 115/1734/4 71/1740/4
f 71/1740/4 115/1734/4 72/1741/4
f 100/1721/4 175/1723/4 174/1722/4
f 96/1714/4 178/1716/4 177/1715/4
f 94/1710/4 181/1712/4 180/1742/4
f 92/172/4 159/1706/4 158/1708/4
f 149/1743/4 148/1737/4 116/1739/4
f 93/1707/4 158/1708/4 157/1744/4
f 93/1707/4 157/1744/4 181/1712/4
f 149/1743/4 116/1739/4 70/1678/4
f 70/1678/4 116/1739/4 71/1740/4
f 94/1710/4 180/1742/4 179/1711/4
f 62/1690/4 134/1693/4 133/1691/4
f 95/1709/4 179/1711/4 178/1716/4
f 156/1689/4 155/1687/4 64/1686/4
f 97/1713/4 177/1715/4 176/1719/4
f 66/1682/4 154/1685/4 153/1683/4
f 99/1717/4 176/1719/4 175/1723/4
f 173/1726/4 172/1729/4 103/1724/4
f 70/1678/4 150/1680/4 149/1743/4
f 105/1670/4 171/1728/4 170/1669/4
f 72/1741/4 115/1734/4 73/1736/4
s 1
f 2672/16/8 2668/1462/1629 2669/17/9
f 3007/20/12 3008/1745/1795 3021/1746/1796
f 3021/1746/1796 3025/21/13 3007/20/12
f 3025/21/13 3024/796/386 3015/1570/1783
f 3024/796/4 3022/1747/4 3019/1748/4
f 3019/1748/1797 3020/1749/1797 3015/1570/1797
f 3016/19/1798 3011/1750/1799 3012/1751/1800
f 3024/796/386 3019/1748/1801 3015/1570/1783
f 3016/19/1798 3012/1751/1800 3007/20/1802
f 3025/21/13 3015/1570/1783 3016/19/11
s 0
f 86/1752/4 85/1753/4 164/1754/4
f 85/1753/4 84/1661/4 165/1660/4
f 86/1752/4 164/1754/4 163/1755/4
f 165/1660/4 164/1754/4 85/1753/4
f 87/1756/4 86/1752/4 163/1755/4
f 89/24/4 88/1757/4 162/22/4
f 88/1757/4 87/1756/4 162/22/4
f 91/1704/4 90/1758/4 160/1705/4
f 90/1758/4 89/24/4 161/23/4
f 161/23/4 160/1705/4 90/1758/4
f 163/1755/4 162/22/4 87/1756/4
s 1
f 1358/25/14 1359/1272/1351 1362/26/15
f 2348/28/17 2351/1089/1124 2350/29/18
f 3424/31/20 3425/119/1049 3428/32/21
f 3507/34/23 3508/1759/1803 3511/35/24
s 0
f 193/37/4 192/1760/4 191/1761/4
f 191/1761/4 190/1762/4 193/37/4
f 190/1762/4 189/1484/4 193/37/4
f 189/1484/4 188/1763/4 193/37/4
f 188/1763/4 187/184/4 193/37/4
f 187/184/4 186/1764/4 185/1083/4
f 185/1083/4 184/1765/4 183/250/4
f 183/250/4 182/707/4 185/1083/4
f 182/707/4 205/38/4 187/184/4
f 185/1083/4 182/707/4 187/184/4
f 205/38/4 204/1766/4 203/1767/4
f 203/1767/4 202/1768/4 201/1769/4
f 201/1769/4 200/1770/4 205/38/4
f 200/1770/4 199/39/4 205/38/4
f 199/39/4 198/1771/4 197/1772/4
f 197/1772/4 196/1773/4 195/1774/4
f 195/1774/4 194/1775/4 197/1772/4
f 194/1775/4 193/37/4 199/39/4
f 197/1772/4 194/1775/4 199/39/4
f 193/37/4 187/184/4 205/38/4
f 205/38/4 203/1767/4 201/1769/4
f 125/42/4 124/1776/4 142/40/4
f 124/1776/4 123/1777/4 143/1778/4
f 142/40/4 124/1776/4 143/1778/4
f 123/1777/4 122/1779/4 144/1780/4
f 122/1779/4 121/1781/4 145/1782/4
f 144/1780/4 122/1779/4 145/1782/4
f 121/1781/4 120/1783/4 146/1784/4
f 120/1783/4 119/1785/4 146/1784/4
f 119/1785/4 118/374/4 147/1786/4
f 118/374/4 117/1738/4 148/1737/4
f 147/1786/4 118/374/4 148/1737/4
f 147/1786/4 146/1784/4 119/1785/4
f 127/1787/4 126/1788/4 140/1789/4
f 126/1788/4 125/42/4 141/41/4
f 127/1787/4 140/1789/4 139/1790/4
f 138/1702/4 128/1700/4 127/1787/4
f 139/1790/4 138/1702/4 127/1787/4
f 121/1781/4 146/1784/4 145/1782/4
f 140/1789/4 126/1788/4 141/41/4
f 144/1780/4 143/1778/4 123/1777/4
s 1
f 1537/43/26 1540/208/1670 1539/44/27
f 1339/46/29 1338/1791/1804 1335/47/30
f 1547/49/32 1546/432/1149 1543/50/33
f 2155/52/35 2158/960/979 2157/53/36
s 0
f 242/1792/4 241/1793/4 240/1794/4
f 240/1794/4 239/1795/4 242/1792/4
f 239/1795/4 238/1796/4 242/1792/4
f 238/1796/4 237/1797/4 243/1798/4
f 237/1797/4 236/1799/4 244/1800/4
f 236/1799/4 235/1801/4 245/1802/4
f 235/1801/4 234/1803/4 246/1804/4
f 245/1802/4 235/1801/4 246/1804/4
f 234/1803/4 233/1805/4 247/1806/4
f 233/1805/4 232/1807/4 249/125/4
f 248/1808/4 233/1805/4 249/125/4
f 232/1807/4 231/707/4 249/125/4
f 231/707/4 285/57/4 250/56/4
f 249/125/4 231/707/4 250/56/4
f 285/57/4 284/1809/4 251/55/4
f 284/1809/4 283/1810/4 252/1811/4
f 283/1810/4 282/1812/4 252/1811/4
f 282/1812/4 281/1813/4 253/1814/4
f 284/1809/4 252/1811/4 251/55/4
f 282/1812/4 253/1814/4 252/1811/4
f 233/1805/4 248/1808/4 247/1806/4
f 237/1797/4 244/1800/4 243/1798/4
f 244/1800/4 236/1799/4 245/1802/4
f 243/1798/4 242/1792/4 238/1796/4
f 269/1815/4 268/1816/4 267/1817/4
f 267/1817/4 266/1818/4 269/1815/4
f 266/1818/4 265/1819/4 269/1815/4
f 265/1819/4 264/1820/4 270/1821/4
f 264/1820/4 263/1822/4 272/1823/4
f 270/1821/4 264/1820/4 271/1824/4
f 263/1822/4 262/1825/4 274/1826/4
f 262/1825/4 261/1827/4 275/1828/4
f 275/1828/4 261/1827/4 276/1829/4
f 261/1827/4 260/1830/4 276/1829/4
f 260/1830/4 259/1831/4 277/1832/4
f 276/1829/4 260/1830/4 277/1832/4
f 259/1831/4 258/1833/4 278/1834/4
f 258/1833/4 257/1835/4 278/1834/4
f 257/1835/4 256/1836/4 279/1837/4
f 256/1836/4 255/1838/4 280/1839/4
f 255/1838/4 254/1840/4 281/1813/4
f 254/1840/4 253/1814/4 281/1813/4
f 256/1836/4 280/1839/4 279/1837/4
f 270/1821/4 269/1815/4 265/1819/4
f 271/1824/4 264/1820/4 272/1823/4
f 273/1841/4 272/1823/4 263/1822/4
f 274/1826/4 273/1841/4 263/1822/4
f 275/1828/4 274/1826/4 262/1825/4
f 247/1806/4 246/1804/4 234/1803/4
f 277/1832/4 259/1831/4 278/1834/4
f 279/1837/4 278/1834/4 257/1835/4
f 281/1813/4 280/1839/4 255/1838/4
s 1
f 1530/58/38 1531/10/5 1534/59/39
f 1753/61/41 1758/1842/636 1757/62/42
f 3598/64/44 3605/1843/1805 3609/65/12
f 3605/1843/1805 3610/1844/1795 3609/65/12
f 3609/65/4 3604/1845/4 3601/170/4
f 3609/65/12 3601/170/1133 3597/66/45
f 2538/67/46 2539/1846/1806 2542/68/47
f 2339/70/49 2340/1080/1120 2343/71/50
f 2424/74/53 2419/1847/1807 2422/1848/1808
f 2419/1847/1809 2420/1849/1809 2415/858/1809
f 2419/1847/1807 2415/858/878 2422/1848/1808
f 2428/73/52 2427/1850/1810 2424/74/53
f 2433/1851/1811 2432/1852/1811 2428/73/1811
f 2425/75/54 2434/1853/1812 2433/1851/1813
f 2417/1854/1814 2422/1848/1808 2416/241/197
f 2422/1848/1808 2425/75/54 2424/74/53
f 2416/241/197 2422/1848/1808 2415/858/878
f 2425/75/54 2433/1851/1813 2428/73/52
f 2896/76/55 2895/460/1459 2892/77/56
f 1375/79/1815 1371/722/736 1372/80/735
f 1626/82/59 1629/1855/1816 1628/83/60
f 3269/87/64 3266/1067/1110 3267/1856/1817
f 3270/85/62 3273/738/746 3272/86/63
f 3269/87/64 3267/1856/1817 3270/85/62
s 0
f 377/1857/4 415/1858/4 419/1859/4
f 415/1858/4 414/1860/4 407/1861/4
f 404/662/4 415/1858/4 405/1862/4
f 414/1860/4 413/1863/4 411/1864/4
f 413/1863/4 412/1865/4 411/1864/4
f 414/1860/4 411/1864/4 410/1866/4
f 414/1860/4 410/1866/4 409/1867/4
f 414/1860/4 409/1867/4 408/1868/4
f 414/1860/4 408/1868/4 407/1861/4
f 407/1861/4 406/1869/4 415/1858/4
f 406/1869/4 405/1862/4 415/1858/4
f 415/1858/4 404/662/4 419/1859/4
f 404/662/4 403/1870/4 420/1871/4
f 403/1870/4 402/1872/4 422/1873/4
f 403/1870/4 422/1873/4 421/1874/4
f 402/1872/4 401/1875/4 423/1876/4
f 422/1873/4 402/1872/4 423/1876/4
f 401/1875/4 400/89/4 424/1877/4
f 400/89/4 399/1878/4 426/90/4
f 424/1877/4 400/89/4 425/88/4
f 399/1878/4 398/1879/4 426/90/4
f 398/1879/4 397/1880/4 427/1881/4
f 397/1880/4 396/1882/4 428/1883/4
f 396/1882/4 395/1884/4 429/1885/4
f 428/1883/4 396/1882/4 429/1885/4
f 395/1884/4 394/1886/4 429/1885/4
f 394/1886/4 393/743/4 430/744/4
f 393/743/4 392/1887/4 431/745/4
f 392/1887/4 391/1888/4 432/1889/4
f 431/745/4 392/1887/4 432/1889/4
f 391/1888/4 390/1890/4 433/1891/4
f 390/1890/4 434/1266/4 433/1891/4
f 394/1886/4 430/744/4 429/1885/4
f 398/1879/4 427/1881/4 426/90/4
f 384/1892/4 383/1893/4 382/1894/4
f 388/1895/4 387/1896/4 416/1897/4
f 387/1896/4 386/1898/4 417/1899/4
f 416/1897/4 387/1896/4 417/1899/4
f 435/196/4 389/1267/4 388/1895/4
f 416/1897/4 435/196/4 388/1895/4
f 385/1900/4 384/1892/4 382/1894/4
f 385/1900/4 382/1894/4 381/1901/4
f 418/1902/4 417/1899/4 386/1898/4
f 385/1900/4 381/1901/4 380/1903/4
f 385/1900/4 380/1903/4 379/1904/4
f 386/1898/4 385/1900/4 378/1905/4
f 385/1900/4 379/1904/4 378/1905/4
f 418/1902/4 386/1898/4 377/1857/4
f 386/1898/4 378/1905/4 377/1857/4
f 419/1859/4 418/1902/4 377/1857/4
f 391/1888/4 433/1891/4 432/1889/4
f 420/1871/4 419/1859/4 404/662/4
f 393/743/4 431/745/4 430/744/4
f 421/1874/4 420/1871/4 403/1870/4
f 397/1880/4 428/1883/4 427/1881/4
f 423/1876/4 401/1875/4 424/1877/4
s 1
f 2787/91/65 2784/778/790 2785/92/66
f 3384/94/68 3383/59/940 3380/10/69
f 1435/98/73 1432/910/928 1433/96/71
f 1432/910/928 1429/545/535 1430/1037/1073
f 1433/96/71 1432/910/928 1430/1037/1073
s 0
f 445/1617/4 444/1618/4 443/350/4
f 443/350/4 442/766/4 445/1617/4
f 442/766/4 441/1619/4 440/1620/4
f 442/766/4 440/1620/4 439/1621/4
f 445/1617/4 442/766/4 439/1621/4
f 446/1622/4 445/1617/4 439/1621/4
f 447/1623/4 446/1622/4 438/1624/4
f 446/1622/4 439/1621/4 438/1624/4
f 448/1625/4 447/1623/4 437/1626/4
f 447/1623/4 438/1624/4 437/1626/4
f 449/1627/4 448/1625/4 436/1628/4
f 448/1625/4 437/1626/4 436/1628/4
f 450/1410/4 449/1627/4 493/607/4
f 449/1627/4 436/1628/4 493/607/4
f 451/1629/4 450/1410/4 461/608/4
f 450/1410/4 493/607/4 461/608/4
f 452/1630/4 451/1629/4 461/608/4
f 453/1631/4 452/1630/4 459/1211/4
f 454/364/4 453/1631/4 459/1211/4
f 452/1630/4 461/608/4 459/1211/4
f 479/703/4 478/1632/4 477/1633/4
f 477/1633/4 476/417/4 479/703/4
f 476/417/4 475/1634/4 474/1635/4
f 476/417/4 474/1635/4 473/1636/4
f 479/703/4 476/417/4 473/1636/4
f 480/1637/4 479/703/4 473/1636/4
f 481/1638/4 480/1637/4 472/1639/4
f 480/1637/4 473/1636/4 472/1639/4
f 482/1640/4 481/1638/4 471/1641/4
f 481/1638/4 472/1639/4 471/1641/4
f 483/1642/4 482/1640/4 470/1643/4
f 482/1640/4 471/1641/4 470/1643/4
f 470/1643/4 469/1168/4 484/1644/4
f 469/1168/4 468/1645/4 485/1646/4
f 484/1644/4 469/1168/4 485/1646/4
f 484/1644/4 483/1642/4 470/1643/4
f 468/1645/4 467/1647/4 486/1648/4
f 467/1647/4 466/1649/4 487/1650/4
f 466/1649/4 465/9/4 488/8/4
f 487/1650/4 466/1649/4 488/8/4
f 465/9/4 464/139/4 489/7/4
f 464/139/4 463/1651/4 490/140/4
f 463/1651/4 462/1652/4 491/1653/4
f 462/1652/4 461/608/4 492/606/4
f 491/1653/4 462/1652/4 492/606/4
f 461/608/4 460/1654/4 459/1211/4
f 459/1211/4 458/1655/4 456/1656/4
f 458/1655/4 457/1657/4 456/1656/4
f 464/139/4 490/140/4 489/7/4
f 459/1211/4 456/1656/4 455/1658/4
f 459/1211/4 455/1658/4 454/364/4
f 485/1646/4 468/1645/4 486/1648/4
f 461/608/4 493/607/4 492/606/4
f 486/1648/4 467/1647/4 487/1650/4
f 463/1651/4 491/1653/4 490/140/4
s 1
f 2267/101/76 2265/1017/232 2266/1906/233
f 2266/1906/233 2270/99/74 2267/101/76
f 2782/102/77 2781/777/789 2778/103/78
f 1402/105/80 1399/168/382 1400/106/81
f 2576/108/83 2579/1288/1371 2578/109/84
f 1579/111/86 1576/32/895 1577/112/87
f 1300/116/91 1303/817/834 1299/1907/1818
f 1303/817/834 1302/816/833 1299/1907/1818
f 1299/1907/1818 1296/114/89 1300/116/91
f 1570/117/92 1571/355/561 1574/118/93
f 1348/1308/1400 1349/1908/1819 1351/121/96
f 1349/1908/1819 1352/122/97 1351/121/96
f 1352/122/97 1355/1909/1820 1354/120/95
s 0
f 611/1833/4 610/1910/4 614/1911/4
f 610/1910/4 609/1912/4 615/1913/4
f 609/1912/4 608/1914/4 617/1915/4
f 608/1914/4 607/1916/4 618/1917/4
f 607/1916/4 606/1918/4 619/1919/4
f 606/1918/4 605/55/4 620/1818/4
f 619/1919/4 606/1918/4 620/1818/4
f 605/55/4 604/56/4 621/1816/4
f 604/56/4 603/125/4 622/124/4
f 621/1816/4 604/56/4 622/124/4
f 603/125/4 602/1808/4 623/123/4
f 602/1808/4 601/1806/4 624/1920/4
f 601/1806/4 600/1804/4 624/1920/4
f 600/1804/4 599/1921/4 625/1922/4
f 602/1808/4 624/1920/4 623/123/4
f 600/1804/4 625/1922/4 624/1920/4
f 613/1830/4 612/1831/4 614/1911/4
f 612/1831/4 611/1833/4 614/1911/4
f 588/1923/4 587/1807/4 586/707/4
f 586/707/4 638/196/4 588/1923/4
f 638/196/4 637/1924/4 588/1923/4
f 637/1924/4 636/1925/4 589/1926/4
f 636/1925/4 635/1927/4 589/1926/4
f 635/1927/4 634/1928/4 590/1929/4
f 634/1928/4 633/1930/4 591/1931/4
f 590/1929/4 634/1928/4 591/1931/4
f 633/1930/4 632/1932/4 592/1933/4
f 632/1932/4 631/1837/4 593/1934/4
f 593/1934/4 631/1837/4 594/1794/4
f 631/1837/4 630/1834/4 595/1793/4
f 630/1834/4 629/1832/4 596/1935/4
f 631/1837/4 595/1793/4 594/1794/4
f 629/1832/4 628/1829/4 597/1936/4
f 628/1829/4 627/1937/4 598/1798/4
f 627/1937/4 626/1938/4 599/1921/4
f 626/1938/4 625/1922/4 599/1921/4
f 628/1829/4 598/1798/4 597/1936/4
f 589/1926/4 588/1923/4 637/1924/4
f 615/1913/4 614/1911/4 610/1910/4
f 590/1929/4 589/1926/4 635/1927/4
f 616/1939/4 615/1913/4 609/1912/4
f 617/1915/4 616/1939/4 609/1912/4
f 592/1933/4 591/1931/4 633/1930/4
f 618/1917/4 617/1915/4 608/1914/4
f 593/1934/4 592/1933/4 632/1932/4
f 619/1919/4 618/1917/4 607/1916/4
f 595/1793/4 630/1834/4 596/1935/4
f 597/1936/4 596/1935/4 629/1832/4
f 599/1921/4 598/1798/4 627/1937/4
f 620/1818/4 605/55/4 621/1816/4
s 1
f 2365/126/98 2362/1097/1132 2363/127/99
f 2783/129/101 2786/1940/1821 2785/92/66
f 2311/132/104 2308/1941/1822 2312/130/102
f 2308/1941/1822 2309/1942/1823 2312/130/102
f 2312/130/102 2315/339/296 2314/131/103
f 2510/8/1568 2508/135/107 2511/134/106
f 2508/135/107 2504/1172/1220 2507/133/105
f 2504/1172/1220 2505/1171/1219 2507/133/105
f 1741/137/109 1742/1943/1824 1748/1944/1825
f 1746/136/1826 1747/1945/1826 1741/137/1826
f 1741/137/109 1748/1944/1825 1754/687/635
f 1741/137/109 1754/687/635 1753/61/41
f 2507/133/105 2505/1171/1219 2506/186/147
f 2506/186/147 2509/138/110 2507/133/105
f 2509/138/110 2512/235/1827 2511/134/106
s 0
f 659/1656/111 660/1657/111 661/1655/111
f 661/1655/111 662/1211/111 659/1656/111
f 662/1211/111 663/1654/111 664/608/111
f 658/1658/111 662/1211/111 657/364/111
f 664/608/111 665/1652/111 695/606/111
f 665/1652/111 666/1651/111 694/1653/111
f 662/1211/111 658/1658/111 659/1656/111
f 657/364/111 662/1211/111 656/1631/111
f 662/1211/111 664/608/111 655/1630/111
f 665/1652/111 694/1653/111 695/606/111
f 666/1651/111 667/139/111 693/140/111
f 694/1653/111 666/1651/111 693/140/111
f 667/139/111 668/9/111 692/7/111
f 668/9/111 669/1649/111 691/8/111
f 669/1649/111 670/1647/111 690/1650/111
f 670/1647/111 671/1645/111 689/1648/111
f 671/1645/111 672/1168/111 688/1646/111
f 672/1168/111 673/1643/111 687/1644/111
f 688/1646/111 672/1168/111 687/1644/111
f 670/1647/111 689/1648/111 690/1650/111
f 656/1631/111 662/1211/111 655/1630/111
f 677/1635/111 678/1634/111 679/417/111
f 679/417/111 680/1633/111 682/703/111
f 680/1633/111 681/1632/111 682/703/111
f 676/1636/111 677/1635/111 679/417/111
f 676/1636/111 679/417/111 682/703/111
f 676/1636/111 682/703/111 683/1637/111
f 675/1639/111 676/1636/111 683/1637/111
f 675/1639/111 683/1637/111 684/1638/111
f 674/1641/111 675/1639/111 684/1638/111
f 674/1641/111 684/1638/111 685/1640/111
f 673/1643/111 674/1641/111 685/1640/111
f 673/1643/111 685/1640/111 686/1642/111
f 654/1629/111 655/1630/111 664/608/111
f 673/1643/111 686/1642/111 687/1644/111
f 653/1410/111 654/1629/111 664/608/111
f 652/1627/111 653/1410/111 696/607/111
f 653/1410/111 664/608/111 696/607/111
f 671/1645/111 688/1646/111 689/1648/111
f 646/350/111 647/1618/111 648/1617/111
f 644/1619/111 645/766/111 643/1620/111
f 645/766/111 646/350/111 648/1617/111
f 643/1620/111 645/766/111 642/1621/111
f 648/1617/111 649/1622/111 642/1621/111
f 645/766/111 648/1617/111 642/1621/111
f 642/1621/111 649/1622/111 641/1624/111
f 649/1622/111 650/1623/111 641/1624/111
f 641/1624/111 650/1623/111 640/1626/111
f 650/1623/111 651/1625/111 640/1626/111
f 640/1626/111 651/1625/111 639/1628/111
f 651/1625/111 652/1627/111 639/1628/111
f 669/1649/111 690/1650/111 691/8/111
f 696/607/111 639/1628/111 652/1627/111
f 668/9/111 691/8/111 692/7/111
f 695/606/111 696/607/111 664/608/111
s 1
f 3544/143/1828 3545/1340/1487 3552/141/799
f 3545/1340/1487 3553/1946/1829 3552/141/799
f 3347/144/112 3348/467/439 3351/145/113
s 0
f 727/24/111 728/1947/111 800/1948/111
f 728/1947/111 729/174/111 799/1949/111
f 800/1948/111 728/1947/111 799/1949/111
f 729/174/111 798/173/111 799/1949/111
f 726/1757/111 727/24/111 802/22/111
f 724/1752/111 725/1756/111 803/1755/111
f 725/1756/111 726/1757/111 802/22/111
f 722/1661/111 723/1753/111 805/1660/111
f 723/1753/111 724/1752/111 804/1754/111
f 804/1754/111 724/1752/111 803/1755/111
f 720/1663/111 721/1662/111 807/1664/111
f 721/1662/111 722/1661/111 806/1659/111
f 807/1664/111 721/1662/111 806/1659/111
f 718/1667/111 719/1665/111 809/1668/111
f 719/1665/111 720/1663/111 808/1666/111
f 719/1665/111 808/1666/111 809/1668/111
f 808/1666/111 720/1663/111 807/1664/111
f 725/1756/111 802/22/111 803/1755/111
f 727/24/111 800/1948/111 801/23/111
f 727/24/111 801/23/111 802/22/111
f 706/147/111 707/1679/111 790/148/111
f 707/1679/111 708/1678/111 789/1680/111
f 704/1682/111 705/1681/111 792/1683/111
f 705/1681/111 706/147/111 791/149/111
f 792/1683/111 705/1681/111 791/149/111
f 702/1686/111 703/1684/111 794/1687/111
f 703/1684/111 704/1682/111 793/1685/111
f 700/1690/111 701/1688/111 771/1691/111
f 701/1688/111 702/1686/111 795/1689/111
f 771/1691/111 701/1688/111 795/1689/111
f 698/1694/111 699/1692/111 772/1693/111
f 699/1692/111 700/1690/111 772/1693/111
f 770/1696/111 697/707/111 769/1695/111
f 697/707/111 698/1694/111 769/1695/111
f 768/1697/111 769/1695/111 698/1694/111
f 766/1950/111 767/1951/111 775/1701/111
f 767/1951/111 768/1697/111 774/1699/111
f 775/1701/111 767/1951/111 774/1699/111
f 764/1788/111 765/1787/111 778/1789/111
f 765/1787/111 766/1950/111 776/1702/111
f 762/1776/111 763/42/111 780/40/111
f 763/42/111 764/1788/111 779/41/111
f 760/1779/111 761/1777/111 782/1780/111
f 761/1777/111 762/1776/111 781/1778/111
f 758/1783/111 759/1781/111 784/1784/111
f 759/1781/111 760/1779/111 783/1782/111
f 756/374/111 757/1785/111 785/1786/111
f 757/1785/111 758/1783/111 784/1784/111
f 784/1784/111 785/1786/111 757/1785/111
f 783/1782/111 784/1784/111 759/1781/111
f 761/1777/111 781/1778/111 782/1780/111
f 763/42/111 779/41/111 780/40/111
f 765/1787/111 776/1702/111 777/1790/111
f 776/1702/111 766/1950/111 775/1701/111
f 703/1684/111 793/1685/111 794/1687/111
f 768/1697/111 698/1694/111 773/1703/111
f 700/1690/111 771/1691/111 772/1693/111
f 782/1780/111 783/1782/111 760/1779/111
f 723/1753/111 804/1754/111 805/1660/111
f 722/1661/111 805/1660/111 806/1659/111
f 718/1667/111 809/1668/111 810/1669/111
f 717/1671/111 718/1667/111 743/1670/111
f 718/1667/111 810/1669/111 743/1670/111
f 716/1672/111 717/1671/111 744/1673/111
f 715/1674/111 716/1672/111 745/1675/111
f 717/1671/111 743/1670/111 744/1673/111
f 714/1676/111 715/1674/111 747/1677/111
f 780/40/111 781/1778/111 762/1776/111
f 796/1744/111 797/1708/111 731/1707/111
f 797/1708/111 730/172/111 731/1707/111
f 731/1707/111 732/1710/111 821/1712/111
f 796/1744/111 731/1707/111 821/1712/111
f 732/1710/111 733/1709/111 819/1711/111
f 733/1709/111 734/1714/111 818/1716/111
f 734/1714/111 735/1713/111 817/1715/111
f 735/1713/111 736/1718/111 816/1719/111
f 817/1715/111 735/1713/111 816/1719/111
f 736/1718/111 737/1717/111 816/1719/111
f 737/1717/111 738/1721/111 815/1723/111
f 738/1721/111 739/1720/111 814/1722/111
f 739/1720/111 740/1725/111 814/1722/111
f 740/1725/111 741/1724/111 813/1726/111
f 741/1724/111 742/1727/111 812/1729/111
f 744/1673/111 745/1675/111 716/1672/111
f 741/1724/111 812/1729/111 813/1726/111
f 742/1727/111 743/1670/111 811/1728/111
f 812/1729/111 742/1727/111 811/1728/111
f 737/1717/111 815/1723/111 816/1719/111
f 733/1709/111 818/1716/111 819/1711/111
f 818/1716/111 734/1714/111 817/1715/111
f 738/1721/111 814/1722/111 815/1723/111
f 747/1677/111 715/1674/111 746/1730/111
f 745/1675/111 746/1730/111 715/1674/111
f 714/1676/111 747/1677/111 748/1732/111
f 714/1676/111 748/1732/111 749/1731/111
f 749/1731/111 750/13/111 713/14/111
f 713/14/111 750/13/111 712/15/111
f 750/13/111 751/1733/111 712/15/111
f 751/1733/111 752/1735/111 712/15/111
f 752/1735/111 753/1734/111 711/1736/111
f 753/1734/111 754/1739/111 709/1740/111
f 754/1739/111 755/376/111 786/375/111
f 754/1739/111 786/375/111 787/1952/111
f 753/1734/111 709/1740/111 710/1741/111
f 749/1731/111 713/14/111 714/1676/111
f 753/1734/111 710/1741/111 711/1736/111
f 754/1739/111 787/1952/111 708/1678/111
f 754/1739/111 708/1678/111 709/1740/111
f 787/1952/111 788/1743/111 708/1678/111
f 820/1742/111 821/1712/111 732/1710/111
f 819/1711/111 820/1742/111 732/1710/111
f 778/1789/111 779/41/111 764/1788/111
f 777/1790/111 778/1789/111 765/1787/111
f 813/1726/111 814/1722/111 740/1725/111
f 810/1669/111 811/1728/111 743/1670/111
f 773/1703/111 774/1699/111 768/1697/111
f 772/1693/111 773/1703/111 698/1694/111
f 711/1736/111 712/15/111 752/1735/111
f 794/1687/111 795/1689/111 702/1686/111
f 708/1678/111 788/1743/111 789/1680/111
f 792/1683/111 793/1685/111 704/1682/111
f 707/1679/111 789/1680/111 790/148/111
s 1
f 2727/151/116 2726/1393/1541 2723/152/117
f 2723/152/117 2720/844/864 2724/150/115
f 2720/844/864 2721/293/242 2724/150/115
f 2067/155/120 2061/1953/1830 2049/324/275
f 2061/1953/1830 2048/1954/1831 2049/324/275
f 2049/324/1832 2053/1955/1833 2057/153/1834
f 2053/1955/1833 2054/1956/1835 2057/153/1834
f 2063/464/111 2066/1957/111 2068/463/111
f 2058/154/1836 2062/1958/1836 2063/464/1836
f 2058/154/119 2063/464/1837 2068/463/691
f 2067/155/120 2049/324/275 2057/153/118
f 2058/154/119 2068/463/691 2067/155/120
f 2836/156/121 2834/1347/1496 2832/157/122
f 2832/157/122 2833/452/1838 2837/158/123
f 1670/159/1839 1675/1959/1839 1676/160/1839
f 1674/1960/1825 1669/1961/1840 1670/159/124
f 1680/634/635 1674/1960/1825 1670/159/124
f 1681/161/126 1680/634/635 1670/159/124
f 2287/162/1841 2283/1962/1841 2284/163/1841
f 2648/165/130 2645/1309/1842 2646/166/131
f 2800/167/1601 2801/528/513 2805/168/512
f 1841/1163/1843 1845/1963/1843 1846/66/1843
f 1836/805/1844 1840/1964/1844 1841/1163/1844
f 1849/171/136 1835/1068/743 1836/805/858
f 1849/171/136 1836/805/858 1841/1163/1845
f 1849/171/136 1841/1163/1845 1846/66/134
s 0
f 730/172/111 797/1708/111 798/173/111
s 1
f 1709/176/138 1708/1180/1643 1705/177/139
f 1705/177/139 1702/300/249 1706/175/137
f 1702/300/249 1703/302/251 1706/175/137
f 3567/1965/1192 3556/1966/1846 3557/341/648
f 3558/178/1847 3563/1967/1847 3564/179/1847
f 3567/1965/1192 3557/341/648 3558/178/140
f 3568/180/142 3567/1965/1192 3558/178/140
f 1589/181/143 1526/1140/1176 1525/182/144
s 0
f 825/1083/111 826/1764/111 827/184/111
f 827/184/111 828/1763/111 833/37/111
f 828/1763/111 829/1484/111 833/37/111
f 829/1484/111 830/1762/111 833/37/111
f 830/1762/111 831/1761/111 833/37/111
f 831/1761/111 832/1760/111 833/37/111
f 833/37/111 834/1775/111 839/39/111
f 834/1775/111 835/1774/111 837/1772/111
f 835/1774/111 836/1773/111 837/1772/111
f 837/1772/111 838/1771/111 839/39/111
f 839/39/111 840/1770/111 845/38/111
f 840/1770/111 841/1769/111 845/38/111
f 841/1769/111 842/1768/111 843/1767/111
f 843/1767/111 844/1766/111 845/38/111
f 845/38/111 822/707/111 827/184/111
f 822/707/111 823/250/111 825/1083/111
f 823/250/111 824/1765/111 825/1083/111
f 825/1083/111 827/184/111 822/707/111
f 834/1775/111 837/1772/111 839/39/111
f 833/37/111 839/39/111 845/38/111
f 841/1769/111 843/1767/111 845/38/111
s 1
f 2506/186/147 2505/1171/1219 2502/187/148
f 2502/187/148 2499/1170/1218 2503/185/146
f 2499/1170/1218 2500/1968/1848 2503/185/146
f 1558/76/149 1555/704/759 1556/188/150
f 2175/190/152 2176/967/991 2179/191/153
f 2133/193/155 2132/771/783 2125/194/156
s 0
f 893/1814/111 894/1840/111 921/1813/111
f 894/1840/111 895/1838/111 921/1813/111
f 921/1813/111 895/1838/111 920/1839/111
f 895/1838/111 896/1836/111 920/1839/111
f 896/1836/111 897/1835/111 919/1837/111
f 920/1839/111 896/1836/111 919/1837/111
f 897/1835/111 898/1833/111 918/1834/111
f 898/1833/111 899/1831/111 918/1834/111
f 899/1831/111 900/1830/111 917/1832/111
f 900/1830/111 901/1827/111 916/1829/111
f 901/1827/111 902/1825/111 915/1828/111
f 902/1825/111 903/1822/111 914/1826/111
f 901/1827/111 915/1828/111 916/1829/111
f 903/1822/111 904/1820/111 912/1823/111
f 904/1820/111 905/1819/111 910/1821/111
f 911/1824/111 904/1820/111 910/1821/111
f 905/1819/111 906/1818/111 909/1815/111
f 906/1818/111 907/1817/111 909/1815/111
f 907/1817/111 908/1816/111 909/1815/111
f 900/1830/111 916/1829/111 917/1832/111
f 905/1819/111 909/1815/111 910/1821/111
f 892/1811/111 893/1814/111 922/1812/111
f 904/1820/111 911/1824/111 912/1823/111
f 880/1794/111 881/1793/111 882/1792/111
f 878/1796/111 879/1795/111 882/1792/111
f 879/1795/111 880/1794/111 882/1792/111
f 876/1799/111 877/1797/111 884/1800/111
f 877/1797/111 878/1796/111 883/1798/111
f 884/1800/111 877/1797/111 883/1798/111
f 874/1803/111 875/1801/111 886/1804/111
f 875/1801/111 876/1799/111 885/1802/111
f 872/1807/111 873/1805/111 889/125/111
f 873/1805/111 874/1803/111 887/1806/111
f 888/1808/111 873/1805/111 887/1806/111
f 925/57/111 871/707/111 890/56/111
f 871/707/111 872/1807/111 889/125/111
f 923/1810/111 924/1809/111 892/1811/111
f 924/1809/111 925/57/111 891/55/111
f 892/1811/111 924/1809/111 891/55/111
f 921/1813/111 922/1812/111 893/1814/111
f 922/1812/111 923/1810/111 892/1811/111
f 871/707/111 889/125/111 890/56/111
f 873/1805/111 888/1808/111 889/125/111
f 875/1801/111 885/1802/111 886/1804/111
f 878/1796/111 882/1792/111 883/1798/111
f 903/1822/111 912/1823/111 913/1841/111
f 903/1822/111 913/1841/111 914/1826/111
f 876/1799/111 884/1800/111 885/1802/111
f 914/1826/111 915/1828/111 902/1825/111
f 899/1831/111 917/1832/111 918/1834/111
f 918/1834/111 919/1837/111 897/1835/111
f 874/1803/111 886/1804/111 887/1806/111
s 1
f 3089/196/158 3367/900/916 3368/197/159
f 2970/201/162 2965/1969/1192 2966/199/142
f 2966/199/142 2967/1970/925 2971/200/161
s 0
f 967/202/111 936/1971/111 937/203/111
s 1
f 1764/207/165 1757/62/42 1758/1842/636
f 1764/207/165 1758/1842/636 1759/205/163
f 1471/50/166 1470/431/1345 1467/44/167
s 0
f 1009/1972/111 1010/1973/111 975/1974/111
f 975/1974/111 976/1975/111 1009/1972/111
f 976/1975/111 977/1976/111 1008/1977/111
f 1009/1972/111 976/1975/111 1008/1977/111
f 977/1976/111 978/1978/111 1007/1979/111
f 978/1978/111 979/1980/111 1006/1981/111
f 979/1980/111 980/1982/111 1005/1983/111
f 980/1982/111 981/1984/111 1004/1985/111
f 1005/1983/111 980/1982/111 1004/1985/111
f 981/1984/111 982/1081/111 1003/1082/111
f 982/1081/111 983/209/111 1002/211/111
f 983/209/111 984/1986/111 1015/1987/111
f 984/1986/111 985/1988/111 986/1989/111
f 984/1986/111 986/1989/111 1015/1987/111
f 978/1978/111 1006/1981/111 1007/1979/111
f 1006/1981/111 979/1980/111 1005/1983/111
f 986/1989/111 987/1990/111 1015/1987/111
f 1007/1979/111 1008/1977/111 977/1976/111
f 998/1991/111 999/1992/111 1000/1993/111
f 1000/1993/111 972/1994/111 1014/1995/111
f 972/1994/111 1013/1996/111 1014/1995/111
f 997/1997/111 998/1991/111 1000/1993/111
f 997/1997/111 1000/1993/111 1014/1995/111
f 996/1998/111 997/1997/111 1014/1995/111
f 995/1999/111 996/1998/111 1014/1995/111
f 994/2000/111 995/1999/111 1014/1995/111
f 993/2001/111 994/2000/111 1014/1995/111
f 992/2002/111 993/2001/111 1014/1995/111
f 991/2003/111 992/2002/111 1015/1987/111
f 992/2002/111 1014/1995/111 1015/1987/111
f 990/2004/111 991/2003/111 1015/1987/111
f 989/2005/111 990/2004/111 1015/1987/111
f 988/2006/111 989/2005/111 1015/1987/111
f 987/1990/111 988/2006/111 1015/1987/111
f 983/209/111 1015/1987/111 1001/210/111
f 1003/1082/111 1004/1985/111 981/1984/111
f 982/1081/111 1002/211/111 1003/1082/111
s 1
f 3332/212/169 3329/2007/1849 3330/213/170
f 3296/215/172 3293/1342/1490 3294/216/173
f 1449/196/175 1521/529/514 1450/218/176
f 1521/529/514 1522/183/476 1450/218/176
f 1450/218/176 1453/182/1664 1452/219/177
f 3638/2008/1850 3649/2009/1851 3648/1537/1738
f 3649/2009/1851 3654/2010/1852 3648/1537/1738
f 3654/2010/1852 3653/1064/1550 3648/1537/1738
f 3647/220/1853 3643/2011/1853 3642/221/1853
f 3638/2008/1850 3648/1537/1738 3647/220/178
f 3637/222/180 3638/2008/1850 3647/220/178
f 3203/223/181 3206/1421/1578 3205/224/182
f 3233/226/184 3232/2012/1854 3229/227/185
f 2848/18/187 2851/1334/1443 2850/229/188
s 0
f 213/2013/4 212/774/4 215/1041/4
f 212/774/4 211/1436/4 210/225/4
f 212/774/4 210/225/4 209/2014/4
f 215/1041/4 214/956/4 213/2013/4
f 216/2015/4 215/1041/4 209/2014/4
f 216/2015/4 209/2014/4 208/2016/4
f 212/774/4 209/2014/4 215/1041/4
f 216/2015/4 208/2016/4 217/1042/4
f 208/2016/4 207/2017/4 217/1042/4
f 206/2018/4 230/2019/4 220/2020/4
f 230/2019/4 229/231/4 222/233/4
f 220/2020/4 230/2019/4 221/2021/4
f 217/1042/4 207/2017/4 218/2022/4
f 207/2017/4 206/2018/4 218/2022/4
f 229/231/4 228/212/4 226/2023/4
f 228/212/4 227/2024/4 226/2023/4
f 219/2025/4 218/2022/4 206/2018/4
f 220/2020/4 219/2025/4 206/2018/4
f 229/231/4 226/2023/4 225/2026/4
f 229/231/4 225/2026/4 224/2027/4
f 221/2021/4 230/2019/4 222/233/4
f 229/231/4 224/2027/4 223/232/4
s 1
f 3084/234/75 3085/1392/74 3088/235/190
f 2605/238/194 2602/587/590 2603/1513/1714
f 2603/1513/1714 2606/2028/1855 2605/238/194
f 2606/2028/1855 2609/236/192 2605/238/194
f 2403/240/196 2404/2029/1856 2411/2030/1857
f 2411/2030/1857 2417/1854/1814 2416/241/197
f 2403/240/196 2411/2030/1857 2416/241/197
f 2416/241/197 2410/857/877 2406/239/195
f 2842/243/4 2839/2031/4 2836/156/4
f 2836/156/121 2837/158/123 2840/2032/1858
f 2840/2032/1858 2843/242/198 2836/156/121
s 0
f 585/244/4 584/2033/4 552/615/4
f 584/2033/4 553/2034/4 552/615/4
f 552/615/4 551/855/4 585/244/4
f 551/855/4 550/245/4 585/244/4
f 550/245/4 549/268/4 564/246/4
s 1
f 3023/249/202 3017/2035/1830 3005/1371/1520
f 3017/2035/1830 3004/2036/1831 3005/1371/1520
f 3005/1371/1859 3009/2037/1860 3013/247/1861
f 3009/2037/1860 3010/2038/1862 3013/247/1861
f 3014/248/1863 3018/2039/1863 3019/1748/1863
f 3014/248/201 3019/1748/1864 3024/796/386
f 3023/249/202 3005/1371/1520 3013/247/200
f 3014/248/201 3024/796/386 3023/249/202
f 3095/250/203 3092/1498/1693 3093/251/204
f 2682/253/206 2683/286/419 2686/254/207
s 0
f 1183/2040/111 1184/2041/111 1208/2042/111
f 1184/2041/111 1185/2043/111 1207/2044/111
f 1185/2043/111 1186/2045/111 1206/2046/111
f 1186/2045/111 1187/2047/111 1206/2046/111
f 1187/2047/111 1205/1231/111 1206/2046/111
f 1206/2046/111 1207/2044/111 1185/2043/111
f 1184/2041/111 1207/2044/111 1208/2042/111
f 1181/1208/111 1182/2048/111 1211/1294/111
f 1182/2048/111 1183/2040/111 1209/652/111
f 1210/651/111 1182/2048/111 1209/652/111
f 1179/2049/111 1180/2050/111 1213/2051/111
f 1180/2050/111 1181/1208/111 1212/1259/111
f 1203/256/111 1178/707/111 1214/257/111
f 1178/707/111 1179/2049/111 1214/257/111
f 1201/520/111 1202/943/111 1216/1479/111
f 1202/943/111 1203/256/111 1215/258/111
f 1199/2052/111 1200/2053/111 1217/2054/111
f 1200/2053/111 1201/520/111 1216/1479/111
f 1217/2054/111 1200/2053/111 1216/1479/111
f 1197/2055/111 1198/2056/111 1219/2057/111
f 1198/2056/111 1199/2052/111 1218/2058/111
f 1195/2059/111 1196/1006/111 1221/62/111
f 1196/1006/111 1197/2055/111 1220/2060/111
f 1221/62/111 1196/1006/111 1220/2060/111
f 1193/614/111 1194/653/111 1223/2061/111
f 1194/653/111 1195/2059/111 1222/2062/111
f 1191/855/111 1192/615/111 1225/244/111
f 1192/615/111 1193/614/111 1224/2033/111
f 1189/268/111 1190/245/111 1204/246/111
f 1190/245/111 1191/855/111 1225/244/111
f 1225/244/111 1204/246/111 1190/245/111
f 1224/2033/111 1225/244/111 1192/615/111
f 1194/653/111 1222/2062/111 1223/2061/111
f 1198/2056/111 1218/2058/111 1219/2057/111
f 1218/2058/111 1199/2052/111 1217/2054/111
f 1202/943/111 1215/258/111 1216/1479/111
f 1223/2061/111 1224/2033/111 1193/614/111
f 1183/2040/111 1208/2042/111 1209/652/111
f 1221/62/111 1222/2062/111 1195/2059/111
f 1182/2048/111 1210/651/111 1211/1294/111
f 1180/2050/111 1212/1259/111 1213/2051/111
f 1181/1208/111 1211/1294/111 1212/1259/111
f 1219/2057/111 1220/2060/111 1197/2055/111
f 1179/2049/111 1213/2051/111 1214/257/111
s 1
f 3158/1359/1506 3157/2063/1865 3153/1363/1508
f 3157/2063/1865 3148/259/209 3153/1363/1508
f 3154/261/211 3153/1363/1508 3148/259/209
f 2492/1166/1214 2489/264/214 2493/263/213
f 2489/264/214 2486/364/326 2487/432/1211
f 2490/262/212 2489/264/214 2487/432/1211
f 1334/265/215 1337/1567/1778 1336/48/31
s 0
f 1204/246/111 1205/1231/111 1188/267/111
f 1205/1231/111 1187/2047/111 1188/267/111
s 1
f 3224/271/219 3221/961/983 3222/269/217
f 3221/961/983 3218/775/787 3222/269/217
f 3218/775/787 3219/2064/1866 3222/269/217
f 1575/33/220 1576/32/895 1579/111/86
f 2519/273/222 2516/485/462 2517/274/223
f 2517/274/223 2518/1181/1232 2521/276/225
f 2436/278/111 2440/2065/111 2443/279/111
f 2443/279/228 2442/2066/1867 2435/2067/1868
f 2435/2067/1868 2429/2068/1869 2443/279/228
f 2429/2068/1869 2430/277/226 2443/279/228
f 1280/218/229 1281/625/1712 1284/280/230
f 3683/284/233 3687/688/74 3684/282/76
f 3687/688/74 3686/689/75 3684/282/76
f 1288/285/1870 1292/2069/1870 1291/286/1870
f 3724/1236/1296 3721/289/238 3725/288/237
f 3721/289/238 3722/580/583 3726/290/239
f 2718/291/240 2719/336/920 2722/292/241
f 2754/294/243 2751/2070/1871 2752/2071/1872
f 2751/2070/1871 2748/1297/1380 2749/862/881
f 2752/2071/1872 2751/2070/1871 2749/862/881
f 2752/2071/1872 2755/295/244 2754/294/243
f 2755/295/244 2758/1262/1333 2757/296/245
f 3525/299/248 3522/1139/1175 3526/2072/1873
f 3522/1139/1175 3523/1500/1698 3526/2072/1873
f 3526/2072/1873 3529/297/246 3525/299/248
f 1702/300/249 1699/1231/1288 1700/301/250
f 2426/303/252 2427/1850/1810 2437/2073/1874
f 2437/2073/1874 2444/2074/1875 2426/303/252
f 2444/2074/1875 2443/279/1876 2426/303/252
f 2430/277/1877 2431/2075/1877 2426/303/1877
f 2443/279/1876 2436/278/227 2426/303/252
f 2588/304/253 2591/1223/1276 2590/305/254
f 3791/307/256 3798/2076/1805 3802/308/257
f 3798/2076/1805 3803/2077/1795 3802/308/257
f 3802/308/4 3797/2078/4 3794/1002/4
f 3802/308/257 3794/1002/1667 3790/309/258
f 1304/1229/1285 1303/817/834 1301/311/260
f 1303/817/834 1300/116/91 1301/311/260
f 1300/116/91 1297/115/90 1298/310/259
f 1312/59/263 1315/1056/1878 1311/60/1879
f 1315/1056/1878 1314/441/408 1311/60/1879
f 1311/60/1879 1308/312/261 1312/59/263
f 3235/316/266 3232/2012/1854 3236/990/1018
f 3232/2012/1854 3233/226/184 3236/990/1018
f 3236/990/1018 3239/314/264 3235/316/266
f 1771/595/598 1770/594/597 1765/206/164
f 1770/594/597 1764/207/165 1765/206/164
f 1771/595/598 1765/206/164 1769/318/268
f 1964/319/269 1965/829/847 1968/320/270
f 2897/189/272 2900/473/1880 2899/322/273
f 1543/50/33 1540/208/1670 1541/323/274
f 2041/785/111 2045/2079/111 2049/324/111
f 2049/324/275 2048/1954/1831 2044/2080/1881
f 2036/326/277 2041/785/855 2049/324/275
f 2049/324/275 2044/2080/1881 2035/325/276
f 2669/17/9 2664/443/1661 2670/329/280
f 2664/443/1661 2665/1253/1319 2670/329/280
f 2665/1253/1319 2667/96/1882 2670/329/280
f 2667/96/1882 2675/327/278 2670/329/280
f 2171/330/281 2174/966/990 2173/331/282
f 1456/12/284 1457/538/1751 1460/95/285
f 1318/333/287 1315/1056/1878 1316/334/288
f 1318/333/287 1319/335/289 1322/336/290
f 1393/337/294 1390/409/373 1391/2081/1883
f 1391/2081/1883 1394/1078/1884 1393/337/294
f 1394/1078/1884 1397/185/292 1393/337/294
f 2312/130/102 2309/1942/1823 2310/1578/1793
f 2310/1578/1793 2313/2082/1885 2312/130/102
f 2313/2082/1885 2316/338/295 2312/130/102
f 1358/25/14 1361/27/16 1360/340/297
f 1799/343/111 1803/2083/111 1806/341/111
f 1806/341/299 1805/1966/1846 1798/342/300
f 2724/150/115 2721/293/242 2722/292/241
f 2722/292/241 2725/344/302 2724/150/115
f 2725/344/302 2728/1281/1365 2727/151/116
f 1712/345/303 1709/176/138 1710/346/304
f 3242/348/306 3241/1188/1236 3238/315/265
f 2767/27/307 2764/2084/1886 2765/349/308
f 2540/350/310 2537/2085/1887 2538/67/46
f 2167/351/311 2170/332/283 2169/352/312
f 2050/354/314 2063/464/1888 2058/154/119
f 2049/324/1889 2050/354/314 2057/153/118
f 3423/355/315 3422/117/1671 3419/187/316
f 1332/356/318 1329/1394/1890 1330/357/319
f 3050/1025/1058 3055/2086/1891 3069/1385/1535
f 3055/2086/1891 3064/2087/1892 3069/1385/1535
f 3064/2087/1892 3074/1386/1893 3069/1385/1535
f 3074/1386/1894 3073/2088/1894 3069/1385/1894
f 3069/1385/1535 3068/1391/1172 3063/1390/1171
f 3062/2089/1895 3059/2090/1896 3054/358/1897
f 3069/1385/1535 3063/1390/1171 3050/1025/1058
f 3063/1390/1898 3062/2089/1895 3054/358/1897
f 3063/1390/1171 3054/358/320 3050/1025/1058
f 3049/360/322 3050/1025/1058 3054/358/320
f 1341/361/323 1338/1791/1804 1339/46/29
f 2484/363/325 2487/432/1211 2486/364/326
f 1761/366/328 1767/870/889 1766/317/267
f 1778/368/330 1777/573/576 1774/369/250
f 3336/371/332 3333/214/171 3334/372/333
s 0
f 756/374/111 785/1786/111 786/375/111
s 1
f 1615/491/155 1620/2091/1899 1614/1003/783
f 1620/2091/1899 1623/2092/1230 1614/1003/783
f 1618/378/1900 1619/2093/1900 1613/379/1900
f 1613/379/337 1614/1003/783 1623/2092/1230
f 1613/379/337 1623/2092/1230 1622/377/335
f 1959/380/338 1962/827/845 1961/381/339
f 1825/383/341 1828/876/897 1827/384/342
f 2931/1558/1759 2932/2094/1901 2945/386/344
f 2945/386/344 2949/1349/714 2948/883/1768
f 2948/883/4 2944/2095/4 2939/387/4
f 2939/387/1902 2940/2096/1902 2934/388/1902
f 2934/388/1903 2935/2097/1903 2931/1558/1903
f 2945/386/344 2948/883/1768 2939/387/345
f 2934/388/346 2931/1558/1759 2945/386/344
f 1361/27/16 1364/78/349 1363/77/347
f 1361/27/16 1362/26/15 1365/389/348
f 1310/390/350 1313/94/1904 1312/59/263
f 1313/94/1904 1316/334/288 1315/1056/1878
f 1312/59/263 1313/94/1904 1315/1056/1878
f 1816/1965/1192 1805/1966/1846 1806/341/299
f 1807/178/1905 1812/1967/1905 1813/179/1905
f 1816/1965/1192 1806/341/299 1807/178/351
f 1817/180/353 1816/1965/1192 1807/178/351
f 3283/391/354 3280/931/953 3281/933/955
f 3281/933/955 3284/392/355 3283/391/354
f 3284/392/355 3287/708/718 3286/393/356
f 2146/394/357 2147/945/966 2150/395/358
f 3083/398/360 3079/1546/1050 3082/397/76
f 3079/1546/1050 3080/1028/232 3082/397/76
f 2556/400/362 2557/462/434 2560/401/363
f 2560/401/363 2563/1289/1372 2562/1290/1373
f 2562/1290/1373 2559/399/361 2560/401/363
f 1382/402/364 1385/906/924 1384/403/365
f 1744/407/369 1751/2098/1906 1750/405/367
f 1751/2098/1906 1756/720/731 1755/632/633
f 1750/405/367 1751/2098/1906 1755/632/633
f 1750/405/1907 1749/2099/1907 1743/406/1907
f 3429/112/370 3432/113/817 3431/111/371
f 1388/408/372 1391/2081/1883 1390/409/373
f 3480/411/375 3477/2100/1908 3478/412/376
f 1733/414/378 1737/1273/1354 1736/415/379
f 1395/417/381 1396/187/293 1399/168/382
f 3633/1379/1529 3628/1004/1032 3634/420/385
f 3628/1004/1032 3625/645/202 3634/420/385
f 3634/420/385 3625/645/202 3626/421/386
f 3626/421/386 3631/2101/1909 3635/419/384
f 3631/2101/1910 3630/2102/1910 3635/419/1910
f 2191/422/387 2192/2103/1911 2195/423/388
f 1621/2048/964 1616/2104/1912 1610/1576/1790
f 1616/2104/1912 1609/1208/1258 1610/1576/1790
f 1610/1576/1790 1611/425/390 1621/2048/964
f 1611/425/1913 1617/2105/1913 1618/378/1913
f 1622/377/335 1621/2048/964 1611/425/390
f 1462/59/391 1463/94/464 1466/426/392
f 3240/427/394 3243/2106/1914 3242/348/306
f 2216/1185/1233 2211/2107/1915 2217/430/397
f 2211/2107/1915 2208/996/1024 2209/428/395
f 2217/430/397 2211/2107/1915 2209/428/395
f 2209/428/395 2214/762/1916 2218/429/396
f 2214/762/1917 2213/2108/1917 2218/429/1917
f 2877/431/398 2878/50/1474 2881/432/399
f 1411/434/402 1414/443/410 1413/1479/1918
f 1410/435/403 1407/2109/1919 1408/433/401
f 1407/2109/1919 1404/626/629 1405/627/630
f 1408/433/401 1407/2109/1919 1405/627/630
f 1411/434/402 1413/1479/1918 1410/435/403
f 1687/436/404 1693/683/685 1692/437/405
f 1415/1253/1920 1414/443/410 1411/434/402
f 1408/433/401 1405/627/630 1409/439/406
f 1405/627/630 1406/1549/1744 1409/439/406
f 1415/1253/1920 1411/434/402 1412/440/407
f 1411/434/402 1408/433/401 1412/440/407
f 1314/441/408 1315/1056/1878 1318/333/287
f 1414/443/410 1415/1253/1920 1418/444/411
f 1517/446/413 1520/497/475 1519/447/414
f 2317/449/416 2314/131/103 2315/339/296
f 2679/451/418 2680/281/424 2683/286/419
f 1424/452/420 1427/158/1072 1426/156/421
f 2681/280/423 2684/658/660 2683/286/419
f 1419/453/425 1420/988/1016 1423/157/422
f 1422/454/426 1423/157/422 1426/156/421
f 3140/457/1921 3139/2110/1921 3144/458/1921
f 3143/1203/1253 3149/260/210 3142/2111/1922
f 3149/260/210 3148/259/209 3142/2111/1922
f 3144/458/430 3143/1203/1253 3136/2112/1923
f 3143/1203/1253 3142/2111/1922 3136/2112/1923
f 3144/458/430 3136/2112/1923 3137/456/428
f 1554/459/431 1555/704/759 1558/76/149
f 2553/461/433 2554/2113/1924 2557/462/434
f 3811/748/1925 3806/2114/1926 3807/2115/1927
f 3802/308/257 3803/2077/1795 3816/2116/1928
f 3811/748/1925 3807/2115/1927 3802/308/1927
f 3814/464/1929 3815/2117/1929 3810/465/1929
f 3811/748/1200 3802/308/257 3820/665/664
f 3802/308/257 3816/2116/1928 3820/665/664
f 3810/465/437 3811/748/1200 3820/665/664
f 3820/665/664 3819/463/435 3810/465/437
f 3819/463/4 3817/1957/4 3814/464/4
f 3349/466/438 3352/2118/1930 3351/145/113
f 1443/468/440 1440/1314/1412 1444/469/441
f 1440/1314/1412 1441/482/459 1444/469/441
f 1444/469/441 1447/674/674 1446/470/442
f 1497/417/445 1494/537/1466 1495/484/485
f 1495/484/485 1498/187/1931 1497/417/445
f 1498/187/1931 1501/471/443 1497/417/445
f 1489/76/446 1490/189/1932 1493/473/447
f 1469/323/449 1472/51/1618 1471/50/166
f 3197/2119/1933 3186/2120/1934 3187/1052/1089
f 3188/474/1935 3193/2121/1935 3194/475/1935
f 3197/2119/1933 3187/1052/1089 3188/474/450
f 3198/476/452 3197/2119/1933 3188/474/450
f 3335/477/453 3336/371/332 3339/478/454
f 1464/45/456 1461/60/1646 1462/59/391
f 1441/482/459 1438/2122/1936 1439/480/457
f 1438/2122/1936 1435/98/73 1436/97/72
f 1439/480/457 1438/2122/1936 1436/97/72
f 2899/322/273 2900/473/1880 2903/483/460
f 2516/485/462 2622/1555/1756 2623/486/463
f 1463/94/464 1462/59/391 1459/10/286
f 2710/487/465 2709/2123/1937 2706/60/466
f 2706/60/466 2707/59/1352 2711/488/467
f 1477/489/468 1474/432/1346 1475/49/469
f 1615/491/155 1614/1003/783 1607/492/471
f 2101/494/1938 2097/2124/1938 2098/495/1938
f 1520/497/475 1523/181/1703 1522/183/476
f 3573/500/479 3569/1511/1939 3570/498/477
f 3570/498/477 3571/2125/1940 3574/499/478
f 3505/501/480 3508/1759/1803 3507/34/23
f 3129/502/1941 3125/2126/1941 3126/503/1941
f 1492/322/448 1493/473/447 1496/483/484
f 3852/494/1942 3848/2124/1942 3849/495/1942
f 1513/506/489 1510/1319/1419 1514/505/488
f 1510/1319/1419 1511/1318/1418 1514/505/488
f 1514/505/488 1517/446/413 1516/448/415
f 1504/507/490 1503/515/498 1500/472/444
f 3183/590/593 3177/2127/1943 3178/510/493
f 3177/2127/1943 3170/2128/1944 3171/1415/1570
f 3177/2127/1943 3171/1415/1570 3178/510/493
f 3178/510/493 3184/1562/1767 3183/590/593
f 3178/510/493 3171/1415/1570 3172/508/491
f 3328/511/494 3331/557/549 3330/213/170
f 1504/507/490 1501/471/443 1502/513/496
f 1503/515/498 1504/507/490 1507/516/499
f 1668/518/1945 1673/2129/1945 1672/519/1945
f 1672/519/502 1671/943/965 1665/520/503
f 1665/520/503 1662/2055/1946 1668/518/501
f 1662/2055/1946 1663/695/696 1666/558/550
f 1666/558/550 1669/1961/1840 1668/518/501
f 1662/2055/1946 1666/558/550 1668/518/501
f 3137/456/428 3136/2112/1923 3129/502/504
f 3136/2112/1923 3128/1301/1384 3129/502/504
f 3129/502/1947 3133/2130/1947 3134/521/1947
f 1383/522/506 1384/403/365 1387/410/374
f 1512/525/509 1509/1396/1545 1510/1319/1419
f 1510/1319/1419 1513/506/489 1512/525/509
f 1513/506/489 1516/448/415 1512/525/509
f 1515/524/508 1516/448/415 1519/447/414
f 2802/527/1948 2806/2131/1948 2805/168/1948
f 1518/526/510 1519/447/414 1522/183/476
f 3393/51/1300 3392/50/1339 3390/323/516
f 3392/50/1339 3389/208/517 3390/323/516
f 3389/208/517 3386/43/1655 3387/426/515
f 2561/530/518 2562/1290/1373 2565/531/519
f 2583/535/1949 2584/2132/1950 2587/306/255
f 2587/306/255 2586/1222/1275 2583/535/1949
f 2586/1222/1275 2577/1202/1252 2583/535/1949
f 2577/1202/1252 2578/109/84 2583/535/1949
f 2578/109/84 2581/533/1270 2583/535/1949
f 3412/536/522 3413/322/1284 3416/484/523
f 1531/10/5 1528/12/7 1529/538/525
f 1534/59/39 1531/10/5 1532/95/526
f 1353/540/529 1354/120/95 1356/539/528
f 1356/539/528 1358/25/14 1357/165/298
f 1534/59/39 1537/43/26 1536/45/28
f 2322/541/530 2321/1070/1112 2318/450/417
f 1307/543/532 1310/390/350 1309/313/262
f 1320/267/534 1317/442/409 1318/333/287
f 1429/545/535 1428/909/927 1425/455/427
f 2630/546/536 2626/2133/1348 2627/218/537
f 1559/189/151 1562/473/553 1561/322/539
f 2368/548/540 2369/1441/1602 2372/549/541
f 2691/553/545 2688/2134/1951 2692/1264/1337
f 2688/2134/1951 2689/621/624 2692/1264/1337
f 2692/1264/1337 2695/551/543 2691/553/545
f 1336/48/31 1335/47/30 1332/356/318
f 2403/240/4 2399/2135/4 2396/554/4
f 2396/554/1952 2395/2136/1952 2391/555/1952
f 2391/555/547 2390/2137/1953 2387/1401/1554
f 2388/556/548 2397/2138/1954 2396/554/546
f 2397/2138/1954 2404/2029/1856 2403/240/196
f 2396/554/546 2397/2138/1954 2403/240/196
f 2391/555/547 2387/1401/1554 2388/556/548
f 3334/372/333 3333/214/171 3330/213/170
f 1670/159/124 1669/1961/1840 1666/558/550
f 1666/558/550 1663/695/696 1664/559/551
f 1664/559/551 1667/2139/1955 1670/159/124
f 1667/2139/1955 1677/631/632 1676/160/125
f 1667/2139/1955 1676/160/125 1670/159/124
f 1564/484/552 1561/322/539 1562/473/553
f 1567/187/555 1564/484/552 1565/483/554
f 2857/198/557 2926/183/1575 2927/181/558
f 1534/59/39 1535/94/527 1538/426/560
f 1571/355/561 1570/117/92 1567/187/555
f 2336/561/562 2335/1450/1615 2332/562/563
f 2107/566/567 2106/671/670 2103/564/565
f 2106/671/670 2102/496/474 2103/564/565
f 1543/50/33 1546/432/1149 1545/364/568
f 1297/115/90 1294/2140/1956 1295/567/570
f 3330/213/170 3329/2007/1849 3326/568/571
f 3145/569/1957 3141/2141/1957 3140/457/1957
f 3152/2142/1958 3151/1162/1208 3146/1418/1574
f 3138/1137/1169 3147/2143/1959 3146/1418/1574
f 3147/2143/1959 3152/2142/1958 3146/1418/1574
f 3138/1137/1169 3146/1418/1574 3145/569/572
f 3137/456/428 3138/1137/1169 3145/569/572
f 3327/512/495 3326/568/571 3323/571/574
f 3323/571/574 3320/2144/1960 3321/2145/1961
f 3321/2145/1961 3324/570/573 3323/571/574
f 1594/929/951 1593/928/950 1778/368/330
f 1593/928/950 1592/572/575 1778/368/330
f 2110/878/898 2116/2146/1962 2109/576/1537
f 2116/2146/1962 2123/927/949 2109/576/1537
f 2123/927/949 2122/755/1963 2109/576/1537
f 2122/755/763 2114/574/577 2109/576/579
f 1592/572/575 1598/2147/1962 1591/579/843
f 1598/2147/1962 1605/954/949 1591/579/843
f 1605/954/949 1604/718/1964 1591/579/843
f 1604/718/729 1596/577/580 1591/579/582
f 1971/580/583 1968/320/270 1969/581/584
f 2980/583/586 2977/1411/897 2978/584/587
f 2608/237/193 2607/703/704 2605/238/194
f 2607/703/704 2604/2148/1965 2605/238/194
f 2604/2148/1965 2601/586/589 2605/238/194
f 3190/588/1966 3196/2149/1966 3195/589/1966
f 3195/589/592 3200/1428/1585 3199/1429/1587
f 3199/1429/1587 3189/2150/1967 3195/589/592
f 3189/2150/1967 3183/590/593 3195/589/592
f 3183/590/593 3184/1562/1767 3190/588/591
f 3184/1562/1767 3191/1561/1766 3190/588/591
f 3301/593/596 3298/1257/1325 3302/2151/1968
f 3298/1257/1325 3299/1256/1324 3302/2151/1968
f 3302/2151/1968 3305/591/594 3301/593/596
f 1774/369/250 1773/2033/1288 1770/594/597
f 1639/596/1969 1638/2152/1969 1634/597/1969
f 1630/599/602 1631/605/610 1635/598/601
f 1634/597/600 1633/2043/1970 1630/599/602
f 1631/605/610 1632/601/604 1635/598/601
f 1632/601/604 1637/2153/1971 1636/600/603
f 2701/602/605 2704/313/1624 2703/312/606
f 1641/268/609 1633/2043/1970 1634/597/600
f 1639/596/1972 1642/604/608 1634/597/600
f 1630/599/602 1627/2041/1973 1628/83/60
s 0
f 1097/1657/111 1098/1655/111 1096/1656/111
f 1098/1655/111 1099/1211/111 1096/1656/111
f 1099/1211/111 1100/1654/111 1101/608/111
f 1101/608/111 1102/1652/111 1132/606/111
f 1102/1652/111 1103/1651/111 1131/1653/111
f 1132/606/111 1102/1652/111 1131/1653/111
f 1103/1651/111 1104/139/111 1130/140/111
f 1104/139/111 1105/9/111 1129/7/111
f 1105/9/111 1106/1649/111 1128/8/111
f 1106/1649/111 1107/1647/111 1127/1650/111
f 1128/8/111 1106/1649/111 1127/1650/111
f 1107/1647/111 1108/1645/111 1126/1648/111
f 1108/1645/111 1109/1168/111 1125/1646/111
f 1108/1645/111 1125/1646/111 1126/1648/111
f 1109/1168/111 1110/1643/111 1124/1644/111
f 1104/139/111 1129/7/111 1130/140/111
f 1114/1635/111 1115/1634/111 1116/417/111
f 1116/417/111 1117/1633/111 1119/703/111
f 1117/1633/111 1118/1632/111 1119/703/111
f 1113/1636/111 1114/1635/111 1116/417/111
f 1113/1636/111 1116/417/111 1119/703/111
f 1113/1636/111 1119/703/111 1120/1637/111
f 1112/1639/111 1113/1636/111 1120/1637/111
f 1112/1639/111 1120/1637/111 1121/1638/111
f 1111/1641/111 1112/1639/111 1121/1638/111
f 1111/1641/111 1121/1638/111 1122/1640/111
f 1110/1643/111 1111/1641/111 1122/1640/111
f 1110/1643/111 1122/1640/111 1123/1642/111
f 1095/1658/111 1096/1656/111 1099/1211/111
f 1095/1658/111 1099/1211/111 1094/364/111
f 1099/1211/111 1101/608/111 1092/1630/111
f 1094/364/111 1099/1211/111 1093/1631/111
f 1093/1631/111 1099/1211/111 1092/1630/111
f 1109/1168/111 1124/1644/111 1125/1646/111
f 1110/1643/111 1123/1642/111 1124/1644/111
f 1091/1629/111 1092/1630/111 1101/608/111
f 1090/1410/111 1091/1629/111 1101/608/111
f 1107/1647/111 1126/1648/111 1127/1650/111
f 1089/1627/111 1090/1410/111 1133/607/111
f 1090/1410/111 1101/608/111 1133/607/111
f 1105/9/111 1128/8/111 1129/7/111
f 1083/350/111 1084/1618/111 1085/1617/111
f 1081/1619/111 1082/766/111 1080/1620/111
f 1082/766/111 1083/350/111 1085/1617/111
f 1080/1620/111 1082/766/111 1079/1621/111
f 1085/1617/111 1086/1622/111 1079/1621/111
f 1082/766/111 1085/1617/111 1079/1621/111
f 1079/1621/111 1086/1622/111 1078/1624/111
f 1086/1622/111 1087/1623/111 1078/1624/111
f 1078/1624/111 1087/1623/111 1077/1626/111
f 1087/1623/111 1088/1625/111 1077/1626/111
f 1077/1626/111 1088/1625/111 1076/1628/111
f 1088/1625/111 1089/1627/111 1076/1628/111
f 1103/1651/111 1130/140/111 1131/1653/111
f 1133/607/111 1076/1628/111 1089/1627/111
s 1
f 2763/609/611 2764/2084/1886 2767/27/307
f 1656/610/613 1653/653/655 1654/611/614
f 1648/613/616 1651/616/619 1650/614/617
f 1651/616/619 1652/1565/1771 1655/617/620
f 1654/611/614 1655/617/620 1658/618/621
f 1660/619/622 1657/612/615 1658/618/621
f 2689/621/624 2688/2134/1951 2685/255/208
f 1785/622/1974 1791/2154/1974 1790/759/1974
f 1790/759/1170 1789/815/832 1779/623/626
f 1779/623/626 1780/670/669 1782/624/627
f 1780/670/669 1783/2155/1975 1782/624/627
f 1782/624/1976 1786/2156/1976 1785/622/1976
f 1785/622/625 1790/759/1170 1779/623/626
f 2680/281/424 2677/198/1977 2678/625/628
f 2677/198/1977 2854/1333/1442 2678/625/628
f 2854/1333/1442 2855/2157/1978 2678/625/628
f 1404/626/629 1401/1412/1566 1402/105/80
f 1857/628/314 1870/1517/1888 1865/629/631
f 1870/1517/1979 1869/2158/1979 1865/629/1979
f 1860/2159/1980 1856/895/1981 1864/630/1982
f 1856/895/1889 1857/628/314 1864/630/118
f 1864/630/1982 1861/2160/1983 1860/2159/1980
f 1677/631/632 1682/848/731 1681/161/126
s 0
f 565/1231/4 564/246/4 548/267/4
f 564/246/4 549/268/4 548/267/4
f 548/267/4 547/2047/4 565/1231/4
f 547/2047/4 546/2045/4 566/2046/4
f 546/2045/4 545/2043/4 566/2046/4
f 545/2043/4 544/2041/4 567/2044/4
f 544/2041/4 543/2040/4 568/2042/4
f 543/2040/4 542/2048/4 569/652/4
f 542/2048/4 541/1208/4 571/1294/4
f 569/652/4 542/2048/4 570/651/4
f 541/1208/4 540/2050/4 572/1259/4
f 540/2050/4 539/2049/4 573/2051/4
f 572/1259/4 540/2050/4 573/2051/4
f 539/2049/4 538/707/4 574/257/4
f 538/707/4 563/256/4 574/257/4
f 563/256/4 562/943/4 575/258/4
f 562/943/4 561/520/4 576/1479/4
f 561/520/4 560/2053/4 576/1479/4
f 560/2053/4 559/2052/4 577/2054/4
f 576/1479/4 560/2053/4 577/2054/4
f 559/2052/4 558/2056/4 578/2058/4
f 558/2056/4 557/2055/4 579/2057/4
f 557/2055/4 556/1006/4 580/2060/4
f 556/1006/4 555/610/4 581/62/4
f 580/2060/4 556/1006/4 581/62/4
f 555/610/4 554/2161/4 582/2062/4
f 554/2161/4 553/2034/4 583/2061/4
f 582/2062/4 554/2161/4 583/2061/4
f 553/2034/4 584/2033/4 583/2061/4
f 558/2056/4 579/2057/4 578/2058/4
f 562/943/4 576/1479/4 575/258/4
f 544/2041/4 568/2042/4 567/2044/4
f 566/2046/4 565/1231/4 547/2047/4
f 555/610/4 582/2062/4 581/62/4
f 567/2044/4 566/2046/4 545/2043/4
f 557/2055/4 580/2060/4 579/2057/4
f 569/652/4 568/2042/4 543/2040/4
f 570/651/4 542/2048/4 571/1294/4
f 559/2052/4 578/2058/4 577/2054/4
f 572/1259/4 571/1294/4 541/1208/4
f 573/2051/4 539/2049/4 574/257/4
s 1
f 1748/1944/1825 1742/1943/1824 1743/406/368
f 1754/687/635 1748/1944/1825 1743/406/368
f 1755/632/633 1754/687/635 1743/406/368
f 1668/518/501 1669/1961/1840 1674/1960/1825
f 1668/518/501 1674/1960/1825 1680/634/635
f 1668/518/501 1680/634/635 1679/633/634
f 1680/634/635 1686/438/329 1685/640/641
f 1680/634/635 1685/640/641 1684/635/636
f 1687/436/404 1686/438/329 1680/634/635
f 1687/436/404 1680/634/635 1681/161/126
f 2275/639/640 2342/72/51 2276/2162/1984
f 2342/72/51 2343/71/50 2276/2162/1984
f 2276/2162/1984 2279/637/638 2275/639/640
f 1691/641/642 1690/2163/165 1684/635/636
f 1690/2163/165 1683/256/42 1684/635/636
f 1700/301/250 1697/2164/598 1698/642/643
f 1700/301/250 1701/643/331 1704/644/644
f 3625/645/202 3619/2165/1830 3607/895/1520
f 3619/2165/1830 3606/2166/1831 3607/895/1520
f 3607/895/1985 3611/2159/1985 3615/630/1986
f 3611/2159/1985 3612/2160/1987 3615/630/1986
f 3621/1517/111 3624/2167/111 3626/421/111
f 3616/629/1863 3620/2158/1863 3621/1517/1863
f 3616/629/646 3621/1517/1864 3626/421/386
f 3625/645/202 3607/895/1520 3615/630/645
f 3616/629/646 3626/421/386 3625/645/202
f 1384/403/365 1383/522/506 1380/646/647
f 3550/343/111 3554/2083/111 3557/341/111
f 3557/341/648 3556/1966/1846 3549/342/649
f 3336/371/332 3335/477/453 3332/212/169
f 2444/2074/1875 2452/2168/1988 2460/1143/1182
f 2452/2168/1988 2461/2169/1989 2460/1143/1182
f 2460/1143/1990 2456/2170/1990 2455/647/1990
f 2455/647/4 2451/2171/4 2448/648/4
f 2444/2074/1875 2460/1143/1182 2443/279/1876
f 2460/1143/1182 2455/647/1991 2443/279/1876
f 1715/649/651 1714/652/654 1711/650/652
f 1715/649/651 1718/1293/1376 1717/651/653
f 1653/653/655 1650/614/617 1651/616/619
f 3475/2172/1992 3470/1216/1266 3471/2173/1993
f 3471/2173/1993 3476/2174/1994 3475/2172/1992
f 3476/2174/1994 3479/654/656 3475/2172/1992
f 3474/655/657 3475/2172/1992 3479/654/656
f 1480/656/658 1477/489/468 1478/490/470
f 2684/658/660 2687/711/721 2686/254/207
f 1937/659/661 1938/798/811 1941/660/662
s 0
f 1044/662/111 1061/2175/111 1062/663/111
s 1
f 3826/712/723 3825/714/725 3823/666/665
f 3825/714/725 3822/1144/1183 3823/666/665
f 3822/1144/1183 3819/463/435 3823/666/665
f 2236/1335/1445 2237/2176/1995 2242/1336/1446
f 2237/2176/1995 2246/2177/1996 2242/1336/1446
f 2251/2178/1997 2245/2179/4 2241/669/1998
f 2250/668/1999 2251/2178/1997 2241/669/1998
f 2241/669/668 2242/1336/1446 2257/1548/1743
f 2242/1336/1446 2246/2177/1996 2257/1548/1743
f 2241/669/668 2257/1548/1743 2256/667/666
f 2107/566/567 1781/1356/1503 1780/670/669
f 2791/337/671 2792/1078/1118 2795/672/672
f 1447/674/674 1280/198/229 1279/196/675
f 2309/1942/1823 2308/1941/1822 2306/677/678
f 2308/1941/1822 2305/675/676 2306/677/678
f 2305/675/676 2302/2180/2000 2303/676/677
f 1473/364/679 1474/432/1346 1477/489/468
f 3754/1445/1610 3755/2181/2001 3764/2182/1940
f 3753/681/683 3754/1445/1610 3764/2182/1940
f 3758/680/2002 3759/2183/2002 3753/681/2002
f 3753/681/683 3764/2182/1940 3763/679/681
f 1694/838/859 1698/642/643 1693/683/685
f 1698/642/643 1697/2164/598 1693/683/685
f 1693/683/685 1697/2164/598 1695/682/684
f 3552/141/799 3555/784/798 3561/2184/2003
f 3560/685/2004 3566/2185/2004 3565/686/2004
f 3552/141/799 3561/2184/2003 3560/685/687
f 3559/2186/2005 3551/684/686 3565/686/688
f 3551/684/686 3552/141/799 3560/685/687
f 3570/498/477 3569/1511/1939 3565/686/688
f 3569/1511/1939 3559/2186/2005 3565/686/688
f 1762/1126/637 1761/366/328 1755/632/633
f 1761/366/328 1760/367/329 1754/687/635
f 1933/282/76 1931/283/232 1932/284/233
f 1932/284/233 1936/688/74 1933/282/76
f 3524/691/690 3521/1138/1174 3522/1139/1175
f 3525/299/248 3528/298/247 3527/690/689
f 3524/691/690 3522/1139/1175 3525/299/248
f 2075/712/723 2074/714/725 2072/666/665
f 2074/714/725 2071/1144/1183 2072/666/665
f 2071/1144/1183 2068/463/691 2072/666/665
f 3233/226/184 3230/228/186 3231/692/693
f 1776/694/695 1773/2033/1288 1774/369/250
f 1663/695/696 1660/619/622 1661/620/623
f 2538/67/46 2537/2085/1887 2535/698/699
f 2537/2085/1887 2534/2187/2006 2535/698/699
f 2534/2187/2006 2531/696/697 2535/698/699
f 2202/699/700 2203/977/1004 2206/700/701
f 2608/237/193 2611/2188/2007 2610/702/703
f 3407/78/705 3410/76/2008 3406/77/706
f 3410/76/2008 3409/460/1715 3406/77/706
f 3406/77/706 3403/459/733 3404/704/707
f 2593/705/708 2594/2189/2009 2597/185/709
f 2003/1445/2010 2004/2181/2011 2013/2182/1940
f 2002/681/713 2003/1445/2010 2013/2182/1940
f 2007/680/2012 2008/2183/2012 2002/681/2012
f 2002/681/713 2013/2182/1940 2012/679/711
f 1801/141/982 1804/784/981 1810/2184/2010
f 1809/685/2013 1815/2185/2013 1814/686/2013
f 1801/141/982 1810/2184/2010 1809/685/715
f 1808/2186/2005 1800/684/714 1814/686/716
f 1800/684/714 1801/141/982 1809/685/715
f 1819/498/879 1818/1511/925 1814/686/716
f 1818/1511/925 1808/2186/2005 1814/686/716
f 3745/809/111 3748/808/111 3754/1445/111
f 3745/809/1611 3754/1445/1610 3753/681/683
f 3752/2190/2005 3744/706/714 3758/680/682
f 3744/706/714 3745/809/1611 3753/681/683
f 3763/679/681 3762/907/2014 3758/680/682
f 3762/907/2014 3752/2190/2005 3758/680/682
f 1280/218/229 1283/281/231 1282/451/717
f 3287/708/718 3288/1243/1303 3291/709/719
f 2687/711/721 2690/2191/2015 2689/621/624
f 1458/58/722 1455/11/1665 1456/12/284
f 1824/385/343 1821/1026/162 1822/500/479
f 3826/712/723 3829/913/933 3828/713/724
f 3732/715/2016 3735/2192/2016 3736/716/2016
f 3736/716/727 3740/810/1648 3745/809/1611
f 3745/809/1611 3744/706/714 3739/717/728
f 3739/717/728 3726/290/239 3727/793/1488
f 3727/793/2017 3731/2193/2017 3732/715/2017
f 3736/716/727 3745/809/1611 3739/717/728
f 3739/717/728 3727/793/1488 3732/715/726
f 1604/718/1964 1603/1207/1257 1590/826/844
f 1603/1207/1257 1602/1209/1259 1595/2050/2018
f 1590/826/844 1603/1207/1257 1595/2050/2018
f 1590/826/844 1591/579/843 1604/718/1964
f 1591/579/582 1597/578/581 1604/718/729
f 1763/719/730 1762/1126/637 1755/632/633
f 3401/656/732 3404/704/707 3403/459/733
f 2042/1001/136 2050/354/314 2041/785/855
f 2050/354/314 2049/324/1889 2041/785/855
f 1367/868/887 1368/723/737 1371/722/736
f 1368/723/737 1373/2194/2019 1372/80/735
f 3183/590/593 3189/2150/1967 3194/475/451
f 3189/2150/1967 3199/1429/1587 3194/475/451
f 3199/1429/1587 3198/476/452 3194/475/451
f 3188/474/450 3187/1052/1089 3182/1051/1088
f 3188/474/450 3182/1051/1088 3183/590/593
f 3773/724/587 3772/1296/897 3769/725/341
f 1346/728/740 1349/1908/1819 1348/1308/1400
f 1348/1308/1400 1345/166/1399 1346/728/740
f 1345/166/1399 1342/362/324 1346/728/740
f 1831/729/586 1828/876/897 1829/730/587
f 1942/732/741 1945/1469/1638 1944/733/742
f 2027/736/744 2026/1520/1395 2023/1521/1081
f 2023/1521/1081 2024/734/586 2027/736/744
f 3275/737/745 3272/86/63 3273/738/746
f 3484/742/750 3481/413/377 3485/2195/2020
f 3481/413/377 3482/1014/1047 3485/2195/2020
f 3485/2195/2020 3488/740/748 3484/742/750
s 0
f 1054/1860/111 1055/1858/111 1047/1861/111
f 1055/1858/111 1016/1857/111 1060/1859/111
f 1044/662/111 1055/1858/111 1060/1859/111
f 1052/1865/111 1053/1863/111 1051/1864/111
f 1053/1863/111 1054/1860/111 1051/1864/111
f 1050/1866/111 1051/1864/111 1054/1860/111
f 1049/1867/111 1050/1866/111 1054/1860/111
f 1048/1868/111 1049/1867/111 1054/1860/111
f 1047/1861/111 1048/1868/111 1054/1860/111
f 1046/1869/111 1047/1861/111 1055/1858/111
f 1045/1862/111 1046/1869/111 1055/1858/111
f 1055/1858/111 1044/662/111 1045/1862/111
f 1060/1859/111 1061/2175/111 1044/662/111
f 1059/1902/111 1060/1859/111 1016/1857/111
f 1059/1902/111 1016/1857/111 1025/1898/111
f 1016/1857/111 1017/1905/111 1025/1898/111
f 1017/1905/111 1018/1904/111 1024/1900/111
f 1025/1898/111 1017/1905/111 1024/1900/111
f 1043/664/111 1062/663/111 1063/1873/111
f 1041/2196/111 1042/2197/111 1063/1873/111
f 1042/2197/111 1043/664/111 1063/1873/111
f 1041/2196/111 1063/1873/111 1064/1876/111
f 1039/1878/111 1040/2198/111 1066/88/111
f 1040/2198/111 1041/2196/111 1065/1877/111
f 1037/1880/111 1038/1879/111 1068/1881/111
f 1038/1879/111 1039/1878/111 1067/90/111
f 1035/1884/111 1036/1882/111 1070/1885/111
f 1036/1882/111 1037/1880/111 1069/1883/111
f 1033/743/111 1034/1886/111 1071/744/111
f 1034/1886/111 1035/1884/111 1070/1885/111
f 1031/1888/111 1032/1887/111 1073/1889/111
f 1032/1887/111 1033/743/111 1072/745/111
f 1031/1888/111 1073/1889/111 1074/1891/111
f 1029/2199/111 1030/2200/111 1075/1266/111
f 1030/2200/111 1031/1888/111 1074/1891/111
f 1075/1266/111 1030/2200/111 1074/1891/111
f 1027/1895/111 1028/2201/111 1056/2202/111
f 1028/2201/111 1029/2199/111 1075/1266/111
f 1056/2202/111 1028/2201/111 1075/1266/111
f 1025/1898/111 1026/1896/111 1058/1899/111
f 1026/1896/111 1027/1895/111 1057/1897/111
f 1058/1899/111 1026/1896/111 1057/1897/111
f 1022/1893/111 1023/1892/111 1021/1894/111
f 1023/1892/111 1024/1900/111 1021/1894/111
f 1020/1901/111 1021/1894/111 1024/1900/111
f 1019/1903/111 1020/1901/111 1024/1900/111
f 1019/1903/111 1024/1900/111 1018/1904/111
f 1034/1886/111 1070/1885/111 1071/744/111
f 1036/1882/111 1069/1883/111 1070/1885/111
f 1040/2198/111 1065/1877/111 1066/88/111
f 1041/2196/111 1064/1876/111 1065/1877/111
f 1058/1899/111 1059/1902/111 1025/1898/111
f 1057/1897/111 1027/1895/111 1056/2202/111
f 1038/1879/111 1067/90/111 1068/1881/111
f 1039/1878/111 1066/88/111 1067/90/111
f 1037/1880/111 1068/1881/111 1069/1883/111
f 1073/1889/111 1032/1887/111 1072/745/111
s 1
f 2599/746/751 2602/587/590 2601/586/589
f 2063/464/2021 2064/2117/2021 2059/465/2021
f 2060/748/2022 2055/2114/2023 2056/2115/2024
f 2060/748/2022 2056/2115/2024 2051/308/2025
f 2051/308/795 2052/2077/1795 2065/2116/1796
f 2065/2116/1796 2069/665/692 2051/308/795
f 2069/665/692 2068/463/691 2059/465/753
f 2068/463/691 2063/464/1719 2059/465/753
f 2060/748/754 2051/308/795 2069/665/692
f 3833/749/755 3830/915/935 3831/750/756
f 1554/459/431 1551/721/2026 1552/656/758
f 1551/721/2026 1548/678/1669 1549/489/1051
f 1552/656/758 1551/721/2026 1549/489/1051
f 3259/754/762 3256/956/974 3260/780/792
f 3256/956/974 3257/958/976 3260/780/792
f 3260/780/792 3263/752/760 3259/754/762
f 2122/755/1963 2121/936/958 2108/1387/1538
f 2121/936/958 2120/1361/1259 2113/2203/2018
f 2108/1387/1538 2121/936/958 2113/2203/2018
f 2108/1387/1538 2109/576/1537 2122/755/1963
f 2109/576/579 2115/575/578 2122/755/763
f 1293/757/766 1294/2140/1956 1297/115/90
f 3533/624/1491 3534/2155/1901 3547/758/344
f 3547/758/344 3551/684/686 3550/343/1711
f 3550/343/4 3546/2204/4 3541/759/4
f 3541/759/1902 3542/2154/1902 3536/622/1902
f 3536/622/1903 3537/2156/1903 3533/624/1903
f 3547/758/344 3550/343/1711 3541/759/345
f 3536/622/767 3533/624/1491 3547/758/344
f 3337/373/334 3340/1540/1740 3339/478/454
f 2210/998/1026 2212/2205/2027 2209/428/395
f 2212/2205/2027 2221/2206/2028 2220/1009/1039
f 2212/2205/2027 2220/1009/1039 2209/428/395
f 2214/762/1916 2209/428/395 2219/760/2029
f 2219/760/2029 2209/428/395 2220/1009/1039
f 1896/220/2030 1892/2011/2030 1891/221/2030
f 1903/2010/1852 1902/1064/1107 1897/1537/1781
f 1887/2008/1850 1898/2009/2031 1897/1537/1781
f 1898/2009/2031 1903/2010/1852 1897/1537/1781
f 1887/2008/1850 1897/1537/1781 1896/220/771
f 1886/222/770 1887/2008/1850 1896/220/771
f 3631/2101/2032 3641/2207/2033 3635/419/384
f 3646/765/2034 3639/2208/2034 3640/1380/2034
f 3640/1380/1530 3634/420/385 3635/419/384
f 3640/1380/1530 3635/419/384 3652/1063/1058
f 3635/419/384 3641/2207/2033 3652/1063/1058
f 3646/765/774 3640/1380/1530 3652/1063/1058
f 3646/765/774 3652/1063/1058 3651/763/772
f 2525/767/776 2526/1286/1369 2529/768/777
f 2529/768/777 2532/697/698 2528/766/775
f 2532/697/698 2531/696/697 2528/766/775
f 1879/2102/2035 1880/2101/2035 1884/419/2035
f 1880/2101/2036 1890/2207/2033 1884/419/384
f 1895/765/2037 1888/2208/2037 1889/1380/2037
f 1889/1380/1532 1883/420/1033 1884/419/384
f 1889/1380/1532 1884/419/384 1901/1063/1106
f 1884/419/384 1890/2207/2033 1901/1063/1106
f 1895/765/780 1889/1380/1532 1901/1063/1106
f 1895/765/780 1901/1063/1106 1900/763/778
f 2423/769/781 2421/2209/2038 2424/74/53
f 2421/2209/2038 2412/2210/2039 2413/1196/1244
f 2421/2209/2038 2413/1196/1244 2414/1497/1692
f 2430/277/226 2429/2068/1869 2423/769/781
f 2424/74/53 2427/1850/1810 2426/303/252
f 2418/2211/2040 2419/1847/2040 2414/1497/2040
f 2419/1847/1807 2424/74/53 2421/2209/2038
f 2414/1497/1692 2419/1847/1807 2421/2209/2038
f 2424/74/53 2426/303/252 2423/769/781
f 2131/946/967 2130/948/765 2124/770/782
f 2130/948/765 2123/927/949 2124/770/782
f 2132/771/783 2131/946/967 2124/770/782
f 2841/2212/2041 2842/243/199 2844/773/785
f 2842/243/199 2845/772/784 2844/773/785
f 2845/772/784 2848/18/187 2847/230/189
f 3214/774/786 3215/852/869 3218/775/787
f 2781/777/789 2782/102/77 2785/92/66
f 1343/727/739 1342/362/324 1339/46/29
f 3264/1399/1548 3263/752/760 3261/782/794
f 3263/752/760 3260/780/792 3261/782/794
f 3260/780/792 3257/958/976 3258/781/793
f 2040/307/256 2047/2076/2042 2051/308/795
f 2047/2076/2042 2052/2077/1795 2051/308/795
f 2051/308/2043 2046/2078/2043 2043/1002/2043
f 2051/308/795 2043/1002/135 2039/309/796
f 3552/141/799 3553/1946/1829 3562/783/797
f 3562/783/797 3561/2184/2003 3555/784/798
f 3792/785/802 3793/1001/1668 3801/354/800
f 3800/324/4 3796/2079/4 3792/785/4
f 2996/786/44 3003/2213/1805 3007/20/12
f 3003/2213/1805 3008/1745/1795 3007/20/12
f 3007/20/4 3002/2214/4 2999/1098/4
f 3007/20/12 2999/1098/1133 2995/787/45
f 1931/283/232 1930/2215/1050 1927/788/803
f 1929/790/805 1932/284/233 1931/283/232
f 3685/791/360 3681/2215/1050 3684/282/76
f 3681/2215/1050 3682/283/232 3684/282/76
f 3849/495/2044 3850/1369/2044 3854/564/2044
f 1881/2216/2045 1880/2101/2045 1885/792/2045
f 1880/2101/1909 1875/421/808 1885/792/807
f 1875/421/808 1876/904/13 1886/222/770
f 1876/904/13 1878/2217/2046 1886/222/770
f 1878/2217/2046 1887/2008/1850 1886/222/770
f 1975/290/239 1971/580/583 1972/582/585
f 1972/582/585 1977/1005/1034 1976/793/809
f 3030/2218/2047 3029/2219/2047 3034/795/2047
f 3029/2219/1909 3024/796/386 3034/795/807
f 3024/796/386 3025/21/13 3035/794/180
f 3025/21/13 3027/2220/2046 3035/794/180
f 3027/2220/2046 3036/2221/1850 3035/794/180
f 1935/689/75 1936/688/74 1939/797/810
f 2858/625/559 2861/1140/1460 2860/182/812
f 2089/799/813 2086/995/1023 2090/800/814
f 2086/995/1023 2087/994/1022 2090/800/814
f 2090/800/814 2093/2222/2048 2092/801/815
f 3435/446/816 3434/448/1656 3431/111/371
f 1381/404/366 1378/1453/1620 1379/802/818
f 1863/2223/2049 1862/2224/2050 1867/803/2051
f 1866/804/2052 1871/2225/2052 1870/1517/2052
f 1858/65/2053 1863/2223/2049 1867/803/2051
f 1866/804/753 1870/1517/1888 1857/628/314
f 1857/628/314 1858/65/2054 1867/803/754
f 3588/1164/1083 3587/805/819 3583/731/588
f 3587/805/819 3586/1068/743 3582/729/586
f 3692/660/820 3691/661/1696 3688/659/661
f 1943/806/822 1940/661/663 1941/660/662
f 1947/807/823 1946/1123/2055 1943/806/822
f 1990/1477/2056 1995/1446/2057 1989/810/826
f 1995/1446/2057 2004/2181/2011 1989/810/826
f 2004/2181/2011 2003/1445/2010 1997/808/824
f 2004/2181/2011 1997/808/824 1989/810/826
f 1286/811/827 1285/2226/2058 1282/451/717
f 1282/451/717 1283/281/231 1287/287/236
f 3704/818/835 3701/814/830 3705/813/829
f 3701/814/830 3698/807/1157 3702/812/828
f 3698/807/1157 3699/1470/1639 3702/812/828
f 3550/343/650 3549/342/649 3540/815/832
f 1306/544/533 1305/1292/1375 1302/816/833
f 3710/380/338 3709/382/340 3707/819/836
f 3709/382/340 3706/820/837 3707/819/836
f 3706/820/837 3703/2227/2059 3704/818/835
f 1636/600/603 1637/2153/1971 1643/2228/2060
f 1643/2228/2060 1642/604/608 1636/600/603
f 1642/604/608 1639/596/1972 1636/600/603
f 3714/822/839 3713/827/845 3710/380/338
f 2159/824/841 2158/960/979 2155/52/35
f 1935/689/75 1938/798/811 1937/659/661
f 1776/694/695 1777/573/576 1592/572/575
f 1592/572/575 1591/579/843 1776/694/695
f 1962/827/845 1963/822/1755 1966/828/846
f 1964/319/269 1961/381/339 1962/827/845
f 3715/319/269 3716/829/847 3719/320/270
f 3717/828/846 3720/581/584 3719/320/270
f 1928/789/804 1927/788/803 1919/830/848
f 1927/788/803 1918/2229/2061 1919/830/848
f 1924/2230/2062 1925/1494/2062 1920/831/2062
f 1925/1494/1536 1928/789/804 1920/831/849
f 3461/2231/2063 3458/834/852 3462/833/851
f 3458/834/852 3455/919/939 3459/832/850
f 3455/919/939 3456/918/938 3459/832/850
f 1730/258/853 1726/257/2064 1729/835/854
f 1726/257/2064 1727/2232/2065 1729/835/854
f 1729/835/854 1733/414/378 1732/416/380
f 1736/415/379 1735/2054/2066 1732/416/380
f 1735/2054/2066 1730/258/853 1732/416/380
f 2027/736/744 2028/735/743 2042/1001/136
f 2031/836/2067 2032/1368/2067 2027/736/2067
f 2036/326/2068 2037/2233/2068 2031/836/2068
f 2031/836/856 2027/736/744 2042/1001/136
f 2031/836/856 2042/1001/136 2041/785/855
f 2490/262/212 2487/432/1211 2491/837/857
f 2487/432/1211 2488/49/1210 2491/837/857
f 2491/837/857 2494/1554/1754 2493/263/213
f 1832/731/588 1837/1164/908 1836/805/858
f 1836/805/858 1835/1068/743 1831/729/586
f 1687/436/404 1688/636/637 1693/683/685
f 1688/636/637 1689/847/730 1694/838/859
f 2297/839/2069 2296/2234/2069 2292/840/2069
f 1370/842/1378 1371/722/736 1375/79/1815
f 2720/844/864 2717/267/1420 2718/291/240
f 3134/521/1565 3130/504/483 3131/845/2070
f 1689/847/730 1688/636/637 1681/161/126
f 2193/849/866 2194/424/389 2197/850/867
f 3215/852/869 3212/1389/1540 3213/853/870
f 1644/855/872 1641/268/609 1642/604/608
f 1642/604/608 1645/856/873 1644/855/872
f 1645/856/873 1648/613/616 1647/615/618
f 1582/448/875 1583/446/1439 1586/497/876
f 1586/497/876 1589/181/143 1585/447/874
f 1589/181/143 1588/183/145 1585/447/874
f 1967/321/271 1968/320/270 1971/580/583
f 2410/857/877 2416/241/197 2415/858/878
f 2419/1847/2071 2409/2235/2072 2415/858/878
f 2409/2235/2072 2402/1364/1510 2415/858/878
f 2402/1364/1510 2403/240/196 2415/858/878
f 2403/240/196 2406/239/195 2415/858/878
f 1810/2184/2010 1811/783/797 1820/2125/1940
f 1809/685/715 1810/2184/2010 1820/2125/1940
f 1809/685/715 1820/2125/1940 1819/498/879
f 3766/860/479 3762/907/2014 3763/679/681
f 3763/679/681 3764/2182/1940 3767/859/478
f 3802/308/2073 3801/354/800 3794/1002/1667
f 3801/354/800 3793/1001/1668 3794/1002/1667
f 2744/2236/2074 2746/727/2075 2743/863/882
f 2746/727/2075 2750/861/880 2743/863/882
f 2749/862/4 2747/166/4 2743/863/4
f 2022/724/587 2021/1296/897 2018/725/341
f 3594/864/883 3593/896/1521 3584/865/884
f 3584/865/884 3585/1069/1511 3589/866/885
f 3585/1069/2076 3590/2237/2076 3589/866/2076
f 3589/866/2077 3595/2238/2077 3594/864/2077
f 2700/603/607 2697/1062/1105 2698/867/886
f 1363/77/347 1364/78/349 1367/868/887
f 1768/1127/859 1772/1252/643 1767/870/889
f 1772/1252/643 1771/595/598 1767/870/889
f 1767/870/889 1771/595/598 1769/318/268
f 1719/871/890 1718/1293/1376 1715/649/651
f 3311/873/2078 3307/2239/2078 3308/874/2078
f 1576/32/895 1575/33/220 1572/31/896
f 1828/876/897 1825/383/341 1826/877/738
f 2272/1227/1281 2273/879/899 2110/878/898
f 2273/879/899 2112/938/960 2111/880/900
f 2948/883/111 2952/2240/111 2955/881/111
f 2955/881/648 2954/2241/1846 2947/882/649
f 2024/734/586 2021/1296/897 2022/724/587
f 3126/503/1091 3123/890/906 3131/845/1167
f 3123/890/906 3124/2242/2079 3131/845/1167
f 3124/2242/2079 3132/1136/1168 3131/845/1167
f 2188/888/904 2191/422/387 2190/2243/2080
f 2187/886/902 2184/1467/1636 2185/887/903
f 2188/888/904 2190/2243/2080 2187/886/902
f 3120/891/907 3117/1405/1558 3118/1482/1674
f 3121/889/905 3124/2242/2079 3123/890/906
f 3120/891/907 3118/1482/1674 3121/889/905
f 3781/892/908 3791/307/256 3790/309/258
f 3790/309/2081 3789/2244/2081 3785/893/2081
f 3785/893/2082 3784/2245/2082 3780/894/2082
f 3781/892/908 3790/309/258 3785/893/909
f 1848/1447/111 1852/2246/111 1856/895/111
f 1856/895/911 1855/2166/1831 1851/2247/1881
f 1843/864/912 1848/1447/855 1856/895/911
f 1856/895/911 1851/2247/1881 1842/896/276
f 3491/897/913 3495/1496/1691 3494/898/914
f 3367/900/916 3364/1022/1054 3365/901/917
f 2718/291/240 2715/1056/1096 2716/902/918
f 2716/902/918 2712/1055/1095 2713/903/919
f 2719/336/920 2718/291/240 2716/902/918
f 1847/64/256 1854/1843/2042 1858/65/921
f 1854/1843/2042 1859/1844/1795 1858/65/921
f 1858/65/2043 1853/1845/2043 1850/170/2043
f 1858/65/921 1850/170/135 1846/66/134
f 3609/65/12 3610/1844/1795 3623/2248/1796
f 3623/2248/1796 3627/904/13 3609/65/12
f 3627/904/13 3626/421/386 3617/804/1519
f 3621/1517/1797 3622/2225/1797 3617/804/1797
f 3618/803/2083 3613/2224/2084 3614/2223/2085
f 3626/421/386 3621/1517/1801 3617/804/1519
f 3618/803/2083 3614/2223/2085 3609/65/2085
f 3627/904/13 3617/804/1519 3618/803/11
f 2802/527/511 2801/528/513 2798/185/922
f 2801/528/513 2797/187/1405 2798/185/922
f 1385/906/924 1388/408/372 1387/410/374
f 2012/679/711 2013/2182/1940 2016/859/478
f 2016/859/478 2015/860/479 2012/679/711
f 1428/909/927 1429/545/535 1432/910/928
f 1432/910/928 1435/98/73 1431/908/926
f 1435/98/73 1434/2249/2086 1431/908/926
f 2848/18/187 2845/772/784 2849/327/930
f 2845/772/784 2842/243/199 2846/911/929
f 2842/243/199 2843/242/198 2846/911/929
f 3856/912/931 3857/671/1522 3531/670/932
f 1934/791/360 1930/2215/1050 1933/282/76
f 1930/2215/1050 1931/283/232 1933/282/76
f 2077/713/724 2074/714/725 2075/712/723
f 2076/914/934 2077/713/724 2080/750/756
f 2080/750/756 2081/1375/1523 2084/916/936
f 3455/919/939 3451/1488/1682 3454/917/937
f 3451/1488/1682 3452/1487/1681 3454/917/937
f 3387/426/515 3386/43/1655 3383/59/940
f 2662/439/942 2661/433/1320 2658/921/943
f 2658/921/943 2655/176/1221 2656/346/2087
f 2656/346/2087 2659/920/941 2658/921/943
f 1901/1063/1106 1906/2250/2088 1920/831/849
f 1906/2250/2088 1915/2251/1892 1920/831/849
f 1915/2251/1892 1925/1494/2089 1920/831/849
f 1920/831/849 1919/830/848 1914/1013/1046
f 1913/2252/2090 1910/2253/4 1905/922/2091
f 1920/831/849 1914/1013/1046 1901/1063/1106
f 1914/1013/2092 1913/2252/2090 1905/922/2091
f 1914/1013/1046 1905/922/944 1901/1063/1106
f 1900/763/778 1901/1063/1106 1905/922/944
f 3582/729/586 3579/876/897 3580/730/587
f 3653/1064/1550 3654/2010/1852 3659/1065/1551
f 3654/2010/1852 3663/2254/1996 3659/1065/1551
f 3668/2255/2093 3662/2256/2094 3658/926/2095
f 3667/925/2096 3668/2255/2093 3658/926/2095
f 3658/926/948 3659/1065/1551 3674/2257/1743
f 3659/1065/1551 3663/2254/1996 3674/2257/1743
f 3658/926/948 3674/2257/1743 3673/924/946
f 2117/2258/2097 2118/2259/2098 2111/880/2099
f 2118/2259/2098 2124/770/2100 2111/880/2099
f 2123/927/949 2116/2146/1962 2111/880/900
f 2116/2146/1962 2110/878/898 2111/880/900
f 1594/929/951 1601/2260/961 1607/492/471
f 1601/2260/961 1608/493/157 1607/492/471
f 1607/492/471 1606/930/952 1594/929/951
f 1606/930/2101 1600/2261/2102 1599/2262/2103
f 1599/2262/2103 1593/928/2104 1606/930/2101
f 3280/931/953 3277/1451/1616 3278/932/954
f 2122/755/1963 2123/927/949 2130/948/765
f 2122/755/1963 2130/948/765 2129/934/956
f 2121/936/958 2122/755/1963 2129/934/956
f 2148/937/959 2145/987/1013 2146/394/357
f 2126/195/157 2125/194/156 2119/939/961
f 2125/194/156 2124/770/782 2112/938/960
f 2124/770/2100 2118/2259/2098 2117/2258/2097
f 2117/2258/2097 2111/880/2099 2124/770/2100
f 2111/880/900 2112/938/960 2124/770/782
f 2140/940/962 2143/2263/61 2142/941/963
f 1679/633/634 1678/1510/43 1671/943/965
f 2146/394/357 2143/2263/61 2144/944/59
f 2131/946/2105 2137/2264/2105 2136/947/2105
f 2151/949/968 2148/937/959 2149/396/359
f 2235/1536/1737 2240/2265/2088 2254/1547/1535
f 2240/2265/2088 2249/2266/1892 2254/1547/1535
f 2249/2266/1892 2259/2267/2089 2254/1547/1535
f 2259/2267/2106 2258/2268/2106 2254/1547/2106
f 2254/1547/1535 2253/1036/1071 2248/1035/1070
f 2247/2269/2107 2244/2270/4 2239/951/2108
f 2254/1547/1535 2248/1035/1070 2235/1536/1737
f 2248/1035/2109 2247/2269/2107 2239/951/2108
f 2248/1035/1070 2239/951/970 2235/1536/1737
f 2234/953/972 2235/1536/1737 2239/951/970
f 1599/2262/2103 1600/2261/2102 1593/928/2104
f 1600/2261/2102 1606/930/2101 1593/928/2104
f 1605/954/949 1598/2147/1962 1593/928/950
f 1598/2147/1962 1592/572/575 1593/928/950
f 2154/54/37 2151/949/968 2152/950/969
f 2153/955/973 2156/825/842 2155/52/35
f 3256/956/974 3253/2013/2110 3254/957/975
f 1421/959/977 1420/988/1016 1417/445/412
f 2160/267/978 2157/53/36 2158/960/979
f 1801/141/982 1802/1946/1829 1811/783/797
f 1811/783/797 1810/2184/2010 1804/784/981
f 3224/271/219 3223/2271/2111 3220/962/984
f 3220/962/984 3217/776/788 3218/775/787
f 3218/775/787 3221/961/983 3220/962/984
f 3131/845/2070 3130/504/483 3126/503/482
f 2167/351/311 2168/1574/1789 2171/330/281
f 2699/963/985 2698/867/886 2695/551/543
f 2736/965/987 2737/1246/1415 2740/49/988
f 2174/966/990 2177/1106/1140 2176/967/991
f 2481/968/992 2482/1158/1204 2485/969/993
f 1479/721/994 1480/656/658 1483/704/995
f 2842/243/199 2841/2212/2041 2836/156/121
f 2841/2212/2041 2838/2272/2112 2836/156/121
f 2838/2272/2112 2835/455/2113 2836/156/121
f 2185/887/903 2182/2273/2114 2183/970/997
f 2182/2273/2114 2179/191/153 2180/2274/2115
f 2183/970/997 2182/2273/2114 2180/2274/2115
f 2163/972/999 2160/267/978 2161/291/980
f 2161/291/980 2164/973/1000 2163/972/999
f 2164/973/1000 2167/351/311 2166/353/313
f 2466/1155/1195 2461/2169/1989 2462/976/1003
f 2462/976/2116 2457/2275/2116 2458/974/2116
f 2458/974/1001 2459/1321/2117 2464/2276/2118
f 2464/2276/2118 2467/975/1002 2458/974/1001
f 2467/975/1002 2466/1155/1195 2462/976/1003
f 2203/977/1004 2202/699/700 2199/978/1005
f 3357/980/2119 3361/1021/1053 3360/981/1055
f 2613/983/1008 2614/1232/1289 2617/984/1009
f 2200/979/1006 2197/850/867 2198/985/1011
f 2142/941/963 2143/2263/61 2146/394/357
f 2902/484/461 2905/187/1343 2904/417/1014
f 1421/959/977 1424/452/420 1423/157/422
f 1959/380/338 1958/382/340 1956/819/836
f 1958/382/340 1955/820/837 1956/819/836
f 1955/820/837 1952/2227/2059 1953/818/835
f 2785/92/66 2786/1940/1821 2789/989/1017
f 3233/226/184 3234/693/694 3236/990/1018
f 3234/693/694 3237/991/1019 3236/990/1018
f 3237/991/1019 3240/427/394 3239/314/264
f 2277/1501/1699 2278/638/639 2280/992/1020
f 2280/992/1020 2284/163/2120 2287/162/127
f 2287/162/127 2286/2277/2121 2281/993/1021
f 2281/993/1021 2277/1501/1699 2280/992/1020
f 2083/751/757 2084/916/936 2087/994/1022
f 2208/996/1024 2205/701/702 2206/700/701
f 2209/428/395 2206/700/701 2207/997/1025
f 2617/984/1009 2618/2278/2122 2621/999/1027
f 2051/308/2054 2050/354/314 2043/1002/135
f 1902/1064/1107 1903/2010/1852 1908/1065/1108
f 1903/2010/1852 1912/2254/1996 1908/1065/1108
f 1917/2255/2123 1911/2256/4 1907/926/2124
f 1916/925/2125 1917/2255/2123 1907/926/2124
f 1907/926/1031 1908/1065/1108 1923/2257/1743
f 1908/1065/1108 1912/2254/1996 1923/2257/1743
f 1907/926/1031 1923/2257/1743 1922/924/1029
f 2100/1579/1794 2101/494/472 2105/912/931
f 2101/494/472 2102/496/474 2106/671/670
f 1613/379/337 1612/756/765 1606/930/952
f 1612/756/765 1605/954/949 1606/930/952
f 1614/1003/783 1613/379/337 1606/930/952
f 1874/645/202 1875/421/808 1883/420/1033
f 1875/421/808 1880/2101/1909 1884/419/384
f 1884/419/384 1883/420/1033 1875/421/808
f 1883/420/1033 1882/1379/1529 1877/1004/1032
f 3728/1005/1034 3741/1477/1647 3736/716/727
f 3741/1477/1647 3740/810/1648 3736/716/727
f 3727/793/1488 3728/1005/1034 3732/715/1035
f 1656/610/613 1657/612/615 1660/619/622
f 2221/2206/2028 2232/2279/2126 2231/1535/1736
f 2232/2279/2126 2237/2176/1995 2231/1535/1736
f 2237/2176/1995 2236/1335/1445 2231/1535/1736
f 2230/1007/2127 2226/2280/2127 2225/1008/2127
f 2221/2206/2028 2231/1535/1736 2230/1007/1037
f 2220/1009/1039 2221/2206/2028 2230/1007/1037
f 2301/1376/1525 2297/839/1524 2294/1010/1040
f 2297/839/2128 2298/2281/2128 2294/1010/2128
f 2294/1010/1040 2295/1516/1718 2300/1011/1041
f 2304/1012/1042 2303/676/677 2294/1010/1040
f 2303/676/677 2301/1376/1525 2294/1010/1040
f 3439/529/1043 3436/526/1657 3437/447/1044
f 1899/2282/2129 1900/763/778 1904/923/945
f 1909/2283/2130 1899/2282/2129 1904/923/945
f 1909/2283/2130 1904/923/945 1918/2229/2061
f 1904/923/945 1905/922/944 1918/2229/2061
f 1919/830/848 1918/2229/2061 1905/922/944
f 3482/1014/1047 3481/413/377 3478/412/376
f 3421/1015/1048 3422/117/1671 3425/119/1049
f 2263/1016/805 2266/1906/233 2265/1017/232
f 2261/1019/803 2262/1018/804 2265/1017/232
f 1549/489/1051 1550/490/1150 1553/657/1052
f 1553/657/1052 1556/188/150 1552/656/758
f 1556/188/150 1555/704/759 1552/656/758
f 3365/901/917 3364/1022/1054 3361/1021/1053
f 3364/1022/1054 3359/1527/1730 3360/981/1055
f 2152/950/969 2149/396/359 2150/395/358
f 3034/795/807 3035/794/180 3040/1534/179
f 3040/1534/2131 3041/2284/2131 3045/1533/2131
f 3050/1025/1058 3039/187/2033 3034/795/807
f 3039/187/2033 3029/2219/2032 3034/795/807
f 3050/1025/1058 3034/795/807 3040/1534/179
f 3050/1025/1058 3040/1534/179 3045/1533/1735
f 3050/1025/1058 3045/1533/1735 3046/1023/1056
f 1487/389/1060 1490/189/1932 1486/78/1330
f 1490/189/1932 1489/76/446 1486/78/1330
f 1486/78/1330 1483/704/995 1487/389/1060
f 3572/1026/162 3567/1965/1192 3568/180/142
f 3568/180/142 3569/1511/1939 3573/500/479
f 3078/1027/805 3081/2285/233 3080/1028/232
f 2393/1031/1063 2398/2286/2132 2401/2287/2133
f 2401/2287/2133 2400/2288/2134 2392/2289/2135
f 2386/1029/1061 2387/1401/1554 2389/1030/1062
f 2387/1401/1554 2390/2137/1953 2389/1030/1062
f 2389/1030/2136 2394/2290/2136 2393/1031/2136
f 2401/2287/2133 2392/2289/2135 2393/1031/1063
f 2392/2289/2135 2386/1029/1061 2393/1031/1063
f 2353/1032/1064 2354/1090/1125 2357/1033/1065
f 2869/59/1067 2870/94/1481 2873/426/1068
f 2233/2291/2137 2234/953/972 2238/952/971
f 2243/2292/2130 2233/2291/2137 2238/952/971
f 2243/2292/2130 2238/952/971 2252/2293/2061
f 2238/952/971 2239/951/970 2252/2293/2061
f 2253/1036/1071 2252/2293/2061 2239/951/970
f 1429/545/535 1426/156/421 1427/158/1072
f 2327/1038/1074 2326/1275/1356 2323/1039/1075
f 3086/8/1077 3083/398/360 3084/234/75
f 3271/1041/1078 3272/86/63 3275/737/745
f 2889/459/1080 2890/704/1467 2893/78/57
f 1827/384/342 1828/876/897 1831/729/586
f 2990/1044/2082 2989/2294/2082 2985/1519/2082
f 2986/1045/1083 2996/786/44 2995/787/45
f 2995/787/2138 2994/2295/2138 2990/1044/2138
f 2990/1044/1082 2985/1519/819 2986/1045/1083
f 2536/1046/1084 2539/1846/1806 2535/698/699
f 2539/1846/1806 2538/67/46 2535/698/699
f 2535/698/699 2532/697/698 2533/1047/1085
f 2289/1048/1104 2288/164/129 2284/163/128
f 3187/1052/1089 3186/2120/1934 3181/2018/2139
f 3181/2018/2139 3174/1423/1580 3175/1427/1584
f 3181/2018/2139 3175/1427/1584 3176/1050/1087
f 3187/1052/1089 3181/2018/2139 3176/1050/1087
f 2907/1015/1090 2908/117/1344 2911/119/1091
f 2293/841/862 2292/840/861 2288/164/129
f 2292/840/861 2291/2296/2140 2287/162/127
f 2291/2296/2140 2286/2277/2121 2287/162/127
f 2438/1053/111 2441/2297/111 2445/1054/111
f 2445/1054/1094 2444/2074/1875 2428/73/52
f 2444/2074/1875 2437/2073/1874 2428/73/52
f 2437/2073/1874 2427/1850/1810 2428/73/52
f 2433/1851/1813 2438/1053/1093 2428/73/52
f 2712/1055/1095 2716/902/918 2715/1056/1096
f 2830/959/1097 2833/452/1838 2832/157/122
f 3824/1057/1099 3825/714/725 3828/713/724
f 3450/1490/1684 3449/1072/1114 3447/1059/1101
f 3449/1072/1114 3446/1060/1102 3447/1059/1101
f 3446/1060/1102 3443/1480/1663 3444/1058/1100
f 2073/1057/1099 2074/714/725 2077/713/724
f 2278/638/639 2279/637/638 2280/992/1020
f 2279/637/638 2282/1061/1103 2280/992/1020
f 2282/1061/1103 2290/1515/1717 2289/1048/1104
f 2289/1048/1104 2284/163/2120 2280/992/1020
f 2697/1062/1105 2694/552/544 2695/551/543
f 1925/1494/2089 1915/2251/1892 1921/1384/1534
f 1915/2251/1892 1906/2250/2088 1921/1384/1534
f 1916/925/1030 1922/924/1029 1921/1384/1534
f 1921/1384/2141 1926/2298/2141 1925/1494/2141
f 1906/2250/2088 1901/1063/1106 1921/1384/1534
f 1916/925/1030 1921/1384/1534 1901/1063/1106
f 1907/926/1031 1916/925/1030 1901/1063/1106
f 1908/1065/1108 1907/926/1031 1901/1063/1106
f 1743/406/368 1742/1943/1824 1737/1273/1354
f 1738/1066/1109 1739/2299/2142 1744/407/369
f 1743/406/368 1737/1273/1354 1738/1066/1109
f 3294/216/173 3293/1342/1490 3290/710/720
f 3266/1067/1110 3265/1449/1614 3262/753/761
f 1834/1069/1111 1833/865/1395 1830/1043/1081
f 1830/1043/1081 1831/729/586 1834/1069/1111
f 2321/1070/1112 2322/541/530 2325/1071/1113
f 3449/1072/1114 3448/1486/1680 3445/1073/1115
f 3445/1073/1115 3442/1564/1769 3446/1060/1102
f 3442/1564/1769 3443/1480/1663 3446/1060/1102
f 1939/797/810 1942/732/741 1941/660/662
f 3096/252/205 3093/251/204 3094/1074/1116
f 2971/200/161 2967/1970/925 2968/1076/477
f 2968/1076/477 2969/2300/1940 2972/1077/478
f 1465/43/393 1466/426/392 1469/323/449
f 2792/1078/1118 2791/337/671 2788/93/67
f 2339/70/49 2336/561/562 2337/1079/1119
s 0
f 341/2301/4 340/2302/4 367/2303/4
f 340/2302/4 339/2304/4 368/2305/4
f 367/2303/4 340/2302/4 368/2305/4
f 339/2304/4 369/2306/4 368/2305/4
f 342/2307/4 341/2301/4 366/2308/4
f 344/1081/4 343/1984/4 365/1082/4
f 343/1984/4 342/2307/4 366/2308/4
f 365/1082/4 343/1984/4 366/2308/4
f 346/1986/4 345/209/4 376/1987/4
f 345/209/4 344/1081/4 364/211/4
f 363/210/4 345/209/4 364/211/4
f 348/1989/4 347/1988/4 346/1986/4
f 349/1990/4 348/1989/4 376/1987/4
f 348/1989/4 346/1986/4 376/1987/4
f 341/2301/4 367/2303/4 366/2308/4
f 375/1995/4 358/1998/4 357/1999/4
f 375/1995/4 357/1999/4 356/2000/4
f 375/1995/4 356/2000/4 355/2001/4
f 375/1995/4 355/2001/4 354/2002/4
f 375/1995/4 354/2002/4 376/1987/4
f 354/2002/4 353/2003/4 376/1987/4
f 376/1987/4 353/2003/4 352/2004/4
f 376/1987/4 352/2004/4 351/2005/4
f 376/1987/4 351/2005/4 350/2006/4
f 376/1987/4 350/2006/4 349/1990/4
f 363/210/4 376/1987/4 345/209/4
s 1
f 3632/2216/2047 3631/2101/2047 3636/792/2047
f 3631/2101/1909 3626/421/386 3636/792/807
f 3626/421/386 3627/904/13 3637/222/180
f 3627/904/13 3629/2217/2046 3637/222/180
f 3629/2217/2046 3638/2008/1850 3637/222/180
f 3098/1083/1121 3099/1174/1224 3102/1084/1122
s 0
f 359/1997/4 358/1998/4 375/1995/4
f 360/1991/4 359/1997/4 362/1993/4
f 359/1997/4 375/1995/4 362/1993/4
f 362/1993/4 361/1992/4 360/1991/4
f 334/1088/4 333/707/4 373/1086/4
f 333/707/4 362/1993/4 375/1995/4
f 336/1974/4 335/2309/4 371/1973/4
f 335/2309/4 334/1088/4 372/1087/4
f 338/2310/4 337/2311/4 370/2312/4
f 337/2311/4 336/1974/4 371/1973/4
f 369/2306/4 339/2304/4 338/2310/4
f 370/2312/4 369/2306/4 338/2310/4
f 337/2311/4 371/1973/4 370/2312/4
f 335/2309/4 372/1087/4 371/1973/4
f 374/2313/4 333/707/4 375/1995/4
f 333/707/4 374/2313/4 373/1086/4
s 1
f 2325/1071/1113 2328/1251/1318 2327/1038/1074
f 2353/1032/1064 2350/29/18 2351/1089/1124
f 2355/1091/1126 2358/2314/2143 2357/1033/1065
f 3109/1092/1127 3112/1458/1626 3111/1093/1128
f 2359/1095/1130 2356/1034/1066 2360/1096/1131
f 2356/1034/1066 2357/1033/1065 2360/1096/1131
f 2360/1096/1131 2363/127/99 2362/1097/1132
f 2034/893/2144 2038/2244/2144 2039/309/2144
f 2029/894/1844 2033/2245/1844 2034/893/1844
f 2042/1001/136 2028/735/743 2029/894/1728
f 2042/1001/136 2029/894/1728 2034/893/2145
f 2042/1001/136 2034/893/2145 2039/309/796
f 2998/1099/136 2984/1365/743 2985/1519/819
f 2998/1099/136 2985/1519/819 2990/1044/2146
f 2998/1099/136 2990/1044/2146 2995/787/45
f 2370/1100/1134 2369/1441/1602 2366/128/100
f 1324/1102/1136 1327/151/1501 1326/1393/2147
f 1327/151/1501 1330/357/319 1329/1394/1890
f 1326/1393/2147 1327/151/1501 1329/1394/1890
f 1326/1393/2147 1323/1103/1137 1324/1102/1136
f 1323/1103/1137 1320/267/534 1321/291/291
f 2373/1104/1138 2376/2315/2148 2375/1105/1139
f 2177/1106/1140 2180/2274/2115 2179/191/153
f 3460/1107/1141 3463/2316/2149 3462/833/851
f 3459/832/850 3456/918/938 3460/1107/1141
f 3456/918/938 3457/2317/2150 3460/1107/1141
f 2381/1113/1147 2378/1110/1144 2382/1109/1143
f 2378/1110/1144 2375/1105/1139 2376/2315/2148
f 2379/1108/1142 2378/1110/1144 2376/2315/2148
f 2384/1111/1145 2383/1400/1553 2380/1112/1146
f 2384/1111/1145 2381/1113/1147 2382/1109/1143
f 1546/432/1149 1547/49/32 1550/490/1150
s 0
f 322/1115/4 301/1615/4 300/1116/4
s 1
f 1746/136/108 1753/61/41 1745/2060/2151
f 1753/61/41 1752/63/43 1745/2060/2151
f 1745/2060/2151 1740/2318/2152 1746/136/108
f 1740/2318/2152 1741/137/109 1746/136/108
f 2203/977/1004 2200/979/1006 2201/986/1012
f 3518/1121/1154 3515/2319/2153 3516/1119/1152
f 3515/2319/2153 3512/2320/2154 3516/1119/1152
f 3512/2320/2154 3513/1270/1349 3516/1119/1152
f 3698/807/1157 3701/814/830 3700/1122/1155
f 3701/814/830 3704/818/835 3703/2227/2059
f 3700/1122/1155 3701/814/830 3703/2227/2059
f 2631/547/538 2627/218/537 2628/1124/1158
f 1761/366/328 1762/1126/637 1767/870/889
f 1762/1126/637 1763/719/730 1768/1127/859
f 3362/1129/1161 3363/2321/2155 3366/1128/1160
f 3366/1128/1160 3365/901/917 3361/1021/1053
f 2566/1130/1162 2569/1481/1672 2568/1131/1163
f 2820/1276/1357 2821/1523/1725 2823/1132/1166
f 2821/1523/1725 2824/2322/2156 2823/1132/1166
f 2824/2322/2156 2827/444/1164 2823/1132/1166
s 0
f 1139/2323/111 1140/2324/111 1141/2325/111
f 1141/2325/111 1142/2326/111 1139/2323/111
f 1142/2326/111 1143/2327/111 1135/2328/111
f 1138/2329/111 1142/2326/111 1137/2330/111
f 1143/2327/111 1144/2331/111 1168/2332/111
f 1144/2331/111 1145/1133/111 1167/1135/111
f 1168/2332/111 1144/2331/111 1167/1135/111
f 1145/1133/111 1146/2333/111 1166/1134/111
f 1146/2333/111 1147/2334/111 1165/2335/111
f 1165/2335/111 1147/2334/111 1164/2336/111
f 1147/2334/111 1148/2337/111 1164/2336/111
f 1148/2337/111 1149/2338/111 1163/2339/111
f 1164/2336/111 1148/2337/111 1163/2339/111
f 1149/2338/111 1150/2340/111 1162/2341/111
f 1150/2340/111 1151/2342/111 1161/2343/111
f 1150/2340/111 1161/2343/111 1162/2341/111
f 1151/2342/111 1152/2344/111 1160/2345/111
f 1156/77/111 1157/2346/111 1158/2347/111
f 1174/2348/111 1175/2349/111 1176/2350/111
f 1138/2329/111 1139/2323/111 1142/2326/111
f 1137/2330/111 1142/2326/111 1136/2351/111
f 1136/2351/111 1142/2326/111 1135/2328/111
f 1155/2352/111 1156/77/111 1159/2353/111
f 1156/77/111 1158/2347/111 1159/2353/111
f 1173/2354/111 1174/2348/111 1177/2355/111
f 1174/2348/111 1176/2350/111 1177/2355/111
f 1154/2356/111 1155/2352/111 1159/2353/111
f 1153/2357/111 1154/2356/111 1159/2353/111
f 1152/2344/111 1153/2357/111 1159/2353/111
f 1134/2358/111 1135/2328/111 1143/2327/111
f 1151/2342/111 1160/2345/111 1161/2343/111
f 1152/2344/111 1159/2353/111 1160/2345/111
f 1177/2355/111 1134/2358/111 1170/2359/111
f 1134/2358/111 1143/2327/111 1169/2360/111
f 1172/2361/111 1173/2354/111 1177/2355/111
f 1171/2362/111 1172/2361/111 1177/2355/111
f 1170/2359/111 1171/2362/111 1177/2355/111
f 1149/2338/111 1162/2341/111 1163/2339/111
f 1169/2360/111 1170/2359/111 1134/2358/111
f 1146/2333/111 1165/2335/111 1166/1134/111
f 1169/2360/111 1143/2327/111 1168/2332/111
s 1
f 3138/1137/1169 3137/456/428 3131/845/1167
f 3137/456/428 3134/521/505 3131/845/1167
f 1790/759/2157 1795/2204/2157 1799/343/2157
f 1799/343/301 1798/342/300 1789/815/832
f 3656/922/2158 3661/2253/2159 3664/2252/2160
f 3656/922/2158 3664/2252/2160 3665/1013/2161
f 3650/2282/2129 3651/763/772 3655/923/1742
f 3660/2283/2130 3650/2282/2129 3655/923/1742
f 3660/2283/2130 3655/923/1742 3669/2229/2061
f 3655/923/1742 3656/922/320 3669/2229/2061
f 3670/830/1172 3669/2229/2061 3656/922/320
f 2884/489/1173 2883/678/1480 2880/364/400
f 3521/1138/1174 3518/1121/1154 3519/1120/1153
f 1526/1140/1176 1529/538/525 1528/12/7
f 2458/974/4 2453/2363/4 2449/2364/4
f 2445/1054/1177 2446/1435/1593 2450/1141/1178
f 2458/974/4 2449/2364/4 2445/1054/4
f 2450/1141/1178 2459/1321/2117 2458/974/1001
f 2774/723/1394 2773/868/1391 2771/389/1179
f 2773/868/1391 2770/78/2162 2771/389/1179
f 2770/78/2162 2767/27/307 2771/389/1179
f 2466/1155/1195 2465/1142/1180 2460/1143/1182
f 2465/1142/1180 2463/2365/2163 2455/647/1181
f 2463/2365/2163 2454/562/2164 2455/647/1181
f 2460/1143/1182 2461/2169/1989 2466/1155/1195
f 3824/1057/1099 3821/1145/1184 3825/714/725
f 3821/1145/1184 3818/155/120 3819/463/435
f 3822/1144/1183 3821/1145/1184 3819/463/435
f 3357/980/2165 3354/1146/1185 3362/1129/1161
f 3354/1146/1185 3351/145/113 3355/1147/1186
f 3351/145/113 3352/2118/1930 3355/1147/1186
f 3355/1147/1186 3363/2321/2155 3362/1129/1161
f 3362/1129/2166 3358/2366/2166 3357/980/2166
f 2620/1000/1028 2621/999/1027 2624/1148/1187
f 2758/1262/1333 2755/295/244 2759/1150/1189
f 2755/295/244 2752/2071/1872 2756/1149/1188
f 2752/2071/1872 2749/862/881 2753/2367/2167
f 2749/862/881 2750/861/880 2753/2367/2167
f 2753/2367/2167 2756/1149/1188 2752/2071/1872
f 3374/182/1397 3373/219/1430 3370/196/1190
f 3370/196/1190 3439/529/1043 3440/183/1045
f 3371/218/1191 3374/182/1397 3370/196/1190
f 3761/1153/1193 3762/907/2014 3766/860/479
f 3766/860/479 3765/1151/162 3761/1153/1193
f 2468/1154/1194 2465/1142/1180 2466/1155/1195
f 2466/1155/1195 2467/975/1002 2470/1157/1197
f 2469/1156/1196 2345/218/1199 2468/1154/1194
f 2345/218/1199 2348/28/17 2347/30/19
f 2344/196/1198 2345/218/1199 2347/30/19
f 3810/465/437 3814/464/2168 3801/354/800
f 3801/354/800 3802/308/2073 3811/748/1200
f 2920/448/1201 2917/111/1469 2918/113/1202
f 2478/1159/1205 2475/2368/2169 2476/2369/2170
f 2476/2369/2170 2479/2370/2171 2478/1159/1205
f 2479/2370/2171 2482/1158/1204 2478/1159/1205
f 3152/2142/1958 3161/2371/2172 3156/1160/1206
f 3161/2371/2172 3160/1419/1576 3156/1160/1206
f 3151/1162/1208 3152/2142/1958 3156/1160/1206
f 1837/1164/908 1847/64/256 1846/66/134
f 1841/1163/1209 1836/805/858 1837/1164/908
f 2484/363/325 2485/969/993 2488/49/1210
f 2736/965/987 2739/432/989 2738/364/1212
f 2492/1166/1214 2493/263/213 2496/1167/1215
f 1397/185/292 1400/106/81 1399/168/382
f 2497/1169/1217 2500/1968/1848 2499/1170/1218
f 2504/1172/1220 2501/417/2173 2502/187/148
f 2501/417/2173 2498/1550/1748 2499/1170/1218
f 2502/187/148 2501/417/2173 2499/1170/1218
f 2655/176/1221 2654/1180/1231 2651/1173/1222
f 1692/437/405 1691/641/642 1685/640/641
f 3098/1083/1121 3095/250/203 3096/252/205
f 3775/734/586 3772/1296/897 3773/724/587
f 3710/380/338 3713/827/845 3712/381/1225
f 3242/348/306 3243/2106/1914 3246/1175/1226
f 2511/134/106 2512/235/1827 2515/1177/1228
f 2144/944/59 2143/2263/61 2140/940/962
f 2661/433/1320 2660/2109/2174 2658/921/943
f 2660/2109/2174 2657/2372/2175 2658/921/943
f 2657/2372/2175 2654/1180/1231 2658/921/943
f 2518/1181/1232 2517/274/223 2623/486/463
s 0
f 1013/1996/111 972/1994/111 1012/1183/111
f 972/1994/111 973/1184/111 1012/1183/111
f 973/1184/111 974/2373/111 1011/1182/111
f 974/2373/111 975/1974/111 1010/1973/111
f 1011/1182/111 974/2373/111 1010/1973/111
s 1
f 2455/647/1181 2454/562/2164 2447/2374/2176
f 2447/2374/2176 2442/2066/1867 2443/279/228
f 2455/647/1181 2447/2374/2176 2443/279/228
f 2223/1186/2177 2222/2375/2177 2229/1338/2177
f 2228/1337/1463 2234/953/972 2227/2376/2178
f 2234/953/972 2233/2291/2137 2227/2376/2178
f 2228/1337/1463 2227/2376/2178 2216/1185/1233
f 2229/1338/1464 2228/1337/1463 2216/1185/1233
f 2223/1186/1234 2229/1338/1464 2216/1185/1233
f 3242/348/306 3245/1176/1227 3244/1187/1235
f 2547/1191/1239 2550/2377/2179 2549/1189/1237
f 2550/2377/2179 2553/461/433 2549/1189/1237
f 2553/461/433 2552/1438/1597 2549/1189/1237
f 2544/1192/1240 2545/1502/1700 2548/1193/1241
f 2413/1196/1244 2412/2210/2039 2407/2378/2180
f 2407/2378/2180 2400/2288/2134 2401/2287/2133
f 2413/1196/1244 2407/2378/2180 2401/2287/2133
f 2401/2287/2133 2405/1194/1242 2413/1196/1244
f 2649/25/132 2650/1272/1398 2653/1197/1245
f 1416/1198/1246 1413/1479/1918 1414/443/410
f 3411/189/1321 3410/76/2008 3408/389/1248
f 3410/76/2008 3407/78/705 3408/389/1248
f 3407/78/705 3404/704/707 3408/389/1248
f 2541/69/48 2544/1192/1240 2543/1199/1249
f 2554/2113/1924 2553/461/433 2551/1200/1250
f 2553/461/433 2550/2377/2179 2551/1200/1250
f 2550/2377/2179 2547/1191/1239 2551/1200/1250
f 1507/516/499 1504/507/490 1505/514/497
f 2577/1202/1252 2574/1211/1261 2575/110/85
f 3144/458/430 3140/457/2181 3150/2379/2182
f 3144/458/430 3150/2379/2182 3149/260/210
f 1992/1204/111 1996/2380/111 1999/1205/111
f 1999/1205/1255 1998/2381/1846 1991/1206/1256
f 1991/1206/1256 1986/1532/1734 1987/1531/2183
f 1987/1531/2183 1992/1204/1254 1991/1206/1256
f 1603/1207/1257 1610/1576/1790 1609/1208/1258
f 2571/1210/1260 2572/1398/1547 2575/110/85
f 2575/110/85 2572/1398/1547 2573/1212/1262
f 2818/1522/1724 2817/1278/1359 2815/1214/1264
f 2817/1278/1359 2814/1215/1265 2815/1214/1264
f 2814/1215/1265 2811/2382/2184 2812/1213/1263
f 3469/1217/4 3465/2383/4 3462/833/4
f 3462/833/851 3463/2316/2149 3470/1216/1266
f 3463/2316/2149 3466/2384/2185 3470/1216/1266
f 3466/2384/2185 3471/2173/1993 3470/1216/1266
f 2714/1218/1268 2710/487/465 2711/488/467
f 2581/533/1270 2584/2132/1950 2583/535/1949
f 2585/1219/1269 2584/2132/1950 2581/533/1270
f 1560/536/1272 1561/322/539 1564/484/552
f 1386/523/507 1387/410/374 1390/409/373
f 2590/305/254 2589/1457/1625 2586/1222/1275
f 2591/1223/1276 2594/2189/2009 2593/705/708
f 2593/705/708 2596/187/710 2595/417/1277
f 2617/984/1009 2620/1000/1028 2619/1225/1279
f 2271/1226/1280 2268/2385/360 2269/100/75
f 3100/1228/1282 3099/1174/1224 3096/252/205
f 3414/473/1283 3417/483/2186 3416/484/523
f 1306/544/533 1303/817/834 1304/1229/1285
f 2826/445/1165 2829/988/1098 2828/453/1286
f 1696/1230/597 1697/2164/598 1700/301/250
f 2610/702/703 2611/2188/2007 2614/1232/1289
f 2614/1232/1289 2611/2188/2007 2612/1233/1290
f 2131/946/967 2132/771/783 2141/1179/1230
f 2132/771/783 2133/193/155 2138/2386/1899
f 2141/1179/1230 2132/771/783 2138/2386/1899
f 2136/947/1292 2131/946/967 2141/1179/1230
f 2612/1233/1290 2611/2188/2007 2608/237/193
f 2793/1235/1293 2790/1254/1322 2791/337/671
f 2779/104/79 2778/103/78 2775/1173/1294
f 1987/1531/2183 1986/1532/1734 1982/1238/1298
f 1986/1532/1734 1973/1236/1296 1982/1238/1298
f 1973/1236/1296 1974/288/1544 1978/1237/1297
f 1974/288/2187 1979/2387/2187 1978/1237/2187
f 1978/1237/1974 1983/2388/1974 1982/1238/1974
f 3395/432/1299 3392/50/1339 3393/51/1300
f 2950/1241/799 2951/2389/1829 2960/1239/797
f 2960/1239/797 2959/2390/2188 2953/1240/798
f 3100/1228/1282 3103/2391/2189 3102/1084/1122
f 3288/1243/1303 3287/708/718 3284/392/355
f 3284/392/355 3281/933/955 3285/1242/1302
f 3281/933/955 3282/1518/1720 3285/1242/1302
f 2629/625/1713 2634/2392/2190 2632/1125/1159
f 2634/2392/2190 2638/336/1304 2632/1125/1159
f 2638/336/1304 2637/291/2191 2635/116/1305
f 2635/116/1305 2631/547/538 2632/1125/1159
f 2632/1125/1159 2628/1124/1158 2629/625/1713
f 2640/1244/1306 2637/291/2191 2638/336/1304
f 2647/728/1309 2646/166/131 2643/965/1310
f 2643/965/1310 2640/1244/1306 2641/1245/1307
f 2641/1245/1307 2644/1246/1308 2643/965/1310
f 2636/267/1311 2637/291/2191 2640/1244/1306
f 1291/286/2192 1294/2140/1956 1286/811/827
f 1294/2140/1956 1293/757/766 1286/811/827
f 1293/757/766 1285/2226/2058 1286/811/827
f 3258/781/793 3257/958/976 3254/957/975
f 2651/1173/1222 2648/165/130 2649/25/132
f 2653/1197/1245 2656/346/2087 2655/176/1221
f 2515/1177/1228 2473/625/1316 2514/1178/1229
f 2473/625/1316 2476/2369/2170 2475/2368/2169
f 2472/198/1315 2473/625/1316 2475/2368/2169
f 2328/1251/1318 2331/2393/2193 2330/1250/1317
f 2331/2393/2193 2334/1321/1422 2333/563/564
f 2330/1250/1317 2331/2393/2193 2333/563/564
f 1774/369/250 1771/595/598 1772/1252/643
f 2665/1253/1319 2664/443/1661 2661/433/1320
f 3413/322/1284 3410/76/2008 3411/189/1321
f 2790/1254/1322 2787/91/65 2788/93/67
f 3295/1255/1323 3296/215/172 3299/1256/1324
f 1724/1258/1326 1727/2232/2065 1723/1259/1327
f 1727/2232/2065 1726/257/2064 1723/1259/1327
f 1723/1259/1327 1720/1294/1377 1721/1260/1328
f 2670/329/280 2674/328/279 2673/18/10
f 1569/1015/1329 1566/417/2194 1567/187/555
f 1489/76/446 1488/460/1774 1486/78/1330
f 1488/460/1774 1485/77/1331 1486/78/1330
f 1485/77/1331 1482/459/996 1483/704/995
f 2758/1262/1333 2759/1150/1189 2762/1263/1334
f 2762/1263/1334 2765/349/308 2761/1261/1332
f 2765/349/308 2764/2084/1886 2761/1261/1332
f 2676/196/1335 2853/1456/1623 2854/1333/1442
f 2854/1333/1442 2677/218/1977 2676/196/1335
f 2677/218/1977 2680/281/424 2676/196/1335
f 1525/182/144 1524/219/1586 1587/529/1336
f 2689/621/624 2690/2191/2015 2692/1264/1337
f 2690/2191/2015 2693/1265/1338 2692/1264/1337
f 2693/1265/1338 2696/964/986 2695/551/543
f 3391/431/1470 3388/44/1340 3392/50/1339
f 3388/44/1340 3385/45/1654 3389/208/517
f 3385/45/1654 3386/43/1655 3389/208/517
f 3725/288/237 3726/290/239 3739/717/728
f 3739/717/728 3744/706/714 3743/1204/1765
f 3743/1204/1765 3738/1531/1733 3733/1238/1341
f 3733/1238/2195 3734/2388/2195 3729/1237/2195
f 3729/1237/2196 3730/2387/2196 3725/288/2196
f 3739/717/728 3743/1204/1765 3733/1238/1341
f 3729/1237/1342 3725/288/237 3739/717/728
s 0
f 434/1266/4 390/1890/4 389/1267/4
s 1
f 2907/1015/1090 2904/417/1014 2905/187/1343
f 1470/431/1345 1471/50/166 1474/432/1346
f 2348/28/17 2349/1417/1573 2352/1268/1347
f 2626/1269/1348 2625/196/2197 2672/16/8
f 2625/196/2197 2671/230/1630 2672/16/8
f 2672/16/8 2673/18/10 2626/1269/1348
f 1283/281/231 1284/280/230 1287/287/236
f 1284/280/230 1289/1566/1772 1288/285/234
f 3513/1270/1349 3514/1572/1785 3517/1271/1350
f 3517/1271/1350 3520/2394/2198 3516/1119/1152
f 3520/2394/2198 3519/1120/1153 3516/1119/1152
f 1286/811/827 1287/287/236 1291/286/235
f 1354/120/95 1355/1909/1820 1356/539/528
f 1355/1909/1820 1359/1272/1351 1356/539/528
f 2703/312/606 2704/313/1624 2707/59/1352
f 2712/1055/1095 2711/488/467 2708/94/1353
f 2711/488/467 2707/59/1352 2708/94/1353
f 1742/1943/1824 1741/137/109 1737/1273/1354
f 1741/137/109 1740/2318/2152 1736/415/379
f 1740/2318/2152 1735/2054/2066 1736/415/379
f 2564/532/520 2565/531/519 2568/1131/1163
f 2330/1250/1317 2333/563/564 2329/2395/2199
f 2333/563/564 2332/562/563 2329/2395/2199
f 2329/2395/2199 2326/1275/1356 2330/1250/1317
f 2820/1276/1357 2819/2396/2200 2816/1277/1358
f 3315/2397/2201 3316/1463/2201 3311/873/2201
f 3316/1463/2202 3321/2145/1961 3311/873/1362
f 3321/2145/1961 3320/2144/1960 3311/873/1362
f 3320/2144/1960 3318/1279/1360 3311/873/1362
f 2529/768/777 2526/1286/1369 2527/2398/2203
f 2530/1280/1363 2533/1047/1085 2532/697/698
f 2529/768/777 2527/2398/2203 2530/1280/1363
f 2730/357/1364 2727/151/116 2728/1281/1365
f 3111/1093/1128 3110/1403/1556 3107/1283/1367
f 2736/965/987 2735/1165/1213 2730/357/1364
f 2735/1165/1213 2732/2399/2204 2730/357/1364
f 2732/2399/2204 2729/1394/1542 2730/357/1364
f 2526/1286/1369 2525/767/776 2522/1287/1370
f 2522/1287/1370 2519/273/222 2520/275/224
f 2520/275/224 2523/1285/1368 2522/1287/1370
f 2588/304/253 2587/306/255 2582/1220/1271
f 2587/306/255 2584/2132/1950 2582/1220/1271
f 2584/2132/1950 2585/1219/1269 2582/1220/1271
f 2582/1220/1271 2581/533/1270 2578/109/84
f 2578/109/84 2579/1288/1371 2582/1220/1271
f 2563/1289/1372 2566/1130/1162 2565/531/519
f 2189/1291/1374 2192/2103/1911 2188/888/904
f 2192/2103/1911 2191/422/387 2188/888/904
f 2188/888/904 2185/887/903 2189/1291/1374
f 1309/313/262 1308/312/261 1305/1292/1375
f 1539/44/27 1540/208/1670 1543/50/33
f 1718/1293/1376 1721/1260/1328 1720/1294/1377
f 1370/842/1378 1369/2400/2205 1366/869/888
f 1366/869/888 1367/868/887 1371/722/736
f 2024/734/586 2023/1521/1081 2020/1295/342
f 2748/1297/1380 2745/361/2206 2743/863/1379
f 2745/361/2206 2742/2401/2207 2743/863/1379
f 3497/1299/1382 3489/2402/2208 3494/898/914
f 3489/2402/2208 3490/899/915 3494/898/914
f 3494/898/914 3495/1496/1691 3498/1298/1381
f 2481/968/992 2484/363/325 2483/365/327
f 1713/347/305 1716/872/891 1715/649/651
f 2739/432/989 2740/49/988 2743/863/882
f 2740/49/988 2744/2236/2074 2743/863/882
f 3122/1302/1385 3123/890/906 3129/502/504
f 3123/890/906 3126/503/1091 3129/502/504
f 1710/346/304 1709/176/138 1707/1303/1386
f 1709/176/138 1706/175/137 1707/1303/1386
f 1706/175/137 1703/302/251 1704/644/644
s 0
f 954/1613/111 955/417/111 953/1612/111
f 955/417/111 956/1610/111 953/1612/111
f 956/1610/111 957/1608/111 952/1611/111
f 957/1608/111 958/1606/111 951/1609/111
f 958/1606/111 926/1604/111 950/1607/111
f 926/1604/111 927/1603/111 949/1605/111
f 950/1607/111 926/1604/111 949/1605/111
f 927/1603/111 928/1601/111 948/1602/111
f 928/1601/111 929/1599/111 948/1602/111
f 948/1602/111 929/1599/111 947/1600/111
f 929/1599/111 930/1597/111 947/1600/111
f 930/1597/111 931/1596/111 946/1598/111
f 931/1596/111 932/1595/111 945/364/111
f 932/1595/111 933/1593/111 971/196/111
f 933/1593/111 934/1590/111 970/1594/111
f 934/1590/111 935/1589/111 969/1591/111
f 970/1594/111 934/1590/111 969/1591/111
f 935/1589/111 936/1971/111 968/1592/111
f 936/1971/111 967/202/111 968/1592/111
f 932/1595/111 971/196/111 945/364/111
f 930/1597/111 946/1598/111 947/1600/111
f 957/1608/111 951/1609/111 952/1611/111
f 952/1611/111 953/1612/111 956/1610/111
f 935/1589/111 968/1592/111 969/1591/111
f 950/1607/111 951/1609/111 958/1606/111
f 933/1593/111 970/1594/111 971/196/111
f 965/1586/111 966/204/111 937/203/111
f 937/203/111 938/1584/111 965/1586/111
f 938/1584/111 939/1583/111 964/1585/111
f 939/1583/111 940/1116/111 962/1117/111
f 940/1116/111 941/1615/111 962/1117/111
f 939/1583/111 962/1117/111 963/1582/111
f 941/1615/111 942/1614/111 961/1616/111
f 942/1614/111 943/6/111 960/4/111
f 948/1602/111 949/1605/111 927/1603/111
f 964/1585/111 965/1586/111 938/1584/111
f 964/1585/111 939/1583/111 963/1582/111
f 942/1614/111 960/4/111 961/1616/111
f 943/6/111 944/1304/111 959/5/111
f 961/1616/111 962/1117/111 941/1615/111
f 945/364/111 946/1598/111 931/1596/111
f 959/5/111 960/4/111 943/6/111
f 945/364/111 971/196/111 959/5/111
s 1
f 1417/445/412 1420/988/1016 1419/453/425
f 3395/432/1299 3398/489/1608 3397/678/1387
f 2760/1305/1389 2757/296/245 2758/1262/1333
f 2758/1262/1333 2761/1261/1332 2760/1305/1389
f 2761/1261/1332 2764/2084/1886 2763/609/611
f 3509/1306/1390 3506/1329/1437 3507/34/23
f 2769/77/1393 2766/340/612 2767/27/307
f 2767/27/307 2770/78/2162 2769/77/1393
f 2770/78/2162 2773/868/1391 2769/77/1393
f 2774/723/1394 2777/1197/1414 2776/79/1295
f 1838/866/2209 1844/2238/2209 1843/864/2209
f 1843/864/912 1842/896/276 1833/865/1395
f 1833/865/1395 1834/1069/1111 1838/866/885
f 1834/1069/2210 1839/2237/2210 1838/866/2210
f 2018/725/341 2021/1296/897 2020/1295/342
f 3371/198/1191 3440/183/1045 3372/625/1396
f 3440/183/1045 3441/181/1673 3372/625/1396
f 3372/625/1396 3375/1140/1431 3374/182/1397
f 2650/1272/1398 2649/25/132 2646/166/131
f 1348/1308/1400 1347/2403/2211 1344/1309/1401
f 1344/1309/1401 1341/361/323 1342/362/324
f 1342/362/324 1345/166/1399 1344/1309/1401
f 1628/83/60 1629/1855/1816 1632/601/604
f 2698/867/886 2699/963/985 2702/1310/1402
f 1981/715/2212 1984/2192/2212 1985/716/2212
f 1985/716/1404 1989/810/826 1994/809/825
f 1994/809/825 1993/706/714 1988/717/344
f 1988/717/344 1975/290/239 1976/793/809
f 1976/793/2213 1980/2193/2213 1981/715/2213
f 1985/716/1404 1994/809/825 1988/717/344
f 1988/717/344 1976/793/809 1981/715/1403
f 2015/860/479 2016/859/478 2019/726/738
f 2797/187/1405 2794/673/673 2795/672/672
f 2801/528/513 2800/167/1601 2796/417/1406
f 2800/167/1601 2799/2404/2214 2796/417/1406
f 2596/187/710 2599/746/751 2598/747/752
f 3342/1311/1407 3341/2405/2215 3338/479/455
f 2646/166/131 2645/1309/1842 2642/1165/1408
f 2642/1165/1408 2639/1247/1312 2643/965/1310
f 2639/1247/1312 2640/1244/1306 2643/965/1310
f 2059/465/753 2063/464/1888 2050/354/314
f 2050/354/314 2051/308/2054 2060/748/754
f 2009/1152/1192 1998/2381/1846 1999/1205/1255
f 2000/1313/1905 2005/2406/1905 2006/1312/1905
f 2009/1152/1192 1999/1205/1255 2000/1313/1411
f 2010/1153/1410 2009/1152/1192 2000/1313/1411
f 1437/1315/1413 1434/2249/2086 1438/2122/1936
f 1434/2249/2086 1435/98/73 1438/2122/1936
f 1438/2122/1936 1441/482/459 1437/1315/1413
f 2777/1197/1414 2780/1556/1757 2779/104/79
f 1822/500/479 1823/499/478 1826/877/738
f 2797/187/1405 2796/417/1406 2793/1235/1293
f 2730/357/1364 2731/1282/1366 2734/2407/2216
f 2734/2407/2216 2737/1246/1415 2730/357/1364
f 3342/1311/1407 3343/1541/1741 3345/1316/1416
f 3343/1541/1741 3346/1317/1417 3345/1316/1416
f 3346/1317/1417 3349/466/438 3348/467/439
f 1507/516/499 1508/1201/1251 1511/1318/1418
f 2717/267/1420 2709/2123/1937 2714/1218/1268
f 2709/2123/1937 2710/487/465 2714/1218/1268
f 2714/1218/1268 2715/1056/1096 2718/291/240
f 3843/801/815 3842/2408/2217 3839/1320/1421
f 3839/1320/1421 3836/1404/1557 3837/995/1023
f 3840/799/813 3843/801/815 3839/1320/1421
f 2334/1321/1422 2337/1079/1119 2336/561/562
f 3254/957/975 3251/1323/1424 3255/1249/1314
f 3251/1323/1424 3248/1431/1589 3252/1322/1423
f 3248/1431/1589 3249/1524/1726 3252/1322/1423
f 2825/1198/1287 2822/2409/2218 2823/1132/1166
f 2822/2409/2218 2819/2396/2200 2823/1132/1166
f 2819/2396/2200 2820/1276/1357 2823/1132/1166
f 2830/959/1097 2829/988/1098 2826/445/1165
f 1782/624/627 1783/2155/1975 1796/758/344
f 1796/758/344 1800/684/714 1799/343/1498
f 1796/758/344 1799/343/1498 1790/759/1425
f 1785/622/1426 1782/624/627 1796/758/344
f 1444/469/441 1441/482/459 1442/481/458
f 1445/1324/1427 1448/2410/2219 1444/469/441
f 1448/2410/2219 1447/674/674 1444/469/441
f 2828/453/1286 2829/988/1098 2832/157/122
f 3377/12/1429 3376/11/1776 3373/219/1430
f 3375/1140/1431 3378/538/1653 3377/12/1429
f 2930/1327/1434 2943/2411/1487 2942/1344/1828
f 2942/1344/2220 2941/2412/2220 2937/1560/2220
f 2937/1560/2221 2936/2413/2221 2933/1325/2221
f 2933/1325/1432 2932/2094/1901 2929/1326/1433
f 2930/1327/1434 2942/1344/1828 2937/1560/2222
f 2937/1560/2222 2933/1325/1432 2930/1327/1434
f 2472/218/1315 2475/2368/2169 2471/196/1435
f 2475/2368/2169 2474/2414/2223 2471/196/1435
f 2471/196/1435 2513/2415/2224 2514/1178/1229
f 3503/1328/1436 3504/2/2 3507/34/23
f 2367/1101/1135 2366/128/100 2363/127/99
f 2017/1307/343 2014/1151/162 2015/860/479
f 1579/111/86 1580/113/88 1583/446/1439
f 2363/127/99 2360/1096/1131 2364/1330/1438
f 2360/1096/1131 2357/1033/1065 2358/2314/2143
f 2361/1331/1440 2360/1096/1131 2358/2314/2143
f 1992/1204/1254 1993/706/714 2000/1313/1411
f 1993/706/714 2001/2190/2005 2006/1312/1409
f 2000/1313/1411 1993/706/714 2006/1312/1409
f 2001/2190/2005 2011/907/925 2006/1312/1409
f 2011/907/925 2010/1153/1410 2006/1312/1409
f 2852/1332/1441 2855/2157/1978 2854/1333/1442
f 1567/187/555 1566/417/2194 1563/537/1273
f 2848/18/187 2849/327/930 2852/1332/1441
f 3382/60/1444 3379/58/1777 3380/10/69
f 2250/668/667 2256/667/666 2255/2416/1534
f 2255/2416/2225 2260/2417/2225 2259/2267/2225
f 2259/2267/2089 2249/2266/1892 2255/2416/1534
f 2249/2266/1892 2240/2265/2088 2255/2416/1534
f 2250/668/667 2255/2416/1534 2235/1536/1737
f 2255/2416/1534 2240/2265/2088 2235/1536/1737
f 2241/669/668 2250/668/667 2235/1536/1737
f 2241/669/668 2235/1536/1737 2236/1335/1445
f 1695/682/684 1697/2164/598 1691/641/642
f 1697/2164/598 1696/1230/597 1691/641/642
f 1696/1230/597 1690/2163/165 1691/641/642
f 2884/489/1173 2885/490/2226 2888/657/1447
f 2866/10/1449 2869/59/1067 2868/60/1450
f 2923/447/1452 2926/183/1575 2925/529/1453
f 2905/187/1343 2906/185/1549 2909/355/1455
f 2863/12/1456 2864/538/2227 2867/95/1457
f 2873/426/1068 2876/323/1477 2875/208/1458
f 2899/322/273 2898/536/1472 2895/460/1459
f 2861/1140/1460 2864/538/2227 2863/12/1456
f 2865/58/1451 2862/11/2228 2863/12/1456
f 2863/12/1456 2862/11/2228 2859/219/1461
f 3578/384/342 3579/876/897 3582/729/586
f 2924/497/1462 2923/447/1452 2920/448/1201
f 2092/801/815 2091/2408/2217 2088/1320/1421
f 2088/1320/1421 2085/1404/1557 2086/995/1023
f 2089/799/813 2092/801/815 2088/1320/1421
f 2214/762/2229 2224/2418/2230 2218/429/396
f 2223/1186/1234 2217/430/397 2218/429/396
f 2223/1186/1234 2218/429/396 2235/1536/1737
f 2218/429/396 2224/2418/2230 2235/1536/1737
f 2229/1338/1464 2223/1186/1234 2235/1536/1737
f 2229/1338/1464 2235/1536/1737 2234/953/972
f 2315/339/296 2316/338/295 2319/542/531
f 2914/32/1465 2913/33/1650 2910/31/1092
f 1494/537/1466 1491/536/1773 1492/322/448
f 1628/83/60 1627/2041/1973 1624/1339/963
f 2889/459/1080 2886/721/1479 2887/656/1448
f 2915/112/1468 2918/113/1202 2917/111/1469
f 3391/431/1470 3392/50/1339 3395/432/1299
f 2860/182/812 2859/219/1461 2856/707/1471
f 1858/65/2054 1857/628/314 1850/170/135
f 1857/628/314 1849/171/136 1850/170/135
f 2899/322/273 2902/484/461 2901/537/1015
f 2879/51/1473 2882/49/1513 2881/432/399
f 2869/59/1067 2872/43/1069 2871/45/1475
f 2914/32/1465 2911/119/1091 2912/118/1476
f 2878/50/1474 2875/208/1458 2876/323/1477
f 2871/45/1475 2872/43/1069 2875/208/1458
f 2874/44/1478 2875/208/1458 2878/50/1474
f 3416/484/523 3417/483/2186 3420/185/317
f 2884/489/1173 2887/656/1448 2886/721/1479
f 2870/94/1481 2869/59/1067 2866/10/1449
f 2916/272/1482 2917/111/1469 2920/448/1201
f 2707/59/1352 2704/313/1624 2705/390/1484
f 2922/526/1454 2919/524/1483 2920/448/1201
f 1367/868/887 1364/78/349 1365/389/348
f 2891/188/1485 2894/389/1659 2893/78/57
f 2925/529/1453 2926/183/1575 2857/198/557
f 1794/1340/1487 1802/1946/1829 1801/141/982
f 1801/141/2231 1797/142/2231 1793/143/2231
f 3722/580/583 3723/582/585 3726/290/239
f 3723/582/585 3728/1005/1034 3727/793/1488
f 3292/1341/1489 3289/1514/1716 3290/710/720
f 3541/759/831 3540/815/832 3530/623/626
f 3530/623/626 3531/670/932 3533/624/1491
f 3531/670/932 3534/2155/1901 3533/624/1491
f 3541/759/831 3530/623/626 3536/622/1492
f 2942/1344/1828 2943/2411/1487 2950/1241/799
f 2943/2411/1487 2951/2389/1829 2950/1241/799
f 3310/232/1361 3304/592/595 3311/873/1362
f 3304/592/595 3305/591/594 3311/873/1362
f 3305/591/594 3308/874/1786 3311/873/1362
f 3305/591/594 3302/2151/1968 3303/1345/1493
f 3302/2151/1968 3299/1256/1324 3300/1433/1591
f 3303/1345/1493 3302/2151/1968 3300/1433/1591
f 1974/288/1544 1975/290/239 1988/717/344
f 1988/717/344 1993/706/714 1992/1204/1254
f 1992/1204/1254 1987/1531/2183 1982/1238/1298
f 1988/717/344 1992/1204/1254 1982/1238/1298
f 1978/1237/1495 1974/288/1544 1988/717/344
f 2836/156/121 2835/455/2113 2831/454/1428
f 2831/454/1428 2832/157/122 2834/1347/1496
f 1377/1348/1497 1378/1453/1620 1381/404/366
f 2950/1241/799 2953/1240/798 2959/2390/2188
f 2958/1350/2004 2964/2419/2004 2963/1351/2004
f 2950/1241/799 2959/2390/2188 2958/1350/687
f 2957/2420/2005 2949/1349/714 2963/1351/688
f 2949/1349/714 2950/1241/799 2958/1350/687
f 2968/1076/477 2967/1970/925 2963/1351/688
f 2967/1970/925 2957/2420/2005 2963/1351/688
f 1799/343/1498 1800/684/714 1807/178/351
f 1800/684/714 1808/2186/2005 1813/179/352
f 1807/178/351 1800/684/714 1813/179/352
f 1808/2186/2005 1818/1511/925 1813/179/352
f 1818/1511/925 1817/180/353 1813/179/352
f 1330/357/319 1327/151/1501 1331/1282/1500
f 1327/151/1501 1324/1102/1136 1328/1281/1499
f 1324/1102/1136 1321/291/291 1325/2421/2232
f 1321/291/291 1322/336/290 1325/2421/2232
f 1325/2421/2232 1328/1281/1499 1324/1102/1136
f 3682/283/232 3681/2215/1050 3678/788/803
f 2971/200/161 2974/1354/341 2973/1352/343
f 2971/200/161 2972/1077/478 2975/1353/738
f 3532/1356/1503 3545/1340/1487 3544/143/1828
f 3544/143/2220 3543/2422/2220 3539/1395/2220
f 3539/1395/2221 3538/2423/2221 3535/1355/2221
f 3535/1355/1502 3534/2155/1901 3531/670/932
f 3532/1356/1503 3544/143/1828 3539/1395/2222
f 3539/1395/2222 3535/1355/1502 3532/1356/1503
f 3168/1422/1579 3167/1424/1581 3162/2424/2233
f 3162/2424/2233 3157/2063/1865 3168/1422/1579
f 3157/2063/1865 3158/1359/1506 3168/1422/1579
f 3169/1358/1505 3168/1422/1579 3158/1359/1506
f 2121/936/958 2128/935/957 2127/1360/1258
f 3149/260/210 3150/2379/2182 3154/261/211
f 3150/2379/2182 3159/1362/1507 3154/261/211
f 3153/1363/1508 3154/261/211 3159/1362/1507
f 2402/1364/1510 2390/2137/1953 2391/555/547
f 2396/554/1509 2403/240/196 2402/1364/1510
f 2136/947/2234 2135/2425/2234 2129/934/2234
f 3585/1069/1511 3584/865/884 3581/1043/1081
f 3581/1043/1081 3582/729/586 3585/1069/1511
f 2983/1366/1511 2982/1569/884 2979/1581/1081
f 2979/1581/1081 2980/583/586 2983/1366/1511
f 3491/897/913 3490/899/915 3487/741/749
f 3490/899/915 3489/2402/2208 3486/1367/1512
f 2882/49/1513 2885/490/2226 2884/489/1173
f 2030/892/908 2040/307/256 2039/309/796
f 2034/893/1514 2029/894/1728 2030/892/908
f 3788/2233/2235 3787/326/2235 3782/836/2235
f 3787/326/1552 3786/325/276 3777/1520/1395
f 3782/836/2236 3787/326/1552 3777/1520/1395
f 3777/1520/1395 3778/736/1721 3782/836/2236
f 3592/1163/2237 3596/1963/2237 3597/66/2237
f 3587/805/2238 3591/1964/2238 3592/1163/2238
f 3600/171/136 3586/1068/743 3587/805/819
f 3600/171/136 3587/805/819 3592/1163/2146
f 3600/171/136 3592/1163/2146 3597/66/45
f 2103/564/565 2102/496/474 2098/495/473
f 2997/1372/1518 2998/1099/136 3006/1370/800
f 3005/1371/4 3001/2426/4 2997/1372/4
f 3617/804/1519 3621/1517/2239 3608/628/800
f 3608/628/800 3609/65/1775 3618/803/11
f 3006/1370/800 3019/1748/2239 3014/248/201
f 3005/1371/1517 3006/1370/800 3013/247/200
f 3005/1371/1520 3004/2036/1831 3000/2427/2240
f 2992/1373/883 2997/1372/1518 3005/1371/1520
f 3005/1371/1520 3000/2427/2240 2991/1374/1521
f 3858/566/567 3532/1356/1503 3531/670/932
f 2080/750/756 2077/713/724 2078/913/933
f 2139/942/964 2134/2428/1912 2128/935/957
f 2134/2428/1912 2127/1360/1258 2128/935/957
f 2128/935/957 2129/934/956 2139/942/964
f 2140/940/962 2139/942/964 2129/934/956
f 2743/863/1379 2742/2401/2207 2738/364/1212
f 2303/676/677 2302/2180/2000 2292/840/861
f 2302/2180/2000 2299/2429/2241 2292/840/861
f 2299/2429/2241 2291/2296/2140 2292/840/861
f 2301/1376/1525 2303/676/677 2292/840/861
f 2462/976/1003 2461/2169/1989 2452/2168/1988
f 2452/2168/1988 2444/2074/1875 2462/976/1003
f 2444/2074/1875 2445/1054/1094 2462/976/1003
f 2477/1377/1527 2474/2414/2223 2478/1159/1205
f 2474/2414/2223 2475/2368/2169 2478/1159/1205
f 2478/1159/1205 2481/968/992 2480/1300/1383
f 3493/1409/1563 3492/1378/1528 3488/740/748
f 3492/1378/1528 3491/897/913 3487/741/749
f 3645/764/773 3651/763/772 3644/2430/2242
f 3651/763/772 3650/2282/2129 3644/2430/2242
f 3645/764/773 3644/2430/2242 3633/1379/1529
f 3646/765/774 3645/764/773 3633/1379/1529
f 3640/1380/1530 3646/765/774 3633/1379/1529
f 3028/2431/2243 3029/2219/2243 3033/1529/2243
f 3029/2219/2032 3039/187/2033 3033/1529/384
f 3044/1382/2034 3037/2432/2034 3038/1539/2034
f 3038/1539/1739 3032/1530/385 3033/1529/384
f 3038/1539/1739 3033/1529/384 3050/1025/1058
f 3033/1529/384 3039/187/2033 3050/1025/1058
f 3044/1382/1531 3038/1539/1739 3050/1025/1058
f 3044/1382/1531 3050/1025/1058 3049/360/322
f 1894/764/779 1900/763/778 1893/2430/2244
f 1900/763/778 1899/2282/2129 1893/2430/2244
f 1894/764/779 1893/2430/2244 1882/1379/1529
f 1895/765/780 1894/764/779 1882/1379/1529
f 1889/1380/1532 1895/765/780 1882/1379/1529
f 2377/1383/1533 2374/1483/1676 2378/1110/1144
f 2374/1483/1676 2375/1105/1139 2378/1110/1144
f 2378/1110/1144 2381/1113/1147 2380/1112/1146
f 1922/924/1029 1923/2257/1743 1929/790/805
f 1929/790/805 1928/789/804 1922/924/1029
f 1928/789/804 1925/1494/1536 1921/1384/1534
f 3077/133/804 3076/1545/803 3068/1391/1172
f 3076/1545/803 3067/2433/2061 3068/1391/1172
f 3077/133/804 3068/1391/1172 3069/1385/1535
f 2272/1227/1281 2110/878/898 2271/1226/1280
f 2110/878/898 2109/576/1537 2271/1226/1280
f 3209/1388/1539 3210/1568/1780 3213/853/870
f 3048/2434/2129 3049/360/322 3053/359/321
f 3058/2435/2130 3048/2434/2129 3053/359/321
f 3058/2435/2130 3053/359/321 3067/2433/2061
f 3053/359/321 3054/358/320 3067/2433/2061
f 3068/1391/1172 3067/2433/2061 3054/358/320
f 3082/397/76 3080/1028/232 3081/2285/233
f 3081/2285/233 3085/1392/74 3082/397/76
f 2726/1393/1541 2727/151/116 2730/357/1364
f 1793/143/2245 1792/2422/2245 1788/1395/2245
f 1788/1395/2246 1787/2423/2246 1784/1355/2246
f 1784/1355/2247 1783/2155/1975 1780/670/669
f 1781/1356/1503 1794/1340/1487 1793/143/1486
f 1788/1395/1543 1784/1355/2247 1781/1356/1503
f 1784/1355/2247 1780/670/669 1781/1356/1503
f 1973/1236/1296 1970/289/238 1974/288/1544
f 1970/289/238 1971/580/583 1975/290/239
f 2929/1326/1433 3087/134/191 3088/235/190
f 1509/1396/1545 1506/517/500 1507/516/499
f 2571/1210/1260 2567/1274/1355 2570/1397/1546
f 2567/1274/1355 2568/1131/1163 2570/1397/1546
f 2909/355/1455 2912/118/1476 2911/119/1091
f 3264/1399/1548 3267/1856/1817 3266/1067/1110
f 2902/484/461 2903/483/460 2906/185/1549
f 3676/1494/1893 3666/2251/1892 3672/1384/1689
f 3666/2251/1892 3657/2250/1891 3672/1384/1689
f 3667/925/947 3673/924/946 3672/1384/1689
f 3672/1384/2248 3677/2298/2248 3676/1494/2248
f 3657/2250/1891 3652/1063/1058 3672/1384/1689
f 3667/925/947 3672/1384/1689 3652/1063/1058
f 3658/926/948 3667/925/947 3652/1063/1058
f 3659/1065/1551 3658/926/948 3652/1063/1058
f 3800/324/1520 3799/1954/1831 3795/2080/2240
f 3787/326/1552 3792/785/802 3800/324/1520
f 3800/324/1520 3795/2080/2240 3786/325/276
f 2383/1400/1553 2384/1111/1145 2387/1401/1554
f 3114/1402/1555 3113/1406/1559 3110/1403/1556
f 1465/43/393 1468/208/168 1467/44/167
f 3834/751/757 3837/995/1023 3836/1404/1557
f 3117/1405/1558 3116/2436/2249 3113/1406/1559
f 3845/1407/1561 3843/801/815 3844/2222/2048
f 3844/2222/2048 3847/2437/2250 3845/1407/1561
f 3847/2437/2250 3855/565/566 3854/564/806
f 3847/2437/2250 3854/564/806 3845/1407/1561
f 3493/1409/1563 3499/1551/1749 3496/1408/1562
f 3499/1551/1749 3498/1298/1381 3496/1408/1562
f 3498/1298/1381 3495/1496/1691 3496/1408/1562
f 2558/1410/1564 2555/1437/1596 2556/400/362
f 2556/400/362 2559/399/361 2558/1410/1564
f 2559/399/361 2562/1290/1373 2558/1410/1564
f 1821/1026/162 1816/1965/1192 1817/180/353
f 1817/180/353 1818/1511/925 1822/500/479
f 3722/580/583 3719/320/270 3720/581/584
f 2977/1411/897 2976/1580/342 2973/1352/343
f 1398/418/383 1399/168/382 1402/105/80
f 1645/856/873 1642/604/608 1646/2438/2251
f 1642/604/608 1643/2228/2060 1646/2438/2251
f 1646/2438/2251 1649/1413/1567 1645/856/873
f 2514/1178/1229 2513/2415/2224 2510/8/1568
f 3171/1415/1570 3170/2128/1944 3164/1416/1571
f 3164/1416/1571 3159/1362/1507 3165/1414/1569
f 3159/1362/1507 3160/1419/1576 3165/1414/1569
f 2348/28/17 2345/198/1199 2349/1417/1573
f 2345/198/1199 2469/1156/1196 2470/1157/1197
f 2346/625/1572 2345/198/1199 2470/1157/1197
f 1994/809/825 1997/808/824 2003/1445/2010
f 1994/809/825 2003/1445/2010 2002/681/713
f 2001/2190/2005 1993/706/714 2007/680/712
f 1993/706/714 1994/809/825 2002/681/713
f 2012/679/711 2011/907/925 2007/680/712
f 2011/907/925 2001/2190/2005 2007/680/712
f 3150/2379/2182 3140/457/2181 3145/569/572
f 3151/1162/1208 3150/2379/2182 3145/569/572
f 2923/447/1452 2924/497/1462 2927/181/558
f 2637/291/2191 2636/267/1311 2635/116/1305
f 2636/267/1311 2633/2439/2252 2630/546/536
f 2635/116/1305 2636/267/1311 2630/546/536
f 2633/2439/2252 2625/707/2197 2630/546/536
f 2625/707/2197 2626/2133/1348 2630/546/536
f 3159/1362/1507 3164/1416/1571 3163/1357/1504
f 3164/1416/1571 3170/2128/1944 3163/1357/1504
f 3170/2128/1944 3169/1358/1505 3163/1357/1504
f 3161/2371/2172 3166/2440/2253 3172/508/491
f 3166/2440/2253 3173/1426/1583 3172/508/491
f 3160/1419/1576 3161/2371/2172 3172/508/491
f 3160/1419/1576 3172/508/491 3171/1415/1570
f 3203/223/181 3204/1476/1645 3207/1420/1577
f 3168/1422/1579 3175/1427/1584 3174/1423/1580
f 3180/1425/1582 3179/509/492 3172/508/491
f 3183/590/593 3182/1051/1088 3176/1050/1087
f 3177/2127/1943 3183/590/593 3176/1050/1087
f 3169/1358/1505 3170/2128/1944 3177/2127/1943
f 3168/1422/1579 3169/1358/1505 3176/1050/1087
f 3169/1358/1505 3177/2127/1943 3176/1050/1087
f 3191/1561/1766 3192/2441/2254 3201/1475/1644
f 3190/588/591 3191/1561/1766 3201/1475/1644
f 3190/588/591 3201/1475/1644 3200/1428/1585
f 1524/219/1586 1525/182/144 1528/12/7
f 3851/1579/1794 3846/2442/2255 3852/494/486
f 3846/2442/2255 3842/2408/2217 3845/1407/1561
f 3852/494/486 3846/2442/2255 3845/1407/1561
f 3842/2408/2217 3843/801/815 3845/1407/1561
f 3845/1407/1561 3849/495/1560 3852/494/486
f 3203/223/181 3202/225/183 3198/476/452
f 3202/225/183 3197/2119/1933 3198/476/452
f 1737/1273/1354 1733/414/378 1734/1430/1588
f 3254/957/975 3253/2013/2110 3251/1323/1424
f 3253/2013/2110 3250/1432/1590 3251/1323/1424
f 3250/1432/1590 3247/1499/1697 3248/1431/1589
f 3299/1256/1324 3296/215/172 3297/217/174
f 1476/678/680 1477/489/468 1480/656/658
f 2438/1053/1093 2433/1851/1813 2445/1054/1177
f 2433/1851/1813 2434/1853/1812 2445/1054/1177
f 2434/1853/1812 2439/1434/1592 2445/1054/1177
f 2615/1234/1291 2618/2278/2122 2617/984/1009
f 3211/1436/1594 3212/1389/1540 3215/852/869
f 2158/960/979 2159/824/841 2162/336/1595
f 2553/461/433 2556/400/362 2555/1437/1596
f 3216/854/871 3219/2064/1866 3218/775/787
f 3226/1439/1598 3223/2271/2111 3227/2443/2256
f 3223/2271/2111 3224/271/219 3227/2443/2256
f 3227/2443/2256 3230/228/186 3226/1439/1598
f 2808/1440/1600 2811/2382/2184 2800/167/1601
f 2811/2382/2184 2810/2444/2257 2800/167/1601
f 2810/2444/2257 2807/2445/2258 2800/167/1601
f 2807/2445/2258 2799/2404/2214 2800/167/1601
f 2887/656/1448 2888/657/1447 2891/188/1485
f 2368/548/540 2365/126/98 2366/128/100
f 1581/524/1770 1582/448/875 1584/526/1603
f 1582/448/875 1585/447/874 1584/526/1603
f 1585/447/874 1588/183/145 1587/529/1336
f 2172/1442/1604 2173/331/282 2176/967/991
f 1728/2446/2259 1727/2232/2065 1725/1444/1606
f 1727/2232/2065 1724/1258/1326 1725/1444/1606
f 1724/1258/1326 1721/1260/1328 1725/1444/1606
f 3402/657/1607 3401/656/732 3398/489/1608
f 3746/1446/1612 3755/2181/2001 3754/1445/1610
f 1834/1069/1111 1835/1068/743 1849/171/136
f 1838/866/856 1834/1069/1111 1849/171/136
f 1838/866/856 1849/171/136 1848/1447/855
f 3159/1362/1507 3150/2379/2182 3155/1161/1207
f 3150/2379/2182 3151/1162/1208 3155/1161/1207
f 3160/1419/1576 3159/1362/1507 3155/1161/1207
f 3265/1449/1614 3266/1067/1110 3269/87/64
f 3269/87/64 3272/86/63 3268/1448/1613
f 3272/86/63 3271/1041/1078 3268/1448/1613
f 2339/70/49 2338/1507/1709 2335/1450/1615
f 1622/377/335 1623/2092/1230 1626/82/59
f 3277/1451/1616 3274/1042/1079 3275/737/745
f 1729/835/854 1727/2232/2065 1728/2446/2259
f 1728/2446/2259 1731/1452/1617 1729/835/854
f 1731/1452/1617 1739/2299/2142 1734/1430/1588
f 1739/2299/2142 1738/1066/1109 1734/1430/1588
f 1734/1430/1588 1733/414/378 1729/835/854
f 1474/432/1346 1471/50/166 1472/51/1618
f 1378/1453/1620 1377/1348/1497 1370/842/1378
f 1377/1348/1497 1369/2400/2205 1370/842/1378
f 3278/932/954 3275/737/745 3276/739/747
f 3119/1455/1622 3116/2436/2249 3120/891/907
f 3116/2436/2249 3117/1405/1558 3120/891/907
f 3120/891/907 3123/890/906 3119/1455/1622
f 2850/229/188 2851/1334/1443 2854/1333/1442
f 2014/1151/162 2009/1152/1192 2010/1153/1410
f 2010/1153/1410 2011/907/925 2015/860/479
f 2701/602/605 2702/1310/1402 2705/390/1484
f 2589/1457/1625 2590/305/254 2593/705/708
f 3292/1341/1489 3293/1342/1490 3296/215/172
f 3114/1402/1555 3111/1093/1128 3112/1458/1626
f 3588/1164/1083 3598/64/44 3597/66/45
f 3588/1164/1083 3597/66/45 3592/1163/1082
f 3313/1460/2260 3312/875/894 3308/874/893
f 2666/908/1631 2663/1479/1660 2668/1462/1629
f 2663/1479/1660 2664/443/1661 2668/1462/1629
f 2664/443/1661 2669/17/9 2668/1462/1629
f 2668/1462/1629 2672/16/8 2671/230/1630
f 3311/873/892 3312/875/894 3316/1463/2261
f 3316/1463/2261 3312/875/894 3313/1460/2260
f 3322/1466/1634 3321/2145/1961 3313/1460/1635
f 3321/2145/1961 3316/1463/2202 3313/1460/1635
f 3313/1460/1635 3314/2447/2262 3319/1465/1633
f 2073/1057/1099 2070/1145/1184 2074/714/725
f 2070/1145/1184 2067/155/120 2068/463/691
f 2071/1144/1183 2070/1145/1184 2068/463/691
f 2351/1089/1124 2352/1268/1347 2355/1091/1126
f 2181/1468/1637 2178/192/154 2182/2273/2114
f 2178/192/154 2179/191/153 2182/2273/2114
f 2182/2273/2114 2185/887/903 2181/1468/1637
f 1947/807/823 1944/733/742 1945/1469/1638
f 3074/1386/1893 3064/2087/1892 3070/2448/1534
f 3064/2087/1892 3055/2086/1891 3070/2448/1534
f 3056/1544/2263 3060/2449/2264 3066/2450/2265
f 3065/1543/947 3071/1542/946 3070/2448/1534
f 3056/1544/2263 3066/2450/2265 3065/1543/2266
f 3070/2448/2248 3075/2451/2248 3074/1386/2248
f 3055/2086/1891 3050/1025/1058 3070/2448/1534
f 3065/1543/947 3070/2448/1534 3050/1025/1058
f 3056/1544/948 3065/1543/947 3050/1025/1058
f 3057/1471/1551 3056/1544/948 3050/1025/1058
f 3344/1472/1640 3341/2405/2215 3345/1316/1416
f 3341/2405/2215 3342/1311/1407 3345/1316/1416
f 3345/1316/1416 3348/467/439 3344/1472/1640
f 2808/1440/1600 2805/168/1599 2802/527/511
f 2802/527/511 2803/905/923 2809/1473/1641
f 2812/1213/1263 2811/2382/2184 2802/527/511
f 2811/2382/2184 2808/1440/1600 2802/527/511
f 3086/8/1077 3087/134/191 2929/1326/1433
f 2204/1118/1151 2207/997/1025 2206/700/701
f 1708/1180/1643 1709/176/138 1712/345/303
f 3204/1476/1645 3203/223/181 3200/1428/1585
f 3203/223/181 3199/1429/1587 3200/1428/1585
f 1459/10/286 1462/59/391 1461/60/1646
f 3741/1477/1647 3746/1446/1612 3745/809/1611
f 1868/2165/2267 1855/2166/1831 1856/895/911
f 1875/421/808 1874/645/202 1865/629/631
f 1874/645/202 1868/2165/2267 1856/895/911
f 1865/629/631 1874/645/202 1864/630/118
f 1870/1517/111 1873/2167/111 1875/421/111
f 1865/629/631 1870/1517/1837 1875/421/808
f 1395/417/381 1392/1254/2268 1393/337/294
f 1392/1254/2268 1389/1221/1274 1393/337/294
f 1389/1221/1274 1390/409/373 1393/337/294
f 3365/901/917 3366/1128/1160 3369/1478/1649
f 2913/33/1650 2914/32/1465 2917/111/1469
f 2370/1100/1134 2373/1104/1138 2372/549/541
f 3760/1152/1192 3749/2381/1846 3750/1205/1764
f 3751/1313/2269 3756/2406/2269 3757/1312/2269
f 3760/1152/1192 3750/1205/1764 3751/1313/1651
f 3761/1153/1193 3760/1152/1192 3751/1313/1651
f 3378/538/1653 3381/95/70 3380/10/69
f 3385/45/1654 3382/60/1444 3383/59/940
f 3434/448/1656 3437/447/1044 3436/526/1657
s 0
f 1276/1925/111 1277/1924/111 1229/1926/111
f 1277/1924/111 1278/196/111 1228/1923/111
f 1278/196/111 1226/707/111 1228/1923/111
f 1226/707/111 1227/1807/111 1228/1923/111
f 1275/1927/111 1276/1925/111 1229/1926/111
f 1277/1924/111 1228/1923/111 1229/1926/111
f 1273/1930/111 1274/1928/111 1231/1931/111
f 1274/1928/111 1275/1927/111 1230/1929/111
f 1231/1931/111 1274/1928/111 1230/1929/111
f 1271/1837/111 1272/1932/111 1233/1934/111
f 1272/1932/111 1273/1930/111 1232/1933/111
f 1271/1837/111 1233/1934/111 1234/1794/111
f 1269/1832/111 1270/1834/111 1236/1935/111
f 1270/1834/111 1271/1837/111 1235/1793/111
f 1235/1793/111 1271/1837/111 1234/1794/111
f 1267/1937/111 1268/1829/111 1238/1798/111
f 1268/1829/111 1269/1832/111 1237/1936/111
f 1238/1798/111 1268/1829/111 1237/1936/111
f 1265/1922/111 1266/1938/111 1239/1921/111
f 1266/1938/111 1267/1937/111 1239/1921/111
f 1239/1921/111 1267/1937/111 1238/1798/111
f 1252/1831/111 1253/1830/111 1254/1911/111
f 1249/1912/111 1250/1910/111 1255/1913/111
f 1250/1910/111 1251/1833/111 1254/1911/111
f 1255/1913/111 1250/1910/111 1254/1911/111
f 1247/1916/111 1248/1914/111 1258/1917/111
f 1248/1914/111 1249/1912/111 1257/1915/111
f 1258/1917/111 1248/1914/111 1257/1915/111
f 1245/55/111 1246/1918/111 1260/1818/111
f 1246/1918/111 1247/1916/111 1259/1919/111
f 1243/125/111 1244/56/111 1262/124/111
f 1244/56/111 1245/55/111 1261/1816/111
f 1241/1806/111 1242/1808/111 1264/1920/111
f 1242/1808/111 1243/125/111 1263/123/111
f 1264/1920/111 1242/1808/111 1263/123/111
f 1239/1921/111 1240/1804/111 1265/1922/111
f 1240/1804/111 1241/1806/111 1264/1920/111
f 1265/1922/111 1240/1804/111 1264/1920/111
f 1244/56/111 1261/1816/111 1262/124/111
f 1246/1918/111 1259/1919/111 1260/1818/111
f 1251/1833/111 1252/1831/111 1254/1911/111
f 1275/1927/111 1229/1926/111 1230/1929/111
f 1249/1912/111 1255/1913/111 1256/1939/111
f 1231/1931/111 1232/1933/111 1273/1930/111
f 1249/1912/111 1256/1939/111 1257/1915/111
f 1232/1933/111 1233/1934/111 1272/1932/111
f 1247/1916/111 1258/1917/111 1259/1919/111
f 1270/1834/111 1235/1793/111 1236/1935/111
f 1269/1832/111 1236/1935/111 1237/1936/111
f 1245/55/111 1260/1818/111 1261/1816/111
s 1
f 1557/460/432 1558/76/149 1561/322/539
f 2894/389/1659 2897/189/272 2896/76/55
f 2663/1479/1660 2660/2109/2174 2661/433/1320
f 3091/560/1662 3090/198/160 3368/197/159
f 3399/490/1609 3398/489/1608 3395/432/1299
f 1576/32/895 1573/119/94 1574/118/93
f 3443/1480/1663 3528/298/247 3529/297/246
f 1453/182/1664 1456/12/284 1455/11/1665
f 3401/656/732 3402/657/1607 3405/188/1247
f 3426/118/1666 3429/112/370 3428/32/21
f 1663/695/696 1662/2055/1946 1659/1006/1036
f 3793/1001/1668 3779/735/743 3780/894/910
f 3793/1001/1668 3780/894/910 3785/893/1845
f 3793/1001/1668 3785/893/1845 3790/309/258
f 1546/432/1149 1549/489/1051 1548/678/1669
f 1537/43/26 1538/426/560 1541/323/274
f 3421/1015/1048 3418/417/1779 3419/187/316
f 2572/1398/1547 2570/1397/1546 2573/1212/1262
f 2570/1397/1546 2568/1131/1163 2569/1481/1672
f 3437/447/1044 3438/497/1678 3441/181/1673
f 3117/1405/1558 3114/1402/1555 3115/1459/1627
f 3427/33/22 3428/32/21 3431/111/371
f 2371/550/542 2372/549/541 2375/1105/1139
f 3682/283/232 3679/789/804 3680/790/805
f 3433/524/1658 3430/272/1675 3431/111/371
f 3101/1085/1123 3102/1084/1122 3104/1484/1677
f 3102/1084/1122 3105/2452/2270 3104/1484/1677
f 3105/2452/2270 3108/1094/1129 3104/1484/1677
f 3434/448/1656 3435/446/816 3438/497/1678
f 1953/818/835 1950/814/830 1954/813/829
f 1950/814/830 1947/807/823 1951/812/828
f 1947/807/823 1948/1470/1639 1951/812/828
f 3230/228/186 3227/2443/2256 3228/1485/1679
f 3227/2443/2256 3224/271/219 3225/270/218
f 3228/1485/1679 3227/2443/2256 3225/270/218
f 3448/1486/1680 3449/1072/1114 3452/1487/1681
f 2596/187/710 2597/185/709 2600/1489/1683
f 3688/659/661 3685/791/360 3686/689/75
f 3362/1129/1161 3361/1021/1053 3357/980/2119
f 3452/1487/1681 3449/1072/1114 3450/1490/1684
f 3467/2453/2271 3464/2454/2272 3468/1492/1686
f 3464/2454/2272 3461/2231/2063 3468/1492/1686
f 3468/1492/1686 3461/2231/2063 3462/833/851
s 0
f 850/225/111 851/1436/111 852/774/111
f 852/774/111 853/2013/111 855/1041/111
f 853/2013/111 854/956/111 855/1041/111
f 849/2014/111 850/225/111 852/774/111
f 849/2014/111 852/774/111 855/1041/111
f 849/2014/111 855/1041/111 856/2015/111
f 848/2016/111 849/2014/111 856/2015/111
f 848/2016/111 856/2015/111 857/1042/111
f 847/2017/111 848/2016/111 857/1042/111
f 847/2017/111 857/1042/111 858/2022/111
f 869/231/111 870/2019/111 862/233/111
f 870/2019/111 846/2018/111 860/2020/111
f 846/2018/111 847/2017/111 858/2022/111
f 846/2018/111 858/2022/111 859/2025/111
f 867/2024/111 868/212/111 866/2023/111
f 868/212/111 869/231/111 866/2023/111
f 870/2019/111 860/2020/111 861/2021/111
f 846/2018/111 859/2025/111 860/2020/111
f 865/2026/111 866/2023/111 869/231/111
f 864/2027/111 865/2026/111 869/231/111
f 870/2019/111 861/2021/111 862/233/111
f 863/232/111 864/2027/111 869/231/111
s 1
f 3469/1217/1267 3474/655/657 3473/1493/1687
f 3470/1216/1266 3475/2172/1992 3474/655/657
f 3679/789/804 3678/788/803 3670/830/1172
f 3678/788/803 3669/2229/2061 3670/830/1172
f 3679/789/804 3670/830/1172 3671/831/1688
f 3671/831/2273 3675/2230/2273 3676/1494/2273
f 3680/790/805 3679/789/804 3673/924/946
f 3679/789/804 3676/1494/1536 3672/1384/1689
f 3673/924/946 3674/2257/1743 3680/790/805
f 3483/1495/1690 3480/411/375 3481/413/377
f 3484/742/750 3487/741/749 3486/1367/1512
f 3483/1495/1690 3481/413/377 3484/742/750
f 3831/750/756 3830/915/935 3827/914/934
f 3599/1447/111 3603/2246/111 3607/895/111
f 3607/895/1520 3606/2166/1831 3602/2247/2240
f 3594/864/883 3599/1447/1518 3607/895/1520
f 3607/895/1520 3602/2247/2240 3593/896/1521
f 3492/1378/1528 3496/1408/1562 3495/1496/1691
f 2401/2287/2133 2402/1364/1510 2414/1497/1692
f 2402/1364/1510 2409/2235/2072 2414/1497/1692
f 2409/2235/2072 2419/1847/2071 2414/1497/1692
f 2414/1497/1692 2413/1196/1244 2408/1195/1243
f 2405/1194/1242 2401/2287/2133 2414/1497/1692
f 1780/670/669 1779/623/626 2105/912/931
f 3092/1498/1693 3089/707/158 3090/218/160
f 3838/994/1022 3841/800/814 3837/995/1023
f 3841/800/814 3844/2222/2048 3843/801/815
f 3840/799/813 3841/800/814 3843/801/815
f 1501/471/443 1498/187/1931 1499/185/1694
f 1498/187/1931 1495/484/485 1499/185/1694
f 1495/484/485 1496/483/484 1499/185/1694
f 3692/660/820 3695/733/1745 3694/806/1695
f 1718/1293/1376 1719/871/890 1722/1443/1605
f 3425/119/1049 3422/117/1671 3423/355/315
f 2094/1407/1561 2092/801/815 2093/2222/2048
f 2093/2222/2048 2096/2437/2250 2094/1407/1561
f 2096/2437/2250 2104/565/566 2103/564/565
f 2096/2437/2250 2103/564/565 2094/1407/1561
f 3247/1499/1697 3244/1187/1235 3245/1176/1227
f 3519/1120/1153 3520/2394/2198 3523/1500/1698
f 2277/1501/1699 2274/2455/2274 2275/639/640
f 2274/2455/2274 2341/1506/1708 2342/72/51
f 2275/639/640 2274/2455/2274 2342/72/51
f 2541/69/48 2542/68/47 2545/1502/1700
f 3467/2453/2271 3468/1492/1686 3473/1493/1687
f 3472/2456/2275 3467/2453/2271 3473/1493/1687
f 3478/412/376 3477/2100/1908 3473/1493/1687
f 3477/2100/1908 3472/2456/2275 3473/1493/1687
f 1624/1339/963 1621/2048/964 1622/377/335
f 2321/1070/1112 2324/1040/1076 2323/1039/1075
f 2389/1030/1062 2390/2137/1953 2402/1364/1510
f 2402/1364/1510 2401/2287/2133 2398/2286/2132
f 2402/1364/1510 2398/2286/2132 2393/1031/1063
f 2817/1278/1359 2816/1277/1358 2813/1504/1702
f 2813/1504/1702 2810/2444/2257 2814/1215/1265
f 2810/2444/2257 2811/2382/2184 2814/1215/1265
f 1454/1140/2276 1453/182/1664 1450/198/176
f 1450/198/176 1522/183/476 1523/181/1703
f 1451/625/1704 1454/1140/2276 1450/198/176
f 2524/1505/1705 2527/2398/2203 2526/1286/1369
f 2526/1286/1369 2523/1285/1368 2524/1505/1705
f 2523/1285/1368 2520/275/224 2524/1505/1705
f 3552/141/799 3551/684/686 3547/758/344
f 3547/758/344 3534/2155/1901 3535/1355/1502
f 3544/143/1707 3552/141/799 3547/758/344
f 3547/758/344 3535/1355/1502 3539/1395/1706
f 2339/70/49 2342/72/51 2341/1506/1708
f 2948/883/650 2947/882/649 2938/1508/832
f 3206/1421/1578 3209/1388/1539 3208/1509/1710
f 2169/352/312 2170/332/283 2173/331/282
f 3550/343/1711 3551/684/686 3558/178/140
f 3551/684/686 3559/2186/2005 3564/179/141
f 3558/178/140 3551/684/686 3564/179/141
f 3559/2186/2005 3569/1511/1939 3564/179/141
f 3569/1511/1939 3568/180/142 3564/179/141
f 1679/633/634 1684/635/636 1683/256/42
f 2544/1192/1240 2547/1191/1239 2546/1190/1238
f 1819/498/879 1820/2125/1940 1823/499/478
f 1823/499/478 1822/500/479 1819/498/879
f 3573/500/479 3576/383/341 3575/385/343
f 1447/674/674 1448/2410/2219 1281/560/1712
f 3573/500/479 3574/499/478 3577/877/738
f 2628/1512/1158 2627/198/537 2673/18/10
f 2673/18/10 2674/328/279 2628/1512/1158
f 2674/328/279 2675/327/278 2629/560/1713
f 2603/1513/1714 2602/587/590 2599/746/751
f 3209/1388/1539 3212/1389/1540 3211/1436/1594
f 3409/460/1715 3410/76/2008 3413/322/1284
f 3289/1514/1716 3286/393/356 3287/708/718
f 2195/423/388 2198/985/1011 2197/850/867
f 2295/1516/1718 2294/1010/1040 2289/1048/1104
f 2294/1010/1040 2293/841/862 2288/164/129
f 2289/1048/1104 2294/1010/1040 2288/164/129
f 3576/383/341 3577/877/738 3580/730/587
f 2772/869/1392 2773/868/1391 2776/79/1295
f 3561/2184/2003 3562/783/797 3571/2125/1940
f 3560/685/687 3561/2184/2003 3571/2125/1940
f 3560/685/687 3571/2125/1940 3570/498/477
f 1858/65/921 1859/1844/1795 1872/2248/1928
f 1867/803/754 1858/65/921 1876/904/13
f 1858/65/921 1872/2248/1928 1876/904/13
f 1866/804/753 1867/803/754 1876/904/13
f 1876/904/13 1875/421/808 1866/804/753
f 3281/933/955 3278/932/954 3279/1454/1621
f 2981/585/588 2986/1045/1083 2985/1519/819
f 2985/1519/819 2984/1365/743 2980/583/586
f 3774/1521/1081 3775/734/586 3778/736/1721
f 3775/734/586 3779/735/743 3778/736/1721
f 2320/1503/1701 2317/449/416 2318/450/417
f 1572/31/896 1569/1015/1329 1570/117/92
f 2036/326/277 2035/325/276 2026/1520/1395
f 2026/1520/1395 2027/736/744 2031/836/1722
f 3585/1069/1511 3586/1068/743 3600/171/136
f 3589/866/1723 3585/1069/1511 3600/171/136
f 3589/866/1723 3600/171/136 3599/1447/1518
f 3599/1447/1518 3600/171/136 3608/628/800
f 3608/628/800 3621/1517/2239 3616/629/646
f 3607/895/1517 3608/628/800 3615/630/645
f 2820/1276/1357 2817/1278/1359 2818/1522/1724
f 2193/849/866 2190/2243/2080 2191/422/387
f 3245/1176/1227 3246/1175/1226 3249/1524/1726
f 3327/512/495 3324/570/573 3325/1525/1727
f 3324/570/573 3321/2145/1961 3325/1525/1727
f 3321/2145/1961 3322/1466/1634 3325/1525/1727
f 2024/734/586 2025/884/588 2029/894/1728
f 2025/884/588 2030/892/908 2029/894/1728
f 1350/1526/1729 1347/2403/2211 1351/121/96
f 1347/2403/2211 1348/1308/1400 1351/121/96
f 1351/121/96 1354/120/95 1350/1526/1729
f 3353/1528/1731 3350/146/114 3351/145/113
f 3351/145/113 3354/1146/1185 3353/1528/1731
f 3354/1146/1185 3357/980/2165 3360/981/1055
f 3353/1528/1731 3354/1146/1185 3360/981/1055
f 1966/828/846 1969/581/584 1968/320/270
f 3738/1531/1733 3737/1532/1734 3733/1238/1341
f 3737/1532/1734 3724/1236/1296 3733/1238/1341
f 3724/1236/1296 3725/288/237 3729/1237/1732
f 3513/1270/1349 3512/2320/2154 3509/1306/1390
f 3026/2457/1032 3023/249/202 3032/1530/385
f 3023/249/202 3024/796/386 3032/1530/385
f 3024/796/386 3029/2219/1909 3033/1529/384
f 3031/1538/1529 3026/2457/1032 3032/1530/385
f 3738/1531/1733 3743/1204/1765 3742/1206/1256
f 3036/2221/1850 3047/2458/1851 3046/1023/1056
f 3047/2458/1851 3052/2459/1852 3046/1023/1056
f 3052/2459/1852 3051/1024/1057 3046/1023/1056
f 3036/2221/1850 3046/1023/1056 3045/1533/1735
f 3035/794/180 3036/2221/1850 3045/1533/1735
f 2219/760/2029 2220/1009/1039 2225/1008/1038
f 2235/1536/1737 2224/2418/2230 2219/760/2029
f 2224/2418/2230 2214/762/2229 2219/760/2029
f 2235/1536/1737 2219/760/2029 2225/1008/1038
f 2235/1536/1737 2225/1008/1038 2230/1007/1037
f 2235/1536/1737 2230/1007/1037 2231/1535/1736
f 3636/792/807 3637/222/180 3642/221/179
f 3652/1063/1058 3641/2207/2033 3636/792/807
f 3641/2207/2033 3631/2101/2032 3636/792/807
f 3652/1063/1058 3636/792/807 3642/221/179
f 3652/1063/1058 3642/221/179 3647/220/178
f 3652/1063/1058 3647/220/178 3648/1537/1738
f 3043/1381/779 3049/360/322 3042/2460/2242
f 3049/360/322 3048/2434/2129 3042/2460/2242
f 3043/1381/779 3042/2460/2242 3031/1538/1529
f 3044/1382/1531 3043/1381/779 3031/1538/1529
f 3038/1539/1739 3044/1382/1531 3031/1538/1529
f 3342/1311/1407 3339/478/454 3340/1540/1740
f 3652/1063/1058 3657/2250/1891 3671/831/1688
f 3657/2250/1891 3666/2251/1892 3671/831/1688
f 3666/2251/1892 3676/1494/1893 3671/831/1688
f 3671/831/1688 3670/830/1172 3665/1013/1171
f 3671/831/1688 3665/1013/1171 3652/1063/1058
f 3665/1013/1171 3656/922/320 3652/1063/1058
f 3651/763/772 3652/1063/1058 3656/922/320
f 3051/1024/1057 3052/2459/1852 3057/1471/1551
f 3052/2459/1852 3061/2461/1996 3057/1471/1551
f 3056/1544/948 3057/1471/1551 3072/1571/1743
f 3057/1471/1551 3061/2461/1996 3072/1571/1743
f 3056/1544/948 3072/1571/1743 3071/1542/946
f 3076/1545/803 3077/133/804 3080/1028/232
f 2259/2267/1536 2262/1018/804 2254/1547/1535
f 2262/1018/804 2261/1019/803 2253/1036/1071
f 2261/1019/803 2252/2293/2061 2253/1036/1071
f 2263/1016/805 2262/1018/804 2256/667/666
f 2262/1018/804 2259/2267/1536 2255/2416/1534
f 2255/2416/1534 2256/667/666 2262/1018/804
f 1402/105/80 1403/107/82 1406/1549/1744
f 2269/100/75 2270/99/74 2273/879/899
f 3695/733/1745 3692/660/820 3693/732/1746
f 2495/1168/1216 2496/1167/1215 2499/1170/1218
f 3505/501/480 3504/2/2 3502/1552/1750
f 3504/2/2 3501/1/1 3502/1552/1750
f 3501/1/1 3498/1298/1381 3499/1551/1749
f 1330/357/319 1331/1282/1500 1334/265/215
f 2267/101/76 2269/100/75 2268/2385/360
f 2268/2385/360 2264/1020/1050 2267/101/76
f 1766/317/267 1765/206/164 1759/205/163
f 1453/182/1664 1454/1140/2276 1457/538/1751
f 3686/689/75 3687/688/74 3690/797/810
f 3695/733/1745 3698/807/1157 3697/1123/1156
f 3698/807/1157 3695/733/1745 3696/1469/1747
f 1953/818/835 1952/2227/2059 1950/814/830
f 1952/2227/2059 1949/1122/1155 1950/814/830
f 1949/1122/1155 1946/1123/2055 1947/807/823
f 2082/749/1752 2079/915/935 2080/750/756
f 3711/823/840 3710/380/338 3707/819/836
f 3707/819/836 3704/818/835 3708/1553/1753
f 3704/818/835 3705/813/829 3708/1553/1753
s 0
f 501/2325/4 500/2324/4 499/2323/4
f 501/2325/4 499/2323/4 502/2326/4
f 499/2323/4 498/2329/4 502/2326/4
f 503/2327/4 502/2326/4 495/2328/4
f 505/1133/4 504/2331/4 527/1135/4
f 504/2331/4 503/2327/4 528/2332/4
f 507/2334/4 506/2333/4 525/2335/4
f 506/2333/4 505/1133/4 526/1134/4
f 507/2334/4 525/2335/4 524/2336/4
f 509/2338/4 508/2337/4 523/2339/4
f 508/2337/4 507/2334/4 524/2336/4
f 511/2342/4 510/2340/4 521/2343/4
f 510/2340/4 509/2338/4 522/2341/4
f 521/2343/4 510/2340/4 522/2341/4
f 512/2344/4 511/2342/4 520/2345/4
f 520/2345/4 511/2342/4 521/2343/4
f 508/2337/4 524/2336/4 523/2339/4
f 502/2326/4 498/2329/4 497/2330/4
f 518/2347/4 517/2346/4 516/77/4
f 536/2350/4 535/2349/4 534/2348/4
f 502/2326/4 497/2330/4 496/2351/4
f 518/2347/4 516/77/4 519/2353/4
f 516/77/4 515/2352/4 519/2353/4
f 536/2350/4 534/2348/4 537/2355/4
f 534/2348/4 533/2354/4 537/2355/4
f 502/2326/4 496/2351/4 495/2328/4
f 519/2353/4 515/2352/4 514/2356/4
f 519/2353/4 514/2356/4 513/2357/4
f 519/2353/4 513/2357/4 512/2344/4
f 503/2327/4 495/2328/4 494/2358/4
f 519/2353/4 512/2344/4 520/2345/4
f 503/2327/4 494/2358/4 529/2360/4
f 494/2358/4 537/2355/4 530/2359/4
f 529/2360/4 494/2358/4 530/2359/4
f 537/2355/4 533/2354/4 532/2361/4
f 537/2355/4 532/2361/4 531/2362/4
f 537/2355/4 531/2362/4 530/2359/4
f 523/2339/4 522/2341/4 509/2338/4
f 525/2335/4 506/2333/4 526/1134/4
f 504/2331/4 528/2332/4 527/1135/4
f 503/2327/4 529/2360/4 528/2332/4
s 1
f 1957/1553/1753 1960/823/840 1956/819/836
f 1960/823/840 1959/380/338 1956/819/836
f 1956/819/836 1953/818/835 1957/1553/1753
f 2496/1167/1215 2493/263/213 2494/1554/1754
f 3398/489/1608 3401/656/732 3400/721/734
f 1483/704/995 1480/656/658 1481/657/659
f 1963/822/1755 1962/827/845 1959/380/338
f 3715/319/269 3712/381/1225 3713/827/845
f 3713/827/845 3714/822/839 3717/828/846
f 2620/1000/1028 2623/486/463 2622/1555/1756
f 2782/102/77 2779/104/79 2780/1556/1757
f 3718/321/271 3719/320/270 3722/580/583
f 3108/1094/1129 3105/2452/2270 3106/1557/1758
f 3105/2452/2270 3102/1084/1122 3106/1557/1758
f 3102/1084/1122 3103/2391/2189 3106/1557/1758
f 2939/387/831 2938/1508/832 2928/1474/1642
f 2928/1474/1642 2929/1326/1433 2931/1558/1759
f 2929/1326/1433 2932/2094/1901 2931/1558/1759
f 2939/387/831 2928/1474/1642 2934/388/1492
f 3834/751/757 3835/916/1787 3838/994/1022
f 1977/1005/1034 1990/1477/2056 1985/716/1404
f 1990/1477/2056 1989/810/826 1985/716/1404
f 1981/715/1760 1976/793/809 1977/1005/1034
f 1801/141/982 1800/684/714 1796/758/344
f 1796/758/344 1783/2155/1975 1784/1355/2247
f 1793/143/1762 1801/141/982 1796/758/344
f 1796/758/344 1784/1355/2247 1788/1395/1761
f 2983/1366/1511 2984/1365/743 2998/1099/136
f 2987/1559/2277 2988/2462/2277 2983/1366/2277
f 2992/1373/2278 2993/2463/2278 2987/1559/2278
f 2987/1559/1723 2983/1366/1511 2998/1099/136
f 2987/1559/1723 2998/1099/136 2997/1372/1518
f 2950/1241/799 2949/1349/714 2945/386/344
f 2945/386/344 2932/2094/1901 2933/1325/1432
f 2942/1344/1707 2950/1241/799 2945/386/344
f 2945/386/344 2933/1325/1432 2937/1560/1763
f 3743/1204/111 3747/2380/111 3750/1205/111
f 3750/1205/1764 3749/2381/1846 3742/1206/1256
f 3179/509/492 3180/1425/1582 3185/2464/2279
f 3185/2464/2279 3192/2441/2254 3179/509/492
f 3192/2441/2254 3191/1561/1766 3179/509/492
f 3178/510/493 3179/509/492 3191/1561/1766
f 3743/1204/1765 3744/706/714 3751/1313/1651
f 3744/706/714 3752/2190/2005 3757/1312/1652
f 3751/1313/1651 3744/706/714 3757/1312/1652
f 3752/2190/2005 3762/907/2014 3757/1312/1652
f 3762/907/2014 3761/1153/1193 3757/1312/1652
f 2948/883/1768 2949/1349/714 2956/1563/140
f 2949/1349/714 2957/2420/2005 2962/1575/141
f 2956/1563/140 2949/1349/714 2962/1575/141
f 2957/2420/2005 2967/1970/925 2962/1575/141
f 2967/1970/925 2966/199/142 2962/1575/141
f 2962/1575/2280 2961/2465/2280 2956/1563/2280
f 3579/876/897 3578/384/342 3575/385/343
f 3527/690/689 3528/298/247 3443/1480/1663
f 1581/524/1770 1578/272/221 1579/111/86
f 1648/613/616 1649/1413/1567 1652/1565/1771
f 1295/567/570 1294/2140/1956 1288/285/234
f 1294/2140/1956 1291/286/2192 1288/285/234
f 3766/860/479 3769/725/341 3768/1307/343
f 3766/860/479 3767/859/478 3770/726/738
f 1489/76/446 1492/322/448 1491/536/1773
f 3006/1370/800 2998/1099/136 2999/1098/1133
f 3376/11/1776 3377/12/1429 3380/10/69
f 3771/1295/342 3772/1296/897 3775/734/586
f 1337/1567/1778 1340/779/791 1339/46/29
f 3091/625/1662 3094/1074/1116 3093/251/204
f 3418/417/1779 3415/537/524 3416/484/523
f 2975/1353/738 2978/584/587 2977/1411/897
f 3608/628/800 3600/171/136 3601/170/1133
f 3775/734/586 3776/884/588 3780/894/910
f 3776/884/588 3781/892/908 3780/894/910
f 3206/1421/1578 3207/1420/1577 3210/1568/1780
f 3690/797/810 3693/732/1746 3692/660/820
f 1885/792/807 1886/222/770 1891/221/769
f 1901/1063/1106 1890/2207/2033 1885/792/807
f 1890/2207/2033 1880/2101/2036 1885/792/807
f 1901/1063/1106 1885/792/807 1891/221/769
f 1901/1063/1106 1891/221/769 1896/220/771
f 1901/1063/1106 1896/220/771 1897/1537/1781
f 2982/1569/884 2983/1366/1511 2987/1559/1782
f 2992/1373/883 2991/1374/1521 2982/1569/884
f 1849/171/136 1857/628/314 1848/1447/855
f 1857/628/314 1856/895/1889 1848/1447/855
f 3015/1570/1783 3019/1748/2239 3006/1370/800
f 3006/1370/800 3007/20/1775 3016/19/11
f 3801/354/800 3814/464/2168 3809/154/1784
f 3814/464/2281 3813/1958/2281 3809/154/2281
f 3804/1955/2282 3800/324/2282 3808/153/2283
f 3800/324/801 3801/354/800 3808/153/118
f 3808/153/2283 3805/1956/2284 3804/1955/2282
f 3812/1953/2267 3799/1954/1831 3800/324/1520
f 3819/463/435 3818/155/120 3809/154/1784
f 3818/155/120 3812/1953/2267 3800/324/1520
f 3809/154/1784 3818/155/120 3808/153/118
f 3809/154/1784 3814/464/2285 3819/463/435
f 3078/1027/805 3077/133/804 3071/1542/946
f 3077/133/804 3074/1386/1536 3070/2448/1534
f 3070/2448/1534 3071/1542/946 3077/133/804
f 3513/1270/1349 3510/36/25 3511/35/24
f 2100/1579/1794 2095/2442/2255 2101/494/472
f 2095/2442/2255 2091/2408/2217 2094/1407/1561
f 2101/494/472 2095/2442/2255 2094/1407/1561
f 2091/2408/2217 2092/801/815 2094/1407/1561
f 2094/1407/1561 2098/495/1560 2101/494/472
f 3305/591/594 3306/1346/1494 3313/1460/1635
f 3306/1346/1494 3314/2447/2262 3313/1460/1635
f 2196/851/868 2197/850/867 2200/979/1006
f 3829/913/933 3832/1375/1523 3831/750/756
f 3831/750/756 3832/1375/1523 3835/916/1787
f 2168/1574/1789 2167/351/311 2164/973/1000
f 2164/973/1000 2161/291/980 2165/1573/1788
f 2161/291/980 2162/336/1595 2165/1573/1788
f 2965/1969/1192 2954/2241/1846 2955/881/648
f 2965/1969/1192 2955/881/648 2956/1563/140
f 2966/199/142 2965/1969/1192 2956/1563/140
f 2083/751/757 2086/995/1023 2085/1404/1557
f 3769/725/341 3772/1296/897 3771/1295/342
f 2387/1401/1554 2384/1111/1145 2385/1114/1148
f 1604/718/1964 1605/954/949 1612/756/765
f 1604/718/1964 1612/756/765 1611/425/390
f 1603/1207/1257 1604/718/1964 1611/425/390
f 1378/1453/1620 1375/79/1619 1372/80/735
f 1372/80/735 1373/2194/2019 1379/802/818
f 3778/736/1721 3779/735/743 3793/1001/1668
f 3782/836/1791 3778/736/1721 3793/1001/1668
f 3782/836/1791 3793/1001/1668 3792/785/802
f 2310/1578/1793 2309/1942/1823 2306/677/678
f 2306/677/678 2303/676/677 2307/1577/1792
f 2303/676/677 2304/1012/1042 2307/1577/1792
f 3852/494/486 3853/496/474 3857/671/1522
f 3852/494/486 3857/671/1522 3856/912/931
f 3858/566/567 3857/671/1522 3854/564/806
f 3857/671/1522 3853/496/474 3854/564/806
f 2959/2390/2188 2960/1239/797 2969/2300/1940
f 2958/1350/687 2959/2390/2188 2969/2300/1940
f 2958/1350/687 2969/2300/1940 2968/1076/477
f 2976/1580/342 2977/1411/897 2980/583/586
f 1760/367/329 1759/205/163 1754/687/635
f 1759/205/163 1758/1842/636 1753/61/41
f 3453/1491/1685 3457/2317/2150 3454/917/937
f 3457/2317/2150 3456/918/938 3454/917/937
