# Blender 5.1.0
# www.blender.org
mtllib SpellCircleVolumeLP.mtl
o Circle.002
v -1.213433 -0.000650 -0.747584
v -1.120875 0.464672 -0.747584
v -0.857291 0.859153 -0.747584
v -0.462810 1.122737 -0.747584
v 0.002512 1.215295 -0.747584
v 0.467834 1.122737 -0.747584
v 0.862315 0.859153 -0.747584
v 1.125899 0.464672 -0.747584
v 1.218457 -0.000650 -0.747584
v 1.125899 -0.465972 -0.747584
v 0.862315 -0.860453 -0.747584
v 0.467834 -1.124037 -0.747584
v 0.002512 -1.216595 -0.747584
v -0.462810 -1.124037 -0.747584
v -0.857291 -0.860453 -0.747584
v -1.120875 -0.465972 -0.747584
v -2.275419 -0.000645 -0.747585
v -2.114676 0.876318 -0.747584
v -1.608229 1.610095 -0.747585
v -0.874456 2.116539 -0.747584
v 0.002511 2.277285 -0.747585
v 0.879480 2.116539 -0.747584
v 1.613250 1.610095 -0.747585
v 2.119701 0.876318 -0.747584
v 2.280441 -0.000644 -0.747585
v 2.119701 -0.877618 -0.747584
v 1.613250 -1.611384 -0.747585
v 0.879480 -2.117839 -0.747584
v 0.002511 -2.278574 -0.747585
v -0.874456 -2.117839 -0.747584
v -1.608229 -1.611384 -0.747585
v -2.114676 -0.877619 -0.747584
v -1.182580 0.154457 -0.747584
v -0.945152 0.727659 -0.747584
v -0.725798 0.947014 -0.747584
v -0.152596 1.184442 -0.747584
v 0.157619 1.184442 -0.747584
v 0.730821 0.947014 -0.747584
v 0.950176 0.727659 -0.747584
v 1.187604 0.154457 -0.747584
v 1.187604 -0.155757 -0.747584
v 0.950176 -0.728959 -0.747584
v 0.599328 -1.036175 -0.747584
v 0.730822 -0.948314 -0.747584
v 0.157619 -1.185742 -0.747584
v -0.152596 -1.185742 -0.747584
v -0.725797 -0.948314 -0.747584
v -0.945152 -0.728960 -0.747584
v -1.182580 -0.155758 -0.747584
v 1.141317 -1.974256 -0.747584
v 0.592805 -2.201458 -0.747584
v -0.179307 1.641142 -0.747584
v -0.198353 1.573066 -0.747584
v 0.184330 1.641142 -0.747584
v 0.203377 1.573066 -0.747584
v 1.034869 1.288837 -0.747584
v 0.973264 1.254169 -0.747584
v 1.291999 1.031708 -0.747584
v 1.257330 0.970102 -0.747584
v -1.252306 0.970102 -0.747584
v -1.029846 1.288837 -0.747584
v -0.968240 1.254168 -0.747584
v 1.644304 0.181168 -0.747584
v 1.576228 0.200215 -0.747584
v 1.644304 -0.182468 -0.747584
v 1.576228 -0.201515 -0.747584
v -1.639280 0.181168 -0.747584
v -1.571204 0.200215 -0.747584
v -1.639280 -0.182468 -0.747584
v -1.571204 -0.201515 -0.747584
v 1.291999 -1.033007 -0.747584
v 1.257330 -0.971402 -0.747584
v 1.034870 -1.290137 -0.747584
v 0.973264 -1.255468 -0.747584
v 0.184330 -1.642442 -0.747584
v 0.203377 -1.574366 -0.747584
v -0.179306 -1.642442 -0.747584
v -0.198353 -1.574366 -0.747584
v -1.029845 -1.290137 -0.747584
v -0.968240 -1.255469 -0.747584
v -1.286975 -1.033008 -0.747584
v -1.252306 -0.971402 -0.747584
v -0.951597 -0.954759 -0.747584
v -0.958041 -1.180558 -0.747584
v -1.177396 -0.961203 -0.747584
v -1.127090 -1.130252 -0.747584
v 0.002512 -1.349964 -0.747584
v 0.157619 -1.514185 -0.747584
v -0.152595 -1.514185 -0.747584
v 0.002512 -1.598148 -0.747584
v 0.956621 -0.954759 -0.747584
v 1.182420 -0.961203 -0.747584
v 0.963065 -1.180558 -0.747584
v 1.132114 -1.130252 -0.747584
v -1.511023 0.154457 -0.747584
v -1.346801 -0.000650 -0.747584
v -1.594986 -0.000650 -0.747584
v -1.511023 -0.155758 -0.747584
v 1.351825 -0.000650 -0.747584
v 1.516047 0.154457 -0.747584
v 1.516047 -0.155757 -0.747584
v 1.600010 -0.000650 -0.747584
v -0.951597 0.953459 -0.747584
v -1.177396 0.959903 -0.747584
v -0.958041 1.179258 -0.747584
v -1.127090 1.128951 -0.747827
v 0.956621 0.953459 -0.747584
v 0.963065 1.179258 -0.747584
v 1.182420 0.959903 -0.747584
v 1.132113 1.128952 -0.747584
v 0.002512 1.348663 -0.747584
v -0.152596 1.512885 -0.747584
v 0.157619 1.512885 -0.747584
v 0.002512 1.596848 -0.747584
v -2.345426 -0.000650 -0.747584
v -2.166700 0.897867 -0.747584
v -1.657731 1.659593 -0.747584
v -0.896005 2.168562 -0.747584
v 0.002512 2.347288 -0.747584
v 0.901029 2.168562 -0.747584
v 1.662755 1.659593 -0.747584
v 2.171724 0.897867 -0.747584
v 2.350450 -0.000650 -0.747584
v 2.171724 -0.899167 -0.747584
v 1.662755 -1.660893 -0.747584
v 0.901029 -2.169862 -0.747584
v 0.002512 -2.348588 -0.747584
v -0.896005 -2.169862 -0.747584
v -1.657731 -1.660893 -0.747584
v -2.166700 -0.899167 -0.747584
v 1.169300 -2.022751 -0.747584
v 0.607310 -2.255535 -0.747584
v -1.286975 1.031707 -0.747584
v -1.639280 0.181168 -0.747584
v -0.102170 1.903143 -0.747585
v 0.107192 1.903143 -0.747585
v 1.274671 1.419558 -0.747585
v 1.422713 1.271516 -0.747585
v -1.420900 1.287983 -0.750462
v -1.269650 1.419558 -0.747585
v 1.906299 0.104037 -0.747585
v 1.906299 -0.105326 -0.747585
v -1.901277 0.104037 -0.747585
v -1.901277 -0.105326 -0.747585
v 1.422713 -1.272804 -0.747585
v 1.274671 -1.420846 -0.747585
v 0.107192 -1.904432 -0.747585
v -0.102170 -1.904432 -0.747585
v -1.269650 -1.420846 -0.747585
v -1.417691 -1.272805 -0.747585
v -0.119450 1.855075 -0.747584
v 0.124474 1.855075 -0.747584
v 1.228467 1.397786 -0.747584
v 1.400948 1.225306 -0.747584
v -1.223444 1.397785 -0.747584
v 1.858237 0.121312 -0.747584
v 1.858237 -0.122612 -0.747584
v -1.853213 0.121312 -0.747584
v -1.853213 -0.122612 -0.747584
v 1.400948 -1.226606 -0.747584
v 1.228468 -1.399086 -0.747584
v 0.124474 -1.856375 -0.747584
v -0.119450 -1.856375 -0.747584
v -1.223444 -1.399086 -0.747584
v -1.395924 -1.226606 -0.747584
v -1.398447 1.238267 -0.749940
v -0.526709 1.727294 -0.747585
v -0.219813 1.813503 -0.747584
v -0.320176 1.771931 -0.747584
v -0.420539 1.730360 -0.747584
v -0.520902 1.688788 -0.747584
v -0.621265 1.647216 -0.747584
v -0.721628 1.605644 -0.747584
v -0.821992 1.564072 -0.747584
v -0.922355 1.522501 -0.747584
v -1.022717 1.480929 -0.747584
v -1.123081 1.439357 -0.747584
v -0.256628 1.609114 -0.747584
v -0.333950 1.577087 -0.747584
v -0.411272 1.545059 -0.747584
v -0.488593 1.513031 -0.747584
v -0.565915 1.481003 -0.747584
v -0.643237 1.448976 -0.747584
v -0.720559 1.416948 -0.747584
v -0.797880 1.384920 -0.747584
v -0.875202 1.352892 -0.747584
v -0.952524 1.320865 -0.747584
v -0.758271 1.341140 -0.747584
v 1.168537 1.463520 -0.747585
v 0.224837 1.813503 -0.747584
v 0.325200 1.771931 -0.747584
v 0.425563 1.730360 -0.747584
v 0.525926 1.688788 -0.747584
v 0.626289 1.647216 -0.747584
v 0.726652 1.605644 -0.747584
v 0.827015 1.564073 -0.747584
v 0.927378 1.522501 -0.747584
v 1.027741 1.480929 -0.747584
v 1.128104 1.439358 -0.747584
v 0.261652 1.609114 -0.747584
v 0.338973 1.577087 -0.747584
v 0.416295 1.545059 -0.747584
v 0.493617 1.513031 -0.747584
v 0.570939 1.481003 -0.747584
v 0.648261 1.448976 -0.747584
v 0.725582 1.416948 -0.747584
v 0.802904 1.384920 -0.747584
v 0.880226 1.352893 -0.747584
v 0.957548 1.320865 -0.747584
v 0.763295 1.341140 -0.747584
v 1.466675 1.165382 -0.747585
v 1.442519 1.124943 -0.747584
v 1.484091 1.024580 -0.747584
v 1.525663 0.924216 -0.747584
v 1.567235 0.823853 -0.747584
v 1.608806 0.723490 -0.747584
v 1.650378 0.623127 -0.747584
v 1.691950 0.522764 -0.747584
v 1.733521 0.422401 -0.747584
v 1.775093 0.322038 -0.747584
v 1.816665 0.221675 -0.747584
v 1.324027 0.954386 -0.747584
v 1.356054 0.877064 -0.747584
v 1.388082 0.799742 -0.747584
v 1.420110 0.722420 -0.747584
v 1.452138 0.645099 -0.747584
v 1.484165 0.567777 -0.747584
v 1.516193 0.490455 -0.747584
v 1.548221 0.413133 -0.747584
v 1.580249 0.335812 -0.747584
v 1.612276 0.258490 -0.747584
v 1.286321 0.900112 -0.747584
v 1.315311 0.830123 -0.747584
v 1.547237 0.270205 -0.747584
v 1.818374 -0.317594 -0.747585
v 1.730449 -0.529863 -0.747585
v 1.816665 -0.222975 -0.747584
v 1.775093 -0.323338 -0.747584
v 1.733521 -0.423701 -0.747584
v 1.691950 -0.524064 -0.747584
v 1.650378 -0.624427 -0.747584
v 1.608806 -0.724790 -0.747584
v 1.567235 -0.825153 -0.747584
v 1.525663 -0.925516 -0.747584
v 1.484091 -1.025879 -0.747584
v 1.442520 -1.126242 -0.747584
v 1.612276 -0.259790 -0.747584
v 1.580249 -0.337112 -0.747584
v 1.548221 -0.414433 -0.747584
v 1.516193 -0.491755 -0.747584
v 1.484165 -0.569077 -0.747584
v 1.452138 -0.646399 -0.747584
v 1.420110 -0.723720 -0.747584
v 1.388083 -0.801042 -0.747584
v 1.356055 -0.878364 -0.747584
v 1.324027 -0.955686 -0.747584
v 1.402284 -0.621453 -0.747584
v 1.286321 -0.901412 -0.747584
v 0.850133 -1.596696 -0.747585
v 0.531730 -1.728583 -0.747585
v 0.319461 -1.816507 -0.747585
v 0.213327 -1.860470 -0.747585
v 1.128105 -1.440657 -0.747584
v 1.027741 -1.482229 -0.747584
v 0.927378 -1.523801 -0.747584
v 0.827015 -1.565372 -0.747584
v 0.726652 -1.606944 -0.747584
v 0.626289 -1.648516 -0.747584
v 0.525926 -1.690088 -0.747584
v 0.425563 -1.731660 -0.747584
v 0.325200 -1.773231 -0.747584
v 0.224837 -1.814803 -0.747584
v 0.957548 -1.322165 -0.747584
v 0.880226 -1.354192 -0.747584
v 0.802904 -1.386220 -0.747584
v 0.725583 -1.418248 -0.747584
v 0.648261 -1.450276 -0.747584
v 0.570939 -1.482304 -0.747584
v 0.493617 -1.514331 -0.747584
v 0.416295 -1.546359 -0.747584
v 0.338973 -1.578387 -0.747584
v 0.261652 -1.610414 -0.747584
v 0.833285 -1.313450 -0.747584
v 0.413346 -1.487394 -0.747584
v -0.256628 -1.610414 -0.747584
v -0.333950 -1.578387 -0.747584
v -0.411272 -1.546359 -0.747584
v -0.488593 -1.514331 -0.747584
v -0.565915 -1.482304 -0.747584
v -0.643237 -1.450276 -0.747584
v -0.720558 -1.418248 -0.747584
v -0.797880 -1.386220 -0.747584
v -0.875202 -1.354193 -0.747584
v -0.952524 -1.322165 -0.747584
v -0.618291 -1.400422 -0.747584
v -0.951246 -1.552733 -0.747585
v -0.219813 -1.814803 -0.747584
v -0.320176 -1.773231 -0.747584
v -0.420539 -1.731660 -0.747584
v -0.520902 -1.690088 -0.747584
v -0.621265 -1.648516 -0.747584
v -0.721628 -1.606944 -0.747584
v -0.821992 -1.565373 -0.747584
v -0.922354 -1.523801 -0.747584
v -1.022717 -1.482229 -0.747584
v -1.123080 -1.440658 -0.747584
v -1.725428 -0.529864 -0.747585
v -1.461654 -1.166670 -0.747585
v -1.811641 -0.222975 -0.747584
v -1.770069 -0.323338 -0.747584
v -1.728498 -0.423701 -0.747584
v -1.686926 -0.524064 -0.747584
v -1.645354 -0.624427 -0.747584
v -1.603783 -0.724791 -0.747584
v -1.562211 -0.825154 -0.747584
v -1.520639 -0.925517 -0.747584
v -1.479067 -1.025880 -0.747584
v -1.437495 -1.126243 -0.747584
v -1.607252 -0.259790 -0.747584
v -1.575225 -0.337112 -0.747584
v -1.543197 -0.414434 -0.747584
v -1.511169 -0.491755 -0.747584
v -1.479141 -0.569077 -0.747584
v -1.447114 -0.646399 -0.747584
v -1.415086 -0.723721 -0.747584
v -1.383058 -0.801042 -0.747584
v -1.351030 -0.878364 -0.747584
v -1.319003 -0.955686 -0.747584
v -1.397260 -0.621454 -0.747584
v -1.339278 -0.761433 -0.747584
v -1.281297 -0.901413 -0.747584
v -1.319003 0.954385 -0.747584
v -1.351031 0.877064 -0.747584
v -1.383059 0.799742 -0.747584
v -1.415086 0.722420 -0.747584
v -1.447114 0.645098 -0.747584
v -1.479141 0.567777 -0.747584
v -1.511169 0.490455 -0.747584
v -1.543197 0.413133 -0.747584
v -1.575225 0.335811 -0.747584
v -1.607252 0.258490 -0.747584
v -1.439789 1.136725 -0.749726
v -1.481132 1.035184 -0.749512
v -1.522474 0.933643 -0.749298
v -1.563817 0.832101 -0.749084
v -1.605159 0.730560 -0.748869
v -1.646501 0.629018 -0.748655
v -1.687843 0.527477 -0.748441
v -1.729186 0.425936 -0.748227
v -1.770528 0.324394 -0.748013
v -1.811871 0.222853 -0.747798
v -0.075042 -1.267853 -0.747584
v -1.540287 0.653331 -0.748186
v -1.548670 0.632896 -0.748161
v -1.466918 0.832194 -0.748400
v -1.475300 0.811759 -0.748375
v -1.393548 1.011057 -0.748614
v -1.401930 0.990622 -0.748589
v -1.613658 0.474468 -0.747971
v -1.622040 0.454033 -0.747947
v -1.687028 0.295604 -0.747757
v -1.695410 0.275170 -0.747733
v -0.983231 1.402715 -0.747584
v -1.003531 1.394307 -0.747584
v -0.805546 1.476315 -0.747584
v -0.825846 1.467906 -0.747584
v -0.627862 1.549914 -0.747584
v -0.648161 1.541506 -0.747584
v -0.450177 1.623514 -0.747584
v -0.470477 1.615105 -0.747584
v -0.272492 1.697113 -0.747584
v -0.292792 1.688704 -0.747584
v 0.277515 1.697113 -0.747584
v 0.297815 1.688704 -0.747584
v 0.455200 1.623514 -0.747584
v 0.475500 1.615105 -0.747584
v 0.632885 1.549914 -0.747584
v 0.653185 1.541506 -0.747584
v 0.810570 1.476315 -0.747584
v 0.830870 1.467906 -0.747584
v 0.988255 1.402715 -0.747584
v 1.008555 1.394307 -0.747584
v 1.397469 1.005393 -0.747584
v 1.405877 0.985093 -0.747584
v 1.471068 0.827708 -0.747584
v 1.479476 0.807408 -0.747584
v 1.544668 0.650023 -0.747584
v 1.553076 0.629723 -0.747584
v 1.618267 0.472338 -0.747584
v 1.626676 0.452038 -0.747584
v 1.691866 0.294654 -0.747584
v 1.700275 0.274354 -0.747584
v 1.700275 -0.275654 -0.747584
v 1.691866 -0.295954 -0.747584
v 1.626676 -0.453338 -0.747584
v 1.618267 -0.473638 -0.747584
v 1.553076 -0.631023 -0.747584
v 1.544668 -0.651323 -0.747584
v 1.479477 -0.808708 -0.747584
v 1.471068 -0.829008 -0.747584
v 1.405877 -0.986393 -0.747584
v 1.397469 -1.006693 -0.747584
v 1.008555 -1.395607 -0.747584
v 0.988255 -1.404015 -0.747584
v 0.830870 -1.469206 -0.747584
v 0.810570 -1.477615 -0.747584
v 0.653185 -1.542806 -0.747584
v 0.632885 -1.551214 -0.747584
v 0.475501 -1.616405 -0.747584
v 0.455201 -1.624814 -0.747584
v 0.297816 -1.690005 -0.747584
v 0.277515 -1.698413 -0.747584
v -0.272491 -1.698413 -0.747584
v -0.292791 -1.690005 -0.747584
v -0.450176 -1.624814 -0.747584
v -0.470476 -1.616405 -0.747584
v -0.627861 -1.551214 -0.747584
v -0.648161 -1.542806 -0.747584
v -0.805546 -1.477615 -0.747584
v -0.825846 -1.469206 -0.747584
v -0.983231 -1.404015 -0.747584
v -1.003531 -1.395607 -0.747584
v -1.400853 -0.986393 -0.747584
v -1.392445 -1.006693 -0.747584
v -1.474452 -0.808708 -0.747584
v -1.466044 -0.829008 -0.747584
v -1.548052 -0.631024 -0.747584
v -1.539644 -0.651324 -0.747584
v -1.621652 -0.453339 -0.747584
v -1.613243 -0.473639 -0.747584
v -1.695251 -0.275654 -0.747584
v -1.686842 -0.295954 -0.747584
v -1.246390 1.353326 -0.747856
v -1.088682 1.264574 -0.747864
v -1.292595 1.375100 -0.748195
v -1.353609 1.260461 -0.749516
v -1.376392 1.310900 -0.749811
v -1.086592 1.088454 -0.747584
v -1.262019 1.090741 -0.747509
v -1.472663 1.476438 -0.748347
v -0.071786 1.839862 -0.747584
v -0.120546 1.665590 -0.747584
v 0.076810 1.839861 -0.747584
v 0.125569 1.665590 -0.747584
v -0.054507 1.887931 -0.747585
v 0.002512 1.539576 -0.747584
v 0.002511 2.091717 -0.747585
v 0.059529 1.887930 -0.747585
v 1.251415 1.353326 -0.747584
v 1.093707 1.264575 -0.747584
v 1.356485 1.248249 -0.747584
v 1.267736 1.090545 -0.747584
v 1.297618 1.375098 -0.747585
v 1.091616 1.088454 -0.747584
v 1.482034 1.478879 -0.747585
v 1.378251 1.294460 -0.747585
v 1.843025 0.073648 -0.747584
v 1.668752 0.122408 -0.747584
v 1.843020 -0.074949 -0.747584
v 1.668752 -0.123708 -0.747584
v 1.891087 0.056373 -0.747585
v 1.542738 -0.000650 -0.747584
v 2.094872 -0.000644 -0.747585
v 1.891082 -0.057663 -0.747585
v 1.356487 -1.249551 -0.747584
v 1.267736 -1.091845 -0.747584
v 1.251410 -1.354623 -0.747584
v 1.093707 -1.265874 -0.747584
v 1.378252 -1.295750 -0.747585
v 1.091616 -1.089754 -0.747584
v 1.482034 -1.480167 -0.747585
v 1.297614 -1.376384 -0.747585
v 0.076811 -1.841159 -0.747584
v 0.125570 -1.666890 -0.747584
v -0.071786 -1.841160 -0.747584
v -0.120545 -1.666890 -0.747584
v 0.059529 -1.889217 -0.747585
v 0.002512 -1.540876 -0.747584
v 0.002511 -2.093006 -0.747585
v -0.054507 -1.889217 -0.747585
v -1.246386 -1.354623 -0.747584
v -1.088683 -1.265875 -0.747584
v -1.351463 -1.249552 -0.747584
v -1.262712 -1.091845 -0.747584
v -1.292592 -1.376384 -0.747585
v -1.086592 -1.089754 -0.747584
v -1.477012 -1.480167 -0.747585
v -1.373230 -1.295751 -0.747585
v -1.838001 0.073647 -0.747584
v -1.663728 0.122407 -0.747584
v -1.837996 -0.074949 -0.747584
v -1.663728 -0.123708 -0.747584
v -1.886065 0.056373 -0.747585
v -1.537714 -0.000650 -0.747584
v -2.089850 -0.000645 -0.747585
v -1.886060 -0.057663 -0.747585
v -1.183135 0.154647 0.747701
v -1.213987 -0.000460 0.747701
v -1.121429 0.464862 0.747701
v -0.726352 0.947204 0.747701
v -0.857845 0.859343 0.747701
v -0.463364 1.122927 0.747701
v 0.157065 1.184633 0.747701
v 0.001958 1.215485 0.747701
v 0.467280 1.122927 0.747701
v 0.949622 0.727849 0.747701
v 0.861761 0.859343 0.747701
v 1.125345 0.464862 0.747701
v 1.187050 -0.155567 0.747701
v 1.217903 -0.000460 0.747701
v 1.125345 -0.465782 0.747701
v 0.730268 -0.948124 0.747701
v 0.861761 -0.860263 0.747701
v 0.467280 -1.123847 0.747701
v -0.153150 -1.185552 0.747701
v 0.001958 -1.216405 0.747701
v -0.463364 -1.123847 0.747701
v -0.945706 -0.728769 0.747701
v -0.857845 -0.860263 0.747701
v -1.121429 -0.465782 0.747701
v -2.275973 -0.000454 0.747700
v -2.115231 0.876508 0.747701
v -1.608783 1.610285 0.747700
v -0.875010 2.116729 0.747701
v 0.001956 2.277475 0.747700
v 0.878926 2.116729 0.747701
v 1.612696 1.610285 0.747700
v 2.119147 0.876509 0.747701
v 2.279886 -0.000454 0.747700
v 2.119147 -0.877428 0.747701
v 1.612696 -1.611194 0.747700
v 0.878926 -2.117649 0.747701
v 0.001957 -2.278384 0.747700
v -0.875010 -2.117649 0.747701
v -1.608783 -1.611194 0.747700
v -2.115231 -0.877428 0.747701
v -0.945706 0.727849 0.747701
v -0.153150 1.184632 0.747701
v 0.730267 0.947204 0.747701
v 1.187050 0.154647 0.747701
v 0.949622 -0.728769 0.747701
v 0.157065 -1.185552 0.747701
v -0.726351 -0.948124 0.747701
v -1.183134 -0.155567 0.747701
v -0.072340 1.840052 0.747701
v -0.121100 1.665780 0.747701
v -0.179861 1.641332 0.747701
v -0.198907 1.573256 0.747701
v 0.076256 1.840051 0.747701
v 0.125015 1.665780 0.747701
v 0.183776 1.641332 0.747701
v 0.202823 1.573256 0.747701
v 1.250861 1.353516 0.747701
v 1.093153 1.264765 0.747701
v 1.034315 1.289027 0.747701
v 0.972710 1.254359 0.747701
v 1.355931 1.248439 0.747701
v 1.267182 1.090735 0.747701
v 1.291445 1.031898 0.747701
v 1.256776 0.970292 0.747701
v -1.246944 1.353516 0.747429
v -1.089236 1.264764 0.747422
v -1.030400 1.289027 0.747701
v -0.968794 1.254358 0.747701
v 1.842471 0.073838 0.747701
v 1.668198 0.122598 0.747701
v 1.643750 0.181358 0.747701
v 1.575674 0.200405 0.747701
v 1.842466 -0.074759 0.747701
v 1.668198 -0.123518 0.747701
v 1.643750 -0.182278 0.747701
v 1.575674 -0.201325 0.747701
v -1.838555 0.073838 0.747701
v -1.664282 0.122598 0.747701
v -1.639834 0.181358 0.747701
v -1.571758 0.200405 0.747701
v -1.838550 -0.074759 0.747701
v -1.664282 -0.123518 0.747701
v -1.639834 -0.182278 0.747701
v -1.571758 -0.201325 0.747701
v 1.355933 -1.249361 0.747701
v 1.267182 -1.091654 0.747701
v 1.291445 -1.032817 0.747701
v 1.256776 -0.971212 0.747701
v 1.250856 -1.354433 0.747701
v 1.093153 -1.265684 0.747701
v 1.034316 -1.289947 0.747701
v 0.972710 -1.255278 0.747701
v 0.076257 -1.840969 0.747701
v 0.125016 -1.666700 0.747701
v 0.183776 -1.642252 0.747701
v 0.202823 -1.574176 0.747701
v -0.072340 -1.840970 0.747701
v -0.121099 -1.666700 0.747701
v -0.179860 -1.642252 0.747701
v -0.198907 -1.574176 0.747701
v -1.246940 -1.354433 0.747701
v -1.089237 -1.265684 0.747701
v -1.030399 -1.289947 0.747701
v -0.968794 -1.255278 0.747701
v -1.352017 -1.249362 0.747701
v -1.263267 -1.091655 0.747701
v -1.287529 -1.032817 0.747701
v -1.252861 -0.971212 0.747701
v -0.958595 -1.180368 0.747701
v -0.952151 -0.954569 0.747701
v -1.087146 -1.089564 0.747701
v -1.177950 -0.961013 0.747701
v 0.157065 -1.513995 0.747701
v 0.001958 -1.349773 0.747701
v 0.001958 -1.540686 0.747701
v -0.153149 -1.513995 0.747701
v 1.181866 -0.961013 0.747701
v 0.956067 -0.954569 0.747701
v 1.091062 -1.089564 0.747701
v 0.962511 -1.180368 0.747701
v -1.511577 0.154647 0.747701
v -1.347355 -0.000460 0.747701
v -1.538268 -0.000460 0.747701
v -1.511577 -0.155567 0.747701
v 1.515493 0.154648 0.747701
v 1.351271 -0.000460 0.747701
v 1.542184 -0.000460 0.747701
v 1.515492 -0.155567 0.747701
v -1.177950 0.960093 0.747701
v -1.252861 0.970292 0.747701
v -0.952151 0.953649 0.747701
v -1.399001 1.238457 0.745345
v -1.421454 1.288173 0.744823
v -0.958595 1.179448 0.747701
v -1.087146 1.088644 0.747701
v 0.962511 1.179448 0.747701
v 0.956067 0.953649 0.747701
v 1.091062 1.088644 0.747701
v 1.181866 0.960093 0.747701
v -0.153150 1.513075 0.747701
v 0.001958 1.348854 0.747701
v 0.001958 1.539766 0.747701
v 0.157065 1.513075 0.747701
v -2.345980 -0.000460 0.747701
v -2.167254 0.898057 0.747701
v -1.658285 1.659783 0.747701
v -0.896559 2.168752 0.747701
v 0.001958 2.347478 0.747701
v 0.900475 2.168752 0.747701
v 1.662200 1.659783 0.747701
v 2.171170 0.898057 0.747701
v 2.349896 -0.000460 0.747701
v 2.171170 -0.898977 0.747701
v 1.662201 -1.660703 0.747701
v 0.900475 -2.169672 0.747701
v 0.001958 -2.348398 0.747701
v -0.896559 -2.169672 0.747701
v -1.658285 -1.660703 0.747701
v -2.167254 -0.898977 0.747701
v -1.287529 1.031897 0.747701
v -1.639834 0.181358 0.747701
v -1.607806 0.258680 0.747701
v -0.953078 1.321055 0.747701
v 0.956994 1.321055 0.747701
v 1.611722 0.258680 0.747701
v 1.323473 -0.955496 0.747701
v 1.285767 -0.901222 0.747701
v 0.261098 -1.610224 0.747701
v -0.953078 -1.321975 0.747701
v -1.319557 -0.955496 0.747701
v 0.001956 2.091907 0.747700
v -0.055061 1.888121 0.747700
v 0.058975 1.888120 0.747700
v 1.481480 1.479069 0.747700
v 1.297064 1.375288 0.747700
v 1.377697 1.294650 0.747700
v -1.473217 1.476628 0.746938
v -1.376946 1.311090 0.745475
v -1.293149 1.375291 0.747090
v 2.094318 -0.000454 0.747700
v 1.890532 0.056563 0.747700
v 1.890527 -0.057473 0.747700
v -2.090405 -0.000454 0.747700
v -1.886620 0.056563 0.747700
v -1.886614 -0.057473 0.747700
v 1.481480 -1.479977 0.747700
v 1.377698 -1.295560 0.747700
v 1.297060 -1.376194 0.747700
v 0.001957 -2.092816 0.747700
v 0.058975 -1.889026 0.747700
v -0.055061 -1.889027 0.747700
v -1.477566 -1.479977 0.747700
v -1.293146 -1.376194 0.747700
v -1.373785 -1.295561 0.747700
v -0.102725 1.903334 0.747700
v -0.120004 1.855265 0.747701
v 0.106638 1.903334 0.747700
v 0.123919 1.855265 0.747701
v 1.274117 1.419748 0.747700
v 1.227913 1.397976 0.747701
v 1.422159 1.271706 0.747700
v 1.400393 1.225496 0.747701
v -1.270204 1.419748 0.747700
v -1.223998 1.397976 0.747701
v 1.905745 0.104227 0.747700
v 1.857683 0.121502 0.747701
v 1.905745 -0.105135 0.747700
v 1.857683 -0.122422 0.747701
v -1.901831 0.104227 0.747700
v -1.853767 0.121502 0.747701
v -1.901831 -0.105136 0.747700
v -1.853767 -0.122422 0.747701
v 1.422159 -1.272614 0.747700
v 1.400393 -1.226415 0.747701
v 1.274117 -1.420656 0.747700
v 1.227914 -1.398895 0.747701
v 0.106638 -1.904242 0.747700
v 0.123920 -1.856185 0.747701
v -0.102725 -1.904242 0.747700
v -0.120004 -1.856185 0.747701
v -1.270204 -1.420656 0.747700
v -1.223998 -1.398896 0.747701
v -1.418245 -1.272615 0.747700
v -1.396478 -1.226416 0.747701
v -1.262573 1.090931 0.747776
v -1.354163 1.260651 0.745769
v -1.123635 1.439547 0.747701
v 1.127550 1.439548 0.747701
v 1.816111 0.221865 0.747701
v 1.441966 -1.126052 0.747701
v 0.224283 -1.814613 0.747701
v -1.123634 -1.440467 0.747701
v -1.438049 -1.126052 0.747701
v -1.812425 0.223043 0.747487
v -0.421128 1.771446 0.747700
v -0.220367 1.813693 0.747701
v -0.320730 1.772121 0.747701
v -0.421093 1.730550 0.747701
v -0.521456 1.688978 0.747701
v -0.621819 1.647406 0.747701
v -0.722182 1.605834 0.747701
v -0.822546 1.564263 0.747701
v -0.922909 1.522691 0.747701
v -1.023272 1.481119 0.747701
v -0.257182 1.609304 0.747701
v -0.334504 1.577277 0.747701
v -0.411826 1.545249 0.747701
v -0.489147 1.513221 0.747701
v -0.566469 1.481194 0.747701
v -0.643791 1.449166 0.747701
v -0.721113 1.417138 0.747701
v -0.798434 1.385110 0.747701
v -0.875756 1.353083 0.747701
v -0.548856 1.428303 0.747701
v -0.618846 1.399312 0.747701
v -0.828815 1.312340 0.747701
v -0.983785 1.402905 0.747701
v -1.004085 1.394497 0.747701
v -0.806100 1.476505 0.747701
v -0.826400 1.468096 0.747701
v -0.628416 1.550104 0.747701
v -0.648715 1.541696 0.747701
v -0.450731 1.623704 0.747701
v -0.471031 1.615295 0.747701
v -0.273046 1.697303 0.747701
v -0.293346 1.688895 0.747701
v 0.212772 1.859371 0.747700
v 0.637311 1.683522 0.747700
v 0.743445 1.639560 0.747700
v 0.849579 1.595597 0.747700
v 0.224283 1.813693 0.747701
v 0.324646 1.772121 0.747701
v 0.425009 1.730550 0.747701
v 0.525372 1.688978 0.747701
v 0.625735 1.647406 0.747701
v 0.726098 1.605834 0.747701
v 0.826461 1.564263 0.747701
v 0.926824 1.522691 0.747701
v 1.027187 1.481119 0.747701
v 0.261098 1.609304 0.747701
v 0.338419 1.577277 0.747701
v 0.415741 1.545249 0.747701
v 0.493063 1.513221 0.747701
v 0.570385 1.481194 0.747701
v 0.647707 1.449166 0.747701
v 0.725028 1.417138 0.747701
v 0.802350 1.385110 0.747701
v 0.879672 1.353083 0.747701
v 0.762741 1.341331 0.747701
v 1.441965 1.125133 0.747701
v 1.483537 1.024770 0.747701
v 1.525109 0.924407 0.747701
v 1.566680 0.824043 0.747701
v 1.608252 0.723680 0.747701
v 1.649824 0.623317 0.747701
v 1.691396 0.522954 0.747701
v 1.732967 0.422591 0.747701
v 1.774539 0.322228 0.747701
v 1.323472 0.954576 0.747701
v 1.355500 0.877254 0.747701
v 1.387528 0.799932 0.747701
v 1.419556 0.722611 0.747701
v 1.451584 0.645289 0.747701
v 1.483611 0.567967 0.747701
v 1.515639 0.490645 0.747701
v 1.547667 0.413324 0.747701
v 1.579695 0.336002 0.747701
v 1.314757 0.830313 0.747701
v 1.517693 0.340385 0.747701
v 1.510084 -1.060346 0.747700
v 1.816111 -0.222785 0.747701
v 1.774539 -0.323148 0.747701
v 1.732967 -0.423511 0.747701
v 1.691396 -0.523874 0.747701
v 1.649824 -0.624237 0.747701
v 1.608252 -0.724600 0.747701
v 1.566681 -0.824963 0.747701
v 1.525109 -0.925326 0.747701
v 1.483537 -1.025689 0.747701
v 1.611722 -0.259600 0.747701
v 1.579695 -0.336922 0.747701
v 1.547667 -0.414243 0.747701
v 1.515639 -0.491565 0.747701
v 1.483611 -0.568887 0.747701
v 1.451584 -0.646209 0.747701
v 1.419556 -0.723530 0.747701
v 1.387528 -0.800852 0.747701
v 1.355501 -0.878174 0.747701
v 0.743445 -1.640468 0.747700
v 0.318907 -1.816317 0.747700
v 1.127551 -1.440467 0.747701
v 1.027187 -1.482039 0.747701
v 0.926824 -1.523611 0.747701
v 0.826461 -1.565182 0.747701
v 0.726098 -1.606754 0.747701
v 0.625735 -1.648326 0.747701
v 0.525372 -1.689898 0.747701
v 0.425009 -1.731469 0.747701
v 0.324646 -1.773041 0.747701
v 0.956994 -1.321975 0.747701
v 0.879672 -1.354002 0.747701
v 0.802350 -1.386030 0.747701
v 0.725029 -1.418058 0.747701
v 0.647707 -1.450086 0.747701
v 0.570385 -1.482113 0.747701
v 0.493063 -1.514141 0.747701
v 0.415741 -1.546169 0.747701
v 0.338419 -1.578197 0.747701
v 0.762741 -1.342250 0.747701
v 0.552772 -1.429222 0.747701
v -0.257182 -1.610224 0.747701
v -0.334504 -1.578197 0.747701
v -0.411826 -1.546169 0.747701
v -0.489147 -1.514141 0.747701
v -0.566469 -1.482113 0.747701
v -0.643791 -1.450086 0.747701
v -0.721112 -1.418058 0.747701
v -0.798434 -1.386030 0.747701
v -0.875756 -1.354003 0.747701
v -0.828815 -1.313260 0.747701
v -0.421128 -1.772355 0.747700
v -0.633397 -1.684430 0.747700
v -0.845666 -1.596506 0.747700
v -0.220367 -1.814613 0.747701
v -0.320730 -1.773041 0.747701
v -0.421093 -1.731470 0.747701
v -0.521456 -1.689898 0.747701
v -0.621819 -1.648326 0.747701
v -0.722182 -1.606754 0.747701
v -0.822546 -1.565183 0.747701
v -0.922908 -1.523611 0.747701
v -1.023272 -1.482039 0.747701
v -1.506170 -1.060346 0.747700
v -1.812195 -0.222785 0.747701
v -1.770623 -0.323148 0.747701
v -1.729052 -0.423511 0.747701
v -1.687480 -0.523874 0.747701
v -1.645908 -0.624237 0.747701
v -1.604337 -0.724600 0.747701
v -1.562765 -0.824963 0.747701
v -1.521193 -0.925327 0.747701
v -1.479621 -1.025689 0.747701
v -1.607806 -0.259600 0.747701
v -1.575779 -0.336922 0.747701
v -1.543751 -0.414244 0.747701
v -1.511724 -0.491565 0.747701
v -1.479695 -0.568887 0.747701
v -1.447668 -0.646209 0.747701
v -1.415640 -0.723531 0.747701
v -1.383612 -0.800852 0.747701
v -1.351584 -0.878174 0.747701
v -1.484786 -0.411294 0.747701
v -1.319557 0.954576 0.747701
v -1.351585 0.877254 0.747701
v -1.383613 0.799932 0.747701
v -1.415640 0.722610 0.747701
v -1.447668 0.645289 0.747701
v -1.479695 0.567967 0.747701
v -1.511724 0.490645 0.747701
v -1.543751 0.413323 0.747701
v -1.575779 0.336002 0.747701
v -1.440343 1.136916 0.745559
v -1.481686 1.035374 0.745773
v -1.523028 0.933833 0.745988
v -1.564371 0.832291 0.746202
v -1.605713 0.730750 0.746416
v -1.647055 0.629209 0.746630
v -1.688397 0.527667 0.746844
v -1.729740 0.426126 0.747059
v -1.771082 0.324584 0.747273
v 0.276961 1.697303 0.747701
v 0.297261 1.688895 0.747701
v 0.454646 1.623704 0.747701
v 0.474946 1.615295 0.747701
v 0.632331 1.550104 0.747701
v 0.652631 1.541696 0.747701
v 0.810016 1.476505 0.747701
v 0.830316 1.468096 0.747701
v 0.987701 1.402905 0.747701
v 1.008001 1.394497 0.747701
v 1.396914 1.005583 0.747701
v 1.405323 0.985283 0.747701
v 1.470514 0.827898 0.747701
v 1.478922 0.807598 0.747701
v 1.544114 0.650213 0.747701
v 1.552522 0.629913 0.747701
v 1.617713 0.472529 0.747701
v 1.626122 0.452229 0.747701
v 1.691312 0.294844 0.747701
v 1.699721 0.274544 0.747701
v 1.699721 -0.275463 0.747701
v 1.691312 -0.295763 0.747701
v 1.626122 -0.453148 0.747701
v 1.617713 -0.473448 0.747701
v 1.552522 -0.630833 0.747701
v 1.544114 -0.651133 0.747701
v 1.478923 -0.808518 0.747701
v 1.470514 -0.828818 0.747701
v 1.405323 -0.986203 0.747701
v 1.396915 -1.006503 0.747701
v 1.008001 -1.395416 0.747701
v 0.987701 -1.403825 0.747701
v 0.830316 -1.469016 0.747701
v 0.810016 -1.477425 0.747701
v 0.652631 -1.542616 0.747701
v 0.632331 -1.551024 0.747701
v 0.474946 -1.616215 0.747701
v 0.454647 -1.624624 0.747701
v 0.297262 -1.689814 0.747701
v 0.276961 -1.698223 0.747701
v -0.273046 -1.698223 0.747701
v -0.293345 -1.689814 0.747701
v -0.450730 -1.624624 0.747701
v -0.471030 -1.616215 0.747701
v -0.628415 -1.551024 0.747701
v -0.648715 -1.542616 0.747701
v -0.806100 -1.477425 0.747701
v -0.826400 -1.469016 0.747701
v -0.983785 -1.403825 0.747701
v -1.004085 -1.395417 0.747701
v -1.401407 -0.986203 0.747701
v -1.392999 -1.006503 0.747701
v -1.475007 -0.808518 0.747701
v -1.466598 -0.828818 0.747701
v -1.548606 -0.630833 0.747701
v -1.540198 -0.651133 0.747701
v -1.622206 -0.453149 0.747701
v -1.613797 -0.473449 0.747701
v -1.695805 -0.275464 0.747701
v -1.687397 -0.295764 0.747701
v -1.687582 0.295795 0.747528
v -1.695964 0.275360 0.747553
v -1.614212 0.474658 0.747314
v -1.622594 0.454223 0.747338
v -1.540842 0.653521 0.747100
v -1.549224 0.633086 0.747124
v -1.467472 0.832384 0.746886
v -1.475854 0.811949 0.746910
v -1.394102 1.011247 0.746671
v -1.402484 0.990812 0.746696
v -1.127644 1.129141 0.747458
v 0.001958 1.597038 0.747701
v 1.131559 1.129142 0.747701
v 1.599456 -0.000460 0.747701
v 1.131560 -1.130062 0.747701
v 0.001958 -1.597958 0.747701
v -1.127644 -1.130062 0.747701
v -1.595540 -0.000460 0.747701
vn 0.9678 -0.2517 0.0004
vn -0.0000 -0.0000 -1.0000
vn -0.0000 -0.0000 1.0000
vn -0.9996 0.0285 -0.0004
vn 0.1951 0.9808 -0.0001
vn -0.9239 -0.3827 -0.0003
vn -0.9808 0.1951 -0.0004
vn 0.5064 -0.8623 0.0003
vn -0.1951 -0.9808 0.0001
vn 0.5556 0.8315 0.0001
vn 0.9239 -0.3827 0.0004
vn 0.0285 -0.9996 0.0001
vn -0.5064 0.8623 -0.0003
vn -0.3827 -0.9239 -0.0000
vn 0.0038 -0.0024 -1.0000
vn -0.3827 0.9239 -0.0003
vn -0.2517 0.9678 -0.0002
vn 0.5556 -0.8315 0.0003
vn -0.1951 0.9808 -0.0002
vn 0.6866 0.7270 0.0002
vn -0.6866 -0.7270 -0.0002
vn -0.9678 0.2517 -0.0004
vn 0.5064 0.8623 0.0001
vn 0.0014 0.0018 -1.0000
vn -0.5556 -0.8315 -0.0001
vn 0.7270 -0.6866 0.0004
vn -0.0014 -0.0018 1.0000
vn -0.0028 0.0017 1.0000
vn 0.8315 -0.5556 0.0004
vn 0.7270 0.6866 0.0002
vn 0.6577 -0.7533 0.0003
vn -0.8315 -0.5556 -0.0002
vn -0.9829 0.1842 -0.0004
vn 0.8623 0.5064 0.0003
vn 0.4924 -0.8704 0.0003
vn 0.8315 0.5556 0.0002
vn -0.8927 0.4507 -0.0004
vn 0.2517 -0.9678 0.0002
vn 0.3526 -0.9358 0.0002
vn -0.9358 0.3526 -0.0004
vn -0.5556 0.8315 -0.0003
vn 0.4507 -0.8927 0.0003
vn -0.8704 0.4924 -0.0004
vn 0.1842 -0.9829 0.0002
vn 0.3827 -0.9239 0.0003
vn -0.7533 0.6577 -0.0004
vn -0.0676 -0.9977 0.0001
vn -0.5648 0.8252 -0.0003
vn -0.2673 -0.9636 -0.0000
vn -0.3125 0.9499 -0.0002
vn -0.4123 -0.9110 -0.0000
vn -0.4123 0.9110 -0.0003
vn -0.3126 -0.9499 -0.0000
vn -0.2673 0.9636 -0.0002
vn -0.5648 -0.8252 -0.0001
vn -0.0676 0.9977 -0.0002
vn -0.7533 -0.6577 -0.0002
vn 0.1842 0.9829 -0.0001
vn -0.8704 -0.4924 -0.0003
vn 0.4507 0.8927 0.0001
vn -0.9358 -0.3526 -0.0003
vn 0.3526 0.9358 -0.0000
vn -0.8927 -0.4507 -0.0003
vn 0.4924 0.8704 0.0001
vn -0.9829 -0.1842 -0.0003
vn 0.6577 0.7533 0.0001
vn -0.9977 0.0676 -0.0004
vn 0.8253 0.5648 0.0002
vn -0.9636 0.2673 -0.0004
vn 0.9499 0.3125 0.0003
vn -0.9110 0.4123 -0.0004
vn 0.9841 -0.1774 0.0004
vn -0.9382 -0.3460 -0.0003
vn 0.8959 -0.4443 0.0004
vn -0.9846 -0.1748 -0.0003
vn 0.7437 -0.6685 0.0004
vn -0.9986 0.0531 -0.0004
vn -0.0000 -0.0000 -0.0000
vn 0.5727 -0.8198 0.0003
vn -0.9239 0.3827 -0.0004
vn -0.9476 0.3194 -0.0004
vn 0.2694 -0.9630 0.0002
vn 0.4188 -0.9081 0.0003
vn -0.8213 0.5704 -0.0004
vn -0.4507 0.8927 -0.0003
vn 0.3827 0.9239 -0.0000
vn 0.9358 -0.3526 0.0004
vn 0.9239 0.3827 0.0003
vn -0.1842 0.9829 -0.0002
vn 0.8704 -0.4924 0.0004
vn 0.0676 0.9977 -0.0001
vn 0.7533 -0.6577 0.0004
vn 0.2673 0.9636 -0.0000
vn 0.5648 -0.8253 0.0003
vn -0.2517 -0.9678 -0.0000
vn 0.4123 0.9110 -0.0000
vn 0.9630 -0.2694 0.0004
vn 0.3125 -0.9499 0.0002
vn -0.9630 -0.2694 -0.0003
vn 0.4904 -0.8715 0.0003
vn 0.4904 0.8715 0.0001
vn -0.8715 0.4904 -0.0004
vn -0.9113 -0.4116 -0.0003
vn 0.8644 0.5027 0.0003
vn -0.9622 0.2725 -0.0004
vn -0.4904 -0.8715 -0.0001
vn -0.2725 0.9622 -0.0002
vn -0.2694 -0.9630 -0.0000
vn -0.8644 -0.5027 -0.0003
vn -0.2694 0.9630 -0.0002
vn -0.4263 -0.9046 -0.0000
vn 0.2694 0.9630 -0.0000
vn -0.8800 -0.4749 -0.0003
vn -0.8715 -0.4904 -0.0003
vn -0.9630 0.2694 -0.0004
vn 0.9630 0.2694 0.0003
vn -0.4904 0.8715 -0.0003
vn 0.8715 -0.4904 0.0004
vn -1.0000 -0.0001 -0.0004
vn -0.7071 -0.7071 -0.0002
vn -0.0000 -1.0000 0.0001
vn 0.7071 -0.7071 0.0004
vn 1.0000 -0.0000 0.0004
vn 0.4877 0.8730 0.0001
vn -0.6082 0.7938 -0.0003
vn -0.4877 0.8730 -0.0003
vn 0.7071 0.7071 0.0002
vn -0.0000 1.0000 -0.0001
vn -0.9410 0.3383 -0.0004
vn -0.9410 -0.3383 -0.0003
vn 0.9622 0.2725 0.0003
vn 0.2725 0.9622 -0.0000
vn 0.8800 0.4749 0.0003
vn 0.4263 -0.9046 0.0003
vn 0.9047 -0.4261 0.0004
vn 0.6547 -0.7559 0.0003
vn -1.0000 -0.0000 -0.0004
vn -0.7071 0.7071 -0.0004
vn 0.8623 -0.5064 0.0004
vn 0.8730 -0.4877 0.0004
vn 0.8730 0.4877 0.0003
vn 0.9808 -0.1951 0.0004
vn 0.3382 0.9411 -0.0000
vn -0.3384 0.9410 -0.0002
vn -0.9266 0.3760 -0.0004
vn 0.9262 -0.3771 0.0004
vn -0.7270 -0.6866 -0.0002
vn 0.8715 0.4904 0.0003
vn 0.2725 -0.9622 0.0002
vn 0.9622 -0.2725 0.0004
vn -0.8623 0.5064 -0.0004
vn -0.9046 -0.4262 -0.0003
vn -0.5680 -0.8230 -0.0001
vn -0.4261 -0.9047 -0.0000
vn -0.1803 -0.9836 0.0001
vn -0.8230 -0.5680 -0.0002
vn 0.9836 0.1803 0.0003
vn -0.5680 0.8230 -0.0105
vn -0.4877 -0.8730 -0.0001
vn -0.8230 0.5680 -0.0004
vn 0.4877 -0.8730 0.0003
vn 0.9836 -0.1803 0.0004
vn -0.9410 0.3384 -0.0004
vn -0.8623 -0.5064 -0.0003
vn 0.9410 0.3383 0.0003
vn 0.2517 0.9678 -0.0000
vn -0.9678 -0.2517 -0.0003
vn 0.9678 0.2517 0.0003
vn -0.9622 -0.2725 -0.0003
vn -0.8315 0.5556 -0.0004
vn -0.2725 -0.9622 -0.0000
vn -0.4261 0.9047 -0.0003
vn 0.9046 -0.4262 0.0004
vn 0.1951 -0.9808 0.0002
vn -0.9996 -0.0285 -0.0004
vn -0.8730 -0.4877 -0.0003
vn -0.8730 0.4877 -0.0004
vn -0.9808 -0.1951 -0.0003
vn 0.3382 -0.9411 0.0002
vn 0.3384 0.9410 -0.0000
vn -0.5064 -0.8623 -0.0001
vn 0.4188 0.9081 -0.0000
vn -0.8213 -0.5704 -0.0002
vn 0.5727 0.8198 0.0001
vn -0.9476 -0.3194 -0.0003
vn 0.7437 0.6685 0.0002
vn -0.9986 -0.0531 -0.0004
vn 0.8959 0.4443 0.0003
vn -0.9846 0.1747 -0.0004
vn 0.9841 0.1774 0.0003
vn 0.9996 0.0285 0.0004
vn -0.9382 0.3460 -0.0004
vn 0.9808 0.1951 0.0003
vn -0.0285 -0.9996 0.0001
vn -0.9836 0.1803 -0.0004
vn 0.8230 -0.5680 0.0004
vn -0.9841 0.1774 -0.0004
vn 0.9382 0.3460 0.0003
vn 0.5680 -0.8230 0.0003
vn -0.8959 0.4443 -0.0004
vn 0.9846 0.1748 0.0003
vn -0.7437 0.6685 -0.0004
vn 0.9986 -0.0531 0.0004
vn -0.9836 -0.1803 -0.0003
vn -0.5727 0.8198 -0.0003
vn 0.9476 -0.3194 0.0004
vn -0.4188 0.9081 -0.0003
vn 0.8213 -0.5704 0.0004
vn 0.8230 0.5680 0.0002
vn -0.5704 0.8213 -0.0003
vn 0.9081 -0.4188 0.0004
vn -0.3194 0.9476 -0.0002
vn 0.8198 -0.5727 0.0004
vn 0.1803 0.9836 -0.0001
vn -0.0531 0.9986 -0.0001
vn 0.6685 -0.7437 0.0003
vn 0.1748 0.9846 -0.0001
vn 0.4443 -0.8959 0.0003
vn -0.1803 0.9836 -0.0104
vn 0.3460 0.9382 -0.0000
vn 0.1774 -0.9841 0.0002
vn 0.1774 0.9841 -0.0001
vn 0.3460 -0.9382 0.0002
vn 0.5680 0.8230 0.0001
vn 0.4443 0.8959 0.0001
vn 0.1748 -0.9846 0.0002
vn 0.6685 0.7437 0.0002
vn -0.0531 -0.9986 0.0001
vn 0.8198 0.5727 0.0002
vn -0.3194 -0.9476 -0.0000
vn 0.9081 0.4188 0.0003
vn -0.5704 -0.8213 -0.0001
vn 0.8213 0.5704 0.0002
vn -0.4188 -0.9081 -0.0000
vn 0.9476 0.3194 0.0003
vn -0.5727 -0.8198 -0.0001
vn 0.9986 0.0531 0.0004
vn -0.7437 -0.6685 -0.0002
vn 0.9846 -0.1747 0.0004
vn 0.9996 -0.0285 0.0004
vn -0.8959 -0.4443 -0.0003
vn 0.9382 -0.3460 0.0004
vn -0.9841 -0.1774 -0.0003
vn 0.9110 0.4123 0.0003
vn -0.9499 0.3126 -0.0004
vn 0.9636 0.2673 0.0003
vn -0.8252 0.5648 -0.0004
vn 0.9977 0.0676 0.0004
vn -0.6577 0.7533 -0.0003
vn 0.9829 -0.1842 0.0004
vn -0.4924 0.8704 -0.0003
vn 0.8927 -0.4507 0.0004
vn -0.3526 0.9358 -0.0002
vn -0.9081 0.4188 -0.0004
vn 0.5704 -0.8213 0.0003
vn -0.8198 0.5727 -0.0004
vn 0.3194 -0.9476 0.0002
vn -0.6685 0.7437 -0.0003
vn 0.0531 -0.9986 0.0001
vn -0.4443 0.8959 -0.0003
vn -0.1748 -0.9846 0.0001
vn -0.1774 0.9841 -0.0002
vn -0.3460 -0.9382 -0.0000
vn 0.3259 0.9454 -0.0000
vn 0.8168 0.5769 0.0002
vn 0.4098 -0.9122 0.0003
vn 0.5814 0.8136 0.0001
vn 0.2537 -0.9673 0.0002
vn 0.7657 0.6432 0.0002
vn 0.5769 0.8168 0.0001
vn 0.0396 -0.9992 0.0001
vn 0.8771 0.4803 0.0003
vn -0.2240 -0.9746 -0.0000
vn 0.9385 0.3453 0.0003
vn 0.1696 0.9855 -0.0001
vn 0.0285 0.9996 -0.0001
vn -0.1696 0.9855 -0.0002
vn -0.5769 0.8168 -0.0003
vn -0.7270 0.6866 -0.0004
vn -0.8168 0.5769 -0.0004
vn -0.6866 0.7270 -0.0003
vn 0.9855 0.1696 0.0003
vn 0.6866 -0.7270 0.0003
vn 0.9855 -0.1696 0.0004
vn -0.9855 0.1696 -0.0004
vn -0.9855 -0.1696 -0.0003
vn -0.0285 0.9996 -0.0001
vn 0.5769 -0.8168 0.0003
vn 0.8168 -0.5769 0.0004
vn -0.8168 -0.5769 -0.0002
vn -0.5769 -0.8168 -0.0001
vn -0.1696 -0.9855 0.0001
vn 0.1696 -0.9855 0.0002
vn 0.0880 0.9961 -0.0001
vn -0.6836 -0.7299 -0.0002
vn 0.3609 0.9326 -0.0000
vn -0.8292 -0.5589 -0.0002
vn 0.1951 -0.9807 0.0092
vn 0.6052 0.7961 0.0001
vn 0.1803 -0.9836 0.0002
vn -0.9125 -0.4090 -0.0003
vn 0.5555 -0.8315 0.0092
vn -0.1541 0.9881 -0.0002
vn -0.4605 -0.8877 -0.0001
vn -0.1859 -0.9826 0.0001
vn 0.8927 0.4507 0.0003
vn -0.3526 -0.9358 -0.0000
vn 0.9829 0.1842 0.0003
vn -0.4924 -0.8704 -0.0001
vn 0.9977 -0.0676 0.0004
vn -0.6577 -0.7533 -0.0001
vn 0.9636 -0.2673 0.0004
vn -0.8253 -0.5648 -0.0002
vn 0.9110 -0.4123 0.0004
vn -0.9499 -0.3125 -0.0003
vn -0.9110 -0.4123 -0.0003
vn 0.9499 -0.3126 0.0004
vn -0.9636 -0.2673 -0.0003
vn 0.8252 -0.5648 0.0004
vn -0.9977 -0.0676 -0.0004
vn -0.0136 -0.0043 0.9999
vn 0.0136 0.0043 -0.9999
vn 0.0039 -0.0023 -1.0000
vn 0.0040 -0.0024 -1.0000
vn 0.0039 -0.0025 -1.0000
vn 0.0039 -0.0024 -1.0000
vn 0.0014 0.0019 -1.0000
vn -0.0014 -0.0019 1.0000
vn -0.0028 0.0018 1.0000
vn -0.0027 0.0018 1.0000
vn -0.0029 0.0018 1.0000
vn -0.0027 0.0019 1.0000
vn -0.5648 0.8253 -0.0003
vn -0.3125 -0.9499 -0.0000
vn 0.8252 0.5648 0.0002
vn 0.3383 0.9411 -0.0000
vn -0.5680 0.8229 -0.0105
vn 0.8198 -0.5726 0.0004
vn 0.1747 0.9846 -0.0001
vn -0.1802 0.9836 -0.0104
vn 0.9846 -0.1748 0.0004
vn -0.3526 0.9358 -0.0003
vn 0.3193 -0.9476 0.0002
vn 0.0532 -0.9986 0.0001
vn -0.1747 -0.9846 0.0001
vn 0.3260 0.9454 -0.0000
vn 0.1951 -0.9807 0.0091
vn 0.5556 -0.8314 0.0092
vn 0.5555 -0.8314 0.0093
vn -0.0137 -0.0043 0.9999
vn 0.0137 0.0042 -0.9999
vt 0.000000 0.000000
s 0
f 59/1/1 508/1/1 8/1/1
f 352/1/2 87/1/2 89/1/2
f 530/1/3 649/1/3 648/1/3
f 44/1/2 93/1/2 43/1/2
f 748/1/3 752/1/3 747/1/3
f 427/1/2 323/1/2 324/1/2
f 107/1/4 506/1/4 633/1/4
f 181/1/2 180/1/2 53/1/2
f 132/1/2 51/1/2 28/1/2
f 556/1/3 660/1/3 784/1/3
f 117/1/2 118/1/2 20/1/2
f 14/1/5 515/1/5 46/1/5
f 277/1/2 407/1/2 278/1/2
f 307/1/6 308/1/6 869/1/6
f 239/1/2 235/1/2 236/1/2
f 840/1/3 841/1/3 942/1/3
f 41/1/7 511/1/7 509/1/7
f 229/1/2 228/1/2 389/1/2
f 10/1/8 572/1/8 511/1/8
f 37/1/9 505/1/9 503/1/9
f 47/1/10 517/1/10 14/1/10
f 68/1/11 626/1/11 576/1/11
f 84/1/2 47/1/2 14/1/2
f 38/1/12 633/1/12 539/1/12
f 171/1/2 369/1/2 370/1/2
f 598/1/3 600/1/3 605/1/3
f 68/1/13 499/1/13 2/1/13
f 769/1/3 763/1/3 768/1/3
f 879/1/3 880/1/3 580/1/3
f 505/1/3 552/1/3 639/1/3
f 149/1/2 487/1/2 485/1/2
f 640/1/3 522/1/3 641/1/3
f 858/1/14 859/1/14 296/1/14
f 495/1/15 17/1/15 143/1/15
f 167/1/16 731/1/16 135/1/16
f 799/1/3 804/1/3 800/1/3
f 6/1/17 556/1/17 57/1/17
f 35/1/18 502/1/18 500/1/18
f 45/1/19 514/1/19 12/1/19
f 96/1/20 544/1/20 49/1/20
f 40/1/21 622/1/21 540/1/21
f 604/1/22 16/1/22 82/1/22
f 762/1/3 741/1/3 761/1/3
f 773/1/3 765/1/3 772/1/3
f 806/1/11 145/1/11 236/1/11
f 162/1/2 473/1/2 474/1/2
f 696/1/3 555/1/3 554/1/3
f 151/1/2 441/1/2 442/1/2
f 490/1/2 68/1/2 95/1/2
f 426/1/2 315/1/2 425/1/2
f 809/1/3 810/1/3 703/1/3
f 282/1/2 281/1/2 411/1/2
f 788/1/3 789/1/3 697/1/3
f 8/1/23 568/1/23 64/1/23
f 864/1/3 951/1/3 952/1/3
f 237/1/2 157/1/2 142/1/2
f 332/1/24 133/1/24 60/1/24
f 539/1/25 6/1/25 38/1/25
f 613/1/3 582/1/3 584/1/3
f 36/1/26 637/1/26 538/1/26
f 721/1/27 626/1/27 625/1/27
f 195/1/2 377/1/2 194/1/2
f 268/1/2 267/1/2 259/1/2
f 573/1/28 706/1/28 705/1/28
f 550/1/3 694/1/3 549/1/3
f 727/1/3 714/1/3 713/1/3
f 2/1/29 537/1/29 499/1/29
f 953/1/3 853/1/3 854/1/3
f 610/1/30 87/1/30 352/1/30
f 378/1/31 772/1/31 912/1/31
f 130/1/32 654/1/32 655/1/32
f 271/1/16 834/1/16 270/1/16
f 196/1/33 913/1/33 773/1/33
f 55/1/34 505/1/34 6/1/34
f 380/1/35 774/1/35 914/1/35
f 121/1/36 647/1/36 122/1/36
f 381/1/37 775/1/37 198/1/37
f 80/1/38 517/1/38 600/1/38
f 382/1/39 724/1/39 916/1/39
f 254/1/2 253/1/2 399/1/2
f 383/1/40 786/1/40 212/1/40
f 117/1/41 643/1/41 118/1/41
f 384/1/42 787/1/42 918/1/42
f 385/1/43 788/1/43 214/1/43
f 386/1/44 789/1/44 920/1/44
f 273/1/45 587/1/45 836/1/45
f 387/1/46 790/1/46 216/1/46
f 388/1/47 791/1/47 922/1/47
f 275/1/45 837/1/45 838/1/45
f 389/1/48 792/1/48 218/1/48
f 277/1/45 839/1/45 840/1/45
f 390/1/49 793/1/49 924/1/49
f 279/1/45 841/1/45 842/1/45
f 391/1/50 794/1/50 220/1/50
f 392/1/51 725/1/51 926/1/51
f 281/1/45 843/1/45 844/1/45
f 393/1/52 807/1/52 237/1/52
f 394/1/53 808/1/53 928/1/53
f 395/1/54 809/1/54 239/1/54
f 396/1/55 810/1/55 930/1/55
f 846/1/16 845/1/16 283/1/16
f 397/1/56 811/1/56 241/1/56
f 398/1/57 812/1/57 932/1/57
f 399/1/58 813/1/58 243/1/58
f 164/1/2 481/1/2 482/1/2
f 400/1/59 814/1/59 934/1/59
f 401/1/60 815/1/60 245/1/60
f 402/1/61 726/1/61 936/1/61
f 403/1/62 827/1/62 263/1/62
f 404/1/63 828/1/63 938/1/63
f 405/1/64 829/1/64 265/1/64
f 406/1/65 830/1/65 940/1/65
f 285/1/14 595/1/14 847/1/14
f 407/1/66 831/1/66 267/1/66
f 408/1/67 832/1/67 942/1/67
f 287/1/14 848/1/14 849/1/14
f 409/1/68 833/1/68 269/1/68
f 289/1/14 850/1/14 851/1/14
f 410/1/69 834/1/69 944/1/69
f 291/1/14 852/1/14 853/1/14
f 411/1/70 835/1/70 271/1/70
f 272/1/71 946/1/71 412/1/71
f 293/1/14 854/1/14 855/1/14
f 285/1/72 947/1/72 413/1/72
f 286/1/73 948/1/73 848/1/73
f 415/1/74 849/1/74 949/1/74
f 288/1/75 950/1/75 850/1/75
f 417/1/76 851/1/76 951/1/76
f 290/1/77 952/1/77 852/1/77
f 67/1/78 657/1/78 575/1/78
f 419/1/79 853/1/79 953/1/79
f 134/1/80 658/1/80 341/1/80
f 292/1/81 954/1/81 854/1/81
f 134/1/82 576/1/82 657/1/82
f 43/1/41 514/1/41 512/1/41
f 421/1/83 855/1/83 955/1/83
f 422/1/84 665/1/84 294/1/84
f 61/1/16 659/1/16 187/1/16
f 317/1/85 957/1/85 423/1/85
f 209/1/86 555/1/86 56/1/86
f 318/1/87 958/1/87 729/1/87
f 231/1/88 567/1/88 63/1/88
f 315/1/89 959/1/89 425/1/89
f 316/1/90 960/1/90 877/1/90
f 71/1/11 662/1/11 583/1/11
f 257/1/80 258/1/80 663/1/80
f 313/1/91 961/1/91 427/1/91
f 75/1/45 664/1/45 591/1/45
f 314/1/92 962/1/92 875/1/92
f 79/1/14 665/1/14 599/1/14
f 311/1/93 963/1/93 429/1/93
f 312/1/94 964/1/94 873/1/94
f 328/1/6 603/1/6 666/1/6
f 12/1/95 588/1/95 514/1/95
f 309/1/96 965/1/96 431/1/96
f 447/1/97 668/1/97 445/1/97
f 310/1/98 966/1/98 871/1/98
f 447/1/99 669/1/99 667/1/99
f 453/1/100 670/1/100 671/1/100
f 155/1/101 563/1/101 61/1/101
f 456/1/102 670/1/102 455/1/102
f 297/1/86 716/1/86 163/1/86
f 436/1/103 674/1/103 437/1/103
f 440/1/104 674/1/104 437/1/104
f 106/1/105 562/1/105 434/1/105
f 435/1/106 673/1/106 440/1/106
f 299/1/86 861/1/86 298/1/86
f 439/1/107 977/1/107 106/1/107
f 461/1/108 676/1/108 677/1/108
f 19/1/109 629/1/109 523/1/109
f 464/1/110 676/1/110 463/1/110
f 301/1/86 863/1/86 300/1/86
f 19/1/101 699/1/101 140/1/101
f 495/1/82 680/1/82 679/1/82
f 433/1/111 675/1/111 435/1/111
f 495/1/112 681/1/112 496/1/112
f 303/1/86 865/1/86 302/1/86
f 133/1/113 628/1/113 166/1/113
f 469/1/114 682/1/114 683/1/114
f 472/1/101 682/1/101 471/1/101
f 305/1/86 867/1/86 304/1/86
f 477/1/115 685/1/115 686/1/115
f 480/1/116 685/1/116 479/1/116
f 487/1/117 689/1/117 485/1/117
f 487/1/118 690/1/118 688/1/118
f 493/1/119 681/1/119 680/1/119
f 488/1/120 689/1/120 690/1/120
f 480/1/121 686/1/121 687/1/121
f 151/1/115 547/1/115 692/1/115
f 472/1/122 683/1/122 684/1/122
f 152/1/116 551/1/116 54/1/116
f 461/1/123 678/1/123 464/1/123
f 442/1/124 978/1/124 114/1/124
f 435/1/125 674/1/125 675/1/125
f 114/1/126 550/1/126 444/1/126
f 453/1/127 672/1/127 456/1/127
f 21/1/115 691/1/115 525/1/115
f 445/1/128 669/1/128 448/1/128
f 21/1/116 693/1/116 136/1/116
f 441/1/129 668/1/129 445/1/129
f 448/1/130 549/1/130 669/1/130
f 159/1/88 870/1/88 309/1/88
f 56/1/117 696/1/117 153/1/117
f 310/1/88 872/1/88 311/1/88
f 58/1/118 698/1/118 559/1/118
f 450/1/131 979/1/131 110/1/131
f 312/1/88 874/1/88 313/1/88
f 110/1/132 558/1/132 452/1/132
f 137/1/117 527/1/117 23/1/117
f 439/1/133 722/1/133 721/1/133
f 314/1/88 876/1/88 315/1/88
f 138/1/118 527/1/118 697/1/118
f 549/1/121 441/1/121 443/1/121
f 449/1/134 671/1/134 553/1/134
f 557/1/120 449/1/120 451/1/120
f 316/1/88 878/1/88 317/1/88
f 672/1/135 451/1/135 456/1/135
f 433/1/136 722/1/136 436/1/136
f 569/1/137 457/1/137 459/1/137
f 467/1/138 581/1/138 465/1/138
f 475/1/128 589/1/128 473/1/128
f 483/1/127 597/1/127 481/1/127
f 489/1/123 577/1/123 491/1/123
f 304/1/2 420/1/2 303/1/2
f 155/1/45 723/1/45 700/1/45
f 189/1/86 764/1/86 765/1/86
f 63/1/112 702/1/112 156/1/112
f 199/1/14 696/1/14 724/1/14
f 65/1/82 704/1/82 571/1/82
f 76/1/139 514/1/139 592/1/139
f 102/1/140 566/1/140 980/1/140
f 221/1/6 702/1/6 725/1/6
f 69/1/6 879/1/6 579/1/6
f 102/1/141 570/1/141 460/1/141
f 141/1/112 529/1/112 25/1/112
f 160/1/80 726/1/80 246/1/80
f 320/1/6 881/1/6 880/1/6
f 142/1/82 529/1/82 703/1/82
f 33/1/142 498/1/142 1/1/142
f 457/1/143 677/1/143 461/1/143
f 162/1/16 727/1/16 272/1/16
f 322/1/6 883/1/6 882/1/6
f 856/1/86 596/1/86 295/1/86
f 459/1/144 678/1/144 464/1/144
f 172/1/2 173/1/2 167/1/2
f 500/1/18 3/1/18 35/1/18
f 164/1/86 728/1/86 306/1/86
f 324/1/6 885/1/6 884/1/6
f 503/1/9 5/1/9 37/1/9
f 318/1/88 720/1/88 165/1/88
f 326/1/6 887/1/6 886/1/6
f 143/1/145 629/1/145 139/1/145
f 158/1/146 730/1/146 706/1/146
f 506/1/32 7/1/32 39/1/32
f 509/1/7 9/1/7 41/1/7
f 111/1/147 503/1/147 637/1/147
f 44/1/41 513/1/41 11/1/41
f 71/1/148 710/1/148 160/1/148
f 73/1/106 712/1/106 587/1/106
f 604/1/88 331/1/88 330/1/88
f 46/1/5 516/1/5 13/1/5
f 94/1/149 582/1/149 981/1/149
f 726/1/3 710/1/3 709/1/3
f 94/1/150 586/1/150 468/1/150
f 4/1/151 548/1/151 53/1/151
f 48/1/36 519/1/36 15/1/36
f 145/1/148 531/1/148 27/1/148
f 153/1/2 189/1/2 137/1/2
f 146/1/106 531/1/106 711/1/106
f 465/1/152 683/1/152 581/1/152
f 22/1/153 527/1/153 526/1/153
f 684/1/154 467/1/154 472/1/154
f 168/1/45 692/1/45 732/1/45
f 526/1/155 21/1/155 22/1/155
f 170/1/45 733/1/45 734/1/45
f 528/1/156 23/1/156 24/1/156
f 172/1/45 735/1/45 736/1/45
f 17/1/157 536/1/157 32/1/157
f 174/1/45 737/1/45 738/1/45
f 50/1/158 532/1/158 531/1/158
f 176/1/45 739/1/45 740/1/45
f 75/1/97 714/1/97 162/1/97
f 332/1/80 656/1/80 133/1/80
f 77/1/99 716/1/99 595/1/99
f 653/1/25 129/1/25 128/1/25
f 90/1/159 590/1/159 982/1/159
f 334/1/80 890/1/80 333/1/80
f 27/1/160 530/1/160 26/1/160
f 476/1/161 982/1/161 594/1/161
f 147/1/97 533/1/97 29/1/97
f 336/1/80 892/1/80 335/1/80
f 18/1/162 521/1/162 17/1/162
f 148/1/99 533/1/99 715/1/99
f 473/1/163 686/1/163 589/1/163
f 338/1/80 894/1/80 337/1/80
f 596/1/164 14/1/164 78/1/164
f 475/1/165 687/1/165 480/1/165
f 340/1/80 896/1/80 339/1/80
f 2/1/142 497/1/142 33/1/142
f 62/1/166 502/1/166 4/1/166
f 178/1/16 547/1/16 52/1/16
f 180/1/16 742/1/16 179/1/16
f 182/1/16 744/1/16 181/1/16
f 60/1/167 499/1/167 626/1/167
f 164/1/100 599/1/100 718/1/100
f 165/1/102 603/1/102 81/1/102
f 184/1/16 746/1/16 183/1/16
f 10/1/168 584/1/168 72/1/168
f 101/1/2 460/1/2 66/1/2
f 86/1/169 598/1/169 983/1/169
f 42/1/170 511/1/170 10/1/170
f 484/1/171 983/1/171 602/1/171
f 186/1/16 748/1/16 185/1/16
f 31/1/100 717/1/100 535/1/100
f 31/1/102 719/1/102 150/1/102
f 485/1/172 597/1/172 481/1/172
f 488/1/173 601/1/173 690/1/173
f 501/1/29 34/1/29 3/1/29
f 751/1/45 752/1/45 188/1/45
f 504/1/174 36/1/174 5/1/174
f 42/1/175 614/1/175 541/1/175
f 342/1/146 628/1/146 898/1/146
f 507/1/25 38/1/25 7/1/25
f 158/1/110 575/1/110 67/1/110
f 344/1/146 899/1/146 900/1/146
f 159/1/108 579/1/108 708/1/108
f 490/1/176 984/1/176 574/1/176
f 346/1/146 901/1/146 902/1/146
f 492/1/177 984/1/177 97/1/177
f 510/1/178 40/1/178 9/1/178
f 17/1/110 705/1/110 143/1/110
f 348/1/146 903/1/146 904/1/146
f 17/1/108 707/1/108 521/1/108
f 493/1/179 573/1/179 680/1/179
f 350/1/146 905/1/146 906/1/146
f 496/1/180 577/1/180 491/1/180
f 11/1/170 541/1/170 42/1/170
f 70/1/181 520/1/181 580/1/181
f 363/1/182 749/1/182 186/1/182
f 39/1/32 508/1/32 506/1/32
f 364/1/183 659/1/183 754/1/183
f 365/1/184 747/1/184 184/1/184
f 13/1/19 542/1/19 45/1/19
f 366/1/185 748/1/185 756/1/185
f 367/1/186 745/1/186 182/1/186
f 368/1/187 746/1/187 758/1/187
f 369/1/188 743/1/188 180/1/188
f 15/1/10 543/1/10 47/1/10
f 370/1/189 744/1/189 760/1/189
f 371/1/190 741/1/190 178/1/190
f 103/1/191 537/1/191 34/1/191
f 179/1/192 762/1/192 372/1/192
f 540/1/178 8/1/178 40/1/178
f 1/1/193 544/1/193 49/1/193
f 103/1/194 500/1/194 627/1/194
f 530/1/195 25/1/195 26/1/195
f 18/1/196 523/1/196 522/1/196
f 373/1/197 776/1/197 907/1/197
f 152/1/14 767/1/14 694/1/14
f 374/1/198 777/1/198 201/1/198
f 19/1/199 524/1/199 523/1/199
f 202/1/200 909/1/200 375/1/200
f 191/1/14 769/1/14 768/1/14
f 376/1/201 779/1/201 203/1/201
f 204/1/202 911/1/202 377/1/202
f 193/1/14 771/1/14 770/1/14
f 378/1/203 781/1/203 205/1/203
f 529/1/204 24/1/204 25/1/204
f 206/1/205 913/1/205 379/1/205
f 195/1/14 773/1/14 772/1/14
f 380/1/206 783/1/206 207/1/206
f 208/1/207 915/1/207 381/1/207
f 197/1/14 775/1/14 774/1/14
f 209/1/208 916/1/208 660/1/208
f 32/1/209 535/1/209 31/1/209
f 222/1/210 917/1/210 383/1/210
f 223/1/211 918/1/211 796/1/211
f 224/1/212 919/1/212 385/1/212
f 225/1/213 920/1/213 798/1/213
f 30/1/214 533/1/214 29/1/214
f 226/1/215 921/1/215 387/1/215
f 227/1/216 922/1/216 800/1/216
f 228/1/217 923/1/217 389/1/217
f 229/1/218 924/1/218 802/1/218
f 532/1/219 51/1/219 533/1/219
f 230/1/220 925/1/220 391/1/220
f 231/1/221 926/1/221 661/1/221
f 247/1/222 927/1/222 393/1/222
f 54/1/86 776/1/86 200/1/86
f 248/1/223 928/1/223 817/1/223
f 31/1/224 534/1/224 30/1/224
f 249/1/225 929/1/225 395/1/225
f 201/1/86 778/1/86 202/1/86
f 250/1/226 930/1/226 819/1/226
f 251/1/227 931/1/227 397/1/227
f 203/1/86 780/1/86 204/1/86
f 252/1/228 932/1/228 821/1/228
f 441/1/97 546/1/97 442/1/97
f 253/1/229 933/1/229 399/1/229
f 205/1/86 782/1/86 206/1/86
f 254/1/230 934/1/230 823/1/230
f 443/1/99 550/1/99 549/1/99
f 255/1/231 935/1/231 401/1/231
f 207/1/86 784/1/86 208/1/86
f 256/1/232 936/1/232 662/1/232
f 450/1/100 553/1/100 554/1/100
f 273/1/233 937/1/233 403/1/233
f 274/1/234 938/1/234 837/1/234
f 452/1/102 557/1/102 451/1/102
f 275/1/235 939/1/235 405/1/235
f 276/1/236 940/1/236 839/1/236
f 433/1/106 562/1/106 561/1/106
f 210/1/14 556/1/14 785/1/14
f 277/1/237 941/1/237 407/1/237
f 278/1/238 942/1/238 841/1/238
f 458/1/108 565/1/108 566/1/108
f 279/1/239 943/1/239 409/1/239
f 48/1/240 606/1/240 83/1/240
f 280/1/241 944/1/241 843/1/241
f 460/1/110 569/1/110 459/1/110
f 411/1/242 844/1/242 945/1/242
f 282/1/243 946/1/243 664/1/243
f 489/1/82 574/1/82 573/1/82
f 413/1/244 860/1/244 297/1/244
f 67/1/110 576/1/110 68/1/110
f 414/1/245 861/1/245 948/1/245
f 491/1/112 578/1/112 492/1/112
f 415/1/246 862/1/246 299/1/246
f 300/1/247 950/1/247 416/1/247
f 466/1/114 581/1/114 582/1/114
f 417/1/248 864/1/248 301/1/248
f 302/1/249 952/1/249 418/1/249
f 468/1/101 585/1/101 467/1/101
f 419/1/250 866/1/250 303/1/250
f 304/1/251 954/1/251 420/1/251
f 474/1/115 589/1/115 590/1/115
f 305/1/252 955/1/252 868/1/252
f 306/1/253 956/1/253 422/1/253
f 476/1/116 593/1/116 475/1/116
f 423/1/254 887/1/254 327/1/254
f 424/1/255 666/1/255 958/1/255
f 481/1/117 598/1/117 482/1/117
f 425/1/256 885/1/256 325/1/256
f 426/1/257 886/1/257 960/1/257
f 483/1/118 602/1/118 601/1/118
f 16/1/36 518/1/36 48/1/36
f 427/1/258 883/1/258 323/1/258
f 428/1/259 884/1/259 962/1/259
f 429/1/260 881/1/260 321/1/260
f 430/1/261 882/1/261 964/1/261
f 83/1/4 605/1/4 606/1/4
f 431/1/262 879/1/262 319/1/262
f 432/1/263 880/1/263 966/1/263
f 361/1/264 906/1/264 967/1/264
f 85/1/265 607/1/265 486/1/265
f 154/1/6 786/1/6 698/1/6
f 362/1/266 730/1/266 351/1/266
f 359/1/267 904/1/267 969/1/267
f 213/1/6 788/1/6 787/1/6
f 360/1/268 905/1/268 349/1/268
f 85/1/12 606/1/12 608/1/12
f 353/1/269 902/1/269 971/1/269
f 486/1/270 605/1/270 84/1/270
f 215/1/6 790/1/6 789/1/6
f 354/1/271 903/1/271 347/1/271
f 355/1/272 900/1/272 973/1/272
f 217/1/6 792/1/6 791/1/6
f 356/1/273 901/1/273 345/1/273
f 357/1/274 898/1/274 975/1/274
f 219/1/6 794/1/6 793/1/6
f 358/1/106 899/1/106 343/1/106
f 87/1/147 609/1/147 610/1/147
f 89/1/275 611/1/275 478/1/275
f 44/1/276 614/1/276 91/1/276
f 89/1/26 610/1/26 612/1/26
f 478/1/277 609/1/277 88/1/277
f 58/1/88 795/1/88 222/1/88
f 49/1/193 520/1/193 16/1/193
f 91/1/194 613/1/194 614/1/194
f 223/1/88 797/1/88 224/1/88
f 93/1/278 615/1/278 470/1/278
f 225/1/88 799/1/88 226/1/88
f 87/1/279 542/1/279 45/1/279
f 227/1/88 801/1/88 228/1/88
f 91/1/191 616/1/191 93/1/191
f 470/1/280 613/1/280 92/1/280
f 229/1/88 803/1/88 230/1/88
f 95/1/21 618/1/21 617/1/21
f 41/1/281 622/1/281 99/1/281
f 494/1/282 620/1/282 98/1/282
f 96/1/283 497/1/283 618/1/283
f 233/1/6 804/1/6 232/1/6
f 95/1/284 619/1/284 494/1/284
f 98/1/281 618/1/281 96/1/281
f 99/1/283 621/1/283 622/1/283
f 462/1/285 624/1/285 623/1/285
f 99/1/20 624/1/20 101/1/20
f 100/1/286 623/1/286 621/1/286
f 4/1/174 538/1/174 502/1/174
f 83/1/287 543/1/287 47/1/287
f 104/1/276 627/1/276 103/1/276
f 438/1/288 630/1/288 631/1/288
f 237/1/80 704/1/80 157/1/80
f 239/1/80 808/1/80 238/1/80
f 105/1/175 627/1/175 630/1/175
f 104/1/289 631/1/289 625/1/289
f 241/1/80 810/1/80 240/1/80
f 243/1/80 812/1/80 242/1/80
f 245/1/80 814/1/80 244/1/80
f 108/1/240 633/1/240 107/1/240
f 454/1/290 635/1/290 634/1/290
f 107/1/287 635/1/287 109/1/287
f 108/1/291 634/1/291 632/1/291
f 247/1/11 571/1/11 816/1/11
f 112/1/30 637/1/30 111/1/30
f 249/1/11 817/1/11 818/1/11
f 446/1/292 639/1/292 638/1/292
f 251/1/11 819/1/11 820/1/11
f 253/1/11 821/1/11 822/1/11
f 111/1/279 639/1/279 113/1/279
f 112/1/293 638/1/293 636/1/293
f 255/1/11 823/1/11 824/1/11
f 336/1/294 971/1/294 893/1/294
f 337/1/295 972/1/295 354/1/295
f 125/1/29 649/1/29 650/1/29
f 334/1/296 973/1/296 891/1/296
f 335/1/297 974/1/297 356/1/297
f 132/1/298 651/1/298 652/1/298
f 739/1/3 738/1/3 699/1/3
f 332/1/299 975/1/299 889/1/299
f 20/1/300 525/1/300 524/1/300
f 333/1/301 976/1/301 358/1/301
f 651/1/302 126/1/302 131/1/302
f 338/1/303 969/1/303 895/1/303
f 339/1/304 970/1/304 360/1/304
f 118/1/19 644/1/19 119/1/19
f 340/1/144 967/1/144 897/1/144
f 119/1/5 645/1/5 120/1/5
f 341/1/305 968/1/305 362/1/305
f 655/1/178 115/1/178 130/1/178
f 176/1/306 753/1/306 363/1/306
f 177/1/307 754/1/307 723/1/307
f 652/1/9 128/1/9 127/1/9
f 116/1/170 642/1/170 117/1/170
f 174/1/308 755/1/308 365/1/308
f 175/1/309 756/1/309 739/1/309
f 701/1/88 141/1/88 211/1/88
f 172/1/310 757/1/310 367/1/310
f 120/1/10 646/1/10 121/1/10
f 173/1/311 758/1/311 737/1/311
f 170/1/312 759/1/312 369/1/312
f 171/1/313 760/1/313 735/1/313
f 123/1/142 649/1/142 124/1/142
f 826/1/45 262/1/45 261/1/45
f 371/1/314 732/1/314 761/1/314
f 169/1/315 762/1/315 733/1/315
f 116/1/7 640/1/7 641/1/7
f 190/1/316 907/1/316 767/1/316
f 263/1/16 712/1/16 161/1/16
f 191/1/317 908/1/317 374/1/317
f 265/1/16 828/1/16 264/1/16
f 192/1/318 909/1/318 769/1/318
f 122/1/193 648/1/193 123/1/193
f 376/1/319 770/1/319 910/1/319
f 267/1/16 830/1/16 266/1/16
f 194/1/320 911/1/320 771/1/320
f 269/1/16 832/1/16 268/1/16
f 681/1/3 573/1/3 680/1/3
f 675/1/321 722/1/321 561/1/321
f 669/1/3 545/1/3 549/1/3
f 672/1/3 553/1/3 557/1/3
f 678/1/3 565/1/3 569/1/3
f 684/1/3 581/1/3 585/1/3
f 686/1/3 593/1/3 687/1/3
f 689/1/3 601/1/3 690/1/3
f 441/1/2 448/1/2 443/1/2
f 436/1/322 435/1/322 433/1/322
f 489/1/2 496/1/2 493/1/2
f 483/1/2 485/1/2 488/1/2
f 475/1/2 477/1/2 480/1/2
f 465/1/2 472/1/2 467/1/2
f 457/1/2 464/1/2 459/1/2
f 449/1/2 456/1/2 451/1/2
f 59/1/1 560/1/1 508/1/1
f 642/1/3 641/1/3 522/1/3
f 642/1/3 522/1/3 523/1/3
f 521/1/3 640/1/3 536/1/3
f 640/1/3 655/1/3 536/1/3
f 643/1/3 642/1/3 524/1/3
f 642/1/3 523/1/3 524/1/3
f 536/1/3 655/1/3 654/1/3
f 535/1/3 536/1/3 654/1/3
f 644/1/3 643/1/3 524/1/3
f 644/1/3 524/1/3 525/1/3
f 535/1/3 654/1/3 534/1/3
f 654/1/3 653/1/3 534/1/3
f 645/1/3 644/1/3 526/1/3
f 644/1/3 525/1/3 526/1/3
f 534/1/3 653/1/3 652/1/3
f 533/1/3 534/1/3 652/1/3
f 646/1/3 645/1/3 526/1/3
f 646/1/3 526/1/3 527/1/3
f 533/1/3 652/1/3 532/1/3
f 652/1/3 651/1/3 532/1/3
f 647/1/3 646/1/3 528/1/3
f 646/1/3 527/1/3 528/1/3
f 532/1/3 651/1/3 650/1/3
f 531/1/3 532/1/3 650/1/3
f 648/1/3 647/1/3 528/1/3
f 648/1/3 528/1/3 529/1/3
f 531/1/3 650/1/3 530/1/3
f 650/1/3 649/1/3 530/1/3
f 648/1/3 529/1/3 530/1/3
f 44/1/2 91/1/2 93/1/2
f 755/1/3 756/1/3 748/1/3
f 748/1/3 749/1/3 752/1/3
f 752/1/3 751/1/3 747/1/3
f 751/1/3 746/1/3 747/1/3
f 747/1/3 755/1/3 748/1/3
f 98/1/2 96/1/2 49/1/2
f 49/1/2 16/1/2 98/1/2
f 16/1/2 70/1/2 98/1/2
f 70/1/2 329/1/2 321/1/2
f 329/1/2 324/1/2 323/1/2
f 69/1/2 494/1/2 98/1/2
f 432/1/2 431/1/2 319/1/2
f 69/1/2 98/1/2 70/1/2
f 315/1/2 316/1/2 308/1/2
f 316/1/2 317/1/2 308/1/2
f 319/1/2 69/1/2 70/1/2
f 320/1/2 432/1/2 319/1/2
f 322/1/2 321/1/2 329/1/2
f 321/1/2 320/1/2 70/1/2
f 320/1/2 319/1/2 70/1/2
f 327/1/2 326/1/2 330/1/2
f 330/1/2 331/1/2 327/1/2
f 331/1/2 328/1/2 327/1/2
f 424/1/2 318/1/2 317/1/2
f 318/1/2 308/1/2 317/1/2
f 423/1/2 327/1/2 328/1/2
f 423/1/2 328/1/2 424/1/2
f 317/1/2 423/1/2 424/1/2
f 308/1/2 307/1/2 315/1/2
f 307/1/2 312/1/2 313/1/2
f 307/1/2 313/1/2 314/1/2
f 323/1/2 322/1/2 329/1/2
f 314/1/2 315/1/2 307/1/2
f 314/1/2 313/1/2 428/1/2
f 313/1/2 427/1/2 428/1/2
f 428/1/2 427/1/2 324/1/2
f 107/1/4 39/1/4 506/1/4
f 36/1/2 4/1/2 112/1/2
f 4/1/2 53/1/2 112/1/2
f 53/1/2 188/1/2 181/1/2
f 188/1/2 185/1/2 184/1/2
f 183/1/2 188/1/2 184/1/2
f 366/1/2 175/1/2 174/1/2
f 112/1/2 111/1/2 36/1/2
f 52/1/2 446/1/2 112/1/2
f 52/1/2 112/1/2 53/1/2
f 178/1/2 52/1/2 53/1/2
f 185/1/2 366/1/2 365/1/2
f 366/1/2 174/1/2 365/1/2
f 135/1/2 151/1/2 168/1/2
f 171/1/2 167/1/2 170/1/2
f 167/1/2 135/1/2 169/1/2
f 170/1/2 167/1/2 169/1/2
f 135/1/2 168/1/2 169/1/2
f 169/1/2 168/1/2 371/1/2
f 372/1/2 169/1/2 371/1/2
f 372/1/2 371/1/2 178/1/2
f 179/1/2 372/1/2 178/1/2
f 185/1/2 365/1/2 184/1/2
f 183/1/2 368/1/2 367/1/2
f 179/1/2 178/1/2 53/1/2
f 370/1/2 369/1/2 180/1/2
f 180/1/2 179/1/2 53/1/2
f 188/1/2 183/1/2 182/1/2
f 183/1/2 367/1/2 182/1/2
f 181/1/2 370/1/2 180/1/2
f 188/1/2 182/1/2 181/1/2
f 28/1/2 50/1/2 131/1/2
f 131/1/2 126/1/2 28/1/2
f 126/1/2 132/1/2 28/1/2
f 783/1/3 785/1/3 784/1/3
f 785/1/3 556/1/3 784/1/3
f 556/1/3 505/1/3 632/1/3
f 505/1/3 539/1/3 632/1/3
f 539/1/3 633/1/3 632/1/3
f 632/1/3 634/1/3 555/1/3
f 660/1/3 916/1/3 915/1/3
f 632/1/3 555/1/3 556/1/3
f 660/1/3 915/1/3 784/1/3
f 556/1/3 555/1/3 660/1/3
f 29/1/2 51/1/2 132/1/2
f 125/1/2 131/1/2 27/1/2
f 131/1/2 50/1/2 27/1/2
f 29/1/2 132/1/2 127/1/2
f 30/1/2 29/1/2 127/1/2
f 124/1/2 125/1/2 26/1/2
f 125/1/2 27/1/2 26/1/2
f 30/1/2 127/1/2 128/1/2
f 31/1/2 30/1/2 129/1/2
f 30/1/2 128/1/2 129/1/2
f 123/1/2 124/1/2 26/1/2
f 123/1/2 26/1/2 25/1/2
f 32/1/2 31/1/2 129/1/2
f 122/1/2 123/1/2 24/1/2
f 123/1/2 25/1/2 24/1/2
f 32/1/2 129/1/2 130/1/2
f 17/1/2 32/1/2 115/1/2
f 32/1/2 130/1/2 115/1/2
f 121/1/2 122/1/2 24/1/2
f 121/1/2 24/1/2 23/1/2
f 18/1/2 17/1/2 115/1/2
f 120/1/2 121/1/2 22/1/2
f 121/1/2 23/1/2 22/1/2
f 18/1/2 115/1/2 116/1/2
f 19/1/2 18/1/2 117/1/2
f 18/1/2 116/1/2 117/1/2
f 119/1/2 120/1/2 22/1/2
f 119/1/2 22/1/2 21/1/2
f 119/1/2 21/1/2 20/1/2
f 20/1/2 19/1/2 117/1/2
f 118/1/2 119/1/2 20/1/2
f 14/1/5 517/1/5 515/1/5
f 260/1/2 261/1/2 270/1/2
f 261/1/2 271/1/2 270/1/2
f 409/1/2 269/1/2 410/1/2
f 269/1/2 260/1/2 270/1/2
f 269/1/2 270/1/2 410/1/2
f 410/1/2 280/1/2 409/1/2
f 280/1/2 284/1/2 279/1/2
f 279/1/2 409/1/2 280/1/2
f 284/1/2 283/1/2 277/1/2
f 283/1/2 274/1/2 275/1/2
f 283/1/2 275/1/2 276/1/2
f 284/1/2 277/1/2 278/1/2
f 278/1/2 279/1/2 284/1/2
f 264/1/2 404/1/2 403/1/2
f 264/1/2 403/1/2 263/1/2
f 265/1/2 264/1/2 259/1/2
f 264/1/2 263/1/2 146/1/2
f 161/1/2 467/1/2 146/1/2
f 467/1/2 472/1/2 146/1/2
f 264/1/2 146/1/2 259/1/2
f 263/1/2 161/1/2 146/1/2
f 259/1/2 266/1/2 265/1/2
f 266/1/2 406/1/2 405/1/2
f 405/1/2 265/1/2 266/1/2
f 277/1/2 283/1/2 276/1/2
f 267/1/2 268/1/2 408/1/2
f 275/1/2 405/1/2 406/1/2
f 275/1/2 406/1/2 276/1/2
f 267/1/2 408/1/2 407/1/2
f 408/1/2 278/1/2 407/1/2
f 308/1/6 150/1/6 719/1/6
f 869/1/6 707/1/6 307/1/6
f 707/1/6 144/1/6 307/1/6
f 308/1/6 719/1/6 869/1/6
f 236/1/2 240/1/2 239/1/2
f 240/1/2 396/1/2 395/1/2
f 239/1/2 240/1/2 395/1/2
f 239/1/2 238/1/2 235/1/2
f 839/1/3 940/1/3 838/1/3
f 940/1/3 939/1/3 838/1/3
f 838/1/3 845/1/3 839/1/3
f 845/1/3 846/1/3 840/1/3
f 846/1/3 841/1/3 840/1/3
f 840/1/3 839/1/3 845/1/3
f 943/1/3 842/1/3 843/1/3
f 943/1/3 843/1/3 944/1/3
f 833/1/3 943/1/3 944/1/3
f 834/1/3 835/1/3 826/1/3
f 833/1/3 944/1/3 834/1/3
f 833/1/3 834/1/3 826/1/3
f 826/1/3 825/1/3 833/1/3
f 825/1/3 831/1/3 832/1/3
f 832/1/3 833/1/3 825/1/3
f 832/1/3 831/1/3 941/1/3
f 942/1/3 832/1/3 941/1/3
f 942/1/3 941/1/3 840/1/3
f 41/1/7 10/1/7 511/1/7
f 234/1/2 233/1/2 227/1/2
f 233/1/2 223/1/2 224/1/2
f 227/1/2 233/1/2 226/1/2
f 224/1/2 225/1/2 233/1/2
f 225/1/2 226/1/2 233/1/2
f 392/1/2 231/1/2 391/1/2
f 231/1/2 234/1/2 230/1/2
f 230/1/2 391/1/2 231/1/2
f 234/1/2 227/1/2 228/1/2
f 229/1/2 230/1/2 234/1/2
f 218/1/2 219/1/2 390/1/2
f 229/1/2 234/1/2 228/1/2
f 218/1/2 390/1/2 389/1/2
f 390/1/2 229/1/2 389/1/2
f 10/1/8 66/1/8 572/1/8
f 37/1/9 6/1/9 505/1/9
f 47/1/10 543/1/10 517/1/10
f 68/1/11 60/1/11 626/1/11
f 14/1/2 80/1/2 84/1/2
f 84/1/2 83/1/2 47/1/2
f 38/1/12 107/1/12 633/1/12
f 171/1/2 170/1/2 369/1/2
f 517/1/3 543/1/3 605/1/3
f 543/1/3 606/1/3 605/1/3
f 605/1/3 607/1/3 983/1/3
f 607/1/3 603/1/3 602/1/3
f 983/1/3 607/1/3 602/1/3
f 855/1/3 856/1/3 665/1/3
f 856/1/3 600/1/3 665/1/3
f 600/1/3 517/1/3 605/1/3
f 603/1/3 720/1/3 602/1/3
f 720/1/3 601/1/3 602/1/3
f 956/1/3 955/1/3 665/1/3
f 955/1/3 855/1/3 665/1/3
f 983/1/3 598/1/3 605/1/3
f 598/1/3 599/1/3 600/1/3
f 599/1/3 665/1/3 600/1/3
f 68/1/13 576/1/13 499/1/13
f 769/1/3 770/1/3 764/1/3
f 770/1/3 771/1/3 764/1/3
f 764/1/3 763/1/3 769/1/3
f 763/1/3 767/1/3 768/1/3
f 767/1/3 907/1/3 768/1/3
f 907/1/3 908/1/3 768/1/3
f 707/1/3 869/1/3 873/1/3
f 869/1/3 878/1/3 877/1/3
f 869/1/3 877/1/3 876/1/3
f 680/1/3 705/1/3 679/1/3
f 705/1/3 521/1/3 679/1/3
f 577/1/3 681/1/3 707/1/3
f 681/1/3 679/1/3 707/1/3
f 679/1/3 521/1/3 707/1/3
f 708/1/3 577/1/3 707/1/3
f 960/1/3 886/1/3 959/1/3
f 886/1/3 885/1/3 959/1/3
f 870/1/3 708/1/3 707/1/3
f 877/1/3 960/1/3 876/1/3
f 960/1/3 959/1/3 876/1/3
f 619/1/3 579/1/3 620/1/3
f 579/1/3 879/1/3 580/1/3
f 544/1/3 618/1/3 620/1/3
f 869/1/3 876/1/3 875/1/3
f 875/1/3 874/1/3 869/1/3
f 874/1/3 873/1/3 869/1/3
f 873/1/3 964/1/3 963/1/3
f 873/1/3 963/1/3 872/1/3
f 520/1/3 544/1/3 620/1/3
f 881/1/3 888/1/3 880/1/3
f 888/1/3 580/1/3 880/1/3
f 580/1/3 520/1/3 620/1/3
f 707/1/3 873/1/3 872/1/3
f 707/1/3 872/1/3 871/1/3
f 870/1/3 707/1/3 871/1/3
f 870/1/3 871/1/3 965/1/3
f 871/1/3 966/1/3 965/1/3
f 965/1/3 966/1/3 879/1/3
f 966/1/3 880/1/3 879/1/3
f 580/1/3 620/1/3 579/1/3
f 637/1/3 503/1/3 639/1/3
f 503/1/3 505/1/3 639/1/3
f 149/1/2 31/1/2 487/1/2
f 640/1/3 521/1/3 522/1/3
f 296/1/14 148/1/14 857/1/14
f 148/1/14 715/1/14 857/1/14
f 717/1/14 149/1/14 296/1/14
f 859/1/14 717/1/14 296/1/14
f 296/1/14 857/1/14 858/1/14
f 350/1/15 361/1/15 362/1/15
f 350/1/15 362/1/15 351/1/15
f 349/1/15 350/1/15 143/1/15
f 350/1/15 351/1/15 143/1/15
f 158/1/15 67/1/15 490/1/15
f 158/1/15 490/1/15 489/1/15
f 489/1/15 493/1/15 143/1/15
f 493/1/15 495/1/15 143/1/15
f 495/1/15 496/1/15 144/1/15
f 496/1/15 491/1/15 144/1/15
f 491/1/15 159/1/15 144/1/15
f 158/1/15 489/1/15 143/1/15
f 309/1/15 431/1/15 310/1/15
f 431/1/15 432/1/15 310/1/15
f 338/1/323 339/1/323 359/1/323
f 339/1/324 360/1/324 359/1/324
f 359/1/325 360/1/325 348/1/325
f 360/1/15 349/1/15 348/1/15
f 347/1/326 348/1/326 143/1/326
f 348/1/326 349/1/326 143/1/326
f 336/1/326 337/1/326 354/1/326
f 336/1/326 354/1/326 353/1/326
f 354/1/15 347/1/15 353/1/15
f 346/1/15 353/1/15 347/1/15
f 346/1/326 347/1/326 139/1/326
f 347/1/15 143/1/15 139/1/15
f 345/1/326 346/1/326 139/1/326
f 159/1/15 309/1/15 144/1/15
f 309/1/15 310/1/15 144/1/15
f 310/1/15 311/1/15 307/1/15
f 144/1/15 310/1/15 307/1/15
f 429/1/15 321/1/15 430/1/15
f 321/1/326 322/1/326 430/1/326
f 430/1/15 312/1/15 429/1/15
f 312/1/15 307/1/15 311/1/15
f 311/1/15 429/1/15 312/1/15
f 139/1/326 437/1/326 436/1/326
f 166/1/15 139/1/15 436/1/15
f 436/1/15 439/1/15 166/1/15
f 439/1/326 133/1/326 166/1/326
f 334/1/15 335/1/15 356/1/15
f 355/1/15 334/1/15 356/1/15
f 355/1/15 356/1/15 345/1/15
f 344/1/15 355/1/15 345/1/15
f 343/1/15 344/1/15 139/1/15
f 344/1/326 345/1/326 139/1/326
f 332/1/326 333/1/326 358/1/326
f 332/1/15 358/1/15 357/1/15
f 358/1/326 343/1/326 357/1/326
f 342/1/15 357/1/15 343/1/15
f 166/1/15 342/1/15 139/1/15
f 342/1/15 343/1/15 139/1/15
f 495/1/15 144/1/15 17/1/15
f 143/1/326 351/1/326 158/1/326
f 167/1/16 140/1/16 699/1/16
f 731/1/16 691/1/16 135/1/16
f 167/1/16 699/1/16 731/1/16
f 799/1/3 798/1/3 804/1/3
f 798/1/3 797/1/3 804/1/3
f 797/1/3 796/1/3 804/1/3
f 804/1/3 805/1/3 800/1/3
f 805/1/3 803/1/3 802/1/3
f 801/1/3 805/1/3 802/1/3
f 805/1/3 801/1/3 800/1/3
f 791/1/3 790/1/3 921/1/3
f 791/1/3 921/1/3 922/1/3
f 921/1/3 799/1/3 922/1/3
f 800/1/3 922/1/3 799/1/3
f 6/1/17 505/1/17 556/1/17
f 35/1/18 4/1/18 502/1/18
f 45/1/19 542/1/19 514/1/19
f 96/1/20 618/1/20 544/1/20
f 40/1/21 99/1/21 622/1/21
f 604/1/22 520/1/22 16/1/22
f 732/1/3 733/1/3 761/1/3
f 733/1/3 762/1/3 761/1/3
f 762/1/3 742/1/3 741/1/3
f 773/1/3 766/1/3 765/1/3
f 235/1/11 142/1/11 703/1/11
f 806/1/11 709/1/11 145/1/11
f 235/1/11 703/1/11 236/1/11
f 703/1/11 806/1/11 236/1/11
f 285/1/2 286/1/2 78/1/2
f 286/1/2 287/1/2 78/1/2
f 415/1/2 299/1/2 300/1/2
f 287/1/2 415/1/2 416/1/2
f 415/1/2 300/1/2 416/1/2
f 287/1/2 416/1/2 288/1/2
f 289/1/2 417/1/2 290/1/2
f 417/1/2 418/1/2 290/1/2
f 287/1/2 288/1/2 295/1/2
f 78/1/2 287/1/2 295/1/2
f 288/1/2 289/1/2 295/1/2
f 289/1/2 290/1/2 295/1/2
f 78/1/2 14/1/2 89/1/2
f 14/1/2 46/1/2 89/1/2
f 46/1/2 352/1/2 89/1/2
f 78/1/2 89/1/2 476/1/2
f 89/1/2 478/1/2 90/1/2
f 78/1/2 476/1/2 77/1/2
f 88/1/2 87/1/2 45/1/2
f 285/1/2 78/1/2 77/1/2
f 88/1/2 45/1/2 12/1/2
f 478/1/2 88/1/2 90/1/2
f 89/1/2 90/1/2 476/1/2
f 475/1/2 163/1/2 476/1/2
f 163/1/2 77/1/2 476/1/2
f 88/1/2 12/1/2 76/1/2
f 88/1/2 76/1/2 474/1/2
f 76/1/2 75/1/2 474/1/2
f 75/1/2 162/1/2 474/1/2
f 162/1/2 272/1/2 262/1/2
f 262/1/2 147/1/2 162/1/2
f 147/1/2 477/1/2 473/1/2
f 162/1/2 147/1/2 473/1/2
f 474/1/2 90/1/2 88/1/2
f 667/1/3 669/1/3 693/1/3
f 669/1/3 549/1/3 693/1/3
f 694/1/3 767/1/3 763/1/3
f 549/1/3 694/1/3 693/1/3
f 545/1/3 668/1/3 691/1/3
f 668/1/3 667/1/3 691/1/3
f 694/1/3 763/1/3 693/1/3
f 691/1/3 731/1/3 732/1/3
f 731/1/3 734/1/3 733/1/3
f 732/1/3 731/1/3 733/1/3
f 732/1/3 692/1/3 691/1/3
f 691/1/3 692/1/3 545/1/3
f 692/1/3 547/1/3 546/1/3
f 545/1/3 692/1/3 546/1/3
f 667/1/3 693/1/3 525/1/3
f 667/1/3 525/1/3 691/1/3
f 741/1/3 742/1/3 548/1/3
f 742/1/3 743/1/3 548/1/3
f 978/1/3 546/1/3 636/1/3
f 546/1/3 547/1/3 548/1/3
f 546/1/3 548/1/3 636/1/3
f 547/1/3 741/1/3 548/1/3
f 551/1/3 550/1/3 552/1/3
f 550/1/3 978/1/3 639/1/3
f 552/1/3 550/1/3 639/1/3
f 908/1/3 907/1/3 776/1/3
f 776/1/3 551/1/3 552/1/3
f 743/1/3 759/1/3 760/1/3
f 744/1/3 745/1/3 750/1/3
f 743/1/3 760/1/3 744/1/3
f 777/1/3 908/1/3 776/1/3
f 778/1/3 777/1/3 552/1/3
f 777/1/3 776/1/3 552/1/3
f 770/1/3 769/1/3 909/1/3
f 910/1/3 770/1/3 909/1/3
f 910/1/3 909/1/3 778/1/3
f 779/1/3 910/1/3 778/1/3
f 743/1/3 744/1/3 750/1/3
f 548/1/3 743/1/3 750/1/3
f 548/1/3 502/1/3 636/1/3
f 502/1/3 538/1/3 636/1/3
f 538/1/3 637/1/3 636/1/3
f 638/1/3 639/1/3 978/1/3
f 636/1/3 638/1/3 978/1/3
f 552/1/3 785/1/3 779/1/3
f 785/1/3 783/1/3 782/1/3
f 779/1/3 785/1/3 780/1/3
f 779/1/3 778/1/3 552/1/3
f 775/1/3 915/1/3 916/1/3
f 775/1/3 916/1/3 724/1/3
f 774/1/3 775/1/3 766/1/3
f 775/1/3 724/1/3 695/1/3
f 766/1/3 775/1/3 695/1/3
f 764/1/3 771/1/3 772/1/3
f 771/1/3 911/1/3 912/1/3
f 772/1/3 765/1/3 764/1/3
f 912/1/3 772/1/3 771/1/3
f 781/1/3 912/1/3 911/1/3
f 781/1/3 911/1/3 780/1/3
f 782/1/3 781/1/3 785/1/3
f 781/1/3 780/1/3 785/1/3
f 555/1/3 634/1/3 554/1/3
f 634/1/3 635/1/3 979/1/3
f 635/1/3 633/1/3 506/1/3
f 506/1/3 508/1/3 635/1/3
f 508/1/3 560/1/3 635/1/3
f 560/1/3 559/1/3 558/1/3
f 559/1/3 698/1/3 558/1/3
f 698/1/3 557/1/3 558/1/3
f 766/1/3 773/1/3 774/1/3
f 773/1/3 913/1/3 914/1/3
f 913/1/3 782/1/3 783/1/3
f 913/1/3 783/1/3 914/1/3
f 672/1/3 697/1/3 670/1/3
f 697/1/3 527/1/3 670/1/3
f 553/1/3 671/1/3 695/1/3
f 671/1/3 670/1/3 695/1/3
f 670/1/3 527/1/3 695/1/3
f 773/1/3 914/1/3 774/1/3
f 554/1/3 553/1/3 696/1/3
f 553/1/3 695/1/3 696/1/3
f 560/1/3 558/1/3 635/1/3
f 558/1/3 979/1/3 635/1/3
f 634/1/3 979/1/3 554/1/3
f 724/1/3 696/1/3 695/1/3
f 375/1/2 376/1/2 202/1/2
f 376/1/2 203/1/2 202/1/2
f 204/1/2 205/1/2 210/1/2
f 205/1/2 206/1/2 210/1/2
f 190/1/2 191/1/2 373/1/2
f 191/1/2 374/1/2 373/1/2
f 373/1/2 374/1/2 200/1/2
f 374/1/2 201/1/2 200/1/2
f 200/1/2 201/1/2 55/1/2
f 201/1/2 202/1/2 55/1/2
f 114/1/2 444/1/2 113/1/2
f 444/1/2 54/1/2 55/1/2
f 202/1/2 203/1/2 55/1/2
f 444/1/2 55/1/2 113/1/2
f 54/1/2 200/1/2 55/1/2
f 203/1/2 204/1/2 210/1/2
f 55/1/2 203/1/2 210/1/2
f 206/1/2 379/1/2 207/1/2
f 379/1/2 380/1/2 207/1/2
f 207/1/2 210/1/2 206/1/2
f 55/1/2 6/1/2 113/1/2
f 6/1/2 37/1/2 113/1/2
f 37/1/2 111/1/2 113/1/2
f 113/1/2 446/1/2 114/1/2
f 446/1/2 52/1/2 442/1/2
f 114/1/2 446/1/2 442/1/2
f 52/1/2 151/1/2 442/1/2
f 151/1/2 135/1/2 441/1/2
f 135/1/2 21/1/2 447/1/2
f 447/1/2 445/1/2 135/1/2
f 445/1/2 441/1/2 135/1/2
f 95/1/2 494/1/2 97/1/2
f 494/1/2 69/1/2 492/1/2
f 97/1/2 494/1/2 492/1/2
f 69/1/2 159/1/2 492/1/2
f 159/1/2 491/1/2 492/1/2
f 33/1/2 96/1/2 95/1/2
f 97/1/2 490/1/2 95/1/2
f 490/1/2 67/1/2 68/1/2
f 68/1/2 2/1/2 95/1/2
f 2/1/2 33/1/2 95/1/2
f 324/1/2 329/1/2 325/1/2
f 329/1/2 330/1/2 325/1/2
f 330/1/2 326/1/2 325/1/2
f 326/1/2 426/1/2 425/1/2
f 325/1/2 326/1/2 425/1/2
f 426/1/2 316/1/2 315/1/2
f 927/1/3 816/1/3 928/1/3
f 816/1/3 817/1/3 928/1/3
f 807/1/3 927/1/3 808/1/3
f 927/1/3 928/1/3 808/1/3
f 678/1/3 569/1/3 703/1/3
f 569/1/3 704/1/3 703/1/3
f 704/1/3 807/1/3 703/1/3
f 807/1/3 808/1/3 703/1/3
f 806/1/3 703/1/3 810/1/3
f 806/1/3 812/1/3 813/1/3
f 814/1/3 815/1/3 806/1/3
f 933/1/3 934/1/3 813/1/3
f 934/1/3 814/1/3 813/1/3
f 814/1/3 806/1/3 813/1/3
f 812/1/3 806/1/3 811/1/3
f 808/1/3 809/1/3 703/1/3
f 929/1/3 818/1/3 930/1/3
f 818/1/3 819/1/3 930/1/3
f 809/1/3 929/1/3 810/1/3
f 929/1/3 930/1/3 810/1/3
f 931/1/3 932/1/3 811/1/3
f 932/1/3 812/1/3 811/1/3
f 811/1/3 806/1/3 810/1/3
f 262/1/2 272/1/2 261/1/2
f 272/1/2 412/1/2 271/1/2
f 261/1/2 272/1/2 271/1/2
f 282/1/2 75/1/2 76/1/2
f 282/1/2 76/1/2 281/1/2
f 76/1/2 284/1/2 281/1/2
f 412/1/2 282/1/2 411/1/2
f 411/1/2 271/1/2 412/1/2
f 284/1/2 280/1/2 281/1/2
f 508/1/3 540/1/3 621/1/3
f 540/1/3 622/1/3 621/1/3
f 621/1/3 623/1/3 567/1/3
f 803/1/3 805/1/3 661/1/3
f 805/1/3 568/1/3 661/1/3
f 568/1/3 508/1/3 621/1/3
f 725/1/3 702/1/3 701/1/3
f 701/1/3 697/1/3 791/1/3
f 697/1/3 672/1/3 557/1/3
f 701/1/3 791/1/3 792/1/3
f 557/1/3 698/1/3 697/1/3
f 698/1/3 786/1/3 697/1/3
f 725/1/3 701/1/3 794/1/3
f 795/1/3 559/1/3 560/1/3
f 560/1/3 804/1/3 795/1/3
f 804/1/3 796/1/3 795/1/3
f 917/1/3 795/1/3 918/1/3
f 795/1/3 796/1/3 918/1/3
f 786/1/3 917/1/3 787/1/3
f 917/1/3 918/1/3 787/1/3
f 568/1/3 621/1/3 567/1/3
f 801/1/3 802/1/3 923/1/3
f 802/1/3 924/1/3 923/1/3
f 923/1/3 924/1/3 792/1/3
f 924/1/3 793/1/3 792/1/3
f 792/1/3 793/1/3 701/1/3
f 793/1/3 794/1/3 701/1/3
f 568/1/3 567/1/3 661/1/3
f 925/1/3 803/1/3 661/1/3
f 925/1/3 661/1/3 926/1/3
f 794/1/3 925/1/3 926/1/3
f 786/1/3 787/1/3 697/1/3
f 787/1/3 788/1/3 697/1/3
f 794/1/3 926/1/3 725/1/3
f 919/1/3 797/1/3 920/1/3
f 797/1/3 798/1/3 920/1/3
f 788/1/3 919/1/3 789/1/3
f 919/1/3 920/1/3 789/1/3
f 791/1/3 697/1/3 790/1/3
f 790/1/3 697/1/3 789/1/3
f 8/1/23 508/1/23 568/1/23
f 865/1/3 866/1/3 859/1/3
f 859/1/3 858/1/3 865/1/3
f 858/1/3 864/1/3 865/1/3
f 951/1/3 851/1/3 852/1/3
f 951/1/3 852/1/3 952/1/3
f 952/1/3 865/1/3 864/1/3
f 384/1/2 223/1/2 222/1/2
f 223/1/2 233/1/2 232/1/2
f 222/1/2 223/1/2 232/1/2
f 383/1/2 212/1/2 213/1/2
f 212/1/2 211/1/2 213/1/2
f 222/1/2 383/1/2 384/1/2
f 142/1/2 235/1/2 237/1/2
f 235/1/2 238/1/2 237/1/2
f 384/1/2 383/1/2 213/1/2
f 213/1/2 211/1/2 214/1/2
f 211/1/2 141/1/2 217/1/2
f 214/1/2 211/1/2 215/1/2
f 215/1/2 211/1/2 216/1/2
f 249/1/2 395/1/2 396/1/2
f 249/1/2 396/1/2 250/1/2
f 249/1/2 250/1/2 257/1/2
f 250/1/2 251/1/2 257/1/2
f 225/1/2 224/1/2 386/1/2
f 224/1/2 385/1/2 386/1/2
f 241/1/2 240/1/2 236/1/2
f 241/1/2 236/1/2 242/1/2
f 236/1/2 145/1/2 244/1/2
f 242/1/2 236/1/2 243/1/2
f 27/1/2 146/1/2 471/1/2
f 146/1/2 472/1/2 471/1/2
f 471/1/2 469/1/2 145/1/2
f 469/1/2 465/1/2 145/1/2
f 145/1/2 27/1/2 471/1/2
f 386/1/2 385/1/2 215/1/2
f 385/1/2 214/1/2 215/1/2
f 216/1/2 211/1/2 217/1/2
f 145/1/2 465/1/2 160/1/2
f 465/1/2 466/1/2 160/1/2
f 227/1/2 226/1/2 388/1/2
f 226/1/2 387/1/2 388/1/2
f 468/1/2 467/1/2 161/1/2
f 468/1/2 161/1/2 73/1/2
f 94/1/2 468/1/2 93/1/2
f 468/1/2 73/1/2 74/1/2
f 273/1/2 403/1/2 404/1/2
f 468/1/2 74/1/2 93/1/2
f 73/1/2 273/1/2 74/1/2
f 273/1/2 404/1/2 274/1/2
f 274/1/2 283/1/2 273/1/2
f 283/1/2 74/1/2 273/1/2
f 74/1/2 12/1/2 43/1/2
f 74/1/2 43/1/2 93/1/2
f 93/1/2 470/1/2 94/1/2
f 92/1/2 91/1/2 42/1/2
f 92/1/2 42/1/2 10/1/2
f 94/1/2 470/1/2 92/1/2
f 466/1/2 94/1/2 92/1/2
f 92/1/2 10/1/2 72/1/2
f 72/1/2 258/1/2 256/1/2
f 72/1/2 256/1/2 71/1/2
f 466/1/2 92/1/2 72/1/2
f 388/1/2 387/1/2 217/1/2
f 387/1/2 216/1/2 217/1/2
f 220/1/2 219/1/2 141/1/2
f 219/1/2 218/1/2 141/1/2
f 218/1/2 217/1/2 141/1/2
f 466/1/2 72/1/2 71/1/2
f 160/1/2 466/1/2 71/1/2
f 246/1/2 245/1/2 145/1/2
f 245/1/2 244/1/2 145/1/2
f 244/1/2 243/1/2 236/1/2
f 145/1/2 160/1/2 246/1/2
f 392/1/2 391/1/2 220/1/2
f 221/1/2 392/1/2 220/1/2
f 221/1/2 220/1/2 141/1/2
f 156/1/2 221/1/2 141/1/2
f 63/1/2 156/1/2 458/1/2
f 156/1/2 141/1/2 457/1/2
f 458/1/2 156/1/2 457/1/2
f 234/1/2 231/1/2 64/1/2
f 231/1/2 63/1/2 64/1/2
f 40/1/2 8/1/2 100/1/2
f 8/1/2 64/1/2 100/1/2
f 64/1/2 63/1/2 458/1/2
f 100/1/2 99/1/2 40/1/2
f 102/1/2 462/1/2 100/1/2
f 458/1/2 102/1/2 100/1/2
f 100/1/2 64/1/2 458/1/2
f 398/1/2 252/1/2 397/1/2
f 252/1/2 257/1/2 251/1/2
f 397/1/2 252/1/2 251/1/2
f 241/1/2 242/1/2 398/1/2
f 397/1/2 241/1/2 398/1/2
f 257/1/2 66/1/2 249/1/2
f 66/1/2 65/1/2 247/1/2
f 66/1/2 247/1/2 248/1/2
f 157/1/2 459/1/2 142/1/2
f 459/1/2 464/1/2 142/1/2
f 463/1/2 461/1/2 141/1/2
f 461/1/2 457/1/2 141/1/2
f 464/1/2 463/1/2 142/1/2
f 248/1/2 249/1/2 66/1/2
f 463/1/2 141/1/2 25/1/2
f 463/1/2 25/1/2 142/1/2
f 394/1/2 248/1/2 247/1/2
f 394/1/2 247/1/2 393/1/2
f 394/1/2 393/1/2 238/1/2
f 393/1/2 237/1/2 238/1/2
f 60/1/24 68/1/24 337/1/24
f 68/1/24 134/1/24 341/1/24
f 341/1/24 362/1/24 361/1/24
f 68/1/24 341/1/24 340/1/24
f 34/1/24 2/1/24 104/1/24
f 2/1/24 60/1/24 104/1/24
f 104/1/24 103/1/24 34/1/24
f 61/1/24 438/1/24 434/1/24
f 438/1/24 104/1/24 106/1/24
f 140/1/24 155/1/24 433/1/24
f 155/1/24 61/1/24 434/1/24
f 433/1/24 155/1/24 434/1/24
f 437/1/327 139/1/327 440/1/327
f 139/1/24 19/1/24 440/1/24
f 433/1/24 435/1/24 140/1/24
f 435/1/24 440/1/24 140/1/24
f 440/1/327 19/1/327 140/1/327
f 341/1/24 361/1/24 340/1/24
f 340/1/24 339/1/24 68/1/24
f 339/1/24 338/1/24 68/1/24
f 337/1/24 336/1/24 60/1/24
f 336/1/24 335/1/24 60/1/24
f 338/1/24 337/1/24 68/1/24
f 335/1/24 334/1/24 60/1/24
f 334/1/24 333/1/24 60/1/24
f 106/1/24 434/1/24 438/1/24
f 133/1/24 439/1/24 60/1/24
f 439/1/24 106/1/24 104/1/24
f 60/1/24 439/1/24 104/1/24
f 333/1/24 332/1/24 60/1/24
f 539/1/25 505/1/25 6/1/25
f 511/1/3 541/1/3 613/1/3
f 541/1/3 614/1/3 613/1/3
f 613/1/3 615/1/3 981/1/3
f 615/1/3 587/1/3 586/1/3
f 981/1/3 615/1/3 586/1/3
f 662/1/3 663/1/3 584/1/3
f 584/1/3 511/1/3 613/1/3
f 587/1/3 712/1/3 586/1/3
f 712/1/3 585/1/3 586/1/3
f 583/1/3 662/1/3 584/1/3
f 981/1/3 582/1/3 613/1/3
f 582/1/3 583/1/3 584/1/3
f 36/1/26 111/1/26 637/1/26
f 894/1/27 895/1/27 576/1/27
f 895/1/27 896/1/27 576/1/27
f 897/1/27 967/1/27 658/1/27
f 967/1/27 968/1/27 658/1/27
f 658/1/27 657/1/27 576/1/27
f 626/1/27 499/1/27 625/1/27
f 499/1/27 537/1/27 625/1/27
f 658/1/27 576/1/27 897/1/27
f 576/1/27 626/1/27 894/1/27
f 896/1/27 897/1/27 576/1/27
f 892/1/27 893/1/27 626/1/27
f 893/1/27 894/1/27 626/1/27
f 890/1/27 891/1/27 626/1/27
f 891/1/27 892/1/27 626/1/27
f 537/1/27 627/1/27 625/1/27
f 625/1/27 631/1/27 977/1/27
f 631/1/27 563/1/27 562/1/27
f 977/1/27 631/1/27 562/1/27
f 563/1/27 700/1/27 562/1/27
f 700/1/27 699/1/27 561/1/27
f 562/1/27 700/1/27 561/1/27
f 523/1/27 629/1/27 673/1/27
f 629/1/27 674/1/27 673/1/27
f 673/1/27 675/1/27 699/1/27
f 675/1/27 561/1/27 699/1/27
f 699/1/328 523/1/27 673/1/328
f 656/1/27 889/1/27 626/1/27
f 889/1/27 890/1/27 626/1/27
f 977/1/27 721/1/27 625/1/27
f 721/1/27 656/1/27 626/1/27
f 107/1/2 38/1/2 108/1/2
f 38/1/2 6/1/2 108/1/2
f 57/1/2 210/1/2 208/1/2
f 210/1/2 207/1/2 208/1/2
f 110/1/2 454/1/2 108/1/2
f 56/1/2 450/1/2 57/1/2
f 450/1/2 110/1/2 108/1/2
f 57/1/2 450/1/2 108/1/2
f 209/1/2 56/1/2 57/1/2
f 108/1/2 6/1/2 57/1/2
f 189/1/2 199/1/2 198/1/2
f 199/1/2 382/1/2 198/1/2
f 447/1/2 21/1/2 136/1/2
f 57/1/2 208/1/2 209/1/2
f 209/1/2 208/1/2 381/1/2
f 382/1/2 209/1/2 381/1/2
f 382/1/2 381/1/2 198/1/2
f 448/1/2 447/1/2 136/1/2
f 54/1/2 444/1/2 152/1/2
f 444/1/2 443/1/2 152/1/2
f 443/1/2 448/1/2 136/1/2
f 197/1/2 380/1/2 196/1/2
f 380/1/2 379/1/2 196/1/2
f 189/1/2 198/1/2 197/1/2
f 443/1/2 136/1/2 152/1/2
f 136/1/2 189/1/2 194/1/2
f 189/1/2 197/1/2 196/1/2
f 189/1/2 196/1/2 195/1/2
f 190/1/2 152/1/2 136/1/2
f 192/1/2 191/1/2 136/1/2
f 191/1/2 190/1/2 136/1/2
f 376/1/2 375/1/2 193/1/2
f 375/1/2 192/1/2 193/1/2
f 189/1/2 195/1/2 194/1/2
f 378/1/2 205/1/2 204/1/2
f 193/1/2 192/1/2 136/1/2
f 194/1/2 193/1/2 136/1/2
f 195/1/2 378/1/2 377/1/2
f 378/1/2 204/1/2 377/1/2
f 266/1/2 259/1/2 267/1/2
f 259/1/2 260/1/2 268/1/2
f 260/1/2 269/1/2 268/1/2
f 972/1/329 894/1/329 893/1/329
f 972/1/329 893/1/329 971/1/329
f 903/1/329 972/1/329 971/1/329
f 903/1/329 971/1/329 902/1/329
f 903/1/329 902/1/329 629/1/329
f 902/1/329 901/1/329 629/1/329
f 974/1/329 892/1/329 891/1/329
f 901/1/329 974/1/329 973/1/329
f 974/1/329 891/1/329 973/1/329
f 901/1/329 973/1/329 900/1/329
f 901/1/329 900/1/329 629/1/329
f 900/1/329 899/1/329 629/1/329
f 976/1/329 890/1/329 889/1/329
f 976/1/329 889/1/329 975/1/329
f 899/1/329 976/1/329 975/1/329
f 899/1/329 975/1/329 898/1/329
f 899/1/329 898/1/329 629/1/329
f 898/1/329 628/1/329 629/1/329
f 628/1/329 656/1/329 721/1/329
f 722/1/329 674/1/329 629/1/329
f 628/1/329 721/1/329 722/1/329
f 628/1/329 722/1/329 629/1/329
f 629/1/329 705/1/329 903/1/329
f 705/1/28 680/1/28 573/1/28
f 903/1/329 705/1/329 904/1/329
f 904/1/329 705/1/329 905/1/329
f 905/1/330 705/1/330 906/1/330
f 896/1/331 895/1/331 969/1/331
f 578/1/329 577/1/329 708/1/329
f 579/1/329 619/1/329 578/1/329
f 619/1/329 617/1/329 984/1/329
f 617/1/329 618/1/329 497/1/329
f 497/1/329 499/1/329 617/1/329
f 499/1/329 576/1/329 617/1/329
f 576/1/329 575/1/329 574/1/329
f 617/1/329 576/1/329 574/1/329
f 575/1/329 706/1/329 574/1/329
f 578/1/329 708/1/329 579/1/329
f 984/1/329 578/1/329 619/1/329
f 730/1/329 968/1/329 906/1/329
f 968/1/332 967/1/332 906/1/332
f 730/1/329 906/1/329 705/1/329
f 970/1/329 896/1/329 969/1/329
f 905/1/329 970/1/329 904/1/329
f 970/1/329 969/1/329 904/1/329
f 574/1/329 984/1/329 617/1/329
f 573/1/329 574/1/329 706/1/329
f 730/1/330 705/1/330 706/1/330
f 550/1/3 551/1/3 694/1/3
f 826/1/3 835/1/3 727/1/3
f 835/1/3 945/1/3 946/1/3
f 727/1/3 835/1/3 946/1/3
f 844/1/3 843/1/3 592/1/3
f 843/1/3 842/1/3 846/1/3
f 592/1/3 843/1/3 846/1/3
f 842/1/3 841/1/3 846/1/3
f 592/1/3 514/1/3 609/1/3
f 514/1/3 542/1/3 609/1/3
f 542/1/3 610/1/3 609/1/3
f 609/1/3 611/1/3 591/1/3
f 609/1/3 591/1/3 592/1/3
f 592/1/3 591/1/3 664/1/3
f 862/1/3 857/1/3 861/1/3
f 857/1/3 715/1/3 860/1/3
f 860/1/3 861/1/3 857/1/3
f 687/1/3 593/1/3 715/1/3
f 593/1/3 716/1/3 715/1/3
f 716/1/3 860/1/3 715/1/3
f 685/1/3 687/1/3 715/1/3
f 589/1/3 686/1/3 713/1/3
f 686/1/3 685/1/3 713/1/3
f 714/1/3 589/1/3 713/1/3
f 844/1/3 592/1/3 664/1/3
f 844/1/3 664/1/3 945/1/3
f 664/1/3 946/1/3 945/1/3
f 685/1/3 715/1/3 533/1/3
f 685/1/3 533/1/3 713/1/3
f 713/1/3 826/1/3 727/1/3
f 2/1/29 34/1/29 537/1/29
f 717/1/3 859/1/3 868/1/3
f 859/1/3 866/1/3 867/1/3
f 878/1/3 869/1/3 729/1/3
f 869/1/3 719/1/3 729/1/3
f 853/1/3 852/1/3 856/1/3
f 852/1/3 851/1/3 856/1/3
f 884/1/3 885/1/3 888/1/3
f 885/1/3 886/1/3 604/1/3
f 874/1/3 875/1/3 962/1/3
f 874/1/3 962/1/3 961/1/3
f 962/1/3 884/1/3 961/1/3
f 883/1/3 961/1/3 884/1/3
f 963/1/3 964/1/3 881/1/3
f 964/1/3 882/1/3 881/1/3
f 883/1/3 884/1/3 888/1/3
f 885/1/3 604/1/3 888/1/3
f 886/1/3 887/1/3 604/1/3
f 881/1/3 882/1/3 888/1/3
f 882/1/3 883/1/3 888/1/3
f 518/1/3 520/1/3 608/1/3
f 520/1/3 604/1/3 608/1/3
f 608/1/3 606/1/3 518/1/3
f 603/1/3 607/1/3 608/1/3
f 603/1/3 608/1/3 604/1/3
f 666/1/3 603/1/3 604/1/3
f 666/1/3 604/1/3 887/1/3
f 958/1/3 666/1/3 957/1/3
f 666/1/3 887/1/3 957/1/3
f 729/1/3 958/1/3 878/1/3
f 958/1/3 957/1/3 878/1/3
f 863/1/3 864/1/3 858/1/3
f 858/1/3 857/1/3 863/1/3
f 857/1/3 862/1/3 863/1/3
f 950/1/3 863/1/3 949/1/3
f 863/1/3 862/1/3 949/1/3
f 850/1/3 950/1/3 849/1/3
f 950/1/3 949/1/3 849/1/3
f 850/1/3 849/1/3 596/1/3
f 849/1/3 848/1/3 596/1/3
f 948/1/3 861/1/3 947/1/3
f 861/1/3 860/1/3 947/1/3
f 848/1/3 948/1/3 847/1/3
f 948/1/3 947/1/3 847/1/3
f 595/1/3 716/1/3 594/1/3
f 716/1/3 593/1/3 594/1/3
f 848/1/3 847/1/3 596/1/3
f 851/1/3 850/1/3 596/1/3
f 595/1/3 594/1/3 596/1/3
f 594/1/3 982/1/3 612/1/3
f 596/1/3 594/1/3 612/1/3
f 847/1/3 595/1/3 596/1/3
f 590/1/3 589/1/3 714/1/3
f 590/1/3 714/1/3 591/1/3
f 591/1/3 611/1/3 590/1/3
f 611/1/3 612/1/3 982/1/3
f 612/1/3 610/1/3 515/1/3
f 515/1/3 517/1/3 612/1/3
f 517/1/3 596/1/3 612/1/3
f 596/1/3 856/1/3 851/1/3
f 856/1/3 855/1/3 854/1/3
f 856/1/3 854/1/3 853/1/3
f 982/1/3 590/1/3 611/1/3
f 690/1/3 601/1/3 719/1/3
f 601/1/3 720/1/3 719/1/3
f 720/1/3 729/1/3 719/1/3
f 688/1/3 690/1/3 719/1/3
f 597/1/3 689/1/3 717/1/3
f 689/1/3 688/1/3 717/1/3
f 599/1/3 598/1/3 718/1/3
f 598/1/3 597/1/3 718/1/3
f 718/1/3 597/1/3 717/1/3
f 955/1/3 956/1/3 868/1/3
f 956/1/3 728/1/3 868/1/3
f 688/1/3 719/1/3 535/1/3
f 688/1/3 535/1/3 717/1/3
f 868/1/3 728/1/3 717/1/3
f 728/1/3 718/1/3 717/1/3
f 859/1/3 867/1/3 868/1/3
f 867/1/3 866/1/3 954/1/3
f 866/1/3 953/1/3 954/1/3
f 954/1/3 953/1/3 854/1/3
f 352/1/30 46/1/30 515/1/30
f 515/1/30 610/1/30 352/1/30
f 378/1/31 195/1/31 772/1/31
f 130/1/32 129/1/32 654/1/32
f 271/1/16 835/1/16 834/1/16
f 196/1/33 379/1/33 913/1/33
f 55/1/34 552/1/34 505/1/34
f 380/1/35 197/1/35 774/1/35
f 121/1/36 646/1/36 647/1/36
f 381/1/37 915/1/37 775/1/37
f 80/1/38 14/1/38 517/1/38
f 382/1/39 199/1/39 724/1/39
f 401/1/2 245/1/2 402/1/2
f 245/1/2 246/1/2 402/1/2
f 402/1/2 256/1/2 401/1/2
f 256/1/2 258/1/2 255/1/2
f 255/1/2 401/1/2 256/1/2
f 258/1/2 257/1/2 254/1/2
f 257/1/2 252/1/2 253/1/2
f 257/1/2 253/1/2 254/1/2
f 254/1/2 255/1/2 258/1/2
f 399/1/2 243/1/2 400/1/2
f 243/1/2 244/1/2 400/1/2
f 399/1/2 400/1/2 254/1/2
f 383/1/40 917/1/40 786/1/40
f 117/1/41 642/1/41 643/1/41
f 384/1/42 213/1/42 787/1/42
f 385/1/43 919/1/43 788/1/43
f 386/1/44 215/1/44 789/1/44
f 273/1/45 73/1/45 587/1/45
f 387/1/46 921/1/46 790/1/46
f 388/1/47 217/1/47 791/1/47
f 275/1/45 274/1/45 837/1/45
f 389/1/333 923/1/333 792/1/333
f 277/1/45 276/1/45 839/1/45
f 390/1/49 219/1/49 793/1/49
f 279/1/45 278/1/45 841/1/45
f 391/1/50 925/1/50 794/1/50
f 392/1/51 221/1/51 725/1/51
f 281/1/45 280/1/45 843/1/45
f 393/1/52 927/1/52 807/1/52
f 394/1/334 238/1/334 808/1/334
f 395/1/54 929/1/54 809/1/54
f 396/1/55 240/1/55 810/1/55
f 284/1/16 76/1/16 592/1/16
f 284/1/16 592/1/16 846/1/16
f 588/1/16 74/1/16 283/1/16
f 283/1/16 284/1/16 846/1/16
f 845/1/16 588/1/16 283/1/16
f 397/1/56 931/1/56 811/1/56
f 398/1/57 242/1/57 812/1/57
f 399/1/58 933/1/58 813/1/58
f 16/1/2 48/1/2 85/1/2
f 48/1/2 83/1/2 85/1/2
f 328/1/2 331/1/2 82/1/2
f 82/1/2 16/1/2 85/1/2
f 486/1/2 84/1/2 86/1/2
f 84/1/2 80/1/2 482/1/2
f 482/1/2 80/1/2 79/1/2
f 82/1/2 85/1/2 484/1/2
f 85/1/2 486/1/2 86/1/2
f 484/1/2 85/1/2 86/1/2
f 81/1/2 328/1/2 82/1/2
f 308/1/2 318/1/2 165/1/2
f 81/1/2 82/1/2 484/1/2
f 150/1/2 308/1/2 165/1/2
f 86/1/2 84/1/2 482/1/2
f 150/1/2 165/1/2 483/1/2
f 165/1/2 81/1/2 484/1/2
f 483/1/2 165/1/2 484/1/2
f 487/1/2 31/1/2 150/1/2
f 483/1/2 488/1/2 150/1/2
f 488/1/2 487/1/2 150/1/2
f 422/1/2 294/1/2 421/1/2
f 294/1/2 293/1/2 421/1/2
f 306/1/2 422/1/2 305/1/2
f 422/1/2 421/1/2 305/1/2
f 305/1/2 304/1/2 296/1/2
f 306/1/2 305/1/2 296/1/2
f 296/1/2 149/1/2 306/1/2
f 149/1/2 485/1/2 481/1/2
f 306/1/2 149/1/2 164/1/2
f 164/1/2 149/1/2 481/1/2
f 79/1/2 164/1/2 482/1/2
f 400/1/59 244/1/59 814/1/59
f 401/1/60 935/1/60 815/1/60
f 402/1/61 246/1/61 726/1/61
f 403/1/62 937/1/62 827/1/62
f 404/1/63 264/1/63 828/1/63
f 405/1/64 939/1/64 829/1/64
f 406/1/65 266/1/65 830/1/65
f 285/1/14 77/1/14 595/1/14
f 407/1/66 941/1/66 831/1/66
f 408/1/67 268/1/67 832/1/67
f 287/1/14 286/1/14 848/1/14
f 409/1/335 943/1/335 833/1/335
f 289/1/14 288/1/14 850/1/14
f 410/1/69 270/1/69 834/1/69
f 291/1/14 290/1/14 852/1/14
f 411/1/70 945/1/70 835/1/70
f 272/1/71 727/1/71 946/1/71
f 293/1/14 292/1/14 854/1/14
f 285/1/72 847/1/72 947/1/72
f 286/1/73 414/1/73 948/1/73
f 415/1/74 287/1/74 849/1/74
f 288/1/75 416/1/75 950/1/75
f 417/1/76 289/1/76 851/1/76
f 290/1/77 418/1/77 952/1/77
f 67/1/78 134/1/78 657/1/78
f 419/1/79 291/1/79 853/1/79
f 134/1/80 657/1/80 658/1/80
f 292/1/81 420/1/81 954/1/81
f 134/1/82 68/1/82 576/1/82
f 512/1/41 44/1/41 43/1/41
f 43/1/41 12/1/41 514/1/41
f 421/1/83 293/1/83 855/1/83
f 422/1/84 956/1/84 665/1/84
f 61/1/16 563/1/16 659/1/16
f 317/1/85 878/1/85 957/1/85
f 209/1/86 660/1/86 555/1/86
f 318/1/87 424/1/87 958/1/87
f 231/1/88 661/1/88 567/1/88
f 315/1/89 876/1/89 959/1/89
f 316/1/90 426/1/90 960/1/90
f 71/1/11 256/1/11 662/1/11
f 258/1/80 72/1/80 663/1/80
f 72/1/80 584/1/80 663/1/80
f 663/1/80 572/1/80 257/1/80
f 572/1/80 66/1/80 257/1/80
f 313/1/91 874/1/91 961/1/91
f 75/1/45 282/1/45 664/1/45
f 314/1/92 428/1/92 962/1/92
f 79/1/14 294/1/14 665/1/14
f 311/1/93 872/1/93 963/1/93
f 312/1/94 430/1/94 964/1/94
f 328/1/6 81/1/6 603/1/6
f 12/1/95 74/1/95 588/1/95
f 309/1/96 870/1/96 965/1/96
f 447/1/97 667/1/97 668/1/97
f 310/1/98 432/1/98 966/1/98
f 447/1/99 448/1/99 669/1/99
f 453/1/100 455/1/100 670/1/100
f 155/1/101 700/1/101 563/1/101
f 456/1/102 672/1/102 670/1/102
f 297/1/86 860/1/86 716/1/86
f 436/1/103 722/1/103 674/1/103
f 440/1/104 673/1/104 674/1/104
f 106/1/105 977/1/105 562/1/105
f 435/1/106 675/1/106 673/1/106
f 299/1/86 862/1/86 861/1/86
f 439/1/107 721/1/107 977/1/107
f 461/1/108 463/1/108 676/1/108
f 19/1/109 139/1/109 629/1/109
f 464/1/110 678/1/110 676/1/110
f 301/1/86 864/1/86 863/1/86
f 19/1/101 523/1/101 699/1/101
f 495/1/82 493/1/82 680/1/82
f 433/1/111 561/1/111 675/1/111
f 495/1/112 679/1/112 681/1/112
f 303/1/86 866/1/86 865/1/86
f 133/1/113 656/1/113 628/1/113
f 469/1/114 471/1/114 682/1/114
f 472/1/101 684/1/101 682/1/101
f 305/1/86 868/1/86 867/1/86
f 477/1/115 479/1/115 685/1/115
f 480/1/116 687/1/116 685/1/116
f 487/1/117 688/1/117 689/1/117
f 487/1/118 488/1/118 690/1/118
f 493/1/137 496/1/137 681/1/137
f 488/1/120 485/1/120 689/1/120
f 480/1/121 477/1/121 686/1/121
f 151/1/115 52/1/115 547/1/115
f 472/1/122 469/1/122 683/1/122
f 152/1/116 694/1/116 551/1/116
f 461/1/123 677/1/123 678/1/123
f 442/1/124 546/1/124 978/1/124
f 435/1/125 437/1/125 674/1/125
f 114/1/126 978/1/126 550/1/126
f 453/1/127 671/1/127 672/1/127
f 21/1/115 135/1/115 691/1/115
f 445/1/128 668/1/128 669/1/128
f 21/1/116 525/1/116 693/1/116
f 441/1/129 545/1/129 668/1/129
f 448/1/130 443/1/130 549/1/130
f 159/1/88 708/1/88 870/1/88
f 56/1/117 555/1/117 696/1/117
f 310/1/88 871/1/88 872/1/88
f 58/1/118 154/1/118 698/1/118
f 450/1/131 554/1/131 979/1/131
f 312/1/88 873/1/88 874/1/88
f 110/1/132 979/1/132 558/1/132
f 137/1/117 695/1/117 527/1/117
f 439/1/133 436/1/133 722/1/133
f 314/1/88 875/1/88 876/1/88
f 138/1/118 23/1/118 527/1/118
f 549/1/121 545/1/121 441/1/121
f 449/1/134 453/1/134 671/1/134
f 557/1/120 553/1/120 449/1/120
f 316/1/88 877/1/88 878/1/88
f 672/1/135 557/1/135 451/1/135
f 433/1/136 561/1/136 722/1/136
f 569/1/137 565/1/137 457/1/137
f 467/1/138 585/1/138 581/1/138
f 475/1/128 593/1/128 589/1/128
f 483/1/127 601/1/127 597/1/127
f 489/1/123 573/1/123 577/1/123
f 414/1/2 286/1/2 285/1/2
f 414/1/2 285/1/2 413/1/2
f 298/1/2 414/1/2 413/1/2
f 298/1/2 413/1/2 297/1/2
f 301/1/2 300/1/2 296/1/2
f 300/1/2 299/1/2 148/1/2
f 299/1/2 298/1/2 148/1/2
f 298/1/2 297/1/2 148/1/2
f 163/1/2 475/1/2 148/1/2
f 475/1/2 480/1/2 148/1/2
f 297/1/2 163/1/2 148/1/2
f 418/1/2 417/1/2 301/1/2
f 302/1/2 418/1/2 301/1/2
f 300/1/2 148/1/2 296/1/2
f 479/1/2 477/1/2 147/1/2
f 302/1/2 301/1/2 296/1/2
f 303/1/2 302/1/2 296/1/2
f 479/1/2 147/1/2 29/1/2
f 295/1/2 290/1/2 291/1/2
f 79/1/2 80/1/2 294/1/2
f 80/1/2 295/1/2 292/1/2
f 293/1/2 294/1/2 80/1/2
f 292/1/2 293/1/2 80/1/2
f 480/1/2 479/1/2 148/1/2
f 479/1/2 29/1/2 148/1/2
f 296/1/2 304/1/2 303/1/2
f 292/1/2 295/1/2 291/1/2
f 420/1/2 292/1/2 419/1/2
f 292/1/2 291/1/2 419/1/2
f 420/1/2 419/1/2 303/1/2
f 155/1/45 177/1/45 723/1/45
f 189/1/86 136/1/86 764/1/86
f 136/1/86 693/1/86 763/1/86
f 136/1/86 763/1/86 764/1/86
f 695/1/86 137/1/86 189/1/86
f 766/1/86 695/1/86 189/1/86
f 765/1/86 766/1/86 189/1/86
f 63/1/112 567/1/112 702/1/112
f 199/1/14 153/1/14 696/1/14
f 65/1/82 157/1/82 704/1/82
f 76/1/139 12/1/139 514/1/139
f 102/1/140 458/1/140 566/1/140
f 221/1/6 156/1/6 702/1/6
f 69/1/6 319/1/6 879/1/6
f 102/1/141 980/1/141 570/1/141
f 141/1/112 701/1/112 529/1/112
f 160/1/80 710/1/80 726/1/80
f 320/1/6 321/1/6 881/1/6
f 142/1/82 25/1/82 529/1/82
f 33/1/142 497/1/142 498/1/142
f 457/1/336 565/1/336 677/1/336
f 162/1/16 714/1/16 727/1/16
f 322/1/6 323/1/6 883/1/6
f 596/1/86 78/1/86 295/1/86
f 295/1/86 80/1/86 856/1/86
f 80/1/86 600/1/86 856/1/86
f 459/1/144 569/1/144 678/1/144
f 62/1/2 4/1/2 105/1/2
f 4/1/2 35/1/2 105/1/2
f 35/1/2 103/1/2 105/1/2
f 105/1/2 438/1/2 61/1/2
f 105/1/2 61/1/2 62/1/2
f 185/1/2 188/1/2 186/1/2
f 188/1/2 62/1/2 186/1/2
f 62/1/2 61/1/2 187/1/2
f 186/1/2 62/1/2 187/1/2
f 186/1/2 187/1/2 363/1/2
f 187/1/2 364/1/2 363/1/2
f 177/1/2 155/1/2 140/1/2
f 363/1/2 364/1/2 176/1/2
f 364/1/2 177/1/2 176/1/2
f 177/1/2 140/1/2 176/1/2
f 140/1/2 167/1/2 175/1/2
f 176/1/2 140/1/2 175/1/2
f 167/1/2 171/1/2 172/1/2
f 172/1/2 367/1/2 368/1/2
f 173/1/2 174/1/2 167/1/2
f 174/1/2 175/1/2 167/1/2
f 172/1/2 368/1/2 173/1/2
f 500/1/18 501/1/18 3/1/18
f 164/1/86 718/1/86 728/1/86
f 324/1/6 325/1/6 885/1/6
f 503/1/9 504/1/9 5/1/9
f 318/1/88 729/1/88 720/1/88
f 326/1/6 327/1/6 887/1/6
f 143/1/145 705/1/145 629/1/145
f 158/1/146 351/1/146 730/1/146
f 506/1/32 507/1/32 7/1/32
f 509/1/7 510/1/7 9/1/7
f 111/1/147 37/1/147 503/1/147
f 44/1/41 512/1/41 513/1/41
f 71/1/148 583/1/148 710/1/148
f 73/1/106 161/1/106 712/1/106
f 329/1/88 70/1/88 888/1/88
f 70/1/88 580/1/88 888/1/88
f 888/1/88 604/1/88 329/1/88
f 604/1/88 82/1/88 331/1/88
f 330/1/88 329/1/88 604/1/88
f 46/1/5 515/1/5 516/1/5
f 94/1/149 466/1/149 582/1/149
f 622/1/3 509/1/3 624/1/3
f 509/1/3 511/1/3 624/1/3
f 572/1/3 663/1/3 820/1/3
f 663/1/3 662/1/3 824/1/3
f 823/1/3 663/1/3 824/1/3
f 567/1/3 623/1/3 566/1/3
f 623/1/3 624/1/3 980/1/3
f 701/1/3 702/1/3 565/1/3
f 702/1/3 567/1/3 566/1/3
f 565/1/3 702/1/3 566/1/3
f 678/1/3 703/1/3 676/1/3
f 703/1/3 529/1/3 676/1/3
f 565/1/3 677/1/3 701/1/3
f 677/1/3 676/1/3 701/1/3
f 676/1/3 529/1/3 701/1/3
f 624/1/3 511/1/3 572/1/3
f 710/1/3 583/1/3 582/1/3
f 581/1/3 683/1/3 709/1/3
f 683/1/3 682/1/3 709/1/3
f 710/1/3 582/1/3 581/1/3
f 710/1/3 581/1/3 709/1/3
f 682/1/3 684/1/3 711/1/3
f 684/1/3 585/1/3 711/1/3
f 585/1/3 712/1/3 711/1/3
f 836/1/3 587/1/3 588/1/3
f 587/1/3 615/1/3 616/1/3
f 588/1/3 587/1/3 616/1/3
f 616/1/3 614/1/3 512/1/3
f 980/1/3 566/1/3 623/1/3
f 704/1/3 569/1/3 570/1/3
f 571/1/3 704/1/3 570/1/3
f 570/1/3 980/1/3 624/1/3
f 570/1/3 624/1/3 572/1/3
f 571/1/3 570/1/3 572/1/3
f 616/1/3 512/1/3 514/1/3
f 588/1/3 845/1/3 837/1/3
f 845/1/3 838/1/3 837/1/3
f 616/1/3 514/1/3 588/1/3
f 816/1/3 571/1/3 572/1/3
f 818/1/3 817/1/3 572/1/3
f 817/1/3 816/1/3 572/1/3
f 819/1/3 818/1/3 572/1/3
f 836/1/3 588/1/3 837/1/3
f 836/1/3 837/1/3 938/1/3
f 937/1/3 836/1/3 938/1/3
f 937/1/3 938/1/3 828/1/3
f 827/1/3 937/1/3 828/1/3
f 829/1/3 939/1/3 830/1/3
f 939/1/3 940/1/3 830/1/3
f 827/1/3 828/1/3 711/1/3
f 828/1/3 829/1/3 825/1/3
f 711/1/3 828/1/3 825/1/3
f 932/1/3 931/1/3 821/1/3
f 931/1/3 820/1/3 821/1/3
f 820/1/3 819/1/3 572/1/3
f 830/1/3 831/1/3 825/1/3
f 830/1/3 825/1/3 829/1/3
f 709/1/3 806/1/3 726/1/3
f 806/1/3 815/1/3 726/1/3
f 934/1/3 933/1/3 823/1/3
f 933/1/3 822/1/3 823/1/3
f 822/1/3 821/1/3 663/1/3
f 821/1/3 820/1/3 663/1/3
f 712/1/3 827/1/3 711/1/3
f 823/1/3 822/1/3 663/1/3
f 682/1/3 711/1/3 531/1/3
f 682/1/3 531/1/3 709/1/3
f 824/1/3 662/1/3 935/1/3
f 662/1/3 936/1/3 935/1/3
f 935/1/3 936/1/3 815/1/3
f 936/1/3 726/1/3 815/1/3
f 94/1/150 981/1/150 586/1/150
f 4/1/151 502/1/151 548/1/151
f 48/1/36 518/1/36 519/1/36
f 145/1/148 709/1/148 531/1/148
f 8/1/2 39/1/2 109/1/2
f 39/1/2 107/1/2 109/1/2
f 109/1/2 454/1/2 110/1/2
f 222/1/2 232/1/2 59/1/2
f 59/1/2 8/1/2 109/1/2
f 109/1/2 110/1/2 452/1/2
f 451/1/2 456/1/2 138/1/2
f 456/1/2 455/1/2 138/1/2
f 59/1/2 109/1/2 452/1/2
f 59/1/2 452/1/2 58/1/2
f 452/1/2 451/1/2 154/1/2
f 58/1/2 452/1/2 154/1/2
f 58/1/2 222/1/2 59/1/2
f 211/1/2 212/1/2 154/1/2
f 138/1/2 211/1/2 154/1/2
f 455/1/2 453/1/2 137/1/2
f 453/1/2 449/1/2 137/1/2
f 154/1/2 451/1/2 138/1/2
f 449/1/2 450/1/2 153/1/2
f 450/1/2 56/1/2 153/1/2
f 23/1/2 138/1/2 455/1/2
f 153/1/2 199/1/2 189/1/2
f 449/1/2 153/1/2 137/1/2
f 137/1/2 23/1/2 455/1/2
f 146/1/106 27/1/106 531/1/106
f 465/1/152 469/1/152 683/1/152
f 22/1/153 23/1/153 527/1/153
f 684/1/154 585/1/154 467/1/154
f 168/1/45 151/1/45 692/1/45
f 526/1/155 525/1/155 21/1/155
f 170/1/45 169/1/45 733/1/45
f 528/1/156 527/1/156 23/1/156
f 172/1/45 171/1/45 735/1/45
f 17/1/157 521/1/157 536/1/157
f 174/1/45 173/1/45 737/1/45
f 531/1/337 27/1/337 50/1/337
f 50/1/158 28/1/158 532/1/158
f 176/1/45 175/1/45 739/1/45
f 75/1/97 591/1/97 714/1/97
f 332/1/80 889/1/80 656/1/80
f 77/1/99 163/1/99 716/1/99
f 653/1/25 654/1/25 129/1/25
f 90/1/159 474/1/159 590/1/159
f 334/1/80 891/1/80 890/1/80
f 27/1/160 531/1/160 530/1/160
f 476/1/161 90/1/161 982/1/161
f 147/1/97 713/1/97 533/1/97
f 336/1/80 893/1/80 892/1/80
f 18/1/162 522/1/162 521/1/162
f 148/1/99 29/1/99 533/1/99
f 473/1/163 477/1/163 686/1/163
f 338/1/80 895/1/80 894/1/80
f 596/1/164 517/1/164 14/1/164
f 475/1/165 593/1/165 687/1/165
f 340/1/80 897/1/80 896/1/80
f 2/1/142 499/1/142 497/1/142
f 62/1/166 564/1/166 502/1/166
f 178/1/16 741/1/16 547/1/16
f 180/1/16 743/1/16 742/1/16
f 182/1/16 745/1/16 744/1/16
f 60/1/167 2/1/167 499/1/167
f 164/1/100 79/1/100 599/1/100
f 165/1/102 720/1/102 603/1/102
f 184/1/16 747/1/16 746/1/16
f 10/1/168 511/1/168 584/1/168
f 101/1/2 462/1/2 102/1/2
f 460/1/2 459/1/2 157/1/2
f 101/1/2 102/1/2 460/1/2
f 41/1/2 99/1/2 101/1/2
f 66/1/2 10/1/2 101/1/2
f 10/1/2 41/1/2 101/1/2
f 460/1/2 157/1/2 65/1/2
f 65/1/2 66/1/2 460/1/2
f 86/1/169 482/1/169 598/1/169
f 42/1/170 541/1/170 511/1/170
f 484/1/171 86/1/171 983/1/171
f 186/1/16 749/1/16 748/1/16
f 31/1/100 149/1/100 717/1/100
f 31/1/102 535/1/102 719/1/102
f 485/1/172 689/1/172 597/1/172
f 488/1/173 483/1/173 601/1/173
f 501/1/29 537/1/29 34/1/29
f 188/1/45 53/1/45 750/1/45
f 53/1/45 548/1/45 750/1/45
f 564/1/45 62/1/45 752/1/45
f 62/1/45 188/1/45 752/1/45
f 188/1/45 750/1/45 751/1/45
f 504/1/174 538/1/174 36/1/174
f 42/1/175 91/1/175 614/1/175
f 342/1/146 166/1/146 628/1/146
f 507/1/25 539/1/25 38/1/25
f 158/1/110 706/1/110 575/1/110
f 344/1/146 343/1/146 899/1/146
f 159/1/108 69/1/108 579/1/108
f 490/1/176 97/1/176 984/1/176
f 346/1/146 345/1/146 901/1/146
f 492/1/177 578/1/177 984/1/177
f 510/1/178 540/1/178 40/1/178
f 17/1/110 521/1/110 705/1/110
f 348/1/146 347/1/146 903/1/146
f 17/1/108 144/1/108 707/1/108
f 493/1/179 489/1/179 573/1/179
f 350/1/146 349/1/146 905/1/146
f 496/1/180 681/1/180 577/1/180
f 11/1/170 513/1/170 541/1/170
f 70/1/181 16/1/181 520/1/181
f 363/1/182 753/1/182 749/1/182
f 39/1/32 8/1/32 508/1/32
f 364/1/183 187/1/183 659/1/183
f 365/1/184 755/1/184 747/1/184
f 13/1/19 516/1/19 542/1/19
f 366/1/185 185/1/185 748/1/185
f 367/1/186 757/1/186 745/1/186
f 368/1/187 183/1/187 746/1/187
f 369/1/188 759/1/188 743/1/188
f 15/1/10 519/1/10 543/1/10
f 370/1/189 181/1/189 744/1/189
f 371/1/190 761/1/190 741/1/190
f 103/1/191 627/1/191 537/1/191
f 179/1/192 742/1/192 762/1/192
f 540/1/178 508/1/178 8/1/178
f 1/1/193 498/1/193 544/1/193
f 103/1/194 35/1/194 500/1/194
f 530/1/195 529/1/195 25/1/195
f 18/1/196 19/1/196 523/1/196
f 373/1/197 200/1/197 776/1/197
f 152/1/14 190/1/14 767/1/14
f 374/1/198 908/1/198 777/1/198
f 19/1/199 20/1/199 524/1/199
f 202/1/200 778/1/200 909/1/200
f 191/1/14 192/1/14 769/1/14
f 376/1/201 910/1/201 779/1/201
f 204/1/202 780/1/202 911/1/202
f 193/1/14 194/1/14 771/1/14
f 378/1/203 912/1/203 781/1/203
f 529/1/204 528/1/204 24/1/204
f 206/1/205 782/1/205 913/1/205
f 195/1/14 196/1/14 773/1/14
f 380/1/206 914/1/206 783/1/206
f 208/1/207 784/1/207 915/1/207
f 197/1/14 198/1/14 775/1/14
f 209/1/208 382/1/208 916/1/208
f 32/1/209 536/1/209 535/1/209
f 222/1/210 795/1/210 917/1/210
f 223/1/211 384/1/211 918/1/211
f 224/1/212 797/1/212 919/1/212
f 225/1/338 386/1/338 920/1/338
f 30/1/214 534/1/214 533/1/214
f 226/1/215 799/1/215 921/1/215
f 227/1/216 388/1/216 922/1/216
f 228/1/339 801/1/339 923/1/339
f 229/1/218 390/1/218 924/1/218
f 28/1/219 51/1/219 532/1/219
f 51/1/340 29/1/340 533/1/340
f 230/1/220 803/1/220 925/1/220
f 231/1/221 392/1/221 926/1/221
f 247/1/222 816/1/222 927/1/222
f 54/1/86 551/1/86 776/1/86
f 248/1/223 394/1/223 928/1/223
f 31/1/224 535/1/224 534/1/224
f 249/1/225 818/1/225 929/1/225
f 201/1/86 777/1/86 778/1/86
f 250/1/226 396/1/226 930/1/226
f 251/1/227 820/1/227 931/1/227
f 203/1/86 779/1/86 780/1/86
f 252/1/228 398/1/228 932/1/228
f 441/1/97 545/1/97 546/1/97
f 253/1/229 822/1/229 933/1/229
f 205/1/86 781/1/86 782/1/86
f 254/1/230 400/1/230 934/1/230
f 443/1/99 444/1/99 550/1/99
f 255/1/231 824/1/231 935/1/231
f 207/1/86 783/1/86 784/1/86
f 256/1/232 402/1/232 936/1/232
f 450/1/100 449/1/100 553/1/100
f 273/1/233 836/1/233 937/1/233
f 274/1/234 404/1/234 938/1/234
f 452/1/102 558/1/102 557/1/102
f 275/1/235 838/1/235 939/1/235
f 276/1/236 406/1/236 940/1/236
f 433/1/106 434/1/106 562/1/106
f 552/1/14 55/1/14 785/1/14
f 55/1/14 210/1/14 785/1/14
f 210/1/14 57/1/14 556/1/14
f 277/1/237 840/1/237 941/1/237
f 278/1/238 408/1/238 942/1/238
f 458/1/108 457/1/108 565/1/108
f 279/1/341 842/1/341 943/1/341
f 48/1/240 518/1/240 606/1/240
f 280/1/241 410/1/241 944/1/241
f 460/1/110 570/1/110 569/1/110
f 411/1/242 281/1/242 844/1/242
f 282/1/243 412/1/243 946/1/243
f 489/1/82 490/1/82 574/1/82
f 413/1/244 947/1/244 860/1/244
f 67/1/110 575/1/110 576/1/110
f 414/1/245 298/1/245 861/1/245
f 491/1/112 577/1/112 578/1/112
f 415/1/246 949/1/246 862/1/246
f 300/1/247 863/1/247 950/1/247
f 466/1/114 465/1/114 581/1/114
f 417/1/248 951/1/248 864/1/248
f 302/1/249 865/1/249 952/1/249
f 468/1/101 586/1/101 585/1/101
f 419/1/250 953/1/250 866/1/250
f 304/1/251 867/1/251 954/1/251
f 474/1/115 473/1/115 589/1/115
f 305/1/252 421/1/252 955/1/252
f 306/1/342 728/1/342 956/1/342
f 476/1/116 594/1/116 593/1/116
f 423/1/254 957/1/254 887/1/254
f 424/1/255 328/1/255 666/1/255
f 481/1/117 597/1/117 598/1/117
f 425/1/256 959/1/256 885/1/256
f 426/1/343 326/1/343 886/1/343
f 483/1/118 484/1/118 602/1/118
f 16/1/36 520/1/36 518/1/36
f 427/1/258 961/1/258 883/1/258
f 428/1/344 324/1/344 884/1/344
f 429/1/260 963/1/260 881/1/260
f 430/1/345 322/1/345 882/1/345
f 83/1/4 84/1/4 605/1/4
f 431/1/262 965/1/262 879/1/262
f 432/1/263 320/1/263 880/1/263
f 361/1/346 350/1/346 906/1/346
f 85/1/265 608/1/265 607/1/265
f 154/1/6 212/1/6 786/1/6
f 362/1/266 968/1/266 730/1/266
f 359/1/267 348/1/267 904/1/267
f 213/1/6 214/1/6 788/1/6
f 360/1/268 970/1/268 905/1/268
f 85/1/12 83/1/12 606/1/12
f 353/1/269 346/1/269 902/1/269
f 486/1/270 607/1/270 605/1/270
f 215/1/6 216/1/6 790/1/6
f 354/1/271 972/1/271 903/1/271
f 355/1/272 344/1/272 900/1/272
f 217/1/6 218/1/6 792/1/6
f 356/1/273 974/1/273 901/1/273
f 357/1/274 342/1/274 898/1/274
f 219/1/6 220/1/6 794/1/6
f 358/1/106 976/1/106 899/1/106
f 87/1/147 88/1/147 609/1/147
f 89/1/275 612/1/275 611/1/275
f 44/1/276 512/1/276 614/1/276
f 89/1/26 87/1/26 610/1/26
f 478/1/277 611/1/277 609/1/277
f 58/1/88 559/1/88 795/1/88
f 49/1/193 544/1/193 520/1/193
f 91/1/194 92/1/194 613/1/194
f 223/1/88 796/1/88 797/1/88
f 93/1/278 616/1/278 615/1/278
f 225/1/88 798/1/88 799/1/88
f 87/1/279 610/1/279 542/1/279
f 227/1/88 800/1/88 801/1/88
f 91/1/191 614/1/191 616/1/191
f 470/1/280 615/1/280 613/1/280
f 229/1/88 802/1/88 803/1/88
f 95/1/21 96/1/21 618/1/21
f 41/1/281 509/1/281 622/1/281
f 494/1/282 619/1/282 620/1/282
f 96/1/283 33/1/283 497/1/283
f 234/1/6 64/1/6 568/1/6
f 234/1/6 568/1/6 805/1/6
f 233/1/6 234/1/6 805/1/6
f 804/1/6 560/1/6 232/1/6
f 560/1/6 59/1/6 232/1/6
f 233/1/6 805/1/6 804/1/6
f 95/1/284 617/1/284 619/1/284
f 98/1/281 620/1/281 618/1/281
f 99/1/283 100/1/283 621/1/283
f 462/1/285 101/1/285 624/1/285
f 99/1/20 622/1/20 624/1/20
f 100/1/286 462/1/286 623/1/286
f 4/1/174 36/1/174 538/1/174
f 83/1/287 606/1/287 543/1/287
f 104/1/276 625/1/276 627/1/276
f 438/1/288 105/1/288 630/1/288
f 237/1/80 807/1/80 704/1/80
f 239/1/80 809/1/80 808/1/80
f 105/1/175 103/1/175 627/1/175
f 104/1/289 438/1/289 631/1/289
f 241/1/80 811/1/80 810/1/80
f 243/1/80 813/1/80 812/1/80
f 245/1/80 815/1/80 814/1/80
f 108/1/240 632/1/240 633/1/240
f 454/1/290 109/1/290 635/1/290
f 107/1/287 633/1/287 635/1/287
f 108/1/291 454/1/291 634/1/291
f 247/1/11 65/1/11 571/1/11
f 112/1/30 636/1/30 637/1/30
f 249/1/11 248/1/11 817/1/11
f 446/1/292 113/1/292 639/1/292
f 251/1/11 250/1/11 819/1/11
f 253/1/11 252/1/11 821/1/11
f 111/1/279 637/1/279 639/1/279
f 112/1/293 446/1/293 638/1/293
f 255/1/11 254/1/11 823/1/11
f 336/1/294 353/1/294 971/1/294
f 337/1/295 894/1/295 972/1/295
f 125/1/29 124/1/29 649/1/29
f 334/1/296 355/1/296 973/1/296
f 335/1/297 892/1/297 974/1/297
f 652/1/347 127/1/347 132/1/347
f 132/1/347 126/1/347 651/1/347
f 659/1/3 563/1/3 564/1/3
f 563/1/3 631/1/3 630/1/3
f 564/1/3 563/1/3 630/1/3
f 630/1/3 627/1/3 500/1/3
f 699/1/3 700/1/3 723/1/3
f 734/1/3 731/1/3 735/1/3
f 731/1/3 699/1/3 738/1/3
f 735/1/3 731/1/3 736/1/3
f 760/1/3 759/1/3 735/1/3
f 759/1/3 734/1/3 735/1/3
f 630/1/3 500/1/3 502/1/3
f 564/1/3 752/1/3 659/1/3
f 752/1/3 749/1/3 659/1/3
f 630/1/3 502/1/3 564/1/3
f 736/1/3 731/1/3 737/1/3
f 750/1/3 745/1/3 746/1/3
f 745/1/3 757/1/3 758/1/3
f 746/1/3 751/1/3 750/1/3
f 758/1/3 746/1/3 745/1/3
f 737/1/3 758/1/3 757/1/3
f 739/1/3 756/1/3 738/1/3
f 756/1/3 755/1/3 738/1/3
f 737/1/3 757/1/3 736/1/3
f 738/1/3 737/1/3 731/1/3
f 659/1/3 749/1/3 753/1/3
f 754/1/3 659/1/3 753/1/3
f 754/1/3 753/1/3 740/1/3
f 723/1/3 754/1/3 740/1/3
f 699/1/3 723/1/3 740/1/3
f 699/1/3 740/1/3 739/1/3
f 332/1/299 357/1/299 975/1/299
f 20/1/300 21/1/300 525/1/300
f 333/1/301 890/1/301 976/1/301
f 131/1/348 125/1/348 650/1/348
f 650/1/349 651/1/349 131/1/349
f 338/1/303 359/1/303 969/1/303
f 339/1/304 896/1/304 970/1/304
f 118/1/19 643/1/19 644/1/19
f 340/1/144 361/1/144 967/1/144
f 119/1/5 644/1/5 645/1/5
f 341/1/305 658/1/305 968/1/305
f 655/1/178 640/1/178 115/1/178
f 176/1/306 740/1/306 753/1/306
f 177/1/307 364/1/307 754/1/307
f 652/1/9 653/1/9 128/1/9
f 116/1/170 641/1/170 642/1/170
f 174/1/308 738/1/308 755/1/308
f 175/1/309 366/1/309 756/1/309
f 211/1/88 138/1/88 697/1/88
f 697/1/88 701/1/88 211/1/88
f 172/1/310 736/1/310 757/1/310
f 120/1/10 645/1/10 646/1/10
f 173/1/311 368/1/311 758/1/311
f 170/1/312 734/1/312 759/1/312
f 171/1/313 370/1/313 760/1/313
f 123/1/142 648/1/142 649/1/142
f 259/1/45 146/1/45 711/1/45
f 259/1/45 711/1/45 825/1/45
f 260/1/45 259/1/45 825/1/45
f 826/1/45 713/1/45 262/1/45
f 713/1/45 147/1/45 262/1/45
f 260/1/45 825/1/45 826/1/45
f 261/1/45 260/1/45 826/1/45
f 371/1/314 168/1/314 732/1/314
f 169/1/315 372/1/315 762/1/315
f 116/1/7 115/1/7 640/1/7
f 190/1/316 373/1/316 907/1/316
f 263/1/16 827/1/16 712/1/16
f 191/1/317 768/1/317 908/1/317
f 265/1/16 829/1/16 828/1/16
f 192/1/318 375/1/318 909/1/318
f 122/1/193 647/1/193 648/1/193
f 376/1/319 193/1/319 770/1/319
f 267/1/16 831/1/16 830/1/16
f 194/1/320 377/1/320 911/1/320
f 269/1/16 833/1/16 832/1/16
f 681/1/3 577/1/3 573/1/3
f 675/1/350 674/1/350 722/1/350
f 669/1/3 668/1/3 545/1/3
f 672/1/3 671/1/3 553/1/3
f 678/1/3 677/1/3 565/1/3
f 684/1/3 683/1/3 581/1/3
f 686/1/3 589/1/3 593/1/3
f 689/1/3 597/1/3 601/1/3
f 441/1/2 445/1/2 448/1/2
f 436/1/351 437/1/351 435/1/351
f 489/1/2 491/1/2 496/1/2
f 483/1/2 481/1/2 485/1/2
f 475/1/2 473/1/2 477/1/2
f 465/1/2 469/1/2 472/1/2
f 457/1/2 461/1/2 464/1/2
f 449/1/2 453/1/2 456/1/2
