
v 0.200968 0.371052 0.219019
v 0.065723 -0.304384 0.102777
v 0.200968 0.371052 -0.171678
v 0.065723 -0.304384 -0.055435
v 0.200968 0.355835 0.023671
v 0.065723 -0.304384 0.023671
v 0.252365 0.355835 0.023671
v 0.252365 0.371052 0.219019
v 0.117120 -0.304384 0.102777
v 0.117120 -0.304384 0.023671
v 0.117120 -0.304384 -0.055435
v 0.252365 0.371052 -0.171678
v 0.079894 1.230788 -0.340893
v 0.088456 1.087976 -0.347247
v 0.084011 1.323995 -0.359578
v 0.094064 1.403886 -0.401289
v 0.093846 1.376353 -0.502681
v 0.104528 1.492655 -0.465117
v 0.095614 1.441171 0.019633
v 0.096701 1.426967 -0.400200
v 0.097195 1.409735 -0.515860
v 0.101658 0.965122 -0.374155
v 0.112705 0.858121 -0.424256
v 0.115183 0.807320 -0.501053
v 0.115233 0.766971 -0.581698
v 0.110732 0.825899 -0.584523
v 0.124008 0.794937 -0.150652
v 0.114596 0.800657 -0.535506
v 0.111816 0.796435 -0.613794
v 0.117744 0.722357 -0.580614
v 0.118592 0.579591 -0.631943
v 0.112167 0.427902 -0.671150
v 0.101488 0.269522 -0.671150
v 0.091621 0.131217 -0.644799
v 0.078029 -0.162420 -0.543470
v 0.063871 -0.289571 -0.364999
v 0.054856 -0.349800 -0.168007
v 0.114033 1.613113 -0.496227
v 0.117290 1.726879 -0.521960
v 0.115434 1.847338 -0.521960
v 0.110761 2.041754 -0.493226
v 0.106154 2.133213 -0.442878
v 0.098701 2.240288 -0.319450
v 0.093721 2.291594 -0.187813
v 0.090835 2.318363 -0.096300
v 0.123356 0.801372 -0.151594
v 0.126638 0.766971 -0.150211
v 0.090086 1.403886 0.022176
v 0.103233 1.492655 0.022176
v 0.078095 1.214867 -0.404881
v 0.090201 1.046824 -0.412357
v 0.083324 1.324541 -0.426867
v 0.094234 1.418547 -0.475947
v 0.095356 1.386150 -0.595252
v 0.104396 1.522999 -0.551052
v -0.345957 1.406341 0.007196
v -0.300265 1.459895 -0.497053
v 0.098337 1.425429 -0.610760
v 0.106797 0.902265 -0.444019
v 0.116364 0.776358 -0.502972
v 0.116875 0.716582 -0.593336
v 0.114528 0.669105 -0.688230
v 0.111576 0.738445 -0.691554
v -0.298859 1.338915 -0.536128
v -0.312853 1.367556 -0.430658
v 0.111197 0.703775 -0.725996
v 0.115519 0.616608 -0.686954
v 0.109153 0.448619 -0.747352
v 0.100090 0.270131 -0.793486
v 0.093564 0.083768 -0.793486
v 0.090316 -0.078971 -0.762479
v 0.087985 -0.311548 -0.643247
v 0.079481 -0.422660 -0.433246
v 0.074439 -0.509543 -0.201450
v 0.111524 1.664740 -0.587658
v 0.110811 1.798606 -0.617938
v 0.107477 1.940346 -0.617938
v 0.101886 2.092586 -0.584128
v 0.096409 2.200204 -0.524883
v 0.087020 2.326196 -0.379649
v 0.080007 2.386567 -0.224755
v 0.076354 2.418065 -0.117074
v -0.321240 1.284451 -0.387269
v -0.305385 1.038939 -0.374442
v -0.321604 1.187495 -0.367833
v -0.194621 1.214867 -0.404881
v -0.178574 1.046824 -0.412357
v -0.190379 1.324541 -0.426867
v -0.179349 1.418547 -0.475947
v -0.168391 1.386150 -0.595252
v -0.165748 1.522999 -0.551052
v -0.165186 1.425429 -0.610760
v -0.164759 0.902265 -0.444019
v -0.157315 0.776358 -0.502972
v -0.150954 0.716582 -0.593336
v -0.145882 0.669105 -0.688230
v -0.146530 0.738445 -0.691554
v -0.144860 0.703775 -0.725996
v -0.146242 0.616608 -0.686954
v -0.148809 0.448619 -0.747352
v -0.155726 0.270131 -0.793486
v -0.160789 0.083768 -0.793486
v -0.162541 -0.078971 -0.762479
v -0.166328 -0.275833 -0.643247
v -0.175018 -0.425448 -0.433246
v -0.183526 -0.496318 -0.201450
v -0.156039 1.664740 -0.587658
v -0.152526 1.798606 -0.617938
v -0.154165 1.940346 -0.617938
v -0.157652 2.092586 -0.584128
v -0.161903 2.200204 -0.524883
v -0.170581 2.326196 -0.379649
v -0.177721 2.386567 -0.224755
v -0.180664 2.418065 -0.117074
v -0.312081 1.391565 -0.429525
v -0.296130 1.373640 -0.549838
v -0.293766 0.911143 -0.402432
v -0.288176 0.799837 -0.454548
v -0.280451 0.746993 -0.534434
v -0.272702 0.705021 -0.618324
v -0.272400 0.766320 -0.621263
v -0.301309 0.719450 -0.342490
v -0.276966 0.740062 -0.570273
v -0.269780 0.735671 -0.651710
v -0.273441 0.658612 -0.617196
v -0.272827 0.510104 -0.670590
v -0.277445 0.352314 -0.711374
v -0.286348 0.187562 -0.711374
v -0.292999 0.043695 -0.683963
v -0.304590 -0.130338 -0.578557
v -0.320599 -0.262604 -0.392908
v -0.333299 -0.325256 -0.187992
v -0.290659 1.585199 -0.529414
v -0.283075 1.703542 -0.556183
v -0.280790 1.828845 -0.556183
v -0.283646 1.963431 -0.526293
v -0.287735 2.058569 -0.473919
v -0.296475 2.169951 -0.345527
v -0.303779 2.223321 -0.208595
v -0.306704 2.251166 -0.113400
v -0.314798 0.746056 -0.170919
v -0.314541 0.705021 -0.199547
v -0.348351 1.367556 0.009841
v -0.342223 1.459895 0.009841
v -0.118314 -0.496318 -0.201450
v -0.114059 2.418065 -0.117074
v -0.096814 1.425429 -0.610760
v -0.095258 1.522999 -0.551052
v -0.110233 -0.425448 -0.433246
v -0.110873 2.386567 -0.224755
v -0.100073 1.386150 -0.595252
v -0.101831 -0.275833 -0.643247
v -0.078261 0.703775 -0.725996
v -0.103679 2.326196 -0.379649
v -0.108267 1.418547 -0.475947
v -0.079417 0.738445 -0.691554
v -0.097753 -0.078971 -0.762479
v -0.094649 2.200204 -0.524883
v -0.119604 1.324541 -0.426867
v -0.081353 0.716582 -0.593336
v -0.095376 0.083768 -0.793486
v -0.089939 2.092586 -0.584128
v -0.086225 0.776358 -0.502972
v -0.094272 0.902265 -0.444019
v -0.089634 0.270131 -0.793486
v -0.081772 0.448619 -0.747352
v -0.083453 1.798606 -0.617938
v -0.085707 1.940346 -0.617938
v -0.108520 1.046824 -0.412357
v -0.123985 1.214867 -0.404881
v -0.078174 0.669105 -0.688230
v -0.085822 1.664740 -0.587658
v -0.078185 0.616608 -0.686954
v 0.457110 0.784486 -0.150652
v 0.458171 0.777422 -0.150211
v -0.343110 1.187495 0.009841
v -0.329229 1.038939 0.009841
v -0.349857 1.284451 0.009841
v -0.319945 0.911143 0.009841
v -0.318351 0.799837 0.009841
v 0.118269 1.613113 0.022176
v 0.127530 1.726879 0.022176
v 0.129672 1.847338 0.022176
v 0.120836 1.976719 0.022176
v 0.110859 2.068179 0.022176
v 0.098918 2.175253 0.022176
v 0.093526 2.226560 0.022176
v 0.090867 2.318363 0.022176
v -0.333583 1.585199 0.009841
v -0.327004 1.703542 0.009841
v -0.320996 1.828845 0.009841
v -0.315104 1.963431 0.009841
v -0.313174 2.058569 0.009841
v -0.310904 2.169951 0.009841
v -0.309303 2.223321 0.009841
v -0.308345 2.251166 0.009841
v 0.075422 2.418065 0.022176
v -0.182020 2.418065 0.022176
v -0.115277 2.418065 0.022176
v 0.132995 0.722357 0.015699
v 0.140939 0.579591 0.015699
v 0.137618 0.427902 0.015699
v 0.118345 0.269522 0.015699
v 0.094110 0.131217 0.015699
v 0.066539 -0.036086 0.015699
v 0.055120 -0.289571 0.015699
v 0.053053 -0.349800 0.015699
v 0.069856 -0.509543 0.014713
v -0.189952 -0.496318 0.014713
v -0.324099 0.658612 0.003104
v -0.335256 0.510104 0.003104
v -0.351133 0.352314 0.003104
v -0.366012 0.187562 0.003104
v -0.371678 0.043695 0.003104
v -0.365700 -0.130338 0.003104
v -0.350306 -0.262604 0.003104
v -0.340280 -0.325256 0.003104
v -0.124243 -0.496318 0.014713
v 0.133188 1.427244 -0.579928
v 0.130128 1.389879 -0.565176
v 0.147716 1.654891 -0.557952
v 0.140267 1.520058 -0.523130
v 0.148374 0.707782 -0.653622
v 0.150150 0.657844 -0.652408
v 0.123410 1.067092 -0.391195
v 0.147661 1.782233 -0.586756
v 0.146178 0.498043 -0.709863
v 0.139067 0.929578 -0.421314
v 0.114048 1.226944 -0.384083
v 0.144586 1.917065 -0.586756
v 0.136642 0.328254 -0.753748
v 0.149749 0.809808 -0.477393
v 0.139153 2.061885 -0.554593
v 0.127752 0.150974 -0.753748
v 0.150503 0.752945 -0.563353
v 0.119850 1.331273 -0.404998
v 0.133903 2.164258 -0.498237
v 0.121207 -0.003834 -0.724252
v 0.144457 0.773742 -0.656784
v 0.130476 1.420698 -0.451685
v 0.125176 2.284109 -0.360081
v 0.144489 0.740762 -0.689548
v 0.112944 -0.248622 -0.610832
v 0.118906 2.341537 -0.212737
v 0.102736 -0.354318 -0.411065
v 0.115469 2.371500 -0.110303
v 0.095797 -0.438636 -0.190567
v 0.114879 2.371500 0.022176
v 0.091975 -0.438636 0.015060
v 0.094224 1.039051 -0.141585
v 0.095500 1.027209 -0.142764
v 0.092988 1.050477 -0.142490
v 0.097974 1.004085 -0.152591
v 0.096766 1.015404 -0.146329
v 0.091842 1.061028 -0.145290
v 0.090837 1.070239 -0.149926
v 0.095433 1.027117 -0.175191
v 0.096697 1.015360 -0.177723
v 0.098451 0.999504 -0.159856
v 0.090023 1.077637 -0.156396
v 0.094160 1.038914 -0.174904
v 0.092924 1.050339 -0.175916
v 0.091775 1.060940 -0.177924
v 0.089451 1.082755 -0.164655
v 0.089171 1.085128 -0.174580
v 0.098280 1.000566 -0.183785
v 0.098745 0.996353 -0.179496
v 0.097903 1.004069 -0.183192
v 0.089234 1.084297 -0.185977
v 0.089946 1.077675 -0.186944
v 0.089487 1.081793 -0.193005
v 0.089689 1.079802 -0.198592
v 0.089090 1.085229 -0.204050
v 0.089372 1.082832 -0.194535
v 0.092628 1.051724 -0.237939
v 0.089609 1.079909 -0.227875
v 0.100510 0.977427 -0.297463
v 0.096464 1.015004 -0.292767
v 0.100017 0.982713 -0.264511
v 0.096533 1.015028 -0.262433
v 0.092554 1.051752 -0.268106
v 0.089153 1.084407 -0.215248
v 0.090765 1.070219 -0.181437
v 0.106409 0.921676 -0.263467
v 0.110918 0.878379 -0.264698
v 0.101879 0.965122 -0.265059
v 0.111389 0.873040 -0.306748
v 0.106302 0.921959 -0.301856
v 0.101811 0.965122 -0.298697
v 0.120976 0.799191 -0.271051
v 0.121059 0.796729 -0.271240
v 0.120039 0.797349 -0.312956
v 0.119924 0.800668 -0.312824
v 0.122810 0.777680 -0.272704
v 0.123379 0.766971 -0.273528
v 0.122304 0.766971 -0.314166
v 0.121531 0.781255 -0.313597
v 0.125906 0.521278 -0.382974
v 0.125576 0.523914 -0.394227
v 0.125788 0.520868 -0.385806
v 0.125219 0.522922 -0.402972
v 0.125425 0.525115 -0.399356
v 0.124613 0.520817 -0.417464
v 0.124225 0.534683 -0.440208
v 0.124300 0.525274 -0.429849
v 0.129370 0.608173 -0.304400
v 0.129001 0.653070 -0.291212
v 0.127798 0.654169 -0.325480
v 0.127690 0.661139 -0.324916
v 0.129416 0.579591 -0.318261
v 0.128316 0.579591 -0.350148
v 0.125744 0.605850 -0.410726
v 0.128258 0.608254 -0.336576
v 0.125770 0.593346 -0.416603
v 0.125673 0.606578 -0.412381
v 0.125038 0.629430 -0.418622
v 0.124057 0.592949 -0.466467
v 0.124434 0.579591 -0.462656
v 0.122246 0.639794 -0.435719
v 0.125598 0.579591 -0.428924
v 0.123227 0.614324 -0.479166
v 0.123259 0.614052 -0.478382
v 0.165117 0.653568 -0.480805
v 0.123479 0.605503 -0.476530
v 0.098576 0.998289 -0.161781
v 0.099032 0.993697 -0.176794
v 0.101191 0.970981 -0.298268
v 0.101267 0.970896 -0.265271
v 0.111867 0.869712 -0.264945
v 0.113020 0.858121 -0.308175
v 0.113135 0.858121 -0.265980
v 0.120570 0.803400 -0.270727
v 0.118775 0.825781 -0.268870
v 0.119588 0.804114 -0.312687
v 0.118721 0.814808 -0.312261
v 0.117152 0.834426 -0.310410
v 0.124063 0.754053 -0.274836
v 0.123921 0.756856 -0.274305
v 0.122837 0.757207 -0.314554
v 0.123222 0.749836 -0.315510
v 0.125410 0.722357 -0.280839
v 0.124433 0.722357 -0.319072
v 0.127839 0.567133 -0.356047
v 0.128935 0.567148 -0.324295
v 0.127147 0.533136 -0.354531
v 0.126345 0.522968 -0.371319
v 0.126054 0.533093 -0.386202
v 0.125471 0.525336 -0.398159
v 0.125398 0.563016 -0.424200
v 0.125546 0.578617 -0.429796
v 0.125321 0.534865 -0.408546
v 0.125310 0.547933 -0.417158
v 0.124418 0.578281 -0.462282
v 0.124223 0.534777 -0.440311
v 0.124206 0.547796 -0.449069
v 0.124283 0.562792 -0.456361
v 0.125466 0.525640 -0.398490
v 0.126350 0.703854 -0.284343
v 0.125394 0.703987 -0.321453
v 0.128957 0.653984 -0.290943
v 0.043622 1.077555 -0.174420
v 0.043685 1.076724 -0.185817
v 0.043939 1.074220 -0.192845
v 0.043515 1.077574 -0.193275
v 0.043234 1.079971 -0.202790
v 0.043296 1.079150 -0.213988
v 0.043752 1.074651 -0.226615
v 0.046697 1.046494 -0.266846
v 0.050607 1.009746 -0.291506
v 0.054654 0.972169 -0.296203
v 0.052425 0.996512 -0.152431
v 0.052903 0.991931 -0.159696
v 0.051218 1.007831 -0.146169
v 0.049951 1.019637 -0.142603
v 0.048675 1.031478 -0.141425
v 0.047440 1.042904 -0.142330
v 0.046294 1.053456 -0.145129
v 0.045288 1.062666 -0.149766
v 0.044474 1.070064 -0.156236
v 0.043902 1.075182 -0.164494
v 0.043833 1.074545 -0.197332
v 0.046772 1.046467 -0.236679
v 0.050676 1.009770 -0.261173
v 0.054161 0.977455 -0.263251
v 0.044398 1.070102 -0.186784
v 0.045216 1.062646 -0.181277
v 0.046226 1.053368 -0.177764
v 0.047376 1.042766 -0.175756
v 0.048612 1.031341 -0.174744
v 0.049885 1.019544 -0.175031
v 0.051148 1.007788 -0.177562
v 0.052355 0.996496 -0.183031
v 0.052731 0.992993 -0.183624
v 0.053197 0.988780 -0.179336
v 0.060552 0.916419 -0.262206
v 0.065061 0.873121 -0.263438
v 0.056022 0.959865 -0.263799
v 0.060445 0.916701 -0.300596
v 0.055954 0.959865 -0.297437
v 0.065532 0.867782 -0.305488
v 0.075119 0.793934 -0.269790
v 0.075202 0.791471 -0.269980
v 0.074182 0.792091 -0.311696
v 0.074067 0.795410 -0.311564
v 0.076953 0.772422 -0.271444
v 0.077522 0.761713 -0.272267
v 0.076448 0.761713 -0.312905
v 0.075675 0.775998 -0.312337
v 0.079121 0.523413 -0.400368
v 0.078515 0.521308 -0.414860
v 0.079327 0.525606 -0.396752
v 0.078127 0.535174 -0.437604
v 0.078202 0.525765 -0.427245
v 0.080050 0.516020 -0.381713
v 0.079719 0.518656 -0.392967
v 0.083513 0.602915 -0.303140
v 0.083144 0.647812 -0.289952
v 0.083559 0.574333 -0.317001
v 0.079646 0.606341 -0.408122
v 0.079672 0.593837 -0.413999
v 0.079499 0.580082 -0.426320
v 0.078335 0.580082 -0.460053
v 0.077959 0.593440 -0.463863
v 0.077381 0.605994 -0.473926
v 0.077128 0.614815 -0.476562
v 0.119019 0.654059 -0.478202
v 0.077160 0.614542 -0.475779
v 0.076148 0.640285 -0.433116
v 0.078940 0.629921 -0.416019
v 0.079575 0.607069 -0.409778
v 0.081942 0.648912 -0.324219
v 0.081833 0.655881 -0.323656
v 0.082402 0.602996 -0.335316
v 0.082459 0.574333 -0.348888
v 0.055411 0.965638 -0.264011
v 0.055335 0.965723 -0.297008
v 0.066010 0.864455 -0.263684
v 0.067278 0.852863 -0.264720
v 0.067164 0.852863 -0.306915
v 0.074713 0.798142 -0.269467
v 0.072918 0.820523 -0.267610
v 0.072864 0.809550 -0.311000
v 0.071296 0.829168 -0.309150
v 0.073732 0.798856 -0.311426
v 0.078064 0.751598 -0.273045
v 0.078206 0.748795 -0.273576
v 0.076981 0.751950 -0.313294
v 0.077366 0.744579 -0.314250
v 0.079554 0.717099 -0.279579
v 0.078576 0.717099 -0.317812
v 0.080489 0.517710 -0.370059
v 0.081291 0.527878 -0.353271
v 0.083079 0.561890 -0.323035
v 0.079368 0.526131 -0.395886
v 0.079615 0.520078 -0.396898
v 0.078125 0.535268 -0.437708
v 0.078108 0.548287 -0.446465
v 0.078185 0.563283 -0.453758
v 0.078320 0.578772 -0.459679
v 0.079448 0.579108 -0.427193
v 0.079300 0.563507 -0.421597
v 0.079212 0.548424 -0.414554
v 0.079223 0.535356 -0.405942
v 0.081983 0.561875 -0.354786
v 0.080197 0.527835 -0.384942
v 0.080494 0.698596 -0.283083
v 0.083100 0.648727 -0.289683
v 0.079537 0.698730 -0.320193
v 0.089328 1.087976 0.022176
v 0.085736 1.160001 0.022176
v 0.083525 1.276222 0.022176
v 0.086042 1.323995 0.022176
v 0.095728 1.028708 0.022176
v 0.102461 0.965122 0.022176
v 0.107704 0.914802 0.022176
v 0.132863 0.722357 0.022176
v 0.132835 0.723940 0.022176
v 0.140722 0.581142 0.022176
v 0.140754 0.579591 0.022176
v 0.137466 0.429419 0.022176
v 0.137417 0.427902 0.022176
v 0.118325 0.271015 0.022176
v 0.118133 0.268165 0.022176
v 0.094136 0.131217 0.022176
v 0.093984 0.127816 0.022176
v 0.066732 -0.037549 0.022176
v 0.066568 -0.040399 0.022176
v 0.055343 -0.289571 0.022176
v 0.055196 -0.291694 0.022176
v 0.053202 -0.349800 0.022176
v 0.124274 0.801195 0.022176
v 0.124600 0.797951 0.022176
v 0.124903 0.794937 0.022176
v 0.293043 0.789661 0.022176
v 0.095632 1.440949 0.022176
v 0.095649 1.441091 0.022176
v -0.328923 1.043791 0.022176
v -0.342350 1.187495 0.022176
v -0.319424 0.915245 0.022176
v -0.328411 1.038939 0.022176
v -0.317543 0.803167 0.022176
v -0.319089 0.911143 0.022176
v -0.317459 0.799837 0.022176
v -0.317953 0.796144 0.022176
v -0.323018 0.662708 0.022176
v -0.313113 0.705021 0.022176
v -0.333272 0.514670 0.022176
v -0.322457 0.658612 0.022176
v -0.348823 0.356781 0.022176
v -0.333396 0.510104 0.022176
v -0.349072 0.352314 0.022176
v -0.349323 0.347916 0.022176
v -0.363805 0.187562 0.022176
v -0.363919 0.183569 0.022176
v -0.369428 0.043695 0.022176
v -0.369420 0.037988 0.022176
v -0.363638 -0.130338 0.022176
v -0.363467 -0.136708 0.022176
v -0.348815 -0.262604 0.022176
v -0.348541 -0.268857 0.022176
v -0.308110 2.251166 0.022176
v -0.308913 0.736944 0.022176
v -0.313560 0.745559 0.022176
v -0.299365 0.719450 0.022176
v -0.308148 0.710083 0.022176
v -0.341127 1.459895 0.022176
v -0.341258 1.458088 0.022176
v -0.347286 1.367556 0.022176
v -0.344752 1.405030 0.022176
v 0.457018 0.784486 0.022176
v 0.457555 0.780916 0.022176
v 0.295074 0.772251 0.022176
v 0.127562 0.766971 0.022176
v -0.348877 1.281284 0.022176
v -0.308973 2.226108 0.022176
v -0.308919 2.223321 0.022176
v -0.310429 2.172965 0.022176
v -0.310331 2.169951 0.022176
v -0.312523 2.062436 0.022176
v -0.312451 2.058569 0.022176
v -0.314332 1.965857 0.022176
v -0.314303 1.963431 0.022176
v -0.320059 1.831942 0.022176
v -0.320037 1.828845 0.022176
v -0.325960 1.703542 0.022176
v -0.320083 1.826115 0.022176
v -0.332517 1.585199 0.022176
v -0.326088 1.700835 0.022176
v 0.063416 -0.509086 0.022176
v 0.070060 -0.509543 0.022176
v -0.195884 -0.489206 0.022176
v -0.189673 -0.496318 0.022176
v 0.092165 -0.438636 0.022176
v 0.070857 -0.506974 0.022176
v -0.126232 -0.496318 0.022176
v -0.123982 -0.496318 0.022176
v 0.090636 -0.435207 0.022176
v 0.081479 1.230788 0.022176
v 0.113917 0.858121 0.022176
v 0.121051 0.817272 0.022176
v 0.118231 0.269522 0.022176
v -0.348906 1.284451 0.022176
v -0.347447 1.364974 0.022176
v -0.339516 -0.325256 0.022176
v -0.332698 1.582150 0.022176
v -0.344673 1.405869 0.022176
v 0.458078 0.777422 0.022176
v 0.079894 1.230788 0.385245
v 0.088456 1.087976 0.391599
v 0.084011 1.323995 0.403930
v 0.094064 1.403886 0.445641
v 0.093846 1.376353 0.547033
v 0.104528 1.492655 0.509469
v 0.095614 1.441171 0.024719
v 0.096701 1.426967 0.444551
v 0.097195 1.409735 0.560212
v 0.101658 0.965122 0.418507
v 0.112705 0.858121 0.468608
v 0.115183 0.807320 0.545404
v 0.115233 0.766971 0.626050
v 0.110732 0.825899 0.628875
v 0.124008 0.794937 0.195003
v 0.114596 0.800657 0.579858
v 0.111816 0.796435 0.658146
v 0.117744 0.722357 0.624965
v 0.118592 0.579591 0.676295
v 0.112167 0.427902 0.715502
v 0.101488 0.269522 0.715502
v 0.091621 0.131217 0.689151
v 0.078029 -0.162420 0.587821
v 0.063871 -0.289571 0.409351
v 0.054856 -0.349800 0.212359
v 0.114033 1.613113 0.540579
v 0.117290 1.726879 0.566312
v 0.115434 1.847338 0.566312
v 0.110761 2.041754 0.537578
v 0.106154 2.133213 0.487229
v 0.098701 2.240288 0.363802
v 0.093721 2.291594 0.232165
v 0.090835 2.318363 0.140651
v 0.123356 0.801372 0.195946
v 0.126638 0.766971 0.194563
v 0.078095 1.214867 0.449233
v 0.090201 1.046824 0.456709
v 0.083324 1.324541 0.471219
v 0.094234 1.418547 0.520299
v 0.095356 1.386150 0.639604
v 0.104396 1.522999 0.595404
v -0.345957 1.406341 0.037156
v -0.300265 1.459895 0.541405
v 0.098337 1.425429 0.655112
v 0.106797 0.902265 0.488371
v 0.116364 0.776358 0.547323
v 0.116875 0.716582 0.637688
v 0.114528 0.669105 0.732582
v 0.111576 0.738445 0.735906
v -0.298859 1.338915 0.580480
v -0.312853 1.367556 0.475009
v 0.111197 0.703775 0.770348
v 0.115519 0.616608 0.731305
v 0.109153 0.448619 0.791704
v 0.100090 0.270131 0.837838
v 0.093564 0.083768 0.837838
v 0.090316 -0.078971 0.806831
v 0.087985 -0.311548 0.687599
v 0.079481 -0.422660 0.477598
v 0.074439 -0.509543 0.245801
v 0.111524 1.664740 0.632010
v 0.110811 1.798606 0.662290
v 0.107477 1.940346 0.662290
v 0.101886 2.092586 0.628479
v 0.096409 2.200204 0.569235
v 0.087020 2.326196 0.424001
v 0.080007 2.386567 0.269107
v 0.076354 2.418065 0.161425
v -0.321240 1.284451 0.431621
v -0.305385 1.038939 0.418793
v -0.321604 1.187495 0.412184
v -0.194621 1.214867 0.449233
v -0.178574 1.046824 0.456709
v -0.190379 1.324541 0.471219
v -0.179349 1.418547 0.520299
v -0.168391 1.386150 0.639604
v -0.165748 1.522999 0.595404
v -0.165186 1.425429 0.655112
v -0.164759 0.902265 0.488371
v -0.157315 0.776358 0.547323
v -0.150954 0.716582 0.637688
v -0.145882 0.669105 0.732582
v -0.146530 0.738445 0.735906
v -0.144860 0.703775 0.770348
v -0.146242 0.616608 0.731305
v -0.148809 0.448619 0.791704
v -0.155726 0.270131 0.837838
v -0.160789 0.083768 0.837838
v -0.162541 -0.078971 0.806831
v -0.166328 -0.275833 0.687599
v -0.175018 -0.425448 0.477598
v -0.183526 -0.496318 0.245801
v -0.156039 1.664740 0.632010
v -0.152526 1.798606 0.662290
v -0.154165 1.940346 0.662290
v -0.157652 2.092586 0.628479
v -0.161903 2.200204 0.569235
v -0.170581 2.326196 0.424001
v -0.177721 2.386567 0.269107
v -0.180664 2.418065 0.161425
v -0.312081 1.391565 0.473876
v -0.296130 1.373640 0.594189
v -0.293766 0.911143 0.446784
v -0.288176 0.799837 0.498900
v -0.280451 0.746993 0.578786
v -0.272702 0.705021 0.662676
v -0.272400 0.766320 0.665614
v -0.301309 0.719450 0.386841
v -0.276966 0.740062 0.614625
v -0.269780 0.735671 0.696062
v -0.273441 0.658612 0.661547
v -0.272827 0.510104 0.714941
v -0.277445 0.352314 0.755726
v -0.286348 0.187562 0.755726
v -0.292999 0.043695 0.728314
v -0.304590 -0.130338 0.622909
v -0.320599 -0.262604 0.437260
v -0.333299 -0.325256 0.232344
v -0.290659 1.585199 0.573766
v -0.283075 1.703542 0.600535
v -0.280790 1.828845 0.600535
v -0.283646 1.963431 0.570645
v -0.287735 2.058569 0.518271
v -0.296475 2.169951 0.389879
v -0.303779 2.223321 0.252947
v -0.306704 2.251166 0.157752
v -0.314798 0.746056 0.215271
v -0.314541 0.705021 0.243899
v -0.348351 1.367556 0.034511
v -0.342223 1.459895 0.034511
v -0.118314 -0.496318 0.245801
v -0.114059 2.418065 0.161425
v -0.096814 1.425429 0.655112
v -0.095258 1.522999 0.595404
v -0.110233 -0.425448 0.477598
v -0.110873 2.386567 0.269107
v -0.100073 1.386150 0.639604
v -0.101831 -0.275833 0.687599
v -0.078261 0.703775 0.770348
v -0.103679 2.326196 0.424001
v -0.108267 1.418547 0.520299
v -0.079417 0.738445 0.735906
v -0.097753 -0.078971 0.806831
v -0.094649 2.200204 0.569235
v -0.119604 1.324541 0.471219
v -0.081353 0.716582 0.637688
v -0.095376 0.083768 0.837838
v -0.089939 2.092586 0.628479
v -0.086225 0.776358 0.547323
v -0.094272 0.902265 0.488371
v -0.089634 0.270131 0.837838
v -0.081772 0.448619 0.791704
v -0.083453 1.798606 0.662290
v -0.085707 1.940346 0.662290
v -0.108520 1.046824 0.456709
v -0.123985 1.214867 0.449233
v -0.078174 0.669105 0.732582
v -0.085822 1.664740 0.632010
v -0.078185 0.616608 0.731305
v 0.457110 0.784486 0.195003
v 0.458171 0.777422 0.194563
v -0.343110 1.187495 0.034511
v -0.329229 1.038939 0.034511
v -0.349857 1.284451 0.034511
v -0.319945 0.911143 0.034511
v -0.318351 0.799837 0.034511
v -0.333583 1.585199 0.034511
v -0.327004 1.703542 0.034511
v -0.320996 1.828845 0.034511
v -0.315104 1.963431 0.034511
v -0.313174 2.058569 0.034511
v -0.310904 2.169951 0.034511
v -0.309303 2.223321 0.034511
v -0.308345 2.251166 0.034511
v 0.132995 0.722357 0.028652
v 0.140939 0.579591 0.028652
v 0.137618 0.427902 0.028652
v 0.118345 0.269522 0.028652
v 0.094110 0.131217 0.028652
v 0.066539 -0.036086 0.028652
v 0.055120 -0.289571 0.028652
v 0.053053 -0.349800 0.028652
v 0.069856 -0.509543 0.029639
v -0.189952 -0.496318 0.029639
v -0.324099 0.658612 0.041248
v -0.335256 0.510104 0.041248
v -0.351133 0.352314 0.041248
v -0.366012 0.187562 0.041248
v -0.371678 0.043695 0.041248
v -0.365700 -0.130338 0.041248
v -0.350306 -0.262604 0.041248
v -0.340280 -0.325256 0.041248
v -0.124243 -0.496318 0.029639
v 0.133188 1.427244 0.624280
v 0.130128 1.389879 0.609528
v 0.147716 1.654891 0.602304
v 0.140267 1.520058 0.567482
v 0.148374 0.707782 0.697974
v 0.150150 0.657844 0.696760
v 0.123410 1.067092 0.435546
v 0.147661 1.782233 0.631108
v 0.146178 0.498043 0.754214
v 0.139067 0.929578 0.465665
v 0.114048 1.226944 0.428435
v 0.144586 1.917065 0.631108
v 0.136642 0.328254 0.798100
v 0.149749 0.809808 0.521745
v 0.139153 2.061885 0.598945
v 0.127752 0.150974 0.798100
v 0.150503 0.752945 0.607705
v 0.119850 1.331273 0.449349
v 0.133903 2.164258 0.542588
v 0.121207 -0.003834 0.768604
v 0.144457 0.773742 0.701136
v 0.130476 1.420698 0.496037
v 0.125176 2.284109 0.404433
v 0.144489 0.740762 0.733899
v 0.112944 -0.248622 0.655183
v 0.118906 2.341537 0.257088
v 0.102736 -0.354318 0.455417
v 0.115469 2.371500 0.154655
v 0.095797 -0.438636 0.234919
v 0.091975 -0.438636 0.029291
v 0.094224 1.039051 0.185937
v 0.095500 1.027209 0.187115
v 0.092988 1.050477 0.186842
v 0.097974 1.004085 0.196943
v 0.096766 1.015404 0.190681
v 0.091842 1.061028 0.189641
v 0.090837 1.070239 0.194278
v 0.095433 1.027117 0.219543
v 0.096697 1.015360 0.222074
v 0.098451 0.999504 0.204208
v 0.090023 1.077637 0.200748
v 0.094160 1.038914 0.219256
v 0.092924 1.050339 0.220268
v 0.091775 1.060940 0.222276
v 0.089451 1.082755 0.209006
v 0.089171 1.085128 0.218932
v 0.098280 1.000566 0.228136
v 0.098745 0.996353 0.223848
v 0.097903 1.004069 0.227543
v 0.089234 1.084297 0.230329
v 0.089946 1.077675 0.231296
v 0.089487 1.081793 0.237357
v 0.089689 1.079802 0.242944
v 0.089090 1.085229 0.248402
v 0.089372 1.082832 0.238887
v 0.092628 1.051724 0.282291
v 0.089609 1.079909 0.272226
v 0.100510 0.977427 0.341815
v 0.096464 1.015004 0.337118
v 0.100017 0.982713 0.308863
v 0.096533 1.015028 0.306785
v 0.092554 1.051752 0.312458
v 0.089153 1.084407 0.259600
v 0.090765 1.070219 0.225789
v 0.106409 0.921676 0.307818
v 0.110918 0.878379 0.309050
v 0.101879 0.965122 0.309411
v 0.111389 0.873040 0.351100
v 0.106302 0.921959 0.346208
v 0.101811 0.965122 0.343049
v 0.120976 0.799191 0.315402
v 0.121059 0.796729 0.315592
v 0.120039 0.797349 0.357308
v 0.119924 0.800668 0.357175
v 0.122810 0.777680 0.317056
v 0.123379 0.766971 0.317879
v 0.122304 0.766971 0.358517
v 0.121531 0.781255 0.357948
v 0.125906 0.521278 0.427325
v 0.125576 0.523914 0.438579
v 0.125788 0.520868 0.430158
v 0.125219 0.522922 0.447324
v 0.125425 0.525115 0.443707
v 0.124613 0.520817 0.461815
v 0.124225 0.534683 0.484560
v 0.124300 0.525274 0.474201
v 0.129370 0.608173 0.348751
v 0.129001 0.653070 0.335563
v 0.127798 0.654169 0.369831
v 0.127690 0.661139 0.369268
v 0.129416 0.579591 0.362613
v 0.128316 0.579591 0.394500
v 0.125744 0.605850 0.455077
v 0.128258 0.608254 0.380928
v 0.125770 0.593346 0.460955
v 0.125673 0.606578 0.456733
v 0.125038 0.629430 0.462974
v 0.124057 0.592949 0.510819
v 0.124434 0.579591 0.507008
v 0.122246 0.639794 0.480071
v 0.125598 0.579591 0.473276
v 0.123227 0.614324 0.523517
v 0.123259 0.614052 0.522734
v 0.165117 0.653568 0.525157
v 0.123479 0.605503 0.520881
v 0.098576 0.998289 0.206133
v 0.099032 0.993697 0.221146
v 0.101191 0.970981 0.342620
v 0.101267 0.970896 0.309622
v 0.111867 0.869712 0.309296
v 0.113020 0.858121 0.352527
v 0.113135 0.858121 0.310332
v 0.120570 0.803400 0.315079
v 0.118775 0.825781 0.313222
v 0.119588 0.804114 0.357038
v 0.118721 0.814808 0.356612
v 0.117152 0.834426 0.354762
v 0.124063 0.754053 0.319188
v 0.123921 0.756856 0.318657
v 0.122837 0.757207 0.358906
v 0.123222 0.749836 0.359862
v 0.125410 0.722357 0.325190
v 0.124433 0.722357 0.363424
v 0.127839 0.567133 0.400398
v 0.128935 0.567148 0.368647
v 0.127147 0.533136 0.398883
v 0.126345 0.522968 0.415670
v 0.126054 0.533093 0.430554
v 0.125471 0.525336 0.442510
v 0.125398 0.563016 0.468552
v 0.125546 0.578617 0.474148
v 0.125321 0.534865 0.452897
v 0.125310 0.547933 0.461510
v 0.124418 0.578281 0.506634
v 0.124223 0.534777 0.484663
v 0.124206 0.547796 0.493421
v 0.124283 0.562792 0.500713
v 0.125466 0.525640 0.442842
v 0.126350 0.703854 0.328694
v 0.125394 0.703987 0.365805
v 0.128957 0.653984 0.335295
v 0.043622 1.077555 0.218772
v 0.043685 1.076724 0.230168
v 0.043939 1.074220 0.237197
v 0.043515 1.077574 0.237626
v 0.043234 1.079971 0.247141
v 0.043296 1.079150 0.258340
v 0.043752 1.074651 0.270966
v 0.046697 1.046494 0.311198
v 0.050607 1.009746 0.335858
v 0.054654 0.972169 0.340554
v 0.052425 0.996512 0.196783
v 0.052903 0.991931 0.204047
v 0.051218 1.007831 0.190521
v 0.049951 1.019637 0.186955
v 0.048675 1.031478 0.185776
v 0.047440 1.042904 0.186682
v 0.046294 1.053456 0.189481
v 0.045288 1.062666 0.194118
v 0.044474 1.070064 0.200588
v 0.043902 1.075182 0.208846
v 0.043833 1.074545 0.241683
v 0.046772 1.046467 0.281031
v 0.050676 1.009770 0.305524
v 0.054161 0.977455 0.307602
v 0.044398 1.070102 0.231136
v 0.045216 1.062646 0.225629
v 0.046226 1.053368 0.222116
v 0.047376 1.042766 0.220108
v 0.048612 1.031341 0.219096
v 0.049885 1.019544 0.219383
v 0.051148 1.007788 0.221914
v 0.052355 0.996496 0.227383
v 0.052731 0.992993 0.227976
v 0.053197 0.988780 0.223688
v 0.060552 0.916419 0.306558
v 0.065061 0.873121 0.307790
v 0.056022 0.959865 0.308151
v 0.060445 0.916701 0.344948
v 0.055954 0.959865 0.341789
v 0.065532 0.867782 0.349840
v 0.075119 0.793934 0.314142
v 0.075202 0.791471 0.314331
v 0.074182 0.792091 0.356047
v 0.074067 0.795410 0.355915
v 0.076953 0.772422 0.315796
v 0.077522 0.761713 0.316619
v 0.076448 0.761713 0.357257
v 0.075675 0.775998 0.356688
v 0.079121 0.523413 0.444720
v 0.078515 0.521308 0.459212
v 0.079327 0.525606 0.441104
v 0.078127 0.535174 0.481956
v 0.078202 0.525765 0.471597
v 0.080050 0.516020 0.426065
v 0.079719 0.518656 0.437318
v 0.083513 0.602915 0.347491
v 0.083144 0.647812 0.334303
v 0.083559 0.574333 0.361352
v 0.079646 0.606341 0.452474
v 0.079672 0.593837 0.458351
v 0.079499 0.580082 0.470672
v 0.078335 0.580082 0.504404
v 0.077959 0.593440 0.508215
v 0.077381 0.605994 0.518278
v 0.077128 0.614815 0.520914
v 0.119019 0.654059 0.522554
v 0.077160 0.614542 0.520130
v 0.076148 0.640285 0.477467
v 0.078940 0.629921 0.460371
v 0.079575 0.607069 0.454130
v 0.081942 0.648912 0.368571
v 0.081833 0.655881 0.368008
v 0.082402 0.602996 0.379667
v 0.082459 0.574333 0.393239
v 0.055411 0.965638 0.308362
v 0.055335 0.965723 0.341360
v 0.066010 0.864455 0.308036
v 0.067278 0.852863 0.309072
v 0.067164 0.852863 0.351266
v 0.074713 0.798142 0.313819
v 0.072918 0.820523 0.311962
v 0.072864 0.809550 0.355352
v 0.071296 0.829168 0.353501
v 0.073732 0.798856 0.355778
v 0.078064 0.751598 0.317397
v 0.078206 0.748795 0.317928
v 0.076981 0.751950 0.357646
v 0.077366 0.744579 0.358601
v 0.079554 0.717099 0.323930
v 0.078576 0.717099 0.362164
v 0.080489 0.517710 0.414410
v 0.081291 0.527878 0.397622
v 0.083079 0.561890 0.367387
v 0.079368 0.526131 0.440238
v 0.079615 0.520078 0.441250
v 0.078125 0.535268 0.482059
v 0.078108 0.548287 0.490817
v 0.078185 0.563283 0.498109
v 0.078320 0.578772 0.504031
v 0.079448 0.579108 0.471545
v 0.079300 0.563507 0.465949
v 0.079212 0.548424 0.458906
v 0.079223 0.535356 0.450294
v 0.081983 0.561875 0.399138
v 0.080197 0.527835 0.429293
v 0.080494 0.698596 0.327434
v 0.083100 0.648727 0.334035
v 0.079537 0.698730 0.364545
v -0.182275 3.293554 0.155275
v -0.182229 3.292765 -0.118021
v 0.338368 1.168041 0.161716
v 0.078175 3.350685 0.155275
v 0.338413 1.167252 -0.111580
v 0.078220 3.349895 -0.118021
v -0.114077 3.432329 0.155167
v -0.164187 3.378684 -0.118129
v 0.066527 3.387177 -0.118129
v -0.060378 3.380678 0.155167
v -0.072891 3.478801 0.155167
v -0.086551 3.491043 -0.118129
v -0.062811 3.566488 -0.118129
v -0.017029 3.430190 0.155167
v -0.185712 3.597705 0.154984
v -0.151443 3.504991 -0.118129
v -0.128242 3.582914 -0.118129
v -0.119627 3.640933 0.155254
v -0.219867 3.646074 0.154831
v -0.255675 3.690818 -0.118432
v -0.211714 3.753122 -0.118433
v -0.157704 3.690358 0.155092
v -0.386409 3.797989 0.154590
v -0.311022 3.727230 -0.118642
v -0.268473 3.788894 -0.118641
v -0.213644 3.806483 0.154590
v -0.362432 4.036345 0.153784
v -0.362379 4.035556 -0.119511
v -0.227256 4.122920 -0.119511
v -0.227309 4.123709 0.153784
v -0.136176 3.809640 -0.118714
v -0.136229 3.810534 0.154582
v -0.149841 4.124138 -0.119519
v -0.149895 4.125031 0.153776
v -0.082502 3.818746 -0.118711
v -0.082555 3.819540 0.154584
v -0.096167 4.098286 -0.119516
v -0.096221 4.099080 0.153779
v -0.034133 3.858860 -0.118709
v -0.034186 3.859440 0.154587
v -0.047798 4.063115 -0.119514
v -0.047851 4.063694 0.153782
v 0.000775 3.950709 -0.118706
v 0.000758 3.950791 0.154589
v -0.000892 3.977240 -0.119512
v -0.000910 3.977322 0.153784
v -0.386383 3.836862 0.017942
v -0.362406 4.035951 0.017137
v -0.401308 3.936800 0.154187
v -0.401255 3.936012 -0.119109
v -0.401282 3.936406 0.017539
v -0.066743 3.254947 0.155512
v -0.066697 3.254158 -0.117784
v 0.087792 3.269600 -0.117784
v 0.087747 3.270389 0.155512
v -0.346007 3.680407 -0.118368
v -0.092998 3.688901 -0.118368
v -0.386356 3.797200 -0.118706
v -0.213591 3.805694 -0.118706
v -0.176907 3.470695 -0.118129
v 0.012615 3.479188 -0.118129
v -0.274622 3.597378 -0.118129
v -0.021613 3.605872 -0.118129
v -0.021691 3.606661 0.155166
v -0.274700 3.598167 0.155167
v -0.093076 3.689690 0.154928
v -0.346085 3.681196 0.154928
v 0.066450 3.387966 0.155167
v -0.164264 3.379472 0.155167
v 0.012556 3.479977 0.155167
v -0.176965 3.471483 0.155167
v -0.255569 3.690744 -0.125930
v -0.211608 3.753048 -0.125931
v -0.310916 3.727156 -0.126140
v -0.268368 3.788820 -0.126140
v -0.086427 3.491007 -0.125627
v -0.062687 3.566451 -0.125627
v -0.151319 3.504955 -0.125627
v -0.128119 3.582877 -0.125627
v -0.258433 3.714094 -0.130754
v -0.235340 3.746823 -0.130755
v -0.287507 3.733221 -0.130864
v -0.265156 3.765614 -0.130864
v -0.096251 3.512516 -0.130401
v -0.083780 3.552147 -0.130401
v -0.130340 3.519843 -0.130401
v -0.118152 3.560776 -0.130401
v -0.258348 3.714033 -0.153032
v -0.235255 3.746762 -0.153033
v -0.287422 3.733160 -0.153142
v -0.265071 3.765553 -0.153142
v -0.096639 3.512640 -0.152676
v -0.084168 3.552271 -0.152676
v -0.130727 3.519967 -0.152676
v -0.118540 3.560900 -0.152676
v -0.221466 3.687066 -0.159397
v -0.212097 3.726322 -0.161388
v -0.322441 3.758766 -0.159508
v -0.293151 3.783163 -0.161474
v -0.053749 3.498908 -0.159040
v -0.055297 3.540121 -0.160719
v -0.172520 3.533347 -0.159040
v -0.150774 3.568677 -0.160719
v -0.230298 3.693528 -0.270791
v -0.219545 3.731693 -0.270656
v -0.316237 3.754234 -0.270901
v -0.287475 3.779099 -0.270685
v -0.064723 3.502422 -0.270423
v -0.065011 3.543167 -0.270299
v -0.165786 3.531191 -0.270422
v -0.144441 3.566715 -0.270236
v -0.044006 3.536485 -0.194424
v -0.162888 3.572578 -0.194367
v -0.185857 3.537617 -0.194319
v -0.040588 3.494695 -0.194319
v -0.213629 3.681336 -0.196838
v -0.205280 3.721318 -0.196927
v -0.300631 3.788654 -0.196966
v -0.330248 3.764474 -0.196948
v -0.247505 3.706110 -0.294659
v -0.235970 3.743710 -0.292702
v -0.300196 3.742507 -0.294770
v -0.270560 3.766727 -0.292771
v -0.084979 3.508907 -0.294289
v -0.083921 3.549222 -0.292611
v -0.146883 3.525139 -0.294289
v -0.125593 3.560682 -0.292609
v -0.302318 3.792787 -0.159507
v -0.199772 3.720818 -0.159398
v -0.192239 3.715311 -0.196838
v -0.310609 3.798850 -0.196948
v -0.208311 3.727066 -0.270791
v -0.295647 3.787915 -0.270901
v -0.278577 3.775434 -0.294769
v -0.224871 3.739175 -0.294660
v -0.162465 3.574963 -0.159040
v -0.041783 3.538701 -0.159040
v -0.028781 3.534539 -0.194319
v -0.052652 3.542181 -0.270423
v -0.176470 3.579447 -0.194319
v -0.155285 3.572664 -0.270423
v -0.135396 3.566297 -0.294289
v -0.072673 3.548591 -0.294289
v -0.119644 3.640914 0.162476
v -0.185729 3.597686 0.162206
v -0.157721 3.690339 0.162315
v -0.219885 3.646055 0.162053
v -0.060470 3.380583 0.162388
v -0.114169 3.432235 0.162388
v -0.017121 3.430095 0.162388
v -0.072983 3.478706 0.162388
v -0.140400 3.642050 0.167797
v -0.179659 3.616369 0.167636
v -0.163020 3.671411 0.167701
v -0.199949 3.645103 0.167546
v -0.062881 3.400714 0.167794
v -0.094782 3.431398 0.167794
v -0.037130 3.430127 0.167794
v -0.070315 3.459005 0.167794
v -0.145838 3.642337 0.173175
v -0.178082 3.621246 0.173043
v -0.164416 3.666451 0.173096
v -0.194746 3.644845 0.172968
v -0.063557 3.405932 0.173193
v -0.089757 3.431133 0.173193
v -0.042407 3.430089 0.173193
v -0.069663 3.453807 0.173193
v -0.145879 3.642294 0.189867
v -0.178122 3.621203 0.189735
v -0.164457 3.666408 0.189788
v -0.194787 3.644802 0.189661
v -0.063770 3.405714 0.189883
v -0.089969 3.430914 0.189883
v -0.042620 3.429871 0.189883
v -0.069875 3.453588 0.189883
v -0.139364 3.624368 0.199654
v -0.160852 3.593993 0.197523
v -0.178690 3.681293 0.199597
v -0.211802 3.670117 0.197449
v -0.080612 3.394407 0.199212
v -0.114097 3.406632 0.197671
v -0.030288 3.448144 0.199212
v -0.048162 3.476443 0.197671
v -0.131895 3.612672 0.233226
v -0.152929 3.581622 0.233131
v -0.186286 3.692759 0.233225
v -0.219020 3.680959 0.233057
v -0.090054 3.384720 0.233274
v -0.125055 3.395374 0.233276
v -0.020971 3.457702 0.233331
v -0.038858 3.486002 0.233276
v -0.139425 3.623482 0.323189
v -0.160627 3.592855 0.323274
v -0.177465 3.678834 0.323177
v -0.210892 3.667927 0.323199
v -0.081380 3.393705 0.323262
v -0.115223 3.405475 0.323413
v -0.032441 3.445846 0.323307
v -0.050207 3.474342 0.323413
v -0.153666 3.645100 0.349133
v -0.176037 3.616303 0.351094
v -0.162253 3.655398 0.349102
v -0.196082 3.645047 0.351020
v -0.063860 3.411727 0.349690
v -0.094612 3.426651 0.351232
v -0.051835 3.425899 0.349692
v -0.070037 3.453969 0.351232
v -0.182653 3.694915 0.197579
v -0.128014 3.615602 0.197658
v -0.190672 3.706984 0.233187
v -0.120117 3.603271 0.233266
v -0.127788 3.614462 0.323408
v -0.181706 3.692668 0.323329
v -0.165299 3.667338 0.351150
v -0.143145 3.637830 0.351229
v -0.087042 3.381252 0.197671
v -0.017330 3.455352 0.197671
v -0.006676 3.466297 0.233276
v -0.097857 3.370142 0.233276
v -0.019435 3.453188 0.323413
v -0.088175 3.380089 0.323413
v -0.067852 3.400969 0.351232
v -0.041958 3.430049 0.351232
v 0.264643 1.163006 -0.111580
v -0.052005 3.321330 -0.118021
v 0.264597 1.163795 0.161716
v -0.052050 3.322119 0.155275
v -0.048830 3.382930 -0.118129
v -0.048907 3.383720 0.155167
v -0.082146 3.474941 -0.118129
v -0.082204 3.475730 0.155167
v -0.148118 3.601625 -0.118129
v -0.148195 3.602414 0.155167
v -0.219502 3.684654 -0.118368
v -0.219580 3.685443 0.154928
v -0.299974 3.801447 -0.118706
v -0.300027 3.802236 0.154590
v 0.010502 3.262668 0.155512
v 0.010548 3.261879 -0.117784
v -0.233694 3.721970 -0.118432
v -0.289748 3.758062 -0.118642
v -0.074681 3.528766 -0.118129
v -0.139843 3.543953 -0.118129
v -0.152669 3.619319 0.155119
v -0.188785 3.668216 0.154962
v -0.087227 3.406503 0.155167
v -0.044960 3.454495 0.155167
v -0.233588 3.721896 -0.125931
v -0.289642 3.757988 -0.126140
v -0.074557 3.528729 -0.125627
v -0.139719 3.543916 -0.125627
v -0.246886 3.730458 -0.130754
v -0.276331 3.749418 -0.130864
v -0.090016 3.532331 -0.130401
v -0.124246 3.540310 -0.130401
v -0.246801 3.730397 -0.153032
v -0.276246 3.749356 -0.153142
v -0.090403 3.532455 -0.152676
v -0.124633 3.540433 -0.152676
v -0.210619 3.703942 -0.159398
v -0.312379 3.775776 -0.159508
v -0.047766 3.518805 -0.159040
v -0.167492 3.554155 -0.159040
v -0.219304 3.710297 -0.270791
v -0.305942 3.771074 -0.270901
v -0.058688 3.522301 -0.270423
v -0.160535 3.551928 -0.270423
v -0.034685 3.514616 -0.194319
v -0.181163 3.558532 -0.194319
v -0.320428 3.781662 -0.196948
v -0.202934 3.698323 -0.196838
v -0.236188 3.722643 -0.294660
v -0.289387 3.758970 -0.294769
v -0.078826 3.528749 -0.294289
v -0.141140 3.545718 -0.294289
v -0.152687 3.619300 0.162341
v -0.188803 3.668197 0.162184
v -0.087319 3.406409 0.162388
v -0.045052 3.454401 0.162388
v -0.160030 3.629210 0.167716
v -0.181485 3.658257 0.167623
v -0.078832 3.416056 0.167794
v -0.053722 3.444566 0.167794
v -0.161960 3.631791 0.173109
v -0.179581 3.655648 0.173032
v -0.076657 3.418533 0.173193
v -0.056035 3.441948 0.173193
v -0.162001 3.631748 0.189801
v -0.179622 3.655605 0.189724
v -0.076870 3.418314 0.189883
v -0.056247 3.441729 0.189883
v -0.144433 3.604797 0.197591
v -0.197228 3.682516 0.197514
v -0.100570 3.393942 0.197671
v -0.032746 3.465898 0.197671
v -0.136523 3.592446 0.233198
v -0.204846 3.693971 0.233122
v -0.111456 3.382758 0.233276
v -0.022767 3.476150 0.233276
v -0.144208 3.603658 0.323341
v -0.196299 3.680298 0.323264
v -0.101699 3.392782 0.323413
v -0.034821 3.463765 0.323413
v -0.159591 3.627067 0.351162
v -0.180690 3.656192 0.351085
v -0.081232 3.413810 0.351232
v -0.055998 3.442009 0.351232
v 0.062087 2.206459 -0.114682
v 0.213103 2.218426 -0.114682
v 0.213057 2.219215 0.158614
v 0.062042 2.207248 0.158614
v 0.137595 2.212442 -0.114682
v 0.137550 2.213231 0.158614
vn -0.9797 0.2007 -0.0000
vn -0.9799 0.1989 -0.0155
vn 0.9799 -0.1989 -0.0155
vn 0.9799 -0.1989 0.0155
vn -0.0000 -0.1696 0.9855
vn -0.0000 0.9970 0.0777
vn -0.0000 -1.0000 -0.0000
vn -0.0000 0.9970 -0.0777
vn -0.0000 -0.1696 -0.9855
vn -0.9799 0.1989 0.0155
vn 0.9797 -0.2007 -0.0000
vn 0.9986 -0.0526 -0.0053
vn 0.9927 -0.1200 0.0093
vn 0.0964 -0.6628 0.7425
vn 0.9942 0.1074 -0.0023
vn -0.0230 -0.0390 -0.9990
vn 0.9946 0.1036 -0.0020
vn 0.0739 -0.4291 0.9002
vn 0.9996 0.0176 0.0203
vn 0.9983 0.0556 0.0202
vn 0.9994 -0.0219 0.0286
vn 0.9922 -0.1207 0.0309
vn 0.9967 -0.0808 -0.0081
vn 0.9967 -0.0811 -0.0081
vn 0.9995 -0.0178 -0.0262
vn 0.9976 0.0681 -0.0109
vn 0.9941 0.1084 0.0051
vn 0.9936 0.1108 0.0205
vn 0.9940 0.1045 0.0333
vn 0.9996 0.0290 -0.0003
vn 0.9950 0.1001 -0.0052
vn 0.9991 0.0355 -0.0239
vn -0.0344 0.0605 -0.9976
vn 0.9957 0.0868 -0.0338
vn 0.0314 0.9995 -0.0002
vn 0.9981 0.0551 -0.0264
vn -0.0460 -0.7365 -0.6749
vn 0.9965 0.0743 -0.0379
vn 0.9891 -0.1467 0.0075
vn 0.9948 -0.0997 0.0191
vn 0.9930 -0.1148 0.0291
vn 0.9929 -0.1178 -0.0172
vn 0.9892 -0.1462 0.0075
vn -0.0000 -0.9563 -0.2924
vn -0.0000 0.9598 -0.2807
vn -0.0000 0.5220 -0.8530
vn -0.0000 -0.8144 -0.5802
vn -0.0000 0.9317 -0.3631
vn -0.0000 -0.9651 0.2621
vn -0.0000 -0.5181 -0.8553
vn -0.0000 0.7048 -0.7094
vn -0.0000 0.7554 -0.6553
vn -0.0000 -0.4628 -0.8865
vn -0.0000 0.9761 0.2173
vn -0.0000 -0.1872 -0.9823
vn -0.0000 0.4823 -0.8760
vn -0.0000 -0.1966 -0.9805
vn -0.0000 0.8340 -0.5517
vn -0.0000 -0.0000 -1.0000
vn -0.0000 0.2168 -0.9762
vn -0.0000 0.4240 -0.9056
vn -0.0000 0.2502 -0.9682
vn -0.0000 0.0444 -0.9990
vn 0.6380 -0.3274 -0.6970
vn 0.5854 -0.2329 -0.7766
vn 0.7103 0.0081 -0.7038
vn 0.5952 -0.1770 -0.7838
vn 0.4851 0.2852 -0.8267
vn 0.4136 0.2395 -0.8784
vn 0.4826 0.0671 -0.8733
vn 0.6497 0.0148 -0.7600
vn 0.5762 0.1740 -0.7985
vn 0.2482 0.4288 -0.8686
vn 0.6966 0.1803 -0.6944
vn 0.7627 -0.0382 -0.6456
vn 0.3773 -0.7714 0.5124
vn 0.5300 -0.1949 -0.8253
vn 0.7421 0.3521 -0.5704
vn 0.8512 -0.1327 -0.5078
vn 0.7994 -0.5759 -0.1713
vn 0.5166 -0.4437 -0.7323
vn 0.7664 0.5084 -0.3926
vn -0.0064 0.7048 -0.7094
vn 0.9143 -0.1953 -0.3549
vn 0.1176 0.9583 -0.2606
vn 0.7705 0.6043 -0.2027
vn 0.9424 -0.3132 -0.1176
vn 0.5852 0.3903 -0.7107
vn 0.7677 0.6215 -0.1560
vn 0.9545 -0.2978 0.0177
vn 0.9513 -0.2966 -0.0835
vn 0.8354 -0.3570 -0.4180
vn -0.6578 0.3431 -0.6705
vn -0.2331 -0.1825 -0.9552
vn -0.0567 0.8309 -0.5536
vn -0.5388 0.0146 -0.8423
vn -0.5491 0.1692 -0.8184
vn -0.2548 0.3976 -0.8814
vn -0.4251 0.2419 -0.8722
vn -0.4348 -0.0050 -0.9005
vn -0.2873 0.0152 -0.9577
vn -0.2908 0.1781 -0.9401
vn -0.3799 0.3181 -0.8686
vn -0.2936 -0.2036 -0.9340
vn -0.4853 -0.0179 -0.8742
vn -0.2731 -0.2230 -0.9358
vn -0.2871 -0.3314 -0.8988
vn -0.5103 -0.6266 -0.5890
vn -0.7424 -0.6326 -0.2207
vn -0.0000 -0.7367 -0.6763
vn -0.0000 -0.3672 -0.9301
vn -0.0000 -0.2501 -0.9682
vn -0.0000 -0.0243 -0.9997
vn -0.0000 -0.2206 -0.9754
vn -0.0000 0.3383 -0.9410
vn -0.0000 0.2140 -0.9768
vn -0.9960 -0.0693 -0.0567
vn -0.9973 0.0181 -0.0719
vn -0.9886 0.1323 0.0714
vn -0.9737 0.2279 0.0063
vn -0.9942 0.0685 -0.0823
vn -0.9953 0.0553 -0.0792
vn -0.9959 0.0477 -0.0773
vn -0.9975 -0.0054 -0.0709
vn -0.9982 -0.0107 -0.0586
vn -0.9985 -0.0178 -0.0525
vn -0.9986 -0.0326 -0.0405
vn -0.9995 -0.0186 -0.0253
vn -0.7978 0.6027 0.0152
vn -0.9906 0.0997 -0.0933
vn -0.9954 -0.0108 -0.0947
vn -0.9943 0.0220 -0.1043
vn -0.9960 0.0007 -0.0889
vn -0.9941 0.0732 -0.0796
vn -0.9900 0.0362 -0.1366
vn -0.9892 0.0385 -0.1417
vn -0.9940 0.0672 0.0858
vn -0.9952 0.0560 -0.0802
vn -0.6054 -0.1427 -0.7830
vn 0.3261 0.9195 0.2194
vn -0.1296 -0.4469 -0.8851
vn -0.7350 0.4898 -0.4689
vn -0.2398 0.6784 -0.6945
vn -0.6830 -0.3687 -0.6305
vn 0.4345 -0.8583 0.2730
vn -0.7766 0.5740 -0.2595
vn -0.7261 -0.5454 -0.4186
vn -0.5060 0.4481 -0.7370
vn -0.7850 0.5885 -0.1936
vn -0.7531 -0.6576 -0.0224
vn -0.0854 -0.4539 -0.8870
vn -0.1636 -0.8692 -0.4665
vn -0.0684 -0.9977 -0.0015
vn 0.0138 -0.9364 -0.3507
vn 0.9889 0.1487 0.0005
vn -0.0005 -0.0158 -0.9999
vn -0.9979 -0.0143 -0.0634
vn -0.9955 -0.0723 -0.0618
vn -0.9957 -0.0693 0.0613
vn -0.9925 -0.1056 -0.0616
vn -0.0000 1.0000 -0.0000
vn 0.7629 0.6465 0.0034
vn -0.7981 0.6025 -0.0106
vn -0.9993 -0.0192 0.0311
vn -0.9984 -0.0326 0.0464
vn -0.9981 -0.0184 0.0585
vn -0.9978 -0.0120 0.0648
vn -0.9970 -0.0071 0.0775
vn -0.9953 0.0477 0.0842
vn -0.9948 0.0553 0.0860
vn -0.0686 -0.9976 0.0019
vn -0.7529 -0.6575 0.0282
vn -0.9963 -0.0425 -0.0747
vn -0.9942 -0.0263 -0.1044
vn -0.9935 -0.0027 -0.1138
vn -0.9935 0.0248 -0.1108
vn -0.9933 0.0537 -0.1024
vn -0.9908 0.0997 -0.0918
vn -0.9939 0.0747 -0.0812
vn 0.9544 -0.2976 -0.0255
vn 0.9970 -0.0743 0.0229
vn 0.9974 -0.0625 0.0346
vn 0.9989 -0.0475 -0.0038
vn 0.9968 -0.0758 -0.0245
vn 0.9974 -0.0673 -0.0245
vn 0.9988 -0.0327 -0.0370
vn 0.0737 -0.4267 0.9014
vn 0.9992 0.0183 -0.0345
vn 0.0383 -0.0955 0.9947
vn 0.4409 -0.8851 0.1488
vn -0.0529 -0.5495 -0.8338
vn 0.9157 0.4013 -0.0211
vn 0.9113 -0.4118 -0.0002
vn 0.9352 0.3047 0.1802
vn 0.9114 0.3800 0.1579
vn 0.9159 0.4012 0.0090
vn 0.9118 -0.3854 0.1415
vn 0.8675 -0.3132 0.3865
vn 0.8968 0.3236 0.3017
vn 0.9115 -0.3704 0.1788
vn 0.6276 -0.7516 0.2028
vn 0.9607 0.0498 0.2731
vn 0.4190 -0.6321 0.6518
vn 0.9139 -0.2777 0.2961
vn 0.7450 0.2326 0.6252
vn 0.8703 0.4897 0.0527
vn 0.9496 -0.0080 0.3135
vn 0.9154 -0.1578 0.3704
vn 0.7851 0.0882 0.6130
vn 0.3015 0.7964 -0.5242
vn 0.9337 -0.0630 0.3526
vn 0.9246 -0.0339 0.3795
vn 0.6463 -0.2678 0.7145
vn 0.8665 -0.1590 0.4732
vn 0.9008 0.0139 0.4341
vn 0.7851 0.0195 0.6191
vn 0.7679 -0.0572 0.6380
vn 0.8199 -0.1894 0.5403
vn 0.8455 0.0947 0.5255
vn 0.9247 0.0612 0.3757
vn 0.8325 0.0760 0.5488
vn 0.8472 0.1194 0.5177
vn 0.9990 -0.0450 -0.0044
vn 0.9987 -0.0506 -0.0053
vn 0.9944 0.1053 -0.0020
vn 0.0535 -0.2341 0.9707
vn 0.9940 0.1090 -0.0027
vn 0.0353 -0.0693 0.9970
vn 0.9964 0.0817 -0.0219
vn -0.0556 -0.4222 -0.9048
vn 0.9851 0.1720 -0.0027
vn 0.0365 -0.0799 0.9961
vn 0.9981 0.0555 -0.0264
vn -0.0567 -0.3366 -0.9399
vn 0.9986 0.0473 -0.0255
vn 0.0317 -0.0368 0.9988
vn 0.9994 0.0207 0.0286
vn 0.9990 -0.0323 0.0311
vn 0.9979 -0.0631 0.0176
vn 0.9923 -0.1239 0.0026
vn 0.9993 -0.0329 -0.0188
vn 0.9997 0.0154 -0.0188
vn 0.9993 0.0279 -0.0261
vn 0.9983 0.0571 -0.0123
vn 0.9976 0.0698 -0.0003
vn 0.9977 0.0662 0.0120
vn 0.9986 0.0508 0.0166
vn 0.9950 0.1000 -0.0052
vn 0.9950 0.0977 -0.0216
vn -0.0324 -0.9154 -0.4013
vn 0.0315 0.9995 -0.0000
vn 0.9954 0.0932 -0.0230
vn -0.0349 0.6678 -0.7435
vn 0.9964 0.0742 -0.0403
vn 0.9892 -0.1455 -0.0180
vn 0.9933 -0.1157 0.0026
vn 0.9955 -0.0927 0.0181
vn 0.9888 -0.1480 -0.0198
vn 0.9934 -0.1140 0.0093
vn 0.6361 -0.3246 -0.7000
vn 0.5789 -0.2311 -0.7819
vn 0.7085 -0.0038 -0.7057
vn 0.5894 -0.1752 -0.7886
vn 0.4693 0.2830 -0.8365
vn 0.4146 0.2399 -0.8778
vn 0.5032 0.0746 -0.8610
vn 0.6488 0.0153 -0.7608
vn 0.5834 0.1754 -0.7931
vn -0.2407 -0.4265 0.8719
vn 0.6976 0.1797 -0.6936
vn 0.7802 -0.0273 -0.6250
vn 0.3789 -0.7703 0.5129
vn 0.5387 -0.1902 -0.8208
vn 0.7424 0.3517 -0.5702
vn 0.8675 -0.1098 -0.4852
vn 0.7920 -0.5831 -0.1810
vn 0.5194 -0.4421 -0.7313
vn 0.7647 0.5104 -0.3933
vn 0.9195 -0.1865 -0.3459
vn -0.1213 -0.9582 0.2591
vn 0.7672 0.6087 -0.2025
vn 0.9512 -0.2869 -0.1133
vn 0.5984 0.3908 -0.6994
vn 0.7674 0.6219 -0.1559
vn 0.9564 -0.2912 0.0203
vn 0.9577 -0.2758 -0.0825
vn 0.8413 -0.3592 -0.4040
vn -0.6580 0.3413 -0.6713
vn -0.2370 -0.1901 -0.9527
vn -0.0563 0.8302 -0.5546
vn -0.5453 0.0295 -0.8378
vn -0.5489 0.1701 -0.8184
vn -0.2563 0.3993 -0.8803
vn -0.4230 0.2383 -0.8742
vn -0.4323 0.0079 -0.9017
vn -0.2824 0.0118 -0.9592
vn -0.2920 0.1792 -0.9395
vn -0.3755 0.3122 -0.8727
vn -0.2912 -0.1933 -0.9369
vn -0.4856 -0.0135 -0.8741
vn -0.2723 -0.2210 -0.9365
vn -0.2869 -0.3322 -0.8985
vn -0.5076 -0.6121 -0.6064
vn -0.7529 -0.6149 -0.2347
vn -0.9974 -0.0107 -0.0719
vn -0.9944 0.0621 0.0858
vn -0.9951 0.0586 -0.0802
vn -0.9866 0.1503 -0.0641
vn -0.9956 -0.0033 -0.0941
vn -0.9950 0.0134 -0.0994
vn -0.9856 -0.1485 -0.0805
vn -0.9946 0.0589 0.0860
vn -0.9953 0.0558 -0.0792
vn -0.9959 0.0463 -0.0773
vn -0.9973 0.0182 -0.0708
vn -0.9973 0.0437 -0.0585
vn -0.9984 0.0203 -0.0525
vn -0.9990 0.0204 -0.0406
vn -0.9992 0.0300 -0.0253
vn -0.9993 0.0344 -0.0133
vn -0.9941 0.0338 -0.1032
vn -0.9925 -0.0722 -0.0992
vn -0.9963 0.0008 -0.0865
vn -0.9925 0.0904 -0.0822
vn -0.9905 0.0245 -0.1350
vn -0.9917 0.0935 0.0879
vn -0.9963 0.0357 -0.0785
vn -0.6113 -0.1208 -0.7821
vn 0.3219 0.9174 0.2340
vn -0.1302 -0.4485 -0.8842
vn -0.7368 0.4851 -0.4710
vn -0.2410 0.6735 -0.6987
vn -0.6974 -0.3367 -0.6327
vn 0.4256 -0.8574 0.2893
vn -0.7785 0.5697 -0.2636
vn -0.7421 -0.5140 -0.4302
vn -0.5150 0.4293 -0.7419
vn -0.7854 0.5871 -0.1959
vn -0.7500 -0.6609 -0.0274
vn -0.0000 0.9317 -0.3632
vn 0.0120 -0.8146 -0.5799
vn -0.0680 -0.9977 -0.0019
vn -0.0654 -0.9536 -0.2938
vn 0.9890 0.1479 0.0005
vn 0.0020 -0.0620 -0.9981
vn -0.9977 -0.0198 -0.0648
vn -0.9951 -0.0766 -0.0632
vn -0.9970 -0.0092 0.0768
vn -0.9941 -0.0929 -0.0566
vn 0.7653 0.6436 0.0051
vn -0.7971 0.6039 -0.0078
vn -0.9992 0.0344 0.0190
vn -0.9991 0.0300 0.0311
vn -0.9987 0.0204 0.0464
vn -0.9981 0.0202 0.0585
vn -0.9969 0.0436 0.0648
vn -0.9969 0.0169 0.0775
vn -0.9953 0.0470 0.0842
vn -0.0680 -0.9977 0.0024
vn -0.7518 -0.6587 0.0301
vn -0.9868 -0.1579 -0.0361
vn -0.9905 -0.1153 -0.0743
vn -0.9939 -0.0341 -0.1044
vn -0.9927 0.0391 -0.1137
vn -0.9899 0.0894 -0.1104
vn -0.9932 0.0555 -0.1024
vn -0.9953 0.0290 -0.0922
vn 0.9547 -0.2963 -0.0260
vn 0.9994 -0.0343 0.0098
vn 0.9987 -0.0450 0.0230
vn 0.9851 -0.1623 0.0569
vn 0.9850 -0.1726 -0.0037
vn 0.9920 -0.1207 -0.0368
vn 0.9992 -0.0219 -0.0345
vn 0.9992 -0.0218 -0.0345
vn -0.0358 0.0733 -0.9967
vn -0.0572 -0.2645 -0.9627
vn 0.9981 0.0555 -0.0255
vn 0.9130 0.4072 -0.0244
vn 0.9076 -0.4197 0.0040
vn 0.9353 0.3052 0.1791
vn 0.8950 0.4066 0.1836
vn 0.9097 0.4149 0.0169
vn 0.9106 -0.3874 0.1439
vn 0.8625 -0.3104 0.3997
vn 0.9526 0.2461 0.1789
vn 0.9077 -0.3765 0.1854
vn 0.6282 -0.7513 0.2021
vn 0.9362 0.1213 0.3300
vn 0.4064 -0.6437 0.6484
vn 0.9119 -0.2797 0.3003
vn 0.7492 0.2344 0.6195
vn 0.8684 0.4918 0.0632
vn 0.9478 0.0205 0.3181
vn 0.9149 -0.1576 0.3716
vn 0.7759 0.0822 0.6254
vn -0.2982 -0.8005 0.5199
vn 0.9307 -0.0467 0.3629
vn 0.9130 -0.0555 0.4042
vn 0.6563 -0.2711 0.7041
vn 0.8713 -0.1681 0.4610
vn 0.9033 0.0206 0.4286
vn 0.7868 0.0186 0.6169
vn 0.7618 -0.0546 0.6455
vn 0.8360 -0.2039 0.5094
vn 0.8589 0.1133 0.4994
vn 0.9243 0.0421 0.3794
vn 0.8481 0.0881 0.5224
vn 0.8481 0.1330 0.5128
vn 0.9965 0.0696 -0.0473
vn 0.0353 -0.0692 0.9970
vn -0.0018 -0.9881 0.1540
vn 0.0410 -0.1196 0.9920
vn -0.0480 0.1835 -0.9818
vn -0.0303 0.0251 -0.9992
vn 0.1638 -0.9838 0.0727
vn -0.0583 0.2788 -0.9586
vn 0.1556 -0.9287 0.3365
vn -0.0420 0.1289 -0.9908
vn -0.0360 0.0754 -0.9965
vn -0.0371 0.0849 -0.9957
vn 0.0787 -0.8218 -0.5644
vn 0.0364 -0.0786 0.9962
vn 0.0378 -0.0910 0.9951
vn 0.1037 -0.9637 -0.2458
vn 0.0417 -0.1263 0.9911
vn 0.1156 -0.9906 0.0733
vn 0.1164 -0.9343 0.3371
vn -0.0365 0.0797 -0.9961
vn 0.1088 -0.8107 0.5753
vn 0.0858 -0.5489 0.8315
vn 0.0319 -0.0387 0.9987
vn 0.0378 -0.0909 0.9951
vn 0.0317 -0.0372 0.9988
vn -0.1404 0.8333 -0.5347
vn -0.0822 0.4757 -0.8758
vn -0.0506 0.2838 -0.9576
vn 0.0024 0.9896 -0.1438
vn -0.0196 0.0969 -0.9951
vn 0.0095 -0.0780 -0.9969
vn -0.0201 0.8554 -0.5177
vn -0.0368 0.0826 -0.9959
vn 0.0385 -0.2523 -0.9669
vn 0.0374 -0.0874 0.9955
vn 0.0704 -0.4424 -0.8940
vn -0.0360 0.0747 -0.9966
vn 0.1051 -0.6481 -0.7543
vn 0.1374 -0.8377 -0.5286
vn 0.1587 -0.9592 -0.2338
vn -0.1633 0.9837 0.0750
vn -0.1084 0.8054 -0.5828
vn 0.0318 -0.0380 0.9988
vn 0.0458 0.7396 0.6715
vn -0.0856 0.5468 -0.8329
vn 0.0291 0.9408 0.3378
vn -0.0343 0.0604 -0.9976
vn 0.0318 -0.0381 0.9988
vn -0.0481 0.1839 -0.9818
vn -0.1046 0.9676 0.2297
vn -0.1335 0.8150 0.5639
vn -0.0585 0.2809 -0.9579
vn -0.0944 0.5848 0.8057
vn -0.0546 0.3484 0.9358
vn 0.0418 -0.1266 0.9911
vn -0.0270 0.1832 0.9827
vn -0.1166 0.9835 -0.1382
vn -0.0745 0.4350 -0.8973
vn -0.0110 0.0871 0.9961
vn -0.1118 0.8523 -0.5109
vn -0.0465 0.4248 -0.9041
vn 0.0074 -0.0235 0.9997
vn -0.0965 0.6641 -0.7414
vn -0.0349 0.6671 -0.7442
vn 0.0378 -0.2065 0.9777
vn -0.0748 0.4375 -0.8961
vn 0.0744 -0.4282 0.9006
vn -0.0201 0.8553 -0.5178
vn 0.0571 0.2754 0.9596
vn 0.0307 -0.1636 0.9860
vn 0.0458 -0.1629 0.9856
vn 0.0506 0.6261 0.7781
vn -0.1143 0.7024 0.7026
vn -0.0978 0.9350 0.3408
vn 0.0571 0.2873 0.9561
vn 0.0458 0.7398 0.6713
vn 0.0562 -0.0183 0.9983
vn -0.1625 0.9739 -0.1587
vn 0.0527 0.5574 0.8286
vn -0.0564 -0.0015 -0.9984
vn -0.0358 0.0732 -0.9967
vn 0.0554 0.4364 0.8980
vn 0.0201 -0.8558 0.5169
vn 0.0317 -0.0367 0.9988
vn 0.0565 0.3561 0.9327
vn -0.0381 -0.8573 -0.5135
vn -0.0304 0.0253 -0.9992
vn 0.0571 0.2732 0.9603
vn -0.9969 0.0181 0.0768
vn 0.0315 -0.9995 -0.0002
vn 0.0317 -0.9995 -0.0000
vn -0.9941 0.0650 0.0872
vn -0.9935 0.0722 0.0882
vn -0.9937 0.0685 0.0883
vn -0.7295 0.6840 0.0039
vn -0.8801 -0.4747 0.0044
vn -0.8778 -0.4791 0.0047
vn -0.9867 -0.1579 0.0395
vn -0.9960 -0.0436 0.0779
vn -0.9903 -0.1153 0.0774
vn -0.9939 -0.0268 0.1074
vn -0.9936 -0.0341 0.1074
vn -0.9931 -0.0012 0.1172
vn -0.9924 0.0391 0.1171
vn -0.9930 0.0284 0.1149
vn -0.9894 0.0894 0.1145
vn -0.9926 0.0568 0.1073
vn -0.9903 0.0996 0.0966
vn -0.9927 0.0554 0.1073
vn -0.9935 0.0746 0.0855
vn -0.9949 0.0270 0.0971
vn -0.7139 0.7002 0.0046
vn -0.9872 -0.1350 0.0850
vn -0.9962 -0.0865 0.0062
vn -0.9975 -0.0143 0.0692
vn -0.9971 -0.0250 0.0720
vn -0.9952 -0.0723 0.0660
vn -0.9943 -0.0812 0.0689
vn -0.9938 -0.0929 0.0612
vn -0.9923 -0.1048 0.0658
vn 0.9805 0.1966 -0.0050
vn 0.9991 -0.0343 -0.0230
vn 0.9970 -0.0692 -0.0344
vn 0.9984 -0.0450 -0.0345
vn 0.9974 -0.0575 -0.0428
vn 0.9845 -0.1622 -0.0661
vn 0.9990 -0.0444 -0.0040
vn 0.9850 -0.1726 -0.0039
vn 0.9973 -0.0719 0.0176
vn 0.9926 0.1216 -0.0053
vn 0.9982 0.0600 -0.0044
vn 0.9988 0.0498 -0.0024
vn 0.9986 -0.0526 0.0053
vn 0.9927 -0.1200 -0.0093
vn 0.0964 -0.6628 -0.7425
vn 0.9942 0.1074 0.0023
vn -0.0230 -0.0390 0.9990
vn 0.9946 0.1036 0.0020
vn 0.0739 -0.4291 -0.9002
vn 0.9996 0.0176 -0.0203
vn 0.9983 0.0556 -0.0202
vn 0.9994 -0.0219 -0.0286
vn 0.9922 -0.1207 -0.0309
vn 0.9967 -0.0808 0.0081
vn 0.9967 -0.0811 0.0081
vn 0.9995 -0.0178 0.0262
vn 0.9976 0.0681 0.0109
vn 0.9941 0.1084 -0.0051
vn 0.9936 0.1108 -0.0205
vn 0.9940 0.1045 -0.0333
vn 0.9996 0.0290 0.0003
vn 0.9950 0.1001 0.0052
vn 0.9991 0.0355 0.0239
vn -0.0344 0.0605 0.9976
vn 0.9957 0.0868 0.0338
vn 0.0314 0.9995 0.0002
vn 0.9981 0.0551 0.0264
vn -0.0460 -0.7365 0.6749
vn 0.9965 0.0743 0.0379
vn 0.9891 -0.1467 -0.0075
vn 0.9948 -0.0997 -0.0191
vn 0.9930 -0.1148 -0.0291
vn 0.9929 -0.1178 0.0172
vn 0.9892 -0.1462 -0.0075
vn -0.0000 -0.9563 0.2924
vn -0.0000 0.9598 0.2807
vn -0.0000 0.5220 0.8530
vn -0.0000 -0.8144 0.5802
vn -0.0000 0.9317 0.3631
vn -0.0000 -0.9651 -0.2621
vn -0.0000 -0.5181 0.8553
vn -0.0000 0.7048 0.7094
vn -0.0000 0.7554 0.6553
vn -0.0000 -0.4628 0.8865
vn -0.0000 0.9761 -0.2173
vn -0.0000 -0.1872 0.9823
vn -0.0000 0.4823 0.8760
vn -0.0000 -0.1966 0.9805
vn -0.0000 0.8340 0.5517
vn -0.0000 -0.0000 1.0000
vn -0.0000 0.2168 0.9762
vn -0.0000 0.4240 0.9056
vn -0.0000 0.2502 0.9682
vn -0.0000 0.0444 0.9990
vn 0.6380 -0.3274 0.6970
vn 0.5854 -0.2329 0.7766
vn 0.7104 0.0081 0.7038
vn 0.5952 -0.1770 0.7838
vn 0.4851 0.2852 0.8267
vn 0.4136 0.2395 0.8784
vn 0.4826 0.0671 0.8733
vn 0.6497 0.0148 0.7600
vn 0.5762 0.1740 0.7985
vn 0.2482 0.4288 0.8686
vn 0.6966 0.1803 0.6944
vn 0.7627 -0.0382 0.6456
vn 0.3773 -0.7714 -0.5124
vn 0.5300 -0.1949 0.8253
vn 0.7421 0.3521 0.5704
vn 0.8512 -0.1327 0.5078
vn 0.7994 -0.5759 0.1713
vn 0.5166 -0.4437 0.7323
vn 0.7664 0.5084 0.3926
vn -0.0064 0.7048 0.7094
vn 0.9143 -0.1953 0.3549
vn 0.1176 0.9583 0.2606
vn 0.7705 0.6043 0.2027
vn 0.9424 -0.3132 0.1176
vn 0.5852 0.3903 0.7107
vn 0.7677 0.6215 0.1560
vn 0.9545 -0.2978 -0.0177
vn 0.9513 -0.2966 0.0835
vn 0.8354 -0.3570 0.4180
vn -0.6578 0.3431 0.6705
vn -0.2331 -0.1825 0.9552
vn -0.0567 0.8309 0.5536
vn -0.5388 0.0146 0.8423
vn -0.5491 0.1692 0.8184
vn -0.2548 0.3976 0.8814
vn -0.4251 0.2419 0.8722
vn -0.4348 -0.0050 0.9005
vn -0.2873 0.0152 0.9577
vn -0.2908 0.1781 0.9401
vn -0.3799 0.3181 0.8686
vn -0.2936 -0.2036 0.9340
vn -0.4853 -0.0179 0.8742
vn -0.2731 -0.2230 0.9358
vn -0.2871 -0.3314 0.8988
vn -0.5103 -0.6266 0.5890
vn -0.7424 -0.6326 0.2207
vn -0.0000 -0.7367 0.6763
vn -0.0000 -0.3672 0.9301
vn -0.0000 -0.2501 0.9682
vn -0.0000 -0.0243 0.9997
vn -0.0000 -0.2206 0.9754
vn -0.0000 0.3383 0.9410
vn -0.0000 0.2140 0.9768
vn -0.9960 -0.0693 0.0567
vn -0.9973 0.0181 0.0719
vn -0.9886 0.1323 -0.0714
vn -0.9737 0.2279 -0.0063
vn -0.9942 0.0686 0.0823
vn -0.9953 0.0553 0.0792
vn -0.9959 0.0477 0.0773
vn -0.9975 -0.0054 0.0709
vn -0.9982 -0.0107 0.0586
vn -0.9985 -0.0178 0.0525
vn -0.9986 -0.0326 0.0405
vn -0.9995 -0.0186 0.0253
vn -0.7978 0.6027 -0.0152
vn -0.9906 0.0997 0.0933
vn -0.9954 -0.0108 0.0947
vn -0.9943 0.0220 0.1043
vn -0.9960 0.0007 0.0889
vn -0.9941 0.0732 0.0796
vn -0.9900 0.0362 0.1366
vn -0.9892 0.0385 0.1417
vn -0.9940 0.0672 -0.0858
vn -0.9952 0.0560 0.0802
vn -0.6054 -0.1427 0.7830
vn 0.3261 0.9195 -0.2194
vn -0.1296 -0.4469 0.8851
vn -0.7350 0.4898 0.4689
vn -0.2398 0.6784 0.6945
vn -0.6830 -0.3687 0.6305
vn 0.4345 -0.8583 -0.2730
vn -0.7766 0.5740 0.2595
vn -0.7261 -0.5454 0.4186
vn -0.5060 0.4481 0.7370
vn -0.7850 0.5885 0.1936
vn -0.7531 -0.6576 0.0224
vn -0.0854 -0.4539 0.8870
vn -0.1636 -0.8692 0.4665
vn -0.0684 -0.9977 0.0015
vn 0.0138 -0.9364 0.3507
vn 0.9889 0.1487 -0.0005
vn -0.0005 -0.0158 0.9999
vn -0.9979 -0.0143 0.0634
vn -0.9955 -0.0723 0.0618
vn -0.9957 -0.0693 -0.0613
vn -0.9925 -0.1056 0.0616
vn 0.7629 0.6465 -0.0034
vn -0.7981 0.6025 0.0106
vn -0.9993 -0.0192 -0.0311
vn -0.9984 -0.0326 -0.0464
vn -0.9981 -0.0184 -0.0585
vn -0.9978 -0.0120 -0.0648
vn -0.9970 -0.0071 -0.0775
vn -0.9953 0.0477 -0.0842
vn -0.9948 0.0553 -0.0860
vn -0.0686 -0.9976 -0.0019
vn -0.7529 -0.6575 -0.0282
vn -0.9963 -0.0425 0.0747
vn -0.9942 -0.0263 0.1044
vn -0.9935 -0.0027 0.1138
vn -0.9935 0.0248 0.1108
vn -0.9933 0.0537 0.1024
vn -0.9908 0.0997 0.0918
vn -0.9939 0.0747 0.0812
vn 0.9544 -0.2976 0.0255
vn 0.9970 -0.0743 -0.0229
vn 0.9974 -0.0625 -0.0346
vn 0.9989 -0.0475 0.0038
vn 0.9968 -0.0758 0.0245
vn 0.9974 -0.0673 0.0245
vn 0.9988 -0.0327 0.0370
vn 0.0737 -0.4267 -0.9014
vn 0.9992 0.0183 0.0345
vn 0.0383 -0.0955 -0.9947
vn 0.9871 0.1411 0.0757
vn -0.0529 -0.5495 0.8338
vn 0.9157 0.4013 0.0211
vn 0.9113 -0.4118 0.0002
vn 0.9352 0.3047 -0.1802
vn 0.9114 0.3800 -0.1579
vn 0.9159 0.4012 -0.0090
vn 0.9118 -0.3854 -0.1415
vn 0.8675 -0.3132 -0.3865
vn 0.8968 0.3236 -0.3017
vn 0.9115 -0.3704 -0.1788
vn 0.6277 -0.7516 -0.2028
vn 0.9607 0.0498 -0.2731
vn 0.4190 -0.6321 -0.6518
vn 0.9139 -0.2777 -0.2961
vn 0.7450 0.2326 -0.6252
vn 0.8703 0.4897 -0.0527
vn 0.9496 -0.0080 -0.3135
vn 0.9154 -0.1578 -0.3704
vn 0.7851 0.0882 -0.6130
vn 0.3015 0.7964 0.5242
vn 0.9337 -0.0630 -0.3526
vn 0.9246 -0.0339 -0.3795
vn 0.6463 -0.2678 -0.7145
vn 0.8665 -0.1590 -0.4732
vn 0.9008 0.0139 -0.4341
vn 0.7851 0.0195 -0.6191
vn 0.7679 -0.0572 -0.6380
vn 0.8199 -0.1894 -0.5403
vn 0.8455 0.0947 -0.5255
vn 0.9247 0.0612 -0.3757
vn 0.8325 0.0760 -0.5488
vn 0.8472 0.1194 -0.5177
vn 0.9990 -0.0450 0.0044
vn 0.9987 -0.0506 0.0053
vn 0.9944 0.1053 0.0020
vn 0.0535 -0.2341 -0.9707
vn 0.9940 0.1090 0.0027
vn 0.0353 -0.0693 -0.9970
vn 0.9964 0.0817 0.0219
vn -0.0556 -0.4222 0.9048
vn 0.9851 0.1720 0.0027
vn 0.0365 -0.0799 -0.9961
vn 0.9981 0.0555 0.0264
vn -0.0567 -0.3366 0.9399
vn 0.9986 0.0473 0.0255
vn 0.0317 -0.0368 -0.9988
vn 0.9994 0.0207 -0.0286
vn 0.9990 -0.0323 -0.0311
vn 0.9979 -0.0631 -0.0176
vn 0.9923 -0.1239 -0.0026
vn 0.9993 -0.0329 0.0188
vn 0.9997 0.0154 0.0188
vn 0.9993 0.0279 0.0261
vn 0.9983 0.0571 0.0123
vn 0.9976 0.0698 0.0003
vn 0.9977 0.0662 -0.0120
vn 0.9986 0.0508 -0.0166
vn 0.9950 0.1000 0.0052
vn 0.9950 0.0977 0.0216
vn -0.0324 -0.9154 0.4014
vn 0.9954 0.0932 0.0230
vn -0.0349 0.6678 0.7435
vn 0.9964 0.0742 0.0403
vn 0.9892 -0.1455 0.0180
vn 0.9933 -0.1157 -0.0026
vn 0.9955 -0.0927 -0.0181
vn 0.9888 -0.1480 0.0198
vn 0.9934 -0.1140 -0.0093
vn 0.6361 -0.3246 0.7000
vn 0.5789 -0.2311 0.7819
vn 0.7085 -0.0038 0.7057
vn 0.5894 -0.1752 0.7886
vn 0.4693 0.2830 0.8365
vn 0.4146 0.2399 0.8778
vn 0.5032 0.0746 0.8610
vn 0.6488 0.0153 0.7608
vn 0.5834 0.1754 0.7931
vn -0.2407 -0.4265 -0.8719
vn 0.6976 0.1797 0.6936
vn 0.7802 -0.0273 0.6250
vn 0.3789 -0.7703 -0.5129
vn 0.5387 -0.1902 0.8208
vn 0.7424 0.3517 0.5702
vn 0.8675 -0.1098 0.4852
vn 0.7920 -0.5831 0.1810
vn 0.5194 -0.4421 0.7313
vn 0.7647 0.5104 0.3933
vn 0.9195 -0.1865 0.3459
vn -0.1213 -0.9582 -0.2591
vn 0.7672 0.6087 0.2025
vn 0.9512 -0.2869 0.1133
vn 0.5984 0.3908 0.6994
vn 0.7674 0.6219 0.1559
vn 0.9564 -0.2912 -0.0203
vn 0.9577 -0.2758 0.0825
vn 0.8413 -0.3592 0.4040
vn -0.6580 0.3413 0.6713
vn -0.2370 -0.1901 0.9527
vn -0.0563 0.8302 0.5546
vn -0.5453 0.0295 0.8378
vn -0.5489 0.1701 0.8184
vn -0.2563 0.3993 0.8803
vn -0.4230 0.2383 0.8742
vn -0.4323 0.0079 0.9017
vn -0.2824 0.0118 0.9592
vn -0.2920 0.1792 0.9395
vn -0.3755 0.3122 0.8727
vn -0.2912 -0.1933 0.9369
vn -0.4856 -0.0135 0.8741
vn -0.2723 -0.2210 0.9365
vn -0.2869 -0.3322 0.8985
vn -0.5076 -0.6121 0.6064
vn -0.7529 -0.6149 0.2347
vn -0.9974 -0.0107 0.0719
vn -0.9944 0.0621 -0.0858
vn -0.9951 0.0586 0.0802
vn -0.9866 0.1503 0.0641
vn -0.9956 -0.0033 0.0941
vn -0.9950 0.0134 0.0994
vn -0.9856 -0.1485 0.0805
vn -0.9946 0.0589 -0.0860
vn -0.9953 0.0558 0.0792
vn -0.9959 0.0463 0.0773
vn -0.9973 0.0182 0.0708
vn -0.9973 0.0437 0.0585
vn -0.9984 0.0203 0.0525
vn -0.9990 0.0204 0.0406
vn -0.9992 0.0300 0.0253
vn -0.9993 0.0344 0.0133
vn -0.9941 0.0338 0.1032
vn -0.9925 -0.0722 0.0992
vn -0.9963 0.0008 0.0865
vn -0.9925 0.0904 0.0822
vn -0.9905 0.0245 0.1350
vn -0.9917 0.0936 -0.0879
vn -0.9963 0.0357 0.0785
vn -0.6113 -0.1208 0.7821
vn 0.3219 0.9174 -0.2340
vn -0.1302 -0.4485 0.8842
vn -0.7368 0.4851 0.4710
vn -0.2410 0.6735 0.6987
vn -0.6974 -0.3367 0.6327
vn 0.4256 -0.8574 -0.2893
vn -0.7785 0.5697 0.2636
vn -0.7421 -0.5140 0.4302
vn -0.5150 0.4293 0.7419
vn -0.7854 0.5871 0.1959
vn -0.7500 -0.6609 0.0274
vn -0.0000 0.9317 0.3632
vn 0.0120 -0.8146 0.5799
vn -0.0680 -0.9977 0.0019
vn -0.0654 -0.9536 0.2938
vn 0.9890 0.1479 -0.0005
vn 0.0020 -0.0620 0.9981
vn -0.9977 -0.0198 0.0648
vn -0.9951 -0.0766 0.0632
vn -0.9970 -0.0092 -0.0768
vn -0.9941 -0.0929 0.0566
vn 0.7653 0.6436 -0.0051
vn -0.7971 0.6039 0.0078
vn -0.9992 0.0344 -0.0190
vn -0.9991 0.0300 -0.0311
vn -0.9987 0.0204 -0.0464
vn -0.9981 0.0202 -0.0585
vn -0.9969 0.0436 -0.0648
vn -0.9969 0.0169 -0.0775
vn -0.9953 0.0470 -0.0842
vn -0.0680 -0.9977 -0.0024
vn -0.7518 -0.6587 -0.0301
vn -0.9868 -0.1579 0.0361
vn -0.9905 -0.1153 0.0743
vn -0.9939 -0.0341 0.1044
vn -0.9927 0.0391 0.1137
vn -0.9899 0.0894 0.1104
vn -0.9932 0.0555 0.1024
vn -0.9953 0.0290 0.0922
vn 0.9547 -0.2963 0.0260
vn 0.9994 -0.0343 -0.0098
vn 0.9987 -0.0450 -0.0230
vn 0.9851 -0.1623 -0.0569
vn 0.9850 -0.1726 0.0037
vn 0.9920 -0.1207 0.0368
vn 0.9992 -0.0219 0.0345
vn -0.0358 0.0733 0.9967
vn -0.0572 -0.2645 0.9627
vn 0.9981 0.0555 0.0255
vn 0.9130 0.4072 0.0244
vn 0.9076 -0.4197 -0.0040
vn 0.9353 0.3052 -0.1791
vn 0.8950 0.4066 -0.1836
vn 0.9097 0.4149 -0.0169
vn 0.9106 -0.3874 -0.1439
vn 0.8625 -0.3104 -0.3997
vn 0.9526 0.2461 -0.1789
vn 0.9077 -0.3765 -0.1854
vn 0.6282 -0.7513 -0.2021
vn 0.9362 0.1213 -0.3300
vn 0.4064 -0.6437 -0.6484
vn 0.9119 -0.2797 -0.3003
vn 0.7492 0.2344 -0.6195
vn 0.8684 0.4918 -0.0632
vn 0.9478 0.0205 -0.3181
vn 0.9149 -0.1576 -0.3716
vn 0.7759 0.0822 -0.6254
vn -0.2982 -0.8005 -0.5199
vn 0.9307 -0.0467 -0.3629
vn 0.9130 -0.0555 -0.4042
vn 0.6563 -0.2711 -0.7041
vn 0.8713 -0.1681 -0.4610
vn 0.9033 0.0206 -0.4286
vn 0.7868 0.0186 -0.6169
vn 0.7618 -0.0546 -0.6455
vn 0.8360 -0.2039 -0.5094
vn 0.8589 0.1133 -0.4994
vn 0.9243 0.0421 -0.3794
vn 0.8481 0.0881 -0.5224
vn 0.8481 0.1330 -0.5128
vn 0.9993 0.0382 -0.0007
vn 0.0353 -0.0692 -0.9970
vn 0.1117 -0.8520 -0.5114
vn 0.0410 -0.1197 -0.9920
vn -0.0480 0.1835 0.9818
vn -0.0303 0.0251 0.9992
vn 0.1638 -0.9838 -0.0727
vn -0.0583 0.2788 0.9586
vn 0.1556 -0.9288 -0.3365
vn -0.0420 0.1289 0.9908
vn -0.0360 0.0754 0.9965
vn -0.0371 0.0849 0.9957
vn 0.0787 -0.8217 0.5644
vn 0.0364 -0.0786 -0.9962
vn 0.0378 -0.0910 -0.9951
vn 0.1037 -0.9637 0.2458
vn 0.0417 -0.1263 -0.9911
vn 0.1156 -0.9906 -0.0733
vn 0.1164 -0.9343 -0.3371
vn -0.0365 0.0797 0.9961
vn 0.1088 -0.8107 -0.5753
vn 0.0858 -0.5489 -0.8315
vn 0.0319 -0.0387 -0.9987
vn 0.0410 -0.1196 -0.9920
vn 0.0378 -0.0909 -0.9951
vn 0.0317 -0.0372 -0.9988
vn -0.1404 0.8333 0.5347
vn -0.0822 0.4757 0.8758
vn -0.0506 0.2838 0.9576
vn 0.0024 0.9896 0.1438
vn -0.0196 0.0969 0.9951
vn 0.0095 -0.0780 0.9969
vn -0.0201 0.8554 0.5176
vn -0.0368 0.0826 0.9959
vn 0.0385 -0.2523 0.9669
vn 0.0374 -0.0874 -0.9955
vn 0.0704 -0.4424 0.8940
vn -0.0360 0.0747 0.9966
vn 0.1051 -0.6481 0.7543
vn 0.1374 -0.8377 0.5286
vn 0.1587 -0.9592 0.2338
vn -0.1164 0.9343 0.3370
vn -0.1084 0.8054 0.5828
vn 0.0318 -0.0380 -0.9988
vn 0.0458 0.7396 -0.6715
vn -0.0856 0.5468 0.8329
vn 0.0291 0.9408 -0.3378
vn -0.0343 0.0604 0.9976
vn 0.0318 -0.0381 -0.9988
vn -0.0481 0.1839 0.9818
vn -0.1046 0.9676 -0.2297
vn -0.1335 0.8150 -0.5639
vn -0.0585 0.2809 0.9579
vn -0.0944 0.5847 -0.8057
vn -0.0546 0.3484 -0.9358
vn 0.0418 -0.1266 -0.9911
vn -0.0270 0.1832 -0.9827
vn -0.1166 0.9835 0.1382
vn -0.0745 0.4350 0.8973
vn -0.0110 0.0871 -0.9961
vn -0.1118 0.8523 0.5109
vn -0.0465 0.4248 0.9041
vn 0.0074 -0.0235 -0.9997
vn -0.0965 0.6641 0.7414
vn -0.0349 0.6671 0.7442
vn 0.0378 -0.2065 -0.9777
vn -0.0748 0.4375 0.8961
vn 0.0744 -0.4283 -0.9006
vn -0.0201 0.8553 0.5177
vn 0.0571 0.2754 -0.9596
vn 0.0307 -0.1636 -0.9860
vn 0.0460 0.7364 -0.6750
vn 0.0506 0.6261 -0.7781
vn -0.1143 0.7024 -0.7026
vn -0.0978 0.9350 -0.3409
vn 0.0571 0.2873 -0.9561
vn 0.0458 0.7401 -0.6709
vn 0.0562 -0.0183 -0.9983
vn -0.1625 0.9739 0.1587
vn 0.0527 0.5574 -0.8286
vn -0.0564 -0.0015 0.9984
vn -0.0358 0.0732 0.9967
vn 0.0554 0.4364 -0.8980
vn 0.0201 -0.8558 -0.5169
vn 0.0317 -0.0367 -0.9988
vn 0.0565 0.3561 -0.9327
vn -0.0381 -0.8573 0.5135
vn -0.0304 0.0253 0.9992
vn 0.0571 0.2732 -0.9602
vn -0.9969 0.0181 -0.0768
vn 0.0315 -0.9995 0.0002
vn -0.9941 0.0650 -0.0872
vn -0.9935 0.0722 -0.0882
vn -0.9937 0.0685 -0.0883
vn -0.7295 0.6840 -0.0039
vn -0.8801 -0.4747 -0.0044
vn -0.8778 -0.4791 -0.0047
vn -0.9867 -0.1579 -0.0395
vn -0.9960 -0.0436 -0.0779
vn -0.9903 -0.1153 -0.0774
vn -0.9939 -0.0268 -0.1074
vn -0.9936 -0.0341 -0.1074
vn -0.9931 -0.0012 -0.1172
vn -0.9924 0.0391 -0.1171
vn -0.9930 0.0283 -0.1149
vn -0.9894 0.0894 -0.1145
vn -0.9926 0.0568 -0.1073
vn -0.9903 0.0996 -0.0966
vn -0.9927 0.0554 -0.1073
vn -0.9935 0.0746 -0.0855
vn -0.9949 0.0270 -0.0971
vn -0.7139 0.7002 -0.0046
vn -0.9872 -0.1350 -0.0850
vn -0.9962 -0.0865 -0.0062
vn -0.9975 -0.0143 -0.0692
vn -0.9971 -0.0250 -0.0720
vn -0.9952 -0.0723 -0.0660
vn -0.9943 -0.0812 -0.0689
vn -0.9938 -0.0929 -0.0612
vn -0.9923 -0.1048 -0.0658
vn 0.9805 0.1966 0.0050
vn 0.9991 -0.0343 0.0230
vn 0.9970 -0.0692 0.0344
vn 0.9984 -0.0450 0.0345
vn 0.9974 -0.0575 0.0428
vn 0.9845 -0.1622 0.0661
vn 0.9990 -0.0444 0.0040
vn 0.9850 -0.1726 0.0039
vn 0.9973 -0.0719 -0.0176
vn 0.9926 0.1216 0.0053
vn 0.9982 0.0600 0.0044
vn 0.9988 0.0498 0.0024
vn -0.0230 -0.0391 -0.9990
vn 0.7114 0.6892 0.1373
vn 0.9871 0.1411 -0.0757
vn 0.9276 0.1313 -0.3498
vn 0.6796 -0.7195 0.1430
vn 0.6390 -0.6518 0.4085
vn 0.9981 0.0555 -0.0263
vn 0.9992 -0.0217 -0.0344
vn 0.9981 0.0556 -0.0255
vn 0.9922 0.1235 -0.0145
vn 0.9942 0.1074 -0.0024
vn 0.6521 -0.7075 -0.2724
vn 0.9993 0.0382 0.0007
vn 0.9847 -0.0199 -0.1729
vn 0.9990 0.0425 -0.0112
vn 0.9968 0.0163 -0.0780
vn 0.1117 -0.8520 0.5114
vn 0.0410 -0.1197 0.9920
vn -0.0583 0.2787 -0.9586
vn 0.1556 -0.9288 0.3365
vn 0.0173 -0.1249 -0.9920
vn -0.0822 0.4757 -0.8757
vn -0.0201 0.8554 -0.5176
vn -0.1164 0.9343 -0.3370
vn -0.0944 0.5847 0.8057
vn 0.0744 -0.4283 0.9006
vn -0.0201 0.8553 -0.5177
vn 0.0460 0.7364 0.6750
vn -0.0978 0.9350 0.3409
vn 0.0458 0.7401 0.6709
vn 0.0571 0.2732 0.9602
vn -0.0230 -0.0391 0.9990
vn 0.9276 0.1313 0.3498
vn 0.7114 0.6892 -0.1373
vn 0.4409 -0.8851 -0.1488
vn 0.6796 -0.7195 -0.1430
vn 0.6390 -0.6518 -0.4085
vn 0.9981 0.0555 0.0263
vn -0.0324 -0.9154 0.4013
vn 0.9992 -0.0218 0.0345
vn 0.9992 -0.0218 0.0344
vn 0.9922 0.1235 0.0145
vn 0.9942 0.1074 0.0024
vn 0.9847 -0.0199 0.1729
vn 0.6522 -0.7075 0.2724
vn 0.9965 0.0696 0.0473
vn 0.9968 0.0163 0.0780
vn 0.9990 0.0425 0.0112
vn -0.0018 -0.9881 -0.1540
vn -0.0583 0.2787 0.9586
vn 0.1556 -0.9287 -0.3365
vn 0.0173 -0.1250 0.9920
vn -0.0822 0.4757 0.8757
vn -0.0505 0.2838 0.9576
vn -0.0201 0.8554 0.5177
vn -0.1633 0.9837 -0.0750
vn -0.0944 0.5848 -0.8057
vn 0.0744 -0.4282 -0.9006
vn -0.0201 0.8553 0.5178
vn 0.0458 -0.1629 -0.9856
vn -0.0978 0.9350 -0.3408
vn 0.0458 0.7398 -0.6713
vn 0.0571 0.2732 -0.9603
vn 0.9942 0.1073 0.0023
vn -0.3169 -0.9484 0.0027
vn 0.0003 -0.0029 -1.0000
vn 0.9930 0.1184 -0.0002
vn -0.0004 0.0036 1.0000
vn 0.0575 -0.9983 0.0029
vn 0.9539 0.3000 -0.0006
vn -0.9906 -0.1369 0.0001
vn -0.9787 0.2055 -0.0008
vn -0.0001 0.0018 1.0000
vn 0.0001 -0.0018 -1.0000
vn 0.2435 0.9699 -0.0008
vn -0.8169 -0.5768 -0.0035
vn 0.8629 0.5054 -0.0013
vn 0.7583 0.6519 -0.0017
vn 0.9653 0.2610 -0.0005
vn -0.7918 -0.6108 0.0016
vn -0.0001 0.0028 1.0000
vn -0.7583 -0.6519 0.0017
vn 0.6563 0.7543 0.0183
vn 0.0001 -0.0028 -1.0000
vn 0.0005 0.0038 1.0000
vn -0.5496 -0.8354 0.0005
vn 0.6958 0.7183 -0.0019
vn -0.9411 -0.3252 -0.0927
vn -0.5429 0.8398 -0.0025
vn 0.0001 -0.0029 -1.0000
vn 0.0001 0.0025 1.0000
vn -0.9315 0.3638 -0.0012
vn 0.0005 -0.0029 -1.0000
vn -0.0157 0.9999 -0.0033
vn -0.0000 -0.0026 -1.0000
vn 0.0523 -0.9986 0.0029
vn 0.0021 0.0030 1.0000
vn 0.4339 0.9009 -0.0025
vn 0.0012 0.0026 1.0000
vn 0.1655 -0.9862 0.0029
vn 0.0629 0.0342 0.9974
vn 0.6363 -0.7714 0.0018
vn 0.0031 -0.0037 -1.0000
vn 0.5881 0.8088 -0.0016
vn 0.9980 0.0627 -0.0000
vn 0.9340 -0.3573 0.0002
vn 0.0089 -0.0033 -1.0000
vn 0.8776 0.4794 -0.0001
vn -0.9938 -0.1066 0.0307
vn -0.9890 -0.1480 0.0002
vn -0.0002 0.0029 1.0000
vn 0.0002 -0.0029 -1.0000
vn -0.9925 -0.1220 0.0002
vn 0.0016 -0.0011 -1.0000
vn -0.0027 -0.0038 -1.0000
vn -0.0023 -0.0053 -1.0000
vn -0.0001 0.0019 1.0000
vn 0.0026 0.0053 1.0000
vn 0.0021 0.0046 1.0000
vn 0.1397 0.2161 -0.9663
vn -0.2763 0.0823 -0.9576
vn 0.8170 -0.5764 0.0172
vn -0.9583 0.2853 -0.0172
vn 0.5332 0.8460 -0.0009
vn -0.8230 0.5678 -0.0173
vn -0.2101 -0.9777 0.0013
vn 0.9537 -0.3001 0.0172
vn 0.9537 -0.3001 -0.0183
vn -0.2101 -0.9777 -0.0018
vn -0.2355 0.1625 -0.9582
vn -0.0513 -0.2387 -0.9697
vn 0.2755 -0.0867 -0.9574
vn -0.1389 -0.2167 -0.9663
vn 0.2385 -0.1683 -0.9564
vn 0.0593 0.2362 -0.9699
vn 0.5687 0.8105 0.1401
vn -0.1342 0.0400 0.9901
vn -0.5496 -0.8354 0.0002
vn 0.8171 -0.5765 0.0047
vn 0.2435 0.9699 0.0012
vn -0.9583 0.2853 0.0183
vn 0.5332 0.8460 -0.0003
vn -0.8231 0.5679 -0.0047
vn 0.2842 0.9587 -0.0050
vn 0.8066 -0.5288 -0.2642
vn -0.1159 0.0800 0.9900
vn -0.2733 -0.9426 0.1918
vn 0.1343 -0.0422 0.9900
vn -0.5762 -0.8113 0.0986
vn 0.1149 -0.0811 0.9901
vn 0.2854 0.9497 0.1290
vn 0.7149 -0.2217 -0.6631
vn -0.2737 -0.9614 -0.0289
vn -0.9325 0.2361 -0.2732
vn 0.5723 0.8200 -0.0042
vn -0.8293 0.5070 -0.2350
vn -0.2833 -0.9590 -0.0075
vn 0.9084 -0.2758 -0.3144
vn -0.5805 -0.8143 -0.0034
vn 0.8924 -0.2684 0.3628
vn -0.2785 -0.9604 0.0108
vn -0.9007 0.2176 0.3760
vn 0.2905 0.9569 0.0063
vn -0.5790 -0.8153 0.0036
vn -0.8320 0.4921 0.2562
vn 0.5768 0.8168 0.0048
vn 0.8154 -0.5241 0.2460
vn 0.0014 -0.0009 -1.0000
vn -0.5769 -0.8167 -0.0147
vn 0.6207 -0.4249 -0.6589
vn 0.2650 0.9636 -0.0366
vn -0.7329 0.2046 -0.6488
vn 0.5722 0.8199 -0.0210
vn -0.6344 0.4165 -0.6512
vn 0.3506 0.4984 -0.7929
vn 0.4182 0.9070 -0.0493
vn 0.7189 0.6937 -0.0442
vn 0.3808 0.9230 0.0562
vn 0.7142 0.6988 0.0412
vn 0.3181 0.4805 0.8172
vn 0.3999 0.8965 0.1907
vn 0.7214 0.6728 0.1641
vn 0.1592 0.5298 -0.8330
vn 0.0800 0.9946 0.0655
vn 0.4653 0.8828 -0.0652
vn 0.1270 0.9894 -0.0699
vn 0.4510 0.8913 0.0461
vn 0.1360 0.4944 0.8585
vn 0.0838 0.9774 0.1942
vn 0.4724 0.8662 0.1626
vn -0.2365 0.3266 0.9151
vn -0.2692 -0.1871 0.9447
vn -0.5802 0.8145 0.0007
vn -0.7484 0.6633 -0.0009
vn -0.6931 -0.7206 -0.0183
vn 0.7922 0.6103 0.0036
vn 0.7524 -0.6587 0.0010
vn 0.5474 -0.8369 -0.0008
vn -0.6520 -0.4585 0.6038
vn 0.5512 0.6334 0.5432
vn -0.2528 0.2240 0.9412
vn -0.2691 -0.2797 0.9216
vn 0.2535 0.1984 0.9468
vn 0.2165 -0.3367 0.9164
vn 0.2540 -0.2224 0.9413
vn 0.2502 0.2876 0.9245
vn 0.7922 0.6103 0.0035
vn -0.6931 -0.7206 -0.0182
vn -0.4996 0.6983 0.5127
vn -0.6047 0.5360 0.5891
vn -0.5919 -0.6153 0.5206
vn 0.6276 0.4855 0.6086
vn 0.4686 -0.7197 0.5123
vn 0.6075 -0.5319 0.5900
vn -0.1528 -0.1629 -0.9747
vn -0.7411 0.6568 0.1389
vn 0.7524 -0.6587 0.0009
vn 0.6563 0.7542 0.0182
vn -0.8310 -0.5562 0.0009
vn 0.4862 0.7940 -0.3649
vn 0.7630 0.5887 0.2672
vn 0.1316 -0.1951 -0.9719
vn 0.7406 -0.6484 0.1765
vn 0.1289 0.1884 -0.9736
vn -0.8138 -0.5744 0.0889
vn -0.1509 0.1825 -0.9716
vn 0.7291 -0.6844 -0.0020
vn 0.5441 -0.8256 0.1491
vn -0.6309 0.6890 -0.3567
vn -0.7270 0.6866 0.0056
vn -0.6229 -0.6715 -0.4014
vn 0.8272 0.5618 0.0117
vn 0.5103 -0.7711 -0.3808
vn 0.7262 -0.6874 0.0058
vn -0.4709 -0.5017 0.7257
vn -0.7429 0.6683 -0.0401
vn 0.5133 0.8383 0.1838
vn -0.8326 -0.5539 -0.0050
vn -0.6665 0.7251 0.1732
vn -0.7246 0.6892 -0.0021
vn -0.6721 -0.7245 0.1533
vn 0.8241 0.5664 0.0009
vn -0.0040 -0.0003 1.0000
vn 0.7634 0.6363 -0.1111
vn 0.3853 -0.5900 0.7095
vn 0.7609 -0.6457 -0.0641
vn 0.3857 0.5611 0.7324
vn -0.8197 -0.5718 -0.0339
vn -0.4538 0.5316 0.7152
vn 0.3359 0.2330 0.9126
vn 0.9492 0.2930 0.1145
vn 0.6203 0.7733 0.1314
vn 0.6234 0.7807 -0.0439
vn 0.9548 0.2933 -0.0482
vn 0.3652 0.2718 -0.8904
vn 0.9167 0.2823 -0.2827
vn 0.5869 0.7497 -0.3058
vn 0.2350 -0.2200 0.9468
vn 0.5125 -0.8518 0.1085
vn 0.8865 -0.4473 0.1185
vn 0.4913 -0.8694 -0.0519
vn 0.8808 -0.4715 -0.0426
vn 0.2588 -0.2305 -0.9380
vn 0.8520 -0.4285 -0.3008
vn 0.4088 -0.8470 -0.3398
vn -0.4422 0.5178 0.7323
vn 0.3728 0.5423 0.7529
vn 0.3850 -0.5895 0.7101
vn -0.0040 -0.0002 1.0000
vn -0.6719 -0.7243 0.1545
vn -0.6655 0.7240 0.1812
vn 0.5123 0.8366 0.1942
vn -0.4691 -0.4998 0.7281
vn 0.5102 -0.7709 -0.3814
vn -0.6222 -0.6707 -0.4036
vn -0.6265 0.6843 -0.3730
vn 0.5441 -0.8256 0.1493
vn -0.1440 0.1743 -0.9741
vn 0.1216 0.1778 -0.9765
vn 0.1320 -0.1945 -0.9720
vn 0.4817 0.7867 -0.3860
vn -0.1518 -0.1619 -0.9751
vn 0.4686 -0.7196 0.5123
vn 0.5512 0.6334 0.5431
vn -0.6428 0.4220 -0.6393
vn -0.7408 0.2067 -0.6391
vn 0.6259 -0.4285 -0.6516
vn 0.8163 -0.5247 0.2414
vn -0.8336 0.4931 0.2490
vn -0.9038 0.2184 0.3681
vn 0.8931 -0.2686 0.3609
vn 0.9089 -0.2759 -0.3128
vn -0.8308 0.5079 -0.2277
vn -0.9344 0.2366 -0.2664
vn 0.7167 -0.2222 -0.6610
vn 0.1171 -0.0826 0.9897
vn 0.1350 -0.0425 0.9899
vn -0.1195 0.0825 0.9894
vn 0.8076 -0.5295 -0.2597
vn -0.1376 0.0410 0.9896
vn -0.8230 0.5678 -0.0172
vn 0.0001 -0.0025 1.0000
vn 0.0001 -0.0023 1.0000
vn 0.0002 -0.0046 -1.0000
vn 0.0003 -0.0087 -1.0000
vn -0.0003 0.0013 1.0000
vn -0.0003 0.0029 1.0000
vn 0.0004 -0.0036 -1.0000
vn 0.0790 -0.9969 0.0029
vn -0.9928 -0.1202 0.0002
vn 0.0007 -0.0032 -1.0000
vn -0.0008 0.0037 1.0000
vn 0.9542 0.2993 -0.0007
vn -0.9906 -0.1367 0.0002
vn -0.9787 0.2052 -0.0009
vn -0.0006 0.0027 1.0000
vn 0.0003 -0.0013 -1.0000
vn 0.2435 0.9699 -0.0007
vn 0.8628 0.5055 -0.0012
vn 0.9654 0.2608 -0.0005
vn -0.7918 -0.6108 0.0015
vn -0.0001 0.0029 1.0000
vn -0.0016 0.0025 1.0000
vn 0.6957 0.7183 -0.0019
vn -0.9411 -0.3248 0.0941
vn -0.9682 -0.2502 0.0004
vn 0.0016 -0.0025 -1.0000
vn -0.0005 -0.0038 -1.0000
vn -0.0000 0.0026 1.0000
vn -0.0012 -0.0026 -1.0000
vn -0.0171 0.9998 -0.0029
vn -0.0001 -0.0025 -1.0000
vn 0.0509 -0.9987 0.0033
vn -0.0031 0.0037 1.0000
vn 0.4353 0.9003 -0.0029
vn -0.0005 0.0029 1.0000
vn 0.1673 -0.9859 0.0033
vn -0.0088 0.0034 1.0000
vn 0.6384 -0.7697 0.0024
vn -0.0021 -0.0030 -1.0000
vn 0.5904 0.8071 -0.0022
vn 0.9348 -0.3553 0.0009
vn -0.0626 -0.0342 -0.9975
vn 0.8786 0.4775 -0.0008
vn -0.9938 -0.1068 -0.0306
vn -0.0000 -0.0010 -1.0000
vn -0.0000 -0.0009 -1.0000
vn -0.0000 -0.0058 -1.0000
vn 0.0004 -0.0052 -1.0000
vn -0.0020 0.0093 -1.0000
vn -0.0024 0.0093 -1.0000
vn 0.0027 0.0052 1.0000
vn 0.4843 0.7661 -0.4226
vn -0.1332 0.0322 0.9906
vn 0.2905 0.9569 0.0038
vn 0.8152 -0.5133 -0.2684
vn -0.1182 0.0699 0.9905
vn -0.1741 -0.8101 -0.5598
vn 0.1340 -0.0403 0.9902
vn -0.5188 -0.7905 -0.3256
vn 0.1163 -0.0747 0.9904
vn 0.2223 0.8856 -0.4077
vn 0.7144 -0.2169 -0.6652
vn -0.2534 -0.9663 0.0443
vn -0.9368 0.2102 -0.2795
vn 0.5768 0.8168 0.0033
vn -0.8426 0.4814 -0.2416
vn -0.2738 -0.9618 0.0090
vn 0.9097 -0.2696 -0.3159
vn -0.5770 -0.8168 0.0038
vn 0.8928 -0.2646 0.3646
vn -0.2833 -0.9590 -0.0089
vn -0.9012 0.2022 0.3834
vn 0.2865 0.9580 -0.0074
vn -0.5805 -0.8143 -0.0031
vn -0.8377 0.4786 0.2630
vn 0.5742 0.8187 -0.0052
vn 0.8193 -0.5158 0.2504
vn 0.0014 -0.0010 -1.0000
vn -0.5682 -0.8226 0.0223
vn 0.6241 -0.4092 -0.6656
vn 0.2842 0.9586 0.0193
vn -0.7301 0.1849 -0.6578
vn 0.5535 0.8319 0.0410
vn -0.6396 0.3910 -0.6619
vn 0.3468 0.4934 -0.7977
vn 0.4139 0.9090 -0.0486
vn 0.7140 0.6987 -0.0449
vn 0.4175 0.9071 0.0535
vn 0.7322 0.6798 0.0426
vn 0.3501 0.5209 0.7785
vn 0.3752 0.9053 0.1989
vn 0.7083 0.6882 0.1570
vn 0.1524 0.5097 -0.8467
vn 0.1262 0.9902 0.0599
vn 0.4502 0.8905 -0.0655
vn 0.1128 0.9912 -0.0692
vn 0.4798 0.8760 0.0490
vn 0.1536 0.5440 0.8249
vn 0.0799 0.9774 0.1955
vn 0.4695 0.8680 0.1614
vn -0.7484 0.6633 -0.0008
vn 0.5474 -0.8369 -0.0009
vn -0.6521 -0.4585 0.6038
vn -0.4996 0.6983 0.5126
vn -0.6048 0.5360 0.5890
vn 0.6276 0.4855 0.6087
vn 0.4687 -0.7197 0.5123
vn -0.1558 -0.1620 -0.9744
vn -0.7225 0.6824 -0.1107
vn -0.8325 -0.5539 -0.0072
vn 0.5297 0.7743 -0.3463
vn 0.8142 0.5608 -0.1501
vn 0.1324 -0.1951 -0.9718
vn 0.7229 -0.6801 -0.1222
vn 0.1576 0.1811 -0.9708
vn -0.8268 -0.5535 -0.1003
vn -0.1408 0.2034 -0.9689
vn 0.7262 -0.6874 0.0020
vn 0.5431 -0.8264 0.1488
vn -0.6081 0.7166 -0.3415
vn -0.7246 0.6892 -0.0051
vn -0.6273 -0.6687 -0.3992
vn 0.8227 0.5684 -0.0079
vn 0.5095 -0.7719 -0.3803
vn 0.7299 -0.6835 -0.0078
vn -0.4782 -0.4982 0.7233
vn -0.7271 0.6864 0.0162
vn 0.5577 0.8113 0.1752
vn -0.8309 -0.5564 -0.0016
vn -0.6381 0.7518 0.1662
vn -0.7271 0.6865 0.0024
vn -0.6764 -0.7207 0.1522
vn 0.8272 0.5618 0.0059
vn -0.0039 -0.0003 1.0000
vn 0.8238 0.5662 0.0284
vn 0.3842 -0.5915 0.7089
vn 0.7290 -0.6843 0.0186
vn 0.4540 0.5330 0.7140
vn -0.8309 -0.5563 0.0087
vn -0.4212 0.5776 0.6992
vn 0.3430 0.2372 0.9089
vn 0.9492 0.2932 0.1145
vn 0.6182 0.7750 0.1313
vn 0.6126 0.7892 -0.0435
vn 0.9545 0.2942 -0.0482
vn 0.2808 0.2314 -0.9315
vn 0.9164 0.2841 -0.2818
vn 0.5816 0.7529 -0.3081
vn 0.2441 -0.2297 0.9421
vn 0.4930 -0.8634 0.1072
vn 0.8753 -0.4685 0.1197
vn 0.5144 -0.8560 -0.0517
vn 0.8938 -0.4465 -0.0416
vn 0.2308 -0.1957 -0.9531
vn 0.8705 -0.3696 -0.3251
vn 0.4697 -0.8274 -0.3080
vn -0.4104 0.5626 0.7177
vn 0.4386 0.5149 0.7366
vn 0.3839 -0.5910 0.7095
vn -0.0039 -0.0002 1.0000
vn -0.6763 -0.7205 0.1533
vn -0.6372 0.7507 0.1743
vn 0.5567 0.8097 0.1857
vn -0.4764 -0.4964 0.7257
vn 0.5094 -0.7717 -0.3808
vn -0.6266 -0.6680 -0.4014
vn -0.6040 0.7119 -0.3583
vn 0.5431 -0.8263 0.1491
vn -0.1339 0.1937 -0.9719
vn 0.1480 0.1701 -0.9743
vn 0.5249 0.7674 -0.3681
vn -0.1548 -0.1610 -0.9747
vn 0.4686 -0.7196 0.5124
vn -0.5802 0.8145 0.0006
vn -0.6481 0.3962 -0.6504
vn -0.7380 0.1869 -0.6484
vn 0.6293 -0.4126 -0.6586
vn 0.8203 -0.5164 0.2459
vn -0.8394 0.4795 0.2558
vn -0.9043 0.2029 0.3756
vn 0.8935 -0.2648 0.3627
vn 0.9102 -0.2697 -0.3143
vn -0.8441 0.4822 -0.2344
vn -0.9387 0.2107 -0.2727
vn 0.7163 -0.2175 -0.6631
vn 0.1185 -0.0761 0.9900
vn 0.1348 -0.0405 0.9900
vn -0.1217 0.0720 0.9899
vn 0.8162 -0.5139 -0.2639
vn -0.1365 0.0330 0.9901
vn 0.2386 -0.1683 -0.9564
vn -0.0025 -0.0024 1.0000
vn -0.0051 0.0015 1.0000
vn 0.6563 0.7542 0.0183
vn 0.0004 -0.0018 -1.0000
vn -0.0007 0.0032 1.0000
vn 0.0008 -0.0037 -1.0000
vt 0.000000 0.500000
vt 1.000000 1.000000
vt 1.000000 0.500000
vt 1.000000 0.000000
vt 0.000000 0.000000
vt 0.000000 1.000000
vt 0.625000 0.628136
vt 0.625000 0.500000
vt 0.625000 0.625000
vt 0.375000 0.547430
vt 0.375000 0.553250
vt 0.375000 0.534104
vt 0.375000 0.539673
vt 0.375000 0.561729
vt 0.375000 0.534408
vt 0.375000 0.534740
vt 0.375000 0.541326
vt 0.375000 0.625000
vt 0.375000 0.534858
vt 0.375000 0.500000
vt 0.375000 0.529177
vt 0.375000 0.554389
vt 0.375000 0.626358
vt 0.375000 0.625000
vt 0.375000 0.626478
vt 0.375000 0.626250
vt 0.375000 0.626179
vt 0.375000 0.624771
vt 0.185961 0.330598
vt 0.128851 0.171802
vt 0.375000 0.535796
vt 0.255780 0.397879
vt 0.375000 0.583333
vt 0.375000 0.559517
vt 0.375000 0.551669
vt 0.375000 0.545058
vt 0.375000 0.543117
vt 0.375000 0.500000
vt 0.625000 0.500000
vt 0.375000 0.500000
vt 0.375000 0.500000
vt 0.625000 0.500000
vt 0.625000 0.500000
vt 0.375000 0.500000
vt 0.625000 0.500000
vt 0.625000 0.500000
vt 0.375000 0.500000
vt 0.375000 0.500000
vt 0.625000 0.625000
vt 0.625000 0.500000
vt 0.375000 0.628320
vt 0.375000 0.625000
vt 0.375000 0.627812
vt 0.375000 0.627455
vt 0.375000 0.628677
vt 0.625000 0.625000
vt 0.625000 0.625000
vt 0.625000 0.637511
vt 0.375000 0.583333
vt 0.375000 0.500000
vt 0.607498 0.607498
vt 0.375000 0.625000
vt 0.189528 0.294821
vt 0.375000 0.625000
vt 0.625000 0.629083
vt 0.625000 0.632059
vt 0.625000 0.629339
vt 0.625000 0.629339
vt 0.625000 0.628187
vt 0.625000 0.628187
vt 0.625000 0.627876
vt 0.625000 0.627876
vt 0.625000 0.627724
vt 0.625000 0.627859
vt 0.375000 0.629315
vt 0.375000 0.629316
vt 0.375000 0.630197
vt 0.375000 0.629316
vt 0.375000 0.625000
vt 0.375000 0.629529
vt 0.375000 0.629325
vt 0.375000 0.539334
vt 0.375000 0.541798
vt 0.375000 0.555019
vt 0.375000 0.548053
vt 0.375000 0.547557
vt 0.375000 0.545881
vt 0.375000 0.561235
vt 0.375000 0.560665
vt 0.375000 0.553600
vt 0.375000 0.535725
vt 0.375000 0.525651
vt 0.375000 0.541455
vt 0.375000 0.629825
vt 0.375000 0.625000
vt 0.375000 0.629407
vt 0.375000 0.563551
vt 0.375000 0.569272
vt 0.375000 0.564220
vt 0.375000 0.524339
vt 0.375000 0.523799
vt 0.375000 0.553975
vt 0.375000 0.532502
vt 0.375000 0.547490
vt 0.375000 0.554924
vt 0.375000 0.541259
vt 0.375000 0.544919
vt 0.375000 0.540096
vt 0.375000 0.544317
vt 0.375000 0.534795
vt 0.375000 0.559319
vt 0.375000 0.551329
vt 0.375000 0.539016
vt 0.375000 0.562839
vt 0.375000 0.559204
vt 0.375000 0.554825
vt 0.215980 0.335969
vt 0.173557 0.231409
vt 0.375000 0.540874
vt 0.375000 0.540504
vt 0.375000 0.539184
vt 0.625000 0.628883
vt 0.625000 0.628500
vt 0.375000 0.583333
vt 0.625000 0.628042
vt 0.375000 0.625000
vt 0.375000 0.624561
vt 0.625000 0.628883
vt 0.375000 0.637475
vt 0.375000 0.553543
vt 0.375000 0.559378
vt 0.375000 0.544891
vt 0.375000 0.545122
vt 0.375000 0.535296
vt 0.375000 0.536986
vt 0.375000 0.537714
vt 0.375000 0.560721
vt 0.375000 0.562105
vt 0.375000 0.554326
vt 0.375000 0.529463
vt 0.375000 0.562743
vt 0.375000 0.562728
vt 0.375000 0.573362
vt 0.375000 0.547332
vt 0.375000 0.531011
vt 0.375000 0.525038
vt 0.375000 0.546127
vt 0.375000 0.551548
vt 0.375000 0.554841
vt 0.375000 0.558636
vt 0.375000 0.552648
vt 0.375000 0.552054
vt 0.375000 0.548657
vt 0.375000 0.544928
vt 0.375000 0.540989
vt 0.375000 0.523842
vt 0.375000 0.569963
vt 0.375000 0.572082
vt 0.375000 0.573694
vt 0.375000 0.544336
vt 0.375000 0.573215
vt 0.375000 0.572062
vt 0.375000 0.570333
vt 0.375000 0.568081
vt 0.375000 0.565344
vt 0.375000 0.562170
vt 0.375000 0.550905
vt 0.375000 0.537006
vt 0.375000 0.555004
vt 0.375000 0.557420
vt 0.375000 0.559297
vt 0.375000 0.560762
vt 0.375000 0.550303
vt 0.375000 0.560543
vt 0.375000 0.561951
vt 0.375000 0.540608
vt 0.375000 0.532674
vt 0.375000 0.561788
vt 0.375000 0.528198
vt 0.375000 0.527077
vt 0.375000 0.527247
vt 0.375000 0.533889
vt 0.375000 0.532746
vt 0.608468 0.608468
vt 0.609791 0.609791
vt 0.243448 0.432797
vt 0.255566 0.454339
vt 0.375000 0.637476
vt 0.375000 0.631020
vt 0.375000 0.629099
vt 0.375000 0.628470
vt 0.375000 0.628470
vt 0.375000 0.628337
vt 0.375000 0.628337
vt 0.375000 0.628539
vt 0.375000 0.628843
vt 0.375000 0.628843
vt 0.375000 0.627599
vt 0.375000 0.628740
vt 0.375000 0.629012
vt 0.375000 0.628740
vt 0.383165 0.629083
vt 0.375000 0.629012
vt 0.375000 0.630031
vt 0.375000 0.629407
vt 0.375000 0.627127
vt 0.375000 0.626448
vt 0.375000 0.626226
vt 0.501084 0.626084
vt 0.375000 0.632431
vt 0.375000 0.629392
vt 0.625000 0.000000
vt 0.615803 0.250000
vt 0.615803 0.000000
vt 0.615803 0.375000
vt 0.615803 0.500000
vt 0.625000 0.750000
vt 0.615803 0.750000
vt 0.625000 0.875000
vt 0.615803 1.000000
vt 0.615803 0.875000
vt 0.250000 0.500000
vt 0.375000 0.750000
vt 0.250000 0.750000
vt 0.625000 0.250000
vt 0.625000 0.875000
vt 0.625000 0.375000
vt 0.625000 0.375000
vt 0.625000 0.485752
vt 0.625000 0.486046
vt 0.625000 0.986099
vt 0.625000 0.986099
vt 0.625000 0.875000
vt 0.625000 0.875000
vt 0.625000 0.996500
vt 0.625000 0.878686
vt 0.625000 1.000000
vt 0.625000 0.261170
vt 0.625000 0.261467
vt 0.625000 0.125000
vt 0.875000 0.625000
vt 0.875000 0.750000
vt 0.495401 1.000000
vt 0.495401 0.875000
vt 0.495401 0.500000
vt 0.495402 0.750000
vt 0.495401 0.375000
vt 0.495402 0.250000
vt 0.495401 0.000000
vt 0.625000 0.477393
vt 0.625000 0.369281
vt 0.625000 0.369277
vt 0.625000 0.382665
vt 0.625000 0.382654
vt 0.625000 0.279261
vt 0.625000 0.763901
vt 0.625000 0.763901
vt 0.625000 0.878681
vt 0.625000 0.996608
vt 0.625000 0.760873
vt 0.625000 0.477087
vt 0.625000 0.382654
vt 0.625000 0.382654
vt 0.625000 0.369281
vt 0.625000 0.369277
vt 0.625000 0.279578
vt 0.625000 0.382665
vt 0.625000 0.382665
vt 0.625000 0.369281
vt 0.625000 0.369281
vt 0.625000 0.486023
vt 0.625000 0.485780
vt 0.625000 0.486018
vt 0.625000 0.369281
vt 0.625000 0.369277
vt 0.625000 0.382653
vt 0.625000 0.477117
vt 0.625000 0.477358
vt 0.625000 0.477121
vt 0.625000 0.369277
vt 0.625000 0.369277
vt 0.625000 0.261169
vt 0.625000 0.486019
vt 0.625000 0.485775
vt 0.625000 0.477120
vt 0.625000 0.477363
vt 0.625000 0.485798
vt 0.625000 0.486000
vt 0.625000 0.477143
vt 0.625000 0.477359
vt 0.625000 0.477393
vt 0.625000 0.477337
vt 0.625000 0.485778
vt 0.625000 0.485752
vt 0.625000 0.875000
vt 0.625000 0.760755
vt 0.625000 0.878681
vt 0.625000 0.875000
vt 0.625000 0.878686
vt 0.625000 0.878686
vt 0.625000 0.878681
vt 0.625000 0.875000
vt 0.625000 0.878681
vt 0.625000 0.875000
vt 0.625000 0.875000
vt 0.625000 0.878681
vt 0.625000 0.878686
vt 0.625000 0.878686
vt 0.625000 0.878686
vt 0.625000 0.875000
vt 0.625000 0.760765
vt 0.625000 0.760860
vt 0.625000 0.760768
vt 0.625000 0.875000
vt 0.625000 0.878681
vt 0.625000 0.763901
vt 0.625000 0.763901
vt 0.625000 0.760767
vt 0.625000 0.760863
vt 0.625000 0.878686
vt 0.625000 0.763901
vt 0.625000 0.875000
vt 0.625000 0.760845
vt 0.625000 0.760782
vt 0.625000 0.760860
vt 0.375000 0.875000
vt 0.375000 0.375000
vt 0.875000 0.500000
f 5/1/1 4/2/1 6/3/1
f 5/1/2 2/4/2 1/5/2
f 7/1/3 11/2/3 12/6/3
f 9/4/4 7/1/4 8/5/4
f 1/5/5 9/4/5 8/5/5
f 5/1/6 12/6/6 3/6/6
f 4/2/7 10/3/7 6/3/7
f 1/5/8 7/1/8 5/1/8
f 6/3/7 9/4/7 2/4/7
f 3/6/9 11/2/9 4/2/9
f 5/1/10 3/6/10 4/2/10
f 5/1/1 6/3/1 2/4/1
f 7/1/11 10/3/11 11/2/11
f 9/4/11 10/3/11 7/1/11
f 1/5/5 2/4/5 9/4/5
f 5/1/6 7/1/6 12/6/6
f 4/2/7 11/2/7 10/3/7
f 1/5/8 8/5/8 7/1/8
f 6/3/7 10/3/7 9/4/7
f 3/6/9 12/6/9 11/2/9
f 1010/212/1133 1062/213/1133 1061/214/1133
f 1248/215/1134 1015/8/1134 1063/216/1134
f 1063/216/1135 1013/217/1135 1064/218/1135
f 1236/219/1136 1061/220/1136 1247/221/1136
f 1233/222/1137 1012/223/1137 1235/224/1137
f 1013/217/1138 1018/8/1138 1077/217/1138
f 1078/212/1139 1069/225/1139 1017/225/1139
f 1010/212/1140 1017/225/1140 1011/225/1140
f 1236/219/1141 1077/217/1141 1238/226/1141
f 1234/227/1142 1017/225/1142 1237/228/1142
f 1022/229/1143 1088/230/1143 1026/230/1143
f 1024/231/1144 1156/232/1144 1028/232/1144
f 1017/225/59 1239/227/59 1237/228/59
f 1077/217/1145 1070/8/1145 1079/217/1145
f 1073/217/1146 1066/8/1146 1075/217/1146
f 1079/217/1147 1072/8/1147 1073/217/1147
f 1080/212/1148 1071/225/1148 1069/225/1148
f 1240/233/589 1073/217/589 1242/234/589
f 1244/234/1149 1035/217/1149 1246/234/1149
f 1074/212/1150 1065/225/1150 1071/225/1150
f 1020/235/1151 1288/236/1151 1256/236/1151
f 1071/225/1152 1243/227/1152 1241/227/1152
f 1036/237/1153 1058/237/1153 1035/217/1153
f 1029/238/1154 1083/239/1154 1081/238/1154
f 1075/217/1155 1068/8/1155 1035/217/1155
f 1076/212/1156 1032/212/1156 1056/240/1156
f 1057/241/1157 1036/242/1157 1039/217/1157
f 1245/227/1158 1067/225/1158 1059/225/1158
f 1035/217/1159 1043/217/1159 1039/217/1159
f 1060/240/1160 1036/212/1160 1057/240/1160
f 1040/8/1161 1046/8/1161 1044/8/1161
f 1038/8/1162 1043/217/1162 1042/8/1162
f 1068/8/1163 1042/8/1163 1040/8/1163
f 1068/8/1164 1041/217/1164 1035/217/1164
f 1045/217/1165 1051/217/1165 1047/217/1165
f 1042/8/1166 1047/217/1166 1046/8/1166
f 1041/217/1167 1047/217/1167 1043/217/1167
f 1041/217/1168 1044/8/1168 1045/217/1168
f 1051/217/1169 1053/217/1169 1055/217/1169
f 1045/217/1170 1048/8/1170 1049/217/1170
f 1044/8/1171 1050/8/1171 1048/8/1171
f 1046/8/1172 1051/217/1172 1050/8/1172
f 1052/8/1173 1055/217/1173 1053/217/1173
f 1049/217/1174 1052/8/1174 1053/217/1174
f 1050/8/1175 1052/8/1175 1048/8/1175
f 1050/8/1176 1055/217/1176 1054/8/1176
f 1059/225/1160 1057/240/1160 1037/225/1160
f 1056/240/1177 1059/225/1177 1067/225/1177
f 1056/240/1178 1058/212/1178 1060/240/1178
f 1247/221/1179 1320/243/1179 1322/244/1179
f 1318/245/1135 1064/218/1135 1319/246/1135
f 1321/247/1180 1063/216/1180 1318/245/1180
f 1061/214/1181 1317/248/1181 1320/249/1181
f 1030/250/1182 1243/227/1182 1249/251/1182
f 1033/239/1182 1245/227/1182 1250/252/1182
f 1033/239/1183 1065/225/1183 1067/225/1183
f 1030/250/1184 1068/8/1184 1066/8/1184
f 1251/253/59 1070/8/59 1239/227/59
f 1252/254/59 1071/225/59 1241/227/59
f 1025/255/59 1069/225/59 1071/225/59
f 1022/229/59 1072/8/59 1070/8/59
f 1253/226/1149 1074/237/1149 1242/234/1149
f 1254/226/1185 1075/217/1185 1244/234/1185
f 1027/256/1186 1075/217/1186 1031/257/1186
f 1028/232/1187 1074/237/1187 1024/231/1187
f 1255/258/589 1078/237/589 1238/226/589
f 1256/236/589 1079/217/589 1240/233/589
f 1016/259/589 1080/237/589 1078/237/589
f 1023/260/589 1077/217/589 1079/217/589
f 1084/261/1188 1090/250/1188 1092/261/1188
f 1260/262/1189 1096/230/1189 1264/263/1189
f 1249/251/1190 1081/238/1190 1257/264/1190
f 1252/254/1191 1088/230/1191 1260/262/1191
f 1030/250/1192 1084/261/1192 1034/261/1192
f 1250/252/1193 1084/261/1193 1258/265/1193
f 1021/266/1194 1087/255/1194 1085/266/1194
f 1251/253/1195 1085/266/1195 1259/267/1195
f 1263/253/1196 1101/266/1196 1267/268/1196
f 1095/255/1197 1101/266/1197 1093/266/1197
f 1258/265/1198 1092/261/1198 1262/265/1198
f 1085/266/1199 1095/255/1199 1093/266/1199
f 1259/267/1200 1093/266/1200 1263/253/1200
f 1081/238/1201 1091/239/1201 1089/238/1201
f 1257/264/1202 1089/238/1202 1261/269/1202
f 1088/230/1203 1094/229/1203 1096/230/1203
f 1100/261/1204 1138/250/1204 1137/261/1204
f 1104/230/1205 1272/262/1205 1268/263/1205
f 1089/238/1206 1099/239/1206 1097/238/1206
f 1089/238/1207 1265/270/1207 1261/269/1207
f 1096/230/1208 1102/229/1208 1104/230/1208
f 1096/230/1209 1268/263/1209 1264/263/1209
f 1090/250/1210 1100/261/1210 1092/261/1210
f 1262/265/1211 1100/261/1211 1266/265/1211
f 1122/271/1212 1118/272/1212 1120/273/1212
f 1280/274/1213 1113/238/1213 1273/270/1213
f 1100/261/1214 1270/275/1214 1266/265/1214
f 1101/266/1215 1111/255/1215 1109/266/1215
f 1101/266/1216 1271/268/1216 1267/268/1216
f 1097/238/1217 1107/239/1217 1105/238/1217
f 1097/238/1218 1269/251/1218 1265/270/1218
f 1104/230/1219 1146/229/1219 1145/230/1219
f 1275/267/1220 1133/266/1220 1283/268/1220
f 1119/255/1221 1133/266/1221 1117/266/1221
f 1278/276/1222 1150/230/1222 1276/263/1222
f 1127/277/1223 1114/278/1223 1116/279/1223
f 1279/280/1224 1142/261/1224 1274/281/1224
f 1123/255/1225 1117/266/1225 1124/266/1225
f 1277/268/1226 1117/266/1226 1275/267/1226
f 1128/239/1227 1113/238/1227 1125/282/1227
f 1109/266/1228 1277/268/1228 1271/268/1228
f 1111/255/1229 1124/266/1229 1109/266/1229
f 1145/230/1230 1278/276/1230 1272/262/1230
f 1112/283/1231 1121/284/1231 1122/271/1231
f 1107/239/1232 1125/282/1232 1105/238/1232
f 1137/261/1233 1279/280/1233 1270/275/1233
f 1108/285/1234 1126/286/1234 1127/277/1234
f 1105/238/1235 1280/274/1235 1269/251/1235
f 1133/266/59 1284/262/59 1283/268/59
f 1281/251/1236 1131/239/1236 1282/265/1236
f 1115/239/1237 1129/238/1237 1113/238/1237
f 1273/270/1238 1129/238/1238 1281/251/1238
f 1120/273/1239 1134/287/1239 1136/288/1239
f 1276/263/1240 1151/230/1240 1284/262/1240
f 1114/278/1241 1132/289/1241 1116/279/1241
f 1274/281/1242 1143/261/1242 1282/265/1242
f 1106/290/1243 1137/261/1243 1138/250/1243
f 1126/286/1244 1138/250/1244 1139/291/1244
f 1127/277/1245 1137/261/1245 1108/285/1245
f 1126/286/1246 1141/250/1246 1114/278/1246
f 1127/277/1247 1142/261/1247 1140/261/1247
f 1130/292/1248 1143/261/1248 1132/289/1248
f 1114/278/1249 1144/250/1249 1130/292/1249
f 1116/279/1250 1143/261/1250 1142/261/1250
f 1110/293/1251 1145/230/1251 1146/229/1251
f 1121/284/1252 1148/229/1252 1118/272/1252
f 1122/271/1253 1145/230/1253 1112/283/1253
f 1121/284/1254 1146/229/1254 1147/294/1254
f 1122/271/1255 1150/230/1255 1149/230/1255
f 1134/287/1256 1151/230/1256 1136/288/1256
f 1118/272/1257 1152/229/1257 1134/287/1257
f 1120/273/1258 1151/230/1258 1150/230/1258
f 1286/234/1259 1164/232/1259 1290/295/1259
f 1154/231/1260 1164/232/1260 1156/232/1260
f 1028/232/1261 1286/234/1261 1254/226/1261
f 1016/259/1262 1160/235/1262 1020/235/1262
f 1255/258/1263 1157/296/1263 1287/297/1263
f 1027/256/1264 1155/257/1264 1153/256/1264
f 1019/296/1265 1159/260/1265 1157/296/1265
f 1253/226/1266 1153/256/1266 1285/298/1266
f 1162/231/1267 1172/232/1267 1164/232/1267
f 1292/299/1268 1176/235/1268 1296/300/1268
f 1158/259/1269 1168/235/1269 1160/235/1269
f 1287/297/1270 1165/296/1270 1291/301/1270
f 1155/257/1271 1161/256/1271 1153/256/1271
f 1285/298/1272 1161/256/1272 1289/302/1272
f 1159/260/1273 1165/296/1273 1157/296/1273
f 1288/236/1274 1168/235/1274 1292/299/1274
f 1169/256/1275 1179/257/1275 1177/256/1275
f 1295/258/1276 1181/296/1276 1299/303/1276
f 1290/295/1277 1172/232/1277 1294/304/1277
f 1166/259/1278 1176/235/1278 1168/235/1278
f 1291/301/1279 1173/296/1279 1295/258/1279
f 1163/257/1280 1169/256/1280 1161/256/1280
f 1289/302/1281 1169/256/1281 1293/305/1281
f 1165/296/1282 1175/260/1282 1173/296/1282
f 1299/303/1283 1225/296/1283 1303/306/1283
f 1182/259/1284 1192/235/1284 1184/235/1284
f 1293/305/1266 1177/256/1266 1297/298/1266
f 1173/296/1285 1183/260/1285 1181/296/1285
f 1176/235/1286 1300/307/1286 1296/300/1286
f 1170/231/1144 1180/232/1144 1172/232/1144
f 1172/232/1261 1298/233/1261 1294/304/1261
f 1174/259/1262 1184/235/1262 1176/235/1262
f 1186/231/1287 1196/232/1287 1188/232/1287
f 1304/308/1288 1200/235/1288 1308/309/1288
f 1179/257/1289 1218/256/1289 1177/256/1289
f 1177/256/1290 1301/298/1290 1297/298/1290
f 1183/260/1291 1225/296/1291 1181/296/1291
f 1300/307/1292 1192/235/1292 1304/308/1292
f 1178/231/1293 1188/232/1293 1180/232/1293
f 1298/233/1294 1188/232/1294 1302/310/1294
f 1197/311/1295 1207/312/1295 1205/313/1295
f 1220/256/1296 1309/298/1296 1305/314/1296
f 1302/310/1297 1196/232/1297 1306/234/1297
f 1190/259/1298 1200/235/1298 1192/235/1298
f 1303/306/1299 1228/296/1299 1307/315/1299
f 1185/256/1300 1195/316/1300 1193/317/1300
f 1301/298/1301 1220/256/1301 1305/314/1301
f 1189/318/1302 1199/319/1302 1197/311/1302
f 1230/296/1303 1315/258/1303 1311/303/1303
f 1208/235/1304 1214/259/1304 1216/235/1304
f 1200/235/1305 1312/320/1305 1308/309/1305
f 1194/231/1306 1204/232/1306 1196/232/1306
f 1196/232/1307 1310/234/1307 1306/234/1307
f 1198/259/1308 1208/235/1308 1200/235/1308
f 1228/296/1309 1311/303/1309 1307/315/1309
f 1193/317/1310 1203/321/1310 1201/317/1310
f 1315/258/589 1232/260/589 1316/299/589
f 1313/298/1311 1223/257/1311 1314/322/1311
f 1201/317/1312 1211/257/1312 1209/317/1312
f 1221/256/1313 1313/298/1313 1309/298/1313
f 1205/313/1314 1215/323/1314 1213/324/1314
f 1208/235/1315 1316/299/1315 1312/320/1315
f 1204/232/1316 1210/231/1316 1212/232/1316
f 1204/232/1317 1314/322/1317 1310/234/1317
f 1185/256/1318 1217/257/1318 1187/316/1318
f 1195/316/1319 1217/257/1319 1219/257/1319
f 1193/317/1320 1218/256/1320 1185/256/1320
f 1193/317/1321 1221/256/1321 1220/256/1321
f 1195/316/1322 1222/257/1322 1203/321/1322
f 1209/317/1323 1223/257/1323 1224/256/1323
f 1203/321/1324 1223/257/1324 1211/257/1324
f 1201/317/1325 1224/256/1325 1221/256/1325
f 1189/318/1326 1226/260/1326 1191/325/1326
f 1199/319/1327 1226/260/1327 1227/260/1327
f 1197/311/1328 1225/296/1328 1189/318/1328
f 1199/319/1329 1229/260/1329 1207/312/1329
f 1197/311/1330 1230/296/1330 1228/296/1330
f 1213/324/1331 1232/260/1331 1231/296/1331
f 1205/313/1332 1231/296/1332 1230/296/1332
f 1207/312/1333 1232/260/1333 1215/323/1333
f 1310/234/1334 1223/257/1334 1222/257/1334
f 1312/320/1335 1232/260/1335 1229/260/1335
f 1309/298/1336 1210/231/1336 1202/231/1336
f 1210/231/1337 1314/322/1337 1212/232/1337
f 1214/259/589 1316/299/589 1216/235/589
f 1307/315/1338 1206/259/1338 1198/259/1338
f 1306/234/1339 1222/257/1339 1219/257/1339
f 1308/309/1340 1229/260/1340 1227/260/1340
f 1311/303/1341 1214/259/1341 1206/259/1341
f 1186/231/1342 1305/314/1342 1194/231/1342
f 1190/259/1343 1307/315/1343 1198/259/1343
f 1217/257/1344 1306/234/1344 1219/257/1344
f 1305/314/1345 1202/231/1345 1194/231/1345
f 1179/257/1346 1302/310/1346 1217/257/1346
f 1183/260/1347 1304/308/1347 1226/260/1347
f 1178/231/1348 1301/298/1348 1186/231/1348
f 1226/260/1349 1308/309/1349 1227/260/1349
f 1294/304/1261 1179/257/1261 1171/257/1261
f 1296/300/1151 1183/260/1151 1175/260/1151
f 1170/231/1266 1297/298/1266 1178/231/1266
f 1182/259/1350 1303/306/1350 1190/259/1350
f 1289/302/1351 1170/231/1351 1162/231/1351
f 1291/301/1279 1174/259/1279 1166/259/1279
f 1290/295/1277 1171/257/1277 1163/257/1277
f 1174/259/1263 1299/303/1263 1182/259/1263
f 1288/236/1274 1167/260/1274 1159/260/1274
f 1285/298/1272 1162/231/1272 1154/231/1272
f 1287/297/1270 1166/259/1270 1158/259/1270
f 1292/299/1352 1175/260/1352 1167/260/1352
f 1024/231/1266 1285/298/1266 1154/231/1266
f 1016/259/1276 1287/297/1276 1158/259/1276
f 1254/226/1261 1155/257/1261 1031/257/1261
f 1286/234/1259 1163/257/1259 1155/257/1259
f 1115/239/1353 1282/265/1353 1131/239/1353
f 1119/255/1354 1284/262/1354 1135/255/1354
f 1141/250/1355 1281/251/1355 1144/250/1355
f 1144/250/1236 1282/265/1236 1143/261/1236
f 1283/268/59 1151/230/59 1152/229/59
f 1269/251/1356 1139/291/1356 1138/250/1356
f 1270/275/1357 1128/239/1357 1107/239/1357
f 1272/262/1358 1123/255/1358 1111/255/1358
f 1271/268/1359 1147/294/1359 1146/229/1359
f 1147/294/1360 1275/267/1360 1148/229/1360
f 1128/239/1361 1274/281/1361 1115/239/1361
f 1123/255/1362 1276/263/1362 1119/255/1362
f 1148/229/1363 1283/268/1363 1152/229/1363
f 1265/270/1364 1138/250/1364 1098/250/1364
f 1267/268/1365 1146/229/1365 1102/229/1365
f 1266/265/1366 1107/239/1366 1099/239/1366
f 1139/291/1367 1273/270/1367 1141/250/1367
f 1091/239/1211 1266/265/1211 1099/239/1211
f 1264/263/1209 1103/255/1209 1095/255/1209
f 1261/269/1207 1098/250/1207 1090/250/1207
f 1268/263/1368 1111/255/1368 1103/255/1368
f 1257/264/1202 1090/250/1202 1082/250/1202
f 1259/267/1200 1094/229/1200 1086/229/1200
f 1258/265/1198 1091/239/1198 1083/239/1198
f 1094/229/1196 1267/268/1196 1102/229/1196
f 1022/229/1195 1259/267/1195 1086/229/1195
f 1033/239/1369 1258/265/1369 1083/239/1369
f 1252/254/1191 1087/255/1191 1025/255/1191
f 1030/250/1190 1257/264/1190 1082/250/1190
f 1260/262/1189 1095/255/1189 1087/255/1189
f 1020/235/59 1240/233/59 1080/237/59
f 1019/296/59 1238/226/59 1077/217/59
f 1028/232/1370 1244/234/1370 1076/237/1370
f 1027/256/1371 1242/234/1371 1073/217/1371
f 1026/230/59 1241/227/59 1072/8/59
f 1021/266/59 1239/227/59 1069/225/59
f 1034/261/1372 1245/227/1372 1068/8/1372
f 1029/238/1373 1243/227/1373 1065/225/1373
f 1317/248/1180 1248/215/1180 1321/247/1180
f 1064/218/1179 1322/244/1179 1319/246/1179
f 1241/227/1152 1066/8/1152 1072/8/1152
f 1256/236/1286 1159/260/1286 1023/260/1286
f 1076/237/1149 1246/234/1149 1032/237/1149
f 1080/237/589 1242/234/589 1074/237/589
f 1237/228/59 1070/8/59 1018/8/59
f 1015/8/1158 1237/228/1158 1018/8/1158
f 1236/219/1374 1078/237/1374 1010/237/1374
f 1013/217/1375 1247/221/1375 1064/218/1375
f 1062/213/1376 1234/227/1376 1248/215/1376
f 1319/246/1179 1235/326/1179 1012/223/1179
f 1233/327/1180 1318/245/1180 1014/20/1180
f 1014/20/1135 1319/246/1135 1012/223/1135
f 1321/247/1377 1320/249/1377 1317/248/1377
f 1233/222/1378 1322/244/1378 1321/247/1378
f 1010/212/1133 1011/225/1133 1062/213/1133
f 1248/215/1379 1234/227/1379 1015/8/1379
f 1063/216/1135 1015/8/1135 1013/217/1135
f 1236/219/1380 1010/237/1380 1061/220/1380
f 1233/222/1137 1014/20/1137 1012/223/1137
f 1013/217/1381 1015/8/1381 1018/8/1381
f 1078/212/1382 1080/212/1382 1069/225/1382
f 1010/212/1383 1078/212/1383 1017/225/1383
f 1236/219/1384 1013/217/1384 1077/217/1384
f 1234/227/1385 1011/225/1385 1017/225/1385
f 1022/229/1386 1086/229/1386 1088/230/1386
f 1024/231/1144 1154/231/1144 1156/232/1144
f 1017/225/59 1069/225/59 1239/227/59
f 1077/217/1387 1018/8/1387 1070/8/1387
f 1073/217/1146 1072/8/1146 1066/8/1146
f 1079/217/1388 1070/8/1388 1072/8/1388
f 1080/212/1389 1074/212/1389 1071/225/1389
f 1240/233/589 1079/217/589 1073/217/589
f 1244/234/1149 1075/217/1149 1035/217/1149
f 1074/212/1150 1076/212/1150 1065/225/1150
f 1020/235/1286 1160/235/1286 1288/236/1286
f 1071/225/1152 1065/225/1152 1243/227/1152
f 1058/237/1390 1032/237/1390 1246/234/1390
f 1246/234/1390 1035/217/1390 1058/237/1390
f 1035/217/1391 1039/217/1391 1036/237/1391
f 1029/238/1154 1033/239/1154 1083/239/1154
f 1075/217/1392 1066/8/1392 1068/8/1392
f 1067/225/1393 1065/225/1393 1056/240/1393
f 1065/225/1394 1076/212/1394 1056/240/1394
f 1039/217/1157 1038/8/1157 1057/241/1157
f 1038/8/1157 1037/328/1157 1057/241/1157
f 1038/8/1395 1068/8/1395 1037/225/1395
f 1068/8/1158 1245/227/1158 1059/225/1158
f 1037/225/1396 1068/8/1396 1059/225/1396
f 1035/217/1397 1041/217/1397 1043/217/1397
f 1060/240/1160 1058/212/1160 1036/212/1160
f 1040/8/1398 1042/8/1398 1046/8/1398
f 1038/8/1399 1039/217/1399 1043/217/1399
f 1068/8/1400 1038/8/1400 1042/8/1400
f 1068/8/1401 1040/8/1401 1041/217/1401
f 1045/217/1402 1049/217/1402 1051/217/1402
f 1042/8/1403 1043/217/1403 1047/217/1403
f 1041/217/1404 1045/217/1404 1047/217/1404
f 1041/217/1405 1040/8/1405 1044/8/1405
f 1051/217/1406 1049/217/1406 1053/217/1406
f 1045/217/1407 1044/8/1407 1048/8/1407
f 1044/8/1408 1046/8/1408 1050/8/1408
f 1046/8/1409 1047/217/1409 1051/217/1409
f 1052/8/1173 1054/8/1173 1055/217/1173
f 1049/217/1410 1048/8/1410 1052/8/1410
f 1050/8/1411 1054/8/1411 1052/8/1411
f 1050/8/1412 1051/217/1412 1055/217/1412
f 1059/225/1160 1060/240/1160 1057/240/1160
f 1056/240/1178 1060/240/1178 1059/225/1178
f 1056/240/1413 1032/212/1413 1058/212/1413
f 1247/221/1375 1061/220/1375 1320/243/1375
f 1318/245/1135 1063/216/1135 1064/218/1135
f 1321/247/1134 1248/215/1134 1063/216/1134
f 1061/214/1181 1062/213/1181 1317/248/1181
f 1030/250/1414 1066/8/1414 1243/227/1414
f 1033/239/1415 1067/225/1415 1245/227/1415
f 1033/239/1416 1029/238/1416 1065/225/1416
f 1030/250/1417 1034/261/1417 1068/8/1417
f 1251/253/59 1022/229/59 1070/8/59
f 1252/254/59 1025/255/59 1071/225/59
f 1025/255/59 1021/266/59 1069/225/59
f 1022/229/59 1026/230/59 1072/8/59
f 1253/226/1418 1024/231/1418 1074/237/1418
f 1254/226/1419 1031/257/1419 1075/217/1419
f 1027/256/1420 1073/217/1420 1075/217/1420
f 1028/232/1187 1076/237/1187 1074/237/1187
f 1255/258/589 1016/259/589 1078/237/589
f 1256/236/589 1023/260/589 1079/217/589
f 1016/259/589 1020/235/589 1080/237/589
f 1023/260/589 1019/296/589 1077/217/589
f 1084/261/1188 1082/250/1188 1090/250/1188
f 1260/262/1189 1088/230/1189 1096/230/1189
f 1249/251/1190 1029/238/1190 1081/238/1190
f 1252/254/1191 1026/230/1191 1088/230/1191
f 1030/250/1192 1082/250/1192 1084/261/1192
f 1250/252/1369 1034/261/1369 1084/261/1369
f 1021/266/1194 1025/255/1194 1087/255/1194
f 1251/253/1195 1021/266/1195 1085/266/1195
f 1263/253/1196 1093/266/1196 1101/266/1196
f 1095/255/1197 1103/255/1197 1101/266/1197
f 1258/265/1198 1084/261/1198 1092/261/1198
f 1085/266/1199 1087/255/1199 1095/255/1199
f 1259/267/1200 1085/266/1200 1093/266/1200
f 1081/238/1201 1083/239/1201 1091/239/1201
f 1257/264/1202 1081/238/1202 1089/238/1202
f 1088/230/1203 1086/229/1203 1094/229/1203
f 1100/261/1421 1098/250/1421 1138/250/1421
f 1104/230/1422 1145/230/1422 1272/262/1422
f 1089/238/1206 1091/239/1206 1099/239/1206
f 1089/238/1207 1097/238/1207 1265/270/1207
f 1096/230/1208 1094/229/1208 1102/229/1208
f 1096/230/1209 1104/230/1209 1268/263/1209
f 1090/250/1210 1098/250/1210 1100/261/1210
f 1262/265/1211 1092/261/1211 1100/261/1211
f 1122/271/1423 1121/284/1423 1118/272/1423
f 1280/274/1424 1125/282/1424 1113/238/1424
f 1100/261/1425 1137/261/1425 1270/275/1425
f 1101/266/1426 1103/255/1426 1111/255/1426
f 1101/266/1427 1109/266/1427 1271/268/1427
f 1097/238/1428 1099/239/1428 1107/239/1428
f 1097/238/1429 1105/238/1429 1269/251/1429
f 1104/230/1430 1102/229/1430 1146/229/1430
f 1275/267/1431 1117/266/1431 1133/266/1431
f 1119/255/1432 1135/255/1432 1133/266/1432
f 1278/276/1433 1149/230/1433 1150/230/1433
f 1127/277/1434 1126/286/1434 1114/278/1434
f 1279/280/1435 1140/261/1435 1142/261/1435
f 1123/255/1436 1119/255/1436 1117/266/1436
f 1277/268/1437 1124/266/1437 1117/266/1437
f 1128/239/1438 1115/239/1438 1113/238/1438
f 1109/266/1439 1124/266/1439 1277/268/1439
f 1111/255/1440 1123/255/1440 1124/266/1440
f 1145/230/1441 1149/230/1441 1278/276/1441
f 1112/283/1442 1110/293/1442 1121/284/1442
f 1107/239/1443 1128/239/1443 1125/282/1443
f 1137/261/1444 1140/261/1444 1279/280/1444
f 1108/285/1445 1106/290/1445 1126/286/1445
f 1105/238/1446 1125/282/1446 1280/274/1446
f 1133/266/59 1135/255/59 1284/262/59
f 1281/251/1447 1129/238/1447 1131/239/1447
f 1115/239/1448 1131/239/1448 1129/238/1448
f 1273/270/1449 1113/238/1449 1129/238/1449
f 1120/273/1450 1118/272/1450 1134/287/1450
f 1276/263/1451 1150/230/1451 1151/230/1451
f 1114/278/1452 1130/292/1452 1132/289/1452
f 1274/281/1453 1142/261/1453 1143/261/1453
f 1106/290/1454 1108/285/1454 1137/261/1454
f 1126/286/1455 1106/290/1455 1138/250/1455
f 1127/277/1456 1140/261/1456 1137/261/1456
f 1126/286/1457 1139/291/1457 1141/250/1457
f 1127/277/1458 1116/279/1458 1142/261/1458
f 1130/292/1459 1144/250/1459 1143/261/1459
f 1114/278/1460 1141/250/1460 1144/250/1460
f 1116/279/1461 1132/289/1461 1143/261/1461
f 1110/293/1462 1112/283/1462 1145/230/1462
f 1121/284/1463 1147/294/1463 1148/229/1463
f 1122/271/1464 1149/230/1464 1145/230/1464
f 1121/284/1465 1110/293/1465 1146/229/1465
f 1122/271/1466 1120/273/1466 1150/230/1466
f 1134/287/1467 1152/229/1467 1151/230/1467
f 1118/272/1468 1148/229/1468 1152/229/1468
f 1120/273/1469 1136/288/1469 1151/230/1469
f 1286/234/1259 1156/232/1259 1164/232/1259
f 1154/231/1260 1162/231/1260 1164/232/1260
f 1028/232/1261 1156/232/1261 1286/234/1261
f 1016/259/1470 1158/259/1470 1160/235/1470
f 1255/258/1263 1019/296/1263 1157/296/1263
f 1027/256/1275 1031/257/1275 1155/257/1275
f 1019/296/1265 1023/260/1265 1159/260/1265
f 1253/226/1471 1027/256/1471 1153/256/1471
f 1162/231/1472 1170/231/1472 1172/232/1472
f 1292/299/1352 1168/235/1352 1176/235/1352
f 1158/259/1269 1166/259/1269 1168/235/1269
f 1287/297/1270 1157/296/1270 1165/296/1270
f 1155/257/1271 1163/257/1271 1161/256/1271
f 1285/298/1272 1153/256/1272 1161/256/1272
f 1159/260/1273 1167/260/1273 1165/296/1273
f 1288/236/1274 1160/235/1274 1168/235/1274
f 1169/256/1275 1171/257/1275 1179/257/1275
f 1295/258/1263 1173/296/1263 1181/296/1263
f 1290/295/1473 1164/232/1473 1172/232/1473
f 1166/259/1474 1174/259/1474 1176/235/1474
f 1291/301/1279 1165/296/1279 1173/296/1279
f 1163/257/1475 1171/257/1475 1169/256/1475
f 1289/302/1476 1161/256/1476 1169/256/1476
f 1165/296/1282 1167/260/1282 1175/260/1282
f 1299/303/1477 1181/296/1477 1225/296/1477
f 1182/259/1478 1190/259/1478 1192/235/1478
f 1293/305/1266 1169/256/1266 1177/256/1266
f 1173/296/1265 1175/260/1265 1183/260/1265
f 1176/235/1286 1184/235/1286 1300/307/1286
f 1170/231/1144 1178/231/1144 1180/232/1144
f 1172/232/1261 1180/232/1261 1298/233/1261
f 1174/259/1470 1182/259/1470 1184/235/1470
f 1186/231/1479 1194/231/1479 1196/232/1479
f 1304/308/1480 1192/235/1480 1200/235/1480
f 1179/257/1481 1217/257/1481 1218/256/1481
f 1177/256/1482 1218/256/1482 1301/298/1482
f 1183/260/1483 1226/260/1483 1225/296/1483
f 1300/307/1484 1184/235/1484 1192/235/1484
f 1178/231/1485 1186/231/1485 1188/232/1485
f 1298/233/1486 1180/232/1486 1188/232/1486
f 1197/311/1487 1199/319/1487 1207/312/1487
f 1220/256/1488 1221/256/1488 1309/298/1488
f 1302/310/1489 1188/232/1489 1196/232/1489
f 1190/259/1490 1198/259/1490 1200/235/1490
f 1303/306/1491 1225/296/1491 1228/296/1491
f 1185/256/1492 1187/316/1492 1195/316/1492
f 1301/298/1493 1218/256/1493 1220/256/1493
f 1189/318/1494 1191/325/1494 1199/319/1494
f 1230/296/1495 1231/296/1495 1315/258/1495
f 1208/235/1496 1206/259/1496 1214/259/1496
f 1200/235/1497 1208/235/1497 1312/320/1497
f 1194/231/1498 1202/231/1498 1204/232/1498
f 1196/232/1499 1204/232/1499 1310/234/1499
f 1198/259/1500 1206/259/1500 1208/235/1500
f 1228/296/1501 1230/296/1501 1311/303/1501
f 1193/317/1502 1195/316/1502 1203/321/1502
f 1315/258/589 1231/296/589 1232/260/589
f 1313/298/1503 1224/256/1503 1223/257/1503
f 1201/317/1504 1203/321/1504 1211/257/1504
f 1221/256/1505 1224/256/1505 1313/298/1505
f 1205/313/1506 1207/312/1506 1215/323/1506
f 1208/235/1507 1216/235/1507 1316/299/1507
f 1204/232/1508 1202/231/1508 1210/231/1508
f 1204/232/1509 1212/232/1509 1314/322/1509
f 1185/256/1510 1218/256/1510 1217/257/1510
f 1195/316/1511 1187/316/1511 1217/257/1511
f 1193/317/1512 1220/256/1512 1218/256/1512
f 1193/317/1513 1201/317/1513 1221/256/1513
f 1195/316/1514 1219/257/1514 1222/257/1514
f 1209/317/1515 1211/257/1515 1223/257/1515
f 1203/321/1516 1222/257/1516 1223/257/1516
f 1201/317/1517 1209/317/1517 1224/256/1517
f 1189/318/1518 1225/296/1518 1226/260/1518
f 1199/319/1519 1191/325/1519 1226/260/1519
f 1197/311/1520 1228/296/1520 1225/296/1520
f 1199/319/1521 1227/260/1521 1229/260/1521
f 1197/311/1522 1205/313/1522 1230/296/1522
f 1213/324/1523 1215/323/1523 1232/260/1523
f 1205/313/1524 1213/324/1524 1231/296/1524
f 1207/312/1525 1229/260/1525 1232/260/1525
f 1310/234/1526 1314/322/1526 1223/257/1526
f 1312/320/1527 1316/299/1527 1232/260/1527
f 1309/298/1528 1313/298/1528 1210/231/1528
f 1210/231/1529 1313/298/1529 1314/322/1529
f 1214/259/589 1315/258/589 1316/299/589
f 1307/315/1530 1311/303/1530 1206/259/1530
f 1306/234/1531 1310/234/1531 1222/257/1531
f 1308/309/1532 1312/320/1532 1229/260/1532
f 1311/303/1533 1315/258/1533 1214/259/1533
f 1186/231/1534 1301/298/1534 1305/314/1534
f 1190/259/1535 1303/306/1535 1307/315/1535
f 1217/257/1536 1302/310/1536 1306/234/1536
f 1305/314/1537 1309/298/1537 1202/231/1537
f 1179/257/1538 1298/233/1538 1302/310/1538
f 1183/260/1539 1300/307/1539 1304/308/1539
f 1178/231/1290 1297/298/1290 1301/298/1290
f 1226/260/1540 1304/308/1540 1308/309/1540
f 1294/304/1261 1298/233/1261 1179/257/1261
f 1296/300/1286 1300/307/1286 1183/260/1286
f 1170/231/1266 1293/305/1266 1297/298/1266
f 1182/259/1541 1299/303/1541 1303/306/1541
f 1289/302/1542 1293/305/1542 1170/231/1542
f 1291/301/1279 1295/258/1279 1174/259/1279
f 1290/295/1277 1294/304/1277 1171/257/1277
f 1174/259/1276 1295/258/1276 1299/303/1276
f 1288/236/1274 1292/299/1274 1167/260/1274
f 1285/298/1272 1289/302/1272 1162/231/1272
f 1287/297/1270 1291/301/1270 1166/259/1270
f 1292/299/1352 1296/300/1352 1175/260/1352
f 1024/231/1266 1253/226/1266 1285/298/1266
f 1016/259/1263 1255/258/1263 1287/297/1263
f 1254/226/1543 1286/234/1543 1155/257/1543
f 1286/234/1259 1290/295/1259 1163/257/1259
f 1115/239/1544 1274/281/1544 1282/265/1544
f 1119/255/1545 1276/263/1545 1284/262/1545
f 1141/250/1546 1273/270/1546 1281/251/1546
f 1144/250/1447 1281/251/1447 1282/265/1447
f 1283/268/59 1284/262/59 1151/230/59
f 1269/251/1547 1280/274/1547 1139/291/1547
f 1270/275/1548 1279/280/1548 1128/239/1548
f 1272/262/1549 1278/276/1549 1123/255/1549
f 1271/268/1550 1277/268/1550 1147/294/1550
f 1147/294/1551 1277/268/1551 1275/267/1551
f 1128/239/1552 1279/280/1552 1274/281/1552
f 1123/255/1553 1278/276/1553 1276/263/1553
f 1148/229/1554 1275/267/1554 1283/268/1554
f 1265/270/1555 1269/251/1555 1138/250/1555
f 1267/268/1556 1271/268/1556 1146/229/1556
f 1266/265/1557 1270/275/1557 1107/239/1557
f 1139/291/1558 1280/274/1558 1273/270/1558
f 1091/239/1211 1262/265/1211 1266/265/1211
f 1264/263/1209 1268/263/1209 1103/255/1209
f 1261/269/1207 1265/270/1207 1098/250/1207
f 1268/263/1559 1272/262/1559 1111/255/1559
f 1257/264/1560 1261/269/1560 1090/250/1560
f 1259/267/1200 1263/253/1200 1094/229/1200
f 1258/265/1198 1262/265/1198 1091/239/1198
f 1094/229/1196 1263/253/1196 1267/268/1196
f 1022/229/1195 1251/253/1195 1259/267/1195
f 1033/239/1369 1250/252/1369 1258/265/1369
f 1252/254/1191 1260/262/1191 1087/255/1191
f 1030/250/1190 1249/251/1190 1257/264/1190
f 1260/262/1189 1264/263/1189 1095/255/1189
f 1020/235/59 1256/236/59 1240/233/59
f 1019/296/59 1255/258/59 1238/226/59
f 1028/232/1561 1254/226/1561 1244/234/1561
f 1027/256/1562 1253/226/1562 1242/234/1562
f 1026/230/59 1252/254/59 1241/227/59
f 1021/266/59 1251/253/59 1239/227/59
f 1034/261/1182 1250/252/1182 1245/227/1182
f 1029/238/1182 1249/251/1182 1243/227/1182
f 1317/248/1134 1062/213/1134 1248/215/1134
f 1064/218/1375 1247/221/1375 1322/244/1375
f 1241/227/1152 1243/227/1152 1066/8/1152
f 1256/236/1563 1288/236/1563 1159/260/1563
f 1076/237/1149 1244/234/1149 1246/234/1149
f 1080/237/589 1240/233/589 1242/234/589
f 1237/228/59 1239/227/59 1070/8/59
f 1015/8/1564 1234/227/1564 1237/228/1564
f 1236/219/1141 1238/226/1141 1078/237/1141
f 1013/217/1565 1236/219/1565 1247/221/1565
f 1062/213/1566 1011/225/1566 1234/227/1566
f 1319/246/1179 1322/244/1179 1235/326/1179
f 1233/327/1180 1321/247/1180 1318/245/1180
f 1014/20/1135 1318/245/1135 1319/246/1135
f 1321/247/1377 1322/244/1377 1320/249/1377
f 1233/222/1378 1235/224/1378 1322/244/1378
usemtl Material
f 471/7/12 15/8/12 472/9/12
f 15/8/13 16/8/13 48/9/13
f 347/10/14 464/11/14 465/10/14
f 280/12/15 275/13/15 268/14/15
f 286/15/16 435/16/16 328/16/16
f 284/17/17 286/15/17 474/18/17
f 287/19/17 22/20/17 288/21/17
f 343/11/18 434/22/18 464/11/18
f 476/23/19 200/24/19 477/25/19
f 478/23/20 200/24/20 476/23/20
f 480/26/21 201/18/21 479/26/21
f 482/27/22 202/18/22 481/27/22
f 18/8/23 38/8/23 181/9/23
f 38/8/24 182/9/24 181/9/24
f 182/9/25 40/8/25 183/9/25
f 183/9/26 41/8/26 184/9/26
f 184/9/27 42/8/27 185/9/27
f 185/9/28 43/8/28 186/9/28
f 186/9/29 44/8/29 187/9/29
f 187/9/30 45/8/30 188/9/30
f 27/5/31 491/28/31 492/29/31
f 290/30/32 27/5/32 291/5/32
f 24/20/32 292/5/32 28/5/32
f 328/16/33 384/31/33 279/31/33
f 26/5/34 24/20/34 28/5/34
f 494/5/35 27/5/35 493/5/35
f 294/32/36 47/33/36 295/34/36
f 28/5/36 296/35/36 25/20/36
f 357/36/37 463/37/37 351/37/37
f 26/5/38 25/20/38 29/5/38
f 20/5/39 49/9/39 19/5/39
f 20/5/40 21/5/40 18/8/40
f 17/5/41 20/5/41 16/5/41
f 495/5/42 19/5/42 496/5/42
f 48/9/43 20/5/43 19/5/43
f 145/20/44 105/20/44 149/20/44
f 218/18/7 106/20/7 145/20/7
f 113/8/45 146/8/45 150/8/45
f 147/5/46 91/8/46 148/8/46
f 149/20/47 104/20/47 152/38/47
f 112/8/48 150/8/48 154/8/48
f 155/5/49 90/5/49 151/5/49
f 152/38/50 103/20/50 157/20/50
f 98/5/51 156/5/51 153/5/51
f 111/8/52 154/8/52 158/8/52
f 159/8/53 89/8/53 155/8/53
f 97/5/54 160/20/54 156/5/54
f 157/20/55 102/20/55 161/20/55
f 110/8/56 158/8/56 162/39/56
f 170/8/57 88/8/57 159/8/57
f 95/20/58 163/20/58 160/20/58
f 161/20/59 101/20/59 165/20/59
f 109/8/60 162/39/60 168/8/60
f 94/20/61 164/20/61 163/20/61
f 165/20/62 100/20/62 166/20/62
f 108/8/59 168/8/59 167/8/59
f 87/20/63 170/8/63 169/20/63
f 54/5/64 219/5/64 220/5/64
f 55/8/65 221/8/65 222/8/65
f 224/40/66 62/20/66 223/41/66
f 75/8/67 226/8/67 221/8/67
f 227/20/68 67/20/68 224/40/68
f 228/20/69 51/20/69 225/20/69
f 225/20/70 50/8/70 229/8/70
f 76/8/71 230/42/71 226/8/71
f 231/40/72 68/20/72 227/20/72
f 232/20/73 59/20/73 228/20/73
f 77/8/74 233/43/74 230/42/74
f 234/44/75 69/20/75 231/40/75
f 235/20/76 60/20/76 61/20/76
f 229/8/77 52/8/77 236/8/77
f 78/8/78 237/8/78 233/43/78
f 238/20/79 70/20/79 234/44/79
f 239/5/80 61/20/80 63/5/80
f 236/8/81 53/8/81 240/8/81
f 79/8/82 241/8/82 237/8/82
f 242/5/83 63/5/83 239/5/83
f 243/20/84 71/20/84 238/20/84
f 220/5/85 53/5/85 240/5/85
f 80/8/86 244/39/86 241/8/86
f 245/20/87 72/20/87 243/20/87
f 219/5/88 55/8/88 222/8/88
f 81/8/89 246/45/89 244/39/89
f 208/18/90 247/38/90 249/18/90
f 247/38/91 73/20/91 245/20/91
f 62/20/92 242/5/92 223/41/92
f 110/8/93 137/8/93 111/8/93
f 86/8/94 83/8/94 88/8/94
f 119/20/95 94/20/95 95/20/95
f 128/20/96 101/20/96 102/20/96
f 109/8/97 136/46/97 110/8/97
f 118/47/98 93/20/98 94/20/98
f 127/20/99 100/20/99 101/20/99
f 108/8/100 135/45/100 109/8/100
f 84/20/101 86/8/101 87/20/101
f 117/48/102 87/20/102 93/20/102
f 126/20/103 99/20/103 100/20/103
f 107/8/104 134/43/104 108/8/104
f 125/38/105 96/20/105 99/20/105
f 91/8/106 133/39/106 107/8/106
f 90/5/107 116/5/107 92/5/107
f 96/20/108 124/5/108 98/5/108
f 132/20/109 105/20/109 106/20/109
f 171/47/110 98/5/110 153/5/110
f 151/5/111 92/5/111 147/5/111
f 148/8/112 107/8/112 172/39/112
f 173/20/113 96/20/113 171/47/113
f 172/39/114 108/8/114 167/8/114
f 166/20/115 99/20/115 173/20/115
f 93/20/116 169/20/116 164/20/116
f 178/49/117 85/50/117 176/49/117
f 143/9/118 83/8/118 178/49/118
f 503/51/119 180/52/119 504/53/119
f 506/54/120 210/18/120 505/55/120
f 189/9/121 57/8/121 144/56/121
f 190/9/122 133/39/122 189/9/122
f 191/9/123 134/43/123 190/9/123
f 191/9/124 136/46/124 135/45/124
f 192/57/125 137/8/125 136/46/125
f 193/56/126 138/39/126 137/8/126
f 194/9/127 139/42/127 138/39/127
f 195/9/128 140/8/128 139/42/128
f 198/9/129 196/9/129 521/58/129
f 119/20/130 122/5/130 141/59/130
f 121/5/131 123/5/131 119/20/131
f 120/60/132 122/5/132 123/5/132
f 121/5/133 120/60/133 123/5/133
f 144/56/134 115/5/134 56/5/134
f 116/5/135 115/5/135 57/8/135
f 64/5/136 65/5/136 115/5/136
f 529/5/137 143/9/137 528/61/137
f 56/5/138 65/8/138 143/9/138
f 129/20/139 102/20/139 103/20/139
f 121/5/140 95/20/140 97/5/140
f 88/8/141 65/8/141 89/8/141
f 111/8/142 138/39/142 112/8/142
f 124/5/143 97/5/143 98/5/143
f 130/20/144 103/20/144 104/20/144
f 89/5/145 64/5/145 90/5/145
f 112/8/146 139/42/146 113/8/146
f 131/20/147 104/20/147 105/20/147
f 92/5/148 57/8/148 91/8/148
f 113/8/149 140/8/149 114/8/149
f 209/62/150 132/20/150 106/20/150
f 164/20/116 51/20/116 59/20/116
f 68/20/115 173/20/115 67/20/115
f 75/8/114 167/8/114 76/8/114
f 173/20/113 62/20/113 67/20/113
f 55/8/112 172/39/112 75/8/112
f 54/5/111 147/5/111 58/5/111
f 171/47/110 66/5/110 62/20/110
f 169/20/63 50/8/63 51/20/63
f 167/8/59 77/8/59 76/8/59
f 69/20/62 166/20/62 68/20/62
f 163/20/61 59/20/61 60/20/61
f 168/8/60 78/8/60 77/8/60
f 70/20/59 165/20/59 69/20/59
f 160/20/58 60/20/58 61/20/58
f 50/8/57 159/8/57 52/8/57
f 162/39/56 79/8/56 78/8/56
f 71/20/55 161/20/55 70/20/55
f 63/5/54 160/20/54 61/20/54
f 52/8/53 155/8/53 53/8/53
f 158/8/52 80/8/52 79/8/52
f 153/5/51 63/5/51 66/5/51
f 152/38/151 71/20/151 72/20/151
f 53/5/49 151/5/49 54/5/49
f 154/8/48 81/8/48 80/8/48
f 73/20/152 152/38/152 72/20/152
f 58/5/46 148/8/46 55/8/46
f 150/8/45 82/8/45 81/8/45
f 208/18/153 145/20/153 74/20/153
f 74/20/154 149/20/154 73/20/154
f 175/33/155 530/5/155 531/63/155
f 174/5/156 47/33/156 27/5/156
f 117/48/157 180/52/157 179/64/157
f 84/20/158 179/64/158 177/18/158
f 534/65/159 176/49/159 498/65/159
f 177/18/160 85/50/160 84/20/160
f 146/8/161 197/9/161 82/8/161
f 246/45/162 197/9/162 248/9/162
f 114/8/161 199/9/161 146/8/161
f 196/9/163 114/8/163 140/8/163
f 535/58/164 195/9/164 536/66/164
f 537/66/165 194/9/165 538/67/165
f 539/68/166 193/56/166 540/69/166
f 541/70/167 192/57/167 542/71/167
f 543/72/168 191/9/168 544/73/168
f 546/73/169 190/9/169 545/73/169
f 548/74/170 189/9/170 547/74/170
f 549/75/171 208/18/171 550/76/171
f 551/77/172 209/62/172 552/78/172
f 132/20/173 216/18/173 131/20/173
f 131/20/174 215/18/174 130/20/174
f 130/20/175 214/18/175 129/20/175
f 129/20/176 213/79/176 128/20/176
f 128/20/177 212/18/177 127/20/177
f 126/20/178 212/18/178 211/18/178
f 125/38/179 211/18/179 210/18/179
f 554/80/180 249/18/180 553/81/180
f 555/76/7 218/18/7 556/76/7
f 206/18/181 37/20/181 36/20/181
f 205/18/182 36/20/182 35/20/182
f 204/18/183 35/20/183 34/20/183
f 203/18/184 34/20/184 33/20/184
f 32/20/185 203/18/185 33/20/185
f 32/20/186 305/82/186 303/83/186
f 311/22/187 433/84/187 434/22/187
f 298/85/186 300/86/186 299/87/186
f 201/18/188 306/88/188 307/89/188
f 287/19/189 398/21/189 400/19/189
f 309/90/190 319/91/190 323/92/190
f 351/37/191 462/93/191 352/93/191
f 557/94/192 207/95/192 490/96/192
f 45/8/193 248/9/193 188/9/193
f 223/41/194 29/5/194 25/20/194
f 247/38/195 36/20/195 37/20/195
f 249/18/196 37/20/196 207/95/196
f 44/8/197 246/45/197 45/8/197
f 21/5/198 222/8/198 18/8/198
f 245/20/199 35/20/199 36/20/199
f 43/8/200 244/39/200 44/8/200
f 17/5/201 240/5/201 16/5/201
f 35/20/202 238/20/202 34/20/202
f 29/5/203 239/5/203 26/5/203
f 42/8/204 241/8/204 43/8/204
f 236/8/205 16/8/205 15/8/205
f 26/5/206 235/20/206 239/5/206
f 34/20/207 234/44/207 33/20/207
f 41/8/208 237/8/208 42/8/208
f 229/8/209 15/8/209 13/8/209
f 24/20/210 232/20/210 235/20/210
f 33/20/211 231/40/211 32/20/211
f 230/42/212 41/8/212 40/8/212
f 23/20/213 228/20/213 22/20/213
f 32/20/214 227/20/214 31/20/214
f 226/8/215 40/8/215 39/8/215
f 14/20/216 229/8/216 13/8/216
f 22/20/217 225/20/217 14/20/217
f 31/20/218 224/40/218 30/20/218
f 221/8/219 39/8/219 38/8/219
f 30/20/220 223/41/220 25/20/220
f 222/8/221 38/8/221 18/8/221
f 220/5/222 21/5/222 17/5/222
f 13/8/223 471/7/223 558/9/223
f 472/9/224 15/8/224 48/9/224
f 267/97/225 325/98/225 326/99/225
f 22/20/225 327/100/225 289/101/225
f 313/84/226 431/102/226 433/84/226
f 330/103/227 23/20/227 287/19/227
f 288/21/228 399/101/228 398/21/228
f 333/104/229 46/33/229 332/105/229
f 335/106/229 334/107/229 23/20/229
f 352/93/230 461/108/230 349/108/230
f 46/33/231 331/109/231 559/18/231
f 336/110/231 23/20/231 330/103/231
f 308/102/232 432/90/232 431/102/232
f 47/33/233 338/111/233 295/34/233
f 25/20/233 296/35/233 340/112/233
f 349/108/234 460/113/234 350/113/234
f 47/33/235 341/114/235 337/115/235
f 342/116/235 30/20/235 340/112/235
f 297/117/236 403/5/236 408/117/236
f 478/23/237 479/26/237 201/18/237
f 480/26/238 481/27/238 202/18/238
f 482/27/239 561/27/239 203/18/239
f 49/9/240 18/8/240 181/9/240
f 38/8/241 39/8/241 182/9/241
f 182/9/242 39/8/242 40/8/242
f 183/9/243 40/8/243 41/8/243
f 184/9/244 41/8/244 42/8/244
f 185/9/245 42/8/245 43/8/245
f 186/9/246 43/8/246 44/8/246
f 187/9/247 44/8/247 45/8/247
f 492/29/248 493/5/248 27/5/248
f 46/33/249 290/30/249 332/105/249
f 293/118/249 24/20/249 334/107/249
f 312/119/250 430/120/250 315/120/250
f 494/5/251 530/5/251 174/5/251
f 27/5/252 294/32/252 291/5/252
f 297/117/252 28/5/252 292/5/252
f 320/121/253 460/113/253 421/121/253
f 26/5/254 28/5/254 25/20/254
f 496/5/255 19/5/255 49/9/255
f 20/5/256 18/8/256 49/9/256
f 20/5/257 17/5/257 21/5/257
f 48/9/258 19/5/258 495/5/258
f 48/9/259 16/8/259 20/5/259
f 145/20/44 106/20/44 105/20/44
f 218/18/7 209/62/7 106/20/7
f 113/8/45 114/8/45 146/8/45
f 147/5/46 92/5/46 91/8/46
f 149/20/47 105/20/47 104/20/47
f 112/8/48 113/8/48 150/8/48
f 155/5/49 89/5/49 90/5/49
f 152/38/50 104/20/50 103/20/50
f 98/5/51 97/5/51 156/5/51
f 111/8/52 112/8/52 154/8/52
f 159/8/53 88/8/53 89/8/53
f 97/5/54 95/20/54 160/20/54
f 157/20/55 103/20/55 102/20/55
f 110/8/56 111/8/56 158/8/56
f 170/8/57 86/8/57 88/8/57
f 95/20/58 94/20/58 163/20/58
f 161/20/59 102/20/59 101/20/59
f 109/8/60 110/8/60 162/39/60
f 94/20/61 93/20/61 164/20/61
f 165/20/62 101/20/62 100/20/62
f 108/8/59 109/8/59 168/8/59
f 87/20/63 86/8/63 170/8/63
f 54/5/260 58/5/260 219/5/260
f 55/8/261 75/8/261 221/8/261
f 224/40/262 67/20/262 62/20/262
f 75/8/263 76/8/263 226/8/263
f 227/20/264 68/20/264 67/20/264
f 228/20/265 59/20/265 51/20/265
f 225/20/266 51/20/266 50/8/266
f 76/8/267 77/8/267 230/42/267
f 231/40/268 69/20/268 68/20/268
f 232/20/269 59/20/269 60/20/269
f 77/8/270 78/8/270 233/43/270
f 234/44/271 70/20/271 69/20/271
f 235/20/272 232/20/272 60/20/272
f 229/8/273 50/8/273 52/8/273
f 78/8/274 79/8/274 237/8/274
f 238/20/275 71/20/275 70/20/275
f 239/5/276 235/20/276 61/20/276
f 236/8/277 52/8/277 53/8/277
f 79/8/278 80/8/278 241/8/278
f 242/5/83 66/5/83 63/5/83
f 243/20/279 72/20/279 71/20/279
f 220/5/280 53/5/280 54/5/280
f 80/8/281 81/8/281 244/39/281
f 245/20/282 73/20/282 72/20/282
f 219/5/283 58/5/283 55/8/283
f 81/8/284 82/8/284 246/45/284
f 208/18/285 74/20/285 247/38/285
f 247/38/286 74/20/286 73/20/286
f 62/20/287 66/5/287 242/5/287
f 110/8/288 136/46/288 137/8/288
f 86/8/289 85/50/289 83/8/289
f 119/20/290 118/47/290 94/20/290
f 128/20/291 127/20/291 101/20/291
f 109/8/292 135/45/292 136/46/292
f 118/47/293 117/48/293 93/20/293
f 127/20/294 126/20/294 100/20/294
f 108/8/295 134/43/295 135/45/295
f 84/20/296 85/50/296 86/8/296
f 117/48/297 84/20/297 87/20/297
f 126/20/298 125/38/298 99/20/298
f 107/8/299 133/39/299 134/43/299
f 125/38/300 120/60/300 96/20/300
f 91/8/301 57/8/301 133/39/301
f 90/5/302 64/5/302 116/5/302
f 96/20/303 120/60/303 124/5/303
f 132/20/304 131/20/304 105/20/304
f 171/47/110 96/20/110 98/5/110
f 151/5/111 90/5/111 92/5/111
f 148/8/112 91/8/112 107/8/112
f 173/20/113 99/20/113 96/20/113
f 172/39/114 107/8/114 108/8/114
f 166/20/115 100/20/115 99/20/115
f 93/20/116 87/20/116 169/20/116
f 178/49/305 83/8/305 85/50/305
f 563/122/306 528/123/306 143/9/306
f 143/9/307 65/8/307 83/8/307
f 180/52/308 118/47/308 141/59/308
f 118/47/309 119/20/309 141/59/309
f 142/124/310 120/60/310 125/38/310
f 142/124/311 125/38/311 210/18/311
f 565/125/312 547/74/312 189/9/312
f 189/9/313 133/39/313 57/8/313
f 190/9/314 134/43/314 133/39/314
f 191/9/315 135/45/315 134/43/315
f 191/9/316 192/57/316 136/46/316
f 192/57/317 193/56/317 137/8/317
f 193/56/318 194/9/318 138/39/318
f 194/9/319 195/9/319 139/42/319
f 195/9/320 196/9/320 140/8/320
f 119/20/321 123/5/321 122/5/321
f 120/60/322 142/124/322 122/5/322
f 121/5/323 124/5/323 120/60/323
f 144/56/324 57/8/324 115/5/324
f 116/5/325 64/5/325 115/5/325
f 529/5/326 566/5/326 56/5/326
f 56/5/327 115/5/327 65/8/327
f 129/20/328 128/20/328 102/20/328
f 121/5/329 119/20/329 95/20/329
f 88/8/330 83/8/330 65/8/330
f 111/8/331 137/8/331 138/39/331
f 124/5/332 121/5/332 97/5/332
f 130/20/333 129/20/333 103/20/333
f 89/5/334 65/5/334 64/5/334
f 112/8/335 138/39/335 139/42/335
f 131/20/336 130/20/336 104/20/336
f 92/5/337 116/5/337 57/8/337
f 113/8/338 139/42/338 140/8/338
f 209/62/339 217/126/339 132/20/339
f 164/20/116 169/20/116 51/20/116
f 68/20/115 166/20/115 173/20/115
f 75/8/114 172/39/114 167/8/114
f 173/20/113 171/47/113 62/20/113
f 55/8/112 148/8/112 172/39/112
f 54/5/111 151/5/111 147/5/111
f 171/47/110 153/5/110 66/5/110
f 169/20/63 170/8/63 50/8/63
f 167/8/59 168/8/59 77/8/59
f 69/20/62 165/20/62 166/20/62
f 163/20/61 164/20/61 59/20/61
f 168/8/60 162/39/60 78/8/60
f 70/20/59 161/20/59 165/20/59
f 160/20/58 163/20/58 60/20/58
f 50/8/57 170/8/57 159/8/57
f 162/39/56 158/8/56 79/8/56
f 71/20/55 157/20/55 161/20/55
f 63/5/54 156/5/54 160/20/54
f 52/8/53 159/8/53 155/8/53
f 158/8/52 154/8/52 80/8/52
f 153/5/51 156/5/51 63/5/51
f 152/38/50 157/20/50 71/20/50
f 53/5/49 155/5/49 151/5/49
f 154/8/340 150/8/340 81/8/340
f 73/20/341 149/20/341 152/38/341
f 58/5/46 147/5/46 148/8/46
f 150/8/45 146/8/45 82/8/45
f 208/18/342 218/18/342 145/20/342
f 74/20/343 145/20/343 149/20/343
f 531/63/344 567/127/344 175/33/344
f 174/5/345 175/33/345 47/33/345
f 117/48/346 118/47/346 180/52/346
f 84/20/347 117/48/347 179/64/347
f 534/65/348 562/128/348 178/49/348
f 177/18/349 176/49/349 85/50/349
f 146/8/161 199/9/161 197/9/161
f 246/45/350 82/8/350 197/9/350
f 114/8/161 198/9/161 199/9/161
f 196/9/351 198/9/351 114/8/351
f 196/9/352 535/58/352 521/58/352
f 195/9/353 537/66/353 536/66/353
f 194/9/354 539/68/354 538/67/354
f 193/56/355 541/70/355 540/69/355
f 192/57/356 543/72/356 542/71/356
f 546/73/357 544/73/357 191/9/357
f 548/74/358 545/73/358 190/9/358
f 218/18/359 549/75/359 556/76/359
f 217/126/360 551/77/360 564/129/360
f 132/20/361 217/126/361 216/18/361
f 131/20/362 216/18/362 215/18/362
f 130/20/363 215/18/363 214/18/363
f 129/20/364 214/18/364 213/79/364
f 128/20/365 213/79/365 212/18/365
f 126/20/366 127/20/366 212/18/366
f 125/38/367 126/20/367 211/18/367
f 554/80/368 550/76/368 208/18/368
f 209/62/7 555/76/7 552/78/7
f 206/18/369 207/95/369 37/20/369
f 205/18/370 206/18/370 36/20/370
f 204/18/371 205/18/371 35/20/371
f 203/18/372 204/18/372 34/20/372
f 32/20/373 202/18/373 203/18/373
f 202/18/374 345/130/374 344/131/374
f 302/132/375 348/133/375 299/87/375
f 294/32/376 402/5/376 291/5/376
f 31/20/374 355/134/374 354/135/374
f 349/108/374 320/121/374 343/11/374
f 316/136/377 430/120/377 429/136/377
f 360/137/378 358/138/378 200/24/378
f 30/20/378 359/139/378 309/90/378
f 284/17/16 397/15/16 286/15/16
f 557/94/379 553/81/379 249/18/379
f 45/8/380 246/45/380 248/9/380
f 223/41/381 242/5/381 29/5/381
f 247/38/382 245/20/382 36/20/382
f 249/18/383 247/38/383 37/20/383
f 44/8/384 244/39/384 246/45/384
f 21/5/385 219/5/385 222/8/385
f 245/20/386 243/20/386 35/20/386
f 43/8/387 241/8/387 244/39/387
f 17/5/388 220/5/388 240/5/388
f 35/20/389 243/20/389 238/20/389
f 29/5/390 242/5/390 239/5/390
f 42/8/391 237/8/391 241/8/391
f 236/8/392 240/8/392 16/8/392
f 26/5/393 24/20/393 235/20/393
f 34/20/394 238/20/394 234/44/394
f 41/8/395 233/43/395 237/8/395
f 229/8/396 236/8/396 15/8/396
f 24/20/397 232/20/397 23/20/397
f 33/20/398 234/44/398 231/40/398
f 230/42/399 233/43/399 41/8/399
f 23/20/400 232/20/400 228/20/400
f 32/20/401 231/40/401 227/20/401
f 226/8/402 230/42/402 40/8/402
f 14/20/403 225/20/403 229/8/403
f 22/20/404 228/20/404 225/20/404
f 31/20/405 227/20/405 224/40/405
f 221/8/406 226/8/406 39/8/406
f 30/20/407 224/40/407 223/41/407
f 222/8/408 221/8/408 38/8/408
f 220/5/409 219/5/409 21/5/409
f 382/13/15 383/12/15 368/140/15
f 391/141/15 390/142/15 373/143/15
f 396/144/17 400/19/17 398/21/17
f 402/5/32 404/118/32 401/30/32
f 406/34/36 408/117/36 405/32/36
f 411/132/186 410/83/186 413/82/186
f 423/145/410 428/91/410 430/120/410
f 433/84/188 431/102/188 416/88/188
f 370/146/225 384/31/225 435/16/225
f 400/19/227 437/147/227 438/109/227
f 440/105/229 444/107/229 442/106/229
f 443/110/231 438/109/231 441/104/231
f 446/115/233 448/112/233 447/148/233
f 448/112/235 449/114/235 450/116/235
f 401/30/249 444/107/249 440/105/249
f 403/5/252 405/32/252 408/117/252
f 461/108/374 462/93/374 457/134/374
f 452/130/374 464/11/374 453/131/374
f 450/116/378 449/114/378 466/138/378
f 289/101/411 436/100/411 399/101/411
f 357/36/412 465/10/412 454/36/412
f 327/100/413 370/146/413 436/100/413
f 358/138/414 449/114/414 341/114/414
f 329/147/415 396/144/415 285/144/415
f 269/149/416 361/150/416 362/149/416
f 307/89/417 467/137/417 360/137/417
f 271/151/418 362/149/418 363/151/418
f 360/137/419 466/138/419 358/138/419
f 291/5/420 401/30/420 290/30/420
f 331/109/421 437/147/421 329/147/421
f 271/151/422 364/152/422 274/152/422
f 309/90/423 468/139/423 432/90/423
f 330/103/424 400/19/424 439/103/424
f 274/152/425 365/153/425 273/153/425
f 359/139/426 450/116/426 468/139/426
f 273/153/427 366/154/427 282/154/427
f 282/154/428 367/155/428 276/155/428
f 332/105/429 441/104/429 333/104/429
f 276/155/430 368/140/430 281/140/430
f 281/140/431 369/156/431 278/156/431
f 292/5/432 404/118/432 403/5/432
f 277/146/413 369/156/413 370/146/413
f 335/106/433 443/110/433 442/106/433
f 334/107/434 442/106/434 444/107/434
f 259/157/435 371/158/435 253/158/435
f 253/158/436 373/143/436 254/143/436
f 254/143/437 374/159/437 251/159/437
f 301/160/438 410/83/438 409/160/438
f 251/159/439 375/161/439 250/161/439
f 250/161/440 376/162/440 252/162/440
f 302/132/441 409/160/441 411/132/441
f 331/109/442 441/104/442 438/109/442
f 252/162/443 377/163/443 255/163/443
f 330/103/444 443/110/444 336/110/444
f 255/163/445 378/164/445 256/164/445
f 338/111/446 406/34/446 295/34/446
f 256/164/447 379/165/447 260/165/447
f 260/165/448 380/166/448 264/166/448
f 295/34/446 405/32/446 294/32/446
f 337/115/414 445/111/414 338/111/414
f 264/166/449 361/150/449 265/150/449
f 340/112/426 447/148/426 448/112/426
f 271/151/450 381/167/450 363/151/450
f 272/167/451 382/13/451 381/167/451
f 339/148/452 407/35/452 447/148/452
f 305/82/453 412/168/453 413/82/453
f 275/13/454 383/12/454 382/13/454
f 303/83/455 413/82/455 410/83/455
f 279/31/456 383/12/456 280/12/456
f 296/35/457 408/117/457 407/35/457
f 341/114/458 446/115/458 337/115/458
f 298/85/459 415/87/459 414/85/459
f 270/169/460 363/151/460 385/169/460
f 306/88/461 417/89/461 307/89/461
f 283/170/462 385/169/462 386/170/462
f 263/171/463 386/170/463 387/171/463
f 342/116/464 448/112/464 450/116/464
f 262/172/465 387/171/465 388/172/465
f 298/85/466 451/173/466 346/173/466
f 310/174/467 416/88/467 306/88/467
f 261/175/468 388/172/468 389/175/468
f 346/173/469 452/130/469 345/130/469
f 312/119/470 420/176/470 419/119/470
f 257/142/471 389/175/471 390/142/471
f 345/130/472 453/131/472 344/131/472
f 314/176/473 421/121/473 420/176/473
f 258/141/474 390/142/474 391/141/474
f 344/131/475 418/174/475 310/174/475
f 268/14/476 391/141/476 392/14/476
f 357/36/477 411/132/477 454/36/477
f 317/145/478 422/177/478 318/177/478
f 266/178/479 392/14/479 393/178/479
f 348/133/480 454/36/480 455/133/480
f 324/179/481 423/145/481 317/145/481
f 267/97/482 393/178/482 394/97/482
f 299/87/483 455/133/483 415/87/483
f 321/180/484 424/179/484 324/179/484
f 304/168/485 456/135/485 412/168/485
f 321/180/486 426/92/486 425/180/486
f 267/97/487 372/157/487 259/157/487
f 354/135/488 457/134/488 456/135/488
f 322/181/489 426/92/489 323/92/489
f 290/30/490 440/105/490 332/105/490
f 355/134/491 458/182/491 457/134/491
f 319/91/492 427/181/492 322/181/492
f 293/118/493 444/107/493 404/118/493
f 356/182/494 459/183/494 458/182/494
f 319/91/495 429/136/495 428/91/495
f 285/144/496 395/17/496 284/17/496
f 353/183/497 422/177/497 459/183/497
f 178/49/498 563/122/498 143/9/498
f 532/127/499 47/33/499 175/33/499
f 175/33/500 567/127/500 532/127/500
f 56/5/501 527/184/501 144/56/501
f 144/56/502 527/184/502 526/185/502
f 144/56/503 565/125/503 189/9/503
f 122/5/504 525/186/504 524/5/504
f 522/187/505 141/59/505 122/5/505
f 122/5/506 524/5/506 522/187/506
f 217/126/507 520/188/507 216/18/507
f 216/18/508 520/188/508 519/189/508
f 216/18/509 518/189/509 215/18/509
f 215/18/510 518/189/510 517/190/510
f 215/18/511 516/190/511 214/18/511
f 214/18/512 516/190/512 515/191/512
f 214/18/513 514/192/513 213/79/513
f 213/79/514 514/192/514 513/193/514
f 213/79/515 512/194/515 212/18/515
f 212/18/516 512/194/516 511/194/516
f 509/195/517 211/18/517 212/18/517
f 212/18/518 511/194/518 509/195/518
f 507/196/519 210/18/519 211/18/519
f 211/18/520 510/195/520 507/196/520
f 142/124/521 525/186/521 122/5/521
f 210/18/522 508/197/522 505/55/522
f 523/198/523 180/52/523 141/59/523
f 501/199/524 179/64/524 180/52/524
f 180/52/525 503/51/525 501/199/525
f 499/200/526 177/18/526 179/64/526
f 179/64/527 502/201/527 499/200/527
f 497/202/528 176/49/528 177/18/528
f 177/18/529 500/203/529 497/202/529
f 46/33/530 560/204/530 491/28/530
f 489/205/531 207/95/531 206/18/531
f 206/18/532 488/206/532 489/205/532
f 487/206/533 206/18/533 205/18/533
f 205/18/534 486/207/534 487/206/534
f 485/207/535 205/18/535 204/18/535
f 204/18/536 484/208/536 485/207/536
f 483/208/537 204/18/537 203/18/537
f 203/18/538 561/27/538 483/208/538
f 533/127/539 200/24/539 47/33/539
f 559/18/227 331/109/227 329/147/227
f 326/99/225 325/98/225 474/18/225
f 13/8/540 470/209/540 14/20/540
f 14/20/541 470/209/541 469/18/541
f 469/18/15 260/165/15 264/166/15
f 471/7/542 472/9/542 570/8/542
f 570/8/543 48/9/543 571/8/543
f 888/10/544 1005/11/544 884/11/544
f 798/142/545 802/175/545 816/13/545
f 976/16/546 827/15/546 869/16/546
f 474/18/547 827/15/547 825/17/547
f 829/21/547 577/20/547 828/19/547
f 884/11/548 975/22/548 852/22/548
f 476/23/549 477/25/549 742/24/549
f 478/23/550 742/24/550 743/18/550
f 480/26/551 743/18/551 744/18/551
f 482/27/552 744/18/552 745/18/552
f 573/8/553 181/9/553 593/8/553
f 593/8/554 181/9/554 182/9/554
f 182/9/555 183/9/555 595/8/555
f 183/9/556 184/9/556 596/8/556
f 184/9/557 185/9/557 597/8/557
f 185/9/558 186/9/558 598/8/558
f 186/9/559 187/9/559 599/8/559
f 187/9/560 188/9/560 600/8/560
f 491/28/561 582/5/561 492/29/561
f 831/30/562 832/5/562 582/5/562
f 833/5/562 579/20/562 583/5/562
f 925/31/563 869/16/563 820/31/563
f 581/5/564 583/5/564 579/20/564
f 494/5/565 582/5/565 727/5/565
f 835/32/566 836/34/566 602/33/566
f 837/35/566 583/5/566 580/20/566
f 1004/37/567 898/36/567 892/37/567
f 581/5/568 584/5/568 580/20/568
f 575/5/569 574/5/569 49/9/569
f 575/5/570 573/8/570 576/5/570
f 572/5/571 571/5/571 575/5/571
f 495/5/572 496/5/572 574/5/572
f 48/9/573 574/5/573 575/5/573
f 698/20/574 702/20/574 658/20/574
f 760/18/7 698/20/7 659/20/7
f 666/8/575 703/8/575 699/8/575
f 700/5/576 701/8/576 644/8/576
f 702/20/577 705/38/577 657/20/577
f 665/8/578 707/8/578 703/8/578
f 708/5/579 704/5/579 643/5/579
f 705/38/580 710/20/580 656/20/580
f 651/5/581 706/5/581 709/5/581
f 664/8/582 711/8/582 707/8/582
f 712/8/583 708/8/583 642/8/583
f 650/5/584 709/5/584 713/20/584
f 710/20/585 714/20/585 655/20/585
f 663/8/586 715/39/586 711/8/586
f 723/8/587 712/8/587 641/8/587
f 648/20/588 713/20/588 716/20/588
f 714/20/589 718/20/589 654/20/589
f 662/8/590 721/8/590 715/39/590
f 647/20/591 716/20/591 717/20/591
f 718/20/592 719/20/592 653/20/592
f 661/8/589 720/8/589 721/8/589
f 640/20/593 722/20/593 723/8/593
f 607/5/594 762/5/594 761/5/594
f 608/8/595 764/8/595 763/8/595
f 766/40/596 765/41/596 615/20/596
f 628/8/597 763/8/597 768/8/597
f 769/20/598 766/40/598 620/20/598
f 770/20/599 767/20/599 604/20/599
f 767/20/600 771/8/600 603/8/600
f 629/8/601 768/8/601 772/42/601
f 773/40/602 769/20/602 621/20/602
f 774/20/603 770/20/603 612/20/603
f 630/8/604 772/42/604 775/43/604
f 776/44/605 773/40/605 622/20/605
f 777/20/606 614/20/606 613/20/606
f 771/8/607 778/8/607 605/8/607
f 631/8/608 775/43/608 779/8/608
f 780/20/609 776/44/609 623/20/609
f 781/5/610 616/5/610 614/20/610
f 778/8/611 782/8/611 606/8/611
f 632/8/612 779/8/612 783/8/612
f 784/5/613 781/5/613 616/5/613
f 785/20/614 780/20/614 624/20/614
f 762/5/615 782/5/615 606/5/615
f 633/8/616 783/8/616 786/39/616
f 787/20/617 785/20/617 625/20/617
f 761/5/618 764/8/618 608/8/618
f 634/8/619 786/39/619 788/45/619
f 750/18/620 790/18/620 789/38/620
f 789/38/621 787/20/621 626/20/621
f 615/20/622 765/41/622 784/5/622
f 663/8/623 664/8/623 690/8/623
f 639/8/624 641/8/624 636/8/624
f 672/20/625 648/20/625 647/20/625
f 681/20/626 655/20/626 654/20/626
f 662/8/627 663/8/627 689/46/627
f 671/47/628 647/20/628 646/20/628
f 680/20/629 654/20/629 653/20/629
f 661/8/630 662/8/630 688/45/630
f 637/20/631 640/20/631 639/8/631
f 670/48/632 646/20/632 640/20/632
f 679/20/633 653/20/633 652/20/633
f 660/8/634 661/8/634 687/43/634
f 678/38/635 652/20/635 649/20/635
f 644/8/636 660/8/636 686/39/636
f 643/5/637 645/5/637 669/5/637
f 649/20/638 651/5/638 677/5/638
f 685/20/639 659/20/639 658/20/639
f 724/47/640 706/5/640 651/5/640
f 704/5/641 700/5/641 645/5/641
f 701/8/642 725/39/642 660/8/642
f 726/20/643 724/47/643 649/20/643
f 725/39/644 720/8/644 661/8/644
f 719/20/645 726/20/645 652/20/645
f 646/20/646 717/20/646 722/20/646
f 731/49/647 729/49/647 638/50/647
f 696/9/648 731/49/648 636/8/648
f 503/51/649 504/53/649 733/52/649
f 506/54/650 752/18/650 695/124/650
f 734/9/651 697/56/651 610/8/651
f 735/9/652 734/9/652 686/39/652
f 736/9/653 735/9/653 687/43/653
f 736/9/654 688/45/654 689/46/654
f 737/57/655 689/46/655 690/8/655
f 738/56/656 690/8/656 691/39/656
f 739/9/657 691/39/657 692/42/657
f 740/9/658 692/42/658 693/8/658
f 198/9/659 521/58/659 741/9/659
f 672/20/660 694/59/660 675/5/660
f 674/5/661 672/20/661 676/5/661
f 673/60/662 676/5/662 675/5/662
f 674/5/663 676/5/663 673/60/663
f 697/56/664 609/5/664 668/5/664
f 669/5/665 610/8/665 668/5/665
f 617/5/666 668/5/666 618/5/666
f 529/5/667 696/9/667 609/5/667
f 609/5/668 696/9/668 618/8/668
f 682/20/669 656/20/669 655/20/669
f 674/5/670 650/5/670 648/20/670
f 641/8/671 642/8/671 618/8/671
f 664/8/672 665/8/672 691/39/672
f 677/5/673 651/5/673 650/5/673
f 683/20/674 657/20/674 656/20/674
f 642/5/675 643/5/675 617/5/675
f 665/8/676 666/8/676 692/42/676
f 684/20/677 658/20/677 657/20/677
f 645/5/678 644/8/678 610/8/678
f 666/8/679 667/8/679 693/8/679
f 751/62/680 659/20/680 685/20/680
f 717/20/646 612/20/646 604/20/646
f 621/20/645 620/20/645 726/20/645
f 628/8/644 629/8/644 720/8/644
f 726/20/643 620/20/643 615/20/643
f 608/8/642 628/8/642 725/39/642
f 607/5/641 611/5/641 700/5/641
f 724/47/640 615/20/640 619/5/640
f 722/20/593 604/20/593 603/8/593
f 720/8/589 629/8/589 630/8/589
f 622/20/592 621/20/592 719/20/592
f 716/20/591 613/20/591 612/20/591
f 721/8/590 630/8/590 631/8/590
f 623/20/589 622/20/589 718/20/589
f 713/20/588 614/20/588 613/20/588
f 603/8/587 605/8/587 712/8/587
f 715/39/586 631/8/586 632/8/586
f 624/20/585 623/20/585 714/20/585
f 616/5/584 614/20/584 713/20/584
f 605/8/583 606/8/583 708/8/583
f 711/8/582 632/8/582 633/8/582
f 706/5/581 619/5/581 616/5/581
f 705/38/681 625/20/681 624/20/681
f 606/5/579 607/5/579 704/5/579
f 707/8/578 633/8/578 634/8/578
f 626/20/682 625/20/682 705/38/682
f 611/5/576 608/8/576 701/8/576
f 703/8/575 634/8/575 635/8/575
f 750/18/683 627/20/683 698/20/683
f 627/20/684 626/20/684 702/20/684
f 530/5/685 728/33/685 531/63/685
f 727/5/686 582/5/686 602/33/686
f 670/48/687 732/64/687 733/52/687
f 637/20/688 730/18/688 732/64/688
f 534/65/689 729/49/689 731/49/689
f 730/18/690 637/20/690 638/50/690
f 699/8/161 635/8/161 197/9/161
f 788/45/691 248/9/691 197/9/691
f 667/8/161 699/8/161 199/9/161
f 741/9/692 693/8/692 667/8/692
f 535/58/693 536/66/693 740/9/693
f 537/66/694 538/67/694 739/9/694
f 539/68/695 540/69/695 738/56/695
f 541/70/696 542/71/696 737/57/696
f 543/72/697 544/73/697 736/9/697
f 546/73/698 735/9/698 736/9/698
f 548/74/699 734/9/699 735/9/699
f 549/75/700 550/76/700 750/18/700
f 551/77/701 552/78/701 751/62/701
f 685/20/702 684/20/702 758/18/702
f 684/20/703 683/20/703 757/18/703
f 683/20/704 682/20/704 756/18/704
f 682/20/705 681/20/705 755/79/705
f 681/20/706 680/20/706 754/18/706
f 679/20/707 753/18/707 754/18/707
f 678/38/708 752/18/708 753/18/708
f 554/80/709 790/18/709 750/18/709
f 555/76/7 556/76/7 760/18/7
f 748/18/710 591/20/710 592/20/710
f 747/18/711 590/20/711 591/20/711
f 746/18/712 589/20/712 590/20/712
f 745/18/713 588/20/713 589/20/713
f 587/20/714 588/20/714 745/18/714
f 844/83/715 587/20/715 841/86/715
f 852/22/716 974/84/716 854/84/716
f 839/85/715 840/87/715 841/86/715
f 847/88/717 743/18/717 848/89/717
f 828/19/718 939/21/718 829/21/718
f 850/90/719 860/91/719 857/136/719
f 1003/93/720 892/37/720 893/93/720
f 557/94/721 749/95/721 790/18/721
f 600/8/722 188/9/722 248/9/722
f 765/41/723 580/20/723 584/5/723
f 789/38/724 592/20/724 591/20/724
f 790/18/725 749/95/725 592/20/725
f 599/8/726 600/8/726 788/45/726
f 576/5/727 573/8/727 764/8/727
f 787/20/728 591/20/728 590/20/728
f 598/8/729 599/8/729 786/39/729
f 572/5/730 571/5/730 782/5/730
f 590/20/731 589/20/731 780/20/731
f 584/5/732 581/5/732 781/5/732
f 597/8/733 598/8/733 783/8/733
f 778/8/734 570/8/734 571/8/734
f 581/5/735 781/5/735 777/20/735
f 589/20/736 588/20/736 776/44/736
f 596/8/737 597/8/737 779/8/737
f 771/8/738 568/8/738 570/8/738
f 579/20/739 777/20/739 774/20/739
f 588/20/740 587/20/740 773/40/740
f 772/42/741 595/8/741 596/8/741
f 578/20/742 577/20/742 770/20/742
f 587/20/743 586/20/743 769/20/743
f 768/8/744 594/8/744 595/8/744
f 569/20/745 568/8/745 771/8/745
f 577/20/746 569/20/746 767/20/746
f 586/20/747 585/20/747 766/40/747
f 763/8/748 593/8/748 594/8/748
f 585/20/749 580/20/749 765/41/749
f 764/8/750 573/8/750 593/8/750
f 762/5/751 572/5/751 576/5/751
f 471/7/752 568/8/752 558/9/752
f 472/9/753 48/9/753 570/8/753
f 808/97/754 866/98/754 800/157/754
f 868/100/754 577/20/754 830/101/754
f 854/84/755 972/102/755 849/102/755
f 871/103/756 828/19/756 578/20/756
f 829/21/757 940/101/757 830/101/757
f 874/104/758 873/105/758 601/33/758
f 876/106/758 578/20/758 875/107/758
f 1002/108/759 893/93/759 890/108/759
f 872/109/760 874/104/760 601/33/760
f 877/110/760 871/103/760 578/20/760
f 849/102/761 973/90/761 850/90/761
f 879/111/762 602/33/762 836/34/762
f 580/20/762 881/112/762 837/35/762
f 1001/113/763 890/108/763 891/113/763
f 882/114/764 602/33/764 878/115/764
f 883/116/764 881/112/764 585/20/764
f 838/117/765 944/5/765 833/5/765
f 478/23/766 743/18/766 479/26/766
f 480/26/767 744/18/767 481/27/767
f 482/27/768 745/18/768 561/27/768
f 49/9/769 181/9/769 573/8/769
f 593/8/770 182/9/770 594/8/770
f 182/9/771 595/8/771 594/8/771
f 183/9/772 596/8/772 595/8/772
f 184/9/773 597/8/773 596/8/773
f 185/9/774 598/8/774 597/8/774
f 186/9/775 599/8/775 598/8/775
f 187/9/776 600/8/776 599/8/776
f 492/29/777 582/5/777 493/5/777
f 831/30/778 601/33/778 873/105/778
f 834/118/778 875/107/778 579/20/778
f 971/120/779 853/119/779 856/120/779
f 494/5/251 727/5/251 530/5/251
f 835/32/780 582/5/780 832/5/780
f 838/117/780 833/5/780 583/5/780
f 861/121/781 1001/113/781 891/113/781
f 581/5/782 580/20/782 583/5/782
f 496/5/783 49/9/783 574/5/783
f 575/5/784 49/9/784 573/8/784
f 575/5/785 576/5/785 572/5/785
f 48/9/786 495/5/786 574/5/786
f 48/9/787 575/5/787 571/8/787
f 698/20/574 658/20/574 659/20/574
f 760/18/7 659/20/7 751/62/7
f 666/8/575 699/8/575 667/8/575
f 700/5/576 644/8/576 645/5/576
f 702/20/577 657/20/577 658/20/577
f 665/8/578 703/8/578 666/8/578
f 708/5/579 643/5/579 642/5/579
f 705/38/580 656/20/580 657/20/580
f 651/5/581 709/5/581 650/5/581
f 664/8/582 707/8/582 665/8/582
f 712/8/583 642/8/583 641/8/583
f 650/5/584 713/20/584 648/20/584
f 710/20/585 655/20/585 656/20/585
f 663/8/586 711/8/586 664/8/586
f 723/8/587 641/8/587 639/8/587
f 648/20/588 716/20/588 647/20/588
f 714/20/589 654/20/589 655/20/589
f 662/8/590 715/39/590 663/8/590
f 647/20/591 717/20/591 646/20/591
f 718/20/592 653/20/592 654/20/592
f 661/8/589 721/8/589 662/8/589
f 640/20/593 723/8/593 639/8/593
f 607/5/788 761/5/788 611/5/788
f 608/8/789 763/8/789 628/8/789
f 766/40/790 615/20/790 620/20/790
f 628/8/791 768/8/791 629/8/791
f 769/20/792 620/20/792 621/20/792
f 770/20/793 604/20/793 612/20/793
f 767/20/794 603/8/794 604/20/794
f 629/8/795 772/42/795 630/8/795
f 773/40/796 621/20/796 622/20/796
f 774/20/797 613/20/797 612/20/797
f 630/8/798 775/43/798 631/8/798
f 776/44/799 622/20/799 623/20/799
f 777/20/800 613/20/800 774/20/800
f 771/8/801 605/8/801 603/8/801
f 631/8/802 779/8/802 632/8/802
f 780/20/803 623/20/803 624/20/803
f 781/5/804 614/20/804 777/20/804
f 778/8/805 606/8/805 605/8/805
f 632/8/806 783/8/806 633/8/806
f 784/5/613 616/5/613 619/5/613
f 785/20/807 624/20/807 625/20/807
f 762/5/808 607/5/808 606/5/808
f 633/8/809 786/39/809 634/8/809
f 787/20/810 625/20/810 626/20/810
f 761/5/811 608/8/811 611/5/811
f 634/8/812 788/45/812 635/8/812
f 750/18/813 789/38/813 627/20/813
f 789/38/814 626/20/814 627/20/814
f 615/20/815 784/5/815 619/5/815
f 663/8/816 690/8/816 689/46/816
f 639/8/817 636/8/817 638/50/817
f 672/20/818 647/20/818 671/47/818
f 681/20/819 654/20/819 680/20/819
f 662/8/820 689/46/820 688/45/820
f 671/47/821 646/20/821 670/48/821
f 680/20/822 653/20/822 679/20/822
f 661/8/823 688/45/823 687/43/823
f 637/20/824 639/8/824 638/50/824
f 670/48/825 640/20/825 637/20/825
f 679/20/826 652/20/826 678/38/826
f 660/8/827 687/43/827 686/39/827
f 678/38/828 649/20/828 673/60/828
f 644/8/829 686/39/829 610/8/829
f 643/5/830 669/5/830 617/5/830
f 649/20/831 677/5/831 673/60/831
f 685/20/832 658/20/832 684/20/832
f 724/47/640 651/5/640 649/20/640
f 704/5/641 645/5/641 643/5/641
f 701/8/642 660/8/642 644/8/642
f 726/20/643 649/20/643 652/20/643
f 725/39/644 661/8/644 660/8/644
f 719/20/645 652/20/645 653/20/645
f 646/20/646 722/20/646 640/20/646
f 731/49/833 638/50/833 636/8/833
f 563/122/834 696/9/834 528/123/834
f 696/9/835 636/8/835 618/8/835
f 733/52/836 694/59/836 671/47/836
f 671/47/837 694/59/837 672/20/837
f 695/124/838 678/38/838 673/60/838
f 695/124/839 752/18/839 678/38/839
f 565/125/840 734/9/840 547/74/840
f 734/9/841 610/8/841 686/39/841
f 735/9/842 686/39/842 687/43/842
f 736/9/843 687/43/843 688/45/843
f 736/9/844 689/46/844 737/57/844
f 737/57/845 690/8/845 738/56/845
f 738/56/846 691/39/846 739/9/846
f 739/9/847 692/42/847 740/9/847
f 740/9/848 693/8/848 741/9/848
f 672/20/849 675/5/849 676/5/849
f 673/60/850 675/5/850 695/124/850
f 674/5/851 673/60/851 677/5/851
f 697/56/852 668/5/852 610/8/852
f 669/5/853 668/5/853 617/5/853
f 529/5/854 609/5/854 566/5/854
f 609/5/855 618/8/855 668/5/855
f 682/20/856 655/20/856 681/20/856
f 674/5/857 648/20/857 672/20/857
f 641/8/858 618/8/858 636/8/858
f 664/8/859 691/39/859 690/8/859
f 677/5/860 650/5/860 674/5/860
f 683/20/861 656/20/861 682/20/861
f 642/5/862 617/5/862 618/5/862
f 665/8/863 692/42/863 691/39/863
f 684/20/864 657/20/864 683/20/864
f 645/5/865 610/8/865 669/5/865
f 666/8/866 693/8/866 692/42/866
f 751/62/867 685/20/867 759/126/867
f 717/20/646 604/20/646 722/20/646
f 621/20/645 726/20/645 719/20/645
f 628/8/644 720/8/644 725/39/644
f 726/20/643 615/20/643 724/47/643
f 608/8/642 725/39/642 701/8/642
f 607/5/641 700/5/641 704/5/641
f 724/47/640 619/5/640 706/5/640
f 722/20/593 603/8/593 723/8/593
f 720/8/589 630/8/589 721/8/589
f 622/20/592 719/20/592 718/20/592
f 716/20/591 612/20/591 717/20/591
f 721/8/590 631/8/590 715/39/590
f 623/20/589 718/20/589 714/20/589
f 713/20/588 613/20/588 716/20/588
f 603/8/587 712/8/587 723/8/587
f 715/39/586 632/8/586 711/8/586
f 624/20/585 714/20/585 710/20/585
f 616/5/584 713/20/584 709/5/584
f 605/8/583 708/8/583 712/8/583
f 711/8/582 633/8/582 707/8/582
f 706/5/581 616/5/581 709/5/581
f 705/38/580 624/20/580 710/20/580
f 606/5/579 704/5/579 708/5/579
f 707/8/868 634/8/868 703/8/868
f 626/20/869 705/38/869 702/20/869
f 611/5/576 701/8/576 700/5/576
f 703/8/575 635/8/575 699/8/575
f 750/18/870 698/20/870 760/18/870
f 627/20/871 702/20/871 698/20/871
f 531/63/872 728/33/872 567/127/872
f 727/5/873 602/33/873 728/33/873
f 670/48/874 733/52/874 671/47/874
f 637/20/875 732/64/875 670/48/875
f 534/65/876 731/49/876 562/128/876
f 730/18/877 638/50/877 729/49/877
f 699/8/161 197/9/161 199/9/161
f 788/45/878 197/9/878 635/8/878
f 667/8/161 199/9/161 198/9/161
f 741/9/879 667/8/879 198/9/879
f 535/58/880 741/9/880 521/58/880
f 537/66/881 740/9/881 536/66/881
f 539/68/882 739/9/882 538/67/882
f 541/70/883 738/56/883 540/69/883
f 543/72/884 737/57/884 542/71/884
f 546/73/885 736/9/885 544/73/885
f 548/74/886 735/9/886 545/73/886
f 549/75/887 760/18/887 556/76/887
f 551/77/888 759/126/888 564/129/888
f 685/20/889 758/18/889 759/126/889
f 684/20/890 757/18/890 758/18/890
f 683/20/891 756/18/891 757/18/891
f 682/20/892 755/79/892 756/18/892
f 681/20/893 754/18/893 755/79/893
f 679/20/894 754/18/894 680/20/894
f 678/38/895 753/18/895 679/20/895
f 554/80/896 750/18/896 550/76/896
f 555/76/7 751/62/7 552/78/7
f 748/18/897 592/20/897 749/95/897
f 747/18/898 591/20/898 748/18/898
f 746/18/899 590/20/899 747/18/899
f 745/18/900 589/20/900 746/18/900
f 587/20/901 745/18/901 744/18/901
f 886/130/902 887/173/902 744/18/902
f 843/132/902 889/133/902 898/36/902
f 943/5/903 835/32/903 832/5/903
f 586/20/902 897/182/902 894/183/902
f 890/108/902 884/11/902 861/121/902
f 857/136/904 971/120/904 856/120/904
f 901/137/905 743/18/905 742/24/905
f 900/139/905 585/20/905 850/90/905
f 938/15/546 825/17/546 827/15/546
f 557/94/906 790/18/906 553/81/906
f 600/8/907 248/9/907 788/45/907
f 765/41/908 584/5/908 784/5/908
f 789/38/909 591/20/909 787/20/909
f 790/18/910 592/20/910 789/38/910
f 599/8/911 788/45/911 786/39/911
f 576/5/912 764/8/912 761/5/912
f 787/20/913 590/20/913 785/20/913
f 598/8/914 786/39/914 783/8/914
f 572/5/915 782/5/915 762/5/915
f 590/20/916 780/20/916 785/20/916
f 584/5/917 781/5/917 784/5/917
f 597/8/918 783/8/918 779/8/918
f 778/8/919 571/8/919 782/8/919
f 581/5/920 777/20/920 579/20/920
f 589/20/921 776/44/921 780/20/921
f 596/8/922 779/8/922 775/43/922
f 771/8/923 570/8/923 778/8/923
f 579/20/924 578/20/924 774/20/924
f 588/20/925 773/40/925 776/44/925
f 772/42/926 596/8/926 775/43/926
f 578/20/927 770/20/927 774/20/927
f 587/20/928 769/20/928 773/40/928
f 768/8/929 595/8/929 772/42/929
f 569/20/930 771/8/930 767/20/930
f 577/20/931 767/20/931 770/20/931
f 586/20/932 766/40/932 769/20/932
f 763/8/933 594/8/933 768/8/933
f 585/20/934 765/41/934 766/40/934
f 764/8/935 593/8/935 763/8/935
f 762/5/936 576/5/936 761/5/936
f 924/12/545 923/13/545 909/140/545
f 931/142/545 932/141/545 914/143/545
f 937/144/547 936/17/547 939/21/547
f 945/118/562 943/5/562 942/30/562
f 949/117/566 947/34/566 946/32/566
f 951/83/715 950/160/715 952/132/715
f 969/91/937 968/181/937 964/145/937
f 972/102/717 974/84/717 957/88/717
f 976/16/754 977/100/754 938/15/754
f 978/147/756 937/144/756 941/19/756
f 983/106/758 985/107/758 981/105/758
f 984/110/760 979/109/760 980/103/760
f 988/148/762 986/111/762 948/35/762
f 989/112/764 990/114/764 987/115/764
f 942/30/778 985/107/778 945/118/778
f 944/5/780 946/32/780 943/5/780
f 953/168/902 1004/37/902 1003/93/902
f 956/87/902 955/85/902 1006/10/902
f 1009/139/905 973/90/905 1007/138/905
f 830/101/938 977/100/938 868/100/938
f 898/36/939 1006/10/939 888/10/939
f 868/100/940 911/146/940 818/146/940
f 990/114/941 899/138/941 882/114/941
f 937/144/942 870/147/942 826/144/942
f 810/149/943 902/150/943 806/150/943
f 1008/137/944 848/89/944 901/137/944
f 812/151/945 903/149/945 810/149/945
f 1007/138/946 901/137/946 899/138/946
f 942/30/947 832/5/947 831/30/947
f 978/147/948 872/109/948 870/147/948
f 905/152/949 812/151/949 815/152/949
f 850/90/950 1009/139/950 900/139/950
f 871/103/951 941/19/951 828/19/951
f 906/153/952 815/152/952 814/153/952
f 900/139/953 991/116/953 883/116/953
f 907/154/954 814/153/954 823/154/954
f 908/155/955 823/154/955 817/155/955
f 982/104/956 873/105/956 874/104/956
f 909/140/957 817/155/957 822/140/957
f 910/156/958 822/140/958 819/156/958
f 833/5/959 945/118/959 834/118/959
f 818/146/960 910/156/960 819/156/960
f 876/106/961 984/110/961 877/110/961
f 875/107/962 983/106/962 876/106/962
f 912/158/963 800/157/963 794/158/963
f 914/143/964 794/158/964 795/143/964
f 915/159/965 795/143/965 792/159/965
f 842/160/966 951/83/966 844/83/966
f 916/161/967 792/159/967 791/161/967
f 917/162/968 791/161/968 793/162/968
f 843/132/969 950/160/969 842/160/969
f 872/109/970 982/104/970 874/104/970
f 918/163/971 793/162/971 796/163/971
f 984/110/972 871/103/972 877/110/972
f 919/164/973 796/163/973 797/164/973
f 947/34/974 879/111/974 836/34/974
f 920/165/975 797/164/975 801/165/975
f 921/166/976 801/165/976 805/166/976
f 946/32/974 836/34/974 835/32/974
f 986/111/941 878/115/941 879/111/941
f 902/150/977 805/166/977 806/150/977
f 881/112/953 988/148/953 880/148/953
f 812/151/978 922/167/978 813/167/978
f 813/167/979 923/13/979 816/13/979
f 880/148/980 948/35/980 837/35/980
f 846/82/981 953/168/981 845/168/981
f 816/13/982 924/12/982 821/12/982
f 844/83/983 954/82/983 846/82/983
f 924/12/984 820/31/984 821/12/984
f 837/35/985 949/117/985 838/117/985
f 987/115/986 882/114/986 878/115/986
f 839/85/987 956/87/987 840/87/987
f 811/169/988 904/151/988 812/151/988
f 958/89/989 847/88/989 848/89/989
f 824/170/990 926/169/990 811/169/990
f 804/171/991 927/170/991 824/170/991
f 883/116/992 989/112/992 881/112/992
f 803/172/993 928/171/993 804/171/993
f 992/173/994 839/85/994 887/173/994
f 957/88/995 851/174/995 847/88/995
f 802/175/996 929/172/996 803/172/996
f 993/130/997 887/173/997 886/130/997
f 853/119/998 961/176/998 855/176/998
f 798/142/999 930/175/999 802/175/999
f 994/131/1000 886/130/1000 885/131/1000
f 855/176/1001 962/121/1001 861/121/1001
f 799/141/1002 931/142/1002 798/142/1002
f 959/174/1003 885/131/1003 851/174/1003
f 809/14/1004 932/141/1004 799/141/1004
f 898/36/1005 952/132/1005 843/132/1005
f 963/177/1006 858/145/1006 859/177/1006
f 807/178/1007 933/14/1007 809/14/1007
f 889/133/1008 995/36/1008 898/36/1008
f 964/145/1009 865/179/1009 858/145/1009
f 808/97/1010 934/178/1010 807/178/1010
f 840/87/1011 996/133/1011 889/133/1011
f 965/179/1012 862/180/1012 865/179/1012
f 845/168/1013 997/135/1013 895/135/1013
f 862/180/1014 967/92/1014 864/92/1014
f 913/157/1015 808/97/1015 800/157/1015
f 895/135/1016 998/134/1016 896/134/1016
f 967/92/1017 863/181/1017 864/92/1017
f 981/105/1018 831/30/1018 873/105/1018
f 896/134/1019 999/182/1019 897/182/1019
f 968/181/1020 860/91/1020 863/181/1020
f 834/118/1021 985/107/1021 875/107/1021
f 897/182/1022 1000/183/1022 894/183/1022
f 860/91/1023 970/136/1023 857/136/1023
f 936/17/1024 826/144/1024 825/17/1024
f 894/183/1025 963/177/1025 859/177/1025
f 731/49/1026 563/122/1026 562/128/1026
f 602/33/1027 532/127/1027 728/33/1027
f 728/33/500 532/127/500 567/127/500
f 527/184/1028 609/5/1028 697/56/1028
f 697/56/1029 526/185/1029 527/184/1029
f 697/56/1030 565/125/1030 526/125/1030
f 675/5/1031 524/5/1031 525/186/1031
f 694/59/1032 522/187/1032 675/5/1032
f 675/5/1033 522/187/1033 524/5/1033
f 520/188/1034 759/126/1034 758/18/1034
f 758/18/1035 519/189/1035 520/188/1035
f 518/189/1036 758/18/1036 757/18/1036
f 757/18/1037 517/190/1037 518/189/1037
f 516/190/1038 757/18/1038 756/18/1038
f 756/18/1039 515/191/1039 516/190/1039
f 514/192/1040 756/18/1040 755/79/1040
f 755/79/1041 513/193/1041 514/192/1041
f 512/194/1042 755/79/1042 754/18/1042
f 754/18/1043 511/194/1043 512/194/1043
f 753/18/1044 509/195/1044 754/18/1044
f 754/18/1045 509/195/1045 511/194/1045
f 752/18/1046 507/196/1046 753/18/1046
f 753/18/1047 507/196/1047 510/195/1047
f 525/186/1048 695/124/1048 675/5/1048
f 752/18/1049 505/55/1049 508/197/1049
f 733/52/1050 523/198/1050 694/59/1050
f 732/64/1051 501/199/1051 733/52/1051
f 733/52/1052 501/199/1052 503/51/1052
f 730/18/1053 499/200/1053 732/64/1053
f 732/64/1054 499/200/1054 502/201/1054
f 729/49/1055 497/202/1055 730/18/1055
f 730/18/1056 497/202/1056 500/203/1056
f 601/33/1057 491/28/1057 560/204/1057
f 749/95/1058 489/205/1058 748/18/1058
f 748/18/1059 489/205/1059 488/206/1059
f 748/18/1060 487/206/1060 747/18/1060
f 747/18/1061 487/206/1061 486/207/1061
f 747/18/1062 485/207/1062 746/18/1062
f 746/18/1063 485/207/1063 484/208/1063
f 746/18/1064 483/208/1064 745/18/1064
f 745/18/1065 483/208/1065 561/27/1065
f 742/24/1066 533/127/1066 602/33/1066
f 870/147/756 872/109/756 559/18/756
f 474/18/754 866/98/754 867/99/754
f 470/209/1067 568/8/1067 569/20/1067
f 569/20/1068 469/18/1068 470/209/1068
f 806/150/545 805/166/545 469/18/545
f 347/10/14 343/11/14 464/11/14
f 271/151/15 270/169/15 272/167/15
f 270/169/15 283/170/15 272/167/15
f 283/170/15 263/171/15 272/167/15
f 263/171/15 262/172/15 275/13/15
f 272/167/15 263/171/15 275/13/15
f 262/172/15 261/175/15 275/13/15
f 261/175/15 257/142/15 275/13/15
f 257/142/15 258/141/15 275/13/15
f 258/141/15 268/14/15 275/13/15
f 266/178/15 267/97/15 279/31/15
f 268/14/15 266/178/15 280/12/15
f 266/178/15 279/31/15 280/12/15
f 286/15/1069 397/15/1069 435/16/1069
f 474/18/17 475/210/17 284/17/17
f 475/210/17 285/144/17 284/17/17
f 23/20/17 22/20/17 287/19/17
f 22/20/17 289/101/17 288/21/17
f 343/11/18 311/22/18 434/22/18
f 478/23/20 201/18/20 200/24/20
f 480/26/21 202/18/21 201/18/21
f 482/27/22 203/18/22 202/18/22
f 27/5/31 46/33/31 491/28/31
f 24/20/32 293/118/32 292/5/32
f 328/16/33 435/16/33 384/31/33
f 494/5/35 174/5/35 27/5/35
f 28/5/36 297/117/36 296/35/36
f 357/36/37 454/36/37 463/37/37
f 506/54/120 142/124/120 210/18/120
f 529/5/137 56/5/137 143/9/137
f 175/33/155 174/5/155 530/5/155
f 534/65/159 178/49/159 176/49/159
f 546/73/169 191/9/169 190/9/169
f 548/74/170 190/9/170 189/9/170
f 554/80/180 208/18/180 249/18/180
f 301/160/186 302/132/186 299/87/186
f 300/86/186 298/85/186 202/18/186
f 301/160/186 299/87/186 300/86/186
f 303/83/186 301/160/186 300/86/186
f 300/86/186 202/18/186 32/20/186
f 32/20/186 31/20/186 304/168/186
f 32/20/186 304/168/186 305/82/186
f 303/83/186 300/86/186 32/20/186
f 311/22/187 313/84/187 433/84/187
f 201/18/188 310/174/188 306/88/188
f 287/19/189 288/21/189 398/21/189
f 309/90/188 308/102/188 316/136/188
f 308/102/188 313/84/188 316/136/188
f 313/84/188 311/22/188 312/119/188
f 311/22/188 320/121/188 314/176/188
f 311/22/188 314/176/188 312/119/188
f 30/20/1070 309/90/1070 323/92/1070
f 319/91/1071 309/90/1071 316/136/1071
f 318/177/188 31/20/188 324/179/188
f 31/20/1072 30/20/1072 323/92/1072
f 324/179/188 31/20/188 321/180/188
f 324/179/188 317/145/188 318/177/188
f 321/180/1073 31/20/1073 323/92/1073
f 312/119/188 315/120/188 316/136/188
f 319/91/1074 322/181/1074 323/92/1074
f 313/84/188 312/119/188 316/136/188
f 351/37/191 463/37/191 462/93/191
f 557/94/192 249/18/192 207/95/192
f 13/8/223 15/8/223 471/7/223
f 267/97/225 259/157/225 325/98/225
f 22/20/225 277/146/225 327/100/225
f 313/84/226 308/102/226 431/102/226
f 288/21/228 289/101/228 399/101/228
f 24/20/229 23/20/229 334/107/229
f 23/20/229 336/110/229 335/106/229
f 352/93/230 462/93/230 461/108/230
f 559/18/231 560/204/231 46/33/231
f 46/33/231 333/104/231 331/109/231
f 308/102/232 309/90/232 432/90/232
f 47/33/233 337/115/233 338/111/233
f 339/148/1075 340/112/1075 296/35/1075
f 340/112/233 30/20/233 25/20/233
f 349/108/234 461/108/234 460/113/234
f 47/33/235 200/24/235 341/114/235
f 297/117/236 292/5/236 403/5/236
f 46/33/249 27/5/249 290/30/249
f 312/119/250 419/119/250 430/120/250
f 27/5/252 47/33/252 294/32/252
f 320/121/253 350/113/253 460/113/253
f 196/9/352 195/9/352 535/58/352
f 195/9/353 194/9/353 537/66/353
f 194/9/354 193/56/354 539/68/354
f 193/56/355 192/57/355 541/70/355
f 192/57/356 191/9/356 543/72/356
f 218/18/359 208/18/359 549/75/359
f 217/126/360 209/62/360 551/77/360
f 209/62/7 218/18/7 555/76/7
f 310/174/374 201/18/374 202/18/374
f 202/18/374 298/85/374 346/173/374
f 202/18/374 346/173/374 345/130/374
f 344/131/374 310/174/374 202/18/374
f 302/132/374 357/36/374 348/133/374
f 294/32/376 405/32/376 402/5/376
f 31/20/374 318/177/374 353/183/374
f 31/20/374 353/183/374 356/182/374
f 354/135/1076 304/168/1076 31/20/1076
f 31/20/374 356/182/374 355/134/374
f 349/108/374 350/113/374 320/121/374
f 320/121/374 311/22/374 343/11/374
f 343/11/374 347/10/374 352/93/374
f 347/10/374 357/36/374 351/37/374
f 352/93/374 347/10/374 351/37/374
f 352/93/374 349/108/374 343/11/374
f 316/136/377 315/120/377 430/120/377
f 358/138/378 341/114/378 200/24/378
f 200/24/378 201/18/378 360/137/378
f 201/18/1077 307/89/1077 360/137/1077
f 30/20/378 342/116/378 359/139/378
f 284/17/16 395/17/16 397/15/16
f 383/12/15 384/31/15 369/156/15
f 384/31/15 370/146/15 369/156/15
f 369/156/15 368/140/15 383/12/15
f 368/140/15 367/155/15 382/13/15
f 367/155/15 366/154/15 381/167/15
f 382/13/15 367/155/15 381/167/15
f 366/154/15 365/153/15 381/167/15
f 365/153/15 364/152/15 381/167/15
f 364/152/1078 363/151/1078 381/167/1078
f 363/151/15 362/149/15 385/169/15
f 362/149/15 361/150/15 385/169/15
f 361/150/1079 380/166/1079 386/170/1079
f 380/166/15 379/165/15 387/171/15
f 386/170/15 380/166/15 387/171/15
f 379/165/15 378/164/15 387/171/15
f 378/164/15 377/163/15 387/171/15
f 387/171/15 377/163/15 388/172/15
f 377/163/15 376/162/15 388/172/15
f 376/162/15 375/161/15 389/175/15
f 375/161/15 374/159/15 389/175/15
f 374/159/15 373/143/15 390/142/15
f 389/175/15 374/159/15 390/142/15
f 373/143/15 371/158/15 391/141/15
f 371/158/15 372/157/15 391/141/15
f 372/157/15 394/97/15 391/141/15
f 394/97/15 393/178/15 392/14/15
f 391/141/15 394/97/15 392/14/15
f 376/162/15 389/175/15 388/172/15
f 385/169/15 361/150/15 386/170/15
f 398/21/17 399/101/17 395/17/17
f 399/101/17 397/15/17 395/17/17
f 395/17/17 396/144/17 398/21/17
f 402/5/32 403/5/32 404/118/32
f 406/34/36 407/35/36 408/117/36
f 413/82/186 412/168/186 411/132/186
f 411/132/186 409/160/186 410/83/186
f 419/119/188 420/176/188 430/120/188
f 420/176/188 421/121/188 423/145/188
f 430/120/188 420/176/188 423/145/188
f 421/121/188 422/177/188 423/145/188
f 423/145/188 424/179/188 427/181/188
f 424/179/188 425/180/188 427/181/188
f 425/180/1080 426/92/1080 427/181/1080
f 427/181/1081 428/91/1081 423/145/1081
f 428/91/1082 429/136/1082 430/120/1082
f 431/102/188 432/90/188 417/89/188
f 417/89/188 416/88/188 431/102/188
f 416/88/188 418/174/188 433/84/188
f 418/174/188 434/22/188 433/84/188
f 435/16/225 397/15/225 436/100/225
f 397/15/225 399/101/225 436/100/225
f 436/100/225 370/146/225 435/16/225
f 438/109/227 439/103/227 400/19/227
f 400/19/227 396/144/227 437/147/227
f 443/110/229 441/104/229 442/106/229
f 441/104/229 440/105/229 442/106/229
f 443/110/231 439/103/231 438/109/231
f 447/148/233 407/35/233 445/111/233
f 407/35/233 406/34/233 445/111/233
f 445/111/233 446/115/233 447/148/233
f 448/112/235 446/115/235 449/114/235
f 401/30/249 404/118/249 444/107/249
f 403/5/252 402/5/252 405/32/252
f 454/36/374 411/132/374 463/37/374
f 411/132/374 412/168/374 463/37/374
f 412/168/375 456/135/375 462/93/375
f 456/135/374 457/134/374 462/93/374
f 457/134/374 458/182/374 461/108/374
f 458/182/374 459/183/374 460/113/374
f 459/183/374 422/177/374 460/113/374
f 422/177/374 421/121/374 460/113/374
f 458/182/374 460/113/374 461/108/374
f 462/93/374 463/37/374 412/168/374
f 452/130/374 451/173/374 465/10/374
f 451/173/374 414/85/374 465/10/374
f 414/85/374 415/87/374 465/10/374
f 415/87/1083 455/133/1083 454/36/1083
f 465/10/1084 415/87/1084 454/36/1084
f 464/11/374 434/22/374 453/131/374
f 434/22/374 418/174/374 453/131/374
f 465/10/374 464/11/374 452/130/374
f 466/138/378 467/137/378 432/90/378
f 467/137/378 417/89/378 432/90/378
f 466/138/378 432/90/378 468/139/378
f 468/139/378 450/116/378 466/138/378
f 289/101/411 327/100/411 436/100/411
f 357/36/1085 347/10/1085 465/10/1085
f 327/100/1086 277/146/1086 370/146/1086
f 358/138/414 466/138/414 449/114/414
f 329/147/415 437/147/415 396/144/415
f 269/149/416 265/150/416 361/150/416
f 307/89/1087 417/89/1087 467/137/1087
f 271/151/1088 269/149/1088 362/149/1088
f 360/137/419 467/137/419 466/138/419
f 291/5/420 402/5/420 401/30/420
f 331/109/421 438/109/421 437/147/421
f 271/151/1089 363/151/1089 364/152/1089
f 309/90/423 359/139/423 468/139/423
f 330/103/424 287/19/424 400/19/424
f 274/152/425 364/152/425 365/153/425
f 359/139/426 342/116/426 450/116/426
f 273/153/427 365/153/427 366/154/427
f 282/154/428 366/154/428 367/155/428
f 332/105/429 440/105/429 441/104/429
f 276/155/430 367/155/430 368/140/430
f 281/140/431 368/140/431 369/156/431
f 292/5/432 293/118/432 404/118/432
f 277/146/413 278/156/413 369/156/413
f 335/106/433 336/110/433 443/110/433
f 334/107/434 335/106/434 442/106/434
f 259/157/435 372/157/435 371/158/435
f 253/158/1090 371/158/1090 373/143/1090
f 254/143/437 373/143/437 374/159/437
f 301/160/438 303/83/438 410/83/438
f 251/159/439 374/159/439 375/161/439
f 250/161/440 375/161/440 376/162/440
f 302/132/1091 301/160/1091 409/160/1091
f 331/109/442 333/104/442 441/104/442
f 252/162/443 376/162/443 377/163/443
f 330/103/444 439/103/444 443/110/444
f 255/163/445 377/163/445 378/164/445
f 338/111/446 445/111/446 406/34/446
f 256/164/447 378/164/447 379/165/447
f 260/165/448 379/165/448 380/166/448
f 295/34/446 406/34/446 405/32/446
f 337/115/414 446/115/414 445/111/414
f 264/166/449 380/166/449 361/150/449
f 340/112/426 339/148/426 447/148/426
f 271/151/1092 272/167/1092 381/167/1092
f 272/167/451 275/13/451 382/13/451
f 339/148/452 296/35/452 407/35/452
f 305/82/453 304/168/453 412/168/453
f 275/13/454 280/12/454 383/12/454
f 303/83/455 305/82/455 413/82/455
f 279/31/456 384/31/456 383/12/456
f 296/35/457 297/117/457 408/117/457
f 341/114/458 449/114/458 446/115/458
f 298/85/459 299/87/459 415/87/459
f 270/169/460 271/151/460 363/151/460
f 306/88/461 416/88/461 417/89/461
f 283/170/1093 270/169/1093 385/169/1093
f 263/171/463 283/170/463 386/170/463
f 342/116/464 340/112/464 448/112/464
f 262/172/465 263/171/465 387/171/465
f 298/85/466 414/85/466 451/173/466
f 310/174/467 418/174/467 416/88/467
f 261/175/468 262/172/468 388/172/468
f 346/173/469 451/173/469 452/130/469
f 312/119/470 314/176/470 420/176/470
f 257/142/471 261/175/471 389/175/471
f 345/130/472 452/130/472 453/131/472
f 314/176/473 320/121/473 421/121/473
f 258/141/474 257/142/474 390/142/474
f 344/131/475 453/131/475 418/174/475
f 268/14/1094 258/141/1094 391/141/1094
f 357/36/1095 302/132/1095 411/132/1095
f 317/145/478 423/145/478 422/177/478
f 266/178/479 268/14/479 392/14/479
f 348/133/1096 357/36/1096 454/36/1096
f 324/179/481 424/179/481 423/145/481
f 267/97/482 266/178/482 393/178/482
f 299/87/1097 348/133/1097 455/133/1097
f 321/180/484 425/180/484 424/179/484
f 304/168/1098 354/135/1098 456/135/1098
f 321/180/486 323/92/486 426/92/486
f 267/97/487 394/97/487 372/157/487
f 354/135/488 355/134/488 457/134/488
f 322/181/489 427/181/489 426/92/489
f 290/30/490 401/30/490 440/105/490
f 355/134/491 356/182/491 458/182/491
f 319/91/492 428/91/492 427/181/492
f 293/118/493 334/107/493 444/107/493
f 356/182/494 353/183/494 459/183/494
f 319/91/495 316/136/495 429/136/495
f 285/144/496 396/144/496 395/17/496
f 353/183/1099 318/177/1099 422/177/1099
f 178/49/498 562/128/498 563/122/498
f 532/127/499 533/127/499 47/33/499
f 56/5/501 566/5/501 527/184/501
f 144/56/503 526/125/503 565/125/503
f 522/187/505 523/198/505 141/59/505
f 217/126/507 564/129/507 520/188/507
f 216/18/509 519/189/509 518/189/509
f 215/18/511 517/190/511 516/190/511
f 214/18/513 515/191/513 514/192/513
f 213/79/515 513/193/515 512/194/515
f 509/195/517 510/195/517 211/18/517
f 507/196/519 508/197/519 210/18/519
f 142/124/521 506/54/521 525/186/521
f 523/198/523 504/53/523 180/52/523
f 501/199/524 502/201/524 179/64/524
f 499/200/526 500/203/526 177/18/526
f 497/202/528 498/65/528 176/49/528
f 489/205/531 490/96/531 207/95/531
f 487/206/533 488/206/533 206/18/533
f 485/207/535 486/207/535 205/18/535
f 483/208/537 484/208/537 204/18/537
f 533/127/539 477/25/539 200/24/539
f 329/147/227 285/144/227 559/18/227
f 285/144/227 475/210/227 559/18/227
f 328/16/225 279/31/225 267/97/225
f 328/16/225 267/97/225 286/15/225
f 267/97/225 326/99/225 286/15/225
f 474/18/225 286/15/225 326/99/225
f 259/157/225 473/211/225 474/18/225
f 325/98/225 259/157/225 474/18/225
f 13/8/540 558/9/540 470/209/540
f 269/149/15 271/151/15 274/152/15
f 269/149/15 274/152/15 273/153/15
f 265/150/15 269/149/15 273/153/15
f 473/211/15 259/157/15 253/158/15
f 277/146/15 22/20/15 278/156/15
f 22/20/15 14/20/15 278/156/15
f 469/18/15 473/211/15 252/162/15
f 473/211/15 253/158/15 254/143/15
f 473/211/15 254/143/15 251/159/15
f 281/140/15 278/156/15 14/20/15
f 276/155/15 281/140/15 14/20/15
f 473/211/15 251/159/15 250/161/15
f 473/211/15 250/161/15 252/162/15
f 282/154/15 276/155/15 14/20/15
f 273/153/15 282/154/15 14/20/15
f 469/18/15 252/162/15 255/163/15
f 273/153/15 14/20/15 265/150/15
f 14/20/15 469/18/15 265/150/15
f 469/18/15 255/163/15 256/164/15
f 469/18/15 256/164/15 260/165/15
f 264/166/15 265/150/15 469/18/15
f 888/10/544 1006/10/544 1005/11/544
f 824/170/545 811/169/545 813/167/545
f 811/169/545 812/151/545 813/167/545
f 813/167/545 816/13/545 804/171/545
f 804/171/545 816/13/545 803/172/545
f 816/13/545 821/12/545 809/14/545
f 821/12/545 820/31/545 807/178/545
f 809/14/545 821/12/545 807/178/545
f 820/31/545 808/97/545 807/178/545
f 809/14/545 799/141/545 816/13/545
f 799/141/545 798/142/545 816/13/545
f 804/171/545 824/170/545 813/167/545
f 802/175/545 803/172/545 816/13/545
f 976/16/1100 938/15/1100 827/15/1100
f 826/144/547 475/210/547 825/17/547
f 475/210/547 474/18/547 825/17/547
f 830/101/547 577/20/547 829/21/547
f 577/20/547 578/20/547 828/19/547
f 884/11/548 1005/11/548 975/22/548
f 478/23/550 476/23/550 742/24/550
f 480/26/551 479/26/551 743/18/551
f 482/27/552 481/27/552 744/18/552
f 491/28/561 601/33/561 582/5/561
f 833/5/562 834/118/562 579/20/562
f 925/31/563 976/16/563 869/16/563
f 494/5/565 493/5/565 582/5/565
f 837/35/566 838/117/566 583/5/566
f 1004/37/567 995/36/567 898/36/567
f 506/54/650 505/55/650 752/18/650
f 529/5/667 528/61/667 696/9/667
f 530/5/685 727/5/685 728/33/685
f 534/65/689 498/65/689 729/49/689
f 546/73/698 545/73/698 735/9/698
f 548/74/699 547/74/699 734/9/699
f 554/80/709 553/81/709 790/18/709
f 846/82/715 845/168/715 587/20/715
f 845/168/715 586/20/715 587/20/715
f 587/20/715 744/18/715 841/86/715
f 744/18/715 839/85/715 841/86/715
f 841/86/715 840/87/715 842/160/715
f 840/87/715 843/132/715 842/160/715
f 844/83/715 846/82/715 587/20/715
f 842/160/715 844/83/715 841/86/715
f 852/22/716 975/22/716 974/84/716
f 847/88/717 851/174/717 743/18/717
f 828/19/718 941/19/718 939/21/718
f 854/84/717 849/102/717 857/136/717
f 849/102/717 850/90/717 857/136/717
f 585/20/1101 586/20/1101 864/92/1101
f 586/20/717 859/177/717 865/179/717
f 859/177/717 858/145/717 865/179/717
f 586/20/717 865/179/717 862/180/717
f 850/90/1102 585/20/1102 864/92/1102
f 860/91/1103 850/90/1103 864/92/1103
f 861/121/717 852/22/717 855/176/717
f 852/22/717 854/84/717 853/119/717
f 855/176/717 852/22/717 853/119/717
f 586/20/1104 862/180/1104 864/92/1104
f 864/92/1105 863/181/1105 860/91/1105
f 857/136/717 856/120/717 853/119/717
f 857/136/717 853/119/717 854/84/717
f 1003/93/720 1004/37/720 892/37/720
f 557/94/721 490/96/721 749/95/721
f 471/7/752 570/8/752 568/8/752
f 808/97/754 867/99/754 866/98/754
f 868/100/754 818/146/754 577/20/754
f 854/84/755 974/84/755 972/102/755
f 829/21/757 939/21/757 940/101/757
f 877/110/758 578/20/758 876/106/758
f 578/20/758 579/20/758 875/107/758
f 1002/108/759 1003/93/759 893/93/759
f 601/33/760 560/204/760 559/18/760
f 559/18/760 872/109/760 601/33/760
f 849/102/761 972/102/761 973/90/761
f 879/111/762 878/115/762 602/33/762
f 585/20/762 881/112/762 580/20/762
f 881/112/1106 880/148/1106 837/35/1106
f 1001/113/763 1002/108/763 890/108/763
f 882/114/764 742/24/764 602/33/764
f 838/117/765 949/117/765 944/5/765
f 831/30/778 582/5/778 601/33/778
f 971/120/1107 960/119/1107 853/119/1107
f 835/32/780 602/33/780 582/5/780
f 861/121/781 962/121/781 1001/113/781
f 535/58/880 740/9/880 741/9/880
f 537/66/881 739/9/881 740/9/881
f 539/68/882 738/56/882 739/9/882
f 541/70/883 737/57/883 738/56/883
f 543/72/884 736/9/884 737/57/884
f 549/75/887 750/18/887 760/18/887
f 551/77/888 751/62/888 759/126/888
f 555/76/7 760/18/7 751/62/7
f 744/18/902 743/18/902 851/174/902
f 744/18/902 851/174/902 885/131/902
f 887/173/902 839/85/902 744/18/902
f 744/18/902 885/131/902 886/130/902
f 843/132/1108 840/87/1108 889/133/1108
f 943/5/903 946/32/903 835/32/903
f 586/20/1109 845/168/1109 895/135/1109
f 586/20/902 895/135/902 896/134/902
f 894/183/902 859/177/902 586/20/902
f 586/20/902 896/134/902 897/182/902
f 861/121/902 891/113/902 890/108/902
f 890/108/902 893/93/902 884/11/902
f 893/93/902 892/37/902 888/10/902
f 892/37/902 898/36/902 888/10/902
f 888/10/902 884/11/902 893/93/902
f 884/11/902 852/22/902 861/121/902
f 857/136/904 970/136/904 971/120/904
f 742/24/905 882/114/905 899/138/905
f 901/137/905 848/89/905 743/18/905
f 742/24/905 899/138/905 901/137/905
f 900/139/905 883/116/905 585/20/905
f 938/15/546 936/17/546 825/17/546
f 922/167/1110 904/151/1110 905/152/1110
f 905/152/545 906/153/545 922/167/545
f 906/153/545 907/154/545 922/167/545
f 907/154/545 908/155/545 922/167/545
f 908/155/545 909/140/545 923/13/545
f 909/140/545 910/156/545 924/12/545
f 910/156/545 911/146/545 925/31/545
f 924/12/545 910/156/545 925/31/545
f 923/13/545 922/167/545 908/155/545
f 902/150/545 903/149/545 926/169/545
f 903/149/545 904/151/545 926/169/545
f 920/165/545 921/166/545 928/171/545
f 921/166/1111 902/150/1111 927/170/1111
f 918/163/545 919/164/545 928/171/545
f 919/164/545 920/165/545 928/171/545
f 918/163/545 928/171/545 929/172/545
f 916/161/545 917/162/545 930/175/545
f 917/162/545 918/163/545 929/172/545
f 914/143/545 915/159/545 931/142/545
f 915/159/545 916/161/545 930/175/545
f 913/157/545 912/158/545 932/141/545
f 912/158/545 914/143/545 932/141/545
f 934/178/545 935/97/545 933/14/545
f 935/97/545 913/157/545 932/141/545
f 932/141/545 933/14/545 935/97/545
f 915/159/545 930/175/545 931/142/545
f 917/162/545 929/172/545 930/175/545
f 921/166/545 927/170/545 928/171/545
f 902/150/545 926/169/545 927/170/545
f 938/15/547 940/101/547 936/17/547
f 940/101/547 939/21/547 936/17/547
f 939/21/547 941/19/547 937/144/547
f 945/118/562 944/5/562 943/5/562
f 949/117/566 948/35/566 947/34/566
f 952/132/715 953/168/715 954/82/715
f 954/82/715 951/83/715 952/132/715
f 962/121/717 961/176/717 964/145/717
f 961/176/717 960/119/717 971/120/717
f 971/120/1112 970/136/1112 969/91/1112
f 961/176/717 971/120/717 964/145/717
f 964/145/717 963/177/717 962/121/717
f 966/180/717 965/179/717 968/181/717
f 965/179/717 964/145/717 968/181/717
f 968/181/1113 967/92/1113 966/180/1113
f 971/120/1114 969/91/1114 964/145/1114
f 974/84/717 975/22/717 959/174/717
f 959/174/717 957/88/717 974/84/717
f 957/88/717 958/89/717 972/102/717
f 958/89/717 973/90/717 972/102/717
f 976/16/754 925/31/754 911/146/754
f 911/146/754 977/100/754 976/16/754
f 977/100/754 940/101/754 938/15/754
f 941/19/756 980/103/756 979/109/756
f 979/109/756 978/147/756 941/19/756
f 981/105/758 982/104/758 983/106/758
f 982/104/758 984/110/758 983/106/758
f 984/110/760 982/104/760 979/109/760
f 988/148/762 989/112/762 987/115/762
f 987/115/762 986/111/762 988/148/762
f 986/111/762 947/34/762 948/35/762
f 989/112/764 991/116/764 990/114/764
f 942/30/778 981/105/778 985/107/778
f 944/5/780 949/117/780 946/32/780
f 953/168/902 952/132/902 1004/37/902
f 952/132/902 995/36/902 1004/37/902
f 998/134/902 997/135/902 1003/93/902
f 997/135/1108 953/168/1108 1003/93/1108
f 1000/183/902 999/182/902 1001/113/902
f 999/182/902 998/134/902 1002/108/902
f 962/121/902 963/177/902 1001/113/902
f 963/177/902 1000/183/902 1001/113/902
f 999/182/902 1002/108/902 1001/113/902
f 1002/108/902 998/134/902 1003/93/902
f 955/85/902 992/173/902 1006/10/902
f 992/173/902 993/130/902 1006/10/902
f 993/130/902 994/131/902 1005/11/902
f 994/131/902 959/174/902 975/22/902
f 1005/11/902 994/131/902 975/22/902
f 1006/10/1115 995/36/1115 956/87/1115
f 995/36/1116 996/133/1116 956/87/1116
f 1005/11/902 1006/10/902 993/130/902
f 958/89/905 1008/137/905 973/90/905
f 1008/137/905 1007/138/905 973/90/905
f 1007/138/905 990/114/905 991/116/905
f 991/116/905 1009/139/905 1007/138/905
f 830/101/938 940/101/938 977/100/938
f 898/36/1117 995/36/1117 1006/10/1117
f 868/100/960 977/100/960 911/146/960
f 990/114/941 1007/138/941 899/138/941
f 937/144/942 978/147/942 870/147/942
f 810/149/943 903/149/943 902/150/943
f 1008/137/1118 958/89/1118 848/89/1118
f 812/151/1119 904/151/1119 903/149/1119
f 1007/138/946 1008/137/946 901/137/946
f 942/30/947 943/5/947 832/5/947
f 978/147/948 979/109/948 872/109/948
f 905/152/1120 904/151/1120 812/151/1120
f 850/90/950 973/90/950 1009/139/950
f 871/103/951 980/103/951 941/19/951
f 906/153/952 905/152/952 815/152/952
f 900/139/953 1009/139/953 991/116/953
f 907/154/954 906/153/954 814/153/954
f 908/155/955 907/154/955 823/154/955
f 982/104/956 981/105/956 873/105/956
f 909/140/957 908/155/957 817/155/957
f 910/156/958 909/140/958 822/140/958
f 833/5/959 944/5/959 945/118/959
f 818/146/960 911/146/960 910/156/960
f 876/106/961 983/106/961 984/110/961
f 875/107/962 985/107/962 983/106/962
f 912/158/963 913/157/963 800/157/963
f 914/143/1121 912/158/1121 794/158/1121
f 915/159/1122 914/143/1122 795/143/1122
f 842/160/966 950/160/966 951/83/966
f 916/161/967 915/159/967 792/159/967
f 917/162/968 916/161/968 791/161/968
f 843/132/1123 952/132/1123 950/160/1123
f 872/109/970 979/109/970 982/104/970
f 918/163/971 917/162/971 793/162/971
f 984/110/972 980/103/972 871/103/972
f 919/164/973 918/163/973 796/163/973
f 947/34/974 986/111/974 879/111/974
f 920/165/975 919/164/975 797/164/975
f 921/166/976 920/165/976 801/165/976
f 946/32/974 947/34/974 836/34/974
f 986/111/941 987/115/941 878/115/941
f 902/150/977 921/166/977 805/166/977
f 881/112/953 989/112/953 988/148/953
f 812/151/1124 904/151/1124 922/167/1124
f 813/167/979 922/167/979 923/13/979
f 880/148/980 988/148/980 948/35/980
f 846/82/981 954/82/981 953/168/981
f 816/13/982 923/13/982 924/12/982
f 844/83/983 951/83/983 954/82/983
f 924/12/984 925/31/984 820/31/984
f 837/35/985 948/35/985 949/117/985
f 987/115/986 990/114/986 882/114/986
f 839/85/987 955/85/987 956/87/987
f 811/169/988 926/169/988 904/151/988
f 958/89/989 957/88/989 847/88/989
f 824/170/1125 927/170/1125 926/169/1125
f 804/171/991 928/171/991 927/170/991
f 883/116/992 991/116/992 989/112/992
f 803/172/993 929/172/993 928/171/993
f 992/173/994 955/85/994 839/85/994
f 957/88/995 959/174/995 851/174/995
f 802/175/996 930/175/996 929/172/996
f 993/130/997 992/173/997 887/173/997
f 853/119/998 960/119/998 961/176/998
f 798/142/999 931/142/999 930/175/999
f 994/131/1000 993/130/1000 886/130/1000
f 855/176/1001 961/176/1001 962/121/1001
f 799/141/1002 932/141/1002 931/142/1002
f 959/174/1003 994/131/1003 885/131/1003
f 809/14/1126 933/14/1126 932/141/1126
f 898/36/1127 995/36/1127 952/132/1127
f 963/177/1006 964/145/1006 858/145/1006
f 807/178/1007 934/178/1007 933/14/1007
f 889/133/1128 996/133/1128 995/36/1128
f 964/145/1009 965/179/1009 865/179/1009
f 808/97/1010 935/97/1010 934/178/1010
f 840/87/1129 956/87/1129 996/133/1129
f 965/179/1012 966/180/1012 862/180/1012
f 845/168/1130 953/168/1130 997/135/1130
f 862/180/1014 966/180/1014 967/92/1014
f 913/157/1015 935/97/1015 808/97/1015
f 895/135/1016 997/135/1016 998/134/1016
f 967/92/1017 968/181/1017 863/181/1017
f 981/105/1018 942/30/1018 831/30/1018
f 896/134/1019 998/134/1019 999/182/1019
f 968/181/1020 969/91/1020 860/91/1020
f 834/118/1021 945/118/1021 985/107/1021
f 897/182/1022 999/182/1022 1000/183/1022
f 860/91/1023 969/91/1023 970/136/1023
f 936/17/1024 937/144/1024 826/144/1024
f 894/183/1131 1000/183/1131 963/177/1131
f 731/49/1026 696/9/1026 563/122/1026
f 602/33/1027 533/127/1027 532/127/1027
f 527/184/1028 566/5/1028 609/5/1028
f 697/56/1030 734/9/1030 565/125/1030
f 694/59/1032 523/198/1032 522/187/1032
f 520/188/1034 564/129/1034 759/126/1034
f 518/189/1036 519/189/1036 758/18/1036
f 516/190/1038 517/190/1038 757/18/1038
f 514/192/1040 515/191/1040 756/18/1040
f 512/194/1042 513/193/1042 755/79/1042
f 753/18/1044 510/195/1044 509/195/1044
f 752/18/1046 508/197/1046 507/196/1046
f 525/186/1048 506/54/1048 695/124/1048
f 733/52/1050 504/53/1050 523/198/1050
f 732/64/1051 502/201/1051 501/199/1051
f 730/18/1053 500/203/1053 499/200/1053
f 729/49/1055 498/65/1055 497/202/1055
f 749/95/1058 490/96/1058 489/205/1058
f 748/18/1060 488/206/1060 487/206/1060
f 747/18/1062 486/207/1062 485/207/1062
f 746/18/1064 484/208/1064 483/208/1064
f 742/24/1066 477/25/1066 533/127/1066
f 475/210/756 826/144/756 559/18/756
f 826/144/756 870/147/756 559/18/756
f 808/97/754 820/31/754 869/16/754
f 869/16/754 827/15/754 808/97/754
f 827/15/754 474/18/754 867/99/754
f 474/18/754 473/211/754 800/157/754
f 474/18/754 800/157/754 866/98/754
f 867/99/754 808/97/754 827/15/754
f 470/209/1067 558/9/1067 568/8/1067
f 794/158/545 800/157/545 473/211/545
f 569/20/545 577/20/545 819/156/545
f 577/20/545 818/146/545 819/156/545
f 794/158/545 473/211/545 795/143/545
f 473/211/545 469/18/545 793/162/545
f 795/143/545 473/211/545 792/159/545
f 792/159/545 473/211/545 791/161/545
f 569/20/545 819/156/545 822/140/545
f 569/20/545 822/140/545 817/155/545
f 791/161/545 473/211/545 793/162/545
f 569/20/545 817/155/545 823/154/545
f 569/20/545 823/154/545 814/153/545
f 796/163/545 793/162/545 469/18/545
f 469/18/545 569/20/545 806/150/545
f 569/20/1132 814/153/1132 806/150/1132
f 815/152/545 812/151/545 810/149/545
f 797/164/545 796/163/545 469/18/545
f 801/165/545 797/164/545 469/18/545
f 814/153/545 815/152/545 810/149/545
f 814/153/545 810/149/545 806/150/545
f 805/166/545 801/165/545 469/18/545
