# Blender 5.1.0
# www.blender.org
mtllib VisualsText.mtl
o Text.002
v 6.349776 0.307235 0.060000
v 6.353286 0.321198 0.060000
v 6.366695 0.346403 0.060000
v 6.387726 0.367343 0.060000
v 6.415300 0.383249 0.060000
v 6.448339 0.393355 0.060000
v 6.485764 0.396894 0.060000
v 6.565717 0.385006 0.060000
v 6.602243 0.368421 0.060000
v 6.586712 0.270060 0.060000
v 6.571182 0.270060 0.060000
v 6.551337 0.358067 0.060000
v 6.525581 0.367622 0.060000
v 6.463294 0.372119 0.060000
v 6.439266 0.367410 0.060000
v 6.420091 0.358567 0.060000
v 6.405746 0.346189 0.060000
v 6.400377 0.338862 0.060000
v 6.393230 0.322305 0.060000
v 6.390854 0.303710 0.060000
v 6.393490 0.285343 0.060000
v 6.396759 0.277152 0.060000
v 6.407106 0.262362 0.060000
v 6.422415 0.249178 0.060000
v 6.557093 0.181446 0.060000
v 6.580220 0.162421 0.060000
v 6.597080 0.139560 0.060000
v 6.602703 0.126362 0.060000
v 6.607420 0.095772 0.060000
v 6.605982 0.079762 0.060000
v 6.601815 0.064971 0.060000
v 6.586169 0.039178 0.060000
v 6.562230 0.018658 0.060000
v 6.531748 0.003675 0.060000
v 6.458153 -0.008628 0.060000
v 6.375323 0.003515 0.060000
v 6.336497 0.020708 0.060000
v 6.352890 0.123382 0.060000
v 6.368421 0.123382 0.060000
v 6.391717 0.028473 0.060000
v 6.416579 0.020899 0.060000
v 6.467644 0.015531 0.060000
v 6.495174 0.017843 0.060000
v 6.518774 0.024542 0.060000
v 6.537964 0.035267 0.060000
v 6.552264 0.049660 0.060000
v 6.557431 0.058119 0.060000
v 6.563498 0.077337 0.060000
v 6.563548 0.098670 0.060000
v 6.557768 0.117059 0.060000
v 6.552776 0.125044 0.060000
v 6.538719 0.139236 0.060000
v 6.393520 0.213866 0.060000
v 6.372530 0.231597 0.060000
v 6.357568 0.252588 0.060000
v 6.349616 0.277894 0.060000
v 6.183108 0.052919 0.060000
v 6.185385 0.042494 0.060000
v 6.188956 0.034513 0.060000
v 6.193705 0.028916 0.060000
v 6.200204 0.024830 0.060000
v 6.208477 0.021894 0.060000
v 6.244176 0.016393 0.060000
v 6.244176 -0.000000 0.060000
v 6.073339 -0.000000 0.060000
v 6.073339 0.016393 0.060000
v 6.116096 0.024319 0.060000
v 6.122651 0.027918 0.060000
v 6.127696 0.032787 0.060000
v 6.131631 0.040416 0.060000
v 6.134151 0.050682 0.060000
v 6.134612 0.555840 0.060000
v 6.132684 0.564630 0.060000
v 6.129678 0.571191 0.060000
v 6.127696 0.573771 0.060000
v 6.125855 0.575392 0.060000
v 6.121333 0.578071 0.060000
v 6.115373 0.580139 0.060000
v 6.077653 0.584987 0.060000
v 6.077653 0.601381 0.060000
v 6.173425 0.621225 0.060000
v 6.185504 0.614323 0.060000
v 5.847449 0.393323 0.060000
v 5.880260 0.382418 0.060000
v 5.907031 0.363891 0.060000
v 5.917927 0.351680 0.060000
v 5.934291 0.321182 0.060000
v 5.942817 0.282344 0.060000
v 5.945291 0.050119 0.060000
v 5.949733 0.033969 0.060000
v 5.953254 0.028149 0.060000
v 5.957722 0.023619 0.060000
v 5.963196 0.020223 0.060000
v 5.977405 0.016191 0.060000
v 6.007765 0.014668 0.060000
v 6.007765 -0.000000 0.060000
v 5.958585 -0.008628 0.060000
v 5.941720 -0.007050 0.060000
v 5.927492 -0.002045 0.060000
v 5.921426 0.001870 0.060000
v 5.911512 0.012780 0.060000
v 5.904713 0.028136 0.060000
v 5.900776 0.091458 0.060000
v 5.859520 0.040968 0.060000
v 5.810021 0.005049 0.060000
v 5.781401 -0.005049 0.060000
v 5.765986 -0.007713 0.060000
v 5.724499 -0.006024 0.060000
v 5.702521 0.001566 0.060000
v 5.684426 0.013805 0.060000
v 5.670789 0.030358 0.060000
v 5.662185 0.050890 0.060000
v 5.659189 0.075065 0.060000
v 5.661026 0.094672 0.060000
v 5.666479 0.113356 0.060000
v 5.687885 0.147861 0.060000
v 5.722713 0.178387 0.060000
v 5.770268 0.204742 0.060000
v 5.900776 0.244176 0.060000
v 5.897884 0.281393 0.060000
v 5.889144 0.308951 0.060000
v 5.874461 0.331428 0.060000
v 5.853737 0.348225 0.060000
v 5.826878 0.358742 0.060000
v 5.793787 0.362381 0.060000
v 5.747963 0.356278 0.060000
v 5.710191 0.340012 0.060000
v 5.679896 0.316652 0.060000
v 5.667817 0.328732 0.060000
v 5.705269 0.363660 0.060000
v 5.750583 0.387850 0.060000
v 5.809318 0.396894 0.060000
v 5.795521 0.030901 0.060000
v 5.822036 0.042150 0.060000
v 5.867638 0.078644 0.060000
v 5.900776 0.121657 0.060000
v 5.900776 0.219154 0.060000
v 5.800148 0.189339 0.060000
v 5.760786 0.169327 0.060000
v 5.730771 0.145719 0.060000
v 5.719748 0.132523 0.060000
v 5.711637 0.118373 0.060000
v 5.706630 0.103253 0.060000
v 5.704918 0.087144 0.060000
v 5.706463 0.071885 0.060000
v 5.711245 0.057681 0.060000
v 5.719478 0.045298 0.060000
v 5.724956 0.040029 0.060000
v 5.738770 0.031816 0.060000
v 5.756574 0.027342 0.060000
v 5.767040 0.026747 0.060000
v 5.513917 0.051545 0.060000
v 5.517311 0.042551 0.060000
v 5.521894 0.035699 0.060000
v 5.527825 0.030698 0.060000
v 5.535264 0.027258 0.060000
v 5.544367 0.025089 0.060000
v 5.583261 0.023296 0.060000
v 5.583261 0.006902 0.060000
v 5.465056 -0.008628 0.060000
v 5.465056 0.046592 0.060000
v 5.423130 0.018087 0.060000
v 5.378136 -0.001406 0.060000
v 5.327006 -0.008628 0.060000
v 5.284400 -0.003951 0.060000
v 5.251047 0.009810 0.060000
v 5.237629 0.019970 0.060000
v 5.216894 0.046592 0.060000
v 5.203732 0.081280 0.060000
v 5.194268 0.328165 0.060000
v 5.188657 0.346087 0.060000
v 5.184210 0.352028 0.060000
v 5.178469 0.356315 0.060000
v 5.171284 0.359218 0.060000
v 5.125108 0.362381 0.060000
v 5.125108 0.378775 0.060000
v 5.240725 0.396894 0.060000
v 5.241678 0.133796 0.060000
v 5.249002 0.094491 0.060000
v 5.262869 0.065864 0.060000
v 5.272001 0.055112 0.060000
v 5.294155 0.039849 0.060000
v 5.320815 0.031728 0.060000
v 5.351165 0.029336 0.060000
v 5.394881 0.034449 0.060000
v 5.432270 0.048381 0.060000
v 5.465056 0.069025 0.060000
v 5.460295 0.338223 0.060000
v 5.456992 0.346087 0.060000
v 5.452545 0.352028 0.060000
v 5.446804 0.356315 0.060000
v 5.439619 0.359218 0.060000
v 5.393443 0.362381 0.060000
v 5.393443 0.378775 0.060000
v 5.509059 0.396894 0.060000
v 4.798439 0.307235 0.060000
v 4.801949 0.321198 0.060000
v 4.815358 0.346403 0.060000
v 4.836389 0.367343 0.060000
v 4.863963 0.383249 0.060000
v 4.897002 0.393355 0.060000
v 4.934426 0.396894 0.060000
v 5.014380 0.385006 0.060000
v 5.050906 0.368421 0.060000
v 5.035375 0.270060 0.060000
v 5.019845 0.270060 0.060000
v 5.000000 0.358067 0.060000
v 4.974244 0.367622 0.060000
v 4.911957 0.372119 0.060000
v 4.887928 0.367410 0.060000
v 4.868754 0.358567 0.060000
v 4.854409 0.346189 0.060000
v 4.849040 0.338862 0.060000
v 4.841893 0.322305 0.060000
v 4.839517 0.303710 0.060000
v 4.842153 0.285343 0.060000
v 4.845421 0.277152 0.060000
v 4.855769 0.262362 0.060000
v 4.871078 0.249178 0.060000
v 5.005756 0.181446 0.060000
v 5.028883 0.162421 0.060000
v 5.045743 0.139560 0.060000
v 5.051365 0.126362 0.060000
v 5.056083 0.095772 0.060000
v 5.054645 0.079762 0.060000
v 5.050478 0.064971 0.060000
v 5.034832 0.039178 0.060000
v 5.010893 0.018658 0.060000
v 4.980411 0.003675 0.060000
v 4.906816 -0.008628 0.060000
v 4.823986 0.003515 0.060000
v 4.785160 0.020708 0.060000
v 4.801553 0.123382 0.060000
v 4.817084 0.123382 0.060000
v 4.840380 0.028473 0.060000
v 4.865242 0.020899 0.060000
v 4.916307 0.015531 0.060000
v 4.943837 0.017843 0.060000
v 4.967437 0.024542 0.060000
v 4.986627 0.035267 0.060000
v 5.000927 0.049660 0.060000
v 5.006094 0.058119 0.060000
v 5.012161 0.077337 0.060000
v 5.012210 0.098670 0.060000
v 5.006431 0.117059 0.060000
v 5.001439 0.125044 0.060000
v 4.987382 0.139236 0.060000
v 4.842183 0.213866 0.060000
v 4.821193 0.231597 0.060000
v 4.806231 0.252588 0.060000
v 4.798279 0.277894 0.060000
v 4.557729 0.527297 0.060000
v 4.560410 0.537168 0.060000
v 4.565428 0.545782 0.060000
v 4.572423 0.552777 0.060000
v 4.581037 0.557795 0.060000
v 4.590909 0.560476 0.060000
v 4.601500 0.560476 0.060000
v 4.611371 0.557795 0.060000
v 4.619984 0.552777 0.060000
v 4.626979 0.545782 0.060000
v 4.631997 0.537168 0.060000
v 4.634678 0.527297 0.060000
v 4.634678 0.516707 0.060000
v 4.631997 0.506835 0.060000
v 4.626979 0.498222 0.060000
v 4.619984 0.491227 0.060000
v 4.611371 0.486208 0.060000
v 4.601499 0.483527 0.060000
v 4.590908 0.483527 0.060000
v 4.581037 0.486208 0.060000
v 4.572423 0.491227 0.060000
v 4.565428 0.498222 0.060000
v 4.560410 0.506835 0.060000
v 4.557729 0.516707 0.060000
v 4.632129 0.051487 0.060000
v 4.637619 0.034513 0.060000
v 4.642368 0.028916 0.060000
v 4.648867 0.024830 0.060000
v 4.657140 0.021894 0.060000
v 4.692839 0.016393 0.060000
v 4.692839 -0.000000 0.060000
v 4.522002 -0.000000 0.060000
v 4.522002 0.016393 0.060000
v 4.564759 0.024319 0.060000
v 4.571314 0.027918 0.060000
v 4.576359 0.032787 0.060000
v 4.580618 0.041981 0.060000
v 4.583838 0.059665 0.060000
v 4.583274 0.326332 0.060000
v 4.581347 0.335122 0.060000
v 4.578341 0.341683 0.060000
v 4.576359 0.344262 0.060000
v 4.574518 0.345884 0.060000
v 4.569996 0.348563 0.060000
v 4.564036 0.350631 0.060000
v 4.526316 0.355479 0.060000
v 4.526316 0.371872 0.060000
v 4.622088 0.391717 0.060000
v 4.634167 0.384815 0.060000
v 3.998914 0.537745 0.060000
v 3.987389 0.552311 0.060000
v 3.980859 0.557185 0.060000
v 3.973442 0.560909 0.060000
v 3.943054 0.568594 0.060000
v 3.943054 0.586713 0.060000
v 4.125108 0.586713 0.060000
v 4.125108 0.568594 0.060000
v 4.077437 0.557701 0.060000
v 4.068865 0.552168 0.060000
v 4.065897 0.548574 0.060000
v 4.063792 0.544287 0.060000
v 4.062538 0.539204 0.060000
v 4.062300 0.528973 0.060000
v 4.215703 0.089733 0.060000
v 4.368799 0.526599 0.060000
v 4.370147 0.537532 0.060000
v 4.369700 0.543087 0.060000
v 4.368373 0.547742 0.060000
v 4.366183 0.551607 0.060000
v 4.363149 0.554789 0.060000
v 4.359287 0.557395 0.060000
v 4.349154 0.561314 0.060000
v 4.310613 0.568594 0.060000
v 4.310613 0.586713 0.060000
v 4.469370 0.586713 0.060000
v 4.469370 0.568594 0.060000
v 4.441936 0.561907 0.060000
v 4.428878 0.555012 0.060000
v 4.423317 0.550043 0.060000
v 4.413127 0.535743 0.060000
v 4.213978 -0.000000 0.060000
v 4.197584 -0.000000 0.060000
v 3.645064 0.051545 0.060000
v 3.648458 0.042551 0.060000
v 3.653041 0.035699 0.060000
v 3.658973 0.030698 0.060000
v 3.666411 0.027258 0.060000
v 3.675515 0.025089 0.060000
v 3.714409 0.023296 0.060000
v 3.714409 0.006902 0.060000
v 3.595341 -0.008628 0.060000
v 3.595341 0.064711 0.060000
v 3.560956 0.032883 0.060000
v 3.525909 0.010584 0.060000
v 3.497910 -0.000566 0.060000
v 3.466065 -0.006900 0.060000
v 3.425720 -0.006192 0.060000
v 3.384761 0.005905 0.060000
v 3.350847 0.028859 0.060000
v 3.324555 0.061377 0.060000
v 3.306460 0.102162 0.060000
v 3.297137 0.149923 0.060000
v 3.297494 0.206641 0.060000
v 3.309628 0.263306 0.060000
v 3.333231 0.312314 0.060000
v 3.367607 0.351818 0.060000
v 3.388618 0.367430 0.060000
v 3.437850 0.389220 0.060000
v 3.496117 0.396894 0.060000
v 3.534113 0.393762 0.060000
v 3.595341 0.374461 0.060000
v 3.593628 0.555778 0.060000
v 3.591701 0.564617 0.060000
v 3.588695 0.571191 0.060000
v 3.586713 0.573771 0.060000
v 3.584871 0.575392 0.060000
v 3.580349 0.578071 0.060000
v 3.574389 0.580139 0.060000
v 3.536669 0.584987 0.060000
v 3.536669 0.601381 0.060000
v 3.632442 0.621225 0.060000
v 3.644521 0.614323 0.060000
v 3.483394 0.030675 0.060000
v 3.506768 0.034324 0.060000
v 3.539042 0.045729 0.060000
v 3.595341 0.084556 0.060000
v 3.595341 0.328732 0.060000
v 3.566868 0.351868 0.060000
v 3.532068 0.367718 0.060000
v 3.511756 0.372072 0.060000
v 3.468039 0.372274 0.060000
v 3.429667 0.361802 0.060000
v 3.397299 0.341155 0.060000
v 3.371773 0.310646 0.060000
v 3.353928 0.270586 0.060000
v 3.344604 0.221287 0.060000
v 3.344165 0.171936 0.060000
v 3.350491 0.131390 0.060000
v 3.363647 0.095230 0.060000
v 3.384160 0.065325 0.060000
v 3.412559 0.043545 0.060000
v 3.449371 0.031759 0.060000
v 3.008332 -0.002173 0.060000
v 2.966286 0.016266 0.060000
v 2.948493 0.029544 0.060000
v 2.919605 0.063352 0.060000
v 2.899967 0.105668 0.060000
v 2.889965 0.155102 0.060000
v 2.890139 0.211837 0.060000
v 2.901411 0.266946 0.060000
v 2.923287 0.314614 0.060000
v 2.955075 0.353042 0.060000
v 2.996077 0.380433 0.060000
v 3.045600 0.394990 0.060000
v 3.073339 0.396894 0.060000
v 3.116412 0.391917 0.060000
v 3.151600 0.377497 0.060000
v 3.166244 0.366985 0.060000
v 3.189649 0.339838 0.060000
v 3.205229 0.305166 0.060000
v 3.213978 0.209664 0.060000
v 2.934426 0.209664 0.060000
v 2.943472 0.130891 0.060000
v 2.959529 0.092973 0.060000
v 2.983579 0.062927 0.060000
v 3.015598 0.041833 0.060000
v 3.055562 0.030769 0.060000
v 3.105579 0.031241 0.060000
v 3.129934 0.036526 0.060000
v 3.171189 0.054645 0.060000
v 3.203624 0.078516 0.060000
v 3.215703 0.065574 0.060000
v 3.173649 0.027930 0.060000
v 3.122008 0.001406 0.060000
v 3.058671 -0.008628 0.060000
v 3.167386 0.234685 0.060000
v 3.157735 0.303295 0.060000
v 3.144521 0.331644 0.060000
v 3.124692 0.353881 0.060000
v 3.112058 0.362206 0.060000
v 3.097482 0.368401 0.060000
v 3.062123 0.373598 0.060000
v 3.044930 0.372493 0.060000
v 3.013684 0.363824 0.060000
v 2.999744 0.356374 0.060000
v 2.975518 0.335526 0.060000
v 2.956540 0.307129 0.060000
v 2.943266 0.271638 0.060000
v 2.936152 0.229508 0.060000
v 2.654875 0.354616 0.060000
v 2.592752 0.354616 0.060000
v 2.592752 0.368421 0.060000
v 2.618561 0.376394 0.060000
v 2.638737 0.389640 0.060000
v 2.654120 0.407679 0.060000
v 2.665548 0.430032 0.060000
v 2.679897 0.485764 0.060000
v 2.699741 0.485764 0.060000
v 2.699741 0.383089 0.060000
v 2.835203 0.388266 0.060000
v 2.835203 0.354616 0.060000
v 2.699741 0.354616 0.060000
v 2.703664 0.070252 0.060000
v 2.710714 0.049695 0.060000
v 2.715595 0.041954 0.060000
v 2.721394 0.035741 0.060000
v 2.728118 0.030933 0.060000
v 2.744380 0.025042 0.060000
v 2.786342 0.024894 0.060000
v 2.827437 0.035375 0.060000
v 2.835203 0.017256 0.060000
v 2.807720 0.004410 0.060000
v 2.759008 -0.007669 0.060000
v 2.725744 -0.007977 0.060000
v 2.701102 -0.002696 0.060000
v 2.682106 0.008049 0.060000
v 2.674612 0.015531 0.060000
v 2.668394 0.024450 0.060000
v 2.659607 0.046700 0.060000
v 2.375492 0.393323 0.060000
v 2.408303 0.382418 0.060000
v 2.435074 0.363891 0.060000
v 2.445970 0.351680 0.060000
v 2.462333 0.321182 0.060000
v 2.470859 0.282344 0.060000
v 2.473333 0.050119 0.060000
v 2.477774 0.033969 0.060000
v 2.481296 0.028149 0.060000
v 2.485763 0.023619 0.060000
v 2.491238 0.020223 0.060000
v 2.505446 0.016191 0.060000
v 2.535807 0.014668 0.060000
v 2.535807 -0.000000 0.060000
v 2.486626 -0.008628 0.060000
v 2.469762 -0.007050 0.060000
v 2.455533 -0.002045 0.060000
v 2.449468 0.001870 0.060000
v 2.439553 0.012780 0.060000
v 2.432755 0.028136 0.060000
v 2.428818 0.091458 0.060000
v 2.387563 0.040968 0.060000
v 2.338063 0.005049 0.060000
v 2.309442 -0.005049 0.060000
v 2.277826 -0.008628 0.060000
v 2.252541 -0.006024 0.060000
v 2.230563 0.001566 0.060000
v 2.212468 0.013805 0.060000
v 2.198831 0.030358 0.060000
v 2.190226 0.050890 0.060000
v 2.187230 0.075065 0.060000
v 2.189067 0.094672 0.060000
v 2.194520 0.113356 0.060000
v 2.203503 0.131094 0.060000
v 2.215927 0.147861 0.060000
v 2.250755 0.178387 0.060000
v 2.298310 0.204742 0.060000
v 2.428818 0.244176 0.060000
v 2.425926 0.281393 0.060000
v 2.417186 0.308951 0.060000
v 2.402502 0.331428 0.060000
v 2.381779 0.348225 0.060000
v 2.354920 0.358742 0.060000
v 2.321829 0.362381 0.060000
v 2.276004 0.356278 0.060000
v 2.238232 0.340012 0.060000
v 2.207938 0.316652 0.060000
v 2.195858 0.328732 0.060000
v 2.233311 0.363660 0.060000
v 2.278625 0.387850 0.060000
v 2.337360 0.396894 0.060000
v 2.309545 0.027824 0.060000
v 2.323563 0.030901 0.060000
v 2.350079 0.042150 0.060000
v 2.395680 0.078644 0.060000
v 2.428818 0.121657 0.060000
v 2.428818 0.219154 0.060000
v 2.328188 0.189339 0.060000
v 2.288826 0.169327 0.060000
v 2.258812 0.145719 0.060000
v 2.247789 0.132523 0.060000
v 2.239678 0.118373 0.060000
v 2.234671 0.103253 0.060000
v 2.232960 0.087144 0.060000
v 2.234506 0.071885 0.060000
v 2.239287 0.057681 0.060000
v 2.247519 0.045298 0.060000
v 2.252997 0.040029 0.060000
v 2.266811 0.031816 0.060000
v 2.284616 0.027342 0.060000
v 1.433611 0.024319 0.060000
v 1.440166 0.027918 0.060000
v 1.445211 0.032787 0.060000
v 1.449472 0.041981 0.060000
v 1.452691 0.059665 0.060000
v 1.452127 0.326332 0.060000
v 1.450200 0.335122 0.060000
v 1.447194 0.341683 0.060000
v 1.445211 0.344262 0.060000
v 1.443370 0.345884 0.060000
v 1.438848 0.348563 0.060000
v 1.432888 0.350631 0.060000
v 1.395168 0.355479 0.060000
v 1.395168 0.371872 0.060000
v 1.490940 0.391717 0.060000
v 1.503020 0.384815 0.060000
v 1.499569 0.327869 0.060000
v 1.539578 0.363021 0.060000
v 1.586106 0.387627 0.060000
v 1.612953 0.394477 0.060000
v 1.656421 0.396394 0.060000
v 1.681312 0.392445 0.060000
v 1.703075 0.384686 0.060000
v 1.721734 0.373259 0.060000
v 1.743956 0.349559 0.060000
v 1.754961 0.329594 0.060000
v 1.824418 0.377481 0.060000
v 1.878072 0.394545 0.060000
v 1.909405 0.396894 0.060000
v 1.951603 0.392216 0.060000
v 1.985268 0.378455 0.060000
v 1.999021 0.368296 0.060000
v 2.020607 0.341673 0.060000
v 2.034620 0.306986 0.060000
v 2.047071 0.040876 0.060000
v 2.050043 0.034513 0.060000
v 2.054793 0.028916 0.060000
v 2.061292 0.024830 0.060000
v 2.069564 0.021894 0.060000
v 2.105263 0.016393 0.060000
v 2.105263 -0.000000 0.060000
v 1.934426 -0.000000 0.060000
v 1.934426 0.016393 0.060000
v 1.977183 0.024319 0.060000
v 1.983738 0.027918 0.060000
v 1.988783 0.032787 0.060000
v 1.992119 0.038799 0.060000
v 1.996009 0.056622 0.060000
v 1.996476 0.254469 0.060000
v 1.989296 0.293774 0.060000
v 1.975716 0.322402 0.060000
v 1.966782 0.333154 0.060000
v 1.945132 0.348417 0.060000
v 1.919119 0.356537 0.060000
v 1.889560 0.358930 0.060000
v 1.840316 0.352795 0.060000
v 1.797591 0.336305 0.060000
v 1.761001 0.312338 0.060000
v 1.765396 0.296174 0.060000
v 1.771786 0.056083 0.060000
v 1.775285 0.040297 0.060000
v 1.780414 0.031503 0.060000
v 1.783006 0.028916 0.060000
v 1.789505 0.024830 0.060000
v 1.797778 0.021894 0.060000
v 1.833477 0.016393 0.060000
v 1.833477 -0.000000 0.060000
v 1.662640 -0.000000 0.060000
v 1.662640 0.016393 0.060000
v 1.705397 0.024319 0.060000
v 1.711952 0.027918 0.060000
v 1.716997 0.032787 0.060000
v 1.721258 0.041981 0.060000
v 1.723179 0.049948 0.060000
v 1.724726 0.254469 0.060000
v 1.717847 0.293774 0.060000
v 1.704892 0.322402 0.060000
v 1.696398 0.333154 0.060000
v 1.675902 0.348417 0.060000
v 1.651428 0.356537 0.060000
v 1.623814 0.358930 0.060000
v 1.574122 0.351612 0.060000
v 1.532867 0.332598 0.060000
v 1.498706 0.306299 0.060000
v 1.500981 0.051487 0.060000
v 1.506471 0.034513 0.060000
v 1.511220 0.028916 0.060000
v 1.517720 0.024830 0.060000
v 1.525992 0.021894 0.060000
v 1.561691 0.016393 0.060000
v 1.561691 -0.000000 0.060000
v 1.390854 -0.000000 0.060000
v 1.390854 0.016393 0.060000
v 1.172915 0.527297 0.060000
v 1.175596 0.537168 0.060000
v 1.180614 0.545782 0.060000
v 1.187609 0.552777 0.060000
v 1.196222 0.557795 0.060000
v 1.206094 0.560476 0.060000
v 1.216684 0.560476 0.060000
v 1.226556 0.557795 0.060000
v 1.235169 0.552777 0.060000
v 1.242164 0.545782 0.060000
v 1.247182 0.537168 0.060000
v 1.249864 0.527297 0.060000
v 1.249864 0.516707 0.060000
v 1.247182 0.506835 0.060000
v 1.242164 0.498222 0.060000
v 1.235169 0.491227 0.060000
v 1.226556 0.486208 0.060000
v 1.216684 0.483527 0.060000
v 1.206094 0.483527 0.060000
v 1.196222 0.486208 0.060000
v 1.187609 0.491227 0.060000
v 1.180614 0.498222 0.060000
v 1.175596 0.506835 0.060000
v 1.172915 0.516707 0.060000
v 1.247314 0.051487 0.060000
v 1.252804 0.034513 0.060000
v 1.257553 0.028916 0.060000
v 1.264053 0.024830 0.060000
v 1.272325 0.021894 0.060000
v 1.308024 0.016393 0.060000
v 1.308024 -0.000000 0.060000
v 1.137187 -0.000000 0.060000
v 1.137187 0.016393 0.060000
v 1.179944 0.024319 0.060000
v 1.186499 0.027918 0.060000
v 1.191544 0.032787 0.060000
v 1.195805 0.041981 0.060000
v 1.199024 0.059665 0.060000
v 1.198460 0.326332 0.060000
v 1.196533 0.335122 0.060000
v 1.193527 0.341683 0.060000
v 1.191544 0.344262 0.060000
v 1.189703 0.345884 0.060000
v 1.185181 0.348563 0.060000
v 1.179221 0.350631 0.060000
v 1.141501 0.355479 0.060000
v 1.141501 0.371872 0.060000
v 1.237273 0.391717 0.060000
v 1.249353 0.384815 0.060000
v 0.720136 0.051487 0.060000
v 0.725626 0.034513 0.060000
v 0.730375 0.028916 0.060000
v 0.736874 0.024830 0.060000
v 0.745147 0.021894 0.060000
v 0.780846 0.016393 0.060000
v 0.780846 -0.000000 0.060000
v 0.610009 -0.000000 0.060000
v 0.610009 0.016393 0.060000
v 0.652766 0.024319 0.060000
v 0.659321 0.027918 0.060000
v 0.664366 0.032787 0.060000
v 0.668626 0.041981 0.060000
v 0.671846 0.059665 0.060000
v 0.671281 0.326332 0.060000
v 0.669354 0.335122 0.060000
v 0.666348 0.341683 0.060000
v 0.664366 0.344262 0.060000
v 0.662524 0.345884 0.060000
v 0.658003 0.348563 0.060000
v 0.652043 0.350631 0.060000
v 0.614323 0.355479 0.060000
v 0.614323 0.371872 0.060000
v 0.710095 0.391717 0.060000
v 0.722174 0.384815 0.060000
v 0.718723 0.333046 0.060000
v 0.760426 0.365705 0.060000
v 0.807880 0.388394 0.060000
v 0.866264 0.396894 0.060000
v 0.908098 0.392216 0.060000
v 0.941520 0.378455 0.060000
v 0.955189 0.368296 0.060000
v 0.976667 0.341673 0.060000
v 0.990630 0.306986 0.060000
v 1.002278 0.043666 0.060000
v 1.006040 0.034513 0.060000
v 1.010789 0.028916 0.060000
v 1.017288 0.024830 0.060000
v 1.025561 0.021894 0.060000
v 1.061260 0.016393 0.060000
v 1.061260 -0.000000 0.060000
v 0.890423 -0.000000 0.060000
v 0.890423 0.016393 0.060000
v 0.933180 0.024319 0.060000
v 0.939735 0.027918 0.060000
v 0.944780 0.032787 0.060000
v 0.949040 0.041981 0.060000
v 0.950961 0.049948 0.060000
v 0.952489 0.254469 0.060000
v 0.945414 0.293774 0.060000
v 0.931975 0.322402 0.060000
v 0.923102 0.333154 0.060000
v 0.901512 0.348417 0.060000
v 0.875415 0.356537 0.060000
v 0.845556 0.358930 0.060000
v 0.794235 0.352315 0.060000
v 0.751925 0.334771 0.060000
v 0.717860 0.309750 0.060000
v 0.509361 0.040111 0.060000
v 0.518501 0.031431 0.060000
v 0.531331 0.025291 0.060000
v 0.561691 0.018119 0.060000
v 0.561691 -0.000000 0.060000
v 0.382226 -0.000000 0.060000
v 0.382226 0.018119 0.060000
v 0.428494 0.029012 0.060000
v 0.432735 0.031537 0.060000
v 0.436104 0.034544 0.060000
v 0.438646 0.038139 0.060000
v 0.440406 0.042426 0.060000
v 0.441760 0.053494 0.060000
v 0.439427 0.072412 0.060000
v 0.398620 0.183779 0.060000
v 0.150129 0.183779 0.060000
v 0.114814 0.092581 0.060000
v 0.106126 0.049180 0.060000
v 0.106624 0.043626 0.060000
v 0.108099 0.038970 0.060000
v 0.110521 0.035106 0.060000
v 0.113859 0.031924 0.060000
v 0.118085 0.029318 0.060000
v 0.169974 0.018119 0.060000
v 0.169974 -0.000000 0.060000
v 0.004314 -0.000000 0.060000
v 0.004314 0.018119 0.060000
v 0.031762 0.024927 0.060000
v 0.044569 0.031064 0.060000
v 0.049827 0.035052 0.060000
v 0.058895 0.045601 0.060000
v 0.275237 0.586713 0.060000
v 0.290768 0.586713 0.060000
v 0.273512 0.500431 0.060000
v 0.160483 0.210526 0.060000
v 0.388266 0.210526 0.060000
v 6.349776 0.307235 -0.060000
v 6.353286 0.321198 -0.060000
v 6.366695 0.346403 -0.060000
v 6.387726 0.367343 -0.060000
v 6.415300 0.383249 -0.060000
v 6.448339 0.393355 -0.060000
v 6.485764 0.396894 -0.060000
v 6.565717 0.385006 -0.060000
v 6.602243 0.368421 -0.060000
v 6.586712 0.270060 -0.060000
v 6.571182 0.270060 -0.060000
v 6.551337 0.358067 -0.060000
v 6.525581 0.367622 -0.060000
v 6.463294 0.372119 -0.060000
v 6.439266 0.367410 -0.060000
v 6.420091 0.358567 -0.060000
v 6.405746 0.346189 -0.060000
v 6.400377 0.338862 -0.060000
v 6.393230 0.322305 -0.060000
v 6.390854 0.303710 -0.060000
v 6.393490 0.285343 -0.060000
v 6.396759 0.277152 -0.060000
v 6.407106 0.262362 -0.060000
v 6.422415 0.249178 -0.060000
v 6.557093 0.181446 -0.060000
v 6.580220 0.162421 -0.060000
v 6.597080 0.139560 -0.060000
v 6.602703 0.126362 -0.060000
v 6.607420 0.095772 -0.060000
v 6.605982 0.079762 -0.060000
v 6.601815 0.064971 -0.060000
v 6.586169 0.039178 -0.060000
v 6.562230 0.018658 -0.060000
v 6.531748 0.003675 -0.060000
v 6.458153 -0.008628 -0.060000
v 6.375323 0.003515 -0.060000
v 6.336497 0.020708 -0.060000
v 6.352890 0.123382 -0.060000
v 6.368421 0.123382 -0.060000
v 6.391717 0.028473 -0.060000
v 6.416579 0.020899 -0.060000
v 6.467644 0.015531 -0.060000
v 6.495174 0.017843 -0.060000
v 6.518774 0.024542 -0.060000
v 6.537964 0.035267 -0.060000
v 6.552264 0.049660 -0.060000
v 6.557431 0.058119 -0.060000
v 6.563498 0.077337 -0.060000
v 6.563548 0.098670 -0.060000
v 6.557768 0.117059 -0.060000
v 6.552776 0.125044 -0.060000
v 6.538719 0.139236 -0.060000
v 6.393520 0.213866 -0.060000
v 6.372530 0.231597 -0.060000
v 6.357568 0.252588 -0.060000
v 6.349616 0.277894 -0.060000
v 6.183108 0.052919 -0.060000
v 6.185385 0.042494 -0.060000
v 6.188956 0.034513 -0.060000
v 6.193705 0.028916 -0.060000
v 6.200204 0.024830 -0.060000
v 6.208477 0.021894 -0.060000
v 6.244176 0.016393 -0.060000
v 6.244176 0.000000 -0.060000
v 6.073339 0.000000 -0.060000
v 6.073339 0.016393 -0.060000
v 6.116096 0.024319 -0.060000
v 6.122651 0.027918 -0.060000
v 6.127696 0.032787 -0.060000
v 6.131631 0.040416 -0.060000
v 6.134151 0.050682 -0.060000
v 6.134612 0.555840 -0.060000
v 6.132684 0.564630 -0.060000
v 6.129678 0.571191 -0.060000
v 6.127696 0.573771 -0.060000
v 6.125855 0.575392 -0.060000
v 6.121333 0.578071 -0.060000
v 6.115373 0.580139 -0.060000
v 6.077653 0.584987 -0.060000
v 6.077653 0.601381 -0.060000
v 6.173425 0.621225 -0.060000
v 6.185504 0.614323 -0.060000
v 5.847449 0.393323 -0.060000
v 5.880260 0.382418 -0.060000
v 5.907031 0.363891 -0.060000
v 5.917927 0.351680 -0.060000
v 5.934291 0.321182 -0.060000
v 5.942817 0.282344 -0.060000
v 5.945291 0.050119 -0.060000
v 5.949733 0.033969 -0.060000
v 5.953254 0.028149 -0.060000
v 5.957722 0.023620 -0.060000
v 5.963196 0.020223 -0.060000
v 5.977405 0.016191 -0.060000
v 6.007765 0.014668 -0.060000
v 6.007765 0.000000 -0.060000
v 5.958585 -0.008628 -0.060000
v 5.941720 -0.007050 -0.060000
v 5.927492 -0.002045 -0.060000
v 5.921426 0.001870 -0.060000
v 5.911512 0.012780 -0.060000
v 5.904713 0.028136 -0.060000
v 5.900776 0.091458 -0.060000
v 5.859520 0.040968 -0.060000
v 5.835957 0.020708 -0.060000
v 5.810021 0.005049 -0.060000
v 5.781401 -0.005049 -0.060000
v 5.749784 -0.008628 -0.060000
v 5.724499 -0.006024 -0.060000
v 5.702521 0.001566 -0.060000
v 5.684426 0.013805 -0.060000
v 5.670789 0.030358 -0.060000
v 5.662185 0.050890 -0.060000
v 5.659189 0.075065 -0.060000
v 5.661026 0.094672 -0.060000
v 5.666479 0.113356 -0.060000
v 5.675461 0.131094 -0.060000
v 5.703665 0.163633 -0.060000
v 5.744943 0.192098 -0.060000
v 5.900776 0.244176 -0.060000
v 5.897884 0.281393 -0.060000
v 5.889144 0.308951 -0.060000
v 5.874461 0.331428 -0.060000
v 5.853737 0.348225 -0.060000
v 5.826878 0.358742 -0.060000
v 5.793787 0.362381 -0.060000
v 5.747963 0.356278 -0.060000
v 5.710191 0.340012 -0.060000
v 5.679896 0.316652 -0.060000
v 5.667817 0.328732 -0.060000
v 5.705269 0.363660 -0.060000
v 5.750583 0.387850 -0.060000
v 5.809318 0.396894 -0.060000
v 5.795521 0.030901 -0.060000
v 5.822036 0.042150 -0.060000
v 5.867638 0.078644 -0.060000
v 5.900776 0.121657 -0.060000
v 5.900776 0.219154 -0.060000
v 5.800148 0.189339 -0.060000
v 5.744514 0.157982 -0.060000
v 5.719748 0.132523 -0.060000
v 5.711637 0.118373 -0.060000
v 5.706630 0.103253 -0.060000
v 5.704918 0.087144 -0.060000
v 5.706463 0.071885 -0.060000
v 5.711245 0.057681 -0.060000
v 5.719478 0.045298 -0.060000
v 5.731377 0.035503 -0.060000
v 5.747159 0.029064 -0.060000
v 5.767040 0.026747 -0.060000
v 5.513917 0.051545 -0.060000
v 5.517311 0.042551 -0.060000
v 5.521894 0.035699 -0.060000
v 5.527825 0.030698 -0.060000
v 5.535264 0.027258 -0.060000
v 5.544367 0.025089 -0.060000
v 5.583261 0.023296 -0.060000
v 5.583261 0.006903 -0.060000
v 5.465056 -0.008628 -0.060000
v 5.465056 0.046592 -0.060000
v 5.423130 0.018087 -0.060000
v 5.378136 -0.001406 -0.060000
v 5.327006 -0.008628 -0.060000
v 5.284400 -0.003951 -0.060000
v 5.251047 0.009810 -0.060000
v 5.237629 0.019970 -0.060000
v 5.216894 0.046592 -0.060000
v 5.203732 0.081280 -0.060000
v 5.194268 0.328165 -0.060000
v 5.188657 0.346087 -0.060000
v 5.184210 0.352028 -0.060000
v 5.178469 0.356315 -0.060000
v 5.171284 0.359218 -0.060000
v 5.125108 0.362381 -0.060000
v 5.125108 0.378775 -0.060000
v 5.240725 0.396894 -0.060000
v 5.241678 0.133796 -0.060000
v 5.249002 0.094491 -0.060000
v 5.262869 0.065864 -0.060000
v 5.272001 0.055112 -0.060000
v 5.294155 0.039849 -0.060000
v 5.320815 0.031728 -0.060000
v 5.351165 0.029336 -0.060000
v 5.394881 0.034449 -0.060000
v 5.432270 0.048381 -0.060000
v 5.465056 0.069025 -0.060000
v 5.460295 0.338223 -0.060000
v 5.456992 0.346087 -0.060000
v 5.452545 0.352028 -0.060000
v 5.446804 0.356315 -0.060000
v 5.439619 0.359218 -0.060000
v 5.393443 0.362381 -0.060000
v 5.393443 0.378775 -0.060000
v 5.509059 0.396894 -0.060000
v 4.798439 0.307235 -0.060000
v 4.801949 0.321198 -0.060000
v 4.815358 0.346403 -0.060000
v 4.836389 0.367343 -0.060000
v 4.863963 0.383249 -0.060000
v 4.897002 0.393355 -0.060000
v 4.934426 0.396894 -0.060000
v 5.014380 0.385006 -0.060000
v 5.050906 0.368421 -0.060000
v 5.035375 0.270060 -0.060000
v 5.019845 0.270060 -0.060000
v 5.000000 0.358067 -0.060000
v 4.974244 0.367622 -0.060000
v 4.911957 0.372119 -0.060000
v 4.887928 0.367410 -0.060000
v 4.868754 0.358567 -0.060000
v 4.854409 0.346189 -0.060000
v 4.849040 0.338862 -0.060000
v 4.841893 0.322305 -0.060000
v 4.839517 0.303710 -0.060000
v 4.842153 0.285343 -0.060000
v 4.845421 0.277152 -0.060000
v 4.855769 0.262362 -0.060000
v 4.871078 0.249178 -0.060000
v 5.005756 0.181446 -0.060000
v 5.028883 0.162421 -0.060000
v 5.045743 0.139560 -0.060000
v 5.051365 0.126362 -0.060000
v 5.056083 0.095772 -0.060000
v 5.054645 0.079762 -0.060000
v 5.050478 0.064971 -0.060000
v 5.034832 0.039178 -0.060000
v 5.010893 0.018658 -0.060000
v 4.980411 0.003675 -0.060000
v 4.906816 -0.008628 -0.060000
v 4.823986 0.003515 -0.060000
v 4.785160 0.020708 -0.060000
v 4.801553 0.123382 -0.060000
v 4.817084 0.123382 -0.060000
v 4.840380 0.028473 -0.060000
v 4.865242 0.020899 -0.060000
v 4.916307 0.015531 -0.060000
v 4.943837 0.017843 -0.060000
v 4.967437 0.024542 -0.060000
v 4.986627 0.035267 -0.060000
v 5.000927 0.049660 -0.060000
v 5.006094 0.058119 -0.060000
v 5.012161 0.077337 -0.060000
v 5.012210 0.098670 -0.060000
v 5.006431 0.117059 -0.060000
v 5.001439 0.125044 -0.060000
v 4.987382 0.139236 -0.060000
v 4.842183 0.213866 -0.060000
v 4.821193 0.231597 -0.060000
v 4.806231 0.252588 -0.060000
v 4.798279 0.277894 -0.060000
v 4.557729 0.527297 -0.060000
v 4.560410 0.537168 -0.060000
v 4.565428 0.545782 -0.060000
v 4.572423 0.552777 -0.060000
v 4.581037 0.557795 -0.060000
v 4.590909 0.560476 -0.060000
v 4.601500 0.560476 -0.060000
v 4.611371 0.557795 -0.060000
v 4.619984 0.552777 -0.060000
v 4.626979 0.545782 -0.060000
v 4.631997 0.537168 -0.060000
v 4.634678 0.527297 -0.060000
v 4.634678 0.516707 -0.060000
v 4.631997 0.506835 -0.060000
v 4.626979 0.498222 -0.060000
v 4.619984 0.491227 -0.060000
v 4.611371 0.486208 -0.060000
v 4.601499 0.483527 -0.060000
v 4.590908 0.483527 -0.060000
v 4.581037 0.486208 -0.060000
v 4.572423 0.491227 -0.060000
v 4.565428 0.498222 -0.060000
v 4.560410 0.506835 -0.060000
v 4.557729 0.516707 -0.060000
v 4.632129 0.051487 -0.060000
v 4.637619 0.034513 -0.060000
v 4.642368 0.028916 -0.060000
v 4.648867 0.024830 -0.060000
v 4.657140 0.021894 -0.060000
v 4.692839 0.016393 -0.060000
v 4.692839 0.000000 -0.060000
v 4.522002 0.000000 -0.060000
v 4.522002 0.016393 -0.060000
v 4.564759 0.024319 -0.060000
v 4.571314 0.027918 -0.060000
v 4.576359 0.032787 -0.060000
v 4.580618 0.041981 -0.060000
v 4.583838 0.059665 -0.060000
v 4.583274 0.326332 -0.060000
v 4.581347 0.335122 -0.060000
v 4.578341 0.341683 -0.060000
v 4.576359 0.344262 -0.060000
v 4.574518 0.345884 -0.060000
v 4.569996 0.348563 -0.060000
v 4.564036 0.350631 -0.060000
v 4.526316 0.355479 -0.060000
v 4.526316 0.371872 -0.060000
v 4.622088 0.391717 -0.060000
v 4.634167 0.384815 -0.060000
v 3.998914 0.537745 -0.060000
v 3.987389 0.552311 -0.060000
v 3.980859 0.557185 -0.060000
v 3.973442 0.560909 -0.060000
v 3.943054 0.568594 -0.060000
v 3.943054 0.586713 -0.060000
v 4.125108 0.586713 -0.060000
v 4.125108 0.568594 -0.060000
v 4.077437 0.557701 -0.060000
v 4.068865 0.552168 -0.060000
v 4.065897 0.548574 -0.060000
v 4.063792 0.544287 -0.060000
v 4.062538 0.539204 -0.060000
v 4.062300 0.528973 -0.060000
v 4.215703 0.089733 -0.060000
v 4.368799 0.526599 -0.060000
v 4.370147 0.537532 -0.060000
v 4.369700 0.543087 -0.060000
v 4.368373 0.547742 -0.060000
v 4.366183 0.551607 -0.060000
v 4.363149 0.554789 -0.060000
v 4.359287 0.557395 -0.060000
v 4.349154 0.561314 -0.060000
v 4.310613 0.568594 -0.060000
v 4.310613 0.586713 -0.060000
v 4.469370 0.586713 -0.060000
v 4.469370 0.568594 -0.060000
v 4.441936 0.561907 -0.060000
v 4.428878 0.555012 -0.060000
v 4.423317 0.550043 -0.060000
v 4.413127 0.535743 -0.060000
v 4.213978 0.000000 -0.060000
v 4.197584 0.000000 -0.060000
v 3.645064 0.051545 -0.060000
v 3.648458 0.042551 -0.060000
v 3.653041 0.035699 -0.060000
v 3.658973 0.030698 -0.060000
v 3.666411 0.027258 -0.060000
v 3.675515 0.025089 -0.060000
v 3.714409 0.023296 -0.060000
v 3.714409 0.006903 -0.060000
v 3.595341 -0.008628 -0.060000
v 3.595341 0.064711 -0.060000
v 3.570845 0.041011 -0.060000
v 3.538503 0.017472 -0.060000
v 3.482476 -0.004434 -0.060000
v 3.448663 -0.007765 -0.060000
v 3.404396 -0.001582 -0.060000
v 3.384761 0.005905 -0.060000
v 3.350847 0.028859 -0.060000
v 3.324555 0.061377 -0.060000
v 3.306460 0.102162 -0.060000
v 3.297137 0.149923 -0.060000
v 3.297494 0.206641 -0.060000
v 3.309628 0.263306 -0.060000
v 3.333231 0.312314 -0.060000
v 3.367607 0.351818 -0.060000
v 3.388618 0.367430 -0.060000
v 3.437850 0.389220 -0.060000
v 3.496117 0.396894 -0.060000
v 3.534113 0.393762 -0.060000
v 3.595341 0.374461 -0.060000
v 3.593628 0.555778 -0.060000
v 3.591701 0.564617 -0.060000
v 3.588695 0.571191 -0.060000
v 3.586713 0.573771 -0.060000
v 3.584871 0.575392 -0.060000
v 3.580349 0.578071 -0.060000
v 3.574389 0.580139 -0.060000
v 3.536669 0.584987 -0.060000
v 3.536669 0.601381 -0.060000
v 3.632442 0.621225 -0.060000
v 3.644521 0.614323 -0.060000
v 3.483394 0.030675 -0.060000
v 3.528632 0.041208 -0.060000
v 3.568405 0.062958 -0.060000
v 3.595341 0.084556 -0.060000
v 3.595341 0.328732 -0.060000
v 3.566868 0.351868 -0.060000
v 3.532068 0.367718 -0.060000
v 3.511756 0.372072 -0.060000
v 3.468039 0.372274 -0.060000
v 3.429667 0.361802 -0.060000
v 3.412680 0.352731 -0.060000
v 3.383628 0.327114 -0.060000
v 3.361838 0.291790 -0.060000
v 3.348149 0.247072 -0.060000
v 3.346507 0.151232 -0.060000
v 3.356182 0.112645 -0.060000
v 3.372951 0.079379 -0.060000
v 3.397341 0.053303 -0.060000
v 3.412559 0.043545 -0.060000
v 3.449371 0.031759 -0.060000
v 3.008332 -0.002173 -0.060000
v 2.966286 0.016266 -0.060000
v 2.948493 0.029544 -0.060000
v 2.919605 0.063352 -0.060000
v 2.899967 0.105668 -0.060000
v 2.889965 0.155102 -0.060000
v 2.890139 0.211837 -0.060000
v 2.901411 0.266946 -0.060000
v 2.923287 0.314614 -0.060000
v 2.955075 0.353042 -0.060000
v 2.996077 0.380433 -0.060000
v 3.019817 0.389428 -0.060000
v 3.073339 0.396894 -0.060000
v 3.116412 0.391917 -0.060000
v 3.151600 0.377497 -0.060000
v 3.178926 0.354400 -0.060000
v 3.198416 0.323395 -0.060000
v 3.205229 0.305166 -0.060000
v 3.213978 0.209664 -0.060000
v 2.934426 0.209664 -0.060000
v 2.943472 0.130891 -0.060000
v 2.959529 0.092973 -0.060000
v 2.983579 0.062927 -0.060000
v 3.015598 0.041833 -0.060000
v 3.055562 0.030769 -0.060000
v 3.105579 0.031241 -0.060000
v 3.129934 0.036526 -0.060000
v 3.171189 0.054645 -0.060000
v 3.203624 0.078516 -0.060000
v 3.215703 0.065574 -0.060000
v 3.173649 0.027930 -0.060000
v 3.122008 0.001406 -0.060000
v 3.058671 -0.008628 -0.060000
v 3.167386 0.234685 -0.060000
v 3.165101 0.270440 -0.060000
v 3.151907 0.318133 -0.060000
v 3.135482 0.343627 -0.060000
v 3.124692 0.353881 -0.060000
v 3.112058 0.362206 -0.060000
v 3.080869 0.372265 -0.060000
v 3.044930 0.372493 -0.060000
v 3.013684 0.363824 -0.060000
v 2.999744 0.356374 -0.060000
v 2.975518 0.335526 -0.060000
v 2.956540 0.307129 -0.060000
v 2.943266 0.271638 -0.060000
v 2.936152 0.229508 -0.060000
v 2.654875 0.354616 -0.060000
v 2.592752 0.354616 -0.060000
v 2.592752 0.368421 -0.060000
v 2.618561 0.376394 -0.060000
v 2.638737 0.389640 -0.060000
v 2.654120 0.407679 -0.060000
v 2.665548 0.430032 -0.060000
v 2.679897 0.485764 -0.060000
v 2.699741 0.485764 -0.060000
v 2.699741 0.383089 -0.060000
v 2.835203 0.388266 -0.060000
v 2.835203 0.354616 -0.060000
v 2.699741 0.354616 -0.060000
v 2.703664 0.070252 -0.060000
v 2.710714 0.049695 -0.060000
v 2.715595 0.041954 -0.060000
v 2.721394 0.035741 -0.060000
v 2.728118 0.030933 -0.060000
v 2.744380 0.025042 -0.060000
v 2.786342 0.024894 -0.060000
v 2.827437 0.035375 -0.060000
v 2.835203 0.017256 -0.060000
v 2.807720 0.004410 -0.060000
v 2.759008 -0.007669 -0.060000
v 2.725744 -0.007977 -0.060000
v 2.701102 -0.002696 -0.060000
v 2.682106 0.008049 -0.060000
v 2.674612 0.015531 -0.060000
v 2.668394 0.024450 -0.060000
v 2.659607 0.046700 -0.060000
v 2.375492 0.393323 -0.060000
v 2.408303 0.382418 -0.060000
v 2.435074 0.363891 -0.060000
v 2.445970 0.351680 -0.060000
v 2.462333 0.321182 -0.060000
v 2.470859 0.282344 -0.060000
v 2.473333 0.050119 -0.060000
v 2.477774 0.033969 -0.060000
v 2.481296 0.028149 -0.060000
v 2.485763 0.023620 -0.060000
v 2.491238 0.020223 -0.060000
v 2.505446 0.016191 -0.060000
v 2.535807 0.014668 -0.060000
v 2.535807 0.000000 -0.060000
v 2.486626 -0.008628 -0.060000
v 2.469762 -0.007050 -0.060000
v 2.455533 -0.002045 -0.060000
v 2.449468 0.001870 -0.060000
v 2.439553 0.012780 -0.060000
v 2.432755 0.028136 -0.060000
v 2.428818 0.091458 -0.060000
v 2.387563 0.040968 -0.060000
v 2.338063 0.005049 -0.060000
v 2.294028 -0.007713 -0.060000
v 2.252541 -0.006024 -0.060000
v 2.241102 -0.002831 -0.060000
v 2.220994 0.007125 -0.060000
v 2.205056 0.021563 -0.060000
v 2.198831 0.030358 -0.060000
v 2.190226 0.050890 -0.060000
v 2.187230 0.075065 -0.060000
v 2.189067 0.094672 -0.060000
v 2.194520 0.113356 -0.060000
v 2.215927 0.147861 -0.060000
v 2.250755 0.178387 -0.060000
v 2.298310 0.204742 -0.060000
v 2.428818 0.244176 -0.060000
v 2.425926 0.281393 -0.060000
v 2.417186 0.308951 -0.060000
v 2.402502 0.331428 -0.060000
v 2.381779 0.348225 -0.060000
v 2.354920 0.358742 -0.060000
v 2.321829 0.362381 -0.060000
v 2.276004 0.356278 -0.060000
v 2.238232 0.340012 -0.060000
v 2.207938 0.316652 -0.060000
v 2.195858 0.328732 -0.060000
v 2.233311 0.363660 -0.060000
v 2.278625 0.387850 -0.060000
v 2.337360 0.396894 -0.060000
v 2.309545 0.027824 -0.060000
v 2.323563 0.030901 -0.060000
v 2.350079 0.042150 -0.060000
v 2.395680 0.078644 -0.060000
v 2.428818 0.121657 -0.060000
v 2.428818 0.219154 -0.060000
v 2.328188 0.189339 -0.060000
v 2.288826 0.169327 -0.060000
v 2.258812 0.145719 -0.060000
v 2.247789 0.132523 -0.060000
v 2.239678 0.118373 -0.060000
v 2.234671 0.103253 -0.060000
v 2.232960 0.087144 -0.060000
v 2.234506 0.071885 -0.060000
v 2.239287 0.057681 -0.060000
v 2.247519 0.045298 -0.060000
v 2.259419 0.035503 -0.060000
v 2.266811 0.031816 -0.060000
v 2.284616 0.027342 -0.060000
v 1.433611 0.024319 -0.060000
v 1.440166 0.027918 -0.060000
v 1.445211 0.032787 -0.060000
v 1.449472 0.041981 -0.060000
v 1.452691 0.059665 -0.060000
v 1.452127 0.326332 -0.060000
v 1.450200 0.335122 -0.060000
v 1.447194 0.341683 -0.060000
v 1.445211 0.344262 -0.060000
v 1.443370 0.345884 -0.060000
v 1.438848 0.348563 -0.060000
v 1.432888 0.350631 -0.060000
v 1.395168 0.355479 -0.060000
v 1.395168 0.371872 -0.060000
v 1.490940 0.391717 -0.060000
v 1.503020 0.384815 -0.060000
v 1.499569 0.327869 -0.060000
v 1.539578 0.363021 -0.060000
v 1.586106 0.387627 -0.060000
v 1.612953 0.394477 -0.060000
v 1.656421 0.396394 -0.060000
v 1.681312 0.392445 -0.060000
v 1.703075 0.384686 -0.060000
v 1.721734 0.373259 -0.060000
v 1.743956 0.349559 -0.060000
v 1.754961 0.329594 -0.060000
v 1.824418 0.377481 -0.060000
v 1.878072 0.394545 -0.060000
v 1.909405 0.396894 -0.060000
v 1.951603 0.392216 -0.060000
v 1.985268 0.378455 -0.060000
v 1.999021 0.368296 -0.060000
v 2.020607 0.341673 -0.060000
v 2.034620 0.306986 -0.060000
v 2.047071 0.040876 -0.060000
v 2.050043 0.034513 -0.060000
v 2.054793 0.028916 -0.060000
v 2.061292 0.024830 -0.060000
v 2.069564 0.021894 -0.060000
v 2.105263 0.016393 -0.060000
v 2.105263 0.000000 -0.060000
v 1.934426 0.000000 -0.060000
v 1.934426 0.016393 -0.060000
v 1.977183 0.024319 -0.060000
v 1.983738 0.027918 -0.060000
v 1.988783 0.032787 -0.060000
v 1.992119 0.038799 -0.060000
v 1.996009 0.056622 -0.060000
v 1.996476 0.254469 -0.060000
v 1.989296 0.293774 -0.060000
v 1.975716 0.322402 -0.060000
v 1.966782 0.333154 -0.060000
v 1.945132 0.348417 -0.060000
v 1.919119 0.356537 -0.060000
v 1.889560 0.358930 -0.060000
v 1.840316 0.352795 -0.060000
v 1.797591 0.336305 -0.060000
v 1.761001 0.312338 -0.060000
v 1.765396 0.296174 -0.060000
v 1.771786 0.056083 -0.060000
v 1.775285 0.040297 -0.060000
v 1.780414 0.031503 -0.060000
v 1.783006 0.028916 -0.060000
v 1.789505 0.024830 -0.060000
v 1.797778 0.021894 -0.060000
v 1.833477 0.016393 -0.060000
v 1.833477 0.000000 -0.060000
v 1.662640 0.000000 -0.060000
v 1.662640 0.016393 -0.060000
v 1.705397 0.024319 -0.060000
v 1.711952 0.027918 -0.060000
v 1.716997 0.032787 -0.060000
v 1.721258 0.041981 -0.060000
v 1.723179 0.049948 -0.060000
v 1.724726 0.254469 -0.060000
v 1.717847 0.293774 -0.060000
v 1.704892 0.322402 -0.060000
v 1.696398 0.333154 -0.060000
v 1.675902 0.348417 -0.060000
v 1.651428 0.356537 -0.060000
v 1.623814 0.358930 -0.060000
v 1.574122 0.351612 -0.060000
v 1.532867 0.332598 -0.060000
v 1.498706 0.306299 -0.060000
v 1.500981 0.051487 -0.060000
v 1.506471 0.034513 -0.060000
v 1.511220 0.028916 -0.060000
v 1.517720 0.024830 -0.060000
v 1.525992 0.021894 -0.060000
v 1.561691 0.016393 -0.060000
v 1.561691 0.000000 -0.060000
v 1.390854 0.000000 -0.060000
v 1.390854 0.016393 -0.060000
v 1.172915 0.527297 -0.060000
v 1.175596 0.537168 -0.060000
v 1.180614 0.545782 -0.060000
v 1.187609 0.552777 -0.060000
v 1.196222 0.557795 -0.060000
v 1.206094 0.560476 -0.060000
v 1.216684 0.560476 -0.060000
v 1.226556 0.557795 -0.060000
v 1.235169 0.552777 -0.060000
v 1.242164 0.545782 -0.060000
v 1.247182 0.537168 -0.060000
v 1.249864 0.527297 -0.060000
v 1.249864 0.516707 -0.060000
v 1.247182 0.506835 -0.060000
v 1.242164 0.498222 -0.060000
v 1.235169 0.491227 -0.060000
v 1.226556 0.486208 -0.060000
v 1.216684 0.483527 -0.060000
v 1.206094 0.483527 -0.060000
v 1.196222 0.486208 -0.060000
v 1.187609 0.491227 -0.060000
v 1.180614 0.498222 -0.060000
v 1.175596 0.506835 -0.060000
v 1.172915 0.516707 -0.060000
v 1.247314 0.051487 -0.060000
v 1.252804 0.034513 -0.060000
v 1.257553 0.028916 -0.060000
v 1.264053 0.024830 -0.060000
v 1.272325 0.021894 -0.060000
v 1.308024 0.016393 -0.060000
v 1.308024 0.000000 -0.060000
v 1.137187 0.000000 -0.060000
v 1.137187 0.016393 -0.060000
v 1.179944 0.024319 -0.060000
v 1.186499 0.027918 -0.060000
v 1.191544 0.032787 -0.060000
v 1.195805 0.041981 -0.060000
v 1.199024 0.059665 -0.060000
v 1.198460 0.326332 -0.060000
v 1.196533 0.335122 -0.060000
v 1.193527 0.341683 -0.060000
v 1.191544 0.344262 -0.060000
v 1.189703 0.345884 -0.060000
v 1.185181 0.348563 -0.060000
v 1.179221 0.350631 -0.060000
v 1.141501 0.355479 -0.060000
v 1.141501 0.371872 -0.060000
v 1.237273 0.391717 -0.060000
v 1.249353 0.384815 -0.060000
v 0.720136 0.051487 -0.060000
v 0.725626 0.034513 -0.060000
v 0.730375 0.028916 -0.060000
v 0.736874 0.024830 -0.060000
v 0.745147 0.021894 -0.060000
v 0.780846 0.016393 -0.060000
v 0.780846 0.000000 -0.060000
v 0.610009 0.000000 -0.060000
v 0.610009 0.016393 -0.060000
v 0.652766 0.024319 -0.060000
v 0.659321 0.027918 -0.060000
v 0.664366 0.032787 -0.060000
v 0.668626 0.041981 -0.060000
v 0.671846 0.059665 -0.060000
v 0.671281 0.326332 -0.060000
v 0.669354 0.335122 -0.060000
v 0.666348 0.341683 -0.060000
v 0.664366 0.344262 -0.060000
v 0.662524 0.345884 -0.060000
v 0.658003 0.348563 -0.060000
v 0.652043 0.350631 -0.060000
v 0.614323 0.355479 -0.060000
v 0.614323 0.371872 -0.060000
v 0.710095 0.391717 -0.060000
v 0.722174 0.384815 -0.060000
v 0.718723 0.333046 -0.060000
v 0.760426 0.365705 -0.060000
v 0.807880 0.388394 -0.060000
v 0.866264 0.396894 -0.060000
v 0.908098 0.392216 -0.060000
v 0.941520 0.378455 -0.060000
v 0.955189 0.368296 -0.060000
v 0.976667 0.341673 -0.060000
v 0.990630 0.306986 -0.060000
v 1.002278 0.043666 -0.060000
v 1.006040 0.034513 -0.060000
v 1.010789 0.028916 -0.060000
v 1.017288 0.024830 -0.060000
v 1.025561 0.021894 -0.060000
v 1.061260 0.016393 -0.060000
v 1.061260 0.000000 -0.060000
v 0.890423 0.000000 -0.060000
v 0.890423 0.016393 -0.060000
v 0.933180 0.024319 -0.060000
v 0.939735 0.027918 -0.060000
v 0.944780 0.032787 -0.060000
v 0.949040 0.041981 -0.060000
v 0.950961 0.049948 -0.060000
v 0.952489 0.254469 -0.060000
v 0.945414 0.293774 -0.060000
v 0.931975 0.322402 -0.060000
v 0.923102 0.333154 -0.060000
v 0.901512 0.348417 -0.060000
v 0.875415 0.356537 -0.060000
v 0.845556 0.358930 -0.060000
v 0.794235 0.352315 -0.060000
v 0.751925 0.334771 -0.060000
v 0.717860 0.309750 -0.060000
v 0.509361 0.040111 -0.060000
v 0.518501 0.031431 -0.060000
v 0.531331 0.025291 -0.060000
v 0.561691 0.018119 -0.060000
v 0.561691 0.000000 -0.060000
v 0.382226 0.000000 -0.060000
v 0.382226 0.018119 -0.060000
v 0.428494 0.029012 -0.060000
v 0.432735 0.031537 -0.060000
v 0.436104 0.034544 -0.060000
v 0.438646 0.038139 -0.060000
v 0.440406 0.042426 -0.060000
v 0.441760 0.053494 -0.060000
v 0.439427 0.072412 -0.060000
v 0.398620 0.183779 -0.060000
v 0.150129 0.183779 -0.060000
v 0.114814 0.092581 -0.060000
v 0.106126 0.049180 -0.060000
v 0.106624 0.043626 -0.060000
v 0.108099 0.038970 -0.060000
v 0.110521 0.035106 -0.060000
v 0.113859 0.031924 -0.060000
v 0.118085 0.029318 -0.060000
v 0.169974 0.018119 -0.060000
v 0.169974 0.000000 -0.060000
v 0.004314 0.000000 -0.060000
v 0.004314 0.018119 -0.060000
v 0.031762 0.024927 -0.060000
v 0.044569 0.031064 -0.060000
v 0.049827 0.035052 -0.060000
v 0.058895 0.045601 -0.060000
v 0.275237 0.586713 -0.060000
v 0.290768 0.586713 -0.060000
v 0.273512 0.500431 -0.060000
v 0.160483 0.210526 -0.060000
v 0.388266 0.210526 -0.060000
v 0.557210 0.076507 0.000000
v 0.509361 0.040111 -0.060000
v 0.546646 0.068942 -0.012986
v 0.556944 0.076906 0.000000
v 0.546646 0.068942 0.012986
v 0.509361 0.040111 0.060000
v 0.538117 0.061217 -0.024493
v 0.546065 0.069592 -0.012986
v 0.555036 0.079043 0.000000
v 0.546065 0.069592 0.012986
v 0.538117 0.061217 0.024493
v 0.518501 0.031431 -0.060000
v 0.538506 0.060904 -0.024493
v 0.544990 0.070456 -0.012986
v 0.544990 0.070456 0.012986
v 0.538506 0.060904 0.024493
v 0.518501 0.031431 0.060000
v 0.544837 0.070542 -0.012986
v 0.550500 0.082260 0.000000
v 0.544837 0.070542 0.012986
v 0.531331 0.025291 -0.060000
v 0.551205 0.081975 0.000000
v 0.531331 0.025291 0.060000
v 0.561691 0.018119 -0.060000
v 0.621691 0.067541 0.000000
v 0.561691 0.018119 0.060000
v 0.561691 0.000000 -0.060000
v 0.621691 -0.064002 -0.000000
v 0.561691 -0.000000 0.060000
v 0.382226 0.000000 -0.060000
v 0.322226 -0.063152 -0.000000
v 0.382226 -0.000000 0.060000
v 0.382226 0.018119 -0.060000
v 0.322226 0.068482 0.000000
v 0.382226 0.018119 0.060000
v 0.407377 0.071145 -0.012986
v 0.402968 0.083377 0.000000
v 0.407377 0.071145 0.012986
v 0.428494 0.029012 -0.060000
v 0.417465 0.050951 -0.035507
v 0.407325 0.071124 -0.012986
v 0.407325 0.071124 0.012986
v 0.417465 0.050951 0.035507
v 0.428494 0.029012 0.060000
v 0.432735 0.031537 -0.060000
v 0.418181 0.051377 -0.035507
v 0.397082 0.080139 0.000000
v 0.418181 0.051377 0.035507
v 0.432735 0.031537 0.060000
v 0.436104 0.034544 -0.060000
v 0.417715 0.050961 -0.035507
v 0.391056 0.074760 0.000000
v 0.417715 0.050961 0.035507
v 0.436104 0.034544 0.060000
v 0.438646 0.038139 -0.060000
v 0.417044 0.050012 -0.035507
v 0.385728 0.067225 0.000000
v 0.417044 0.050012 0.035507
v 0.438646 0.038139 0.060000
v 0.440406 0.042426 -0.060000
v 0.416857 0.049558 -0.035507
v 0.406268 0.052766 -0.024493
v 0.382719 0.059898 0.000000
v 0.406268 0.052766 0.024493
v 0.416857 0.049558 0.035507
v 0.440406 0.042426 0.060000
v 0.406117 0.052015 -0.024493
v 0.394674 0.053476 -0.012986
v 0.394674 0.053476 0.012986
v 0.406117 0.052015 0.024493
v 0.441760 0.053494 -0.060000
v 0.394702 0.053995 -0.012986
v 0.381704 0.054133 0.000000
v 0.394702 0.053995 0.012986
v 0.441760 0.053494 0.060000
v 0.381713 0.053865 0.000000
v 0.439427 0.072412 -0.060000
v 0.380769 0.059743 0.000000
v 0.439427 0.072412 0.060000
v 0.398620 0.183779 -0.060000
v 0.357878 0.123779 0.000000
v 0.398620 0.183779 0.060000
v 0.150129 0.183779 -0.060000
v 0.191081 0.123779 0.000000
v 0.150129 0.183779 0.060000
v 0.109038 0.072584 -0.060000
v 0.167536 0.059212 0.000000
v 0.109038 0.072584 0.060000
v 0.153183 0.050738 -0.012986
v 0.166160 0.050199 0.000000
v 0.153183 0.050738 0.012986
v 0.106126 0.049180 -0.060000
v 0.141666 0.050399 -0.024493
v 0.153184 0.050794 -0.012986
v 0.153184 0.050794 0.012986
v 0.141666 0.050399 0.024493
v 0.106126 0.049180 0.060000
v 0.106624 0.043626 -0.060000
v 0.130781 0.048476 -0.035507
v 0.141643 0.050657 -0.024493
v 0.165799 0.055507 0.000000
v 0.141643 0.050657 0.024493
v 0.130781 0.048476 0.035507
v 0.106624 0.043626 0.060000
v 0.108099 0.038970 -0.060000
v 0.119980 0.044467 -0.047014
v 0.130508 0.049337 -0.035507
v 0.162993 0.064365 0.000000
v 0.130508 0.049337 0.035507
v 0.119980 0.044467 0.047014
v 0.108099 0.038970 0.060000
v 0.110521 0.035106 -0.060000
v 0.120660 0.043382 -0.047014
v 0.129644 0.050716 -0.035507
v 0.157366 0.073345 0.000000
v 0.129644 0.050716 0.035507
v 0.120660 0.043382 0.047014
v 0.110521 0.035106 0.060000
v 0.113859 0.031924 -0.060000
v 0.128901 0.051424 -0.035507
v 0.150706 0.079692 0.000000
v 0.128901 0.051424 0.035507
v 0.113859 0.031924 0.060000
v 0.118085 0.029318 -0.060000
v 0.129332 0.051158 -0.035507
v 0.139674 0.071239 -0.012986
v 0.139674 0.071239 0.012986
v 0.129332 0.051158 0.035507
v 0.118085 0.029318 0.060000
v 0.139109 0.071477 -0.012986
v 0.143513 0.083713 0.000000
v 0.139109 0.071477 0.012986
v 0.169974 0.018119 -0.060000
v 0.229974 0.068942 0.000000
v 0.169974 0.018119 0.060000
v 0.169974 0.000000 -0.060000
v 0.229974 -0.062894 -0.000000
v 0.169974 -0.000000 0.060000
v 0.004314 0.000000 -0.060000
v -0.055686 -0.064094 -0.000000
v 0.004314 -0.000000 0.060000
v 0.004314 0.018119 -0.060000
v -0.055686 0.067072 0.000000
v 0.004314 0.018119 0.060000
v 0.038603 0.027738 -0.060000
v 0.018151 0.070162 -0.012986
v 0.012501 0.081881 0.000000
v 0.018151 0.070162 0.012986
v 0.038603 0.027738 0.060000
v 0.018792 0.070519 -0.012986
v 0.018792 0.070519 0.012986
v 0.049827 0.035052 -0.060000
v 0.018704 0.070453 -0.012986
v 0.010107 0.080232 0.000000
v 0.018704 0.070453 0.012986
v 0.049827 0.035052 0.060000
v 0.018887 0.070639 -0.012986
v 0.009037 0.079144 0.000000
v 0.018887 0.070639 0.012986
v 0.058895 0.045601 -0.060000
v 0.009156 0.079302 0.000000
v 0.058895 0.045601 0.060000
v 0.275237 0.586713 -0.060000
v 0.234396 0.646713 0.000000
v 0.275237 0.586713 0.060000
v 0.290768 0.586713 -0.060000
v 0.331610 0.646713 0.000000
v 0.290768 0.586713 0.060000
v 0.273512 0.500431 -0.060000
v 0.273935 0.336341 0.000000
v 0.273512 0.500431 0.060000
v 0.160483 0.210526 -0.060000
v 0.248275 0.270526 0.000000
v 0.160483 0.210526 0.060000
v 0.388266 0.210526 -0.060000
v 0.299986 0.270526 0.000000
v 0.388266 0.210526 0.060000
v 0.720136 0.051487 -0.060000
v 0.779303 0.061539 0.000000
v 0.720136 0.051487 0.060000
v 0.767081 0.056632 -0.012986
v 0.779571 0.060213 0.000000
v 0.767081 0.056632 0.012986
v 0.756320 0.052511 -0.024493
v 0.767133 0.056471 -0.012986
v 0.767133 0.056471 0.012986
v 0.756320 0.052511 0.024493
v 0.724204 0.037248 -0.060000
v 0.746443 0.047570 -0.035507
v 0.756443 0.052211 -0.024493
v 0.756443 0.052211 0.024493
v 0.746443 0.047570 0.035507
v 0.724204 0.037248 0.060000
v 0.746552 0.047360 -0.035507
v 0.776888 0.065986 0.000000
v 0.746552 0.047360 0.035507
v 0.727783 0.031503 -0.060000
v 0.746513 0.047414 -0.035507
v 0.773666 0.070480 0.000000
v 0.746513 0.047414 0.035507
v 0.727783 0.031503 0.060000
v 0.746338 0.047590 -0.035507
v 0.746338 0.047590 0.035507
v 0.733404 0.026707 -0.060000
v 0.746507 0.047466 -0.035507
v 0.752398 0.056801 -0.024493
v 0.765501 0.077561 0.000000
v 0.752398 0.056801 0.024493
v 0.746507 0.047466 0.035507
v 0.733404 0.026707 0.060000
v 0.752048 0.056991 -0.024493
v 0.756965 0.067413 -0.012986
v 0.756965 0.067413 0.012986
v 0.752048 0.056991 0.024493
v 0.740787 0.023241 -0.060000
v 0.756600 0.067562 -0.012986
v 0.760968 0.079804 0.000000
v 0.756600 0.067562 0.012986
v 0.740787 0.023241 0.060000
v 0.780846 0.016393 -0.060000
v 0.840846 0.069756 0.000000
v 0.780846 0.016393 0.060000
v 0.780846 0.000000 -0.060000
v 0.840846 -0.064639 -0.000000
v 0.780846 -0.000000 0.060000
v 0.610009 0.000000 -0.060000
v 0.550009 -0.064639 -0.000000
v 0.610009 -0.000000 0.060000
v 0.610009 0.016393 -0.060000
v 0.550009 0.069570 0.000000
v 0.610009 0.016393 0.060000
v 0.648900 0.022898 -0.060000
v 0.634317 0.067626 -0.012986
v 0.630288 0.079982 0.000000
v 0.634317 0.067626 0.012986
v 0.648900 0.022898 0.060000
v 0.638951 0.057071 -0.024493
v 0.634475 0.067685 -0.012986
v 0.634475 0.067685 0.012986
v 0.638951 0.057071 0.024493
v 0.656237 0.025979 -0.060000
v 0.644395 0.047466 -0.035507
v 0.639070 0.057127 -0.024493
v 0.639070 0.057127 0.024493
v 0.644395 0.047466 0.035507
v 0.656237 0.025979 0.060000
v 0.644897 0.047781 -0.035507
v 0.623988 0.076577 0.000000
v 0.644897 0.047781 0.035507
v 0.662028 0.030174 -0.060000
v 0.644969 0.047841 -0.035507
v 0.644969 0.047841 0.035507
v 0.662028 0.030174 0.060000
v 0.664366 0.032787 -0.060000
v 0.644511 0.047329 -0.035507
v 0.615728 0.068411 0.000000
v 0.644511 0.047329 0.035507
v 0.664366 0.032787 0.060000
v 0.665986 0.035524 -0.060000
v 0.644281 0.046940 -0.035507
v 0.634521 0.052073 -0.024493
v 0.634521 0.052073 0.024493
v 0.644281 0.046940 0.035507
v 0.634525 0.052083 -0.024493
v 0.623871 0.056459 -0.012986
v 0.623871 0.056459 0.012986
v 0.634525 0.052083 0.024493
v 0.623786 0.056223 -0.012986
v 0.611400 0.060156 0.000000
v 0.623786 0.056223 0.012986
v 0.668626 0.041981 0.060000
v 0.611333 0.059915 0.000000
v 0.670547 0.049948 -0.060000
v 0.611503 0.060725 0.000000
v 0.670547 0.049948 0.060000
v 0.671281 0.326332 -0.060000
v 0.671281 0.326332 0.060000
v 0.624502 0.320842 -0.012986
v 0.611813 0.318027 0.000000
v 0.624502 0.320842 0.012986
v 0.669354 0.335122 -0.060000
v 0.635518 0.324193 -0.024493
v 0.624552 0.320651 -0.012986
v 0.624552 0.320651 0.012986
v 0.635518 0.324193 0.024493
v 0.669354 0.335122 0.060000
v 0.645715 0.328361 -0.035507
v 0.635694 0.323733 -0.024493
v 0.613408 0.313440 0.000000
v 0.635694 0.323733 0.024493
v 0.645715 0.328361 0.035507
v 0.666348 0.341683 -0.060000
v 0.655434 0.334573 -0.047014
v 0.645763 0.328273 -0.035507
v 0.645763 0.328273 0.035507
v 0.655434 0.334573 0.047014
v 0.666348 0.341683 0.060000
v 0.664366 0.344262 -0.060000
v 0.654837 0.335349 -0.047014
v 0.620343 0.303081 0.000000
v 0.654837 0.335349 0.047014
v 0.664366 0.344262 0.060000
v 0.654559 0.335594 -0.047014
v 0.647502 0.326477 -0.035507
v 0.625724 0.298343 0.000000
v 0.647502 0.326477 0.035507
v 0.654559 0.335594 0.047014
v 0.660419 0.347310 -0.060000
v 0.647870 0.326227 -0.035507
v 0.647870 0.326227 0.035507
v 0.660419 0.347310 0.060000
v 0.647829 0.326248 -0.035507
v 0.643255 0.316214 -0.024493
v 0.633082 0.293899 0.000000
v 0.643255 0.316214 0.024493
v 0.647829 0.326248 0.035507
v 0.655226 0.349663 -0.060000
v 0.643502 0.316116 -0.024493
v 0.639702 0.305244 -0.012986
v 0.639702 0.305244 0.012986
v 0.643502 0.316116 0.024493
v 0.655226 0.349663 0.060000
v 0.639800 0.305214 -0.012986
v 0.636419 0.292669 0.000000
v 0.639800 0.305214 0.012986
v 0.614323 0.355479 -0.060000
v 0.554323 0.300404 0.000000
v 0.614323 0.355479 0.060000
v 0.614323 0.371872 -0.060000
v 0.554323 0.426858 0.000000
v 0.614323 0.371872 0.060000
v 0.647478 0.436528 0.000000
v 0.710095 0.391717 -0.060000
v 0.717084 0.456828 0.000000
v 0.710095 0.391717 0.060000
v 0.722174 0.384815 -0.060000
v 0.786114 0.417383 0.000000
v 0.722174 0.384815 0.060000
v 0.718758 0.337755 -0.060000
v 0.778753 0.336881 0.000000
v 0.718758 0.337755 0.060000
v 0.718723 0.333046 -0.060000
v 0.779710 0.465842 0.000000
v 0.718723 0.333046 0.060000
v 0.728893 0.341915 -0.060000
v 0.690132 0.387723 0.000000
v 0.728893 0.341915 0.060000
v 0.771548 0.372476 -0.060000
v 0.741951 0.424702 0.000000
v 0.771548 0.372476 0.060000
v 0.821249 0.392014 -0.060000
v 0.807824 0.450539 0.000000
v 0.821249 0.392014 0.060000
v 0.866264 0.396894 -0.060000
v 0.866806 0.456951 0.000000
v 0.866264 0.396894 0.060000
v 0.908098 0.392216 -0.060000
v 0.922660 0.450574 0.000000
v 0.908098 0.392216 0.060000
v 0.941520 0.378455 -0.060000
v 0.973260 0.429623 0.000000
v 0.941520 0.378455 0.060000
v 0.955189 0.368296 -0.060000
v 0.995091 0.413396 0.000000
v 0.955189 0.368296 0.060000
v 0.976667 0.341673 -0.060000
v 1.028759 0.371778 0.000000
v 0.976667 0.341673 0.060000
v 0.990630 0.306986 -0.060000
v 1.048643 0.322662 0.000000
v 0.990630 0.306986 0.060000
v 1.002278 0.043666 -0.060000
v 1.047495 0.056632 -0.012986
v 1.059986 0.060213 0.000000
v 1.047495 0.056632 0.012986
v 1.002278 0.043666 0.060000
v 1.036734 0.052511 -0.024493
v 1.047548 0.056471 -0.012986
v 1.047548 0.056471 0.012986
v 1.036734 0.052511 0.024493
v 1.026857 0.047570 -0.035507
v 1.036858 0.052211 -0.024493
v 1.036858 0.052211 0.024493
v 1.026857 0.047570 0.035507
v 1.006040 0.034513 -0.060000
v 1.026966 0.047360 -0.035507
v 1.057303 0.065984 0.000000
v 1.026966 0.047360 0.035507
v 1.006040 0.034513 0.060000
v 1.008197 0.031503 -0.060000
v 1.026928 0.047414 -0.035507
v 1.054081 0.070479 0.000000
v 1.026928 0.047414 0.035507
v 1.008197 0.031503 0.060000
v 1.026752 0.047590 -0.035507
v 1.026752 0.047590 0.035507
v 1.013818 0.026707 -0.060000
v 1.026921 0.047466 -0.035507
v 1.032812 0.056801 -0.024493
v 1.045915 0.077561 0.000000
v 1.032812 0.056801 0.024493
v 1.026921 0.047466 0.035507
v 1.013818 0.026707 0.060000
v 1.032461 0.056991 -0.024493
v 1.037379 0.067413 -0.012986
v 1.037379 0.067413 0.012986
v 1.032461 0.056991 0.024493
v 1.021201 0.023241 -0.060000
v 1.037014 0.067562 -0.012986
v 1.041382 0.079804 0.000000
v 1.037014 0.067562 0.012986
v 1.021201 0.023241 0.060000
v 1.061260 0.016393 -0.060000
v 1.121260 0.069756 0.000000
v 1.061260 0.016393 0.060000
v 1.061260 0.000000 -0.060000
v 1.121260 -0.064639 -0.000000
v 1.061260 -0.000000 0.060000
v 0.890423 0.000000 -0.060000
v 0.830423 -0.064639 -0.000000
v 0.890423 -0.000000 0.060000
v 0.890423 0.016393 -0.060000
v 0.830423 0.069570 0.000000
v 0.890423 0.016393 0.060000
v 0.929314 0.022898 -0.060000
v 0.914731 0.067626 -0.012986
v 0.910702 0.079982 0.000000
v 0.914731 0.067626 0.012986
v 0.929314 0.022898 0.060000
v 0.919366 0.057071 -0.024493
v 0.914889 0.067685 -0.012986
v 0.914889 0.067685 0.012986
v 0.919366 0.057071 0.024493
v 0.936651 0.025979 -0.060000
v 0.924809 0.047466 -0.035507
v 0.919485 0.057127 -0.024493
v 0.919485 0.057127 0.024493
v 0.924809 0.047466 0.035507
v 0.936651 0.025979 0.060000
v 0.925311 0.047781 -0.035507
v 0.904402 0.076577 0.000000
v 0.925311 0.047781 0.035507
v 0.942442 0.030174 -0.060000
v 0.925384 0.047841 -0.035507
v 0.925384 0.047841 0.035507
v 0.942442 0.030174 0.060000
v 0.944780 0.032787 -0.060000
v 0.924925 0.047329 -0.035507
v 0.896142 0.068411 0.000000
v 0.924925 0.047329 0.035507
v 0.944780 0.032787 0.060000
v 0.924695 0.046940 -0.035507
v 0.914935 0.052073 -0.024493
v 0.914935 0.052073 0.024493
v 0.924695 0.046940 0.035507
v 0.914939 0.052083 -0.024493
v 0.904285 0.056459 -0.012986
v 0.904285 0.056459 0.012986
v 0.914939 0.052083 0.024493
v 0.949040 0.041981 -0.060000
v 0.904200 0.056223 -0.012986
v 0.891814 0.060156 0.000000
v 0.904200 0.056223 0.012986
v 0.949040 0.041981 0.060000
v 0.891747 0.059915 0.000000
v 0.950961 0.049948 -0.060000
v 0.891917 0.060726 0.000000
v 0.950961 0.049948 0.060000
v 0.952489 0.254469 -0.060000
v 0.892634 0.249510 0.000000
v 0.952489 0.254469 0.060000
v 0.945414 0.293774 -0.060000
v 0.887990 0.275944 0.000000
v 0.945414 0.293774 0.060000
v 0.931975 0.322402 -0.060000
v 0.882431 0.288172 0.000000
v 0.931975 0.322402 0.060000
v 0.923102 0.333154 -0.060000
v 0.880251 0.290812 0.000000
v 0.923102 0.333154 0.060000
v 0.901512 0.348417 -0.060000
v 0.875381 0.294198 0.000000
v 0.901512 0.348417 0.060000
v 0.875415 0.356537 -0.060000
v 0.864638 0.297420 0.000000
v 0.875415 0.356537 0.060000
v 0.845556 0.358930 -0.060000
v 0.845408 0.298894 0.000000
v 0.845556 0.358930 0.060000
v 0.794235 0.352315 -0.060000
v 0.809925 0.294369 0.000000
v 0.794235 0.352315 0.060000
v 0.788315 0.286187 0.000000
v 0.751925 0.334771 -0.060000
v 0.751925 0.334771 0.060000
v 0.741234 0.297615 -0.035507
v 0.763832 0.270212 0.000000
v 0.741234 0.297615 0.035507
v 0.717860 0.309750 -0.060000
v 0.742353 0.298588 -0.035507
v 0.777860 0.282406 0.000000
v 0.742353 0.298588 0.035507
v 0.717860 0.309750 0.060000
v 0.717860 0.307593 -0.060000
v 0.777860 0.307593 0.000000
v 0.717860 0.307593 0.060000
v 1.172915 0.527297 -0.060000
v 1.113312 0.535272 0.000000
v 1.172915 0.527297 0.060000
v 1.175596 0.537168 -0.060000
v 1.120155 0.560445 0.000000
v 1.175596 0.537168 0.060000
v 1.180614 0.545782 -0.060000
v 1.133003 0.582498 0.000000
v 1.180614 0.545782 0.060000
v 1.187609 0.552777 -0.060000
v 1.150893 0.600388 0.000000
v 1.187609 0.552777 0.060000
v 1.196222 0.557795 -0.060000
v 1.172946 0.613236 0.000000
v 1.196222 0.557795 0.060000
v 1.206094 0.560476 -0.060000
v 1.198118 0.620079 0.000000
v 1.206094 0.560476 0.060000
v 1.216684 0.560476 -0.060000
v 1.224660 0.620079 0.000000
v 1.216684 0.560476 0.060000
v 1.226556 0.557795 -0.060000
v 1.249832 0.613236 0.000000
v 1.226556 0.557795 0.060000
v 1.235169 0.552777 -0.060000
v 1.271886 0.600388 0.000000
v 1.235169 0.552777 0.060000
v 1.242164 0.545782 -0.060000
v 1.289775 0.582498 0.000000
v 1.242164 0.545782 0.060000
v 1.247182 0.537168 -0.060000
v 1.302623 0.560445 0.000000
v 1.247182 0.537168 0.060000
v 1.249864 0.527297 -0.060000
v 1.309466 0.535272 0.000000
v 1.249864 0.527297 0.060000
v 1.249864 0.516707 -0.060000
v 1.309466 0.508731 0.000000
v 1.249864 0.516707 0.060000
v 1.247182 0.506835 -0.060000
v 1.302623 0.483558 0.000000
v 1.247182 0.506835 0.060000
v 1.242164 0.498222 -0.060000
v 1.289775 0.461505 0.000000
v 1.242164 0.498222 0.060000
v 1.235169 0.491227 -0.060000
v 1.271886 0.443616 0.000000
v 1.235169 0.491227 0.060000
v 1.226556 0.486208 -0.060000
v 1.249832 0.430768 0.000000
v 1.226556 0.486208 0.060000
v 1.216684 0.483527 -0.060000
v 1.224660 0.423925 0.000000
v 1.216684 0.483527 0.060000
v 1.206094 0.483527 -0.060000
v 1.198118 0.423925 0.000000
v 1.206094 0.483527 0.060000
v 1.196222 0.486208 -0.060000
v 1.172946 0.430768 0.000000
v 1.196222 0.486208 0.060000
v 1.187609 0.491227 -0.060000
v 1.150892 0.443616 0.000000
v 1.187609 0.491227 0.060000
v 1.180614 0.498222 -0.060000
v 1.133003 0.461505 0.000000
v 1.180614 0.498222 0.060000
v 1.175596 0.506835 -0.060000
v 1.120155 0.483558 0.000000
v 1.175596 0.506835 0.060000
v 1.172915 0.516707 -0.060000
v 1.113312 0.508731 0.000000
v 1.172915 0.516707 0.060000
v 1.247314 0.051487 -0.060000
v 1.306482 0.061539 0.000000
v 1.247314 0.051487 0.060000
v 1.294260 0.056632 -0.012986
v 1.306750 0.060213 0.000000
v 1.294260 0.056632 0.012986
v 1.283499 0.052511 -0.024493
v 1.294312 0.056471 -0.012986
v 1.294312 0.056471 0.012986
v 1.283499 0.052511 0.024493
v 1.251383 0.037248 -0.060000
v 1.273622 0.047570 -0.035507
v 1.283622 0.052211 -0.024493
v 1.283622 0.052211 0.024493
v 1.273622 0.047570 0.035507
v 1.251383 0.037248 0.060000
v 1.273731 0.047360 -0.035507
v 1.304067 0.065984 0.000000
v 1.273731 0.047360 0.035507
v 1.254961 0.031503 -0.060000
v 1.273692 0.047414 -0.035507
v 1.300846 0.070479 0.000000
v 1.273692 0.047414 0.035507
v 1.254961 0.031503 0.060000
v 1.273516 0.047590 -0.035507
v 1.273516 0.047590 0.035507
v 1.260583 0.026707 -0.060000
v 1.273685 0.047466 -0.035507
v 1.279577 0.056801 -0.024493
v 1.292679 0.077561 0.000000
v 1.279577 0.056801 0.024493
v 1.273685 0.047466 0.035507
v 1.260583 0.026707 0.060000
v 1.279226 0.056991 -0.024493
v 1.284143 0.067413 -0.012986
v 1.284143 0.067413 0.012986
v 1.279226 0.056991 0.024493
v 1.267966 0.023241 -0.060000
v 1.283778 0.067562 -0.012986
v 1.288146 0.079804 0.000000
v 1.283778 0.067562 0.012986
v 1.267966 0.023241 0.060000
v 1.308024 0.016393 -0.060000
v 1.368024 0.069756 0.000000
v 1.308024 0.016393 0.060000
v 1.308024 0.000000 -0.060000
v 1.368024 -0.064639 -0.000000
v 1.308024 -0.000000 0.060000
v 1.137187 0.000000 -0.060000
v 1.077187 -0.064639 -0.000000
v 1.137187 -0.000000 0.060000
v 1.137187 0.016393 -0.060000
v 1.077187 0.069570 0.000000
v 1.137187 0.016393 0.060000
v 1.176078 0.022898 -0.060000
v 1.161495 0.067627 -0.012986
v 1.157467 0.079982 0.000000
v 1.161495 0.067627 0.012986
v 1.176078 0.022898 0.060000
v 1.166130 0.057071 -0.024493
v 1.161653 0.067685 -0.012986
v 1.161653 0.067685 0.012986
v 1.166130 0.057071 0.024493
v 1.183415 0.025979 -0.060000
v 1.171574 0.047466 -0.035507
v 1.166249 0.057128 -0.024493
v 1.166249 0.057128 0.024493
v 1.171574 0.047466 0.035507
v 1.183415 0.025979 0.060000
v 1.172076 0.047781 -0.035507
v 1.151166 0.076577 0.000000
v 1.172076 0.047781 0.035507
v 1.189206 0.030174 -0.060000
v 1.172148 0.047841 -0.035507
v 1.172148 0.047841 0.035507
v 1.189206 0.030174 0.060000
v 1.191544 0.032787 -0.060000
v 1.171690 0.047330 -0.035507
v 1.142908 0.068412 0.000000
v 1.171690 0.047330 0.035507
v 1.191544 0.032787 0.060000
v 1.171460 0.046941 -0.035507
v 1.161700 0.052074 -0.024493
v 1.161700 0.052074 0.024493
v 1.171460 0.046941 0.035507
v 1.161704 0.052083 -0.024493
v 1.151050 0.056459 -0.012986
v 1.151050 0.056459 0.012986
v 1.161704 0.052083 0.024493
v 1.195805 0.041981 -0.060000
v 1.150964 0.056222 -0.012986
v 1.138578 0.060156 0.000000
v 1.150964 0.056222 0.012986
v 1.195805 0.041981 0.060000
v 1.138512 0.059914 0.000000
v 1.197726 0.049948 -0.060000
v 1.138681 0.060725 0.000000
v 1.197726 0.049948 0.060000
v 1.198460 0.326332 -0.060000
v 1.198460 0.326332 0.060000
v 1.151680 0.320841 -0.012986
v 1.138992 0.318026 0.000000
v 1.151680 0.320841 0.012986
v 1.196533 0.335122 -0.060000
v 1.162696 0.324193 -0.024493
v 1.151731 0.320651 -0.012986
v 1.151731 0.320651 0.012986
v 1.162696 0.324193 0.024493
v 1.196533 0.335122 0.060000
v 1.172894 0.328361 -0.035507
v 1.162873 0.323733 -0.024493
v 1.140587 0.313440 0.000000
v 1.162873 0.323733 0.024493
v 1.172894 0.328361 0.035507
v 1.193527 0.341683 -0.060000
v 1.182612 0.334573 -0.047014
v 1.172942 0.328273 -0.035507
v 1.172942 0.328273 0.035507
v 1.182612 0.334573 0.047014
v 1.193527 0.341683 0.060000
v 1.191544 0.344262 -0.060000
v 1.182016 0.335349 -0.047014
v 1.147521 0.303080 0.000000
v 1.182016 0.335349 0.047014
v 1.191544 0.344262 0.060000
v 1.181738 0.335594 -0.047014
v 1.174680 0.326477 -0.035507
v 1.152902 0.298343 0.000000
v 1.174680 0.326477 0.035507
v 1.181738 0.335594 0.047014
v 1.187598 0.347310 -0.060000
v 1.175049 0.326227 -0.035507
v 1.175049 0.326227 0.035507
v 1.187598 0.347310 0.060000
v 1.175008 0.326248 -0.035507
v 1.170434 0.316214 -0.024493
v 1.160260 0.293899 0.000000
v 1.170434 0.316214 0.024493
v 1.175008 0.326248 0.035507
v 1.182405 0.349663 -0.060000
v 1.170680 0.316116 -0.024493
v 1.166880 0.305244 -0.012986
v 1.166880 0.305244 0.012986
v 1.170680 0.316116 0.024493
v 1.182405 0.349663 0.060000
v 1.166979 0.305214 -0.012986
v 1.163597 0.292669 0.000000
v 1.166979 0.305214 0.012986
v 1.141501 0.355479 -0.060000
v 1.081501 0.300404 0.000000
v 1.141501 0.355479 0.060000
v 1.141501 0.371872 -0.060000
v 1.081501 0.426858 0.000000
v 1.141501 0.371872 0.060000
v 1.174657 0.436528 0.000000
v 1.237273 0.391717 -0.060000
v 1.244262 0.456828 0.000000
v 1.237273 0.391717 0.060000
v 1.249353 0.384815 -0.060000
v 1.313383 0.417331 0.000000
v 1.249353 0.384815 0.060000
v 1.429745 0.022898 -0.060000
v 1.415162 0.067627 -0.012986
v 1.411134 0.079982 0.000000
v 1.415162 0.067627 0.012986
v 1.429745 0.022898 0.060000
v 1.419797 0.057071 -0.024493
v 1.415320 0.067685 -0.012986
v 1.415320 0.067685 0.012986
v 1.419797 0.057071 0.024493
v 1.437082 0.025979 -0.060000
v 1.425241 0.047466 -0.035507
v 1.419916 0.057128 -0.024493
v 1.419916 0.057128 0.024493
v 1.425241 0.047466 0.035507
v 1.437082 0.025979 0.060000
v 1.425743 0.047781 -0.035507
v 1.404833 0.076577 0.000000
v 1.425743 0.047781 0.035507
v 1.442873 0.030174 -0.060000
v 1.425815 0.047841 -0.035507
v 1.425815 0.047841 0.035507
v 1.442873 0.030174 0.060000
v 1.445211 0.032787 -0.060000
v 1.425357 0.047330 -0.035507
v 1.396575 0.068412 0.000000
v 1.425357 0.047330 0.035507
v 1.445211 0.032787 0.060000
v 1.446831 0.035524 -0.060000
v 1.425127 0.046941 -0.035507
v 1.415367 0.052074 -0.024493
v 1.415367 0.052074 0.024493
v 1.425127 0.046941 0.035507
v 1.446831 0.035524 0.060000
v 1.415371 0.052083 -0.024493
v 1.404717 0.056459 -0.012986
v 1.404717 0.056459 0.012986
v 1.415371 0.052083 0.024493
v 1.404631 0.056222 -0.012986
v 1.392245 0.060156 0.000000
v 1.404631 0.056222 0.012986
v 1.392179 0.059914 0.000000
v 1.451393 0.049948 -0.060000
v 1.392348 0.060725 0.000000
v 1.451393 0.049948 0.060000
v 1.452127 0.326332 -0.060000
v 1.452127 0.326332 0.060000
v 1.405347 0.320841 -0.012986
v 1.392659 0.318026 0.000000
v 1.405347 0.320841 0.012986
v 1.450200 0.335122 -0.060000
v 1.416363 0.324193 -0.024493
v 1.405398 0.320651 -0.012986
v 1.405398 0.320651 0.012986
v 1.416363 0.324193 0.024493
v 1.450200 0.335122 0.060000
v 1.426561 0.328361 -0.035507
v 1.416540 0.323733 -0.024493
v 1.394254 0.313440 0.000000
v 1.416540 0.323733 0.024493
v 1.426561 0.328361 0.035507
v 1.447194 0.341683 -0.060000
v 1.436279 0.334573 -0.047014
v 1.426609 0.328273 -0.035507
v 1.426609 0.328273 0.035507
v 1.436279 0.334573 0.047014
v 1.447194 0.341683 0.060000
v 1.445211 0.344262 -0.060000
v 1.435683 0.335349 -0.047014
v 1.401188 0.303080 0.000000
v 1.435683 0.335349 0.047014
v 1.445211 0.344262 0.060000
v 1.435405 0.335594 -0.047014
v 1.428347 0.326477 -0.035507
v 1.406569 0.298343 0.000000
v 1.428347 0.326477 0.035507
v 1.435405 0.335594 0.047014
v 1.441265 0.347310 -0.060000
v 1.428715 0.326227 -0.035507
v 1.428715 0.326227 0.035507
v 1.441265 0.347310 0.060000
v 1.428675 0.326248 -0.035507
v 1.424101 0.316214 -0.024493
v 1.413927 0.293899 0.000000
v 1.424101 0.316214 0.024493
v 1.428675 0.326248 0.035507
v 1.436072 0.349663 -0.060000
v 1.424347 0.316116 -0.024493
v 1.420547 0.305244 -0.012986
v 1.420547 0.305244 0.012986
v 1.424347 0.316116 0.024493
v 1.436072 0.349663 0.060000
v 1.420646 0.305214 -0.012986
v 1.417264 0.292669 0.000000
v 1.420646 0.305214 0.012986
v 1.395168 0.355479 -0.060000
v 1.335168 0.300404 0.000000
v 1.395168 0.355479 0.060000
v 1.395168 0.371872 -0.060000
v 1.335168 0.426858 0.000000
v 1.395168 0.371872 0.060000
v 1.428324 0.436528 0.000000
v 1.490940 0.391717 -0.060000
v 1.497929 0.456828 0.000000
v 1.490940 0.391717 0.060000
v 1.503020 0.384815 -0.060000
v 1.566571 0.417604 0.000000
v 1.503020 0.384815 0.060000
v 1.499604 0.333191 -0.060000
v 1.559600 0.332411 0.000000
v 1.499604 0.333191 0.060000
v 1.499569 0.327869 -0.060000
v 1.560521 0.472858 0.000000
v 1.499569 0.327869 0.060000
v 1.509159 0.337383 -0.060000
v 1.467658 0.380728 0.000000
v 1.509159 0.337383 0.060000
v 1.550456 0.370348 -0.060000
v 1.518585 0.421222 0.000000
v 1.550456 0.370348 0.060000
v 1.599183 0.391569 -0.060000
v 1.584298 0.449749 0.000000
v 1.599183 0.391569 0.060000
v 1.656421 0.396394 -0.060000
v 1.660985 0.456266 0.000000
v 1.656421 0.396394 0.060000
v 1.681312 0.392445 -0.060000
v 1.696035 0.450677 0.000000
v 1.681312 0.392445 0.060000
v 1.703075 0.384686 -0.060000
v 1.728918 0.438925 0.000000
v 1.703075 0.384686 0.060000
v 1.729908 0.366216 -0.060000
v 1.771504 0.409575 0.000000
v 1.729908 0.366216 0.060000
v 1.743956 0.349559 -0.060000
v 1.743956 0.349559 0.060000
v 1.761219 0.346265 -0.047014
v 1.802420 0.369013 0.000000
v 1.761219 0.346265 0.047014
v 1.754961 0.329594 -0.060000
v 1.759385 0.349983 -0.047014
v 1.775398 0.423794 0.000000
v 1.759385 0.349983 0.047014
v 1.754961 0.329594 0.060000
v 1.758225 0.349035 -0.047014
v 1.728855 0.385749 0.000000
v 1.758225 0.349035 0.047014
v 1.836944 0.383113 -0.060000
v 1.814317 0.438725 0.000000
v 1.836944 0.383113 0.060000
v 1.878072 0.394545 -0.060000
v 1.868846 0.453880 0.000000
v 1.878072 0.394545 0.060000
v 1.909405 0.396894 -0.060000
v 1.909882 0.456953 0.000000
v 1.909405 0.396894 0.060000
v 1.951603 0.392216 -0.060000
v 1.966058 0.450599 0.000000
v 1.951603 0.392216 0.060000
v 1.985268 0.378455 -0.060000
v 2.016861 0.429713 0.000000
v 1.985268 0.378455 0.060000
v 1.999021 0.368296 -0.060000
v 2.038796 0.413509 0.000000
v 1.999021 0.368296 0.060000
v 2.020607 0.341673 -0.060000
v 2.072646 0.371874 0.000000
v 2.020607 0.341673 0.060000
v 2.034620 0.306986 -0.060000
v 2.092623 0.322702 0.000000
v 2.034620 0.306986 0.060000
v 2.091395 0.056709 -0.012986
v 2.103957 0.060036 0.000000
v 2.091395 0.056709 0.012986
v 2.047071 0.040876 -0.060000
v 2.080574 0.052744 -0.024493
v 2.091431 0.056591 -0.012986
v 2.091431 0.056591 0.012986
v 2.080574 0.052744 0.024493
v 2.047071 0.040876 0.060000
v 2.070644 0.047923 -0.035507
v 2.080629 0.052609 -0.024493
v 2.102833 0.063031 0.000000
v 2.080629 0.052609 0.024493
v 2.070644 0.047923 0.035507
v 2.050043 0.034513 -0.060000
v 2.070875 0.047492 -0.035507
v 2.070875 0.047492 0.035507
v 2.050043 0.034513 0.060000
v 2.052201 0.031503 -0.060000
v 2.070931 0.047414 -0.035507
v 2.098084 0.070480 0.000000
v 2.070931 0.047414 0.035507
v 2.052201 0.031503 0.060000
v 2.070755 0.047589 -0.035507
v 2.070755 0.047589 0.035507
v 2.057822 0.026707 -0.060000
v 2.070924 0.047466 -0.035507
v 2.076816 0.056801 -0.024493
v 2.089918 0.077561 0.000000
v 2.076816 0.056801 0.024493
v 2.070924 0.047466 0.035507
v 2.057822 0.026707 0.060000
v 2.076465 0.056991 -0.024493
v 2.081382 0.067413 -0.012986
v 2.081382 0.067413 0.012986
v 2.076465 0.056991 0.024493
v 2.065205 0.023241 -0.060000
v 2.081017 0.067562 -0.012986
v 2.085385 0.079804 0.000000
v 2.081017 0.067562 0.012986
v 2.065205 0.023241 0.060000
v 2.105263 0.016393 -0.060000
v 2.165263 0.069756 0.000000
v 2.105263 0.016393 0.060000
v 2.105263 0.000000 -0.060000
v 2.165263 -0.064639 -0.000000
v 2.105263 -0.000000 0.060000
v 1.934426 0.000000 -0.060000
v 1.874426 -0.064639 -0.000000
v 1.934426 -0.000000 0.060000
v 1.934426 0.016393 -0.060000
v 1.874426 0.069570 0.000000
v 1.934426 0.016393 0.060000
v 1.973317 0.022898 -0.060000
v 1.958734 0.067627 -0.012986
v 1.954706 0.079982 0.000000
v 1.958734 0.067627 0.012986
v 1.973317 0.022898 0.060000
v 1.963369 0.057071 -0.024493
v 1.958892 0.067685 -0.012986
v 1.958892 0.067685 0.012986
v 1.963369 0.057071 0.024493
v 1.980654 0.025979 -0.060000
v 1.968813 0.047466 -0.035507
v 1.963488 0.057128 -0.024493
v 1.963488 0.057128 0.024493
v 1.968813 0.047466 0.035507
v 1.980654 0.025979 0.060000
v 1.969315 0.047781 -0.035507
v 1.948406 0.076577 0.000000
v 1.969315 0.047781 0.035507
v 1.986445 0.030174 -0.060000
v 1.969387 0.047841 -0.035507
v 1.969387 0.047841 0.035507
v 1.986445 0.030174 0.060000
v 1.988783 0.032787 -0.060000
v 1.969246 0.047684 -0.035507
v 1.940924 0.069280 0.000000
v 1.969246 0.047684 0.035507
v 1.988783 0.032787 0.060000
v 1.969150 0.047534 -0.035507
v 1.959511 0.052910 -0.024493
v 1.959511 0.052910 0.024493
v 1.969150 0.047534 0.035507
v 1.992119 0.038799 -0.060000
v 1.959240 0.052341 -0.024493
v 1.959240 0.052341 0.024493
v 1.992119 0.038799 0.060000
v 1.959383 0.052749 -0.024493
v 1.935912 0.059833 0.000000
v 1.959383 0.052749 0.024493
v 1.935821 0.059477 0.000000
v 1.996009 0.056622 -0.060000
v 1.996009 0.056622 0.060000
v 1.996476 0.254469 -0.060000
v 1.936626 0.249429 0.000000
v 1.996476 0.254469 0.060000
v 1.989296 0.293774 -0.060000
v 1.931935 0.275739 0.000000
v 1.989296 0.293774 0.060000
v 1.975716 0.322402 -0.060000
v 1.926301 0.287988 0.000000
v 1.975716 0.322402 0.060000
v 1.966782 0.333154 -0.060000
v 1.924050 0.290697 0.000000
v 1.966782 0.333154 0.060000
v 1.945132 0.348417 -0.060000
v 1.919005 0.294199 0.000000
v 1.945132 0.348417 0.060000
v 1.919119 0.356537 -0.060000
v 1.908279 0.297431 0.000000
v 1.919119 0.356537 0.060000
v 1.889560 0.358930 -0.060000
v 1.889376 0.298895 0.000000
v 1.889560 0.358930 0.060000
v 1.840316 0.352795 -0.060000
v 1.855227 0.294648 0.000000
v 1.840316 0.352795 0.060000
v 1.832547 0.286611 0.000000
v 1.797591 0.336305 -0.060000
v 1.797591 0.336305 0.060000
v 1.777225 0.308362 -0.047014
v 1.804850 0.270306 0.000000
v 1.777225 0.308362 0.047014
v 1.761001 0.312338 -0.060000
v 1.776109 0.307513 -0.047014
v 1.830804 0.290045 0.000000
v 1.776109 0.307513 0.047014
v 1.761001 0.312338 0.060000
v 1.775107 0.310725 -0.047014
v 1.820249 0.323887 0.000000
v 1.775107 0.310725 0.047014
v 1.765396 0.296174 -0.060000
v 1.765396 0.296174 0.060000
v 1.826812 0.293866 0.000000
v 1.771786 0.056083 -0.060000
v 1.771786 0.056083 0.060000
v 1.831787 0.060402 0.000000
v 1.819227 0.057101 -0.012986
v 1.831683 0.060808 0.000000
v 1.819227 0.057101 0.012986
v 1.775285 0.040297 -0.060000
v 1.808356 0.053328 -0.024493
v 1.819074 0.057551 -0.012986
v 1.819074 0.057551 0.012986
v 1.808356 0.053328 0.024493
v 1.775285 0.040297 0.060000
v 1.808259 0.053544 -0.024493
v 1.830061 0.064784 0.000000
v 1.808259 0.053544 0.024493
v 1.798821 0.047866 -0.035507
v 1.808068 0.053870 -0.024493
v 1.808068 0.053870 0.024493
v 1.798821 0.047866 0.035507
v 1.780414 0.031503 -0.060000
v 1.799145 0.047414 -0.035507
v 1.826299 0.070479 0.000000
v 1.799145 0.047414 0.035507
v 1.780414 0.031503 0.060000
v 1.798969 0.047590 -0.035507
v 1.798969 0.047590 0.035507
v 1.786036 0.026707 -0.060000
v 1.799138 0.047466 -0.035507
v 1.805030 0.056801 -0.024493
v 1.818132 0.077561 0.000000
v 1.805030 0.056801 0.024493
v 1.799138 0.047466 0.035507
v 1.786036 0.026707 0.060000
v 1.804679 0.056991 -0.024493
v 1.809596 0.067413 -0.012986
v 1.809596 0.067413 0.012986
v 1.804679 0.056991 0.024493
v 1.793419 0.023241 -0.060000
v 1.809231 0.067562 -0.012986
v 1.813599 0.079804 0.000000
v 1.809231 0.067562 0.012986
v 1.793419 0.023241 0.060000
v 1.833477 0.016393 -0.060000
v 1.893477 0.069756 0.000000
v 1.833477 0.016393 0.060000
v 1.833477 0.000000 -0.060000
v 1.893477 -0.064639 -0.000000
v 1.833477 -0.000000 0.060000
v 1.662640 0.000000 -0.060000
v 1.602640 -0.064639 -0.000000
v 1.662640 -0.000000 0.060000
v 1.662640 0.016393 -0.060000
v 1.602640 0.069570 0.000000
v 1.662640 0.016393 0.060000
v 1.701531 0.022898 -0.060000
v 1.686948 0.067627 -0.012986
v 1.682920 0.079982 0.000000
v 1.686948 0.067627 0.012986
v 1.701531 0.022898 0.060000
v 1.691583 0.057071 -0.024493
v 1.687106 0.067685 -0.012986
v 1.687106 0.067685 0.012986
v 1.691583 0.057071 0.024493
v 1.708868 0.025979 -0.060000
v 1.697027 0.047466 -0.035507
v 1.691702 0.057128 -0.024493
v 1.691702 0.057128 0.024493
v 1.697027 0.047466 0.035507
v 1.708868 0.025979 0.060000
v 1.697529 0.047781 -0.035507
v 1.676619 0.076577 0.000000
v 1.697529 0.047781 0.035507
v 1.714659 0.030174 -0.060000
v 1.697601 0.047841 -0.035507
v 1.697601 0.047841 0.035507
v 1.714659 0.030174 0.060000
v 1.716997 0.032787 -0.060000
v 1.697143 0.047330 -0.035507
v 1.668361 0.068412 0.000000
v 1.697143 0.047330 0.035507
v 1.716997 0.032787 0.060000
v 1.696913 0.046941 -0.035507
v 1.687153 0.052074 -0.024493
v 1.687153 0.052074 0.024493
v 1.696913 0.046941 0.035507
v 1.687157 0.052083 -0.024493
v 1.676503 0.056459 -0.012986
v 1.676503 0.056459 0.012986
v 1.687157 0.052083 0.024493
v 1.721258 0.041981 -0.060000
v 1.676417 0.056222 -0.012986
v 1.664031 0.060156 0.000000
v 1.676417 0.056222 0.012986
v 1.721258 0.041981 0.060000
v 1.663965 0.059914 0.000000
v 1.723179 0.049948 -0.060000
v 1.664134 0.060725 0.000000
v 1.723179 0.049948 0.060000
v 1.724726 0.254469 -0.060000
v 1.724726 0.254469 0.060000
v 1.717847 0.293774 -0.060000
v 1.660275 0.276460 0.000000
v 1.717847 0.293774 0.060000
v 1.704892 0.322402 -0.060000
v 1.654718 0.289123 0.000000
v 1.704892 0.322402 0.060000
v 1.696398 0.333154 -0.060000
v 1.652598 0.291806 0.000000
v 1.696398 0.333154 0.060000
v 1.650775 0.293425 0.000000
v 1.675902 0.348417 -0.060000
v 1.648552 0.294794 0.000000
v 1.675902 0.348417 0.060000
v 1.651428 0.356537 -0.060000
v 1.639902 0.297551 0.000000
v 1.651428 0.356537 0.060000
v 1.623814 0.358930 -0.060000
v 1.623718 0.298885 0.000000
v 1.623814 0.358930 0.060000
v 1.574122 0.351612 -0.060000
v 1.591720 0.294210 0.000000
v 1.574122 0.351612 0.060000
v 1.571160 0.285483 0.000000
v 1.532867 0.332598 -0.060000
v 1.532867 0.332598 0.060000
v 1.522489 0.294622 -0.035507
v 1.545444 0.267524 0.000000
v 1.522489 0.294622 0.035507
v 1.498706 0.306299 -0.060000
v 1.523199 0.295249 -0.035507
v 1.558706 0.279231 0.000000
v 1.523199 0.295249 0.035507
v 1.498706 0.306299 0.060000
v 1.498706 0.304555 -0.060000
v 1.558706 0.304555 0.000000
v 1.498706 0.304555 0.060000
v 1.500981 0.051487 -0.060000
v 1.560149 0.061539 0.000000
v 1.500981 0.051487 0.060000
v 1.547927 0.056632 -0.012986
v 1.560417 0.060213 0.000000
v 1.547927 0.056632 0.012986
v 1.537166 0.052511 -0.024493
v 1.547979 0.056471 -0.012986
v 1.547979 0.056471 0.012986
v 1.537166 0.052511 0.024493
v 1.505050 0.037248 -0.060000
v 1.527289 0.047570 -0.035507
v 1.537289 0.052211 -0.024493
v 1.537289 0.052211 0.024493
v 1.527289 0.047570 0.035507
v 1.505050 0.037248 0.060000
v 1.527398 0.047360 -0.035507
v 1.557734 0.065984 0.000000
v 1.527398 0.047360 0.035507
v 1.508628 0.031503 -0.060000
v 1.527359 0.047414 -0.035507
v 1.554513 0.070479 0.000000
v 1.527359 0.047414 0.035507
v 1.508628 0.031503 0.060000
v 1.527183 0.047590 -0.035507
v 1.527183 0.047590 0.035507
v 1.514250 0.026707 -0.060000
v 1.527352 0.047466 -0.035507
v 1.533244 0.056801 -0.024493
v 1.546346 0.077561 0.000000
v 1.533244 0.056801 0.024493
v 1.527352 0.047466 0.035507
v 1.514250 0.026707 0.060000
v 1.532893 0.056991 -0.024493
v 1.537810 0.067413 -0.012986
v 1.537810 0.067413 0.012986
v 1.532893 0.056991 0.024493
v 1.521633 0.023241 -0.060000
v 1.537445 0.067562 -0.012986
v 1.541813 0.079804 0.000000
v 1.537445 0.067562 0.012986
v 1.521633 0.023241 0.060000
v 1.561691 0.016393 -0.060000
v 1.621691 0.069756 0.000000
v 1.561691 0.016393 0.060000
v 1.561691 0.000000 -0.060000
v 1.621691 -0.064639 -0.000000
v 1.561691 -0.000000 0.060000
v 1.390854 0.000000 -0.060000
v 1.330854 -0.064639 -0.000000
v 1.390854 -0.000000 0.060000
v 1.390854 0.016393 -0.060000
v 1.330854 0.069570 0.000000
v 1.390854 0.016393 0.060000
v 2.375492 0.393323 -0.060000
v 2.387507 0.452206 0.000000
v 2.375492 0.393323 0.060000
v 2.408303 0.382418 -0.060000
v 2.434886 0.436378 0.000000
v 2.408303 0.382418 0.060000
v 2.435074 0.363891 -0.060000
v 2.476649 0.407417 0.000000
v 2.435074 0.363891 0.060000
v 2.445970 0.351680 -0.060000
v 2.493913 0.388070 0.000000
v 2.445970 0.351680 0.060000
v 2.462333 0.321182 -0.060000
v 2.518837 0.341788 0.000000
v 2.462333 0.321182 0.060000
v 2.470859 0.282344 -0.060000
v 2.530631 0.288503 0.000000
v 2.470859 0.282344 0.060000
v 2.473333 0.050119 -0.060000
v 2.532746 0.059045 0.000000
v 2.473333 0.050119 0.060000
v 2.520519 0.054005 -0.012986
v 2.533054 0.057531 0.000000
v 2.520519 0.054005 0.012986
v 2.477774 0.033969 -0.060000
v 2.509966 0.049354 -0.024493
v 2.520398 0.054340 -0.012986
v 2.532171 0.059967 0.000000
v 2.520398 0.054340 0.012986
v 2.509966 0.049354 0.024493
v 2.477774 0.033969 0.060000
v 2.481296 0.028149 -0.060000
v 2.500759 0.043295 -0.035507
v 2.509511 0.050106 -0.024493
v 2.528974 0.065253 0.000000
v 2.509511 0.050106 0.024493
v 2.500759 0.043295 0.035507
v 2.481296 0.028149 0.060000
v 2.485763 0.023620 -0.060000
v 2.501154 0.042895 -0.035507
v 2.523464 0.070838 0.000000
v 2.501154 0.042895 0.035507
v 2.485763 0.023619 0.060000
v 2.491238 0.020223 -0.060000
v 2.502057 0.042334 -0.035507
v 2.506922 0.052277 -0.024493
v 2.517742 0.074389 0.000000
v 2.506922 0.052277 0.024493
v 2.502057 0.042334 0.035507
v 2.491238 0.020223 0.060000
v 2.507645 0.052010 -0.024493
v 2.514450 0.075608 0.000000
v 2.507645 0.052010 0.024493
v 2.505446 0.016191 -0.060000
v 2.514836 0.075527 0.000000
v 2.505446 0.016191 0.060000
v 2.535807 0.014668 -0.060000
v 2.595807 0.074059 0.000000
v 2.535807 0.014668 0.060000
v 2.535807 0.000000 -0.060000
v 2.595807 -0.043842 -0.000000
v 2.535807 -0.000000 0.060000
v 2.505493 -0.007218 -0.060000
v 2.513935 -0.066626 -0.000000
v 2.505493 -0.007218 0.060000
v 2.469762 -0.007050 -0.060000
v 2.457407 -0.065879 -0.000000
v 2.469762 -0.007050 0.060000
v 2.455533 -0.002045 -0.060000
v 2.427077 -0.055091 -0.000000
v 2.455533 -0.002045 0.060000
v 2.444133 0.006795 -0.060000
v 2.399629 -0.033779 -0.000000
v 2.444133 0.006795 0.060000
v 2.435752 0.019877 -0.060000
v 2.380824 -0.004649 -0.000000
v 2.435752 0.019877 0.060000
v 2.432755 0.028136 -0.060000
v 2.432755 0.028136 0.060000
v 2.371409 0.027218 0.000000
v 2.415832 0.060157 -0.047014
v 2.368818 0.059289 0.000000
v 2.415832 0.060157 0.047014
v 2.428818 0.091458 -0.060000
v 2.415832 0.050882 -0.047014
v 2.368818 -0.096013 -0.000000
v 2.415832 0.050882 0.047014
v 2.428818 0.091458 0.060000
v 2.419141 0.077889 -0.060000
v 2.467309 0.042095 0.000000
v 2.419141 0.077889 0.060000
v 2.376058 0.030322 -0.060000
v 2.415189 -0.015216 -0.000000
v 2.376058 0.030322 0.060000
v 2.351347 0.012243 -0.060000
v 2.382382 -0.039183 -0.000000
v 2.351347 0.012243 0.060000
v 2.324108 -0.000755 -0.060000
v 2.344118 -0.057415 -0.000000
v 2.324108 -0.000755 0.060000
v 2.294028 -0.007713 -0.060000
v 2.300851 -0.067424 -0.000000
v 2.294028 -0.007713 0.060000
v 2.252541 -0.006024 -0.060000
v 2.239732 -0.064742 -0.000000
v 2.252541 -0.006024 0.060000
v 2.230563 0.001566 -0.060000
v 2.203827 -0.052292 -0.000000
v 2.230563 0.001566 0.060000
v 2.212468 0.013805 -0.060000
v 2.172066 -0.030763 -0.000000
v 2.212468 0.013805 0.060000
v 2.198831 0.030358 -0.060000
v 2.147315 -0.000715 -0.000000
v 2.198831 0.030358 0.060000
v 2.190226 0.050890 -0.060000
v 2.132076 0.035547 0.000000
v 2.190226 0.050890 0.060000
v 2.187230 0.075065 -0.060000
v 2.127060 0.076049 0.000000
v 2.187230 0.075065 0.060000
v 2.189067 0.094672 -0.060000
v 2.129864 0.105978 0.000000
v 2.189067 0.094672 0.060000
v 2.194520 0.113356 -0.060000
v 2.138481 0.135503 0.000000
v 2.194520 0.113356 0.060000
v 2.215927 0.147861 -0.060000
v 2.170367 0.187154 0.000000
v 2.215927 0.147861 0.060000
v 2.250755 0.178387 -0.060000
v 2.216539 0.227777 0.000000
v 2.250755 0.178387 0.060000
v 2.298310 0.204742 -0.060000
v 2.298310 0.204742 0.060000
v 2.380717 0.281696 -0.012986
v 2.377605 0.294307 0.000000
v 2.380717 0.281696 0.012986
v 2.428818 0.244176 -0.060000
v 2.381804 0.281936 -0.012986
v 2.368818 0.292366 0.000000
v 2.381804 0.281936 0.012986
v 2.428818 0.244176 0.060000
v 2.428818 0.249353 -0.060000
v 2.368818 0.248046 0.000000
v 2.428818 0.249353 0.060000
v 2.425926 0.281393 -0.060000
v 2.366958 0.269847 0.000000
v 2.425926 0.281393 0.060000
v 2.417186 0.308951 -0.060000
v 2.362714 0.283467 0.000000
v 2.417186 0.308951 0.060000
v 2.402502 0.331428 -0.060000
v 2.357719 0.291222 0.000000
v 2.402502 0.331428 0.060000
v 2.381779 0.348225 -0.060000
v 2.351604 0.296156 0.000000
v 2.381779 0.348225 0.060000
v 2.354920 0.358742 -0.060000
v 2.340817 0.300288 0.000000
v 2.354920 0.358742 0.060000
v 2.321829 0.362381 -0.060000
v 2.321227 0.302329 0.000000
v 2.321829 0.362381 0.060000
v 2.276004 0.356278 -0.060000
v 2.292202 0.298468 0.000000
v 2.276004 0.356278 0.060000
v 2.256147 0.349223 -0.060000
v 2.280040 0.294149 0.000000
v 2.256147 0.349223 0.060000
v 2.222186 0.329027 -0.060000
v 2.258958 0.281584 0.000000
v 2.222186 0.329027 0.060000
v 2.207938 0.316652 -0.060000
v 2.206161 0.233576 0.000000
v 2.207938 0.316652 0.060000
v 2.195858 0.328732 -0.060000
v 2.112292 0.327445 0.000000
v 2.195858 0.328732 0.060000
v 2.233311 0.363660 -0.060000
v 2.197397 0.411764 0.000000
v 2.233311 0.363660 0.060000
v 2.278625 0.387850 -0.060000
v 2.259334 0.444724 0.000000
v 2.278625 0.387850 0.060000
v 2.337360 0.396894 -0.060000
v 2.337604 0.456944 0.000000
v 2.337360 0.396894 0.060000
v 2.323563 0.030901 -0.060000
v 2.306935 0.088680 0.000000
v 2.323563 0.030901 0.060000
v 2.350079 0.042150 -0.060000
v 2.320904 0.094663 0.000000
v 2.350079 0.042150 0.060000
v 2.344398 0.112256 0.000000
v 2.395680 0.078644 -0.060000
v 2.395680 0.078644 0.060000
v 2.392653 0.131283 -0.024493
v 2.372499 0.145213 0.000000
v 2.392653 0.131283 0.024493
v 2.428818 0.121657 -0.060000
v 2.393311 0.132284 -0.024493
v 2.368818 0.139615 0.000000
v 2.393311 0.132284 0.024493
v 2.428818 0.121657 0.060000
v 2.428818 0.219154 -0.060000
v 2.404325 0.188479 -0.035507
v 2.368818 0.144011 0.000000
v 2.404325 0.188479 0.035507
v 2.428818 0.219154 0.060000
v 2.407307 0.189156 -0.035507
v 2.415869 0.154689 0.000000
v 2.407307 0.189156 0.035507
v 2.328188 0.189339 -0.060000
v 2.328188 0.189339 0.060000
v 2.334722 0.126284 0.000000
v 2.272555 0.157982 -0.060000
v 2.309819 0.110819 0.000000
v 2.272555 0.157982 0.060000
v 2.247789 0.132523 -0.060000
v 2.297220 0.098108 0.000000
v 2.247789 0.132523 0.060000
v 2.239678 0.118373 -0.060000
v 2.294737 0.093776 0.000000
v 2.239678 0.118373 0.060000
v 2.234671 0.103253 -0.060000
v 2.293655 0.090507 0.000000
v 2.234671 0.103253 0.060000
v 2.232960 0.087144 -0.060000
v 2.293117 0.085449 0.000000
v 2.232960 0.087144 0.060000
v 2.293114 0.085505 0.000000
v 2.234506 0.071885 -0.060000
v 2.293294 0.084342 0.000000
v 2.234506 0.071885 0.060000
v 2.293442 0.083796 0.000000
v 2.239287 0.057681 -0.060000
v 2.293407 0.083882 0.000000
v 2.239287 0.057681 0.060000
v 2.282210 0.077300 -0.012986
v 2.293052 0.084506 0.000000
v 2.282210 0.077300 0.012986
v 2.247519 0.045298 -0.060000
v 2.282623 0.076765 -0.012986
v 2.282623 0.076765 0.012986
v 2.247519 0.045298 0.060000
v 2.283008 0.076395 -0.012986
v 2.291297 0.086440 0.000000
v 2.283008 0.076395 0.012986
v 2.259419 0.035503 -0.060000
v 2.283590 0.075984 -0.012986
v 2.290267 0.087166 0.000000
v 2.283590 0.075984 0.012986
v 2.259419 0.035503 0.060000
v 2.289673 0.087463 0.000000
v 2.275201 0.029064 -0.060000
v 2.290017 0.087350 0.000000
v 2.275201 0.029064 0.060000
v 2.295082 0.026747 -0.060000
v 2.294556 0.086874 0.000000
v 2.295082 0.026747 0.060000
v 2.654875 0.354616 -0.060000
v 2.594875 0.294616 0.000000
v 2.654875 0.354616 0.060000
v 2.592752 0.354616 -0.060000
v 2.532753 0.294616 0.000000
v 2.592752 0.354616 0.060000
v 2.592752 0.368421 -0.060000
v 2.532753 0.415661 0.000000
v 2.592752 0.368421 0.060000
v 2.618561 0.376394 -0.060000
v 2.593037 0.430861 0.000000
v 2.618561 0.376394 0.060000
v 2.638737 0.389640 -0.060000
v 2.598772 0.434598 0.000000
v 2.638737 0.389640 0.060000
v 2.654120 0.407679 -0.060000
v 2.603909 0.440711 0.000000
v 2.654120 0.407679 0.060000
v 2.665548 0.430032 -0.060000
v 2.609840 0.452453 0.000000
v 2.665548 0.430032 0.060000
v 2.679897 0.485764 -0.060000
v 2.629916 0.545764 0.000000
v 2.679897 0.485764 0.060000
v 2.699741 0.485764 -0.060000
v 2.759741 0.545764 0.000000
v 2.699741 0.485764 0.060000
v 2.699741 0.383089 -0.060000
v 2.759741 0.445426 0.000000
v 2.699741 0.383089 0.060000
v 2.835203 0.388266 -0.060000
v 2.895203 0.450603 0.000000
v 2.835203 0.388266 0.060000
v 2.835203 0.354616 -0.060000
v 2.895203 0.294616 0.000000
v 2.835203 0.354616 0.060000
v 2.699741 0.354616 -0.060000
v 2.759741 0.294616 0.000000
v 2.699741 0.354616 0.060000
v 2.703664 0.070252 -0.060000
v 2.762331 0.083204 0.000000
v 2.703664 0.070252 0.060000
v 2.710714 0.049695 -0.060000
v 2.752520 0.071539 -0.012986
v 2.764068 0.077572 0.000000
v 2.752520 0.071539 0.012986
v 2.710714 0.049695 0.060000
v 2.715595 0.041954 -0.060000
v 2.752994 0.070787 -0.012986
v 2.763324 0.078752 0.000000
v 2.752994 0.070787 0.012986
v 2.715595 0.041954 0.060000
v 2.721394 0.035741 -0.060000
v 2.752559 0.071253 -0.012986
v 2.761168 0.081062 0.000000
v 2.752559 0.071253 0.012986
v 2.721394 0.035741 0.060000
v 2.728118 0.030933 -0.060000
v 2.751832 0.071773 -0.012986
v 2.758382 0.083054 0.000000
v 2.751832 0.071773 0.012986
v 2.728118 0.030933 0.060000
v 2.751948 0.071720 -0.012986
v 2.756415 0.083960 0.000000
v 2.751948 0.071720 0.012986
v 2.744380 0.025042 -0.060000
v 2.756522 0.083930 0.000000
v 2.744380 0.025042 0.060000
v 2.786342 0.024894 -0.060000
v 2.777838 0.084296 0.000000
v 2.786342 0.024894 0.060000
v 2.827437 0.035375 -0.060000
v 2.860728 0.110010 0.000000
v 2.827437 0.035375 0.060000
v 2.835203 0.017256 -0.060000
v 2.912296 -0.010311 -0.000000
v 2.835203 0.017256 0.060000
v 2.807720 0.004410 -0.060000
v 2.829655 -0.051448 -0.000000
v 2.807720 0.004410 0.060000
v 2.759008 -0.007669 -0.060000
v 2.765179 -0.067371 -0.000000
v 2.759008 -0.007669 0.060000
v 2.725744 -0.007977 -0.060000
v 2.719910 -0.067776 -0.000000
v 2.725744 -0.007977 0.060000
v 2.701102 -0.002696 -0.060000
v 2.680217 -0.059130 -0.000000
v 2.701102 -0.002696 0.060000
v 2.682106 0.008049 -0.060000
v 2.643584 -0.038275 -0.000000
v 2.682106 0.008049 0.060000
v 2.674612 0.015531 -0.060000
v 2.628443 -0.023160 -0.000000
v 2.674612 0.015531 0.060000
v 2.668394 0.024450 -0.060000
v 2.616405 -0.005891 -0.000000
v 2.668394 0.024450 0.060000
v 2.659607 0.046700 -0.060000
v 2.601424 0.031654 0.000000
v 2.659607 0.046700 0.060000
v 3.008332 -0.002173 -0.060000
v 2.992389 -0.060176 -0.000000
v 3.008332 -0.002173 0.060000
v 2.966286 0.016266 -0.060000
v 2.934057 -0.034549 -0.000000
v 2.966286 0.016266 0.060000
v 2.948493 0.029544 -0.060000
v 2.908996 -0.015846 -0.000000
v 2.948493 0.029544 0.060000
v 2.919605 0.063352 -0.060000
v 2.868881 0.031042 0.000000
v 2.919605 0.063352 0.060000
v 2.899967 0.105668 -0.060000
v 2.842793 0.087135 0.000000
v 2.899967 0.105668 0.060000
v 2.889965 0.155102 -0.060000
v 2.830172 0.149290 0.000000
v 2.889965 0.155102 0.060000
v 2.890139 0.211837 -0.060000
v 2.830355 0.217764 0.000000
v 2.890139 0.211837 0.060000
v 2.901411 0.266946 -0.060000
v 2.844238 0.285466 0.000000
v 2.901411 0.266946 0.060000
v 2.923287 0.314614 -0.060000
v 2.872259 0.346416 0.000000
v 2.923287 0.314614 0.060000
v 2.955075 0.353042 -0.060000
v 2.914638 0.397583 0.000000
v 2.955075 0.353042 0.060000
v 2.996077 0.380433 -0.060000
v 2.970548 0.434923 0.000000
v 2.996077 0.380433 0.060000
v 3.019817 0.389428 -0.060000
v 3.002766 0.447130 0.000000
v 3.019817 0.389428 0.060000
v 3.073339 0.396894 -0.060000
v 3.072959 0.457009 0.000000
v 3.073339 0.396894 0.060000
v 3.116412 0.391917 -0.060000
v 3.131149 0.450225 0.000000
v 3.116412 0.391917 0.060000
v 3.151600 0.377497 -0.060000
v 3.182750 0.428994 0.000000
v 3.151600 0.377497 0.060000
v 3.166244 0.366985 -0.060000
v 3.205114 0.412941 0.000000
v 3.166244 0.366985 0.060000
v 3.189649 0.339838 -0.060000
v 3.240546 0.371908 0.000000
v 3.189649 0.339838 0.060000
v 3.205229 0.305166 -0.060000
v 3.262675 0.322846 0.000000
v 3.205229 0.305166 0.060000
v 3.272836 0.269040 0.000000
v 3.213978 0.209664 -0.060000
v 3.273978 0.149664 0.000000
v 3.213978 0.209664 0.060000
v 2.934426 0.209664 -0.060000
v 2.994426 0.149664 0.000000
v 2.934426 0.209664 0.060000
v 2.934426 0.208999 -0.060000
v 2.994426 0.208999 0.000000
v 2.934426 0.208999 0.060000
v 2.981440 0.201035 -0.012986
v 2.994426 0.201035 0.000000
v 2.981440 0.201035 0.012986
v 2.981440 0.201135 -0.012986
v 2.994426 0.201401 0.000000
v 2.981440 0.201135 0.012986
v 2.943472 0.130891 -0.060000
v 3.001152 0.147747 0.000000
v 2.943472 0.130891 0.060000
v 2.959529 0.092973 -0.060000
v 3.011339 0.123513 0.000000
v 2.959529 0.092973 0.060000
v 2.983579 0.062927 -0.060000
v 3.024247 0.107294 0.000000
v 2.983579 0.062927 0.060000
v 3.015598 0.041833 -0.060000
v 3.040401 0.096669 0.000000
v 3.015598 0.041833 0.060000
v 3.055562 0.030769 -0.060000
v 3.063373 0.090398 0.000000
v 3.055562 0.030769 0.060000
v 3.105579 0.031241 -0.060000
v 3.097029 0.090668 0.000000
v 3.105579 0.031241 0.060000
v 3.129934 0.036526 -0.060000
v 3.113077 0.094147 0.000000
v 3.129934 0.036526 0.060000
v 3.171189 0.054645 -0.060000
v 3.140471 0.106212 0.000000
v 3.171189 0.054645 0.060000
v 3.203624 0.078516 -0.060000
v 3.208494 0.161234 0.000000
v 3.203624 0.078516 0.060000
v 3.215703 0.065574 -0.060000
v 3.298272 0.065043 0.000000
v 3.215703 0.065574 0.060000
v 3.173649 0.027930 -0.060000
v 3.208334 -0.021067 -0.000000
v 3.173649 0.027930 0.060000
v 3.122008 0.001406 -0.060000
v 3.141083 -0.055532 -0.000000
v 3.122008 0.001406 0.060000
v 3.058671 -0.008628 -0.060000
v 3.057968 -0.068702 -0.000000
v 3.058671 -0.008628 0.060000
v 3.167386 0.234685 -0.060000
v 3.154005 0.247375 -0.047014
v 3.105562 0.293316 0.000000
v 3.154005 0.247375 0.047014
v 3.167386 0.234685 0.060000
v 3.153863 0.251990 -0.047014
v 3.106920 0.248970 0.000000
v 3.153863 0.251990 0.047014
v 3.165101 0.270440 -0.060000
v 3.165101 0.270440 0.060000
v 3.103504 0.274143 0.000000
v 3.151907 0.318133 -0.060000
v 3.097444 0.292675 0.000000
v 3.151907 0.318133 0.060000
v 3.135482 0.343627 -0.060000
v 3.090561 0.303544 0.000000
v 3.135482 0.343627 0.060000
v 3.124692 0.353881 -0.060000
v 3.087225 0.306715 0.000000
v 3.124692 0.353881 0.060000
v 3.112058 0.362206 -0.060000
v 3.083585 0.309113 0.000000
v 3.112058 0.362206 0.060000
v 3.080869 0.372265 -0.060000
v 3.071889 0.312752 0.000000
v 3.080869 0.372265 0.060000
v 3.044930 0.372493 -0.060000
v 3.052850 0.312878 0.000000
v 3.044930 0.372493 0.060000
v 3.013684 0.363824 -0.060000
v 3.038057 0.308819 0.000000
v 3.013684 0.363824 0.060000
v 2.999744 0.356374 -0.060000
v 3.031934 0.305546 0.000000
v 2.999744 0.356374 0.060000
v 2.975518 0.335526 -0.060000
v 3.020672 0.295806 0.000000
v 2.975518 0.335526 0.060000
v 2.956540 0.307129 -0.060000
v 3.010132 0.279927 0.000000
v 2.956540 0.307129 0.060000
v 2.943266 0.271638 -0.060000
v 2.943266 0.271638 0.060000
v 2.951725 0.249193 -0.047014
v 2.998115 0.241297 0.000000
v 2.951725 0.249193 0.047014
v 2.936152 0.229508 -0.060000
v 2.950922 0.242828 -0.047014
v 3.004392 0.291051 0.000000
v 2.950922 0.242828 0.047014
v 2.936152 0.229508 0.060000
v 3.645064 0.051545 -0.060000
v 3.690355 0.064686 -0.012986
v 3.702866 0.068315 0.000000
v 3.690355 0.064686 0.012986
v 3.645064 0.051545 0.060000
v 3.648458 0.042551 -0.060000
v 3.680239 0.058902 -0.024493
v 3.690538 0.064201 -0.012986
v 3.702162 0.070181 0.000000
v 3.690538 0.064201 0.012986
v 3.680239 0.058902 0.024493
v 3.648458 0.042551 0.060000
v 3.653041 0.035699 -0.060000
v 3.671476 0.052194 -0.035507
v 3.679765 0.059611 -0.024493
v 3.698199 0.076106 0.000000
v 3.679765 0.059611 0.024493
v 3.671476 0.052194 0.035507
v 3.653041 0.035699 0.060000
v 3.658973 0.030698 -0.060000
v 3.672242 0.051547 -0.035507
v 3.678210 0.060922 -0.024493
v 3.691479 0.081771 0.000000
v 3.678210 0.060922 0.024493
v 3.672242 0.051547 0.035507
v 3.658973 0.030698 0.060000
v 3.666411 0.027258 -0.060000
v 3.678094 0.060976 -0.024493
v 3.686153 0.084234 0.000000
v 3.678094 0.060976 0.024493
v 3.666411 0.027258 0.060000
v 3.675515 0.025089 -0.060000
v 3.685757 0.084328 0.000000
v 3.675515 0.025089 0.060000
v 3.714409 0.023296 -0.060000
v 3.774409 0.082889 0.000000
v 3.714409 0.023296 0.060000
v 3.714409 0.006903 -0.060000
v 3.774409 -0.045780 -0.000000
v 3.714409 0.006902 0.060000
v 3.595341 -0.008628 -0.060000
v 3.535341 -0.076962 -0.000000
v 3.595341 -0.008628 0.060000
v 3.595341 0.064711 -0.060000
v 3.535341 -0.083936 -0.000000
v 3.595341 0.064711 0.060000
v 3.588022 0.057122 -0.060000
v 3.630582 0.014820 0.000000
v 3.588022 0.057122 0.060000
v 3.550180 0.024971 -0.060000
v 3.584179 -0.024503 -0.000000
v 3.550180 0.024971 0.060000
v 3.497910 -0.000566 -0.060000
v 3.515161 -0.058099 -0.000000
v 3.497910 -0.000566 0.060000
v 3.466065 -0.006900 -0.060000
v 3.472028 -0.066677 -0.000000
v 3.466065 -0.006900 0.060000
v 3.425720 -0.006192 -0.060000
v 3.417284 -0.065755 -0.000000
v 3.425720 -0.006192 0.060000
v 3.384761 0.005905 -0.060000
v 3.359049 -0.048505 -0.000000
v 3.384761 0.005905 0.060000
v 3.350847 0.028859 -0.060000
v 3.310021 -0.015334 -0.000000
v 3.350847 0.028859 0.060000
v 3.324555 0.061377 -0.060000
v 3.273138 0.030203 0.000000
v 3.324555 0.061377 0.060000
v 3.306460 0.102162 -0.060000
v 3.249084 0.084291 0.000000
v 3.306460 0.102162 0.060000
v 3.297137 0.149923 -0.060000
v 3.237332 0.144292 0.000000
v 3.297137 0.149923 0.060000
v 3.297494 0.206641 -0.060000
v 3.237731 0.212837 0.000000
v 3.297494 0.206641 0.060000
v 3.309628 0.263306 -0.060000
v 3.252712 0.282624 0.000000
v 3.309628 0.263306 0.060000
v 3.333231 0.312314 -0.060000
v 3.282916 0.345246 0.000000
v 3.333231 0.312314 0.060000
v 3.367607 0.351818 -0.060000
v 3.328318 0.397376 0.000000
v 3.367607 0.351818 0.060000
v 3.412061 0.379975 -0.060000
v 3.387651 0.434963 0.000000
v 3.412061 0.379975 0.060000
v 3.465898 0.394937 -0.060000
v 3.457931 0.454547 0.000000
v 3.465898 0.394937 0.060000
v 3.525089 0.395087 -0.060000
v 3.532593 0.454629 0.000000
v 3.525089 0.395087 0.060000
v 3.588725 0.377440 -0.060000
v 3.612585 0.432498 0.000000
v 3.588725 0.377440 0.060000
v 3.595341 0.374461 -0.060000
v 3.535341 0.467281 0.000000
v 3.595341 0.374461 0.060000
v 3.593628 0.555778 -0.060000
v 3.593628 0.555778 0.060000
v 3.546837 0.550370 -0.012986
v 3.534145 0.547570 0.000000
v 3.546837 0.550370 0.012986
v 3.591701 0.564617 -0.060000
v 3.557853 0.553722 -0.024493
v 3.546884 0.550192 -0.012986
v 3.546884 0.550192 0.012986
v 3.557853 0.553722 0.024493
v 3.591701 0.564617 0.060000
v 3.568054 0.557881 -0.035507
v 3.558030 0.553259 -0.024493
v 3.535737 0.542982 0.000000
v 3.558030 0.553259 0.024493
v 3.568054 0.557881 0.035507
v 3.588695 0.571191 -0.060000
v 3.577779 0.564084 -0.047014
v 3.568105 0.557787 -0.035507
v 3.568105 0.557787 0.035507
v 3.577779 0.564084 0.047014
v 3.588695 0.571191 0.060000
v 3.586713 0.573771 -0.060000
v 3.577184 0.564857 -0.047014
v 3.542689 0.532589 0.000000
v 3.577184 0.564857 0.047014
v 3.586713 0.573771 0.060000
v 3.576907 0.565102 -0.047014
v 3.569849 0.555984 -0.035507
v 3.548073 0.527849 0.000000
v 3.569849 0.555984 0.035507
v 3.576907 0.565102 0.047014
v 3.582766 0.576818 -0.060000
v 3.570217 0.555735 -0.035507
v 3.570217 0.555735 0.035507
v 3.582766 0.576818 0.060000
v 3.570176 0.555756 -0.035507
v 3.565601 0.545722 -0.024493
v 3.555428 0.523408 0.000000
v 3.565601 0.545722 0.024493
v 3.570176 0.555756 0.035507
v 3.577573 0.579171 -0.060000
v 3.565848 0.545624 -0.024493
v 3.562048 0.534753 -0.012986
v 3.562048 0.534753 0.012986
v 3.565848 0.545624 0.024493
v 3.577573 0.579171 0.060000
v 3.562147 0.534723 -0.012986
v 3.558766 0.522177 0.000000
v 3.562147 0.534723 0.012986
v 3.536669 0.584987 -0.060000
v 3.476670 0.529912 0.000000
v 3.536669 0.584987 0.060000
v 3.536669 0.601381 -0.060000
v 3.476670 0.656366 0.000000
v 3.536669 0.601381 0.060000
v 3.569825 0.666036 0.000000
v 3.632442 0.621225 -0.060000
v 3.639431 0.686337 0.000000
v 3.632442 0.621225 0.060000
v 3.644521 0.614323 -0.060000
v 3.708548 0.646841 0.000000
v 3.644521 0.614323 0.060000
v 3.495279 0.032068 -0.060000
v 3.485992 0.091390 0.000000
v 3.495279 0.032068 0.060000
v 3.517879 0.037389 -0.060000
v 3.499837 0.094652 0.000000
v 3.517879 0.037389 0.060000
v 3.520200 0.103492 0.000000
v 3.558911 0.056658 -0.060000
v 3.558911 0.056658 0.060000
v 3.570887 0.095754 -0.035507
v 3.548106 0.122998 0.000000
v 3.570887 0.095754 0.035507
v 3.595341 0.084556 -0.060000
v 3.570848 0.095720 -0.035507
v 3.535341 0.111904 0.000000
v 3.570848 0.095720 0.035507
v 3.595341 0.084556 0.060000
v 3.595341 0.328732 -0.060000
v 3.570848 0.318253 -0.035507
v 3.535341 0.303063 0.000000
v 3.570848 0.318253 0.035507
v 3.595341 0.328732 0.060000
v 3.572248 0.316916 -0.035507
v 3.548366 0.290626 0.000000
v 3.572248 0.316916 0.035507
v 3.566868 0.351868 -0.060000
v 3.566868 0.351868 0.060000
v 3.530061 0.303925 0.000000
v 3.532068 0.367718 -0.060000
v 3.515171 0.310104 0.000000
v 3.532068 0.367718 0.060000
v 3.511756 0.372072 -0.060000
v 3.503425 0.312614 0.000000
v 3.511756 0.372072 0.060000
v 3.468039 0.372274 -0.060000
v 3.475784 0.312641 0.000000
v 3.468039 0.372274 0.060000
v 3.429667 0.361802 -0.060000
v 3.453924 0.306736 0.000000
v 3.429667 0.361802 0.060000
v 3.412680 0.352731 -0.060000
v 3.445044 0.301994 0.000000
v 3.412680 0.352731 0.060000
v 3.383628 0.327114 -0.060000
v 3.429722 0.288447 0.000000
v 3.383628 0.327114 0.060000
v 3.361838 0.291790 -0.060000
v 3.416711 0.267221 0.000000
v 3.361838 0.291790 0.060000
v 3.348149 0.247072 -0.060000
v 3.407163 0.235795 0.000000
v 3.348149 0.247072 0.060000
v 3.346507 0.151232 -0.060000
v 3.405838 0.160526 0.000000
v 3.346507 0.151232 0.060000
v 3.356182 0.112645 -0.060000
v 3.412633 0.133242 0.000000
v 3.356182 0.112645 0.060000
v 3.372951 0.079379 -0.060000
v 3.422528 0.113445 0.000000
v 3.372951 0.079379 0.060000
v 3.397341 0.053303 -0.060000
v 3.434013 0.101064 0.000000
v 3.397341 0.053303 0.060000
v 3.412559 0.043545 -0.060000
v 3.440557 0.096867 0.000000
v 3.412559 0.043545 0.060000
v 3.449371 0.031759 -0.060000
v 3.458363 0.091268 0.000000
v 3.449371 0.031759 0.060000
v 3.998914 0.537745 -0.060000
v 3.947551 0.506564 0.000000
v 3.998914 0.537745 0.060000
v 3.956488 0.516506 -0.012986
v 3.946316 0.508374 0.000000
v 3.956488 0.516506 0.012986
v 3.987389 0.552311 -0.060000
v 3.955865 0.517175 -0.012986
v 3.947157 0.507470 0.000000
v 3.955865 0.517175 0.012986
v 3.987389 0.552311 0.060000
v 3.980859 0.557185 -0.060000
v 3.956059 0.517030 -0.012986
v 3.949208 0.505939 0.000000
v 3.956059 0.517030 0.012986
v 3.980859 0.557185 0.060000
v 3.973442 0.560909 -0.060000
v 3.955250 0.517436 -0.012986
v 3.950225 0.505428 0.000000
v 3.955250 0.517436 0.012986
v 3.973442 0.560909 0.060000
v 3.943054 0.568594 -0.060000
v 3.883054 0.519276 0.000000
v 3.943054 0.568594 0.060000
v 3.943054 0.586713 -0.060000
v 3.883054 0.650779 0.000000
v 3.943054 0.586713 0.060000
v 4.125108 0.586713 -0.060000
v 4.185108 0.649831 0.000000
v 4.125108 0.586713 0.060000
v 4.125108 0.568594 -0.060000
v 4.185108 0.518327 0.000000
v 4.125108 0.568594 0.060000
v 4.102064 0.502878 0.000000
v 4.077437 0.557701 -0.060000
v 4.092186 0.525325 -0.024493
v 4.102361 0.502991 0.000000
v 4.092186 0.525325 0.024493
v 4.077437 0.557701 0.060000
v 4.086124 0.534573 -0.035507
v 4.092157 0.525309 -0.024493
v 4.092157 0.525309 0.024493
v 4.086124 0.534573 0.035507
v 4.068865 0.552168 -0.060000
v 4.086057 0.534521 -0.035507
v 4.110980 0.508938 0.000000
v 4.086057 0.534521 0.035507
v 4.068865 0.552168 0.060000
v 4.065897 0.548574 -0.060000
v 4.086615 0.535196 -0.035507
v 4.116649 0.515803 0.000000
v 4.086615 0.535196 0.035507
v 4.065897 0.548574 0.060000
v 4.063792 0.544287 -0.060000
v 4.086940 0.535859 -0.035507
v 4.120497 0.523640 0.000000
v 4.086940 0.535859 0.035507
v 4.063792 0.544287 0.060000
v 4.062538 0.539204 -0.060000
v 4.086826 0.535394 -0.035507
v 4.109158 0.531892 -0.012986
v 4.122035 0.529872 0.000000
v 4.109158 0.531892 0.012986
v 4.086826 0.535394 0.035507
v 4.062538 0.539204 0.060000
v 4.109205 0.532570 -0.012986
v 4.109205 0.532570 0.012986
v 4.062300 0.528973 -0.060000
v 4.109202 0.532634 -0.012986
v 4.122158 0.533645 0.000000
v 4.109202 0.532634 0.012986
v 4.062300 0.528973 0.060000
v 4.215703 0.089733 -0.060000
v 4.215106 0.268902 0.000000
v 4.215703 0.089733 0.060000
v 4.368799 0.526599 -0.060000
v 4.368799 0.526599 0.060000
v 4.323079 0.537792 -0.012986
v 4.310247 0.539838 0.000000
v 4.323079 0.537792 0.012986
v 4.334582 0.537041 -0.024493
v 4.323107 0.538019 -0.012986
v 4.323107 0.538019 0.012986
v 4.334582 0.537041 0.024493
v 4.370147 0.537532 -0.060000
v 4.334576 0.536906 -0.024493
v 4.334576 0.536906 0.024493
v 4.370147 0.537532 0.060000
v 4.369700 0.543087 -0.060000
v 4.345480 0.538706 -0.035507
v 4.334589 0.536736 -0.024493
v 4.310369 0.532356 0.000000
v 4.334589 0.536736 0.024493
v 4.345480 0.538706 0.035507
v 4.369700 0.543087 0.060000
v 4.368373 0.547742 -0.060000
v 4.356310 0.542690 -0.047014
v 4.345621 0.538213 -0.035507
v 4.312637 0.524399 0.000000
v 4.345621 0.538213 0.035507
v 4.356310 0.542690 0.047014
v 4.368373 0.547742 0.060000
v 4.366183 0.551607 -0.060000
v 4.355677 0.543807 -0.047014
v 4.346368 0.536895 -0.035507
v 4.317642 0.515567 0.000000
v 4.346368 0.536895 0.035507
v 4.355677 0.543807 0.047014
v 4.366183 0.551607 0.060000
v 4.363149 0.554789 -0.060000
v 4.347252 0.535968 -0.035507
v 4.324207 0.508684 0.000000
v 4.347252 0.535968 0.035507
v 4.363149 0.554789 0.060000
v 4.359287 0.557395 -0.060000
v 4.347256 0.535966 -0.035507
v 4.341846 0.526329 -0.024493
v 4.341846 0.526329 0.024493
v 4.347256 0.535966 0.035507
v 4.359287 0.557395 0.060000
v 4.341681 0.526405 -0.024493
v 4.332759 0.503551 0.000000
v 4.341681 0.526405 0.024493
v 4.349154 0.561314 -0.060000
v 4.349154 0.561314 0.060000
v 4.310613 0.568594 -0.060000
v 4.250613 0.518177 0.000000
v 4.310613 0.568594 0.060000
v 4.310613 0.586713 -0.060000
v 4.250613 0.649820 0.000000
v 4.310613 0.586713 0.060000
v 4.469370 0.586713 -0.060000
v 4.529370 0.650828 0.000000
v 4.469370 0.586713 0.060000
v 4.469370 0.568594 -0.060000
v 4.529370 0.519412 0.000000
v 4.469370 0.568594 0.060000
v 4.441936 0.561907 -0.060000
v 4.462926 0.505599 0.000000
v 4.441936 0.561907 0.060000
v 4.457093 0.517222 -0.012986
v 4.463191 0.505715 0.000000
v 4.457093 0.517222 0.012986
v 4.428878 0.555012 -0.060000
v 4.457267 0.517331 -0.012986
v 4.457267 0.517331 0.012986
v 4.428878 0.555012 0.060000
v 4.423317 0.550043 -0.060000
v 4.457380 0.517432 -0.012986
v 4.466789 0.508424 0.000000
v 4.457380 0.517432 0.012986
v 4.423317 0.550043 0.060000
v 4.466941 0.508610 0.000000
v 4.413127 0.535743 -0.060000
v 4.465353 0.506082 0.000000
v 4.413127 0.535743 0.060000
v 4.213978 0.000000 -0.060000
v 4.255882 -0.060000 -0.000000
v 4.213978 -0.000000 0.060000
v 4.197584 0.000000 -0.060000
v 4.155504 -0.060000 -0.000000
v 4.197584 -0.000000 0.060000
v 4.557729 0.527297 -0.060000
v 4.498127 0.535275 0.000000
v 4.557729 0.527297 0.060000
v 4.560410 0.537168 -0.060000
v 4.504969 0.560443 0.000000
v 4.560410 0.537168 0.060000
v 4.565428 0.545782 -0.060000
v 4.517817 0.582498 0.000000
v 4.565428 0.545782 0.060000
v 4.572423 0.552777 -0.060000
v 4.535707 0.600388 0.000000
v 4.572423 0.552777 0.060000
v 4.581037 0.557795 -0.060000
v 4.557761 0.613236 0.000000
v 4.581037 0.557795 0.060000
v 4.590909 0.560476 -0.060000
v 4.582933 0.620079 0.000000
v 4.590909 0.560476 0.060000
v 4.601500 0.560476 -0.060000
v 4.609475 0.620079 0.000000
v 4.601500 0.560476 0.060000
v 4.611371 0.557795 -0.060000
v 4.634648 0.613236 0.000000
v 4.611371 0.557795 0.060000
v 4.619984 0.552777 -0.060000
v 4.656701 0.600388 0.000000
v 4.619984 0.552777 0.060000
v 4.626979 0.545782 -0.060000
v 4.674591 0.582498 0.000000
v 4.626979 0.545782 0.060000
v 4.631997 0.537168 -0.060000
v 4.687438 0.560443 0.000000
v 4.631997 0.537168 0.060000
v 4.634678 0.527297 -0.060000
v 4.694281 0.535272 0.000000
v 4.634678 0.527297 0.060000
v 4.634678 0.516707 -0.060000
v 4.694280 0.508729 0.000000
v 4.634678 0.516707 0.060000
v 4.631997 0.506835 -0.060000
v 4.687438 0.483560 0.000000
v 4.631997 0.506835 0.060000
v 4.626979 0.498222 -0.060000
v 4.674590 0.461506 0.000000
v 4.626979 0.498222 0.060000
v 4.619984 0.491227 -0.060000
v 4.656701 0.443616 0.000000
v 4.619984 0.491227 0.060000
v 4.611371 0.486208 -0.060000
v 4.634648 0.430768 0.000000
v 4.611371 0.486208 0.060000
v 4.601499 0.483527 -0.060000
v 4.609475 0.423925 0.000000
v 4.601499 0.483527 0.060000
v 4.590908 0.483527 -0.060000
v 4.582933 0.423925 0.000000
v 4.590908 0.483527 0.060000
v 4.581037 0.486208 -0.060000
v 4.557761 0.430768 0.000000
v 4.581037 0.486208 0.060000
v 4.572423 0.491227 -0.060000
v 4.535706 0.443616 0.000000
v 4.572423 0.491227 0.060000
v 4.565428 0.498222 -0.060000
v 4.517817 0.461506 0.000000
v 4.565428 0.498222 0.060000
v 4.560410 0.506835 -0.060000
v 4.504969 0.483560 0.000000
v 4.560410 0.506835 0.060000
v 4.557729 0.516707 -0.060000
v 4.498127 0.508731 0.000000
v 4.557729 0.516707 0.060000
v 4.632129 0.051487 -0.060000
v 4.691297 0.061540 0.000000
v 4.632129 0.051487 0.060000
v 4.679075 0.056631 -0.012986
v 4.691565 0.060213 0.000000
v 4.679075 0.056631 0.012986
v 4.668313 0.052511 -0.024493
v 4.679126 0.056471 -0.012986
v 4.679126 0.056471 0.012986
v 4.668313 0.052511 0.024493
v 4.636197 0.037248 -0.060000
v 4.658436 0.047569 -0.035507
v 4.668437 0.052210 -0.024493
v 4.668437 0.052210 0.024493
v 4.658436 0.047569 0.035507
v 4.636197 0.037248 0.060000
v 4.658545 0.047359 -0.035507
v 4.688883 0.065983 0.000000
v 4.658545 0.047359 0.035507
v 4.639776 0.031503 -0.060000
v 4.658506 0.047414 -0.035507
v 4.685660 0.070479 0.000000
v 4.658506 0.047414 0.035507
v 4.639776 0.031503 0.060000
v 4.658330 0.047590 -0.035507
v 4.658330 0.047590 0.035507
v 4.645397 0.026707 -0.060000
v 4.658499 0.047466 -0.035507
v 4.664391 0.056801 -0.024493
v 4.677493 0.077561 0.000000
v 4.664391 0.056801 0.024493
v 4.658499 0.047466 0.035507
v 4.645397 0.026707 0.060000
v 4.664041 0.056991 -0.024493
v 4.668958 0.067413 -0.012986
v 4.668958 0.067413 0.012986
v 4.664041 0.056991 0.024493
v 4.652780 0.023241 -0.060000
v 4.668593 0.067562 -0.012986
v 4.672961 0.079804 0.000000
v 4.668593 0.067562 0.012986
v 4.652780 0.023241 0.060000
v 4.692839 0.016393 -0.060000
v 4.752839 0.069756 0.000000
v 4.692839 0.016393 0.060000
v 4.692839 0.000000 -0.060000
v 4.752839 -0.064639 -0.000000
v 4.692839 -0.000000 0.060000
v 4.522002 0.000000 -0.060000
v 4.462002 -0.064639 -0.000000
v 4.522002 -0.000000 0.060000
v 4.522002 0.016393 -0.060000
v 4.462002 0.069570 0.000000
v 4.522002 0.016393 0.060000
v 4.560893 0.022898 -0.060000
v 4.546309 0.067626 -0.012986
v 4.542281 0.079982 0.000000
v 4.546309 0.067626 0.012986
v 4.560893 0.022898 0.060000
v 4.550945 0.057071 -0.024493
v 4.546468 0.067685 -0.012986
v 4.546468 0.067685 0.012986
v 4.550945 0.057071 0.024493
v 4.568230 0.025979 -0.060000
v 4.556388 0.047466 -0.035507
v 4.551064 0.057128 -0.024493
v 4.551064 0.057128 0.024493
v 4.556388 0.047466 0.035507
v 4.568230 0.025979 0.060000
v 4.556890 0.047781 -0.035507
v 4.535979 0.076576 0.000000
v 4.556890 0.047781 0.035507
v 4.574020 0.030174 -0.060000
v 4.556962 0.047841 -0.035507
v 4.556962 0.047841 0.035507
v 4.574020 0.030174 0.060000
v 4.576359 0.032787 -0.060000
v 4.556501 0.047326 -0.035507
v 4.527714 0.068403 0.000000
v 4.556501 0.047326 0.035507
v 4.576359 0.032787 0.060000
v 4.556271 0.046936 -0.035507
v 4.546510 0.052068 -0.024493
v 4.546510 0.052068 0.024493
v 4.556271 0.046936 0.035507
v 4.546518 0.052085 -0.024493
v 4.535863 0.056461 -0.012986
v 4.535863 0.056461 0.012986
v 4.546518 0.052085 0.024493
v 4.580618 0.041981 -0.060000
v 4.535779 0.056225 -0.012986
v 4.523393 0.060159 0.000000
v 4.535779 0.056225 0.012986
v 4.580618 0.041981 0.060000
v 4.523325 0.059917 0.000000
v 4.582540 0.049948 -0.060000
v 4.523495 0.060726 0.000000
v 4.582540 0.049948 0.060000
v 4.583274 0.326332 -0.060000
v 4.583274 0.326332 0.060000
v 4.536495 0.320841 -0.012986
v 4.523806 0.318026 0.000000
v 4.536495 0.320841 0.012986
v 4.581347 0.335122 -0.060000
v 4.547511 0.324193 -0.024493
v 4.536545 0.320651 -0.012986
v 4.536545 0.320651 0.012986
v 4.547511 0.324193 0.024493
v 4.581347 0.335122 0.060000
v 4.557708 0.328361 -0.035507
v 4.547687 0.323732 -0.024493
v 4.525402 0.313439 0.000000
v 4.547687 0.323732 0.024493
v 4.557708 0.328361 0.035507
v 4.578341 0.341683 -0.060000
v 4.567427 0.334573 -0.047014
v 4.557755 0.328274 -0.035507
v 4.557755 0.328274 0.035507
v 4.567427 0.334573 0.047014
v 4.578341 0.341683 0.060000
v 4.576359 0.344262 -0.060000
v 4.566830 0.335350 -0.047014
v 4.532333 0.303083 0.000000
v 4.566830 0.335350 0.047014
v 4.576359 0.344262 0.060000
v 4.566552 0.335594 -0.047014
v 4.559494 0.326477 -0.035507
v 4.537715 0.298344 0.000000
v 4.559494 0.326477 0.035507
v 4.566552 0.335594 0.047014
v 4.572412 0.347310 -0.060000
v 4.559863 0.326227 -0.035507
v 4.559863 0.326227 0.035507
v 4.572412 0.347310 0.060000
v 4.559823 0.326248 -0.035507
v 4.555248 0.316214 -0.024493
v 4.545074 0.293899 0.000000
v 4.555248 0.316214 0.024493
v 4.559823 0.326248 0.035507
v 4.567220 0.349663 -0.060000
v 4.555495 0.316116 -0.024493
v 4.551696 0.305244 -0.012986
v 4.551696 0.305244 0.012986
v 4.555495 0.316116 0.024493
v 4.567220 0.349663 0.060000
v 4.551795 0.305214 -0.012986
v 4.548413 0.292669 0.000000
v 4.551795 0.305214 0.012986
v 4.526316 0.355479 -0.060000
v 4.466316 0.300404 0.000000
v 4.526316 0.355479 0.060000
v 4.526316 0.371872 -0.060000
v 4.466316 0.426858 0.000000
v 4.526316 0.371872 0.060000
v 4.559471 0.436528 0.000000
v 4.622088 0.391717 -0.060000
v 4.629077 0.456828 0.000000
v 4.622088 0.391717 0.060000
v 4.634167 0.384815 -0.060000
v 4.698199 0.417330 0.000000
v 4.634167 0.384815 0.060000
v 4.798439 0.307235 -0.060000
v 4.739039 0.317049 0.000000
v 4.798439 0.307235 0.060000
v 4.801949 0.321198 -0.060000
v 4.744957 0.340592 0.000000
v 4.801949 0.321198 0.060000
v 4.815358 0.346403 -0.060000
v 4.767176 0.382440 0.000000
v 4.815358 0.346403 0.060000
v 4.836389 0.367343 -0.060000
v 4.800020 0.415222 0.000000
v 4.836389 0.367343 0.060000
v 4.863963 0.383249 -0.060000
v 4.840141 0.438421 0.000000
v 4.863963 0.383249 0.060000
v 4.897002 0.393355 -0.060000
v 4.885405 0.452302 0.000000
v 4.897002 0.393355 0.060000
v 4.934426 0.396894 -0.060000
v 4.933541 0.456918 0.000000
v 4.934426 0.396894 0.060000
v 5.014380 0.385006 -0.060000
v 5.032778 0.442136 0.000000
v 5.014380 0.385006 0.060000
v 5.050906 0.368421 -0.060000
v 5.116588 0.399700 0.000000
v 5.050906 0.368421 0.060000
v 5.035375 0.270060 -0.060000
v 5.086645 0.210060 0.000000
v 5.035375 0.270060 0.060000
v 5.019845 0.270060 -0.060000
v 4.971868 0.210060 0.000000
v 5.019845 0.270060 0.060000
v 5.000000 0.358067 -0.060000
v 4.988751 0.348915 -0.047014
v 4.948029 0.315782 0.000000
v 4.988751 0.348915 0.047014
v 5.000000 0.358067 0.060000
v 4.988300 0.349120 -0.047014
v 4.969898 0.305842 0.000000
v 4.988300 0.349120 0.047014
v 4.974244 0.367622 -0.060000
v 4.959033 0.309565 0.000000
v 4.974244 0.367622 0.060000
v 4.911957 0.372119 -0.060000
v 4.917541 0.312308 0.000000
v 4.911957 0.372119 0.060000
v 4.887928 0.367410 -0.060000
v 4.906228 0.310156 0.000000
v 4.887928 0.367410 0.060000
v 4.868754 0.358567 -0.060000
v 4.901189 0.307914 0.000000
v 4.868754 0.358567 0.060000
v 4.854409 0.346189 -0.060000
v 4.900119 0.307058 0.000000
v 4.854409 0.346189 0.060000
v 4.849040 0.338862 -0.060000
v 4.900121 0.307061 0.000000
v 4.849040 0.338862 0.060000
v 4.841893 0.322305 -0.060000
v 4.899957 0.306608 0.000000
v 4.841893 0.322305 0.060000
v 4.839517 0.303710 -0.060000
v 4.899646 0.303919 0.000000
v 4.839517 0.303710 0.060000
v 4.899721 0.302843 0.000000
v 4.842153 0.285343 -0.060000
v 4.899659 0.303122 0.000000
v 4.842153 0.285343 0.060000
v 4.845421 0.277152 -0.060000
v 4.845421 0.277152 0.060000
v 4.899302 0.303939 0.000000
v 4.855769 0.262362 -0.060000
v 4.900005 0.303072 0.000000
v 4.855769 0.262362 0.060000
v 4.871078 0.249178 -0.060000
v 4.905962 0.298058 0.000000
v 4.871078 0.249178 0.060000
v 5.005756 0.181446 -0.060000
v 5.039586 0.231058 0.000000
v 5.005756 0.181446 0.060000
v 5.028883 0.162421 -0.060000
v 5.072080 0.204227 0.000000
v 5.028883 0.162421 0.060000
v 5.045743 0.139560 -0.060000
v 5.099056 0.167504 0.000000
v 5.045743 0.139560 0.060000
v 5.051365 0.126362 -0.060000
v 5.108523 0.145281 0.000000
v 5.051365 0.126362 0.060000
v 5.056083 0.095772 -0.060000
v 5.116286 0.095342 0.000000
v 5.056083 0.095772 0.060000
v 5.054645 0.079762 -0.060000
v 5.113906 0.068850 0.000000
v 5.054645 0.079762 0.060000
v 5.050478 0.064971 -0.060000
v 5.106733 0.043385 0.000000
v 5.050478 0.064971 0.060000
v 5.034832 0.039178 -0.060000
v 5.080435 -0.000103 -0.000000
v 5.034832 0.039178 0.060000
v 5.010893 0.018658 -0.060000
v 5.043659 -0.031746 -0.000000
v 5.010893 0.018658 0.060000
v 4.980411 0.003675 -0.060000
v 5.001113 -0.052721 -0.000000
v 4.980411 0.003675 0.060000
v 4.906816 -0.008628 -0.060000
v 4.907517 -0.068649 -0.000000
v 4.906816 -0.008628 0.060000
v 4.823986 0.003515 -0.060000
v 4.805921 -0.053720 -0.000000
v 4.823986 0.003515 0.060000
v 4.785160 0.020708 -0.060000
v 4.719316 -0.011137 -0.000000
v 4.785160 0.020708 0.060000
v 4.801553 0.123382 -0.060000
v 4.750372 0.183382 0.000000
v 4.801553 0.123382 0.060000
v 4.817084 0.123382 -0.060000
v 4.864138 0.183382 0.000000
v 4.817084 0.123382 0.060000
v 4.840380 0.028473 -0.060000
v 4.851332 0.038330 -0.047014
v 4.890983 0.074014 0.000000
v 4.851332 0.038330 0.047014
v 4.840380 0.028473 0.060000
v 4.850815 0.038516 -0.047014
v 4.866008 0.083014 0.000000
v 4.850815 0.038516 0.047014
v 4.865242 0.020899 -0.060000
v 4.878790 0.079358 0.000000
v 4.865242 0.020899 0.060000
v 4.916307 0.015531 -0.060000
v 4.915404 0.075544 0.000000
v 4.916307 0.015531 0.060000
v 4.943837 0.017843 -0.060000
v 4.933249 0.076972 0.000000
v 4.943837 0.017843 0.060000
v 4.967437 0.024542 -0.060000
v 4.944635 0.080151 0.000000
v 4.967437 0.024542 0.060000
v 4.986627 0.035267 -0.060000
v 4.950471 0.083334 0.000000
v 4.986627 0.035267 0.060000
v 5.000927 0.049660 -0.060000
v 4.952197 0.084984 0.000000
v 5.000927 0.049660 0.060000
v 5.006094 0.058119 -0.060000
v 4.952360 0.085252 0.000000
v 5.006094 0.058119 0.060000
v 5.012161 0.077337 -0.060000
v 4.952659 0.086326 0.000000
v 5.012161 0.077337 0.060000
v 5.012210 0.098670 -0.060000
v 4.952668 0.089949 0.000000
v 5.012210 0.098670 0.060000
v 4.952621 0.090153 0.000000
v 5.006431 0.117059 -0.060000
v 4.952872 0.089545 0.000000
v 5.006431 0.117059 0.060000
v 5.001439 0.125044 -0.060000
v 4.953026 0.089297 0.000000
v 5.001439 0.125044 0.060000
v 4.987382 0.139236 -0.060000
v 4.949858 0.092313 0.000000
v 4.987382 0.139236 0.060000
v 4.842183 0.213866 -0.060000
v 4.807763 0.164659 0.000000
v 4.842183 0.213866 0.060000
v 4.821193 0.231597 -0.060000
v 4.777373 0.190440 0.000000
v 4.821193 0.231597 0.060000
v 4.806231 0.252588 -0.060000
v 4.752478 0.225508 0.000000
v 4.806231 0.252588 0.060000
v 4.798279 0.277894 -0.060000
v 4.738760 0.269008 0.000000
v 4.798279 0.277894 0.060000
v 5.513917 0.051545 -0.060000
v 5.559208 0.064685 -0.012986
v 5.571719 0.068315 0.000000
v 5.559208 0.064685 0.012986
v 5.513917 0.051545 0.060000
v 5.517311 0.042551 -0.060000
v 5.549091 0.058902 -0.024493
v 5.559391 0.064201 -0.012986
v 5.571014 0.070181 0.000000
v 5.559391 0.064201 0.012986
v 5.549091 0.058902 0.024493
v 5.517311 0.042551 0.060000
v 5.521894 0.035699 -0.060000
v 5.540328 0.052194 -0.035507
v 5.548617 0.059611 -0.024493
v 5.567051 0.076106 0.000000
v 5.548617 0.059611 0.024493
v 5.540328 0.052194 0.035507
v 5.521894 0.035699 0.060000
v 5.527825 0.030698 -0.060000
v 5.541095 0.051547 -0.035507
v 5.547062 0.060922 -0.024493
v 5.560332 0.081771 0.000000
v 5.547062 0.060922 0.024493
v 5.541095 0.051547 0.035507
v 5.527825 0.030698 0.060000
v 5.535264 0.027258 -0.060000
v 5.546947 0.060976 -0.024493
v 5.555006 0.084234 0.000000
v 5.546947 0.060976 0.024493
v 5.535264 0.027258 0.060000
v 5.544367 0.025089 -0.060000
v 5.554609 0.084328 0.000000
v 5.544367 0.025089 0.060000
v 5.583261 0.023296 -0.060000
v 5.643261 0.082889 0.000000
v 5.583261 0.023296 0.060000
v 5.583261 0.006903 -0.060000
v 5.643261 -0.045730 -0.000000
v 5.583261 0.006902 0.060000
v 5.465056 -0.008628 -0.060000
v 5.405056 -0.077027 -0.000000
v 5.465056 -0.008628 0.060000
v 5.465056 0.046592 -0.060000
v 5.452070 0.020576 -0.047014
v 5.405056 -0.073608 -0.000000
v 5.452070 0.020576 0.047014
v 5.465056 0.046592 0.060000
v 5.462355 0.028311 -0.047014
v 5.490087 -0.009658 -0.000000
v 5.462355 0.028311 0.047014
v 5.389840 0.002444 -0.060000
v 5.410417 -0.053950 -0.000000
v 5.389840 0.002444 0.060000
v 5.353529 -0.006755 -0.060000
v 5.362087 -0.066181 -0.000000
v 5.353529 -0.006755 0.060000
v 5.327006 -0.008628 -0.060000
v 5.326494 -0.068683 -0.000000
v 5.327006 -0.008628 0.060000
v 5.284400 -0.003951 -0.060000
v 5.269928 -0.062334 -0.000000
v 5.284400 -0.003951 0.060000
v 5.251047 0.009810 -0.060000
v 5.218993 -0.041178 -0.000000
v 5.251047 0.009810 0.060000
v 5.237629 0.019970 -0.060000
v 5.197183 -0.024664 -0.000000
v 5.237629 0.019970 0.060000
v 5.216894 0.046592 -0.060000
v 5.164208 0.017530 0.000000
v 5.216894 0.046592 0.060000
v 5.203732 0.081280 -0.060000
v 5.145462 0.066614 0.000000
v 5.203732 0.081280 0.060000
v 5.194268 0.328165 -0.060000
v 5.135054 0.317943 0.000000
v 5.194268 0.328165 0.060000
v 5.158037 0.327297 -0.024493
v 5.134637 0.319761 0.000000
v 5.158037 0.327297 0.024493
v 5.188657 0.346087 -0.060000
v 5.167242 0.333823 -0.035507
v 5.157612 0.328309 -0.024493
v 5.136198 0.316045 0.000000
v 5.157612 0.328309 0.024493
v 5.167242 0.333823 0.035507
v 5.188657 0.346087 0.060000
v 5.184210 0.352028 -0.060000
v 5.166721 0.334519 -0.035507
v 5.141369 0.309136 0.000000
v 5.166721 0.334519 0.035507
v 5.184210 0.352028 0.060000
v 5.178469 0.356315 -0.060000
v 5.166354 0.334793 -0.035507
v 5.160907 0.325115 -0.024493
v 5.148792 0.303593 0.000000
v 5.160907 0.325115 0.024493
v 5.166354 0.334793 0.035507
v 5.178469 0.356315 0.060000
v 5.171284 0.359218 -0.060000
v 5.161004 0.325076 -0.024493
v 5.153912 0.301524 0.000000
v 5.161004 0.325076 0.024493
v 5.171284 0.359218 0.060000
v 5.153810 0.301545 0.000000
v 5.125108 0.362381 -0.060000
v 5.065108 0.302642 0.000000
v 5.125108 0.362381 0.060000
v 5.125108 0.378775 -0.060000
v 5.065108 0.430104 0.000000
v 5.125108 0.378775 0.060000
v 5.240725 0.396894 -0.060000
v 5.300725 0.467029 0.000000
v 5.240725 0.396894 0.060000
v 5.241678 0.133796 -0.060000
v 5.301521 0.138935 0.000000
v 5.241678 0.133796 0.060000
v 5.249002 0.094491 -0.060000
v 5.306262 0.112862 0.000000
v 5.249002 0.094491 0.060000
v 5.262869 0.065864 -0.060000
v 5.311941 0.100772 0.000000
v 5.262869 0.065864 0.060000
v 5.272001 0.055112 -0.060000
v 5.314266 0.098034 0.000000
v 5.272001 0.055112 0.060000
v 5.294155 0.039849 -0.060000
v 5.319787 0.094297 0.000000
v 5.294155 0.039849 0.060000
v 5.320815 0.031728 -0.060000
v 5.331393 0.090878 0.000000
v 5.320815 0.031728 0.060000
v 5.351165 0.029336 -0.060000
v 5.351392 0.089367 0.000000
v 5.351165 0.029336 0.060000
v 5.394881 0.034449 -0.060000
v 5.380598 0.092752 0.000000
v 5.394881 0.034449 0.060000
v 5.399209 0.099109 0.000000
v 5.432270 0.048381 -0.060000
v 5.432270 0.048381 0.060000
v 5.449801 0.074029 -0.047014
v 5.423031 0.112687 0.000000
v 5.449801 0.074029 0.047014
v 5.465056 0.069025 -0.060000
v 5.452070 0.075666 -0.047014
v 5.405056 0.099709 0.000000
v 5.452070 0.075666 0.047014
v 5.465056 0.069025 0.060000
v 5.460295 0.338223 -0.060000
v 5.426372 0.327297 -0.024493
v 5.402972 0.319761 0.000000
v 5.426372 0.327297 0.024493
v 5.460295 0.338223 0.060000
v 5.456992 0.346087 -0.060000
v 5.435577 0.333823 -0.035507
v 5.425947 0.328309 -0.024493
v 5.404532 0.316045 0.000000
v 5.425947 0.328309 0.024493
v 5.435577 0.333823 0.035507
v 5.456992 0.346087 0.060000
v 5.452545 0.352028 -0.060000
v 5.435056 0.334519 -0.035507
v 5.409704 0.309136 0.000000
v 5.435056 0.334519 0.035507
v 5.452545 0.352028 0.060000
v 5.446804 0.356315 -0.060000
v 5.434689 0.334793 -0.035507
v 5.429242 0.325115 -0.024493
v 5.417127 0.303593 0.000000
v 5.429242 0.325115 0.024493
v 5.434689 0.334793 0.035507
v 5.446804 0.356315 0.060000
v 5.439619 0.359218 -0.060000
v 5.429338 0.325076 -0.024493
v 5.422247 0.301524 0.000000
v 5.429338 0.325076 0.024493
v 5.439619 0.359218 0.060000
v 5.422144 0.301545 0.000000
v 5.393443 0.362381 -0.060000
v 5.333443 0.302642 0.000000
v 5.393443 0.362381 0.060000
v 5.393443 0.378775 -0.060000
v 5.333443 0.430104 0.000000
v 5.393443 0.378775 0.060000
v 5.509059 0.396894 -0.060000
v 5.569059 0.467029 0.000000
v 5.509059 0.396894 0.060000
v 5.847449 0.393323 -0.060000
v 5.859464 0.452206 0.000000
v 5.847449 0.393323 0.060000
v 5.880260 0.382418 -0.060000
v 5.906843 0.436378 0.000000
v 5.880260 0.382418 0.060000
v 5.907031 0.363891 -0.060000
v 5.948606 0.407418 0.000000
v 5.907031 0.363891 0.060000
v 5.917927 0.351680 -0.060000
v 5.965870 0.388070 0.000000
v 5.917927 0.351680 0.060000
v 5.934291 0.321182 -0.060000
v 5.990795 0.341788 0.000000
v 5.934291 0.321182 0.060000
v 5.942817 0.282344 -0.060000
v 6.002589 0.288503 0.000000
v 5.942817 0.282344 0.060000
v 5.945291 0.050119 -0.060000
v 6.004704 0.059046 0.000000
v 5.945291 0.050119 0.060000
v 5.992477 0.054006 -0.012986
v 6.005012 0.057533 0.000000
v 5.992477 0.054006 0.012986
v 5.949733 0.033969 -0.060000
v 5.981924 0.049354 -0.024493
v 5.992356 0.054340 -0.012986
v 6.004130 0.059967 0.000000
v 5.992356 0.054340 0.012986
v 5.981924 0.049354 0.024493
v 5.949733 0.033969 0.060000
v 5.953254 0.028149 -0.060000
v 5.972717 0.043295 -0.035507
v 5.981469 0.050106 -0.024493
v 6.000933 0.065253 0.000000
v 5.981469 0.050106 0.024493
v 5.972717 0.043295 0.035507
v 5.953254 0.028149 0.060000
v 5.957722 0.023620 -0.060000
v 5.973112 0.042895 -0.035507
v 5.995422 0.070839 0.000000
v 5.973112 0.042895 0.035507
v 5.957722 0.023619 0.060000
v 5.963196 0.020223 -0.060000
v 5.974016 0.042334 -0.035507
v 5.978881 0.052277 -0.024493
v 5.989700 0.074389 0.000000
v 5.978881 0.052277 0.024493
v 5.974016 0.042334 0.035507
v 5.963196 0.020223 0.060000
v 5.979603 0.052010 -0.024493
v 5.986409 0.075608 0.000000
v 5.979603 0.052010 0.024493
v 5.977405 0.016191 -0.060000
v 5.986795 0.075527 0.000000
v 5.977405 0.016191 0.060000
v 6.007765 0.014668 -0.060000
v 6.067765 0.074059 0.000000
v 6.007765 0.014668 0.060000
v 6.007765 0.000000 -0.060000
v 6.067765 -0.043840 -0.000000
v 6.007765 -0.000000 0.060000
v 5.977451 -0.007218 -0.060000
v 5.985893 -0.066626 -0.000000
v 5.977451 -0.007218 0.060000
v 5.949835 -0.008242 -0.060000
v 5.944139 -0.068049 -0.000000
v 5.929366 -0.065879 -0.000000
v 5.941720 -0.007050 0.060000
v 5.934265 -0.005002 -0.060000
v 5.914211 -0.061715 -0.000000
v 5.899036 -0.055091 -0.000000
v 5.927492 -0.002045 0.060000
v 5.921426 0.001870 -0.060000
v 5.884536 -0.045732 -0.000000
v 5.916091 0.006795 -0.060000
v 5.871587 -0.033779 -0.000000
v 5.916091 0.006795 0.060000
v 5.907711 0.019877 -0.060000
v 5.852783 -0.004649 -0.000000
v 5.907711 0.019877 0.060000
v 5.904713 0.028136 -0.060000
v 5.904713 0.028136 0.060000
v 5.843368 0.027217 0.000000
v 5.887790 0.060157 -0.047014
v 5.840776 0.059289 0.000000
v 5.887790 0.060157 0.047014
v 5.900776 0.091458 -0.060000
v 5.887790 0.050887 -0.047014
v 5.840776 -0.095990 -0.000000
v 5.887790 0.050887 0.047014
v 5.900776 0.091458 0.060000
v 5.891098 0.077889 -0.060000
v 5.939265 0.042093 0.000000
v 5.891098 0.077889 0.060000
v 5.848016 0.030322 -0.060000
v 5.887146 -0.015215 -0.000000
v 5.848016 0.030322 0.060000
v 5.823305 0.012243 -0.060000
v 5.854341 -0.039183 -0.000000
v 5.823305 0.012243 0.060000
v 5.796066 -0.000755 -0.060000
v 5.816076 -0.057415 -0.000000
v 5.796066 -0.000755 0.060000
v 5.765986 -0.007713 -0.060000
v 5.772810 -0.067424 -0.000000
v 5.765986 -0.007713 0.060000
v 5.724499 -0.006024 -0.060000
v 5.711690 -0.064742 -0.000000
v 5.724499 -0.006024 0.060000
v 5.702521 0.001566 -0.060000
v 5.675785 -0.052292 -0.000000
v 5.702521 0.001566 0.060000
v 5.684426 0.013805 -0.060000
v 5.644025 -0.030764 -0.000000
v 5.684426 0.013805 0.060000
v 5.670789 0.030358 -0.060000
v 5.619274 -0.000715 -0.000000
v 5.670789 0.030358 0.060000
v 5.662185 0.050890 -0.060000
v 5.604034 0.035547 0.000000
v 5.662185 0.050890 0.060000
v 5.659189 0.075065 -0.060000
v 5.599018 0.076049 0.000000
v 5.659189 0.075065 0.060000
v 5.661026 0.094672 -0.060000
v 5.601822 0.105977 0.000000
v 5.661026 0.094672 0.060000
v 5.666479 0.113356 -0.060000
v 5.610439 0.135503 0.000000
v 5.666479 0.113356 0.060000
v 5.687885 0.147861 -0.060000
v 5.642325 0.187154 0.000000
v 5.687885 0.147861 0.060000
v 5.722713 0.178387 -0.060000
v 5.688498 0.227777 0.000000
v 5.722713 0.178387 0.060000
v 5.770268 0.204742 -0.060000
v 5.770268 0.204742 0.060000
v 5.852675 0.281696 -0.012986
v 5.849564 0.294307 0.000000
v 5.852675 0.281696 0.012986
v 5.900776 0.244176 -0.060000
v 5.853763 0.281936 -0.012986
v 5.840776 0.292366 0.000000
v 5.853763 0.281936 0.012986
v 5.900776 0.244176 0.060000
v 5.900776 0.249353 -0.060000
v 5.840776 0.248046 0.000000
v 5.900776 0.249353 0.060000
v 5.897884 0.281393 -0.060000
v 5.838916 0.269847 0.000000
v 5.897884 0.281393 0.060000
v 5.889144 0.308951 -0.060000
v 5.834672 0.283467 0.000000
v 5.889144 0.308951 0.060000
v 5.874461 0.331428 -0.060000
v 5.829677 0.291223 0.000000
v 5.874461 0.331428 0.060000
v 5.853737 0.348225 -0.060000
v 5.823563 0.296156 0.000000
v 5.853737 0.348225 0.060000
v 5.826878 0.358742 -0.060000
v 5.812776 0.300288 0.000000
v 5.826878 0.358742 0.060000
v 5.793787 0.362381 -0.060000
v 5.793185 0.302329 0.000000
v 5.793787 0.362381 0.060000
v 5.747963 0.356278 -0.060000
v 5.764161 0.298468 0.000000
v 5.747963 0.356278 0.060000
v 5.728106 0.349223 -0.060000
v 5.751998 0.294149 0.000000
v 5.728106 0.349223 0.060000
v 5.694145 0.329027 -0.060000
v 5.730916 0.281584 0.000000
v 5.694145 0.329027 0.060000
v 5.679896 0.316652 -0.060000
v 5.678119 0.233577 0.000000
v 5.679896 0.316652 0.060000
v 5.667817 0.328732 -0.060000
v 5.584252 0.327444 0.000000
v 5.667817 0.328732 0.060000
v 5.705269 0.363660 -0.060000
v 5.669354 0.411764 0.000000
v 5.705269 0.363660 0.060000
v 5.750583 0.387850 -0.060000
v 5.731293 0.444724 0.000000
v 5.750583 0.387850 0.060000
v 5.809318 0.396894 -0.060000
v 5.809562 0.456944 0.000000
v 5.809318 0.396894 0.060000
v 5.795521 0.030901 -0.060000
v 5.778892 0.088680 0.000000
v 5.795521 0.030901 0.060000
v 5.822036 0.042150 -0.060000
v 5.792861 0.094663 0.000000
v 5.822036 0.042150 0.060000
v 5.816356 0.112256 0.000000
v 5.867638 0.078644 -0.060000
v 5.867638 0.078644 0.060000
v 5.864611 0.131283 -0.024493
v 5.844457 0.145213 0.000000
v 5.864611 0.131283 0.024493
v 5.900776 0.121657 -0.060000
v 5.865270 0.132284 -0.024493
v 5.840776 0.139615 0.000000
v 5.865270 0.132284 0.024493
v 5.900776 0.121657 0.060000
v 5.900776 0.219154 -0.060000
v 5.876283 0.188479 -0.035507
v 5.840776 0.144010 0.000000
v 5.876283 0.188479 0.035507
v 5.900776 0.219154 0.060000
v 5.879267 0.189156 -0.035507
v 5.887828 0.154690 0.000000
v 5.879267 0.189156 0.035507
v 5.800148 0.189339 -0.060000
v 5.800148 0.189339 0.060000
v 5.806681 0.126284 0.000000
v 5.744514 0.157982 -0.060000
v 5.781778 0.110819 0.000000
v 5.744514 0.157982 0.060000
v 5.719748 0.132523 -0.060000
v 5.769179 0.098107 0.000000
v 5.719748 0.132523 0.060000
v 5.711637 0.118373 -0.060000
v 5.766695 0.093775 0.000000
v 5.711637 0.118373 0.060000
v 5.706630 0.103253 -0.060000
v 5.765613 0.090506 0.000000
v 5.706630 0.103253 0.060000
v 5.704918 0.087144 -0.060000
v 5.765075 0.085446 0.000000
v 5.704918 0.087144 0.060000
v 5.765072 0.085502 0.000000
v 5.706463 0.071885 -0.060000
v 5.765252 0.084342 0.000000
v 5.706463 0.071885 0.060000
v 5.765399 0.083796 0.000000
v 5.711245 0.057681 -0.060000
v 5.765364 0.083883 0.000000
v 5.711245 0.057681 0.060000
v 5.754167 0.077301 -0.012986
v 5.765009 0.084508 0.000000
v 5.754167 0.077301 0.012986
v 5.719478 0.045298 -0.060000
v 5.754580 0.076766 -0.012986
v 5.754580 0.076766 0.012986
v 5.719478 0.045298 0.060000
v 5.754966 0.076395 -0.012986
v 5.763255 0.086440 0.000000
v 5.754966 0.076395 0.012986
v 5.731377 0.035503 -0.060000
v 5.755548 0.075984 -0.012986
v 5.762225 0.087166 0.000000
v 5.755548 0.075984 0.012986
v 5.731377 0.035503 0.060000
v 5.761631 0.087463 0.000000
v 5.747159 0.029064 -0.060000
v 5.761975 0.087350 0.000000
v 5.747159 0.029064 0.060000
v 5.767040 0.026747 -0.060000
v 5.766514 0.086874 0.000000
v 5.767040 0.026747 0.060000
v 6.183108 0.052919 -0.060000
v 6.242480 0.061757 0.000000
v 6.183108 0.052919 0.060000
v 6.242739 0.060314 0.000000
v 6.185385 0.042494 -0.060000
v 6.219262 0.053284 -0.024493
v 6.242630 0.060728 0.000000
v 6.219262 0.053284 0.024493
v 6.185385 0.042494 0.060000
v 6.219429 0.052841 -0.024493
v 6.219429 0.052841 0.024493
v 6.188956 0.034513 -0.060000
v 6.209828 0.047436 -0.035507
v 6.219213 0.053247 -0.024493
v 6.240085 0.066171 0.000000
v 6.219213 0.053247 0.024493
v 6.209828 0.047436 0.035507
v 6.188956 0.034513 0.060000
v 6.191113 0.031503 -0.060000
v 6.209844 0.047414 -0.035507
v 6.236997 0.070479 0.000000
v 6.209844 0.047414 0.035507
v 6.191113 0.031503 0.060000
v 6.209667 0.047590 -0.035507
v 6.209667 0.047590 0.035507
v 6.196734 0.026707 -0.060000
v 6.209836 0.047466 -0.035507
v 6.215728 0.056801 -0.024493
v 6.228830 0.077561 0.000000
v 6.215728 0.056801 0.024493
v 6.209836 0.047466 0.035507
v 6.196734 0.026707 0.060000
v 6.215378 0.056991 -0.024493
v 6.220295 0.067413 -0.012986
v 6.220295 0.067413 0.012986
v 6.215378 0.056991 0.024493
v 6.204117 0.023241 -0.060000
v 6.219930 0.067562 -0.012986
v 6.224298 0.079804 0.000000
v 6.219930 0.067562 0.012986
v 6.204117 0.023241 0.060000
v 6.244176 0.016393 -0.060000
v 6.304176 0.069756 0.000000
v 6.244176 0.016393 0.060000
v 6.244176 0.000000 -0.060000
v 6.304176 -0.064639 -0.000000
v 6.244176 -0.000000 0.060000
v 6.073339 0.000000 -0.060000
v 6.013339 -0.064639 -0.000000
v 6.073339 -0.000000 0.060000
v 6.073339 0.016393 -0.060000
v 6.013339 0.069570 0.000000
v 6.073339 0.016393 0.060000
v 6.112230 0.022898 -0.060000
v 6.097647 0.067626 -0.012986
v 6.093618 0.079982 0.000000
v 6.097647 0.067626 0.012986
v 6.112230 0.022898 0.060000
v 6.102282 0.057071 -0.024493
v 6.097805 0.067685 -0.012986
v 6.097805 0.067685 0.012986
v 6.102282 0.057071 0.024493
v 6.119567 0.025979 -0.060000
v 6.107726 0.047466 -0.035507
v 6.102401 0.057128 -0.024493
v 6.102401 0.057128 0.024493
v 6.107726 0.047466 0.035507
v 6.119567 0.025979 0.060000
v 6.108227 0.047781 -0.035507
v 6.087317 0.076576 0.000000
v 6.108227 0.047781 0.035507
v 6.125358 0.030174 -0.060000
v 6.108299 0.047841 -0.035507
v 6.108299 0.047841 0.035507
v 6.125358 0.030174 0.060000
v 6.127696 0.032787 -0.060000
v 6.107985 0.047490 -0.035507
v 6.079412 0.068805 0.000000
v 6.107985 0.047490 0.035507
v 6.127696 0.032787 0.060000
v 6.108068 0.047624 -0.035507
v 6.098268 0.052714 -0.024493
v 6.076476 0.064036 0.000000
v 6.098268 0.052714 0.024493
v 6.108068 0.047624 0.035507
v 6.131631 0.040416 -0.060000
v 6.098189 0.052532 -0.024493
v 6.087352 0.056458 -0.012986
v 6.087352 0.056458 0.012986
v 6.098189 0.052532 0.024493
v 6.131631 0.040416 0.060000
v 6.087374 0.056533 -0.012986
v 6.074758 0.059667 0.000000
v 6.087374 0.056533 0.012986
v 6.134151 0.050682 -0.060000
v 6.074930 0.060523 0.000000
v 6.134151 0.050682 0.060000
v 6.134612 0.555840 -0.060000
v 6.134612 0.555840 0.060000
v 6.087832 0.550350 -0.012986
v 6.075143 0.547535 0.000000
v 6.087832 0.550350 0.012986
v 6.132684 0.564630 -0.060000
v 6.098848 0.553701 -0.024493
v 6.087883 0.550159 -0.012986
v 6.087883 0.550159 0.012986
v 6.098848 0.553701 0.024493
v 6.132684 0.564630 0.060000
v 6.109046 0.557869 -0.035507
v 6.099024 0.553240 -0.024493
v 6.076739 0.542947 0.000000
v 6.099024 0.553240 0.024493
v 6.109046 0.557869 0.035507
v 6.129678 0.571191 -0.060000
v 6.118764 0.564081 -0.047014
v 6.109093 0.557782 -0.035507
v 6.109093 0.557782 0.035507
v 6.118764 0.564081 0.047014
v 6.129678 0.571191 0.060000
v 6.127696 0.573771 -0.060000
v 6.118167 0.564858 -0.047014
v 6.083671 0.532592 0.000000
v 6.118167 0.564858 0.047014
v 6.127696 0.573771 0.060000
v 6.117889 0.565102 -0.047014
v 6.110832 0.555985 -0.035507
v 6.089053 0.527852 0.000000
v 6.110832 0.555985 0.035507
v 6.117889 0.565102 0.047014
v 6.123750 0.576818 -0.060000
v 6.111201 0.555735 -0.035507
v 6.111201 0.555735 0.035507
v 6.123750 0.576818 0.060000
v 6.111160 0.555756 -0.035507
v 6.106585 0.545722 -0.024493
v 6.096412 0.523408 0.000000
v 6.106585 0.545722 0.024493
v 6.111160 0.555756 0.035507
v 6.118557 0.579171 -0.060000
v 6.106833 0.545624 -0.024493
v 6.103033 0.534753 -0.012986
v 6.103033 0.534753 0.012986
v 6.106833 0.545624 0.024493
v 6.118557 0.579171 0.060000
v 6.103132 0.534722 -0.012986
v 6.099751 0.522177 0.000000
v 6.103132 0.534722 0.012986
v 6.077653 0.584987 -0.060000
v 6.017653 0.529912 0.000000
v 6.077653 0.584987 0.060000
v 6.077653 0.601381 -0.060000
v 6.017653 0.656366 0.000000
v 6.077653 0.601381 0.060000
v 6.110808 0.666036 0.000000
v 6.173425 0.621225 -0.060000
v 6.180414 0.686337 0.000000
v 6.173425 0.621225 0.060000
v 6.185504 0.614323 -0.060000
v 6.249536 0.646838 0.000000
v 6.185504 0.614323 0.060000
v 6.349776 0.307235 -0.060000
v 6.290377 0.317049 0.000000
v 6.349776 0.307235 0.060000
v 6.353286 0.321198 -0.060000
v 6.296294 0.340592 0.000000
v 6.353286 0.321198 0.060000
v 6.366695 0.346403 -0.060000
v 6.318513 0.382440 0.000000
v 6.366695 0.346403 0.060000
v 6.387726 0.367343 -0.060000
v 6.351357 0.415222 0.000000
v 6.387726 0.367343 0.060000
v 6.415300 0.383249 -0.060000
v 6.391478 0.438421 0.000000
v 6.415300 0.383249 0.060000
v 6.448339 0.393355 -0.060000
v 6.436742 0.452302 0.000000
v 6.448339 0.393355 0.060000
v 6.485764 0.396894 -0.060000
v 6.484879 0.456918 0.000000
v 6.485764 0.396894 0.060000
v 6.565717 0.385006 -0.060000
v 6.584116 0.442136 0.000000
v 6.565717 0.385006 0.060000
v 6.602243 0.368421 -0.060000
v 6.667925 0.399700 0.000000
v 6.602243 0.368421 0.060000
v 6.586712 0.270060 -0.060000
v 6.637982 0.210060 0.000000
v 6.586712 0.270060 0.060000
v 6.571182 0.270060 -0.060000
v 6.523205 0.210060 0.000000
v 6.571182 0.270060 0.060000
v 6.551337 0.358067 -0.060000
v 6.540089 0.348915 -0.047014
v 6.499366 0.315782 0.000000
v 6.540089 0.348915 0.047014
v 6.551337 0.358067 0.060000
v 6.539637 0.349120 -0.047014
v 6.521235 0.305842 0.000000
v 6.539637 0.349120 0.047014
v 6.525581 0.367622 -0.060000
v 6.510370 0.309565 0.000000
v 6.525581 0.367622 0.060000
v 6.463294 0.372119 -0.060000
v 6.468878 0.312308 0.000000
v 6.463294 0.372119 0.060000
v 6.439266 0.367410 -0.060000
v 6.457565 0.310156 0.000000
v 6.439266 0.367410 0.060000
v 6.420091 0.358567 -0.060000
v 6.452527 0.307914 0.000000
v 6.420091 0.358567 0.060000
v 6.405746 0.346189 -0.060000
v 6.451456 0.307058 0.000000
v 6.405746 0.346189 0.060000
v 6.400377 0.338862 -0.060000
v 6.451458 0.307061 0.000000
v 6.400377 0.338862 0.060000
v 6.393230 0.322305 -0.060000
v 6.451294 0.306608 0.000000
v 6.393230 0.322305 0.060000
v 6.390854 0.303710 -0.060000
v 6.450984 0.303919 0.000000
v 6.390854 0.303710 0.060000
v 6.451058 0.302843 0.000000
v 6.393490 0.285343 -0.060000
v 6.450996 0.303122 0.000000
v 6.393490 0.285343 0.060000
v 6.396759 0.277152 -0.060000
v 6.396759 0.277152 0.060000
v 6.450639 0.303939 0.000000
v 6.407106 0.262362 -0.060000
v 6.451342 0.303072 0.000000
v 6.407106 0.262362 0.060000
v 6.422415 0.249178 -0.060000
v 6.457299 0.298058 0.000000
v 6.422415 0.249178 0.060000
v 6.557093 0.181446 -0.060000
v 6.590923 0.231058 0.000000
v 6.557093 0.181446 0.060000
v 6.580220 0.162421 -0.060000
v 6.623417 0.204227 0.000000
v 6.580220 0.162421 0.060000
v 6.597080 0.139560 -0.060000
v 6.650393 0.167504 0.000000
v 6.597080 0.139560 0.060000
v 6.602703 0.126362 -0.060000
v 6.659861 0.145281 0.000000
v 6.602703 0.126362 0.060000
v 6.607420 0.095772 -0.060000
v 6.667623 0.095342 0.000000
v 6.607420 0.095772 0.060000
v 6.605982 0.079762 -0.060000
v 6.665243 0.068850 0.000000
v 6.605982 0.079762 0.060000
v 6.601815 0.064971 -0.060000
v 6.658070 0.043385 0.000000
v 6.601815 0.064971 0.060000
v 6.586169 0.039178 -0.060000
v 6.631772 -0.000103 -0.000000
v 6.586169 0.039178 0.060000
v 6.562230 0.018658 -0.060000
v 6.594996 -0.031746 -0.000000
v 6.562230 0.018658 0.060000
v 6.531748 0.003675 -0.060000
v 6.552450 -0.052721 -0.000000
v 6.531748 0.003675 0.060000
v 6.458153 -0.008628 -0.060000
v 6.458854 -0.068649 -0.000000
v 6.458153 -0.008628 0.060000
v 6.375323 0.003515 -0.060000
v 6.357258 -0.053720 -0.000000
v 6.375323 0.003515 0.060000
v 6.336497 0.020708 -0.060000
v 6.270653 -0.011137 -0.000000
v 6.336497 0.020708 0.060000
v 6.352890 0.123382 -0.060000
v 6.301710 0.183382 0.000000
v 6.352890 0.123382 0.060000
v 6.368421 0.123382 -0.060000
v 6.415475 0.183382 0.000000
v 6.368421 0.123382 0.060000
v 6.391717 0.028473 -0.060000
v 6.402669 0.038330 -0.047014
v 6.442320 0.074014 0.000000
v 6.402669 0.038330 0.047014
v 6.391717 0.028473 0.060000
v 6.402153 0.038516 -0.047014
v 6.417346 0.083014 0.000000
v 6.402153 0.038516 0.047014
v 6.416579 0.020899 -0.060000
v 6.430128 0.079358 0.000000
v 6.416579 0.020899 0.060000
v 6.467644 0.015531 -0.060000
v 6.466742 0.075544 0.000000
v 6.467644 0.015531 0.060000
v 6.495174 0.017843 -0.060000
v 6.484586 0.076972 0.000000
v 6.495174 0.017843 0.060000
v 6.518774 0.024542 -0.060000
v 6.495973 0.080151 0.000000
v 6.518774 0.024542 0.060000
v 6.537964 0.035267 -0.060000
v 6.501809 0.083334 0.000000
v 6.537964 0.035267 0.060000
v 6.552264 0.049660 -0.060000
v 6.503534 0.084984 0.000000
v 6.552264 0.049660 0.060000
v 6.557431 0.058119 -0.060000
v 6.503697 0.085252 0.000000
v 6.557431 0.058119 0.060000
v 6.563498 0.077337 -0.060000
v 6.503996 0.086326 0.000000
v 6.563498 0.077337 0.060000
v 6.563548 0.098670 -0.060000
v 6.504005 0.089949 0.000000
v 6.563548 0.098670 0.060000
v 6.503959 0.090153 0.000000
v 6.557768 0.117059 -0.060000
v 6.504209 0.089545 0.000000
v 6.557768 0.117059 0.060000
v 6.552776 0.125044 -0.060000
v 6.504364 0.089297 0.000000
v 6.552776 0.125044 0.060000
v 6.538719 0.139236 -0.060000
v 6.501195 0.092313 0.000000
v 6.538719 0.139236 0.060000
v 6.393520 0.213866 -0.060000
v 6.359100 0.164659 0.000000
v 6.393520 0.213866 0.060000
v 6.372530 0.231597 -0.060000
v 6.328710 0.190440 0.000000
v 6.372530 0.231597 0.060000
v 6.357568 0.252588 -0.060000
v 6.303815 0.225508 0.000000
v 6.357568 0.252588 0.060000
v 6.349616 0.277894 -0.060000
v 6.290097 0.269008 0.000000
v 6.349616 0.277894 0.060000
vn -0.1835 -0.9830 -0.0000
vn -0.1335 -0.6942 0.7073
vn 0.0163 -0.7071 0.7069
vn -0.6710 -0.2229 -0.7072
vn -0.2079 0.9781 0.0116
vn 0.6286 0.3248 0.7067
vn -0.3909 -0.5897 -0.7067
vn -0.5548 -0.8320 -0.0000
vn -0.5199 -0.4780 -0.7080
vn -0.0000 -0.0000 1.0000
vn -0.9134 -0.4071 -0.0000
vn -0.5205 -0.4762 0.7087
vn -0.6652 -0.2893 0.6884
vn 0.4382 0.5503 -0.7108
vn 0.2865 0.6448 -0.7086
vn 0.4397 0.5506 -0.7096
vn 0.8401 -0.5425 -0.0000
vn 0.5685 -0.8210 0.0526
vn 0.3583 0.5275 -0.7703
vn 0.9667 -0.2555 -0.0151
vn 0.3393 0.6215 -0.7061
vn 0.9045 -0.4261 -0.0188
vn -0.3383 -0.6193 0.7085
vn -0.1783 -0.9840 -0.0000
vn -0.1196 -0.6955 0.7085
vn 0.5538 0.3285 0.7651
vn 0.9957 0.0928 -0.0000
vn 0.8739 0.4861 -0.0000
vn 0.3464 0.6152 -0.7082
vn 0.2497 0.9683 -0.0000
vn 0.4950 0.8689 -0.0000
vn -0.6169 -0.3445 -0.7077
vn 0.6472 0.2892 0.7053
vn -0.8606 -0.5093 0.0044
vn -0.5467 0.8374 -0.0000
vn -0.4067 0.5779 0.7076
vn -0.2859 0.6672 0.6878
vn 0.3299 -0.9440 -0.0000
vn 0.0649 -0.7036 0.7076
vn 0.0933 -0.9956 -0.0000
vn 0.0108 -0.9999 -0.0000
vn 0.2150 -0.6731 -0.7076
vn 0.3102 -0.9507 -0.0000
vn 0.2727 0.6516 0.7079
vn 0.6103 0.7921 -0.0000
vn 0.3862 0.9224 -0.0000
vn 0.2532 0.3068 0.9175
vn 0.5244 0.4734 0.7077
vn 0.3618 0.6066 0.7079
vn 0.4307 0.5584 -0.7090
vn 0.5456 0.4454 -0.7099
vn -0.5938 -0.4031 0.6963
vn 0.5937 -0.8047 -0.0000
vn 0.8730 0.3004 -0.3841
vn -0.3079 0.6280 -0.7147
vn -0.4549 -0.8905 -0.0034
vn 0.6061 -0.2943 0.7389
vn 0.7076 0.0023 0.7066
vn -0.7061 -0.0117 -0.7080
vn -0.9663 -0.2574 -0.0000
vn -0.9999 -0.0135 -0.0000
vn 0.7757 0.6311 -0.0000
vn 0.4104 -0.3886 0.8249
vn 0.7012 -0.7129 -0.0000
vn -0.1952 -0.6796 0.7071
vn -0.2920 -0.9564 -0.0000
vn -0.3766 0.5990 0.7067
vn -0.8623 -0.5064 -0.0000
vn 0.6471 0.2901 -0.7051
vn -0.6168 -0.3448 0.7076
vn 0.4641 -0.5311 -0.7089
vn -0.7365 -0.6765 -0.0000
vn -0.8861 0.4634 0.0080
vn -0.3517 -0.6131 -0.7074
vn 0.3824 0.5942 0.7076
vn -0.4317 0.8297 -0.3538
vn 0.8585 -0.1854 -0.4782
vn 0.6909 0.1492 0.7073
vn 0.6347 0.3106 0.7076
vn 0.7181 -0.6959 -0.0000
vn -0.4082 -0.4083 0.8165
vn -0.7882 0.6155 -0.0000
vn -0.7071 -0.7071 -0.0000
vn -0.9557 0.0734 0.2849
vn -0.6979 0.1081 0.7080
vn -0.6981 -0.1060 0.7081
vn -0.3847 -0.9230 0.0046
vn -0.6447 0.2896 -0.7075
vn -0.2360 0.3616 -0.9020
vn -0.6045 -0.3649 -0.7081
vn -0.6825 -0.1817 -0.7079
vn 0.7992 -0.6011 -0.0000
vn 0.5791 -0.3684 0.7273
vn 0.5779 -0.4069 0.7075
vn 0.5505 -0.4441 -0.7069
vn -0.9767 0.2136 -0.0228
vn -0.8860 -0.4637 -0.0000
vn -0.7921 -0.6103 -0.0000
vn -0.6516 -0.2726 0.7079
vn -0.9224 -0.3862 -0.0000
vn 0.3464 0.6152 0.7082
vn -0.1246 0.4632 -0.8774
vn -0.3457 0.6176 -0.7064
vn -0.1390 0.5745 -0.8066
vn -0.4214 0.8358 -0.3520
vn -0.0059 0.0254 -0.9997
vn 0.7844 -0.5108 -0.3519
vn 0.3932 -0.4601 -0.7961
vn -0.6245 -0.7810 -0.0000
vn -0.3844 -0.4807 -0.7881
vn 0.9539 0.3000 -0.0000
vn 0.5954 0.3795 0.7082
vn 0.6708 0.1878 0.7175
vn -0.6584 0.2552 -0.7081
vn -0.8035 0.5953 -0.0000
vn -0.5672 0.4204 -0.7082
vn -0.1375 0.6930 0.7077
vn 0.0206 0.7070 0.7070
vn 0.0242 0.9997 -0.0000
vn -0.7599 0.6501 -0.0000
vn -0.4274 -0.3996 0.8110
vn -0.4597 0.3933 0.7962
vn 0.4265 -0.9045 -0.0000
vn 0.5932 -0.8051 -0.0000
vn 0.4150 -0.5726 -0.7070
vn -0.7029 0.0724 -0.7076
vn -0.9948 0.1021 -0.0000
vn -0.6714 0.2197 -0.7077
vn -0.7067 -0.0312 -0.7068
vn -0.3759 -0.9267 -0.0000
vn -0.9812 -0.1930 -0.0000
vn -0.5678 0.4213 0.7072
vn -0.6506 -0.7594 -0.0000
vn 0.2104 0.9776 -0.0001
vn 0.7922 0.6103 -0.0000
vn 0.6516 0.2726 -0.7079
vn 0.5596 0.4311 -0.7078
vn 0.6909 0.1492 -0.7074
vn 0.9805 0.1967 0.0006
vn 0.7183 -0.6958 -0.0000
vn -0.5152 -0.4819 -0.7088
vn -0.6050 -0.3645 -0.7079
vn -0.4793 0.8777 -0.0016
vn -0.4905 0.3705 0.7888
vn -0.7067 -0.0312 0.7068
vn -0.3758 -0.9267 -0.0000
vn 0.5645 -0.4239 0.7082
vn 0.6440 -0.2877 0.7089
vn 0.9131 -0.4078 -0.0000
vn -0.0000 -0.0000 -1.0000
vn -0.4160 -0.9094 -0.0000
vn -0.1422 -0.6924 0.7074
vn -0.1947 -0.9809 -0.0000
vn -0.6732 -0.7394 -0.0000
vn -0.4753 -0.5222 -0.7081
vn 0.1990 0.6785 -0.7071
vn 0.0206 0.7070 -0.7070
vn 0.6640 0.7477 -0.0000
vn 0.4666 0.5301 0.7080
vn 0.5794 0.4037 0.7081
vn 0.9466 0.3225 0.0036
vn -0.7514 0.6599 -0.0000
vn -0.4608 0.3909 0.7968
vn -0.1483 -0.6950 -0.7035
vn -0.2615 -0.6599 -0.7044
vn -0.1944 -0.9809 -0.0000
vn 0.4733 -0.5248 -0.7075
vn 0.6676 -0.7445 -0.0000
vn -0.1565 0.6895 0.7071
vn -0.4107 -0.3856 -0.8262
vn -0.4608 0.3909 -0.7968
vn -0.9617 0.2737 0.0164
vn 0.7503 0.6611 -0.0000
vn 0.4615 0.3907 -0.7965
vn 0.0245 -0.9997 -0.0000
vn 0.2291 -0.9734 -0.0000
vn 0.1712 -0.6876 -0.7056
vn 0.6366 0.3025 0.7094
vn 0.3358 0.2086 0.9185
vn 0.4864 0.7202 -0.4947
vn 0.6124 0.3513 -0.7082
vn 0.8696 0.4938 -0.0000
vn 0.6795 0.1921 -0.7081
vn -0.4684 0.8835 -0.0096
vn -0.6244 -0.3248 0.7104
vn -0.4969 -0.4949 0.7129
vn -0.1756 -0.6838 -0.7082
vn -0.0200 -0.9998 -0.0000
vn -0.2492 -0.9684 -0.0000
vn 0.0649 -0.7036 -0.7076
vn -0.4836 -0.5148 -0.7079
vn -0.3541 -0.6111 -0.7079
vn -0.5049 -0.8632 -0.0000
vn -0.6654 0.7234 -0.1845
vn 0.5349 0.4603 -0.7086
vn -0.8768 -0.2177 -0.4288
vn -0.0963 0.6999 -0.7078
vn 0.1332 0.9911 -0.0000
vn 0.0947 0.7006 -0.7072
vn 0.4107 -0.3856 0.8262
vn 0.7007 -0.7134 -0.0000
vn 0.0627 -0.7039 0.7075
vn -0.1076 -0.6980 0.7079
vn 0.0900 -0.9959 -0.0000
vn -0.8933 0.4494 0.0026
vn -0.2316 -0.9728 -0.0000
vn -0.8547 0.5191 -0.0000
vn 0.9045 -0.4261 0.0184
vn 0.3395 0.6208 0.7066
vn 0.9652 -0.2606 0.0199
vn -0.6824 0.7310 -0.0000
vn -0.8933 0.4495 -0.0026
vn -0.4197 -0.9077 -0.0000
vn -0.5369 -0.8436 -0.0000
vn 0.0070 -0.7069 -0.7073
vn -0.9619 0.2728 -0.0155
vn -0.3518 -0.6129 -0.7076
vn -0.8867 0.4623 0.0093
vn 0.4846 -0.3812 -0.7873
vn -0.7445 -0.6676 -0.0000
vn 0.2501 -0.6613 -0.7072
vn 0.9046 -0.4259 0.0182
vn 0.3395 0.6210 0.7065
vn 0.9655 -0.2597 0.0191
vn -0.2097 0.9775 -0.0245
vn -0.2767 0.9608 -0.0184
vn -0.9963 0.0865 -0.0000
vn -0.9082 0.4185 0.0104
vn 0.2389 0.6613 -0.7110
vn 0.4382 0.5503 -0.7107
vn -0.9085 0.4178 -0.0040
vn -0.0339 0.9617 -0.2720
vn 0.4746 0.3884 0.7899
vn -0.7061 -0.0117 0.7080
vn 0.6914 0.1548 -0.7057
vn 0.6725 0.2187 -0.7070
vn 0.6554 0.2790 -0.7019
vn 0.9045 -0.4261 0.0173
vn 0.3395 0.6208 0.7067
vn 0.9650 -0.2614 0.0206
vn 0.4904 0.5079 -0.7082
vn 0.8619 0.5071 -0.0000
vn 0.6085 0.3579 -0.7083
vn -0.1890 -0.6802 0.7082
vn 0.0127 -0.9999 -0.0000
vn 0.0118 -0.7067 0.7074
vn -0.3015 -0.6383 -0.7083
vn -0.6762 -0.7367 -0.0000
vn -0.4774 -0.5202 -0.7082
vn -0.6103 0.7922 -0.0000
vn -0.2727 0.6516 -0.7079
vn -0.4311 0.5595 -0.7079
vn -0.5205 -0.4762 -0.7087
vn -0.4798 -0.8774 -0.0000
vn -0.7373 -0.6756 -0.0000
vn 0.7008 0.1015 0.7061
vn 0.6711 0.2298 0.7049
vn 0.6867 0.1773 0.7050
vn -0.6756 -0.7372 -0.0000
vn -0.5958 -0.3789 -0.7081
vn -0.8489 -0.5285 -0.0000
vn 0.3583 0.5275 0.7703
vn -0.5619 0.8272 -0.0000
vn -0.3577 0.5277 0.7705
vn 0.2985 0.9544 -0.0000
vn 0.5530 0.3023 0.7764
vn 0.8929 0.4502 -0.0000
vn -0.4019 -0.9156 -0.0113
vn -0.3385 -0.9409 0.0124
vn 0.8029 -0.5961 -0.0000
vn 0.5677 -0.8233 -0.0000
vn 0.2636 -0.6553 0.7079
vn 0.3983 -0.5834 0.7079
vn 0.7417 0.6708 -0.0000
vn -0.5152 -0.4819 0.7088
vn -0.3988 -0.5832 0.7077
vn 0.4082 0.4083 -0.8165
vn 0.6935 0.7205 -0.0000
vn 0.3952 0.4106 -0.8217
vn -0.9617 0.2737 -0.0164
vn -0.3518 -0.6128 -0.7076
vn -0.8863 0.4631 0.0083
vn -0.1951 0.9808 -0.0000
vn -0.6341 -0.3128 0.7071
vn -0.9504 0.3111 -0.0000
vn -0.5980 0.3758 -0.7079
vn -0.3929 0.4607 0.7959
vn -0.8906 -0.4548 -0.0000
vn -0.5503 -0.3035 0.7778
vn -0.4730 0.5243 -0.7081
vn -0.8467 0.5320 -0.0000
vn -0.6700 0.7424 -0.0000
vn 0.0332 -0.9994 -0.0000
vn 0.0201 -0.7070 0.7070
vn 0.2686 -0.9632 -0.0000
vn -0.1512 0.9885 -0.0000
vn 0.2663 0.5375 -0.8001
vn -0.0887 0.7026 -0.7060
vn -0.5152 -0.4820 -0.7087
vn -0.6050 -0.3644 -0.7080
vn -0.4786 0.8780 -0.0022
vn 0.5518 0.3305 0.7657
vn 0.9976 0.0699 -0.0000
vn 0.8724 0.4888 -0.0000
vn -0.6103 -0.7921 -0.0000
vn -0.2727 -0.6516 -0.7079
vn -0.3862 -0.9224 -0.0000
vn -0.3384 -0.9409 -0.0125
vn -0.6995 0.1082 -0.7064
vn -0.4035 -0.9149 0.0131
vn 0.4311 0.5596 0.7078
vn 0.5596 0.4311 0.7078
vn -0.6319 -0.3142 0.7085
vn -0.9888 -0.1491 -0.0000
vn -0.8953 -0.4455 -0.0000
vn -0.2396 -0.6655 -0.7069
vn -0.3638 0.6060 -0.7074
vn 0.9507 0.3100 -0.0000
vn -0.5157 0.8567 -0.0000
vn 0.4861 0.5122 0.7081
vn 0.3304 0.6233 0.7088
vn -0.8950 0.4457 -0.0157
vn -0.9968 -0.0805 -0.0000
vn -0.9805 -0.1963 -0.0000
vn -0.9767 0.2136 0.0228
vn -0.4859 -0.5120 -0.7083
vn 0.5685 -0.8210 -0.0525
vn -0.1940 0.9810 -0.0000
vn -0.7415 0.6710 -0.0000
vn -0.4681 0.3901 0.7929
vn -0.3492 -0.6134 0.7084
vn -0.1756 -0.6838 0.7082
vn -0.4107 -0.3856 0.8262
vn -0.7007 -0.7134 -0.0000
vn 0.4277 0.9039 -0.0000
vn 0.1310 0.6947 0.7073
vn 0.1806 0.9836 -0.0000
vn -0.6780 0.7350 -0.0000
vn -0.7267 -0.6867 0.0168
vn -0.5796 0.4630 -0.6706
vn 0.2806 0.9598 -0.0000
vn -0.6516 0.2727 -0.7079
vn -0.7921 0.6103 -0.0000
vn -0.5596 0.4311 -0.7078
vn -0.9618 0.2732 0.0159
vn -0.5175 -0.4208 -0.7450
vn -0.8874 0.4611 -0.0000
vn 0.6741 0.7386 -0.0000
vn 0.2919 0.6429 0.7082
vn 0.4120 0.9112 -0.0000
vn -0.4968 -0.4949 -0.7129
vn -0.6244 -0.3248 -0.7104
vn -0.4684 0.8835 0.0096
vn -0.4106 -0.3915 -0.8235
vn 0.4104 -0.3886 -0.8249
vn 0.9948 0.1014 -0.0000
vn 0.7076 0.0023 -0.7066
vn 0.4097 0.9122 -0.0004
vn 0.1670 -0.6871 0.7071
vn 0.2327 -0.9725 -0.0000
vn 0.0157 -0.9999 -0.0000
vn -0.7686 0.6397 -0.0000
vn -0.4804 0.3842 -0.7884
vn 0.9655 -0.2597 -0.0191
vn 0.3395 0.6210 -0.7065
vn 0.9046 -0.4259 -0.0182
vn 0.0201 -0.7070 -0.7070
vn 0.0004 -0.0000 1.0000
vn -0.3634 -0.4138 -0.8347
vn 0.7514 -0.6598 -0.0000
vn 0.9365 -0.3507 -0.0000
vn 0.8788 -0.4772 -0.0000
vn 0.8056 0.5827 0.1069
vn 0.7432 -0.6690 0.0035
vn 0.8277 0.5553 -0.0806
vn 0.7206 0.0396 0.6922
vn 0.6869 0.1746 0.7055
vn -0.0296 -0.9995 0.0119
vn -0.7077 -0.0007 -0.7065
vn -0.1719 -0.9851 -0.0002
vn 0.5683 0.3033 0.7649
vn 0.3507 -0.9365 -0.0001
vn 0.8877 0.4604 -0.0000
vn -0.6930 -0.1391 0.7074
vn -0.3637 -0.5235 -0.7705
vn 0.5823 -0.8130 -0.0000
vn 0.3630 -0.5232 -0.7710
vn -0.5924 0.7387 -0.3216
vn 0.3358 0.2086 -0.9185
vn 0.6366 0.3025 -0.7094
vn -0.8350 0.5503 -0.0000
vn -0.4600 0.5358 0.7081
vn -0.6515 0.7586 -0.0000
vn 0.0446 -0.7061 -0.7067
vn 0.0589 -0.9983 -0.0000
vn -0.2360 0.3616 0.9020
vn -0.2447 0.6250 0.7412
vn -0.3458 0.6172 0.7067
vn 0.3447 0.6161 0.7082
vn 0.6890 0.7248 -0.0000
vn 0.4927 0.8702 -0.0000
vn -1.0000 0.0012 -0.0000
vn -0.9962 0.0866 -0.0000
vn 0.6547 0.2577 -0.7106
vn 0.6392 0.2957 -0.7099
vn 0.5202 0.4741 0.7104
vn -0.5618 -0.4206 -0.7124
vn 0.1996 -0.9797 -0.0192
vn 0.5456 0.4454 0.7099
vn 0.6547 0.2577 0.7106
vn 0.6392 0.2957 0.7099
vn -0.3264 0.6268 0.7075
vn -0.2455 0.6631 0.7071
vn -0.1975 0.6791 0.7069
vn 0.1126 -0.6979 0.7073
vn -0.0141 -0.7066 0.7074
vn 0.1578 -0.9875 -0.0000
vn 0.3534 0.4152 0.8383
vn 0.8432 0.5376 -0.0000
vn 0.4778 0.5201 0.7080
vn 0.1286 0.9917 -0.0000
vn -0.0795 0.7025 -0.7073
vn 0.0916 0.7005 -0.7077
vn -0.7007 0.0874 -0.7081
vn -0.9954 0.0960 -0.0000
vn -0.2597 0.9657 -0.0060
vn 0.5683 0.3033 -0.7649
vn 0.7067 -0.0280 -0.7070
vn -0.3103 0.9507 -0.0000
vn -0.1089 0.9940 -0.0000
vn -0.0795 0.7025 0.7073
vn 0.4107 -0.3922 -0.8231
vn 0.7643 0.6449 -0.0000
vn 0.7042 -0.7100 -0.0000
vn -0.4259 -0.9047 -0.0000
vn -0.1112 -0.6975 0.7079
vn -0.1538 -0.9881 -0.0000
vn 0.4216 0.9068 -0.0000
vn 0.4508 0.5435 0.7081
vn 0.3022 0.6381 0.7081
vn -0.5701 -0.3258 0.7542
vn -0.5921 0.3045 0.7461
vn -0.6131 -0.2871 0.7360
vn -0.2556 0.6490 -0.7166
vn -0.2925 0.6434 -0.7074
vn -0.4936 0.3755 -0.7844
vn 0.4904 0.5079 0.7082
vn 0.6085 0.3579 0.7083
vn -0.5390 0.4560 -0.7083
vn -0.7635 0.6458 -0.0000
vn -0.4104 -0.3882 -0.8251
vn -0.7790 0.6270 -0.0000
vn -0.9912 0.1324 -0.0000
vn -0.7001 -0.0934 0.7079
vn -0.7001 0.0934 0.7079
vn 0.6262 0.7797 -0.0001
vn -0.1885 0.6765 0.7119
vn -0.0517 0.9924 0.1117
vn 0.2788 0.9603 -0.0000
vn 0.0188 0.9998 -0.0000
vn -0.2925 0.6434 0.7074
vn -0.4653 0.5313 0.7080
vn -0.2452 0.3300 0.9116
vn -0.4968 0.4746 0.7266
vn 0.6446 -0.7645 -0.0000
vn -0.2556 0.6490 0.7166
vn 0.6431 0.7658 -0.0000
vn 0.5795 0.4040 0.7078
vn -0.0232 -0.9997 -0.0000
vn -0.5781 0.0145 0.8158
vn -1.0000 -0.0019 -0.0000
vn 0.6867 0.1774 -0.7049
vn 0.7015 0.0966 -0.7061
vn 0.3235 -0.9462 -0.0066
vn 0.4219 0.4030 0.8121
vn 0.7518 -0.6594 -0.0000
vn 0.7120 0.7021 -0.0000
vn 0.5623 0.8269 -0.0000
vn -0.6610 0.2511 -0.7072
vn -0.5877 0.3924 -0.7075
vn -0.8344 0.5512 -0.0000
vn -0.8270 0.5621 -0.0000
vn 0.4057 0.2773 -0.8709
vn 0.8256 0.5642 -0.0000
vn 0.4057 0.2773 0.8709
vn 0.0026 -1.0000 -0.0000
vn -0.4052 0.2755 0.8717
vn 0.0009 -0.3434 0.9392
vn -0.6168 -0.3447 -0.7076
vn 0.6471 0.2897 0.7052
vn -0.8605 -0.5094 0.0044
vn -0.6167 -0.3451 -0.7075
vn 0.6471 0.2908 0.7048
vn -0.8861 0.4635 -0.0077
vn -0.6684 0.7211 -0.1821
vn -0.5597 0.7928 -0.2413
vn -0.3518 -0.6128 0.7076
vn -0.9617 0.2735 0.0162
vn -0.8862 0.4633 -0.0080
vn -0.9617 0.2735 -0.0162
vn -0.8861 0.4635 0.0077
vn -0.9618 0.2732 -0.0159
vn 0.4615 0.3907 0.7965
vn 0.2130 0.6745 -0.7069
vn -0.9619 0.2728 0.0155
vn -0.9047 -0.4260 -0.0074
vn -0.6836 -0.7298 -0.0000
vn 0.7701 -0.6380 -0.0000
vn 0.4107 -0.3856 -0.8262
vn 0.7023 0.0801 0.7074
vn 0.3001 -0.9537 -0.0210
vn 0.9952 0.0975 -0.0000
vn 0.3453 0.6139 0.7099
vn 0.9764 -0.2158 0.0096
vn -0.1613 -0.6876 -0.7079
vn 0.6027 -0.3001 -0.7394
vn -0.4680 -0.8837 0.0047
vn 0.4254 -0.9050 0.0065
vn 0.7001 0.0783 -0.7097
vn -0.9951 -0.0985 -0.0000
vn -0.7032 -0.0694 -0.7076
vn -0.6711 -0.2205 -0.7078
vn 0.8844 0.2737 0.3782
vn 0.7854 -0.6191 -0.0000
vn 0.9404 -0.3399 -0.0109
vn -0.7402 -0.6723 -0.0000
vn -0.6654 0.7234 0.1845
vn -0.7292 0.6835 -0.0320
vn 0.5349 0.4603 0.7086
vn -0.4106 -0.3915 0.8235
vn -0.4804 0.3842 0.7884
vn 0.9466 0.3224 -0.0036
vn -0.6627 0.1983 -0.7221
vn -0.2903 -0.4195 -0.8601
vn -0.6566 0.2199 -0.7215
vn -0.6839 -0.1803 0.7069
vn -0.1975 0.6791 -0.7069
vn -0.2455 0.6632 -0.7071
vn -0.1390 0.5748 -0.8064
vn -0.1975 0.6792 -0.7069
vn -0.2456 0.6629 -0.7073
vn -0.1370 0.5721 -0.8087
vn -0.2456 0.6628 0.7073
vn -0.1975 0.6792 0.7069
vn -0.1368 0.5725 0.8084
vn -0.2455 0.6632 0.7070
vn 0.9466 0.3225 0.0035
vn -0.6452 -0.2792 0.7112
vn -0.7737 -0.6336 -0.0000
vn -0.9045 -0.4264 -0.0000
vn -0.0668 0.9228 0.3794
vn 0.4700 0.0604 0.8806
vn -0.6967 0.1075 -0.7092
vn -0.3630 -0.4139 0.8348
vn -0.1968 -0.3575 0.9129
vn -0.2534 -0.3674 0.8949
vn -0.3457 0.6176 0.7064
vn -0.1243 0.4636 0.8773
vn -0.1389 0.5746 0.8066
vn -0.2767 0.9608 0.0184
vn -0.2097 0.9775 0.0245
vn 0.6284 0.3250 -0.7068
vn -0.2096 0.9775 -0.0242
vn -0.4790 0.8778 0.0020
vn -0.4788 0.8779 0.0021
vn 0.6283 0.3251 -0.7068
vn -0.2096 0.9775 -0.0241
vn 0.7948 -0.6069 -0.0000
vn 0.4355 -0.5605 0.7044
vn 0.6981 -0.1118 -0.7072
vn 0.9119 -0.4104 -0.0000
vn 0.9882 -0.1534 -0.0000
vn 0.9048 -0.4255 0.0177
vn -0.3988 -0.5834 -0.7075
vn -0.4519 -0.3934 0.8006
vn -0.0830 -0.2796 0.9565
vn 0.5505 -0.4441 0.7069
vn -0.3506 -0.1820 0.9187
vn -0.5954 -0.3770 0.7095
vn 0.4089 -0.9086 0.0847
vn 0.8419 0.5396 -0.0000
vn 0.6716 0.2201 0.7075
vn 0.5907 0.3868 0.7081
vn -0.8932 0.4496 0.0027
vn -0.4681 0.3901 -0.7929
vn 0.4372 -0.5363 -0.7220
vn 0.6077 -0.3729 -0.7012
vn 0.8987 -0.4385 -0.0000
vn -0.6516 0.2726 0.7079
vn -0.7922 0.6103 -0.0000
vn -0.9224 0.3862 -0.0000
vn 0.7416 0.6708 -0.0000
vn -0.3988 -0.5833 0.7076
vn -0.2415 -0.6390 -0.7303
vn 0.7180 -0.6960 -0.0000
vn -0.7755 -0.6314 -0.0000
vn -0.4052 0.2755 -0.8717
vn 0.0009 -0.3434 -0.9392
vn 0.1266 -0.9920 -0.0000
vn 0.3622 -0.6068 -0.7075
vn -0.1312 -0.3251 -0.9365
vn 0.3744 0.9273 -0.0001
vn 0.1159 0.9933 -0.0000
vn 0.0992 0.6784 -0.7279
vn -0.2866 0.6453 0.7081
vn -0.1357 0.9908 -0.0000
vn -0.4061 0.9138 -0.0000
vn -0.4600 0.5358 -0.7081
vn -0.5897 0.3887 -0.7080
vn -0.4385 0.5549 -0.7069
vn -0.4173 -0.9088 -0.0000
vn 0.9673 0.2536 -0.0001
vn 0.1585 0.3452 0.9251
vn 0.9039 -0.4272 0.0204
vn 0.3393 0.6215 0.7061
vn 0.9667 -0.2556 0.0152
vn -0.2445 0.6628 -0.7078
vn 0.2865 0.6448 0.7086
vn 0.4381 0.5503 0.7108
vn 0.4397 0.5506 0.7096
vn 0.3106 -0.9505 -0.0000
vn 0.9765 0.2154 -0.0000
vn -0.4968 0.4745 -0.7266
vn 0.9455 -0.0000 0.3257
vn -0.4120 -0.9112 -0.0000
vn -0.9603 -0.2788 -0.0000
vn -0.3247 0.6273 -0.7079
vn -0.4562 0.8899 -0.0000
vn -0.2850 0.6434 -0.7105
vn 0.1239 0.5138 -0.8489
vn 0.1163 0.5667 -0.8157
vn -0.9789 -0.2042 -0.0000
vn -0.6150 -0.3466 0.7083
vn -0.6927 -0.1393 0.7077
vn -0.6584 0.2552 0.7081
vn -0.5672 0.4204 0.7082
vn 0.7008 0.1015 -0.7061
vn 0.3558 -0.9344 -0.0135
vn 0.6867 0.1773 -0.7050
vn -0.6168 -0.3448 -0.7076
vn 0.6470 0.2901 0.7051
vn 0.9404 -0.3398 0.0108
vn -0.7365 -0.6764 -0.0000
vn -0.8864 0.4628 0.0086
vn -0.3518 -0.6127 -0.7076
vn -0.3368 0.6214 -0.7074
vn -0.4776 0.8786 -0.0000
vn -0.8862 0.4632 0.0081
vn -0.9622 0.2720 0.0148
vn 0.4474 0.8943 -0.0000
vn 0.4666 0.5301 -0.7080
vn 0.3158 0.6315 -0.7082
vn -0.0747 -0.9944 0.0747
vn 0.1639 0.9864 0.0096
vn 0.0267 -0.9982 0.0533
vn -0.7009 -0.7132 -0.0000
vn 0.4107 -0.3922 0.8231
vn -0.4104 -0.3882 0.8251
vn 0.2150 -0.6731 0.7076
vn -0.2455 0.6632 0.7071
vn 0.9465 0.3227 0.0034
vn -0.2455 0.6633 0.7070
vn 0.9466 0.3224 0.0036
vn -0.3383 -0.9410 -0.0126
vn -0.4020 -0.9156 0.0114
vn -0.3385 -0.9409 -0.0125
vn 0.7067 0.0051 0.7075
vn 0.6819 0.1836 0.7080
vn 0.4603 0.4769 0.7488
vn -0.9921 -0.1251 -0.0000
vn 0.9654 -0.2601 0.0193
vn -0.1387 0.5745 0.8067
vn 0.8862 0.2633 0.3812
vn 0.5963 -0.8028 -0.0000
vn -0.1249 0.4636 -0.8772
vn -0.4019 -0.9156 0.0113
vn -0.7004 0.0893 -0.7081
vn 0.8862 0.2630 0.3815
vn -0.6930 0.1323 -0.7087
vn 0.5481 -0.2108 -0.8095
vn 0.4165 0.9091 -0.0000
vn 0.9394 -0.3429 -0.0000
vn -0.4255 -0.5631 -0.7084
vn -0.3570 -0.9341 -0.0000
vn -0.6079 -0.7940 -0.0000
vn -0.1341 -0.6941 -0.7073
vn -0.4358 -0.9001 -0.0000
vn -0.1845 -0.9828 -0.0000
vn -0.5958 -0.3789 0.7081
vn -0.4815 -0.5163 0.7082
vn -0.4940 -0.5052 -0.7076
vn -0.7271 -0.6865 -0.0000
vn -0.5965 -0.8026 -0.0000
vn 0.0930 -0.7002 0.7078
vn -0.4355 -0.9002 -0.0000
vn -0.1335 -0.6942 -0.7073
vn -0.3121 -0.6334 -0.7081
vn 0.2532 0.3068 -0.9175
vn 0.2958 0.2651 -0.9177
vn 0.5633 0.4036 -0.7210
vn -0.7314 0.6811 0.0338
vn 0.6460 0.2873 -0.7073
vn 0.6711 0.2298 -0.7048
vn -0.5152 -0.4818 -0.7088
vn -0.6050 -0.3642 -0.7080
vn -0.4826 0.8758 -0.0011
vn -0.3247 0.6273 0.7079
vn -0.1738 0.6845 0.7080
vn -0.4639 0.5337 0.7071
vn -0.4639 0.5337 -0.7071
vn -0.8861 -0.4635 -0.0002
vn -0.7001 -0.0934 -0.7079
vn -0.9912 -0.1323 -0.0000
vn 0.3622 -0.6068 0.7075
vn 0.2330 -0.6670 0.7077
vn 0.5125 -0.8587 -0.0000
vn 0.6516 -0.2727 -0.7079
vn 0.7921 -0.6103 -0.0000
vn 0.5596 -0.4311 -0.7078
vn -0.2727 0.6516 0.7079
vn -0.3862 0.9224 -0.0000
vn 0.4311 0.5596 -0.7078
vn 0.7024 0.0821 0.7071
vn 0.6625 0.2461 0.7075
vn 0.9379 0.3469 -0.0000
vn -0.9912 0.1323 -0.0000
vn -0.7001 0.0934 -0.7079
vn 0.0934 0.7001 -0.7079
vn 0.2727 0.6516 -0.7079
vn -0.0209 -0.5884 0.8083
vn 0.4883 0.5114 -0.7071
vn -0.8529 -0.5220 -0.0000
vn -0.6024 -0.3687 -0.7080
vn -0.5151 0.8571 -0.0000
vn -0.3543 0.6119 -0.7071
vn 0.6103 -0.7921 -0.0000
vn 0.2727 -0.6516 0.7079
vn 0.3862 -0.9224 -0.0000
vn 0.7921 0.6103 -0.0000
vn 0.6516 -0.2727 0.7079
vn 0.5596 -0.4311 0.7078
vn 0.6516 0.2727 0.7079
vn 0.9224 0.3862 -0.0000
vn -0.0934 -0.7001 0.7079
vn -0.2727 -0.6516 0.7079
vn 0.7001 -0.0934 -0.7079
vn 0.9224 -0.3862 -0.0000
vn -0.6384 -0.3024 0.7078
vn -0.7435 -0.6687 -0.0000
vn -0.9057 -0.4238 -0.0000
vn 0.7001 -0.0934 0.7079
vn -0.4311 0.5596 0.7078
vn -0.5596 0.4311 0.7078
vn 0.5428 -0.4516 0.7081
vn 0.8862 0.2615 -0.3824
vn 0.0934 -0.7001 0.7079
vn 0.1323 -0.9912 -0.0000
vn -0.1323 -0.9912 -0.0000
vn 0.9912 0.1323 -0.0000
vn 0.9912 -0.1323 -0.0000
vn 0.7001 0.0934 -0.7079
vn 0.6795 0.1921 0.7081
vn 0.9995 0.0302 -0.0000
vn 0.9609 0.2769 -0.0000
vn -0.6516 0.2727 0.7079
vn 0.0934 0.7001 0.7079
vn -0.1323 0.9912 -0.0000
vn 0.1323 0.9912 -0.0000
vn -0.2704 0.6529 0.7075
vn -0.5901 0.8073 -0.0000
vn -0.3765 0.9264 -0.0000
vn 0.7015 0.0966 0.7061
vn 0.6711 0.2298 0.7048
vn 0.6867 0.1774 0.7049
vn -0.4479 -0.8941 -0.0000
vn -0.4753 -0.5222 0.7081
vn 0.4385 0.4651 0.7690
vn -0.3390 -0.9408 -0.0000
vn 0.9083 -0.4184 -0.0000
vn -0.7007 0.0874 0.7081
vn -0.3304 -0.9438 0.0116
vn -0.3847 -0.9230 -0.0046
vn -0.7387 -0.6740 0.0030
vn -0.8864 0.4627 0.0087
vn -0.8862 0.4632 -0.0081
vn -0.6669 0.7227 -0.1814
vn -0.4280 -0.1192 0.8959
vn -0.4019 -0.9156 -0.0114
vn -0.3384 -0.9409 0.0125
vn -0.9626 0.2706 -0.0134
vn 0.7503 0.6610 -0.0000
vn -0.7364 -0.6766 -0.0000
vn -0.6319 -0.3141 0.7085
vn -0.7509 0.6604 -0.0000
vn 0.9995 0.0301 -0.0000
vn 0.7058 0.0240 -0.7080
vn -0.3988 -0.5833 -0.7076
vn 0.9466 0.3224 0.0037
vn -0.4222 0.8332 -0.3570
vn 0.3203 0.8703 -0.3741
vn 0.3249 -0.2320 -0.9169
vn -0.6520 -0.2734 -0.7072
vn -0.2455 0.6632 -0.7070
vn -0.3264 0.6268 -0.7075
vn 0.5952 -0.8036 -0.0000
vn -0.4020 -0.9156 -0.0114
vn 0.8862 0.2631 0.3814
vn -0.1249 0.4636 0.8772
vn -0.7004 0.0893 0.7081
vn -0.0934 -0.7001 -0.7079
vn -0.7665 -0.6423 -0.0000
vn -0.4255 -0.5631 0.7084
vn -0.5409 -0.4533 0.7085
vn -0.6930 0.1323 0.7087
vn 0.7067 0.0051 -0.7075
vn 0.9738 -0.2274 -0.0000
vn 0.9987 -0.0511 -0.0000
vn 0.4132 -0.9104 0.0198
vn -0.5561 -0.4329 0.7095
vn 0.5561 0.4328 -0.7095
vn -0.3455 -0.6134 0.7101
vn 0.3454 0.6135 -0.7101
vn -0.1719 -0.9851 0.0002
vn -0.0296 -0.9995 -0.0119
vn 0.6284 0.3249 0.7068
vn -0.7268 -0.6866 -0.0171
vn 0.3858 -0.5900 -0.7093
vn -0.9047 -0.4260 0.0074
vn 0.4073 0.0108 0.9132
vn 0.9654 -0.2601 -0.0194
vn 0.3395 0.6209 -0.7066
vn 0.9404 -0.3398 -0.0108
vn 0.9652 -0.2606 -0.0199
vn 0.0993 0.6784 -0.7279
vn -0.1728 0.6851 0.7076
vn 0.0387 0.9993 -0.0000
vn -0.2449 0.9696 -0.0000
vn 0.4106 0.3915 -0.8235
vn 0.4788 -0.3829 -0.7900
vn 0.5538 0.3285 -0.7651
vn 0.5920 -0.3822 -0.7095
vn 0.4703 -0.5258 -0.7088
vn -0.6103 0.7921 -0.0000
vn 0.3891 -0.5895 0.7079
vn 0.5511 -0.8345 -0.0000
vn -0.1388 0.5743 -0.8068
vn -0.2455 0.6633 0.7069
vn 0.9465 0.3226 0.0034
vn -0.6974 0.1085 0.7085
vn -0.3942 0.0048 0.9190
vn 0.4107 -0.3857 0.8261
vn 0.9951 0.0984 -0.0000
vn -0.0934 0.7001 -0.7079
vn 0.4311 -0.5596 0.7078
vn 0.3249 -0.2320 0.9168
vn -0.5409 -0.8324 0.1202
vn 0.3068 0.8716 0.3824
vn -0.7435 -0.6688 -0.0000
vn -0.6385 -0.3024 0.7078
vn -0.5242 -0.4729 0.7082
vn -0.6050 -0.3644 0.7080
vn 0.2663 0.5375 0.8001
vn 0.5205 0.4768 -0.7083
vn -0.5921 0.3045 -0.7461
vn -0.7436 -0.6687 -0.0000
vn -0.5701 -0.3258 -0.7542
vn -0.2096 0.9775 -0.0246
vn -0.9962 0.0871 -0.0000
vn -0.7003 0.0868 0.7086
vn -0.4792 0.8777 0.0017
vn 0.6284 0.3249 -0.7068
vn 0.0561 0.5911 0.8046
vn -0.3543 0.6119 0.7071
vn -0.5153 -0.4815 -0.7090
vn -0.6050 -0.3643 -0.7080
vn -0.4828 0.8757 -0.0006
vn -0.2096 0.9775 0.0241
vn 0.6283 0.3251 0.7068
vn -0.2086 0.9777 0.0232
vn -0.0938 -0.9956 -0.0000
vn -0.5902 0.8073 -0.0000
vn -0.2704 0.6529 -0.7075
vn -0.0804 -0.9967 0.0118
vn -0.6906 -0.1374 0.7101
vn 0.1996 -0.9797 0.0193
vn -0.4519 -0.3934 -0.8006
vn 0.3816 0.4866 -0.7859
vn 0.6171 0.7869 -0.0000
vn 0.9083 -0.4183 -0.0000
vn 0.3233 -0.9463 -0.0066
vn 0.2754 -0.6518 -0.7067
vn -0.3876 -0.9218 -0.0000
vn 0.7067 -0.0254 0.7070
vn 0.1381 0.3286 0.9343
vn -0.1565 0.6896 -0.7071
vn 0.3822 -0.5941 0.7078
vn 0.8131 -0.5821 -0.0000
vn 0.5197 -0.8543 -0.0000
vn -0.5326 -0.8390 -0.1114
vn -0.5954 -0.3769 -0.7095
vn 0.6040 0.3674 0.7073
vn 0.2795 0.8296 -0.4834
vn 0.1229 0.9924 -0.0000
vn -0.0887 0.7026 0.7060
vn 0.4385 0.4651 -0.7690
vn 0.4823 0.4524 -0.7501
vn -0.6923 -0.1367 -0.7085
vn -0.6966 -0.7174 -0.0000
vn -0.4059 -0.4106 -0.8165
vn -0.4107 0.3914 -0.8235
vn -0.7674 -0.6412 -0.0000
vn -0.7038 0.7104 -0.0000
vn -0.2231 0.6702 0.7078
vn -0.0281 0.9996 -0.0000
vn -0.3167 0.9485 -0.0000
vn 0.1749 0.6847 0.7076
vn 0.3229 0.6286 0.7075
vn 0.2479 0.9688 -0.0000
vn 0.3858 -0.5900 0.7093
vn 0.2754 -0.6518 0.7067
vn -0.4727 -0.8812 -0.0001
vn -0.4090 -0.5710 -0.7118
vn -0.2385 -0.6583 -0.7140
vn 0.1105 0.9938 0.0107
vn 0.6826 0.1728 0.7101
vn -0.2238 0.9740 -0.0364
vn 0.5530 0.3022 0.7764
vn 0.1990 0.6785 0.7071
vn 0.6341 0.3128 0.7071
vn 0.4475 -0.5475 -0.7071
vn 0.5569 -0.8286 -0.0577
vn -0.7927 -0.6096 -0.0015
vn 0.7048 0.1567 0.6918
vn -0.4002 0.9164 -0.0000
vn -0.1223 0.6962 -0.7073
vn -0.1713 0.9852 -0.0000
vn 0.0182 0.9998 -0.0000
vn 0.0129 0.7066 -0.7075
vn -0.4295 0.5607 -0.7079
vn -0.3992 0.9169 -0.0000
vn -0.2818 0.6478 -0.7077
vn -0.6736 -0.2140 0.7074
vn 0.2668 0.2824 0.9215
vn 0.6268 0.7792 -0.0000
vn 0.9153 -0.4023 0.0173
vn 0.6596 0.2517 -0.7082
vn 0.8610 0.5086 -0.0000
vn 0.4890 0.5092 -0.7082
vn -0.4940 -0.5052 0.7076
vn -0.8579 -0.5139 -0.0000
vn -0.8736 0.4867 -0.0000
vn -0.6038 0.3686 -0.7068
vn -0.7131 -0.7011 -0.0000
vn -0.0971 -0.9953 -0.0000
vn 0.9767 -0.2146 -0.0085
vn 0.3671 -0.6088 0.7033
vn 0.4830 -0.8756 -0.0000
vn 0.3395 0.6208 -0.7066
vn -0.5219 -0.4530 0.7228
vn -0.8905 -0.4550 -0.0000
vn -0.6168 -0.3472 0.7064
vn 0.8862 0.2602 -0.3835
vn 0.3884 -0.5900 0.7078
vn -0.3518 -0.6129 0.7076
vn -0.8867 0.4623 -0.0093
vn -0.7551 -0.6556 -0.0000
vn -0.6013 0.7987 -0.0230
vn -0.6979 0.1081 -0.7080
vn -0.9908 0.1352 -0.0000
vn 0.0992 0.6784 0.7279
vn 0.4355 -0.5605 -0.7044
vn 0.7948 -0.6068 -0.0000
vn 0.5645 -0.4239 -0.7082
vn -0.4198 -0.9076 -0.0000
vn -0.5370 -0.8436 -0.0000
vn -0.7036 -0.0658 0.7076
vn -0.7024 0.0768 0.7076
vn -0.9941 0.1082 -0.0000
vn -0.5878 -0.8090 -0.0000
vn -0.4509 -0.8926 -0.0000
vn 0.6516 -0.2726 0.7079
vn -0.9622 0.2720 -0.0148
vn -0.3518 -0.6129 -0.7075
vn -0.8861 0.4633 0.0081
vn -0.5685 0.7890 -0.2329
vn 0.6314 0.3207 -0.7060
vn 0.2189 -0.6720 -0.7075
vn 0.5752 -0.8180 -0.0000
vn 0.9939 0.1104 -0.0000
vn -0.2455 0.6631 -0.7071
vn -0.3265 0.6267 -0.7076
vn -0.2455 0.6633 -0.7070
vn -0.1341 -0.6941 0.7073
vn -0.1389 0.5747 0.8065
vn 0.8862 0.2637 0.3809
vn -0.6736 -0.2140 -0.7074
vn -0.4311 -0.5596 0.7078
vn -0.5596 -0.4311 0.7078
vn -0.4227 0.8330 0.3569
vn -0.6729 -0.2162 -0.7074
vn -0.8468 -0.5318 -0.0000
vn -0.5944 -0.3812 -0.7081
vn -0.6741 -0.7386 -0.0000
vn -0.5944 -0.3812 0.7081
vn -0.4802 -0.5175 0.7082
vn -0.3120 -0.6335 0.7080
vn -0.6618 0.7497 -0.0000
vn -0.9115 0.4112 -0.0000
vn -0.3121 -0.6334 0.7081
vn 0.6918 -0.7221 -0.0000
vn -0.9409 0.3387 -0.0000
vn -0.3764 0.4871 -0.7881
vn 0.3884 -0.5903 0.7076
vn 0.6460 0.2873 -0.7072
vn -0.4549 -0.8905 0.0034
vn 0.4103 0.9120 -0.0000
vn 0.5834 0.3997 -0.7070
vn -0.4860 -0.5120 0.7083
vn -0.5213 -0.8534 -0.0001
vn 0.6051 -0.2229 -0.7643
vn 0.4008 -0.5879 -0.7027
vn -0.9526 0.3042 -0.0000
vn 0.4008 -0.5878 0.7027
vn 0.6051 -0.2229 0.7643
vn 0.5873 -0.8093 -0.0000
vn 0.3397 -0.9401 0.0289
vn 0.3520 0.4175 -0.8377
vn -0.7314 0.6819 -0.0000
vn -0.0101 0.7064 -0.7077
vn 0.1757 0.6844 -0.7077
vn -0.4085 -0.9049 -0.1200
vn -0.7077 -0.0007 0.7065
vn -0.7008 0.0871 0.7081
vn -0.9341 0.3571 -0.0000
vn -0.9918 0.1276 -0.0000
vn -0.0916 0.7293 0.6780
vn 0.5832 -0.8123 0.0056
vn 0.9325 0.3611 -0.0069
vn -0.5152 -0.4820 0.7087
vn 0.5386 -0.4562 -0.7084
vn 0.3891 -0.5895 -0.7079
vn -0.4385 0.5549 0.7069
vn -0.3368 0.6214 0.7074
vn -0.7510 -0.6604 -0.0000
vn -0.8863 0.4631 -0.0082
vn -0.6674 0.7222 -0.1816
vn -0.8750 -0.2269 -0.4277
vn -0.7510 0.6604 -0.0000
vn 0.3822 -0.5941 -0.7078
vn 0.5198 -0.4783 -0.7079
vn -0.9746 -0.2240 -0.0000
vn -0.7033 -0.0765 0.7068
vn -0.3605 0.6106 0.7051
vn -0.2706 0.9627 -0.0000
vn -0.1907 0.6801 0.7078
vn -0.5781 0.0145 -0.8158
vn -0.5897 0.8076 -0.0000
vn -0.4103 0.5758 -0.7072
vn -0.9908 0.1355 -0.0000
vn 0.5428 -0.4515 0.7082
vn 0.8863 0.2623 -0.3817
vn 0.7447 0.6674 -0.0000
vn 0.9466 0.3225 -0.0035
vn 0.3824 0.5941 0.7077
vn -0.4320 0.8295 -0.3540
vn 0.2511 0.8336 -0.4920
vn -0.6319 -0.3142 -0.7085
vn -0.4311 -0.5596 -0.7078
vn -0.5596 -0.4311 -0.7078
vn 0.4270 0.3954 -0.8132
vn 0.3884 -0.5904 0.7076
vn 0.3476 -0.6209 0.7026
vn -0.4680 -0.8837 -0.0046
vn 0.4516 -0.8922 -0.0000
vn 0.0934 -0.7001 -0.7079
vn -0.1160 0.4651 -0.8776
vn -0.4018 -0.9156 0.0114
vn -0.7003 0.0868 -0.7086
vn -0.5205 -0.4704 0.7126
vn 0.1063 0.6982 -0.7079
vn 0.1492 0.9888 -0.0000
vn -0.9085 0.4178 0.0040
vn -0.7679 -0.6406 -0.0000
vn 0.3249 -0.2320 0.9169
vn -0.4219 0.8335 0.3568
vn 0.5206 0.4768 -0.7083
vn -0.3454 -0.6136 -0.7101
vn -0.4968 -0.4951 -0.7128
vn 0.7051 0.7091 -0.0000
vn -0.1422 -0.6924 -0.7074
vn -0.3637 -0.5235 0.7705
vn 0.3630 -0.5232 0.7710
vn 0.3542 -0.1947 -0.9147
vn 0.2130 0.6745 0.7069
vn -0.4680 0.5300 0.7072
vn 0.2189 -0.6720 0.7075
vn 0.4000 -0.5829 0.7073
vn 0.7058 0.0240 0.7080
vn 0.6939 -0.1277 0.7086
vn -0.2231 0.6702 -0.7078
vn -0.3987 -0.5835 -0.7075
vn -0.3385 -0.9409 -0.0124
vn -0.6084 0.7937 -0.0000
vn -0.5905 -0.8069 0.0109
vn 0.3526 0.5965 0.7210
vn 0.1757 0.6843 0.7077
vn 0.9404 -0.3398 0.0109
vn -0.8866 0.4624 -0.0091
vn -0.6669 0.7227 -0.1813
vn -0.1111 0.4983 -0.8599
vn 0.3932 -0.4601 0.7961
vn -0.1685 -0.6862 -0.7076
vn -0.4995 -0.8663 -0.0000
vn -0.2332 -0.9724 -0.0000
vn 0.2636 -0.6553 -0.7079
vn 0.3687 -0.9295 -0.0000
vn -0.4905 0.3705 -0.7888
vn 0.6262 0.7797 -0.0000
vn -0.3843 0.2884 -0.8770
vn 0.8842 0.2689 -0.3819
vn -0.2448 0.6247 -0.7415
vn 0.3454 0.6129 -0.7107
vn 0.5522 0.4353 -0.7110
vn 0.7159 -0.6982 -0.0000
vn 0.6966 0.1223 0.7070
vn 0.9882 0.1533 -0.0000
vn 0.5386 -0.4562 0.7084
vn 0.2349 -0.6671 -0.7069
vn 0.3435 -0.9392 -0.0000
vn -0.3929 0.4607 -0.7959
vn -0.6490 0.7608 -0.0000
vn -0.0771 -0.7028 -0.7072
vn -0.3317 -0.9434 -0.0000
vn -0.1045 -0.9945 -0.0000
vn -0.6650 -0.2400 -0.7073
vn -0.6643 -0.2441 0.7065
vn -0.6083 0.7937 -0.0000
vn -0.4295 0.5607 0.7079
vn -0.2397 -0.6651 0.7073
vn -0.4871 0.8734 -0.0000
vn -0.3686 0.6073 -0.7038
vn 0.9774 -0.2116 -0.0002
vn 0.6440 -0.2877 -0.7089
vn -0.9078 0.4193 0.0111
vn 0.1039 0.9946 -0.0000
vn 0.7152 0.6990 -0.0000
vn 0.1040 0.9946 -0.0000
vn -0.9082 0.4185 -0.0104
vn -0.6309 0.7759 -0.0000
vn 0.7071 0.7071 -0.0000
vn -0.0571 -0.9984 0.0007
vn 0.0836 -0.6987 0.7105
vn -0.1200 -0.6878 0.7160
vn 0.0129 0.7066 0.7075
vn 0.1748 0.6841 0.7082
vn -0.3340 -0.6139 0.7152
vn -0.3334 -0.9428 0.0001
vn -0.6126 -0.7904 0.0001
vn 0.4544 0.8908 -0.0000
vn 0.4813 0.5225 0.7038
vn 0.6879 0.7258 -0.0000
vn -0.7071 -0.0000 0.7071
vn -0.4936 0.3755 0.7844
vn -0.2317 -0.9728 -0.0000
vn -0.8539 0.5204 -0.0000
vn 0.2330 -0.6670 -0.7077
vn -0.1301 -0.6942 0.7079
vn 0.0947 0.7006 0.7072
vn -0.9982 -0.0592 -0.0000
vn -0.3160 -0.6316 -0.7080
vn -0.1891 -0.9820 -0.0000
vn 0.7023 0.0801 -0.7074
vn 0.3001 -0.9537 0.0210
vn -0.1390 0.5748 0.8064
vn -0.6045 -0.3649 0.7081
vn -0.6825 -0.1817 0.7079
vn -0.8560 -0.5170 -0.0000
vn -0.9823 0.1876 -0.0000
vn -0.9146 0.4043 -0.0000
vn -0.6438 0.2891 -0.7085
vn -0.6438 0.2891 0.7085
vn -0.5390 0.4560 0.7083
vn -0.7971 -0.6038 -0.0000
vn -0.1885 0.6766 -0.7119
vn -0.2859 0.6672 -0.6878
vn 0.9465 0.3226 -0.0034
vn 0.7797 -0.6262 -0.0000
vn 0.4060 0.3661 -0.8373
vn 0.2175 -0.9761 -0.0001
vn -0.3647 0.9311 -0.0000
vn -0.3551 -0.6103 0.7081
vn -0.6906 -0.1374 -0.7101
vn -0.0804 -0.9967 -0.0118
vn -0.6384 -0.3024 -0.7078
vn -0.5242 -0.4729 -0.7082
vn -0.1685 -0.6862 0.7076
vn -0.6935 -0.1143 -0.7113
vn -0.6225 -0.3328 0.7083
vn -0.6923 -0.1367 0.7085
vn 0.2997 -0.6404 0.7072
vn 0.4150 -0.5726 0.7070
vn 0.1479 -0.9890 0.0002
vn 0.4871 -0.3881 0.7824
vn 0.0076 -0.7071 0.7071
vn -0.0209 -0.5884 -0.8083
vn 0.2349 -0.6671 0.7069
vn 0.0897 -0.7013 0.7072
vn -0.7033 -0.0765 -0.7068
vn 0.3766 0.9264 -0.0000
vn -0.3375 -0.9413 0.0001
vn -0.4315 0.8296 -0.3545
vn -0.3130 0.6377 -0.7038
vn -0.4107 0.9118 -0.0000
vn -0.3886 0.5946 -0.7038
vn 0.6918 0.1344 0.7095
vn 0.5522 0.4354 0.7110
vn 0.5372 -0.8435 -0.0019
vn -0.3304 -0.9438 -0.0116
vn -0.0209 0.9998 -0.0000
vn -0.6516 -0.2727 0.7079
vn 0.5722 0.4183 0.7054
vn 0.8063 0.5915 -0.0000
vn 0.5244 0.4734 -0.7077
vn 0.4015 -0.5811 0.7079
vn 0.5723 -0.8201 -0.0000
vn 0.3667 -0.9303 -0.0000
vn -0.6627 0.1984 -0.7221
vn -0.9490 0.3154 -0.0000
vn -0.6566 0.2199 0.7215
vn -0.3204 -0.4215 0.8483
vn -0.2903 -0.4196 0.8601
vn -0.2213 0.9752 -0.0000
vn 0.5816 -0.0315 -0.8128
vn 0.9997 -0.0230 -0.0000
vn 0.0076 -0.7071 -0.7071
vn -0.6995 0.1082 0.7064
vn 0.4846 -0.3812 0.7873
vn 0.7752 -0.6317 -0.0000
vn -0.5964 -0.8027 -0.0000
vn 0.3527 0.5961 0.7212
vn 0.1757 0.6844 0.7077
vn 0.5633 0.4036 0.7209
vn -0.8111 -0.5849 -0.0000
vn -0.8111 -0.5850 -0.0000
vn 0.5633 0.4037 -0.7209
vn 0.2532 0.3065 -0.9176
vn 0.3527 0.5961 -0.7212
vn 0.3618 0.6066 -0.7079
vn 0.2532 0.3065 0.9176
vn 0.2957 0.2652 -0.9177
vn 0.3304 0.6233 -0.7088
vn 0.4861 0.5121 -0.7081
vn -0.7161 0.6976 0.0254
vn -0.0101 0.7064 0.7077
vn -0.1907 0.6801 -0.7078
vn -0.4082 -0.4083 -0.8165
vn -0.5024 0.3714 0.7808
vn -0.4040 0.9148 -0.0000
vn 0.6078 0.3590 0.7083
vn 0.9764 0.2160 -0.0000
vn 0.3534 0.4152 -0.8383
vn 0.6494 0.7605 -0.0000
vn -0.3079 0.6280 0.7147
vn 0.8730 0.3004 0.3841
vn 0.9039 -0.4272 0.0205
vn 0.3393 0.6214 0.7062
vn 0.6370 0.3059 0.7076
vn 0.3476 -0.6209 -0.7026
vn 0.4082 0.4083 0.8165
vn -0.9171 0.3987 0.0002
vn -0.6422 0.2938 -0.7080
vn 0.4082 -0.4083 -0.8165
vn 0.7071 -0.7071 -0.0000
vn 0.4082 -0.4083 0.8165
vn 0.4104 -0.4061 0.8165
vn 0.6417 0.2219 -0.7341
vn 0.2735 -0.8996 -0.3404
vn -0.2897 -0.9295 -0.2282
vn -0.6589 -0.7522 -0.0015
vn 0.3300 0.6239 -0.7084
vn -0.5420 0.7507 0.3777
vn 0.1388 0.9278 -0.3462
vn 0.9769 0.2135 -0.0000
vn 0.9936 0.1126 -0.0000
vn 0.4653 0.5301 0.7089
vn -0.5419 0.7508 -0.3776
vn 0.2390 0.6613 -0.7110
vn -0.4107 0.3914 0.8235
vn 0.7010 0.7132 -0.0000
vn -0.9175 0.3978 -0.0000
vn -0.1511 -0.9885 -0.0000
vn -0.3015 -0.6383 0.7083
vn -0.4272 -0.9042 -0.0000
vn -0.4194 -0.5698 0.7067
vn -0.5680 -0.8230 -0.0000
vn 0.2023 -0.9058 0.3722
vn -0.9425 -0.3343 -0.0000
vn 0.3860 -0.5922 0.7073
vn 0.5476 -0.8367 -0.0000
vn 0.9957 0.0925 -0.0000
vn 0.5481 -0.2108 0.8095
vn 0.6496 -0.7603 -0.0000
vn -0.3605 0.6106 -0.7051
vn -0.5009 0.8655 -0.0000
vn -0.3541 -0.6111 0.7079
vn -0.4836 -0.5148 0.7079
vn -0.5409 -0.4533 -0.7085
vn 0.1126 -0.6979 -0.7073
vn 0.2536 -0.6523 -0.7143
vn 0.3624 -0.9320 -0.0000
vn -0.4007 0.9162 -0.0000
vn -0.2680 -0.9634 -0.0000
vn -0.9626 0.2705 0.0134
vn 0.6466 -0.2830 -0.7084
vn 0.7630 -0.6464 -0.0000
vn -0.8933 0.4494 -0.0026
vn -0.8950 0.4457 0.0157
vn 0.3750 0.9270 -0.0000
vn -0.0115 0.9999 -0.0000
vn 0.1764 0.6838 -0.7080
vn -0.0086 0.7064 -0.7078
vn -0.3455 -0.6135 -0.7101
vn -0.3506 -0.1820 -0.9187
vn 0.4089 -0.9086 -0.0847
vn 0.4867 0.8736 -0.0000
vn 0.2500 0.9682 -0.0000
vn 0.3409 0.6184 0.7081
vn 0.9132 0.4075 -0.0013
vn -0.0810 0.7535 -0.6524
vn -0.4004 -0.9163 -0.0000
vn 0.4107 -0.3857 -0.8261
vn 0.7097 -0.7045 -0.0000
vn 0.4083 -0.4083 0.8165
vn -0.6225 -0.3328 -0.7083
vn -0.7072 -0.0000 0.7070
vn -0.6244 -0.0000 -0.7811
vn -0.9999 -0.0000 0.0119
vn 0.7074 0.0454 0.7053
vn -0.7103 0.7039 -0.0000
vn 0.6840 0.1830 -0.7061
vn 0.8599 0.5104 -0.0000
vn 0.6069 0.3616 -0.7078
vn 0.5198 -0.4783 0.7079
vn 0.6124 -0.3520 0.7079
vn 0.6909 0.7229 -0.0000
vn 0.0561 0.5911 -0.8046
vn 0.5816 -0.0315 0.8128
vn 0.3816 0.4866 0.7859
vn 0.6027 -0.3001 0.7394
vn 0.7097 0.0370 -0.7035
vn -0.9941 -0.0522 0.0951
vn -0.1890 -0.6802 -0.7082
vn -0.5081 0.4976 -0.7030
vn -0.5677 0.4214 -0.7072
vn -0.6626 0.7490 -0.0000
vn -0.3009 0.6390 0.7079
vn -0.4673 0.5295 0.7080
vn -0.3638 0.6060 0.7074
vn -0.4699 0.5286 0.7069
vn -0.9962 0.0876 -0.0000
vn -0.6945 -0.0538 0.7175
vn -0.4390 -0.5526 0.7085
vn -0.3070 -0.6357 0.7082
vn -0.6220 -0.7830 -0.0000
vn 0.2104 0.9776 0.0003
vn -0.5678 0.4212 -0.7073
vn 0.2701 0.6494 0.7109
vn -0.4844 0.8030 -0.3472
vn -0.3120 -0.6335 -0.7080
vn 0.6659 0.7460 -0.0000
vn 0.3063 0.6363 0.7080
vn 0.0930 -0.7002 -0.7078
vn 0.1301 -0.9915 -0.0000
vn 0.2727 -0.6516 -0.7079
vn -0.3518 -0.6127 0.7077
vn -0.9616 0.2739 0.0166
vn -0.6049 -0.3645 0.7079
vn -0.5152 -0.4817 0.7089
vn 0.7417 0.6707 -0.0000
vn 0.6277 -0.3063 0.7157
vn 0.7503 -0.6611 -0.0000
vn 0.5290 -0.4681 0.7078
vn -0.0934 0.7001 0.7079
vn 0.3952 0.4106 0.8217
vn -0.4178 0.3962 -0.8176
vn -0.4035 -0.9149 -0.0131
vn 0.6938 -0.1442 0.7055
vn 0.4133 0.3629 0.8352
vn 0.4060 0.3661 0.8373
vn -0.6452 -0.2792 -0.7112
vn -0.5431 -0.4513 -0.7081
vn -0.1223 0.6962 0.7073
vn -0.2850 0.6434 0.7105
vn 0.2133 -0.9768 0.0206
vn -0.6406 -0.2966 0.7083
vn -0.5546 -0.4375 0.7078
vn 0.1382 0.3286 -0.9343
vn 0.3560 -0.9345 -0.0001
vn 0.5373 -0.8434 -0.0019
vn -0.7440 -0.6682 -0.0000
vn 0.3397 -0.9401 -0.0289
vn 0.2289 0.7593 0.6091
vn -0.7514 0.2591 -0.6069
vn -0.3375 -0.7449 -0.5755
vn 0.6908 0.1384 0.7097
vn 0.2942 0.6435 -0.7066
vn 0.3780 0.5938 -0.7103
vn 0.5243 0.4692 -0.7106
vn 0.0627 -0.7039 -0.7075
vn -0.1076 -0.6980 -0.7079
vn 0.1019 0.6962 0.7105
vn 0.2758 -0.9608 0.0278
vn 0.6919 0.1465 -0.7070
vn 0.6178 -0.7863 -0.0000
vn 0.4219 0.4030 -0.8121
vn 0.4514 -0.3964 0.7994
vn 0.4837 -0.5160 -0.7069
vn -0.1312 -0.3251 0.9365
vn 0.4871 -0.3880 0.7824
vn 0.7986 -0.6018 -0.0000
vn -0.3634 -0.4138 0.8347
vn 0.2271 -0.6693 0.7074
vn 0.3173 -0.9483 -0.0000
vn -0.7029 0.0724 0.7076
vn -0.7032 -0.0694 0.7076
vn 0.5633 0.4037 0.7209
vn -0.7673 -0.6413 -0.0000
vn -0.3886 0.5946 0.7038
vn -0.5952 0.2975 0.7465
vn 0.5400 -0.4551 0.7080
vn -0.4774 -0.5202 0.7082
vn -0.6024 -0.3687 0.7080
vn -0.6516 0.2726 -0.7079
vn -0.9537 -0.3009 -0.0000
vn -0.6738 -0.2125 0.7077
vn 0.4871 -0.3880 -0.7824
vn 0.0797 -0.7027 -0.7070
vn 0.1585 0.3452 -0.9251
vn -0.0963 0.6999 0.7078
vn -0.2866 0.6453 -0.7081
vn 0.2775 -0.6536 -0.7042
vn -0.2903 -0.4196 -0.8601
vn 0.4362 -0.8998 -0.0000
vn -0.9682 -0.2502 -0.0000
vn 0.2391 0.6662 0.7064
vn -0.2604 0.3998 0.8789
vn -0.7026 -0.0762 0.7075
vn -0.3009 0.9535 -0.0156
vn -0.2597 0.9657 0.0060
vn -0.2096 0.9775 0.0242
vn -0.7004 -0.0734 -0.7099
vn -0.1301 -0.6942 -0.7079
vn -0.4775 0.8786 0.0023
vn 0.6285 0.3247 -0.7068
vn -0.2091 0.9778 -0.0125
vn -0.9500 -0.3122 -0.0000
vn -0.6711 -0.2205 0.7078
vn -0.2307 0.6700 0.7056
vn -0.3156 0.9489 -0.0000
vn -0.1156 0.9933 -0.0000
vn -0.1246 0.4632 0.8774
vn -0.1238 0.4634 -0.8775
vn 0.6439 -0.2910 -0.7077
vn 0.7656 -0.6433 -0.0000
vn -0.5928 -0.3889 0.7052
vn 0.3558 -0.9345 -0.0135
vn 0.3780 0.5939 0.7103
vn 0.5522 0.4353 0.7111
vn 0.5243 0.4692 0.7106
vn -0.4790 0.8778 -0.0020
vn -0.3843 0.2885 0.8770
vn -0.0714 -0.7030 -0.7076
vn 0.0897 -0.7013 -0.7072
vn 0.1242 -0.9923 -0.0000
vn -0.4250 0.5652 -0.7071
vn -0.2617 -0.6596 -0.7046
vn 0.9650 -0.2614 -0.0207
vn 0.3395 0.6208 -0.7067
vn 0.9045 -0.4261 -0.0172
vn -0.3160 -0.6316 0.7080
vn 0.4871 -0.3881 -0.7824
vn 0.5516 0.3316 -0.7653
vn 0.8719 0.4896 -0.0000
vn 0.4746 0.3884 -0.7899
vn -0.8467 0.5307 -0.0382
vn 0.6919 0.1465 0.7070
vn 0.2758 -0.9608 -0.0278
vn -0.3622 -0.5201 0.7735
vn -0.1755 0.9845 -0.0000
vn 0.0258 0.9997 -0.0000
vn 0.0190 0.7000 0.7139
vn 0.6981 -0.1118 0.7072
vn -0.4969 -0.5014 0.7083
vn -0.7001 -0.7140 -0.0000
vn 0.5522 0.4353 -0.7111
vn 0.6250 0.3186 -0.7127
vn 0.6908 0.1384 -0.7097
vn -0.5024 0.3714 -0.7808
vn 0.6906 0.7232 -0.0000
vn -0.7287 0.6849 -0.0000
vn -0.4178 0.3961 0.8176
vn -0.6150 -0.3466 -0.7083
vn -0.8711 -0.4910 -0.0000
vn 0.4015 -0.5811 -0.7079
vn 0.5400 -0.4551 -0.7080
vn 0.9465 0.3227 -0.0034
vn 0.0402 -0.9992 -0.0074
vn 0.9886 -0.1509 -0.0000
vn 0.9612 -0.2760 -0.0000
vn -0.1375 0.6930 -0.7077
vn 0.5795 0.4040 -0.7078
vn 0.8217 0.5699 -0.0000
vn -0.3454 -0.6137 0.7100
vn -0.4967 -0.4953 0.7127
vn -0.4971 -0.4977 0.7107
vn 0.1063 0.6982 0.7079
vn -0.4104 0.3883 -0.8251
vn -0.7011 0.7130 -0.0000
vn -0.3622 -0.5201 -0.7735
vn -0.6168 -0.3472 -0.7064
vn -0.4971 -0.4977 -0.7107
vn -0.2415 -0.6391 0.7302
vn 0.5232 0.8522 0.0001
vn 0.2750 0.9614 -0.0000
vn 0.1735 0.9848 -0.0000
vn 0.7744 -0.6105 -0.1663
vn -0.4706 -0.3857 0.7936
vn 0.9154 -0.4022 -0.0172
vn -0.3454 -0.6136 0.7101
vn -0.3577 0.5277 -0.7705
vn 0.6840 0.1831 0.7061
vn 0.9663 0.2575 -0.0000
vn 0.3849 0.5932 -0.7071
vn 0.5466 0.8374 -0.0000
vn 0.5129 0.4856 -0.7079
vn -0.1952 -0.6796 -0.7071
vn 0.0070 -0.7069 -0.7072
vn -0.4104 0.3883 0.8251
vn 0.7588 -0.6513 -0.0000
vn 0.3456 0.6127 0.7107
vn 0.4905 0.8715 -0.0000
vn 0.9949 0.1013 -0.0000
vn -0.3987 -0.5834 -0.7076
vn 0.5239 0.4750 0.7070
vn 0.4490 0.8935 -0.0000
vn -0.3292 -0.5812 0.7442
vn -0.2336 -0.6545 0.7190
vn -0.1265 0.6954 -0.7074
vn 0.6466 -0.2830 0.7084
vn -0.9396 0.3422 -0.0000
vn -0.0668 0.9228 -0.3794
vn -0.5796 0.4630 0.6706
vn 0.4254 -0.9050 -0.0065
vn 0.7001 0.0783 0.7097
vn 0.4702 0.0592 -0.8806
vn -0.0455 0.9921 -0.1173
vn -0.3941 0.0048 -0.9191
vn -0.3989 -0.5830 -0.7078
vn 0.6040 0.3674 -0.7073
vn -0.3988 -0.5830 0.7078
vn 0.9039 -0.4272 -0.0205
vn 0.3452 0.6142 -0.7097
vn 0.7455 -0.6665 -0.0000
vn 0.4906 0.8714 -0.0000
vn -0.3764 0.4871 0.7881
vn 0.6918 0.1008 0.7150
vn 0.7013 0.0836 0.7080
vn 0.2744 -0.9616 0.0045
vn 0.2271 -0.6693 -0.7074
vn -0.9616 0.2739 -0.0166
vn -0.5655 -0.4201 -0.7097
vn -0.6628 -0.2372 -0.7103
vn -0.6499 -0.2721 -0.7096
vn -0.6499 -0.2721 0.7096
vn -0.5347 -0.4548 0.7122
vn -0.6628 -0.2372 0.7103
vn -0.2477 -0.6618 0.7075
vn -0.2408 -0.3431 0.9079
vn 0.5680 0.3056 0.7642
vn 0.8854 0.4648 -0.0000
vn -0.3454 -0.6137 -0.7100
vn -0.7008 0.0871 -0.7081
vn 0.7061 -0.0025 -0.7081
vn 0.4071 0.0092 -0.9133
vn -0.0714 -0.7030 0.7076
vn -0.2513 -0.6595 0.7084
vn -0.1020 -0.9948 -0.0000
vn 0.4105 0.3881 -0.8252
vn 0.4105 0.3881 0.8252
vn 0.3223 -0.6333 0.7036
vn 0.4223 -0.9065 -0.0000
vn -0.6011 0.7992 -0.0000
vn -0.2534 -0.3674 -0.8949
vn -0.9859 0.1672 -0.0000
vn 0.4372 -0.5363 0.7220
vn -0.4969 -0.5014 -0.7083
vn 0.3620 -0.5208 -0.7731
vn 0.6249 -0.3319 -0.7067
vn 0.5716 -0.8205 -0.0000
vn -0.5728 -0.8197 -0.0000
vn -0.6765 0.7124 -0.1863
vn 0.8030 -0.5960 -0.0000
vn -0.3390 -0.9407 -0.0123
vn -0.6103 -0.7922 -0.0000
vn -0.6516 -0.2727 -0.7079
vn -0.6654 0.7233 -0.1845
vn 0.4311 -0.5596 -0.7078
vn -0.5596 0.4310 -0.7079
vn 0.7001 0.0934 0.7079
vn 0.9912 -0.1324 -0.0000
vn -0.9965 -0.0842 -0.0000
vn -0.9373 -0.1470 -0.3160
vn -0.7034 -0.0607 0.7082
vn 0.6516 -0.2726 -0.7079
vn 0.2669 0.2824 -0.9214
vn 0.5722 0.4183 -0.7054
vn 0.6314 0.3207 0.7060
vn 0.6516 0.2726 0.7079
vn -0.6516 -0.2726 -0.7079
vn 0.6625 -0.2411 -0.7092
vn 0.6078 0.3590 -0.7083
vn 0.6922 0.1471 -0.7066
vn -0.6038 0.3686 0.7068
vn 0.3454 0.6128 -0.7107
vn 0.8567 -0.2029 -0.4742
vn 0.6714 0.2285 0.7050
vn 0.6460 0.2873 0.7072
vn -0.5928 -0.3890 0.7052
vn 0.2483 -0.8529 -0.4591
vn -0.6983 -0.1059 -0.7079
vn -0.4312 0.8298 -0.3543
vn 0.8585 -0.1778 -0.4810
vn -0.8869 0.4619 -0.0100
vn -0.3518 -0.6129 0.7075
vn 0.3542 -0.1947 0.9147
vn -0.4084 -0.9049 0.1200
vn -0.3988 -0.5834 0.7076
vn 0.3453 0.6130 0.7107
vn 0.1764 0.6838 0.7080
vn -0.0086 0.7064 0.7078
vn -0.8901 0.4558 -0.0000
vn -0.5218 -0.4529 -0.7229
vn 0.5198 -0.4782 -0.7079
vn 0.8862 0.2631 -0.3814
vn 0.5427 -0.4517 0.7081
vn -0.4018 -0.9156 -0.0114
vn -0.3389 -0.9407 0.0123
vn 0.0446 -0.7061 0.7067
vn -0.1483 -0.6950 0.7035
vn 0.6725 0.2187 0.7070
vn 0.6914 0.1548 0.7057
vn 0.6554 0.2790 0.7019
vn -0.3009 0.6390 -0.7079
vn -0.4673 0.5295 -0.7080
vn 0.1457 0.6912 0.7078
vn 0.3158 0.6315 0.7082
vn 0.2065 0.9784 -0.0000
vn -0.4796 0.8775 0.0017
vn 0.6284 0.3247 -0.7068
vn -0.6049 -0.3646 0.7079
vn 0.6284 0.3250 0.7068
vn 0.6826 0.1728 -0.7101
vn 0.1105 0.9938 -0.0107
vn -0.2238 0.9740 0.0363
vn -0.3988 -0.5834 -0.7076
vn 0.3395 0.6209 0.7066
vn 0.4733 -0.5248 0.7075
vn 0.4813 0.5225 -0.7038
vn -0.1238 0.4634 0.8775
vn -0.6863 -0.1652 0.7083
vn -0.5834 -0.8122 -0.0000
vn 0.7753 -0.6096 0.1652
vn 0.3447 0.6161 -0.7082
vn 0.4106 0.3915 0.8235
vn 0.7036 0.7106 -0.0000
vn 0.6270 -0.1995 -0.7531
vn 0.6277 -0.3063 -0.7157
vn 0.6938 -0.1442 -0.7055
vn 0.1712 -0.6876 0.7056
vn -0.3686 0.6073 0.7038
vn 0.6966 0.1223 -0.7070
vn -0.2616 -0.6599 0.7044
vn -0.5175 -0.4208 0.7450
vn -0.6691 0.7204 -0.1827
vn 0.5348 0.4603 -0.7086
vn -0.7395 0.6724 0.0305
vn -0.2617 -0.6596 0.7046
vn -0.5055 -0.4364 0.7444
vn -0.3844 -0.4807 0.7881
vn 0.5954 0.3795 -0.7082
vn 0.6708 0.1878 -0.7175
vn 0.5793 0.4037 0.7081
vn -0.9460 0.3242 -0.0000
vn -0.6683 0.2290 -0.7078
vn -0.5564 0.4349 0.7080
vn -0.7773 0.6291 0.0002
vn 0.6813 -0.1864 0.7079
vn 0.0009 0.7068 -0.7074
vn -0.2378 0.9713 -0.0000
vn 0.0027 1.0000 -0.0000
vn 0.4778 0.5201 -0.7080
vn -0.4815 -0.5163 -0.7082
vn 0.3933 0.5877 0.7070
vn 0.3849 0.5932 0.7071
vn 0.5484 0.8362 -0.0000
vn 0.5129 0.4856 0.7079
vn 0.6077 -0.3729 0.7012
vn 0.4602 0.4778 0.7483
vn -0.1728 0.6851 -0.7076
vn 0.0242 0.7067 -0.7071
vn 0.6939 -0.1278 0.7086
vn 0.9184 -0.3957 -0.0000
vn 0.0916 0.7005 0.7077
vn 0.6939 -0.1277 -0.7086
vn 0.9835 -0.1811 -0.0000
vn -0.3551 -0.6103 -0.7081
vn -0.3492 -0.6134 -0.7084
vn -0.2974 0.9547 0.0114
vn 0.6284 0.3250 0.7067
vn -0.6708 -0.2236 -0.7072
vn -0.7361 -0.6768 -0.0000
vn 0.3860 -0.5922 -0.7073
vn 0.5518 0.3305 -0.7657
vn -0.4311 0.8298 -0.3544
vn 0.7098 0.0369 0.7035
vn 0.1035 0.6460 0.7563
vn 0.9404 -0.3399 0.0109
vn 0.0163 -0.7071 -0.7069
vn 0.0265 -0.9996 -0.0000
vn -0.0211 0.9998 -0.0000
vn -0.0128 0.7071 0.7070
vn 0.6813 -0.1864 -0.7079
vn -0.4268 0.5629 0.7078
vn -0.3383 -0.6193 -0.7085
vn -0.7778 0.6285 -0.0000
vn -0.1196 -0.6955 -0.7085
vn -0.6683 0.2290 0.7078
vn -0.5897 0.3887 0.7080
vn -0.5892 0.7295 0.3474
vn 0.6625 -0.2411 0.7092
vn -0.6982 -0.1052 -0.7082
vn -0.5679 -0.8231 -0.0000
vn -0.3909 -0.5897 0.7067
vn 0.5516 0.3316 0.7653
vn 0.3355 -0.9415 -0.0313
vn -0.9373 -0.1470 0.3160
vn -0.6217 -0.7833 -0.0000
vn -0.2604 0.3998 -0.8788
vn 0.2391 0.6662 -0.7064
vn 0.9667 -0.2556 -0.0152
vn 0.1663 0.7979 0.5794
vn -0.7463 0.0988 -0.6582
vn -0.2693 -0.8026 -0.5323
vn 0.5372 -0.8434 0.0020
vn 0.6918 0.1344 -0.7095
vn 0.3780 0.5939 -0.7103
vn -0.1112 -0.6975 -0.7079
vn -0.0128 0.7071 -0.7070
vn 0.4517 -0.3963 -0.7993
vn -0.7036 -0.0658 -0.7076
vn -0.6738 -0.2125 -0.7077
vn -0.9956 -0.0936 -0.0000
vn -0.3630 -0.4139 -0.8348
vn -0.6594 -0.7518 -0.0000
vn 0.6625 0.2461 -0.7075
vn 0.5561 0.4329 -0.7094
vn -0.5561 -0.4328 0.7095
vn -0.1968 -0.3575 -0.9129
vn 0.1242 0.9919 0.0262
vn -0.5175 -0.4206 0.7452
vn 0.6716 0.2201 -0.7075
vn 0.5907 0.3868 -0.7081
vn -0.0771 -0.7028 0.7072
vn 0.0923 -0.7007 0.7075
vn 0.4823 0.4524 0.7501
vn 0.6471 0.2908 -0.7048
vn -0.6166 -0.3453 0.7075
vn 0.4508 0.5435 -0.7081
vn 1.0000 -0.0000 -0.0000
vn -0.9766 0.2137 0.0229
vn 0.3049 0.9524 -0.0000
vn 0.4703 -0.5257 0.7088
vn -0.4236 0.3928 0.8162
vn 0.5791 -0.3684 -0.7273
vn 0.9743 -0.2245 0.0176
vn -0.0979 -0.9952 -0.0000
vn -0.6264 -0.3231 0.7094
vn 0.9758 -0.2185 -0.0120
vn -0.7050 -0.0608 -0.7066
vn -0.9959 0.0902 -0.0000
vn -0.9964 -0.0851 -0.0000
vn 0.5771 0.4216 -0.6994
vn 0.4746 0.5226 0.7082
vn 0.1310 0.6947 -0.7073
vn 0.0402 -0.9992 0.0074
vn 0.4788 -0.3829 0.7900
vn 0.3048 0.9524 -0.0000
vn 0.5680 0.3056 -0.7642
vn -0.3130 0.6377 0.7038
vn 0.5384 0.8427 -0.0000
vn 0.9466 0.3224 -0.0037
vn 0.6698 0.7425 0.0001
vn 0.1388 0.9278 0.3462
vn -0.6086 -0.3505 -0.7118
vn -0.4583 0.8885 0.0228
vn -0.3454 -0.6138 0.7099
vn -0.6086 -0.3506 0.7118
vn -0.4583 0.8885 -0.0228
vn -0.6909 -0.1508 0.7070
vn 0.3233 -0.9463 0.0066
vn -0.7050 -0.0608 0.7066
vn -0.1613 -0.6876 0.7079
vn 0.0118 -0.7067 -0.7074
vn 0.9375 0.3479 -0.0000
vn 0.6621 0.2454 -0.7081
vn 0.5793 0.4037 -0.7081
vn 0.1457 0.6912 -0.7078
vn -0.3457 0.6177 -0.7064
vn -0.1160 0.4651 0.8776
vn -0.3457 0.6177 0.7064
vn -0.6028 0.7979 -0.0000
vn 0.4382 0.5502 0.7108
vn 0.2389 0.6613 0.7110
vn 0.2865 0.6448 0.7087
vn 0.4396 0.5506 0.7096
vn -0.6610 0.2511 0.7072
vn -0.1885 0.6765 -0.7119
vn -0.2860 0.6672 -0.6878
vn 0.9952 0.0979 -0.0000
vn -0.7019 -0.0800 -0.7077
vn 0.6476 0.2803 -0.7086
vn 0.4129 -0.9105 0.0195
vn 0.5562 0.4328 0.7095
vn -0.6250 -0.7806 -0.0000
vn 0.2865 0.6448 -0.7087
vn 0.4396 0.5506 -0.7096
vn -0.3988 -0.5834 0.7075
vn 0.3355 -0.9415 0.0313
vn 0.5827 -0.8127 -0.0000
vn 0.6733 0.7394 -0.0000
vn 0.3409 0.6184 -0.7081
vn 0.4270 0.3954 0.8132
vn 0.2390 0.6613 0.7110
vn -0.9079 0.4191 -0.0110
vn -0.3256 -0.6271 0.7076
vn -0.1738 0.6845 -0.7080
vn -0.2500 0.9682 -0.0000
vn -0.6652 -0.2893 -0.6884
vn 0.4603 0.4769 -0.7488
vn -0.5419 -0.4523 -0.7083
vn -0.6741 -0.6319 0.3826
vn -0.9766 0.2137 -0.0228
vn -0.0830 -0.2796 -0.9565
vn -0.7727 -0.2392 -0.5879
vn 0.3236 -0.9462 0.0066
vn -0.7727 -0.2392 -0.5880
vn 0.5966 -0.2182 -0.7723
vn 0.7067 -0.0280 0.7070
vn -0.4730 0.5243 0.7081
vn -0.8560 -0.5171 -0.0000
vn -0.2681 0.6555 -0.7060
vn 0.3063 0.6363 -0.7080
vn 0.3049 -0.9521 -0.0232
vn 0.5924 -0.8056 -0.0000
vn 0.6922 0.1471 0.7066
vn -0.7971 -0.6038 -0.0001
vn 0.5411 0.4535 -0.7082
vn 0.7075 0.0453 -0.7053
vn 0.3607 0.9327 0.0018
vn 0.2919 0.6429 -0.7082
vn -0.2055 -0.9787 -0.0001
vn -0.6729 -0.2162 0.7074
vn -0.4311 0.5596 -0.7078
vn -0.6051 -0.3643 -0.7079
vn -0.4811 0.8767 -0.0018
vn 0.6370 0.3059 -0.7076
vn 0.3620 -0.5208 0.7731
vn -0.0224 0.7067 -0.7072
vn 0.8863 0.2651 0.3796
vn 0.5427 -0.4517 -0.7081
vn -0.2455 0.6633 -0.7069
vn 0.6714 0.2285 -0.7050
vn 0.3780 0.5938 0.7103
vn -0.6627 0.1986 0.7221
vn -0.2903 -0.4195 0.8601
vn -0.2452 0.3300 -0.9116
vn 0.4890 0.5092 0.7082
vn -0.2307 0.6700 -0.7056
vn 0.9774 -0.2115 -0.0001
vn 0.4071 0.0093 -0.9133
vn -0.5980 0.3758 0.7079
vn -0.1695 0.6862 0.7074
vn 0.0009 0.7068 0.7074
vn 0.5530 0.3022 -0.7764
vn 0.0070 -0.7069 0.7073
vn 0.2957 0.2652 0.9177
vn -0.4866 -0.3796 0.7869
vn 0.6482 0.7615 -0.0000
vn -0.1115 0.4894 -0.8649
vn -0.5199 -0.4780 0.7080
vn -0.3517 -0.6131 0.7074
vn -0.5677 0.4215 0.7071
vn -0.6506 -0.7594 0.0001
vn 0.2172 -0.6725 0.7075
vn 0.2988 -0.9543 -0.0000
vn -0.4103 0.5758 0.7072
vn -0.4274 -0.3996 -0.8110
vn 0.6439 -0.2910 0.7077
vn 0.4073 0.0107 0.9132
vn -0.6447 0.2896 0.7075
vn 0.5963 -0.8027 -0.0000
vn 0.1244 0.6961 -0.7071
vn -0.6868 0.1623 0.7085
vn 0.3520 0.4175 0.8377
vn 0.6285 0.3243 -0.7069
vn -0.4786 0.8780 0.0025
vn -0.6051 -0.3642 0.7080
vn 0.7418 0.6707 -0.0000
vn 0.6284 0.3252 0.7067
vn 0.6595 0.2517 -0.7083
vn -0.2009 -0.6764 0.7086
vn 0.9987 -0.0505 -0.0000
vn 0.4602 0.4778 -0.7483
vn -0.9730 -0.2309 -0.0000
vn -0.6945 -0.0538 -0.7175
vn 0.5530 0.3023 -0.7764
vn 0.8179 0.5754 -0.0000
vn 0.5794 0.4037 -0.7081
vn -0.6973 0.1270 0.7055
vn -0.3987 -0.5834 0.7076
vn 0.7263 0.6874 -0.0000
vn 0.6124 0.3513 0.7082
vn 0.9466 0.3225 -0.0036
vn 0.1749 0.6847 -0.7076
vn 0.6121 0.3527 0.7077
vn 0.1163 0.5667 0.8157
vn 0.5348 0.4603 -0.7085
vn 0.9958 0.0917 -0.0000
vn 0.7039 0.0658 0.7072
vn 0.9523 0.3051 -0.0000
vn -0.5175 -0.4206 -0.7452
vn -0.6264 -0.3231 -0.7094
vn 0.6996 0.1067 0.7065
vn 0.6516 0.2727 -0.7079
vn 0.2172 -0.6725 -0.7075
vn 0.3069 0.8714 0.3826
vn -0.9104 -0.4138 -0.0000
vn -0.5081 0.4976 0.7030
vn -0.6050 -0.3645 0.7080
vn -0.4597 0.3933 -0.7962
vn -0.5503 -0.3035 -0.7778
vn 0.6121 0.3527 -0.7077
vn -0.3070 -0.6357 -0.7082
vn -0.5560 -0.4331 -0.7094
vn 0.4128 -0.9106 -0.0189
vn -0.1265 0.6954 0.7074
vn 0.5561 0.4328 0.7095
vn -0.5561 -0.4329 -0.7095
vn 0.4132 -0.9104 -0.0198
vn -0.6741 -0.6318 -0.3826
vn -0.6422 0.2938 0.7080
vn -0.5546 -0.4375 -0.7078
vn -0.6407 -0.2969 -0.7081
vn 0.4487 0.8937 -0.0000
vn 0.6069 0.3616 0.7078
vn 0.4757 0.5217 0.7082
vn 0.6939 -0.1278 -0.7086
vn 0.3671 -0.6088 -0.7033
vn 0.9035 -0.4286 -0.0000
vn 0.3470 0.5986 -0.7220
vn -0.6319 -0.3141 -0.7085
vn 0.1811 -0.6852 0.7055
vn 0.2411 -0.9705 -0.0000
vn -0.6207 -0.3401 -0.7064
vn -0.6044 -0.3653 -0.7080
vn -0.5008 -0.4975 -0.7083
vn -0.4194 -0.5698 -0.7067
vn -0.5008 -0.4974 0.7083
vn -0.3611 -0.6055 0.7092
vn -0.1582 -0.2274 0.9609
vn -0.4046 -0.5813 0.7060
vn -0.4073 -0.5852 0.7012
vn 0.1760 0.6837 -0.7082
vn -0.6541 -0.2684 -0.7072
vn -0.0004 -0.0000 -1.0000
vn 0.6655 -0.7464 -0.0000
vn -0.6727 -0.2184 -0.7070
vn 0.2958 0.2651 0.9177
vn 0.2683 0.6545 -0.7068
vn 0.3053 -0.6377 0.7072
vn 0.2440 -0.6635 0.7073
vn 0.3832 -0.5941 0.7073
vn 0.4837 0.3779 0.7894
vn 0.0070 -0.7069 0.7072
vn -0.6015 0.7988 -0.0000
vn -0.4277 0.5680 0.7032
vn -0.4717 0.5256 0.7080
vn 0.6659 -0.7460 -0.0000
vn -0.0004 -0.0000 1.0000
vn -0.6541 -0.2687 0.7071
vn -0.6730 -0.2165 0.7072
vn 0.6560 -0.7548 -0.0000
vn -0.0612 0.9969 -0.0503
vn -0.3369 -0.6214 -0.7074
vn -0.5588 -0.8293 -0.0000
vn 0.5352 0.4603 0.7083
vn -0.0607 0.9969 -0.0508
vn 0.8922 -0.4516 -0.0000
vn -0.6433 -0.7656 -0.0000
vn 0.6779 -0.1992 0.7076
vn 0.6781 -0.1986 0.7076
vn 0.6490 -0.2805 0.7072
vn 0.6489 -0.2807 0.7072
vn 0.5940 -0.3837 0.7070
vn 0.1760 0.6837 0.7082
vn -0.5884 0.3898 -0.7084
vn -0.4752 0.5240 -0.7068
vn 0.6173 0.3439 0.7075
vn 0.5210 0.4768 0.7080
vn 0.3824 0.5943 0.7075
vn -0.0607 0.9969 -0.0509
vn -0.2818 0.6478 0.7077
vn 0.2997 -0.6404 -0.7072
vn 0.1670 -0.6871 -0.7071
vn -0.6930 -0.1391 -0.7074
vn -0.6627 0.1984 0.7221
vn 0.6347 0.3106 -0.7076
vn 0.9445 0.3284 -0.0000
vn 0.8924 0.4513 -0.0000
vn 0.6834 0.1810 0.7072
vn 0.6207 0.3373 0.7078
vn 0.6892 -0.1489 0.7091
vn 0.6621 0.2454 0.7081
vn -0.5055 -0.4364 -0.7444
vn 0.0147 -0.7070 -0.7070
vn -0.6553 -0.2655 -0.7072
vn -0.6766 -0.2061 -0.7069
vn -0.8937 -0.4486 -0.0000
vn -0.5907 -0.3914 -0.7056
vn 0.6519 0.2739 -0.7071
vn 0.8689 0.4950 -0.0000
vn -0.6697 0.7426 -0.0000
vn -0.0141 -0.7066 -0.7074
vn -0.6820 -0.7314 -0.0000
vn -0.8413 -0.5406 -0.0000
vn -0.5941 -0.3818 -0.7080
vn -0.0001 -0.0000 -1.0000
vn 0.3824 0.5938 -0.7079
vn 0.1019 0.6962 -0.7105
vn 0.2270 0.6640 -0.7125
vn 0.2959 0.6462 -0.7035
vn -0.4049 -0.5803 -0.7066
vn 0.0002 -0.0000 -1.0000
vn -0.1582 -0.2270 -0.9610
vn -0.4076 -0.5842 -0.7018
vn -0.3611 -0.6055 -0.7092
vn -0.2009 -0.6764 -0.7086
vn -0.2969 -0.6410 -0.7078
vn 0.3364 0.6219 0.7071
vn -0.0642 0.9969 -0.0458
vn -0.4048 -0.5807 -0.7064
vn 0.0003 -0.0000 -1.0000
vn -0.1581 -0.2270 -0.9610
vn -0.4075 -0.5845 -0.7016
vn -0.6834 -0.1810 0.7072
vn -0.7004 -0.0734 0.7099
vn -0.6708 -0.2236 0.7072
vn -0.4384 -0.8988 -0.0000
vn -0.7646 0.6446 -0.0000
vn -0.2456 -0.6631 0.7071
vn 0.1684 0.9857 -0.0000
vn 0.2743 0.6517 0.7071
vn 0.6730 0.2165 -0.7072
vn 0.6540 0.2687 -0.7071
vn 0.7656 -0.5182 0.3813
vn 0.6173 0.3439 -0.7075
vn -0.0002 -0.0000 -1.0000
vn -0.1585 -0.2269 -0.9609
vn 0.6728 0.2181 0.7070
vn 0.3235 -0.9462 0.0066
vn 0.6660 -0.7459 -0.0000
vn 0.6541 0.2684 0.7072
vn 0.6086 -0.3598 -0.7072
vn 0.6424 -0.2958 -0.7070
vn 0.6418 -0.2970 -0.7071
vn 0.6653 -0.2395 -0.7071
vn 0.6086 -0.3599 -0.7072
vn 0.8856 -0.4644 -0.0000
vn 0.5428 -0.4515 -0.7081
vn 0.3457 0.9383 -0.0000
vn 0.4363 0.8998 -0.0000
vn 0.6068 0.7948 -0.0000
vn 0.2047 0.6790 -0.7051
vn 0.3365 0.6219 0.7071
vn 0.3824 0.5938 0.7079
vn -0.8968 -0.4424 -0.0000
vn -0.2120 -0.9773 -0.0000
vn -0.1184 -0.5151 0.8489
vn 0.2008 -0.6796 0.7056
vn 0.6202 0.3394 0.7072
vn -0.6652 0.2403 -0.7069
vn -0.6449 0.2906 -0.7069
vn -0.6375 0.3180 -0.7017
vn -0.6973 0.1261 -0.7056
vn -0.6982 -0.1052 0.7082
vn 0.6712 0.2295 0.7049
vn -0.4699 0.5286 -0.7069
vn -0.3488 -0.6152 -0.7070
vn -0.5785 -0.8157 -0.0000
vn -0.6685 -0.7437 -0.0000
vn -0.7727 -0.2392 0.5880
vn 0.5834 0.3997 0.7070
vn 0.4001 0.5819 0.7080
vn -0.8401 0.5424 -0.0000
vn 0.2294 0.6637 0.7120
vn 0.6519 0.2739 0.7071
vn -0.7035 -0.7107 -0.0000
vn -0.5008 -0.4975 0.7083
vn -0.1583 -0.2270 0.9609
vn -0.4048 -0.5807 0.7064
vn -0.4075 -0.5845 0.7016
vn 0.2008 -0.6796 -0.7056
vn 0.6460 0.2873 0.7073
vn 0.4514 -0.3964 -0.7994
vn 0.6094 0.3578 0.7075
vn 0.5209 0.4768 0.7081
vn -0.6913 0.1372 -0.7094
vn -0.7060 0.0391 -0.7071
vn -0.7057 0.0421 -0.7073
vn -0.6824 0.1799 -0.7085
vn -0.6910 0.1391 -0.7094
vn 0.3049 -0.9521 0.0232
vn -0.6766 -0.2061 0.7069
vn -0.6553 -0.2655 0.7072
vn -0.5907 -0.3915 0.7056
vn -0.4748 0.5239 0.7072
vn -0.5806 0.4017 0.7082
vn 0.2480 0.9688 -0.0000
vn -0.6836 -0.1808 0.7071
vn -0.3460 0.6163 0.7074
vn -0.4740 0.5246 0.7072
vn -0.2438 0.6643 0.7066
vn -0.3053 0.6377 0.7072
vn 0.2536 -0.6523 0.7143
vn -1.0000 0.0004 -0.0000
vn -0.6836 -0.1809 -0.7071
vn -0.7026 -0.0762 -0.7075
vn -0.2174 0.6728 0.7072
vn -0.6050 0.2950 0.7395
vn 0.6708 0.7417 -0.0000
vn -0.4067 0.5779 -0.7076
vn -0.2860 0.6672 0.6878
vn -0.0002 0.3175 -0.9482
vn 0.6996 0.1067 -0.7065
vn -0.0001 -0.0000 1.0000
vn -0.9065 -0.4223 -0.0000
vn 0.4517 -0.3963 0.7993
vn -0.2477 -0.6618 -0.7075
vn -0.2408 -0.3431 -0.9079
vn -0.3710 -0.6005 -0.7083
vn -0.4910 -0.5076 -0.7080
vn 0.0001 -0.0000 -1.0000
vn -0.1066 0.4996 0.8597
vn -0.6544 -0.2675 -0.7073
vn 0.6672 -0.7448 -0.0000
vn -0.6730 -0.2176 -0.7069
vn -0.3364 -0.6219 0.7071
vn -0.3365 -0.6219 0.7071
vn -0.0606 0.9969 -0.0510
vn 0.6991 0.0963 0.7085
vn 0.6476 0.2803 0.7086
vn 0.6643 0.2441 0.7065
vn 0.9801 0.1985 -0.0000
vn -0.9100 0.4147 -0.0000
vn 0.3015 -0.3987 -0.8661
vn 0.4634 -0.6128 -0.6401
vn 0.6005 -0.7941 -0.0934
vn 0.6689 0.2163 -0.7112
vn 0.6549 -0.7557 -0.0000
vn -0.3204 -0.4215 -0.8483
vn -0.9999 -0.0149 -0.0000
vn -0.2814 0.9595 -0.0161
vn -0.7019 -0.0800 0.7077
vn -0.6710 -0.2229 0.7072
vn -0.2438 0.6643 -0.7066
vn -0.3056 0.6367 -0.7080
vn -0.3052 0.6387 -0.7063
vn -0.2445 0.6628 0.7078
vn -0.3052 0.6387 0.7063
vn -0.3051 0.6379 0.7071
vn -0.2439 0.6637 0.7071
vn -0.5431 -0.4513 0.7081
vn -0.9904 0.1380 -0.0000
vn -0.4752 0.5240 0.7068
vn -0.5884 0.3897 0.7084
vn 0.0002 -0.0000 1.0000
vn -0.6210 -0.3380 0.7072
vn -0.6043 -0.3656 0.7080
vn -0.6202 -0.3394 0.7072
vn 0.6233 -0.7819 -0.0000
vn 0.6068 0.7949 -0.0000
vn 0.4362 0.8998 -0.0000
vn 0.3458 0.9383 -0.0000
vn 0.2056 0.6768 0.7069
vn 0.1583 0.2270 0.9609
vn 0.4049 0.5806 0.7064
vn 0.4075 0.5844 0.7017
vn -0.2056 -0.6770 0.7067
vn 0.6589 0.2574 -0.7068
vn -0.2969 -0.6410 0.7078
vn 0.5254 -0.4721 -0.7079
vn 0.4042 -0.5789 -0.7081
vn 0.4049 0.5803 -0.7066
vn 0.1582 0.2270 -0.9610
vn 0.4076 0.5842 -0.7018
vn 0.2059 0.6757 -0.7078
vn -0.4866 -0.3796 -0.7869
vn 0.0797 -0.7027 0.7070
vn -0.4046 -0.5813 -0.7060
vn -0.1584 -0.2274 -0.9608
vn -0.4073 -0.5852 -0.7012
vn -0.3458 0.6172 -0.7067
vn -0.6863 -0.1652 -0.7083
vn -0.4475 0.5475 -0.7071
vn -0.5269 0.8500 -0.0000
vn 0.6727 0.2184 -0.7070
vn 0.6541 0.2684 -0.7072
vn -0.6541 -0.2687 -0.7071
vn 0.3236 -0.9462 0.0065
vn -0.6730 -0.2165 -0.7072
vn -0.2059 -0.6757 -0.7078
vn -0.0608 0.9969 -0.0509
vn -0.3364 -0.6219 -0.7071
vn -0.1695 0.6862 -0.7074
vn -0.7509 0.6605 -0.0000
vn 0.1415 0.9836 0.1122
vn 0.1242 0.9919 -0.0262
vn 0.9888 0.1494 -0.0000
vn -0.2552 0.9669 -0.0000
vn -0.3056 0.6367 0.7080
vn -0.3051 0.6383 0.7068
vn -0.2441 0.6631 0.7076
vn 0.6652 -0.2399 0.7070
vn 0.6085 -0.3603 0.7071
vn 0.6440 -0.2859 0.7096
vn 0.6447 -0.2845 0.7096
vn 0.6653 -0.2394 0.7071
vn 0.6422 -0.2953 0.7074
vn -0.6935 -0.1143 0.7113
vn 0.3052 -0.6376 -0.7073
vn 0.2439 -0.6635 -0.7073
vn 0.3832 -0.5941 -0.7073
vn -0.6653 0.2395 -0.7071
vn -0.6681 0.2291 -0.7079
vn -0.5884 0.3897 -0.7084
vn -0.6086 0.3599 -0.7072
vn -0.6086 0.3598 -0.7072
vn -0.6418 0.2970 -0.7071
vn -0.6424 0.2958 -0.7070
vn -0.6973 0.1264 -0.7056
vn 0.3832 -0.5940 -0.7073
vn -0.9822 0.1876 -0.0000
vn -0.2513 -0.6595 -0.7084
vn -0.3256 -0.6271 -0.7076
vn -0.6609 -0.7504 -0.0000
vn 0.6235 0.3291 0.7091
vn -0.6561 0.7547 -0.0000
vn -0.2174 0.6728 -0.7072
vn -0.0002 -0.0000 1.0000
vn -0.2397 -0.6651 -0.7073
vn -0.6615 0.2455 0.7086
vn -0.6779 0.1992 0.7076
vn -0.6781 0.1986 0.7076
vn -0.6490 0.2805 0.7072
vn -0.6489 0.2807 0.7072
vn -0.3363 -0.6223 -0.7069
vn 0.6085 -0.3601 -0.7072
vn 0.6419 -0.2983 -0.7064
vn 0.6413 -0.2995 -0.7064
vn 0.6654 -0.2391 -0.7072
vn 0.5428 -0.4516 -0.7081
vn -0.6113 -0.3501 -0.7098
vn -0.6909 -0.1508 -0.7070
vn -0.4739 0.5238 -0.7078
vn -0.3460 0.6163 -0.7074
vn -0.2439 0.6637 -0.7071
vn -0.3051 0.6379 -0.7071
vn 0.3052 -0.6387 -0.7063
vn 0.2445 -0.6628 -0.7078
vn 0.3831 -0.5943 -0.7071
vn 0.6085 -0.3603 -0.7071
vn 0.6447 -0.2845 -0.7096
vn 0.6440 -0.2859 -0.7096
vn 0.6652 -0.2399 -0.7070
vn 0.5428 -0.4515 -0.7082
vn -0.6681 0.2291 0.7079
vn -0.6973 0.1264 0.7056
vn -0.8796 -0.4758 -0.0000
vn -0.6799 -0.4512 -0.5780
vn -0.4893 0.6289 -0.6042
vn 0.5524 -0.5968 0.5819
vn 0.6302 0.4893 0.6029
vn 0.9582 -0.2860 -0.0000
vn -0.6043 -0.3656 -0.7080
vn -0.3369 0.6131 0.7146
vn 0.7061 -0.0025 0.7081
vn -0.4049 -0.5806 0.7064
vn -0.4075 -0.5844 0.7017
vn -0.2056 -0.6768 0.7069
vn 0.0242 0.7067 0.7071
vn -0.2439 0.6635 -0.7073
vn -0.3052 0.6376 -0.7073
vn -0.3459 0.6167 0.7071
vn -0.2440 0.6635 0.7073
vn 0.6996 -0.0940 -0.7083
vn -0.6973 0.1262 0.7056
vn -0.5691 0.4168 -0.7088
vn 0.6869 0.1746 -0.7055
vn 0.7206 0.0396 -0.6922
vn 0.6094 0.3578 -0.7075
vn -0.6131 -0.2871 -0.7360
vn -0.6050 0.2950 -0.7395
vn -0.6836 -0.1809 0.7071
vn -0.5884 0.3898 0.7084
vn -0.6973 0.1261 0.7056
vn -0.6207 -0.3373 0.7078
vn 0.0672 0.9977 -0.0000
vn 0.6836 0.1809 0.7071
vn 0.9445 0.3285 -0.0000
vn 0.6224 0.3334 0.7081
vn -0.6043 -0.3655 -0.7080
vn -0.2056 -0.6770 -0.7067
vn -0.4268 0.5629 -0.7078
vn 0.6741 0.2136 -0.7071
vn 0.6866 0.1334 -0.7147
vn 0.7027 -0.0061 -0.7114
vn 0.6730 0.2176 -0.7069
vn 0.6544 0.2675 -0.7073
vn 0.5198 -0.4782 0.7079
vn -0.5699 0.4168 0.7082
vn -0.6449 0.2906 0.7069
vn -0.6693 -0.2280 -0.7071
vn -0.8825 -0.4703 -0.0000
vn -0.9259 -0.3779 -0.0000
vn 0.1244 0.6961 0.7071
vn -0.4706 -0.3857 -0.7936
vn -0.0224 0.7067 0.7072
vn 0.3369 -0.6131 0.7146
vn -0.6893 -0.1202 -0.7144
vn -0.7024 0.0095 -0.7118
vn -0.6799 -0.1940 -0.7071
vn 0.5239 0.4750 -0.7070
vn 0.6226 0.3343 -0.7075
vn 0.6819 0.1836 -0.7080
vn 0.7953 0.6062 -0.0000
vn 0.5771 0.4216 0.6994
vn 0.1239 0.5138 0.8489
vn 0.6329 -0.7742 -0.0000
vn -0.1184 -0.5151 -0.8489
vn 0.7602 -0.6497 -0.0000
vn 0.1748 0.6841 -0.7082
vn -0.9551 -0.2964 -0.0000
vn 0.7111 -0.7031 -0.0000
vn 0.2943 0.6435 0.7066
vn 0.6728 0.2181 -0.7070
vn -0.6756 -0.2077 0.7074
vn -0.6024 -0.3683 0.7081
vn -0.4653 0.5313 -0.7080
vn 0.4680 -0.5300 0.7072
vn 0.5726 -0.8199 -0.0000
vn -0.4910 -0.5076 0.7080
vn 0.3364 0.6219 -0.7071
vn -0.2336 -0.6545 -0.7190
vn -0.3292 -0.5812 -0.7442
vn -0.4883 -0.5114 -0.7071
vn 0.3369 0.6214 0.7074
vn -0.0608 0.9969 -0.0502
vn -0.8625 -0.5061 -0.0000
vn 0.4000 -0.5829 -0.7073
vn 0.7024 0.0821 -0.7071
vn -0.3053 0.6377 -0.7072
vn -0.2441 0.6631 -0.7076
vn -0.3051 0.6383 -0.7068
vn -0.9540 -0.2997 -0.0000
vn 0.1549 -0.9224 -0.3537
vn 0.6061 -0.2943 -0.7389
vn 0.4001 0.5819 -0.7080
vn -0.6824 0.1799 0.7085
vn 0.4820 -0.8762 -0.0000
vn 0.2719 -0.6526 -0.7072
vn 0.6834 0.1810 -0.7072
vn -0.3363 -0.6223 0.7069
vn -0.6441 -0.1373 0.7525
vn 0.5209 0.4767 0.7081
vn 0.1032 0.6871 -0.7192
vn 0.5464 -0.8375 -0.0000
vn -0.6088 0.3593 -0.7073
vn -0.6353 0.3101 -0.7073
vn -0.6348 0.3110 -0.7073
vn -0.6661 0.2357 -0.7077
vn -0.6973 0.1270 -0.7055
vn -0.6653 0.2394 0.7071
vn -0.6416 0.2965 0.7074
vn -0.6422 0.2953 0.7074
vn -0.6085 0.3600 0.7072
vn -0.6973 0.1263 0.7056
vn -0.7640 -0.6453 -0.0000
vn 0.3022 0.6381 -0.7081
vn -0.6057 -0.7957 -0.0000
vn -0.4879 -0.8729 -0.0000
vn -0.2743 -0.6517 0.7071
vn -0.6024 -0.3683 -0.7081
vn -0.6756 -0.2077 -0.7074
vn -0.5258 0.4694 0.7094
vn -0.6177 0.3395 0.7094
vn 0.2047 0.6789 0.7051
vn -0.2060 -0.6755 -0.7080
vn 0.5290 -0.4681 -0.7078
vn 0.3983 -0.5834 -0.7079
vn -0.5748 0.4102 -0.7080
vn -0.4743 0.5239 -0.7075
vn -0.3459 0.6167 -0.7071
vn 0.1312 -0.9914 -0.0000
vn 0.0923 -0.7007 -0.7075
vn -0.7892 -0.6142 -0.0000
vn -0.9022 -0.4312 -0.0000
vn -0.9402 -0.3407 -0.0000
vn -0.9403 -0.3403 -0.0000
vn -0.9023 -0.4310 -0.0000
vn -0.7892 -0.6141 -0.0000
vn -0.5729 0.8196 -0.0000
vn -0.4641 0.5311 -0.7089
vn 0.6892 -0.1489 -0.7091
vn 0.2456 0.6631 -0.7071
vn -0.7628 0.6466 -0.0000
vn 0.2456 0.6631 0.7071
vn 0.1032 0.6871 0.7192
vn -0.7727 -0.2392 0.5879
vn 0.6991 0.0963 -0.7085
vn 0.3832 -0.5941 -0.7072
vn 0.6741 0.2136 0.7071
vn 0.6866 0.1334 0.7147
vn 0.7027 -0.0061 0.7114
vn 0.4837 0.3779 -0.7894
vn -0.6927 -0.1393 -0.7077
vn 0.5415 0.4535 0.7079
vn -0.1649 0.6889 -0.7059
vn -0.2197 0.9756 -0.0000
vn -0.5952 0.2975 -0.7465
vn -0.5890 0.3137 -0.7448
vn 0.6249 0.3186 0.7127
vn -0.7514 0.2592 0.6068
vn -0.3374 -0.7450 0.5754
vn 0.8030 -0.1746 -0.5698
vn 0.2290 0.7593 -0.6091
vn -0.6615 0.2455 -0.7086
vn -0.5806 0.4017 -0.7082
vn 0.2621 -0.6559 0.7079
vn -0.1565 0.6895 -0.7071
vn -0.6375 0.3180 0.7017
vn -0.6652 0.2403 0.7070
vn 0.2501 -0.6613 0.7072
vn 0.2775 -0.6536 0.7042
vn 0.3304 -0.9438 -0.0000
vn -0.6610 -0.7504 -0.0000
vn -0.3488 -0.6152 0.7070
vn -0.4059 -0.4106 0.8165
vn -0.4051 -0.5805 -0.7063
vn -0.0006 -0.0000 -1.0000
vn -0.1587 -0.2268 -0.9609
vn -0.4077 -0.5843 -0.7017
vn 0.5589 0.4313 0.7082
vn 0.1811 -0.6852 -0.7055
vn 0.4104 -0.4061 -0.8165
vn 0.4653 0.5301 -0.7089
vn 0.5589 0.4313 -0.7082
vn -0.5018 -0.8650 -0.0000
vn 0.7013 0.0836 -0.7080
vn 0.6918 0.1008 -0.7150
vn 0.2744 -0.9616 -0.0045
vn 0.6693 0.2280 -0.7071
vn 0.6750 0.2105 -0.7071
vn 0.7155 0.0150 -0.6985
vn 0.3300 0.6239 0.7084
vn -0.4383 -0.8988 -0.0000
vn 0.4837 -0.5160 0.7069
vn -0.5941 -0.3818 0.7080
vn -0.4752 0.5239 -0.7069
vn -0.1814 0.9834 -0.0000
vn -0.2681 0.6555 0.7060
vn -0.9547 -0.2977 -0.0000
vn -0.2959 -0.6462 -0.7035
vn 0.2294 0.6637 -0.7120
vn 0.6589 0.2574 0.7068
vn -0.2719 0.6526 -0.7072
vn 0.4082 -0.4082 -0.8165
vn 0.4757 0.5217 -0.7082
vn 0.4248 0.5569 0.7138
vn -0.4802 -0.5175 -0.7082
vn 0.6224 0.3334 -0.7081
vn -0.4236 0.3928 -0.8162
vn 0.4133 0.3629 -0.8352
vn 0.6270 -0.1995 0.7531
vn 0.7067 -0.0255 -0.7070
vn -0.7463 0.0988 0.6582
vn 0.1663 0.7979 -0.5794
vn -0.2694 -0.8025 0.5323
vn 0.7748 -0.0219 -0.6318
vn -0.8902 -0.4556 -0.0000
vn -0.8901 -0.4558 -0.0000
vn 0.8030 -0.1747 0.5698
vn 0.6250 0.3186 0.7127
vn 0.2270 0.6640 0.7125
vn 0.3454 0.6128 0.7108
vn -0.6422 0.2939 0.7080
vn -0.4752 0.5239 0.7069
vn -0.6714 0.2197 0.7077
vn -0.6836 -0.1808 -0.7071
vn -0.6044 -0.3653 0.7080
vn -0.6206 -0.3401 0.7065
vn -0.0850 0.7018 0.7073
vn 0.6210 0.3380 0.7072
vn -0.4743 0.5239 0.7075
vn -0.5748 0.4102 0.7080
vn -0.1584 -0.2269 0.9609
vn -0.4049 -0.5803 0.7066
vn -0.4076 -0.5842 0.7018
vn -0.0565 -0.7018 -0.7101
vn 0.0953 -0.7006 -0.7071
vn 0.5373 -0.8434 0.0019
vn 0.7748 -0.0219 0.6318
vn 0.2621 -0.6559 -0.7079
vn 0.6816 -0.1671 0.7124
vn 0.7070 -0.0153 0.7071
vn 0.0190 0.7000 -0.7139
vn 0.1035 0.6460 -0.7563
vn 0.2396 0.6655 -0.7069
vn -0.3290 -0.6206 0.7117
vn -0.1868 -0.6754 0.7134
vn 0.3933 0.5877 -0.7070
vn 0.6226 0.3343 0.7075
vn 0.6689 0.2163 0.7112
vn 0.6005 -0.7941 0.0934
vn 0.4634 -0.6128 0.6400
vn 0.3015 -0.3987 0.8661
vn 0.6996 -0.0940 0.7083
vn 0.2063 0.6743 0.7091
vn 0.6069 0.7948 -0.0000
vn 0.2063 0.6743 -0.7091
vn 0.4051 0.5805 -0.7063
vn 0.0006 -0.0000 -1.0000
vn 0.1587 0.2268 -0.9609
vn 0.4077 0.5843 -0.7017
vn 0.6750 0.2105 0.7071
vn 0.5966 -0.2182 0.7723
vn 0.7155 0.0150 0.6985
vn 0.9201 0.3916 -0.0000
vn -0.5656 -0.4199 -0.7098
vn -0.5656 -0.4199 0.7098
vn -0.3710 -0.6005 0.7083
vn 0.1565 -0.6896 -0.7071
vn -0.4250 0.5652 0.7071
vn 0.3766 -0.5990 0.7067
vn 0.4042 -0.5789 0.7081
vn -0.4717 0.5256 -0.7080
vn -0.4277 0.5680 -0.7032
vn 0.3824 0.5939 -0.7079
vn -0.6973 0.1263 -0.7056
vn -0.6085 0.3601 -0.7072
vn -0.6413 0.2995 -0.7064
vn -0.6419 0.2983 -0.7064
vn -0.6654 0.2391 -0.7072
vn -0.6973 0.1262 -0.7056
vn -0.6614 0.2508 0.7068
vn -0.6981 0.0693 0.7126
vn 0.0993 0.6784 0.7279
vn -0.4497 -0.5376 0.7133
vn 0.1558 -0.9220 -0.3544
vn 0.3369 0.6214 -0.7074
vn -0.6177 0.3395 -0.7094
vn -0.5258 0.4694 -0.7094
vn 0.3832 -0.5942 0.7072
vn 0.6088 -0.3593 -0.7073
vn 0.6353 -0.3101 -0.7073
vn 0.6348 -0.3110 -0.7073
vn 0.6661 -0.2357 -0.7077
vn 0.6730 0.2165 0.7072
vn 0.6541 0.2687 0.7071
vn -0.6043 -0.3655 0.7080
vn 0.6235 0.3291 -0.7092
vn -0.6799 -0.1940 0.7072
vn -0.6893 -0.1202 0.7144
vn -0.7024 0.0095 0.7118
vn -0.2060 -0.6755 0.7080
vn 0.5779 -0.4069 -0.7075
vn 0.3229 0.6286 -0.7075
vn -0.3278 -0.6253 -0.7082
vn -0.4550 -0.5386 -0.7092
vn 0.0147 -0.7070 0.7070
vn -0.7024 0.0768 -0.7076
vn -0.6441 -0.1373 -0.7525
vn 0.3933 0.5878 0.7070
vn 0.5254 -0.4721 0.7079
vn 0.6249 -0.3319 0.7067
vn -0.6042 -0.3656 -0.7080
vn -0.1649 0.6889 0.7059
vn 0.6124 -0.3520 -0.7079
vn -0.5564 0.4349 -0.7080
vn 0.5920 -0.3822 0.7095
vn -0.7034 -0.0607 -0.7082
vn -0.6981 0.0693 -0.7126
vn -0.6614 0.2508 -0.7068
vn 0.6249 0.3186 -0.7127
vn 0.4859 -0.8740 -0.0000
vn -0.6868 0.1623 -0.7085
vn -0.7016 0.0864 -0.7073
vn -0.7016 0.0861 -0.7073
vn -0.7061 0.0343 -0.7073
vn -0.7061 0.0339 -0.7073
vn 0.5940 -0.3837 -0.7070
vn 0.4746 0.5226 -0.7082
vn 0.6816 -0.1671 -0.7124
vn 0.7070 -0.0153 -0.7071
vn 0.7071 -0.0000 0.7071
vn -0.5890 0.3137 0.7448
vn 0.8689 0.4949 -0.0000
vn -0.6113 -0.3501 0.7098
vn -0.6520 -0.2734 0.7072
vn -0.4748 0.5239 -0.7072
vn -0.5877 0.3924 0.7075
vn 0.9799 0.1994 -0.0000
vn 0.6650 0.2400 -0.7073
vn -0.2814 0.9595 0.0161
vn -0.6840 -0.1803 -0.7069
vn -0.2456 -0.6631 -0.7071
vn -0.7071 -0.0000 -0.7071
vn 0.3223 -0.6333 -0.7036
vn -0.4184 0.5691 -0.7079
vn 0.9448 0.3278 -0.0000
vn 0.8926 0.4509 -0.0000
vn -0.1868 -0.6754 -0.7134
vn -0.0850 0.7018 -0.7073
vn 0.1757 0.6843 -0.7077
vn -0.4184 0.5691 0.7079
vn -0.3369 -0.6214 0.7074
vn -0.0002 0.3175 0.9482
vn 0.3933 0.5878 -0.7070
vn -0.9977 -0.0679 -0.0000
vn -0.9809 -0.1947 -0.0000
vn -0.4390 -0.5526 -0.7085
vn 0.7039 0.0658 -0.7072
vt 0.893130 0.500000
vt 0.893130 1.000000
vt 0.900763 1.000000
vt 0.626087 0.000000
vt 0.626087 0.300000
vt 0.634783 0.300000
vt 0.946667 0.000000
vt 0.946667 0.500000
vt 0.960000 0.000000
vt 0.869565 0.000000
vt 0.405797 0.000000
vt 0.391304 0.000000
vt 0.360000 0.500000
vt 0.344000 1.000000
vt 0.360000 1.000000
vt 0.144000 0.200000
vt 0.152000 0.000000
vt 0.144000 0.000000
vt 0.030769 0.500000
vt 0.030769 0.400000
vt 0.984615 0.000000
vt 0.888000 0.000000
vt 0.688000 0.000000
vt 0.680000 0.000000
vt 0.714286 0.700000
vt 0.706349 0.700000
vt 0.690476 0.800000
vt 0.328000 1.000000
vt 0.312000 0.500000
vt 0.312000 1.000000
vt 0.888889 1.000000
vt 0.047619 0.500000
vt 0.888889 0.500000
vt 0.534351 0.000000
vt 0.526718 0.500000
vt 0.534351 0.500000
vt 0.896985 0.700000
vt 0.899498 0.800000
vt 0.902010 0.500000
vt 0.900621 0.000000
vt 0.888199 0.000000
vt 0.496894 0.000000
vt 0.640000 0.500000
vt 0.640000 1.000000
vt 0.656000 1.000000
vt 0.989362 0.000000
vt 0.893617 0.000000
vt 0.882979 0.000000
vt 0.472000 0.500000
vt 0.488000 1.000000
vt 0.488000 0.500000
vt 0.355705 0.000000
vt 0.348993 0.000000
vt 0.993289 0.000000
vt 0.378882 0.000000
vt 1.000000 0.000000
vt 0.993789 0.000000
vt 0.554913 0.000000
vt 0.416185 0.000000
vt 0.606936 0.000000
vt 0.573333 0.500000
vt 0.546667 0.000000
vt 0.546667 0.500000
vt 0.291667 1.000000
vt 0.333333 0.500000
vt 0.291667 0.500000
vt 0.837838 0.600000
vt 0.810811 1.000000
vt 0.864865 1.000000
vt 0.615385 0.000000
vt 0.607692 0.100000
vt 0.607692 0.200000
vt 0.459799 0.500000
vt 0.459799 0.200000
vt 0.457286 0.200000
vt 0.839196 0.800000
vt 0.839196 1.000000
vt 0.841709 1.000000
vt 0.592000 0.000000
vt 0.576000 0.500000
vt 0.592000 0.500000
vt 0.484375 0.000000
vt 0.031250 0.000000
vt 0.992188 0.000000
vt 0.957055 0.000000
vt 0.944785 0.000000
vt 0.214724 0.000000
vt 0.084615 0.500000
vt 0.092308 1.000000
vt 0.092308 0.500000
vt 0.626667 1.000000
vt 0.626667 0.500000
vt 0.270270 0.000000
vt 0.837838 0.000000
vt 0.819820 0.000000
vt 0.914729 0.400000
vt 0.906977 0.400000
vt 0.906977 0.500000
vt 0.087302 0.500000
vt 0.079365 0.200000
vt 0.071429 0.300000
vt 0.224490 0.800000
vt 0.204082 0.500000
vt 0.204082 0.800000
vt 0.095238 0.500000
vt 0.111111 0.700000
vt 0.119048 0.600000
vt 0.909548 1.000000
vt 0.907035 0.800000
vt 0.904523 0.800000
vt 0.875776 0.000000
vt 0.850932 0.000000
vt 0.534162 0.000000
vt 0.702703 1.000000
vt 0.756757 1.000000
vt 0.756757 0.500000
vt 0.397516 0.000000
vt 0.981366 0.000000
vt 0.968944 0.000000
vt 0.014286 1.000000
vt 0.028571 0.500000
vt 0.014286 0.500000
vt 0.840000 0.500000
vt 0.826667 1.000000
vt 0.840000 1.000000
vt 0.492063 0.300000
vt 0.492063 0.200000
vt 0.484127 0.200000
vt 0.560000 0.000000
vt 0.576000 0.000000
vt 0.464824 0.500000
vt 0.467337 0.300000
vt 0.464824 0.200000
vt 0.408000 0.000000
vt 0.400000 0.100000
vt 0.408000 0.500000
vt 0.875000 0.500000
vt 0.916667 1.000000
vt 0.916667 0.500000
vt 0.534351 1.000000
vt 0.265896 0.000000
vt 0.127168 0.000000
vt 0.057803 0.000000
vt 0.460317 0.000000
vt 0.460317 0.200000
vt 0.622137 0.800000
vt 0.618321 0.800000
vt 0.614504 0.800000
vt 0.160000 0.000000
vt 0.166667 0.500000
vt 0.166667 0.000000
vt 0.367816 0.500000
vt 0.344828 1.000000
vt 0.367816 1.000000
vt 0.006667 0.000000
vt 0.020000 0.500000
vt 0.020000 0.000000
vt 0.060000 1.000000
vt 0.073333 1.000000
vt 0.073333 0.500000
vt 0.547368 0.500000
vt 0.536842 1.000000
vt 0.547368 1.000000
vt 0.872000 0.500000
vt 0.872000 0.000000
vt 0.137931 0.000000
vt 0.137931 0.500000
vt 0.160920 0.000000
vt 0.696000 0.000000
vt 0.696000 0.500000
vt 0.712000 0.500000
vt 0.270270 0.700000
vt 0.297297 0.500000
vt 0.270270 0.500000
vt 0.375000 0.500000
vt 0.416667 0.000000
vt 0.375000 0.000000
vt 0.702703 0.000000
vt 0.702703 0.500000
vt 0.682540 0.100000
vt 0.674603 0.100000
vt 0.674603 0.200000
vt 0.030303 0.000000
vt 0.371212 0.000000
vt 0.356061 0.000000
vt 0.688000 1.000000
vt 0.696000 1.000000
vt 0.567568 1.000000
vt 0.594595 1.000000
vt 0.594595 0.500000
vt 0.798995 0.500000
vt 0.804020 1.000000
vt 0.804020 0.500000
vt 0.335570 0.000000
vt 0.544000 0.500000
vt 0.544000 0.000000
vt 0.126667 0.000000
vt 0.073333 0.000000
vt 0.040000 0.500000
vt 0.040000 1.000000
vt 0.048000 1.000000
vt 0.680851 0.000000
vt 0.702128 0.000000
vt 0.276596 0.000000
vt 0.015075 0.600000
vt 0.997487 0.500000
vt 0.997487 1.000000
vt 0.200000 0.000000
vt 0.180000 0.100000
vt 0.200000 0.500000
vt 0.440000 0.000000
vt 0.440000 0.500000
vt 0.324324 0.200000
vt 0.351351 0.500000
vt 0.351351 0.200000
vt 0.432161 0.000000
vt 0.434673 0.500000
vt 0.434673 0.000000
vt 0.061069 0.400000
vt 0.087786 0.500000
vt 0.087786 0.000000
vt 0.527638 0.500000
vt 0.537688 0.500000
vt 0.537688 0.000000
vt 0.336683 0.800000
vt 0.339196 0.800000
vt 0.341709 0.800000
vt 0.473333 0.000000
vt 0.473333 0.500000
vt 0.480000 0.000000
vt 0.000000 0.000000
vt 0.138728 0.000000
vt 0.208092 0.000000
vt 0.452632 0.700000
vt 0.463158 0.800000
vt 0.473684 0.800000
vt 0.294737 0.000000
vt 0.273684 0.500000
vt 0.294737 0.500000
vt 0.488000 0.000000
vt 0.045977 0.000000
vt 0.034483 0.000000
vt 0.034483 0.500000
vt 0.053435 0.200000
vt 0.045802 0.000000
vt 0.045802 0.200000
vt 0.426087 0.000000
vt 0.460870 0.500000
vt 0.460870 0.000000
vt 0.091603 1.000000
vt 0.091603 0.500000
vt 0.217391 1.000000
vt 0.234783 1.000000
vt 0.217391 0.500000
vt 0.063158 0.300000
vt 0.073684 0.500000
vt 0.084211 0.500000
vt 0.380952 0.000000
vt 0.388889 0.500000
vt 0.388889 0.000000
vt 0.690476 0.200000
vt 0.706349 0.300000
vt 0.714286 0.300000
vt 0.162162 0.500000
vt 0.052174 0.700000
vt 0.060870 0.500000
vt 0.052174 0.500000
vt 0.573333 0.000000
vt 0.294479 0.000000
vt 0.858896 0.000000
vt 0.871166 0.000000
vt 0.351759 0.600000
vt 0.349246 0.600000
vt 0.346734 0.700000
vt 0.875969 0.000000
vt 0.899225 0.500000
vt 0.899225 0.000000
vt 0.332061 0.200000
vt 0.339695 0.300000
vt 0.343511 0.300000
vt 0.658730 0.700000
vt 0.658730 0.600000
vt 0.523810 0.500000
vt 0.333333 0.000000
vt 0.468468 0.000000
vt 0.090090 0.000000
vt 0.160000 0.300000
vt 0.152000 0.200000
vt 0.623077 0.600000
vt 0.623077 0.800000
vt 0.676923 1.000000
vt 0.592000 1.000000
vt 0.603053 0.000000
vt 0.606870 0.300000
vt 0.610687 0.200000
vt 0.660870 0.200000
vt 0.678261 0.300000
vt 0.686957 0.300000
vt 0.565217 0.000000
vt 0.577640 0.000000
vt 0.037267 0.000000
vt 0.538168 0.000000
vt 0.545802 0.500000
vt 0.545802 0.000000
vt 0.011494 1.000000
vt 0.988506 0.500000
vt 0.988506 1.000000
vt 0.252174 0.000000
vt 0.269565 0.500000
vt 0.269565 0.000000
vt 0.806045 0.000000
vt 0.811083 0.000000
vt 0.219144 0.000000
vt 0.125000 0.500000
vt 0.125000 0.000000
vt 0.344000 0.000000
vt 0.328000 0.500000
vt 0.344000 0.500000
vt 0.022901 1.000000
vt 0.038168 0.800000
vt 0.034351 0.700000
vt 0.877863 0.500000
vt 0.874046 0.000000
vt 0.874046 0.500000
vt 0.984615 1.000000
vt 0.976923 0.500000
vt 0.976923 1.000000
vt 0.126667 0.500000
vt 0.153333 1.000000
vt 0.153333 0.500000
vt 0.751256 0.700000
vt 0.751256 0.600000
vt 0.746231 0.500000
vt 0.600000 1.000000
vt 0.682540 0.500000
vt 0.682540 0.900000
vt 0.690476 0.900000
vt 0.214286 0.000000
vt 0.228571 0.500000
vt 0.228571 0.000000
vt 0.061069 0.600000
vt 0.057252 0.600000
vt 0.053435 0.700000
vt 0.060000 0.500000
vt 0.243719 0.500000
vt 0.246231 0.100000
vt 0.243719 0.100000
vt 0.160920 0.500000
vt 0.183908 0.000000
vt 0.660000 1.000000
vt 0.653333 0.500000
vt 0.653333 1.000000
vt 0.950192 0.000000
vt 0.934866 0.000000
vt 0.475096 0.000000
vt 0.206897 0.000000
vt 0.183908 0.500000
vt 0.206897 0.500000
vt 0.809045 0.500000
vt 0.809045 1.000000
vt 0.819095 0.500000
vt 0.514286 0.500000
vt 0.628571 0.000000
vt 0.514286 0.000000
vt 0.090452 0.100000
vt 0.087940 0.100000
vt 0.087940 0.200000
vt 0.055556 0.500000
vt 0.310345 0.000000
vt 0.318008 0.000000
vt 0.833333 0.500000
vt 0.791667 0.000000
vt 0.791667 0.500000
vt 0.032663 0.400000
vt 0.040201 0.000000
vt 0.032663 0.300000
vt 0.333333 1.000000
vt 0.375000 1.000000
vt 0.973333 1.000000
vt 0.986667 0.500000
vt 0.973333 0.500000
vt 0.680000 0.500000
vt 0.673333 0.900000
vt 0.680000 0.900000
vt 0.198492 0.000000
vt 0.188442 0.500000
vt 0.198492 0.500000
vt 0.038462 0.700000
vt 0.046154 0.700000
vt 0.046154 0.600000
vt 0.392000 0.500000
vt 0.376000 0.500000
vt 0.400000 0.900000
vt 0.038462 0.600000
vt 0.030769 0.600000
vt 0.135678 0.500000
vt 0.123116 0.500000
vt 0.123116 1.000000
vt 0.315789 1.000000
vt 0.294737 1.000000
vt 0.183206 1.000000
vt 0.187023 0.500000
vt 0.183206 0.500000
vt 0.652632 0.500000
vt 0.673684 1.000000
vt 0.673684 0.500000
vt 0.348837 0.500000
vt 0.348837 0.800000
vt 0.356589 0.800000
vt 0.061538 0.500000
vt 0.041667 0.000000
vt 0.083333 0.500000
vt 0.083333 0.000000
vt 0.633588 0.400000
vt 0.660305 0.500000
vt 0.660305 0.000000
vt 0.173333 0.100000
vt 0.173333 0.500000
vt 0.643678 0.500000
vt 0.666667 1.000000
vt 0.666667 0.500000
vt 0.473684 0.200000
vt 0.463158 0.200000
vt 0.452632 0.300000
vt 0.276923 0.000000
vt 0.092308 0.000000
vt 0.022901 0.500000
vt 0.950382 0.000000
vt 0.950382 0.500000
vt 0.824000 1.000000
vt 0.824000 0.500000
vt 0.792000 0.500000
vt 0.284615 0.500000
vt 0.284615 0.000000
vt 0.343511 0.700000
vt 0.339695 0.700000
vt 0.332061 0.800000
vt 0.809045 0.000000
vt 0.095238 0.800000
vt 0.087302 0.800000
vt 0.079365 0.800000
vt 0.113043 0.000000
vt 0.104348 0.500000
vt 0.113043 0.500000
vt 0.353846 0.500000
vt 0.346154 0.200000
vt 0.346154 0.500000
vt 0.346154 0.800000
vt 0.334171 0.700000
vt 0.334171 1.000000
vt 0.376923 0.400000
vt 0.376923 0.000000
vt 0.361538 0.300000
vt 0.427481 1.000000
vt 0.469466 0.500000
vt 0.427481 0.500000
vt 0.712000 1.000000
vt 0.476923 0.000000
vt 0.484615 0.500000
vt 0.484615 0.000000
vt 0.341709 0.200000
vt 0.339196 0.200000
vt 0.336683 0.200000
vt 0.373913 0.500000
vt 0.391304 1.000000
vt 0.391304 0.500000
vt 0.447205 0.000000
vt 0.937888 0.000000
vt 0.950311 0.000000
vt 0.260000 0.000000
vt 0.260000 0.500000
vt 0.924242 0.000000
vt 0.575758 0.000000
vt 0.500000 0.000000
vt 0.484127 0.800000
vt 0.460317 0.800000
vt 0.460317 1.000000
vt 0.286432 1.000000
vt 0.288945 0.500000
vt 0.286432 0.500000
vt 0.312977 0.500000
vt 0.251908 0.500000
vt 0.316794 0.600000
vt 0.552795 0.000000
vt 0.049689 0.000000
vt 0.600000 0.100000
vt 0.607692 0.000000
vt 0.600000 0.000000
vt 0.607692 0.900000
vt 0.607692 0.800000
vt 0.600000 0.800000
vt 0.607692 1.000000
vt 0.600000 0.900000
vt 0.020101 0.800000
vt 0.017588 0.700000
vt 0.015075 1.000000
vt 0.252632 1.000000
vt 0.273684 1.000000
vt 0.252632 0.500000
vt 0.557895 1.000000
vt 0.344828 0.500000
vt 0.321839 1.000000
vt 0.689655 0.500000
vt 0.724138 0.000000
vt 0.689655 0.000000
vt 0.515873 0.000000
vt 0.515873 0.500000
vt 0.658730 0.400000
vt 0.427481 0.000000
vt 0.469466 0.000000
vt 0.747126 0.500000
vt 0.724138 0.500000
vt 0.724138 1.000000
vt 0.684615 0.000000
vt 0.676923 0.500000
vt 0.684615 0.500000
vt 0.440000 1.000000
vt 0.918367 0.500000
vt 0.897959 1.000000
vt 0.918367 1.000000
vt 0.244898 0.800000
vt 0.244898 1.000000
vt 0.664122 0.500000
vt 0.755725 1.000000
vt 0.755725 0.500000
vt 0.907692 0.400000
vt 0.907692 0.000000
vt 0.876923 0.000000
vt 0.768786 0.000000
vt 0.774566 0.000000
vt 0.919075 0.000000
vt 0.538168 1.000000
vt 0.545802 1.000000
vt 0.624000 0.000000
vt 0.624000 0.500000
vt 0.869231 0.000000
vt 0.876923 0.500000
vt 1.000000 0.500000
vt 0.958333 1.000000
vt 1.000000 1.000000
vt 0.688000 0.600000
vt 0.680000 0.600000
vt 0.387597 0.400000
vt 0.387597 0.500000
vt 0.480620 0.500000
vt 0.907692 1.000000
vt 0.923077 1.000000
vt 0.923077 0.600000
vt 0.930769 0.600000
vt 0.923077 0.500000
vt 0.907692 0.600000
vt 0.897959 0.500000
vt 0.857143 1.000000
vt 0.888000 0.500000
vt 0.896000 1.000000
vt 0.896000 0.500000
vt 0.047619 0.000000
vt 0.063492 0.400000
vt 0.115789 1.000000
vt 0.126316 0.500000
vt 0.115789 0.500000
vt 0.984615 0.500000
vt 0.142857 0.000000
vt 0.114286 0.000000
vt 0.114286 0.500000
vt 0.242857 0.000000
vt 0.242857 0.500000
vt 0.046512 0.400000
vt 0.054264 0.400000
vt 0.062016 0.400000
vt 0.041985 0.500000
vt 0.071429 0.700000
vt 0.994975 1.000000
vt 0.934673 0.500000
vt 0.934673 1.000000
vt 0.628141 0.300000
vt 0.628141 0.200000
vt 0.623116 0.200000
vt 0.630653 0.400000
vt 0.633166 0.400000
vt 0.053435 0.300000
vt 0.633166 0.600000
vt 0.630653 0.600000
vt 0.628141 0.700000
vt 0.633588 0.600000
vt 0.660305 1.000000
vt 0.932161 0.000000
vt 0.914573 0.000000
vt 0.914573 0.400000
vt 0.333333 0.700000
vt 0.286822 0.500000
vt 0.190476 0.500000
vt 0.190476 0.000000
vt 0.562500 0.000000
vt 0.945312 0.000000
vt 0.080000 1.000000
vt 0.128000 0.600000
vt 0.112000 0.500000
vt 0.905263 0.300000
vt 0.915789 0.300000
vt 0.915789 0.000000
vt 0.946565 0.000000
vt 0.946565 0.200000
vt 0.055556 0.000000
vt 0.114943 0.500000
vt 0.114943 0.000000
vt 0.091954 0.000000
vt 0.468254 0.800000
vt 0.484127 0.500000
vt 0.714286 0.600000
vt 0.777778 0.500000
vt 0.053435 0.800000
vt 0.045802 0.800000
vt 0.045802 1.000000
vt 0.371859 0.500000
vt 0.371859 0.000000
vt 0.276923 1.000000
vt 0.284615 1.000000
vt 0.444444 0.400000
vt 0.297297 0.300000
vt 0.297297 0.000000
vt 0.626087 0.600000
vt 0.617391 0.600000
vt 0.617391 0.500000
vt 0.733668 0.000000
vt 0.736181 0.300000
vt 0.738693 0.200000
vt 0.444444 0.000000
vt 0.452381 0.300000
vt 0.452381 0.700000
vt 0.444444 1.000000
vt 0.213740 1.000000
vt 0.217557 0.700000
vt 0.213740 0.600000
vt 0.380952 0.500000
vt 0.200000 1.000000
vt 0.280000 0.500000
vt 0.364341 0.800000
vt 0.372093 0.800000
vt 0.372093 0.600000
vt 0.136842 1.000000
vt 0.147368 1.000000
vt 0.147368 0.900000
vt 0.221374 1.000000
vt 0.232824 0.800000
vt 0.221374 0.800000
vt 0.658730 0.300000
vt 0.320611 0.700000
vt 0.316794 0.700000
vt 0.324427 0.800000
vt 0.087940 0.800000
vt 0.085427 0.700000
vt 0.082915 0.700000
vt 0.567568 0.500000
vt 0.513514 1.000000
vt 0.693878 0.000000
vt 0.653061 0.500000
vt 0.693878 0.500000
vt 0.092965 0.200000
vt 0.092965 0.100000
vt 0.374046 1.000000
vt 0.374046 0.500000
vt 0.400000 1.000000
vt 0.408000 1.000000
vt 0.618090 0.300000
vt 0.620603 0.300000
vt 0.615578 0.300000
vt 0.621053 0.500000
vt 0.621053 1.000000
vt 0.052174 0.300000
vt 0.377863 0.000000
vt 0.377863 0.500000
vt 0.396947 0.500000
vt 0.922481 0.500000
vt 0.937984 0.500000
vt 0.041667 1.000000
vt 0.041667 0.500000
vt 0.062016 0.500000
vt 0.085271 0.500000
vt 0.666667 0.000000
vt 0.256000 0.500000
vt 0.456000 0.000000
vt 0.121739 0.000000
vt 0.121739 0.500000
vt 0.423664 0.500000
vt 0.423664 0.000000
vt 0.408696 1.000000
vt 0.426087 0.500000
vt 0.408696 0.500000
vt 0.380952 1.000000
vt 0.388889 1.000000
vt 0.373913 0.000000
vt 0.477099 0.000000
vt 0.473282 0.500000
vt 0.477099 0.500000
vt 0.473282 1.000000
vt 0.452381 0.400000
vt 0.152000 1.000000
vt 0.144000 0.800000
vt 0.144000 1.000000
vt 0.942529 0.500000
vt 0.553435 0.500000
vt 0.930769 0.400000
vt 0.915385 0.400000
vt 0.376923 0.500000
vt 0.407692 0.500000
vt 0.229885 0.000000
vt 0.229885 0.500000
vt 0.263819 0.000000
vt 0.246231 0.000000
vt 0.368421 0.500000
vt 0.347368 1.000000
vt 0.368421 1.000000
vt 0.006667 1.000000
vt 0.020000 1.000000
vt 0.889447 0.000000
vt 0.894472 0.400000
vt 0.896985 0.300000
vt 0.714286 0.400000
vt 0.492366 0.000000
vt 0.492366 0.500000
vt 0.618321 0.500000
vt 0.625954 0.700000
vt 0.629771 0.600000
vt 0.182540 0.000000
vt 0.126984 0.000000
vt 0.126984 0.400000
vt 0.024000 0.500000
vt 0.040000 0.000000
vt 0.024000 0.000000
vt 0.664122 0.000000
vt 0.664122 1.000000
vt 0.713568 1.000000
vt 0.653266 0.500000
vt 0.653266 1.000000
vt 0.565891 0.600000
vt 0.573643 0.600000
vt 0.581395 0.700000
vt 0.869231 0.500000
vt 0.684615 1.000000
vt 0.869231 1.000000
vt 0.546667 1.000000
vt 0.190476 1.000000
vt 0.759542 0.500000
vt 0.733668 1.000000
vt 0.736181 0.700000
vt 0.733668 0.600000
vt 0.444444 0.600000
vt 0.500000 0.400000
vt 0.500000 0.300000
vt 0.232824 0.500000
vt 0.240458 0.400000
vt 0.240458 0.300000
vt 0.346667 1.000000
vt 0.346667 0.500000
vt 0.442105 0.500000
vt 0.120603 0.500000
vt 0.100503 0.300000
vt 0.100503 0.400000
vt 0.793893 0.800000
vt 0.797710 0.800000
vt 0.797710 0.500000
vt 0.746231 0.200000
vt 0.751256 0.300000
vt 0.758794 0.000000
vt 0.225191 0.800000
vt 0.225191 0.500000
vt 0.642857 0.000000
vt 0.628571 0.500000
vt 0.642857 0.500000
vt 0.885714 0.000000
vt 0.857143 0.500000
vt 0.885714 0.500000
vt 0.522613 0.000000
vt 0.517588 0.500000
vt 0.522613 0.500000
vt 0.874046 1.000000
vt 0.877863 1.000000
vt 0.793970 0.000000
vt 0.793970 0.500000
vt 0.796482 0.500000
vt 0.520000 1.000000
vt 0.885496 0.500000
vt 0.893130 0.000000
vt 0.885496 0.000000
vt 0.837838 0.400000
vt 0.810811 0.400000
vt 0.783784 0.400000
vt 0.182540 0.500000
vt 0.095238 0.200000
vt 0.079365 0.000000
vt 0.229885 1.000000
vt 0.241379 1.000000
vt 0.942748 0.500000
vt 0.942748 0.200000
vt 0.946565 0.800000
vt 0.942748 0.800000
vt 0.958333 0.000000
vt 0.958333 0.500000
vt 0.456000 1.000000
vt 0.472000 1.000000
vt 0.456000 0.500000
vt 0.541667 0.000000
vt 0.583333 0.500000
vt 0.583333 0.000000
vt 0.166667 1.000000
vt 0.775510 1.000000
vt 0.816327 1.000000
vt 0.816327 0.500000
vt 0.250000 0.000000
vt 0.291667 0.000000
vt 0.888000 1.000000
vt 0.265306 0.500000
vt 0.265306 0.800000
vt 0.286957 0.500000
vt 0.286957 0.000000
vt 0.793103 0.500000
vt 0.793103 0.000000
vt 0.625000 0.500000
vt 0.541667 1.000000
vt 0.583333 1.000000
vt 0.416667 1.000000
vt 0.416667 0.500000
vt 0.750000 1.000000
vt 0.791667 1.000000
vt 0.541667 0.500000
vt 0.728000 1.000000
vt 0.744000 0.500000
vt 0.728000 0.500000
vt 0.500000 1.000000
vt 0.880952 0.500000
vt 0.125000 1.000000
vt 0.083333 1.000000
vt 0.805344 0.200000
vt 0.797710 0.200000
vt 0.805344 0.500000
vt 0.708333 1.000000
vt 0.708333 0.500000
vt 0.750000 0.500000
vt 0.458333 0.500000
vt 0.500000 0.500000
vt 0.458333 0.000000
vt 0.480000 1.000000
vt 0.493333 0.500000
vt 0.480000 0.500000
vt 0.250000 1.000000
vt 0.208333 0.500000
vt 0.250000 0.500000
vt 0.780000 1.000000
vt 0.793333 0.500000
vt 0.780000 0.500000
vt 0.047619 1.000000
vt 0.528000 0.500000
vt 0.544000 1.000000
vt 0.673333 0.500000
vt 0.515873 1.000000
vt 0.507937 0.600000
vt 0.492063 0.700000
vt 0.904523 0.500000
vt 0.909548 0.700000
vt 0.912060 0.600000
vt 0.625954 0.300000
vt 0.625954 0.200000
vt 0.618321 0.200000
vt 0.812977 0.700000
vt 0.812977 0.600000
vt 0.126984 0.600000
vt 0.182540 1.000000
vt 0.960000 0.500000
vt 0.650754 0.500000
vt 0.633166 0.500000
vt 0.493333 0.000000
vt 0.690476 0.100000
vt 0.000000 1.000000
vt 0.000000 0.500000
vt 0.022613 0.800000
vt 0.025126 0.800000
vt 0.027638 0.800000
vt 0.873684 0.300000
vt 0.884211 0.300000
vt 0.884211 0.200000
vt 0.716080 1.000000
vt 0.716080 0.500000
vt 0.213740 0.000000
vt 0.217557 0.300000
vt 0.221374 0.200000
vt 0.790076 0.700000
vt 0.786260 1.000000
vt 0.468254 0.500000
vt 0.500000 0.700000
vt 0.500000 0.600000
vt 0.741206 0.500000
vt 0.741206 0.800000
vt 0.746231 0.800000
vt 0.758794 1.000000
vt 0.750000 0.000000
vt 0.900000 0.500000
vt 0.885714 1.000000
vt 0.900000 1.000000
vt 0.320000 0.500000
vt 0.128000 0.300000
vt 0.136000 0.300000
vt 0.136000 0.200000
vt 0.484211 0.800000
vt 0.484211 0.700000
vt 0.361538 0.700000
vt 0.376923 0.600000
vt 0.666667 0.300000
vt 0.348837 0.200000
vt 0.341085 0.200000
vt 0.333333 0.300000
vt 0.648649 0.500000
vt 0.100503 0.700000
vt 0.097990 0.700000
vt 0.092965 0.800000
vt 0.100503 0.600000
vt 0.777778 1.000000
vt 0.785714 0.500000
vt 0.759542 1.000000
vt 0.786260 0.600000
vt 0.825397 0.500000
vt 0.880952 0.000000
vt 0.208543 1.000000
vt 0.218593 0.500000
vt 0.208543 0.500000
vt 0.279070 0.000000
vt 0.286822 0.000000
vt 0.888889 0.000000
vt 0.356589 0.000000
vt 0.348837 0.000000
vt 0.187023 1.000000
vt 0.533333 1.000000
vt 0.533333 0.500000
vt 0.786260 0.000000
vt 0.790076 0.300000
vt 0.793893 0.200000
vt 0.452261 1.000000
vt 0.454774 0.700000
vt 0.452261 0.600000
vt 0.372093 0.400000
vt 0.379845 0.400000
vt 0.824427 1.000000
vt 0.413793 1.000000
vt 0.390805 0.500000
vt 0.208333 0.000000
vt 0.625000 1.000000
vt 0.232824 0.200000
vt 0.236641 0.200000
vt 0.229008 0.200000
vt 0.432161 1.000000
vt 0.371859 1.000000
vt 0.744000 1.000000
vt 0.324427 0.900000
vt 0.328244 0.900000
vt 0.328244 0.500000
vt 0.628571 1.000000
vt 0.341709 0.000000
vt 0.224490 0.200000
vt 0.224490 0.500000
vt 0.244898 0.200000
vt 0.523810 1.000000
vt 0.674603 0.800000
vt 0.666667 0.700000
vt 0.839080 1.000000
vt 0.793103 1.000000
vt 0.082915 0.300000
vt 0.085427 0.300000
vt 0.347328 0.500000
vt 0.343511 0.400000
vt 0.780000 0.000000
vt 0.584615 0.300000
vt 0.592308 0.300000
vt 0.600000 0.200000
vt 0.120603 0.000000
vt 0.120603 1.000000
vt 0.185930 0.500000
vt 0.183417 1.000000
vt 0.185930 1.000000
vt 0.324324 0.800000
vt 0.351351 0.800000
vt 0.286667 1.000000
vt 0.300000 0.500000
vt 0.286667 0.500000
vt 0.030151 0.800000
vt 0.620603 0.700000
vt 0.620603 0.800000
vt 0.623116 0.800000
vt 0.428571 0.500000
vt 0.514286 1.000000
vt 0.673333 0.100000
vt 0.673333 0.000000
vt 0.942857 0.000000
vt 0.682171 0.000000
vt 0.674419 0.500000
vt 0.682171 0.500000
vt 0.960000 1.000000
vt 0.992000 0.500000
vt 0.223618 1.000000
vt 0.228643 1.000000
vt 0.223618 0.500000
vt 0.341085 0.800000
vt 0.336000 0.000000
vt 0.320000 0.000000
vt 0.581395 0.300000
vt 0.589147 0.300000
vt 0.596899 0.200000
vt 0.366667 0.500000
vt 0.126667 1.000000
vt 0.246231 0.900000
vt 0.243719 0.900000
vt 0.248744 0.500000
vt 0.248744 0.900000
vt 0.385714 0.600000
vt 0.371429 0.500000
vt 0.357143 0.600000
vt 0.263819 0.500000
vt 0.271357 0.000000
vt 0.271357 0.500000
vt 0.276382 0.500000
vt 0.276382 0.000000
vt 0.033333 0.000000
vt 0.046667 0.500000
vt 0.046667 0.000000
vt 0.866412 1.000000
vt 0.612403 0.200000
vt 0.612403 0.500000
vt 0.627907 0.300000
vt 0.022901 0.000000
vt 0.034351 0.300000
vt 0.038168 0.200000
vt 0.293970 0.500000
vt 0.288945 0.000000
vt 0.793970 1.000000
vt 0.791457 0.500000
vt 0.938462 0.500000
vt 0.938462 0.000000
vt 0.957895 0.500000
vt 0.926316 0.500000
vt 0.915789 0.700000
vt 0.829146 1.000000
vt 0.826633 0.500000
vt 0.038760 0.600000
vt 0.031008 0.500000
vt 0.031008 1.000000
vt 0.468254 0.200000
vt 0.349246 0.400000
vt 0.351759 0.400000
vt 0.346734 0.300000
vt 0.341709 0.500000
vt 0.826667 0.000000
vt 0.826667 0.500000
vt 0.423664 1.000000
vt 0.513514 0.000000
vt 0.567568 0.000000
vt 0.063158 0.500000
vt 0.321739 1.000000
vt 0.339130 1.000000
vt 0.339130 0.500000
vt 0.346939 0.500000
vt 0.432161 0.500000
vt 0.614504 0.500000
vt 0.087302 0.200000
vt 0.942529 0.000000
vt 0.896552 0.500000
vt 0.775510 0.500000
vt 0.015075 0.000000
vt 0.017588 0.300000
vt 0.020101 0.200000
vt 0.522613 1.000000
vt 0.866412 0.000000
vt 0.833333 1.000000
vt 0.875000 1.000000
vt 0.225191 0.200000
vt 0.950382 1.000000
vt 0.505025 0.000000
vt 0.510050 0.500000
vt 0.510050 0.000000
vt 0.512563 0.500000
vt 0.510050 1.000000
vt 0.512563 1.000000
vt 0.517588 1.000000
vt 0.836683 0.500000
vt 0.839196 0.500000
vt 0.885496 1.000000
vt 0.180000 0.500000
vt 0.142857 0.500000
vt 0.038168 0.000000
vt 0.841709 0.000000
vt 0.839196 0.200000
vt 0.841709 0.500000
vt 0.030769 0.000000
vt 0.038462 0.400000
vt 0.555276 0.500000
vt 0.557789 0.100000
vt 0.555276 0.100000
vt 0.557789 0.500000
vt 0.555276 0.900000
vt 0.557789 0.900000
vt 0.031579 0.500000
vt 0.031579 0.400000
vt 0.978947 0.000000
vt 0.918919 0.500000
vt 0.972973 0.000000
vt 0.918919 0.000000
vt 0.361538 0.800000
vt 0.376923 1.000000
vt 0.006667 0.500000
vt 0.330769 0.800000
vt 0.338462 0.500000
vt 0.330769 0.600000
vt 0.087940 0.900000
vt 0.090452 0.900000
vt 0.090452 0.500000
vt 0.520000 0.000000
vt 0.533333 0.000000
vt 0.477099 1.000000
vt 0.492366 1.000000
vt 0.623116 0.500000
vt 0.909548 0.300000
vt 0.909548 0.200000
vt 0.904523 0.200000
vt 0.653266 0.000000
vt 0.650754 0.000000
vt 0.369347 0.500000
vt 0.351759 0.500000
vt 0.286667 0.000000
vt 0.300000 0.000000
vt 0.120000 0.500000
vt 0.040000 0.900000
vt 0.081081 1.000000
vt 0.027027 0.500000
vt 0.027027 1.000000
vt 0.994975 0.000000
vt 0.934673 0.000000
vt 0.896000 0.000000
vt 0.928000 0.500000
vt 0.928000 0.000000
vt 0.713568 0.000000
vt 0.716080 0.000000
vt 0.786260 0.500000
vt 0.786260 0.400000
vt 0.111111 1.000000
vt 0.103175 0.800000
vt 0.973333 0.000000
vt 0.833333 0.000000
vt 0.875000 0.000000
vt 0.192000 0.000000
vt 0.931298 1.000000
vt 0.927481 0.500000
vt 0.708333 0.000000
vt 0.523810 0.000000
vt 0.251908 1.000000
vt 0.240458 0.600000
vt 0.240458 0.700000
vt 0.959184 0.000000
vt 0.959184 0.500000
vt 0.623077 0.400000
vt 0.607692 0.500000
vt 0.898551 0.000000
vt 0.376812 0.000000
vt 0.027638 0.200000
vt 0.022613 0.200000
vt 0.027638 0.500000
vt 0.618321 0.000000
vt 0.905263 0.200000
vt 0.894737 0.200000
vt 0.894737 0.500000
vt 0.804020 0.000000
vt 0.476923 1.000000
vt 0.484615 1.000000
vt 0.353846 0.800000
vt 0.061069 1.000000
vt 0.087786 1.000000
vt 0.836683 0.200000
vt 0.942529 1.000000
vt 0.896552 1.000000
vt 0.493333 1.000000
vt 0.751256 0.400000
vt 0.374046 0.000000
vt 0.033333 0.500000
vt 0.864865 0.500000
vt 0.864865 0.600000
vt 0.918919 1.000000
vt 0.756522 0.500000
vt 0.686957 0.400000
vt 0.914573 0.600000
vt 0.111111 0.300000
vt 0.111111 0.200000
vt 0.629771 0.400000
vt 0.160000 1.000000
vt 0.057252 0.400000
vt 0.776000 0.000000
vt 0.760000 0.500000
vt 0.776000 0.500000
vt 0.183206 0.000000
vt 0.091603 0.000000
vt 0.600000 0.500000
vt 0.688000 0.400000
vt 0.730061 0.000000
vt 0.104294 0.000000
vt 0.122699 0.000000
vt 0.052174 0.200000
vt 0.043478 0.200000
vt 0.271429 0.500000
vt 0.328571 1.000000
vt 0.328571 0.500000
vt 0.700000 0.000000
vt 0.700000 0.500000
vt 0.853333 0.500000
vt 0.860000 0.500000
vt 0.873333 0.500000
vt 0.660000 0.000000
vt 0.660000 0.500000
vt 0.448980 0.000000
vt 0.408163 0.500000
vt 0.448980 0.500000
vt 0.120000 0.600000
vt 0.128000 0.400000
vt 0.120000 0.400000
vt 0.033333 1.000000
vt 0.680000 0.100000
vt 0.122449 0.500000
vt 0.621622 0.500000
vt 0.594595 0.000000
vt 0.168000 0.500000
vt 0.192000 0.500000
vt 0.160000 0.700000
vt 0.040201 0.500000
vt 0.082915 0.400000
vt 0.214286 0.500000
vt 0.304000 0.500000
vt 0.256000 1.000000
vt 0.276382 1.000000
vt 0.281407 1.000000
vt 0.336000 0.500000
vt 0.228643 0.500000
vt 0.236181 1.000000
vt 0.236181 0.500000
vt 0.392000 0.900000
vt 0.876923 1.000000
vt 0.069565 0.500000
vt 0.472000 0.000000
vt 0.785714 1.000000
vt 0.512000 1.000000
vt 0.460870 1.000000
vt 0.530435 0.500000
vt 0.528000 0.000000
vt 0.512000 0.500000
vt 0.080000 0.000000
vt 0.738693 0.800000
vt 0.560000 1.000000
vt 0.576000 1.000000
vt 0.560000 0.500000
vt 0.608000 0.500000
vt 0.608000 0.000000
vt 0.608000 1.000000
vt 0.624000 1.000000
vt 0.680000 0.400000
vt 0.656000 0.000000
vt 0.452261 0.500000
vt 0.452261 0.400000
vt 0.688000 0.500000
vt 0.960000 0.100000
vt 0.920000 0.500000
vt 0.760000 1.000000
vt 0.592308 0.700000
vt 0.584615 0.700000
vt 0.728000 0.000000
vt 0.744000 0.000000
vt 0.776000 1.000000
vt 0.442105 0.000000
vt 0.942857 0.500000
vt 0.914286 1.000000
vt 0.942857 1.000000
vt 0.872000 1.000000
vt 0.792000 1.000000
vt 0.700000 1.000000
vt 0.040000 0.100000
vt 0.628141 1.000000
vt 0.625628 0.800000
vt 0.778947 0.000000
vt 0.768421 0.500000
vt 0.810526 0.100000
vt 0.026087 1.000000
vt 0.043478 0.800000
vt 0.043478 0.700000
vt 0.507937 0.400000
vt 0.972973 0.500000
vt 0.604651 0.200000
vt 0.604651 0.500000
vt 0.810811 0.000000
vt 0.571429 1.000000
vt 0.571429 0.500000
vt 0.551020 0.500000
vt 0.324324 0.500000
vt 0.297297 1.000000
vt 0.324324 1.000000
vt 0.850575 0.000000
vt 0.850575 0.500000
vt 0.792000 0.000000
vt 0.040201 1.000000
vt 0.032663 0.600000
vt 0.875969 1.000000
vt 0.875969 0.500000
vt 0.783784 0.600000
vt 0.783784 0.500000
vt 0.864865 0.400000
vt 0.864865 0.000000
vt 0.046154 0.300000
vt 0.038462 0.300000
vt 0.972973 1.000000
vt 0.027027 0.000000
vt 0.014286 0.000000
vt 0.028571 1.000000
vt 0.057143 0.500000
vt 0.293970 1.000000
vt 0.298995 0.500000
vt 0.557895 0.000000
vt 0.557895 0.500000
vt 0.457286 0.800000
vt 0.459799 0.800000
vt 0.357143 1.000000
vt 0.931298 0.000000
vt 0.214286 1.000000
vt 0.813333 0.500000
vt 0.813333 0.000000
vt 0.257143 0.000000
vt 0.257143 0.500000
vt 0.257143 1.000000
vt 0.271429 1.000000
vt 0.357143 0.400000
vt 0.371429 0.400000
vt 0.385714 0.400000
vt 0.385714 0.500000
vt 0.400000 0.000000
vt 0.400000 0.400000
vt 0.414286 0.600000
vt 0.560301 0.500000
vt 0.570352 0.500000
vt 0.385714 1.000000
vt 0.400000 0.600000
vt 0.682171 1.000000
vt 0.868217 0.500000
vt 0.234783 0.500000
vt 0.252174 1.000000
vt 0.252174 0.500000
vt 0.873333 1.000000
vt 0.130435 0.500000
vt 0.165217 1.000000
vt 0.165217 0.500000
vt 0.642857 1.000000
vt 0.160000 0.500000
vt 0.081081 0.000000
vt 0.081081 0.500000
vt 0.034483 1.000000
vt 0.045977 1.000000
vt 0.738693 0.000000
vt 0.900000 0.000000
vt 0.252632 0.000000
vt 0.221053 0.000000
vt 0.221053 0.500000
vt 0.755725 0.000000
vt 0.759542 0.000000
vt 0.901515 0.000000
vt 0.606061 0.000000
vt 0.613636 0.000000
vt 0.808696 0.500000
vt 0.869565 0.500000
vt 0.011494 0.500000
vt 0.506667 0.000000
vt 0.520000 0.500000
vt 0.063158 0.700000
vt 0.046154 0.400000
vt 0.053846 0.500000
vt 0.196532 0.000000
vt 0.264368 0.500000
vt 0.287356 0.000000
vt 0.264368 0.000000
vt 0.484211 0.200000
vt 0.473684 0.500000
vt 0.618090 0.700000
vt 0.615578 0.700000
vt 0.310345 0.500000
vt 0.287356 0.500000
vt 0.310345 1.000000
vt 0.330769 0.400000
vt 0.330769 0.200000
vt 0.425287 0.500000
vt 0.413793 0.000000
vt 0.413793 0.500000
vt 0.425287 1.000000
vt 0.914286 0.000000
vt 0.551724 0.500000
vt 0.563218 0.400000
vt 0.551724 0.400000
vt 0.563218 0.600000
vt 0.551724 0.600000
vt 0.414286 0.500000
vt 0.597701 0.000000
vt 0.620690 0.500000
vt 0.620690 0.000000
vt 0.300000 1.000000
vt 0.306667 1.000000
vt 0.538168 0.500000
vt 0.839080 0.000000
vt 0.850575 1.000000
vt 0.946565 1.000000
vt 0.436782 0.000000
vt 0.436782 0.500000
vt 0.011494 0.000000
vt 0.189189 0.000000
vt 0.270270 0.300000
vt 0.085714 0.500000
vt 0.057143 1.000000
vt 0.085714 1.000000
vt 0.198492 1.000000
vt 0.188442 1.000000
vt 0.758794 0.500000
vt 0.781407 1.000000
vt 0.320000 1.000000
vt 0.623077 1.000000
vt 0.615385 0.800000
vt 0.517588 0.000000
vt 0.631579 0.500000
vt 0.652632 1.000000
vt 0.119048 0.400000
vt 0.674603 0.900000
vt 0.800000 1.000000
vt 0.720000 0.500000
vt 0.720000 1.000000
vt 0.208333 1.000000
vt 0.228571 1.000000
vt 1.000000 0.100000
vt 0.032663 0.700000
vt 0.920000 0.900000
vt 0.960000 0.900000
vt 0.280000 0.000000
vt 0.271357 1.000000
vt 0.263819 1.000000
vt 0.853333 1.000000
vt 0.860000 1.000000
vt 0.185930 0.000000
vt 0.183417 0.500000
vt 0.052632 0.700000
vt 0.052632 0.500000
vt 0.031579 0.600000
vt 0.034783 0.300000
vt 0.034783 0.400000
vt 0.026087 0.400000
vt 0.031579 1.000000
vt 0.620155 0.800000
vt 0.620155 0.700000
vt 0.627907 0.700000
vt 0.052174 0.000000
vt 0.043478 0.000000
vt 0.217391 0.000000
vt 0.234783 0.000000
vt 0.765217 0.500000
vt 0.756522 1.000000
vt 0.765217 1.000000
vt 0.095652 1.000000
vt 0.069565 1.000000
vt 0.603053 0.400000
vt 0.553435 0.000000
vt 0.603053 0.500000
vt 0.095652 0.000000
vt 0.095652 0.500000
vt 0.104348 1.000000
vt 0.130435 0.000000
vt 0.121739 1.000000
vt 0.113043 1.000000
vt 0.738693 1.000000
vt 0.137931 1.000000
vt 0.114943 1.000000
vt 0.821053 0.500000
vt 0.810526 0.900000
vt 0.821053 0.900000
vt 0.612245 1.000000
vt 0.269565 1.000000
vt 0.286957 1.000000
vt 0.304348 0.500000
vt 0.304348 1.000000
vt 0.256000 0.000000
vt 0.473282 0.000000
vt 0.426087 1.000000
vt 0.408696 0.000000
vt 0.432432 0.000000
vt 0.459459 0.500000
vt 0.539130 0.500000
vt 0.530435 1.000000
vt 0.539130 1.000000
vt 0.316794 0.300000
vt 0.309160 0.000000
vt 0.251908 0.000000
vt 0.512000 0.000000
vt 0.643478 0.800000
vt 0.634783 0.700000
vt 0.626087 0.700000
vt 0.091954 0.500000
vt 0.091954 1.000000
vt 0.061224 1.000000
vt 0.061224 0.500000
vt 0.020408 0.500000
vt 0.793893 0.000000
vt 0.653061 0.000000
vt 0.612245 0.500000
vt 0.045802 0.500000
vt 0.030534 0.400000
vt 0.063158 1.000000
vt 0.052632 0.800000
vt 0.052632 1.000000
vt 0.328244 0.100000
vt 0.324427 0.100000
vt 0.324427 0.200000
vt 0.464824 0.800000
vt 0.828571 0.000000
vt 0.785714 0.000000
vt 0.157895 0.500000
vt 0.157895 0.900000
vt 0.686957 0.700000
vt 0.678261 0.700000
vt 0.660870 0.800000
vt 0.528000 1.000000
vt 0.756522 0.000000
vt 0.765217 0.000000
vt 0.878261 0.000000
vt 0.878261 0.500000
vt 0.676923 0.000000
vt 0.623077 0.200000
vt 0.553435 1.000000
vt 0.603053 0.600000
vt 0.984496 1.000000
vt 0.766667 0.500000
vt 0.753333 0.500000
vt 0.753333 1.000000
vt 0.693878 1.000000
vt 0.315789 0.500000
vt 0.326316 1.000000
vt 0.326316 0.500000
vt 0.052632 0.200000
vt 0.042105 0.000000
vt 0.031579 0.000000
vt 0.028571 0.000000
vt 0.244898 0.500000
vt 0.000000 0.900000
vt 0.347368 0.000000
vt 0.347368 0.500000
vt 0.571429 0.000000
vt 0.612245 0.000000
vt 0.891892 0.000000
vt 0.198198 0.000000
vt 0.900901 0.000000
vt 0.733668 0.500000
vt 0.733668 0.400000
vt 0.584615 0.600000
vt 0.576923 0.500000
vt 0.538462 0.500000
vt 0.060000 0.000000
vt 0.857143 0.000000
vt 0.905263 1.000000
vt 0.894737 0.800000
vt 0.894737 1.000000
vt 0.959184 1.000000
vt 0.093023 0.000000
vt 0.093023 0.500000
vt 0.984496 0.000000
vt 0.031008 0.000000
vt 0.484211 0.000000
vt 0.473684 0.000000
vt 0.062016 0.600000
vt 0.054264 0.500000
vt 0.674419 1.000000
vt 0.484211 1.000000
vt 0.473684 1.000000
vt 0.976923 0.000000
vt 0.597701 1.000000
vt 0.597701 0.500000
vt 0.446667 0.000000
vt 0.446667 0.500000
vt 0.460000 0.000000
vt 0.626667 0.000000
vt 0.093023 1.000000
vt 0.494737 0.500000
vt 0.484211 0.300000
vt 0.484211 0.500000
vt 0.889447 0.500000
vt 0.889447 1.000000
vt 0.660870 0.100000
vt 0.652174 0.100000
vt 0.366667 1.000000
vt 0.326531 1.000000
vt 0.408163 1.000000
vt 0.766667 0.000000
vt 0.506667 1.000000
vt 0.364341 0.500000
vt 0.364341 0.200000
vt 0.356589 0.200000
vt 0.055556 1.000000
vt 0.372093 0.200000
vt 0.387597 0.600000
vt 0.379845 0.600000
vt 0.620603 0.200000
vt 0.187023 0.000000
vt 0.905263 0.700000
vt 0.915789 0.500000
vt 0.905263 0.500000
vt 0.565327 1.000000
vt 0.605528 1.000000
vt 0.615578 0.600000
vt 0.126984 0.500000
vt 0.604651 0.100000
vt 0.596899 0.100000
vt 0.596899 0.000000
vt 0.596899 1.000000
vt 0.604651 0.900000
vt 0.596899 0.900000
vt 0.062016 1.000000
vt 0.046512 0.600000
vt 0.155779 1.000000
vt 0.155779 0.500000
vt 0.905263 0.000000
vt 0.894737 0.000000
vt 0.648649 0.000000
vt 0.675676 0.500000
vt 0.828571 1.000000
vt 0.828571 0.500000
vt 0.868217 0.000000
vt 0.868217 1.000000
vt 0.777778 0.000000
vt 0.547739 1.000000
vt 0.545226 0.500000
vt 0.147368 0.100000
vt 0.147368 0.500000
vt 0.914729 0.600000
vt 0.022613 0.500000
vt 0.326316 0.000000
vt 0.213740 0.400000
vt 0.976744 0.000000
vt 0.937984 0.000000
vt 0.976744 0.500000
vt 0.984496 0.500000
vt 0.095238 0.000000
vt 0.916667 0.000000
vt 0.346734 0.200000
vt 0.625000 0.000000
vt 0.458333 1.000000
vt 0.812977 0.300000
vt 0.812977 0.400000
vt 0.824427 0.000000
vt 0.472362 0.700000
vt 0.612403 0.800000
vt 0.604651 0.800000
vt 0.364341 0.000000
vt 0.293970 0.000000
vt 0.298995 0.000000
vt 0.938462 1.000000
vt 0.063158 0.200000
vt 0.079365 1.000000
vt 0.840000 0.000000
vt 0.353846 0.200000
vt 0.361538 0.200000
vt 0.332061 0.900000
vt 0.539043 0.000000
vt 0.528967 0.000000
vt 0.272040 0.000000
vt 0.052174 0.800000
vt 0.287356 1.000000
vt 0.264368 1.000000
vt 0.038760 0.500000
vt 0.038760 0.400000
vt 0.741206 0.200000
vt 0.260000 1.000000
vt 0.606870 0.700000
vt 0.603053 1.000000
vt 0.610687 0.800000
vt 0.057143 0.000000
vt 0.085714 0.000000
vt 0.008000 1.000000
vt 0.024000 1.000000
vt 0.008000 0.500000
vt 0.320611 0.300000
vt 0.589147 0.700000
vt 0.596899 0.800000
vt 0.332061 0.100000
vt 0.097990 0.300000
vt 0.686957 0.600000
vt 0.123116 0.000000
vt 0.236181 0.000000
vt 0.793893 1.000000
vt 0.805344 0.800000
vt 0.407692 1.000000
vt 0.476923 0.500000
vt 0.620155 0.200000
vt 0.286432 0.000000
vt 0.279070 1.000000
vt 0.279070 0.500000
vt 0.880000 0.000000
vt 0.800000 0.000000
vt 0.920000 0.100000
vt 0.537688 1.000000
vt 0.142857 1.000000
vt 0.328571 0.000000
vt 0.180000 0.900000
vt 0.173333 0.900000
vt 0.173333 1.000000
vt 0.344828 0.000000
vt 0.367816 0.000000
vt 0.356522 0.500000
vt 0.356522 0.000000
vt 0.806667 1.000000
vt 0.806667 0.500000
vt 0.519084 0.000000
vt 0.507634 0.500000
vt 0.519084 0.500000
vt 0.321839 0.000000
vt 0.877863 0.000000
vt 0.380000 1.000000
vt 0.446667 1.000000
vt 0.380000 0.500000
vt 0.460000 1.000000
vt 0.208543 0.000000
vt 0.218593 0.000000
vt 0.506667 0.500000
vt 0.689655 1.000000
vt 0.760000 0.000000
vt 0.315789 0.000000
vt 0.658730 0.000000
vt 0.165217 0.000000
vt 0.346734 1.000000
vt 0.344221 0.800000
vt 0.436782 1.000000
vt 0.722222 0.500000
vt 0.900763 0.000000
vt 0.900763 0.500000
vt 0.694737 0.500000
vt 0.694737 1.000000
vt 0.793333 1.000000
vt 0.328000 0.000000
vt 0.312000 0.000000
vt 0.356522 1.000000
vt 0.373913 1.000000
vt 0.846667 0.500000
vt 0.364341 1.000000
vt 0.986667 0.000000
vt 0.946667 1.000000
vt 0.878261 1.000000
vt 0.026087 0.600000
vt 0.472362 0.300000
vt 0.472362 0.500000
vt 0.539130 0.000000
vt 0.530435 0.000000
vt 0.042105 0.300000
vt 0.042105 0.400000
vt 0.043478 0.300000
vt 0.026087 0.000000
vt 0.063158 0.000000
vt 0.052632 0.000000
vt 0.694737 0.000000
vt 0.115789 0.000000
vt 0.126316 0.000000
vt 0.321739 0.000000
vt 0.304348 0.000000
vt 0.321739 0.500000
vt 0.136842 0.000000
vt 0.136842 0.500000
vt 0.816327 0.000000
vt 0.147368 0.000000
vt 0.565891 0.400000
vt 0.621053 0.000000
vt 0.448980 1.000000
vt 0.510204 1.000000
vt 0.673333 1.000000
vt 0.897959 0.000000
vt 0.400000 0.500000
vt 0.348837 1.000000
vt 1.000000 0.900000
vt 0.467337 0.700000
vt 0.494737 0.300000
vt 0.505263 0.500000
vt 0.463158 1.000000
vt 0.494737 0.700000
vt 0.494737 0.000000
vt 0.858779 0.000000
vt 0.824427 0.500000
vt 0.858779 0.500000
vt 0.241206 0.000000
vt 0.631579 1.000000
vt 0.673684 0.000000
vt 0.584615 0.400000
vt 0.286822 1.000000
vt 0.153266 0.500000
vt 0.155779 0.000000
vt 0.153266 0.000000
vt 0.778947 1.000000
vt 0.810526 0.500000
vt 0.046512 0.500000
vt 0.414286 0.400000
vt 0.905263 0.800000
vt 0.884211 0.800000
vt 0.873684 0.700000
vt 0.873684 1.000000
vt 0.063492 0.600000
vt 0.858779 1.000000
vt 0.494737 1.000000
vt 0.988506 0.000000
vt 0.064000 0.500000
vt 0.064000 0.000000
vt 0.048000 0.000000
vt 0.008000 0.000000
vt 0.043478 0.500000
vt 0.968421 0.500000
vt 0.957895 1.000000
vt 0.968421 1.000000
vt 0.873684 0.500000
vt 0.152000 0.800000
vt 0.608696 0.000000
vt 0.128000 0.000000
vt 0.136000 0.800000
vt 0.144000 0.500000
vt 0.092965 0.900000
vt 0.026087 0.500000
vt 0.321839 0.500000
vt 0.192000 1.000000
vt 0.798995 1.000000
vt 0.241379 0.000000
vt 0.241379 0.500000
vt 0.360000 0.000000
vt 0.469849 0.300000
vt 0.368000 0.000000
vt 0.894472 0.600000
vt 0.557789 0.000000
vt 0.469466 1.000000
vt 0.206897 1.000000
vt 0.330769 0.000000
vt 0.652632 0.000000
vt 0.331658 0.600000
vt 0.331658 0.500000
vt 0.298995 1.000000
vt 0.623116 0.000000
vt 0.563218 0.500000
vt 0.505025 1.000000
vt 0.643478 0.100000
vt 0.643478 0.200000
vt 0.357143 0.000000
vt 0.242857 1.000000
vt 0.976744 1.000000
vt 0.992000 0.000000
vt 0.452261 0.000000
vt 0.454774 0.300000
vt 0.052174 1.000000
vt 0.043478 1.000000
vt 0.297297 0.700000
vt 0.923077 0.400000
vt 0.288945 1.000000
vt 0.061224 0.000000
vt 0.183908 1.000000
vt 0.507634 1.000000
vt 0.519084 1.000000
vt 0.153333 0.000000
vt 0.573333 1.000000
vt 0.810811 0.600000
vt 0.085271 1.000000
vt 0.978947 0.500000
vt 0.912060 0.400000
vt 0.932161 0.500000
vt 0.914573 0.500000
vt 0.273333 1.000000
vt 0.273333 0.500000
vt 0.928000 1.000000
vt 0.536842 0.000000
vt 0.536842 0.500000
vt 0.880952 1.000000
vt 0.653061 1.000000
vt 0.492063 0.800000
vt 0.428571 0.000000
vt 0.558140 1.000000
vt 0.978947 1.000000
vt 0.932161 1.000000
vt 0.643478 0.900000
vt 0.652174 0.900000
vt 0.652174 0.500000
vt 0.899498 0.200000
vt 0.899498 0.000000
vt 0.714286 1.000000
vt 0.786432 0.500000
vt 0.781407 0.000000
vt 0.869565 1.000000
vt 0.048000 0.500000
vt 0.369347 0.000000
vt 0.507937 0.500000
vt 0.660870 0.900000
vt 0.460000 0.500000
vt 0.473333 1.000000
vt 0.015075 0.400000
vt 0.997487 0.000000
vt 0.223618 0.000000
vt 0.087302 1.000000
vt 0.444444 0.500000
vt 0.904523 0.000000
vt 0.578947 0.500000
vt 0.578947 1.000000
vt 0.463158 0.000000
vt 0.387597 1.000000
vt 0.273333 0.000000
vt 0.153266 1.000000
vt 0.030151 0.200000
vt 0.025126 0.200000
vt 0.189189 1.000000
vt 0.957895 0.000000
vt 0.968421 0.000000
vt 0.855856 0.000000
vt 0.243243 0.000000
vt 0.846847 0.000000
vt 0.653333 0.000000
vt 0.087302 0.000000
vt 0.136000 0.700000
vt 0.128000 0.700000
vt 0.766667 1.000000
vt 0.469849 0.700000
vt 0.813333 1.000000
vt 0.860000 0.000000
vt 0.853333 0.000000
vt 0.620690 1.000000
vt 0.643678 1.000000
vt 0.829146 0.000000
vt 0.800000 0.500000
vt 0.916031 1.000000
vt 0.916031 0.500000
vt 0.634783 0.200000
vt 0.643478 0.000000
vt 0.652174 0.000000
vt 0.873333 0.000000
vt 0.275362 0.000000
vt 0.260870 0.000000
vt 0.231884 0.000000
vt 0.246377 0.000000
vt 0.144928 0.000000
vt 0.202899 0.000000
vt 0.115942 0.000000
vt 0.057971 0.000000
vt 0.028986 0.000000
vt 0.014493 0.000000
vt 0.956522 0.000000
vt 0.927536 0.000000
vt 0.362319 0.000000
vt 0.086957 0.000000
vt 0.913043 0.000000
vt 0.840580 0.000000
vt 0.797101 0.000000
vt 0.434783 0.000000
vt 0.710145 0.000000
vt 0.521739 0.000000
vt 0.637681 0.000000
vt 0.023077 0.500000
vt 0.392000 0.000000
vt 0.384000 0.000000
vt 0.184000 0.000000
vt 0.136000 0.000000
vt 0.120000 0.000000
vt 0.104000 0.000000
vt 0.504000 0.000000
vt 0.088000 0.000000
vt 0.072000 0.000000
vt 0.056000 0.000000
vt 0.648000 0.000000
vt 0.664000 0.000000
vt 0.784000 0.000000
vt 0.712000 0.000000
vt 0.682540 1.000000
vt 0.698413 1.000000
vt 0.706349 0.800000
vt 0.698413 0.800000
vt 0.526718 0.000000
vt 0.899498 0.700000
vt 0.902010 0.800000
vt 0.894472 0.500000
vt 0.896985 0.600000
vt 0.229814 0.000000
vt 0.155280 0.000000
vt 0.149068 0.000000
vt 0.254658 0.000000
vt 0.242236 0.000000
vt 0.105590 0.000000
vt 0.118012 0.000000
vt 0.273292 0.000000
vt 0.099379 0.000000
vt 0.310559 0.000000
vt 0.285714 0.000000
vt 0.360248 0.000000
vt 0.335404 0.000000
vt 0.795031 0.000000
vt 0.819876 0.000000
vt 0.372671 0.000000
vt 0.782609 0.000000
vt 0.844720 0.000000
vt 0.111801 0.000000
vt 0.062112 0.000000
vt 0.031056 0.000000
vt 0.018634 0.000000
vt 0.006211 0.000000
vt 0.590062 0.000000
vt 0.770186 0.000000
vt 0.602484 0.000000
vt 0.745342 0.000000
vt 0.614907 0.000000
vt 0.720497 0.000000
vt 0.639752 0.000000
vt 0.695652 0.000000
vt 0.664596 0.000000
vt 0.689441 0.000000
vt 0.409938 0.000000
vt 0.422360 0.000000
vt 0.962733 0.000000
vt 0.459627 0.000000
vt 0.472050 0.000000
vt 0.465839 0.000000
vt 0.919255 0.000000
vt 0.925466 0.000000
vt 0.484472 0.000000
vt 0.509317 0.000000
vt 0.906832 0.000000
vt 0.563830 0.000000
vt 0.553191 0.000000
vt 0.542553 0.000000
vt 0.489362 0.000000
vt 0.478723 0.000000
vt 0.468085 0.000000
vt 0.446809 0.000000
vt 0.372340 0.000000
vt 0.585106 0.000000
vt 0.351064 0.000000
vt 0.606383 0.000000
vt 0.329787 0.000000
vt 0.627660 0.000000
vt 0.319149 0.000000
vt 0.638298 0.000000
vt 0.297872 0.000000
vt 0.659574 0.000000
vt 0.234043 0.000000
vt 0.191489 0.000000
vt 0.744681 0.000000
vt 0.148936 0.000000
vt 0.787234 0.000000
vt 0.138298 0.000000
vt 0.042553 0.000000
vt 0.127660 0.000000
vt 0.085106 0.000000
vt 0.074468 0.000000
vt 0.117021 0.000000
vt 0.063830 0.000000
vt 0.053191 0.000000
vt 0.031915 0.000000
vt 0.829787 0.000000
vt 0.978723 0.000000
vt 0.925532 0.000000
vt 0.968085 0.000000
vt 0.914894 0.000000
vt 0.904255 0.000000
vt 0.677852 0.000000
vt 0.671141 0.000000
vt 0.664430 0.000000
vt 0.657718 0.000000
vt 0.630872 0.000000
vt 0.577181 0.000000
vt 0.704698 0.000000
vt 0.550336 0.000000
vt 0.771812 0.000000
vt 0.758389 0.000000
vt 0.536913 0.000000
vt 0.798658 0.000000
vt 0.523490 0.000000
vt 0.812081 0.000000
vt 0.818792 0.000000
vt 0.510067 0.000000
vt 0.503356 0.000000
vt 0.832215 0.000000
vt 0.496644 0.000000
vt 0.845638 0.000000
vt 0.483221 0.000000
vt 0.476510 0.000000
vt 0.859060 0.000000
vt 0.463087 0.000000
vt 0.865772 0.000000
vt 0.449664 0.000000
vt 0.879195 0.000000
vt 0.382550 0.000000
vt 0.174497 0.000000
vt 0.167785 0.000000
vt 0.161074 0.000000
vt 0.154362 0.000000
vt 0.127517 0.000000
vt 0.073826 0.000000
vt 0.201342 0.000000
vt 0.060403 0.000000
vt 0.261745 0.000000
vt 0.046980 0.000000
vt 0.275168 0.000000
vt 0.033557 0.000000
vt 0.288591 0.000000
vt 0.020134 0.000000
vt 0.308725 0.000000
vt 0.006711 0.000000
vt 0.322148 0.000000
vt 0.302013 0.000000
vt 0.979866 0.000000
vt 0.966443 0.000000
vt 0.369128 0.000000
vt 0.953020 0.000000
vt 0.785235 0.000000
vt 0.849711 0.000000
vt 0.803468 0.000000
vt 0.843931 0.000000
vt 0.312139 0.000000
vt 0.924855 0.000000
vt 0.745665 0.000000
vt 0.757225 0.000000
vt 0.791907 0.000000
vt 0.780347 0.000000
vt 0.670520 0.000000
vt 0.341040 0.000000
vt 0.647399 0.000000
vt 0.352601 0.000000
vt 0.630058 0.000000
vt 0.364162 0.000000
vt 0.618497 0.000000
vt 0.410405 0.000000
vt 0.375723 0.000000
vt 0.560694 0.000000
vt 0.615385 0.200000
vt 0.623077 0.000000
vt 0.457286 0.300000
vt 0.454774 0.400000
vt 0.687500 0.000000
vt 0.640625 0.000000
vt 0.679688 0.000000
vt 0.906250 0.000000
vt 0.882812 0.000000
vt 0.921875 0.000000
vt 0.617188 0.000000
vt 0.929688 0.000000
vt 0.609375 0.000000
vt 0.601562 0.000000
vt 0.984375 0.000000
vt 0.593750 0.000000
vt 0.093750 0.000000
vt 0.085938 0.000000
vt 0.062500 0.000000
vt 0.289062 0.000000
vt 0.281250 0.000000
vt 0.335938 0.000000
vt 0.054688 0.000000
vt 0.046875 0.000000
vt 0.351562 0.000000
vt 0.359375 0.000000
vt 0.367188 0.000000
vt 0.585938 0.000000
vt 0.390625 0.000000
vt 0.153374 0.000000
vt 0.141104 0.000000
vt 0.705521 0.000000
vt 0.128834 0.000000
vt 0.717791 0.000000
vt 0.993865 0.000000
vt 0.165644 0.000000
vt 0.190184 0.000000
vt 0.177914 0.000000
vt 0.969325 0.000000
vt 0.981595 0.000000
vt 0.202454 0.000000
vt 0.932515 0.000000
vt 0.226994 0.000000
vt 0.084615 1.000000
vt 0.324324 0.000000
vt 0.288288 0.000000
vt 0.783784 0.000000
vt 0.252252 0.000000
vt 0.225225 0.000000
vt 0.207207 0.000000
vt 0.873874 0.000000
vt 0.657658 0.000000
vt 0.621622 0.000000
vt 0.738739 0.000000
vt 0.585586 0.000000
vt 0.009009 0.000000
vt 0.774775 0.000000
vt 0.540541 0.000000
vt 0.036036 0.000000
vt 0.504505 0.000000
vt 0.522523 0.000000
vt 0.072072 0.000000
vt 0.054054 0.000000
vt 0.486486 0.000000
vt 0.108108 0.000000
vt 0.144144 0.000000
vt 0.126126 0.000000
vt 0.981982 0.000000
vt 0.180180 0.000000
vt 0.162162 0.000000
vt 0.927928 0.000000
vt 0.963964 0.000000
vt 0.945946 0.000000
vt 0.922481 0.400000
vt 0.063492 0.500000
vt 0.079365 0.300000
vt 0.071429 0.400000
vt 0.111111 0.800000
vt 0.119048 0.700000
vt 0.111111 0.500000
vt 0.904523 1.000000
vt 0.909548 0.800000
vt 0.776398 0.000000
vt 0.385093 0.000000
vt 0.478261 0.000000
vt 0.729730 0.500000
vt 0.492063 0.500000
vt 0.467337 0.200000
vt 0.526718 1.000000
vt 0.173410 0.000000
vt 0.161850 0.000000
vt 0.150289 0.000000
vt 0.115607 0.000000
vt 0.104046 0.000000
vt 0.092486 0.000000
vt 0.080925 0.000000
vt 0.069364 0.000000
vt 0.046243 0.000000
vt 0.034682 0.000000
vt 0.023121 0.000000
vt 0.011561 0.000000
vt 0.254335 0.000000
vt 0.242775 0.000000
vt 0.231214 0.000000
vt 0.219653 0.000000
vt 0.184971 0.000000
vt 0.476190 0.200000
vt 0.484127 0.000000
vt 0.476190 0.000000
vt 0.614504 1.000000
vt 0.618321 1.000000
vt 0.625954 1.000000
vt 0.625954 0.800000
vt 0.046667 1.000000
vt 0.824000 0.000000
vt 0.756757 0.000000
vt 0.650794 0.500000
vt 0.650794 0.400000
vt 0.666667 0.200000
vt 0.272727 0.000000
vt 0.090909 0.000000
vt 0.325758 0.000000
vt 0.060606 0.000000
vt 0.045455 0.000000
vt 0.280303 0.000000
vt 0.969697 0.000000
vt 0.340909 0.000000
vt 0.992424 0.000000
vt 0.469697 0.000000
vt 0.477273 0.000000
vt 0.348485 0.000000
vt 0.401515 0.000000
vt 0.621622 1.000000
vt 0.962121 0.000000
vt 0.984848 0.000000
vt 0.064000 1.000000
vt 0.015075 0.500000
vt 0.173333 0.000000
vt 0.061069 0.000000
vt 0.061069 0.500000
vt 0.527638 0.000000
vt 0.336683 0.700000
vt 0.334171 0.600000
vt 0.336683 0.500000
vt 0.463158 0.700000
vt 0.463158 0.500000
vt 0.452632 0.500000
vt 0.273684 0.000000
vt 0.045977 0.500000
vt 0.068966 0.500000
vt 0.068966 0.000000
vt 0.049618 0.200000
vt 0.053435 0.000000
vt 0.084211 0.000000
vt 0.073684 0.000000
vt 0.073684 0.300000
vt 0.698413 0.200000
vt 0.706349 0.200000
vt 0.682540 0.000000
vt 0.698413 0.000000
vt 0.714286 0.000000
vt 0.060870 0.700000
vt 0.147239 0.000000
vt 0.159509 0.000000
vt 0.171779 0.000000
vt 0.975460 0.000000
vt 0.963190 0.000000
vt 0.950920 0.000000
vt 0.938650 0.000000
vt 0.239264 0.000000
vt 0.251534 0.000000
vt 0.914110 0.000000
vt 0.263804 0.000000
vt 0.901841 0.000000
vt 0.276074 0.000000
vt 0.889571 0.000000
vt 0.282209 0.000000
vt 0.877301 0.000000
vt 0.306748 0.000000
vt 0.331288 0.000000
vt 0.840491 0.000000
vt 0.380368 0.000000
vt 0.803681 0.000000
vt 0.828221 0.000000
vt 0.490798 0.000000
vt 0.533742 0.000000
vt 0.539877 0.000000
vt 0.613497 0.000000
vt 0.619632 0.000000
vt 0.453988 0.000000
vt 0.478528 0.000000
vt 0.466258 0.000000
vt 0.460123 0.000000
vt 0.441718 0.000000
vt 0.429448 0.000000
vt 0.779141 0.000000
vt 0.018405 0.000000
vt 0.049080 0.000000
vt 0.067485 0.000000
vt 0.073620 0.000000
vt 0.085890 0.000000
vt 0.754601 0.000000
vt 0.773006 0.000000
vt 0.079755 0.000000
vt 0.042945 0.000000
vt 0.036810 0.000000
vt 0.030675 0.000000
vt 0.024540 0.000000
vt 0.349246 0.700000
vt 0.346734 0.800000
vt 0.351759 1.000000
vt 0.335878 0.200000
vt 0.339695 0.200000
vt 0.328244 0.000000
vt 0.335878 0.000000
vt 0.343511 0.000000
vt 0.650794 0.600000
vt 0.658730 1.000000
vt 0.801802 0.000000
vt 0.828829 0.000000
vt 0.279279 0.000000
vt 0.882883 0.000000
vt 0.152000 0.500000
vt 0.152000 0.300000
vt 0.630769 0.500000
vt 0.630769 0.600000
vt 0.606870 0.400000
vt 0.610687 0.300000
vt 0.614504 0.200000
vt 0.614504 0.000000
vt 0.669565 0.200000
vt 0.678261 0.200000
vt 0.669565 0.000000
vt 0.686957 0.000000
vt 0.975155 0.000000
vt 0.416149 0.000000
vt 0.403727 0.000000
vt 0.287154 0.000000
vt 0.289673 0.000000
vt 0.513854 0.000000
vt 0.294710 0.000000
vt 0.511335 0.000000
vt 0.299748 0.000000
vt 0.506297 0.000000
vt 0.335013 0.000000
vt 0.501259 0.000000
vt 0.277078 0.000000
vt 0.282116 0.000000
vt 0.523929 0.000000
vt 0.518892 0.000000
vt 0.261965 0.000000
vt 0.234257 0.000000
vt 0.241814 0.000000
vt 0.795970 0.000000
vt 0.246851 0.000000
vt 0.793451 0.000000
vt 0.549118 0.000000
vt 0.355164 0.000000
vt 0.370277 0.000000
vt 0.372796 0.000000
vt 0.433249 0.000000
vt 0.455919 0.000000
vt 0.435768 0.000000
vt 0.350126 0.000000
vt 0.460957 0.000000
vt 0.345088 0.000000
vt 0.465995 0.000000
vt 0.340050 0.000000
vt 0.471033 0.000000
vt 0.481108 0.000000
vt 0.229219 0.000000
vt 0.224181 0.000000
vt 0.801008 0.000000
vt 0.206549 0.000000
vt 0.211587 0.000000
vt 0.186398 0.000000
vt 0.196474 0.000000
vt 0.831234 0.000000
vt 0.821159 0.000000
vt 0.153652 0.000000
vt 0.156171 0.000000
vt 0.120907 0.000000
vt 0.123426 0.000000
vt 0.103275 0.000000
vt 0.098237 0.000000
vt 0.088161 0.000000
vt 0.093199 0.000000
vt 0.090680 0.000000
vt 0.083123 0.000000
vt 0.078086 0.000000
vt 0.045340 0.000000
vt 0.841310 0.000000
vt 0.997481 0.000000
vt 0.017632 0.000000
vt 0.934509 0.000000
vt 0.937028 0.000000
vt 0.919395 0.000000
vt 0.914358 0.000000
vt 0.022670 0.000000
vt 0.909320 0.000000
vt 0.027708 0.000000
vt 0.904282 0.000000
vt 0.035264 0.000000
vt 0.891688 0.000000
vt 0.559194 0.000000
vt 0.566751 0.000000
vt 0.788413 0.000000
vt 0.607053 0.000000
vt 0.783375 0.000000
vt 0.637280 0.000000
vt 0.652393 0.000000
vt 0.654912 0.000000
vt 0.715365 0.000000
vt 0.738035 0.000000
vt 0.717884 0.000000
vt 0.632242 0.000000
vt 0.743073 0.000000
vt 0.627204 0.000000
vt 0.748111 0.000000
vt 0.624685 0.000000
vt 0.617128 0.000000
vt 0.755668 0.000000
vt 0.760705 0.000000
vt 0.034351 0.600000
vt 0.030534 0.600000
vt 0.030534 0.500000
vt 0.038168 1.000000
vt 0.038168 0.700000
vt 0.748744 0.800000
vt 0.748744 0.700000
vt 0.753769 0.600000
vt 0.753769 0.500000
vt 0.706349 0.500000
vt 0.690476 0.500000
vt 0.722222 0.600000
vt 0.057252 0.700000
vt 0.053435 1.000000
vt 0.246231 0.500000
vt 0.425287 0.000000
vt 0.379310 0.000000
vt 0.348659 0.000000
vt 0.375479 0.000000
vt 0.429119 0.000000
vt 0.505747 0.000000
vt 0.490421 0.000000
vt 0.919540 0.000000
vt 0.528736 0.000000
vt 0.521073 0.000000
vt 0.896552 0.000000
vt 0.904215 0.000000
vt 0.540230 0.000000
vt 0.536398 0.000000
vt 0.881226 0.000000
vt 0.555556 0.000000
vt 0.547893 0.000000
vt 0.869732 0.000000
vt 0.877395 0.000000
vt 0.605364 0.000000
vt 0.862069 0.000000
vt 0.325671 0.000000
vt 0.340996 0.000000
vt 0.662835 0.000000
vt 0.639847 0.000000
vt 0.762452 0.000000
vt 0.758621 0.000000
vt 0.632184 0.000000
vt 0.800766 0.000000
vt 0.624521 0.000000
vt 0.808429 0.000000
vt 0.616858 0.000000
vt 0.819923 0.000000
vt 0.827586 0.000000
vt 0.329502 0.000000
vt 0.260536 0.000000
vt 0.218391 0.000000
vt 0.187739 0.000000
vt 0.088123 0.000000
vt 0.065134 0.000000
vt 0.057471 0.000000
vt 0.226054 0.000000
vt 0.233716 0.000000
vt 0.049808 0.000000
vt 0.245211 0.000000
vt 0.042146 0.000000
vt 0.022989 0.000000
vt 0.819095 1.000000
vt 0.080402 0.400000
vt 0.080402 0.500000
vt 0.085427 0.500000
vt 0.085427 0.200000
vt 0.035176 0.400000
vt 0.035176 0.500000
vt 0.037688 0.500000
vt 0.030151 0.000000
vt 0.030151 0.300000
vt 0.986667 1.000000
vt 0.899498 1.000000
vt 0.188442 0.000000
vt 0.053846 0.600000
vt 0.038462 0.500000
vt 0.368000 1.000000
vt 0.030769 1.000000
vt 0.046154 1.000000
vt 0.356589 0.500000
vt 0.061538 1.000000
vt 0.633588 0.000000
vt 0.633588 0.500000
vt 0.463158 0.300000
vt 0.276923 0.500000
vt 0.328244 1.000000
vt 0.335878 1.000000
vt 0.343511 1.000000
vt 0.339695 0.800000
vt 0.335878 0.800000
vt 0.819095 0.000000
vt 0.095238 1.000000
vt 0.104348 0.000000
vt 0.339196 1.000000
vt 0.341709 1.000000
vt 0.369231 0.300000
vt 0.369231 0.400000
vt 0.361538 0.000000
vt 0.331658 0.400000
vt 0.334171 0.300000
vt 0.334171 0.400000
vt 0.336683 0.300000
vt 0.347826 0.000000
vt 0.987578 0.000000
vt 0.490683 0.000000
vt 0.503106 0.000000
vt 0.894410 0.000000
vt 0.856061 0.000000
vt 0.674242 0.000000
vt 0.886364 0.000000
vt 0.863636 0.000000
vt 0.598485 0.000000
vt 0.909091 0.000000
vt 0.590909 0.000000
vt 0.476190 1.000000
vt 0.484127 1.000000
vt 0.476190 0.800000
vt 0.281407 0.500000
vt 0.309160 1.000000
vt 0.316794 1.000000
vt 0.312977 0.600000
vt 0.020101 1.000000
vt 0.025126 1.000000
vt 0.017588 0.600000
vt 0.020101 0.700000
vt 0.221053 1.000000
vt 0.747126 1.000000
vt 0.224490 1.000000
vt 0.907692 0.500000
vt 0.640000 0.000000
vt 0.480620 0.000000
vt 0.387597 0.000000
vt 0.915385 0.600000
vt 0.930769 0.500000
vt 0.126316 1.000000
vt 0.062016 0.000000
vt 0.054264 0.000000
vt 0.046512 0.000000
vt 0.041985 0.800000
vt 0.079365 0.700000
vt 0.071429 0.600000
vt 0.994975 0.500000
vt 0.628141 0.500000
vt 0.630653 0.300000
vt 0.625628 0.200000
vt 0.633166 0.000000
vt 0.628141 0.000000
vt 0.053435 0.500000
vt 0.057252 0.300000
vt 0.628141 0.800000
vt 0.633166 1.000000
vt 0.630653 0.700000
vt 0.633588 1.000000
vt 0.325581 0.500000
vt 0.080000 0.500000
vt 0.112000 1.000000
vt 0.128000 1.000000
vt 0.946565 0.500000
vt 0.087302 0.300000
vt 0.071429 0.000000
vt 0.071429 0.500000
vt 0.049618 0.800000
vt 0.608696 1.000000
vt 0.626087 1.000000
vt 0.736181 0.400000
vt 0.738693 0.300000
vt 0.460317 0.300000
vt 0.452381 0.600000
vt 0.460317 0.700000
vt 0.221374 0.700000
vt 0.217557 0.600000
vt 0.280000 1.000000
vt 0.372093 0.500000
vt 0.229008 1.000000
vt 0.232824 1.000000
vt 0.229008 0.800000
vt 0.320611 0.800000
vt 0.324427 1.000000
vt 0.082915 1.000000
vt 0.087940 1.000000
vt 0.090452 1.000000
vt 0.085427 0.800000
vt 0.513514 0.500000
vt 0.092965 0.500000
vt 0.097990 0.500000
vt 0.103015 0.500000
vt 0.103015 0.400000
vt 0.097990 0.200000
vt 0.095477 0.200000
vt 0.343511 0.600000
vt 0.347328 0.600000
vt 0.615578 0.000000
vt 0.060870 0.300000
vt 0.922481 0.000000
vt 0.914729 0.000000
vt 0.930233 0.500000
vt 0.377863 1.000000
vt 0.085271 0.000000
vt 0.407692 0.000000
vt 0.384615 0.500000
vt 0.248744 0.100000
vt 0.896985 0.400000
vt 0.899498 0.300000
vt 0.722222 0.400000
vt 0.507634 0.000000
vt 0.629771 0.700000
vt 0.625954 0.500000
vt 0.713568 0.500000
vt 0.573643 0.700000
vt 0.589147 0.500000
vt 0.565891 0.500000
vt 0.738693 0.700000
vt 0.736181 0.600000
vt 0.244275 0.500000
vt 0.244275 0.400000
vt 0.236641 0.300000
vt 0.340000 0.500000
vt 0.442105 1.000000
vt 0.100503 0.000000
vt 0.793893 0.700000
vt 0.790076 0.600000
vt 0.753769 0.400000
vt 0.756281 0.500000
vt 0.753769 0.000000
vt 0.746231 0.000000
vt 0.748744 0.200000
vt 0.748744 0.300000
vt 0.213740 0.500000
vt 0.798995 0.000000
vt 0.837838 0.500000
vt 0.747126 0.000000
vt 0.801527 0.200000
vt 0.912060 0.700000
vt 0.909548 0.500000
vt 0.622137 0.200000
vt 0.629771 0.300000
vt 0.809160 0.800000
vt 0.809160 0.700000
vt 0.816794 0.600000
vt 0.816794 0.500000
vt 0.126984 1.000000
vt 0.650754 1.000000
vt 0.883436 0.000000
vt 0.895706 0.000000
vt 0.907975 0.000000
vt 0.920245 0.000000
vt 0.110429 0.000000
vt 0.736196 0.000000
vt 0.884211 0.000000
vt 0.873684 0.000000
vt 0.229008 0.000000
vt 0.221374 0.000000
vt 0.217557 0.400000
vt 0.221374 0.300000
vt 0.743719 0.800000
vt 0.746231 1.000000
vt 0.753769 1.000000
vt 0.914286 0.500000
vt 0.369231 0.700000
vt 0.369231 0.600000
vt 0.361538 0.500000
vt 0.674603 0.000000
vt 0.341085 0.300000
vt 0.648649 1.000000
vt 0.095477 1.000000
vt 0.097990 0.800000
vt 0.095477 0.800000
vt 0.100503 1.000000
vt 0.103015 0.600000
vt 0.218593 1.000000
vt 0.790076 0.400000
vt 0.793893 0.300000
vt 0.457286 1.000000
vt 0.457286 0.700000
vt 0.454774 0.600000
vt 0.372093 0.000000
vt 0.805344 1.000000
vt 0.816794 1.000000
vt 0.820611 0.500000
vt 0.236641 0.000000
vt 0.232824 0.000000
vt 0.320611 0.500000
vt 0.334171 0.000000
vt 0.339196 0.000000
vt 0.244898 0.000000
vt 0.224490 0.000000
vt 0.507937 1.000000
vt 0.674603 1.000000
vt 0.666667 0.800000
vt 0.839080 0.500000
vt 0.087940 0.000000
vt 0.090452 0.000000
vt 0.082915 0.000000
vt 0.347328 0.400000
vt 0.793333 0.000000
vt 0.592308 0.200000
vt 0.592308 0.000000
vt 0.584615 0.000000
vt 0.027638 1.000000
vt 0.030151 1.000000
vt 0.613065 0.500000
vt 0.613065 0.600000
vt 0.618090 0.500000
vt 0.428571 1.000000
vt 0.674419 0.000000
vt 0.992000 1.000000
vt 0.341085 0.700000
vt 0.589147 0.000000
vt 0.581395 0.000000
vt 0.589147 0.200000
vt 0.366667 0.000000
vt 0.353333 0.000000
vt 0.346667 0.000000
vt 0.241206 1.000000
vt 0.246231 1.000000
vt 0.371429 0.600000
vt 0.357143 0.500000
vt 0.281407 0.000000
vt 0.866412 0.500000
vt 0.627907 0.500000
vt 0.620155 0.300000
vt 0.034351 0.400000
vt 0.038168 0.300000
vt 0.786432 1.000000
vt 0.791457 1.000000
vt 0.923077 0.000000
vt 0.915789 1.000000
vt 0.836683 0.800000
vt 0.046512 1.000000
vt 0.351759 0.000000
vt 0.346734 0.000000
vt 0.349246 0.300000
vt 0.346734 0.500000
vt 0.408163 0.000000
vt 0.326531 0.000000
vt 0.265306 0.200000
vt 0.434673 1.000000
vt 0.775510 0.000000
vt 0.025126 0.000000
vt 0.020101 0.000000
vt 0.017588 0.400000
vt 0.020101 0.300000
vt 0.505025 0.500000
vt 0.041985 0.200000
vt 0.839196 0.000000
vt 0.046154 0.000000
vt 0.361538 1.000000
vt 0.338462 0.800000
vt 0.323077 0.500000
vt 0.323077 0.600000
vt 0.082915 0.600000
vt 0.080402 0.600000
vt 0.912060 0.300000
vt 0.907035 0.200000
vt 0.369347 1.000000
vt 0.168000 0.000000
vt 0.507937 0.000000
vt 0.244275 0.600000
vt 0.236641 0.700000
vt 0.236641 0.800000
vt 0.244275 1.000000
vt 0.248092 0.500000
vt 0.918367 0.000000
vt 0.615385 0.500000
vt 0.630769 0.400000
vt 0.625954 0.000000
vt 0.791457 0.000000
vt 0.786432 0.000000
vt 0.346154 1.000000
vt 0.353846 1.000000
vt 0.891892 0.500000
vt 0.695652 0.400000
vt 0.695652 0.500000
vt 0.914573 1.000000
vt 0.103175 0.200000
vt 0.119048 0.300000
vt 0.720000 0.000000
vt 0.462312 0.200000
vt 0.464824 0.000000
vt 0.462312 0.000000
vt 0.457286 0.000000
vt 0.510204 0.500000
vt 0.510204 0.000000
vt 0.136000 0.500000
vt 0.128000 0.500000
vt 0.204082 0.200000
vt 0.152000 0.700000
vt 0.168000 1.000000
vt 0.077889 0.000000
vt 0.069565 0.000000
vt 0.060870 0.000000
vt 0.112000 0.000000
vt 0.592308 0.800000
vt 0.592308 1.000000
vt 0.584615 1.000000
vt 0.084615 0.000000
vt 0.368421 0.000000
vt 0.000000 0.100000
vt 0.623116 1.000000
vt 0.736842 0.000000
vt 0.736842 0.500000
vt 0.821053 0.100000
vt 0.821053 0.000000
vt 0.034783 1.000000
vt 0.034783 0.600000
vt 0.034783 0.700000
vt 0.551020 1.000000
vt 0.030151 0.700000
vt 0.035176 0.600000
vt 0.899225 1.000000
vt 0.432432 1.000000
vt 0.053846 0.400000
vt 0.547368 0.000000
vt 0.371429 1.000000
vt 0.916031 0.000000
vt 0.271429 0.000000
vt 0.385714 0.000000
vt 0.371429 0.000000
vt 0.605528 0.000000
vt 0.565327 0.000000
vt 0.615578 0.400000
vt 0.613065 0.400000
vt 0.560301 0.100000
vt 0.610553 0.500000
vt 0.130435 1.000000
vt 0.068966 1.000000
vt 0.743719 0.200000
vt 0.743719 0.000000
vt 0.330769 1.000000
vt 0.073684 0.700000
vt 0.061538 0.000000
vt 0.615578 1.000000
vt 0.323077 0.400000
vt 0.643678 0.000000
vt 0.306667 0.500000
vt 0.615385 1.000000
vt 0.512563 0.000000
vt 0.111111 0.000000
vt 0.880000 1.000000
vt 0.183417 0.000000
vt 0.042105 0.600000
vt 0.042105 0.700000
vt 0.042105 0.500000
vt 0.034783 0.500000
vt 0.042105 1.000000
vt 0.073684 1.000000
vt 0.063158 0.800000
vt 0.084211 1.000000
vt 0.743719 1.000000
vt 0.160920 1.000000
vt 0.338462 0.200000
vt 0.316794 0.400000
vt 0.312977 0.400000
vt 0.316794 0.000000
vt 0.643478 1.000000
vt 0.652174 1.000000
vt 0.634783 0.800000
vt 0.020408 1.000000
vt 0.805344 0.000000
vt 0.801527 0.000000
vt 0.320611 0.200000
vt 0.462312 1.000000
vt 0.464824 1.000000
vt 0.462312 0.800000
vt 0.669565 1.000000
vt 0.678261 0.800000
vt 0.669565 0.800000
vt 0.686957 1.000000
vt 0.304000 0.000000
vt 0.052632 0.300000
vt 0.551020 0.000000
vt 0.538462 1.000000
vt 0.576923 0.600000
vt 0.054264 0.600000
vt 0.753333 0.000000
vt 0.620155 1.000000
vt 0.635659 1.000000
vt 0.380000 0.000000
vt 0.660870 0.500000
vt 0.678261 0.500000
vt 0.353333 1.000000
vt 0.071429 1.000000
vt 0.087302 0.700000
vt 0.372093 1.000000
vt 0.560301 0.900000
vt 0.557789 1.000000
vt 0.596899 0.500000
vt 0.604651 0.000000
vt 0.604651 1.000000
vt 0.054264 1.000000
vt 0.157895 0.100000
vt 0.906977 0.600000
vt 0.914729 1.000000
vt 0.922481 0.600000
vt 0.801527 0.800000
vt 0.344221 0.200000
vt 0.816794 0.000000
vt 0.809160 0.200000
vt 0.809160 0.300000
vt 0.816794 0.400000
vt 0.474874 0.500000
vt 0.469849 1.000000
vt 0.479899 1.000000
vt 0.612403 1.000000
vt 0.902010 0.200000
vt 0.353846 0.000000
vt 0.346154 0.000000
vt 0.339695 0.500000
vt 0.332061 0.500000
vt 0.606870 0.600000
vt 0.610687 0.700000
vt 0.324427 0.000000
vt 0.589147 0.800000
vt 0.589147 1.000000
vt 0.581395 1.000000
vt 0.095477 0.000000
vt 0.695652 0.600000
vt 0.228643 0.000000
vt 0.801527 1.000000
vt 0.620155 0.000000
vt 0.612403 0.000000
vt 0.527638 1.000000
vt 0.339130 0.000000
vt 0.922481 1.000000
vt 0.937984 1.000000
vt 0.736842 1.000000
vt 0.306667 0.000000
vt 0.806667 0.000000
vt 0.060870 1.000000
vt 0.356589 1.000000
vt 0.479899 0.000000
vt 0.469849 0.000000
vt 0.034783 0.000000
vt 0.558140 0.000000
vt 0.573643 0.400000
vt 0.573643 0.300000
vt 0.467337 0.800000
vt 0.631579 0.000000
vt 0.538462 0.000000
vt 0.576923 0.400000
vt 0.392000 0.100000
vt 0.821053 1.000000
vt 0.884211 0.500000
vt 0.884211 1.000000
vt 0.884211 0.700000
vt 0.114286 1.000000
vt 0.626087 0.400000
vt 0.617391 0.400000
vt 0.547739 0.000000
vt 0.338462 0.000000
vt 0.634783 0.500000
vt 0.635659 0.000000
vt 0.020408 0.000000
vt 0.338462 1.000000
vt 0.909548 0.000000
vt 0.480620 1.000000
vt 0.027638 0.000000
vt 0.077889 1.000000
vt 0.592308 0.500000
vt 0.261261 0.000000
vt 0.578947 0.000000
vt 0.136000 1.000000
s 1
f 2035/1/1 2036/2/2 2039/3/3
f 3416/4/4 3417/5/5 3423/6/6
f 4901/7/7 4902/8/8 4904/9/9
s 0
f 466/10/10 458/11/10 457/12/10
s 1
f 2861/13/11 2859/14/12 2862/15/13
f 2825/16/14 2829/17/15 2824/18/16
f 1554/19/17 1553/20/18 1716/21/19
s 0
f 81/22/10 75/23/10 74/24/10
s 1
f 4715/25/20 4709/26/21 4700/27/22
f 2856/28/23 2852/29/24 2853/30/25
f 3938/31/26 3779/32/27 3937/33/28
f 1910/34/29 1908/35/30 1911/36/31
f 2741/37/32 2746/38/33 2749/39/34
s 0
f 140/40/10 139/41/10 117/42/10
s 1
f 2917/43/35 2918/44/36 2920/45/37
s 0
f 195/46/10 189/47/10 188/48/10
s 1
f 4410/49/38 4414/50/39 4413/51/40
s 0
f 22/52/10 21/53/10 56/54/10
f 107/55/10 151/56/10 150/57/10
f 283/58/10 282/59/10 285/60/10
s 1
f 4048/61/41 4044/62/42 4045/63/43
f 3729/64/44 3731/65/45 3728/66/46
f 3034/67/47 3031/68/48 3039/69/49
f 1669/70/50 1663/71/51 1664/72/52
f 2530/73/53 2529/74/54 2524/75/55
f 2727/76/56 2728/77/57 2731/78/58
f 2904/79/59 2902/80/60 2905/81/61
s 0
f 315/82/10 301/83/10 333/84/10
f 390/85/10 389/86/10 352/87/10
s 1
f 1575/88/62 1579/89/63 1578/90/64
f 4048/61/41 4052/91/65 4051/92/66
s 0
f 410/93/10 429/94/10 428/95/10
s 1
f 3688/96/67 3684/97/67 3685/98/67
f 2146/99/68 2140/100/69 2135/101/70
f 3489/102/71 3484/103/71 3485/104/71
f 3799/105/72 3808/106/73 3813/107/74
f 2764/108/75 2757/109/76 2754/110/77
s 0
f 528/111/10 527/112/10 508/113/10
s 1
f 3020/114/78 3024/115/79 3023/116/80
s 0
f 496/117/10 539/118/10 538/119/10
s 1
f 3052/120/81 3054/121/82 3051/122/83
f 4095/123/84 4093/124/85 4096/125/86
f 4654/126/87 4653/127/88 4649/128/89
f 4424/129/90 4428/80/60 4427/130/91
f 2538/131/92 2542/132/93 2537/133/94
f 2874/134/95 2870/135/96 2875/136/97
f 3770/137/98 3774/138/99 3773/139/100
s 0
f 665/58/10 664/59/10 667/60/10
s 1
f 1908/35/30 1912/140/101 1911/36/31
s 0
f 657/141/10 645/142/10 639/143/10
s 1
f 2206/128/102 2192/144/103 2193/145/104
f 1946/146/105 1943/147/106 1938/148/107
f 3966/149/108 3970/150/109 3969/151/110
f 3200/152/111 3198/153/112 3201/154/113
f 4736/155/114 4740/156/115 4739/157/116
f 3956/158/117 3959/159/118 3958/160/119
f 4229/161/120 4227/162/121 4230/163/122
f 4480/123/123 4483/164/124 4482/165/125
f 3166/166/126 3167/167/127 3169/168/128
f 4455/169/129 4456/170/130 4459/171/131
f 2985/172/132 2988/173/133 2984/174/134
f 3734/175/135 3736/176/136 3733/177/137
f 4544/178/138 4545/179/139 4549/116/140
f 2250/180/141 2244/181/142 2245/182/143
s 0
f 741/183/10 753/184/10 752/185/10
s 1
f 2928/186/144 2931/187/145 2930/170/146
f 4533/188/147 4536/189/148 4535/190/149
s 0
f 1526/185/150 1527/184/150 1515/183/150
f 850/24/150 851/23/150 857/22/150
s 1
f 2707/191/151 2711/192/152 2710/193/153
s 0
f 796/194/150 797/53/150 832/54/150
s 1
f 2896/195/154 2898/129/90 2895/196/155
f 3958/160/119 3960/197/156 3957/198/157
f 2793/199/158 2794/200/159 2797/201/160
s 0
f 958/202/150 959/203/150 939/204/150
s 1
f 2293/205/161 2784/206/162 2785/207/163
f 3980/208/164 3977/209/165 3981/210/166
f 2877/211/167 2875/136/97 2878/212/168
f 2992/213/169 2997/214/169 2996/215/169
f 2508/216/170 2512/217/162 2511/218/171
f 1766/219/172 1771/220/173 1770/221/174
f 2574/222/175 2577/223/176 2576/224/177
f 2474/225/178 2477/226/179 2482/227/180
f 4817/228/181 4818/229/182 4820/230/183
s 0
f 1027/231/150 1039/232/150 1045/233/150
s 1
f 4199/234/184 4205/235/185 4210/236/186
f 4179/237/187 4177/238/188 4180/239/189
f 2886/240/190 2884/49/38 2887/51/40
f 3154/241/191 3151/242/192 3152/243/193
f 1755/244/194 1747/245/195 1748/246/196
f 3399/247/197 3403/248/198 3402/249/199
f 1771/220/173 1775/250/200 1774/251/201
f 3365/252/202 3368/253/203 3364/254/204
f 4140/255/205 4147/256/206 4151/257/207
f 2177/258/170 2181/259/162 2180/260/171
f 2255/261/208 2264/262/209 2269/263/210
f 2985/172/132 2984/174/134 2980/264/211
f 3331/265/212 3336/266/213 3330/267/214
f 4838/62/42 4842/61/41 4841/268/215
s 0
f 1134/269/150 1157/270/150 1158/271/150
s 1
f 2500/272/216 2495/273/217 2490/274/218
f 3678/275/219 3682/276/220 3681/277/221
f 1854/278/222 1863/279/223 1868/280/224
f 2236/281/225 2235/282/226 2225/283/227
s 0
f 1188/284/150 1189/285/150 1174/286/150
s 1
f 4358/287/228 4352/288/229 4347/16/230
f 1677/289/231 1678/290/232 1685/291/233
f 4428/80/60 4432/292/234 4431/81/61
f 1922/293/235 1927/294/236 1931/295/237
f 3439/296/238 3448/297/239 3453/298/240
s 0
f 1284/299/150 1285/300/150 1249/301/150
s 1
f 1913/302/241 1917/303/242 1916/304/243
f 3150/305/244 3255/306/245 3256/307/246
f 3369/308/247 3373/309/248 3372/310/249
s 0
f 1394/311/150 1395/312/150 1335/313/150
s 1
f 3716/314/250 3718/151/251 3715/315/252
f 2857/316/253 2855/317/254 2858/318/255
f 1730/319/256 1742/320/257 1737/321/258
f 2029/322/259 2025/323/260 2026/324/261
f 1718/325/262 1714/326/263 1715/327/264
f 4755/328/265 4759/329/266 4758/330/267
f 2684/331/268 2683/332/269 2674/333/270
f 3290/43/271 3288/334/272 3291/44/273
s 0
f 217/52/10 216/53/10 251/54/10
s 1
f 4694/335/274 4695/336/275 4701/337/276
f 3071/338/277 3075/339/278 3074/340/279
f 1768/341/280 1763/342/281 1758/343/282
f 4752/160/119 4749/344/283 4750/158/117
f 2427/345/284 2430/346/284 2426/347/284
f 3170/348/285 3172/349/286 3169/168/128
f 4058/350/287 4054/351/288 4055/352/289
s 0
f 740/353/10 739/354/10 708/355/10
s 1
f 3175/356/290 3173/357/291 3176/358/292
f 2713/359/293 2714/360/294 2716/361/295
f 3116/362/296 3118/363/297 3115/364/298
f 2357/365/299 2351/366/300 2352/367/301
f 4732/31/302 4574/368/303 4731/33/304
s 0
f 1471/369/150 1472/370/150 1482/355/150
s 1
f 2118/371/305 2114/372/306 2115/373/307
f 2324/374/308 2331/375/309 2323/376/310
f 3734/175/135 3732/377/311 3735/378/312
f 4909/379/313 4911/380/314 4908/381/315
f 4862/382/316 4859/383/316 4863/384/316
f 2406/385/317 2404/386/318 2407/387/319
f 1561/388/320 1566/389/321 1565/390/322
f 2867/391/323 2865/392/324 2872/393/325
f 1561/388/320 1560/394/326 1555/395/327
f 2390/396/328 2388/397/329 2389/398/330
f 4184/399/331 4180/239/189 4181/400/332
f 1778/401/333 1780/402/162 1777/403/334
f 4247/404/335 4251/405/336 4250/406/337
f 3589/407/338 3590/408/339 3595/409/340
f 1575/88/62 1572/410/341 1565/390/322
f 2060/411/342 2064/412/343 2063/413/344
f 1959/414/345 1964/415/173 1963/416/174
f 3973/417/346 3969/151/110 3974/418/347
f 3225/419/348 3229/420/349 3228/421/350
f 4208/422/351 4201/423/352 4197/424/353
f 1578/90/64 1580/425/354 1577/426/355
f 1729/427/356 2054/428/357 2055/429/358
f 2952/430/359 2951/431/360 2948/432/361
f 1580/425/354 1584/433/362 1583/434/363
f 1871/435/364 1865/436/365 1856/437/366
f 2713/359/293 2716/361/295 2712/438/367
f 2151/439/368 2147/440/368 2143/441/368
f 3348/442/369 3346/443/370 3349/444/371
f 1607/445/372 1601/446/373 1602/447/374
f 1603/448/375 1607/445/372 1602/447/374
f 2474/225/178 2468/449/376 2469/450/377
f 1622/451/378 1621/452/379 1612/453/380
f 1888/454/381 1890/455/382 1887/456/383
f 4457/187/145 4460/457/384 4459/171/131
f 1630/458/385 1634/459/386 1633/460/387
f 2480/461/388 2476/462/389 2470/463/390
f 3391/464/391 3395/465/392 3394/466/393
s 0
f 889/467/150 921/468/150 922/469/150
s 1
f 3983/470/394 3981/210/166 3984/471/395
s 0
f 771/472/10 758/473/10 757/474/10
s 1
f 4651/475/396 4639/476/397 4640/477/398
f 2451/478/399 2453/479/400 2450/480/401
f 1829/481/402 1824/482/403 1834/483/226
s 0
f 897/484/150 898/299/150 863/485/150
s 1
f 1656/486/404 1662/487/51 1655/488/405
f 1667/489/406 1666/490/407 1659/491/408
f 1668/492/409 1660/493/410 1661/334/411
f 2303/494/412 2298/495/413 2294/496/414
f 4175/497/415 4178/498/416 4174/499/417
f 4233/500/418 4229/161/120 4230/163/122
f 3197/501/419 3195/502/420 3198/153/112
f 3231/503/421 3233/504/422 3230/505/423
f 4667/506/424 4668/507/425 4677/508/426
f 1886/509/427 1890/455/382 1889/510/428
f 3237/511/429 3234/512/430 3235/513/431
f 1686/514/432 1684/515/433 1687/516/434
f 3278/13/435 3282/517/436 3281/212/437
f 3539/518/438 3537/519/439 3540/520/440
f 3494/521/441 3489/102/442 3495/522/443
f 1967/523/201 1971/524/333 1970/525/334
f 1696/526/444 1695/527/445 1692/528/446
s 0
f 1067/529/150 1068/530/150 1074/531/150
s 1
f 1917/303/242 1915/532/447 1918/533/448
f 2917/43/35 2913/534/449 2914/535/450
f 1689/536/451 1693/537/452 1692/528/446
f 3707/538/453 3777/539/454 3708/540/455
f 4454/186/144 4453/541/456 4449/542/457
f 3612/543/458 3613/544/459 3617/545/460
f 1699/546/461 1706/547/462 1705/548/463
f 1709/549/464 1704/550/465 1698/551/466
f 3536/552/467 3534/553/468 3537/519/439
f 2960/554/469 2964/555/470 2963/556/471
f 2135/101/472 2129/557/473 2132/558/474
f 4155/559/475 4157/560/476 4154/561/477
f 1716/21/19 1714/326/263 1717/562/478
f 3065/563/479 3062/564/480 3063/565/481
f 4412/240/190 4410/49/38 4413/51/40
f 1726/421/482 1722/284/483 1723/65/484
f 1724/377/485 1726/421/482 1723/65/484
f 3077/566/279 3075/339/278 3078/567/278
f 1720/538/486 1727/420/487 1721/540/488
f 3551/568/150 3556/569/150 3561/570/150
f 1737/321/489 1742/320/490 1745/571/491
f 3787/572/492 3792/441/493 3795/99/68
f 2782/573/333 2778/574/201 2779/575/200
f 2624/576/494 2623/577/495 2616/578/496
f 2624/576/494 2630/579/497 2634/580/498
f 1756/581/499 1755/244/194 1748/246/196
f 2636/582/500 2631/583/281 2626/584/501
f 1961/585/502 1965/586/503 1964/415/173
f 2774/587/174 2769/588/504 2770/589/505
f 3581/590/506 3580/65/507 3575/591/508
f 2175/592/201 2177/258/170 2174/593/509
s 0
f 1090/82/150 1091/594/150 1106/595/150
s 1
f 4325/596/510 4336/597/511 4327/598/512
f 4288/599/513 4294/600/514 4293/601/515
f 2054/428/357 2049/602/516 2050/603/517
f 4578/101/518 4573/604/519 4574/368/303
f 3164/605/520 3163/606/521 3160/607/522
f 4643/608/523 4651/475/396 4650/609/524
f 4714/610/525 4715/25/20 4721/611/526
f 1759/612/527 1750/613/528 1751/614/529
f 2506/615/201 2508/216/170 2505/616/509
f 1584/433/362 1582/617/530 1585/618/531
f 4623/260/171 4624/259/162 4627/619/532
f 4513/620/533 4518/213/534 4512/621/535
f 3419/622/536 3415/623/536 3414/624/536
f 2650/625/537 2655/626/538 2660/627/539
f 3832/628/540 3837/629/541 3842/145/542
f 3840/630/543 3836/631/544 3845/476/545
f 1786/632/414 1790/633/546 1785/634/547
f 3823/593/509 3827/635/334 3826/258/170
f 3270/636/548 3272/637/549 3269/210/550
f 3600/638/551 3607/639/552 3606/640/553
f 4161/641/554 4166/642/555 4165/643/556
f 1664/72/52 1663/71/51 1656/486/404
f 1796/644/557 1807/645/558 1795/646/559
f 2234/508/560 2233/647/561 2225/283/227
f 1840/648/562 1835/649/563 1845/650/564
f 2353/651/565 2348/652/566 2343/653/567
f 4532/654/568 4530/655/569 4533/188/147
f 3523/656/570 3521/657/571 3524/658/572
f 2362/659/573 2361/660/574 2357/365/299
f 1878/661/575 1877/662/526 1871/435/364
f 2872/393/325 2873/663/576 2876/664/577
f 2608/665/578 2612/666/579 2603/667/580
f 4241/668/581 4239/334/582 4242/669/583
f 3336/266/213 3329/670/584 3330/267/214
f 1879/671/585 1880/672/329 1882/673/328
f 3688/96/586 3693/674/587 3698/675/588
f 3711/676/589 3713/412/590 3710/677/591
f 1878/661/575 1880/672/329 1877/662/526
f 2251/335/592 2252/336/275 2258/337/593
f 3561/570/594 3562/678/595 3566/679/596
f 1725/680/597 1720/538/486 1719/56/598
f 2849/681/599 2853/30/25 2852/29/24
f 2880/682/600 2877/211/167 2878/212/168
f 3351/683/601 3349/444/371 3352/684/602
f 1884/685/603 1886/509/427 1883/686/604
f 3398/687/605 3400/688/606 3397/689/607
f 4624/259/162 4622/690/333 4625/691/163
f 3391/464/391 3393/12/608 3390/692/609
f 1895/693/610 1893/694/611 1896/695/612
f 1894/696/613 1896/695/612 1893/694/611
f 4698/261/614 4707/262/615 4712/263/616
f 4627/619/617 4632/697/617 4631/629/617
f 2835/698/618 2827/699/619 2828/700/620
f 3252/701/621 3256/307/246 3255/306/245
f 1920/702/622 1916/304/243 1917/303/242
f 1707/703/623 1700/704/624 1696/526/444
f 1622/451/378 1623/705/625 1628/706/626
f 3178/707/627 3176/358/292 3179/708/628
f 2437/709/629 2429/710/630 2430/346/631
f 4192/711/632 4190/712/633 4193/713/634
f 4740/156/115 4738/714/635 4741/715/636
f 2732/716/637 2735/717/638 2738/718/639
f 2138/572/640 2143/441/641 2146/99/68
f 2278/611/526 2269/263/210 2270/719/642
f 2150/105/643 2159/106/644 2164/107/645
f 1898/720/646 1896/695/612 1899/721/647
f 1942/722/643 1951/723/648 1956/724/281
f 4614/725/174 4609/726/504 4610/727/649
f 4312/728/650 4314/729/651 4311/730/652
s 0
f 1314/57/150 1269/55/150 1270/117/150
s 1
f 1964/415/173 1966/731/509 1963/416/174
f 1964/415/173 1968/732/200 1967/523/201
f 2646/733/333 2642/734/201 2643/735/200
f 3623/736/653 3626/737/654 3630/738/655
f 1690/739/656 1688/740/657 1691/741/658
f 4046/742/659 4048/61/41 4045/63/43
f 4619/743/200 4621/635/334 4618/592/201
f 1971/524/333 1973/744/162 1970/525/334
f 2654/745/414 2658/746/660 2653/747/661
f 2187/631/414 2191/630/662 2186/748/663
f 2954/123/123 2957/164/124 2956/165/125
f 2207/609/270 2215/749/664 2214/750/665
f 1806/751/270 1815/752/666 1814/753/310
f 4797/377/667 4801/754/668 4800/755/669
f 4199/234/184 4195/756/670 4193/713/634
f 2385/757/526 2376/758/671 2377/759/642
f 1988/760/672 1992/761/673 1991/762/674
f 2673/763/675 2681/764/676 2691/765/677
f 1795/646/559 1799/766/678 1798/767/674
f 2907/488/679 2904/79/59 2905/81/61
f 3121/768/680 3119/769/681 3122/770/682
f 3136/771/683 3134/772/684 3137/773/685
f 2570/774/686 2568/775/687 2571/776/688
f 2029/322/259 2027/777/689 2030/778/690
f 2702/779/691 2703/780/692 2705/781/693
f 3285/782/694 3281/212/437 3282/517/436
f 2032/783/695 2034/784/696 2031/785/697
f 3032/786/698 3029/787/699 3025/788/700
f 2172/789/173 2176/743/200 2175/592/201
f 2149/790/701 2139/791/702 2140/100/703
s 0
f 1438/59/150 1439/58/150 1441/60/150
s 1
f 4693/180/704 4687/181/705 4688/182/706
f 3179/708/628 3180/792/707 3183/793/708
f 2047/794/709 2050/603/709 2046/795/709
f 2052/796/710 2047/794/710 2048/797/710
f 4399/663/576 4402/664/577 4401/136/711
f 2126/798/712 2124/139/100 2127/799/713
f 2124/139/100 2128/539/454 2127/799/713
f 2882/800/714 2885/801/715 2881/802/716
f 2096/803/717 2100/804/718 2099/805/719
f 3716/314/250 3720/806/720 3719/150/721
f 2082/65/45 2084/177/137 2081/284/722
f 3528/807/723 3531/808/724 3530/809/725
f 2126/798/712 2058/538/726 2057/56/727
f 2075/810/728 2079/66/46 2078/811/729
f 4483/164/124 4487/812/730 4486/554/469
f 3497/813/731 3494/521/731 3498/814/731
f 3372/310/249 3376/815/732 3375/816/733
f 3237/511/429 3240/817/734 3239/818/735
f 2103/819/736 2107/420/737 2106/421/738
f 2082/65/45 2086/378/312 2085/175/739
f 2100/804/718 2098/820/740 2101/821/741
f 2085/175/739 2089/822/742 2088/823/743
f 2115/373/307 2113/824/744 2116/825/745
f 2093/474/746 2097/826/747 2096/803/717
f 3775/798/712 3707/538/453 3706/56/727
f 2937/827/748 2939/828/749 2936/829/750
f 2097/826/747 2095/830/751 2098/820/740
f 2285/831/603 2289/31/26 2288/33/28
f 3717/832/752 3713/412/590 3714/833/753
f 1998/834/754 1990/835/755 1999/836/270
f 3759/837/756 3755/421/738 3756/420/737
f 2109/838/757 2113/824/744 2112/839/758
f 2091/840/759 2095/830/751 2094/841/760
f 2090/842/761 2088/823/743 2091/840/759
f 4822/843/762 4824/844/763 4821/845/764
f 3730/284/722 3734/175/135 3733/177/137
f 2057/231/727 2061/677/591 2060/411/342
f 2062/676/765 2064/412/343 2061/677/591
f 3728/66/46 3726/846/766 3729/64/44
f 2073/847/767 2077/846/766 2076/848/768
f 4081/849/769 4083/850/770 4080/851/771
f 2131/852/772 2143/441/773 2138/572/774
f 4419/853/775 4423/854/776 4422/195/154
f 4065/383/777 4068/382/778 4064/855/779
f 4669/856/780 4666/857/781 4656/858/782
f 2753/859/783 2762/860/784 2767/861/217
f 1949/862/785 1948/863/786 1941/864/787
f 2009/865/788 2008/866/789 1999/836/270
f 3818/867/790 3822/868/503 3821/789/791
f 4111/869/792 4115/379/793 4114/381/315
f 2639/870/173 2635/871/794 2636/582/500
f 4026/230/183 4030/844/795 4029/872/796
f 2255/261/208 2254/873/797 2250/180/141
f 3708/874/455 3710/677/591 3707/875/453
s 0
f 359/269/10 383/271/10 382/270/10
s 1
f 3835/748/798 3830/259/162 3831/691/163
f 2307/876/799 2310/877/800 2315/878/801
f 4270/879/802 4276/880/802 4275/881/802
f 2649/882/163 2653/747/661 2648/883/162
f 1782/884/537 1787/885/803 1792/886/804
f 1988/760/672 1983/887/546 1979/888/414
f 4639/476/397 4643/608/523 4642/889/805
f 2217/890/806 2216/891/789 2207/609/270
f 2674/333/270 2666/892/674 2667/893/807
f 2684/331/268 2675/894/808 2693/895/809
f 2111/896/810 2115/373/307 2114/372/306
f 3140/897/811 3138/898/812 3141/899/813
f 4431/81/61 4432/292/234 4435/334/814
f 4795/284/815 4793/900/816 4796/65/817
f 2811/901/818 2819/902/819 2818/903/820
f 4210/236/186 4217/904/821 4216/905/822
f 1614/906/823 1624/907/824 1607/445/372
f 2233/647/561 2239/908/825 2245/182/143
f 3588/909/826 3583/910/827 3579/911/828
f 4546/114/78 4545/179/139 4541/912/829
f 2379/913/830 2373/914/831 2364/915/366
f 1720/875/486 1722/284/483 1719/231/598
f 2278/611/526 2271/610/832 2272/25/833
f 2378/916/832 2379/913/830 2385/757/526
f 2279/917/575 2281/918/329 2278/611/526
f 1974/919/163 1979/888/414 1978/920/547
f 4726/921/328 4728/831/603 4727/922/834
f 2411/923/835 2413/924/836 2410/925/837
f 3571/926/838 3575/591/508 3574/927/839
f 2186/748/663 2181/259/162 2182/691/163
f 2285/831/603 2287/928/840 2284/922/604
f 3588/909/826 3592/929/841 3587/930/842
f 2069/151/251 2067/314/843 2070/150/721
f 1781/931/163 1785/634/547 1780/402/162
f 4043/932/844 4045/63/43 4042/933/845
f 1975/934/537 1980/935/803 1985/936/846
f 2518/937/414 2522/938/847 2517/939/848
f 3604/940/849 3609/941/850 3612/543/458
f 2018/942/809 2008/866/789 2009/865/788
f 3205/943/851 3202/944/852 3201/154/113
f 3721/945/853 3719/150/721 3722/847/767
f 3756/420/737 3752/819/736 3753/946/854
f 1805/947/855 1810/948/856 1801/949/857
f 2510/950/333 2506/615/201 2507/951/200
f 4465/828/858 4463/827/859 4466/952/860
f 1846/953/861 1851/954/275 1850/955/592
f 3116/362/296 3120/956/862 3119/769/681
f 2476/462/389 2480/461/388 2479/957/863
f 3487/958/864 3488/959/865 3492/960/866
f 3885/281/867 3884/282/226 3874/283/868
f 2226/961/869 2216/891/789 2217/890/806
f 2246/962/870 2241/963/871 2236/281/225
f 3244/964/872 3240/817/734 3241/965/873
f 3899/180/874 3893/181/875 3894/182/876
f 2352/367/301 2340/966/877 2346/967/878
f 3874/283/868 3883/508/560 3882/647/879
f 1874/968/880 1877/662/526 1869/969/642
f 4877/850/881 4873/970/882 4874/851/771
f 1643/971/883 1650/972/884 1657/973/885
f 2388/397/329 2384/974/886 2385/757/526
f 2386/975/575 2388/397/329 2385/757/526
f 3932/921/328 3934/831/603 3933/922/604
f 4853/680/887 4854/421/888 4858/855/889
f 3778/557/473 3781/558/890 3784/101/472
f 3578/284/891 3583/910/827 3587/930/842
f 2401/976/892 2399/977/893 2402/978/894
f 4523/214/895 4520/979/895 4524/980/895
f 2402/978/894 2404/386/318 2401/976/892
f 4785/981/896 4787/982/897 4784/983/898
f 2321/984/899 2315/878/801 2310/877/800
f 2613/985/900 2614/986/901 2618/987/902
f 3113/988/903 3117/989/904 3116/362/296
f 4063/990/905 4062/991/906 4059/680/887
f 3145/992/907 3048/538/908 3047/56/909
f 3672/993/910 3670/994/911 3673/995/912
f 4496/996/913 4498/997/914 4495/869/915
f 2417/998/916 2420/999/917 2416/1000/918
f 3586/1001/919 3581/590/506 3582/377/920
f 4379/317/921 4381/1002/922 4377/1003/923
f 3629/1004/924 3634/1005/925 3641/1006/926
f 4800/755/150 4804/13/150 4806/1007/150
f 3965/329/927 3961/328/265 3962/1008/928
f 2432/1009/929 2428/1010/929 2427/345/929
f 2435/1011/930 2432/1009/930 2436/1012/930
f 3102/1013/931 3096/1014/932 3092/1015/933
f 2438/1016/934 2440/1017/935 2437/709/629
f 2441/1018/936 2444/1019/937 2443/1020/938
f 3948/1021/939 3952/1022/940 3951/1023/941
f 2026/324/261 2024/1024/942 2027/777/689
f 3395/465/392 3397/689/607 3394/466/393
f 3654/1025/943 3655/1026/944 3664/1027/945
f 1728/1028/637 1734/1029/639 1739/1030/946
f 2456/1031/947 2452/1032/948 2453/479/400
f 2704/1033/949 2703/780/692 2700/1034/950
f 1707/703/623 1711/1035/951 1710/1036/952
f 2884/49/38 2888/50/39 2887/51/40
f 4300/1037/953 4298/1038/954 4296/1039/955
f 1686/514/432 1690/739/656 1689/536/451
f 2720/1040/956 2727/76/56 2718/1041/957
f 2272/25/833 2266/26/958 2257/27/366
f 3549/1042/959 3545/1043/960 3546/1044/961
f 3847/1045/962 3842/145/542 3837/629/963
f 2494/1046/964 2498/1047/505 2488/1048/965
f 2481/1049/966 2490/274/218 2495/273/217
f 3764/373/307 3762/824/744 3765/825/745
f 4889/123/967 4885/1050/968 4886/1051/969
f 1888/454/381 1884/685/603 1885/1052/970
f 3002/1053/971 3006/654/972 3005/1054/973
f 4147/256/974 4140/255/205 4141/1055/975
f 3383/1056/976 3386/1057/977 3385/1058/978
f 3492/960/866 3497/813/979 3501/1059/980
f 3747/820/981 3749/804/718 3746/826/747
f 4612/867/982 4607/107/983 4602/106/984
f 2510/950/333 2512/217/162 2509/1060/334
f 1937/1061/68 1931/295/237 1927/294/70
f 4592/790/985 4585/1062/986 4578/101/518
f 3251/1063/987 3249/1064/988 3252/701/621
f 3527/1065/989 3523/656/570 3524/658/572
f 2290/1066/537 2295/1067/990 2300/1068/991
f 2183/628/537 2188/629/992 2193/145/104
f 2568/775/687 2572/1069/993 2571/776/688
f 2196/476/994 2200/608/995 2199/889/674
f 1582/617/530 1578/90/64 1579/89/63
f 2022/1070/996 2026/324/261 2025/323/260
f 1806/751/270 1798/767/674 1799/766/678
f 3770/137/98 3768/1071/997 3771/1072/998
f 3760/896/810 3764/373/307 3763/372/306
f 1798/767/674 1797/1073/999 1792/886/804
f 2056/1074/58 1729/427/356 2055/429/358
f 2558/1075/1000 2562/1076/1001 2561/1077/1002
f 2565/1078/1003 2563/1079/1004 2566/1080/1005
f 2569/1081/1006 2565/1078/1003 2566/1080/1005
f 2722/1082/1007 2727/76/56 2726/1083/1008
f 2036/2/2 2032/783/695 2033/1084/1009
f 3977/209/165 3974/418/347 3978/1085/1010
f 3066/1086/1011 3068/208/1012 3065/563/479
f 1990/835/755 1985/936/846 1980/935/1013
f 1748/246/196 1738/1087/1014 1739/1030/946
f 2729/1088/357 2725/1089/1015 2730/1090/1016
f 1552/1091/1017 1553/20/18 1558/1092/1018
f 2583/1093/1019 2586/1094/1020 2582/1095/1021
f 2587/1096/1022 2584/1097/1023 2588/1098/1024
f 4121/1099/1025 4120/1100/1026 4305/1101/1027
f 4568/1102/1028 4570/1103/1029 4567/1104/1030
f 1684/515/433 1688/740/657 1687/516/434
f 1614/906/823 1615/1105/1031 1625/1106/1032
f 4735/874/1033 4737/1107/1034 4734/538/1035
f 1593/1108/1036 1597/1109/1037 1592/1110/1038
f 2354/1111/861 2359/1112/1039 2358/1113/592
f 4038/1114/1040 4042/933/845 4041/1115/1041
f 2076/848/768 2072/945/853 2073/847/767
f 1896/695/612 1897/1116/1042 1900/1117/1043
f 2617/1118/1044 2626/584/501 2631/583/281
f 2760/1119/1045 2759/1120/1046 2752/1121/1047
f 2639/870/173 2641/1122/509 2638/1123/174
f 2503/1124/173 2499/1125/1048 2500/272/216
f 3989/1126/1049 3993/982/897 3992/1127/1050
f 3270/636/548 3267/1128/1051 3264/1129/1052
f 4505/1130/1053 4501/1131/1054 4502/1132/1055
f 2778/574/201 2780/1133/170 2777/1134/509
f 4488/1135/1056 4492/1136/1057 4491/1137/1058
f 4095/123/84 4091/1050/968 4092/1051/1059
f 2644/1138/170 2648/883/162 2647/1139/171
f 2648/883/162 2646/733/333 2649/882/163
f 2206/128/1060 2198/1045/1061 2207/609/270
f 1973/744/162 1977/1140/1062 1976/1141/1063
f 4604/1142/1064 4597/1143/1065 4594/439/1066
f 4907/1144/1067 4905/869/792 4908/381/315
f 3766/1145/1068 3770/137/98 3769/1146/1069
f 4364/1147/1070 4352/288/229 4358/287/228
f 2198/1045/1061 2193/145/104 2188/629/1071
f 2045/1148/1072 2052/796/1073 2043/1149/1074
f 2108/1150/1075 2112/839/758 2111/896/810
f 3855/128/1076 3863/750/1077 3873/1151/1078
f 1825/1152/869 1816/1153/789 1817/1154/806
f 4387/13/11 4385/14/1079 4388/15/13
f 3541/1155/1080 3539/518/438 3542/1156/1081
f 1676/1157/1082 1664/72/52 1665/1158/1083
s 0
f 1242/1159/150 1231/1160/150 1232/12/150
s 1
f 2313/1161/1084 2305/1162/1085 2314/1163/270
f 3775/798/712 3773/139/100 3776/799/713
f 1941/864/787 1948/863/786 1940/1164/1086
f 2700/1034/950 2703/780/692 2702/779/691
f 4287/1165/1087 4282/1166/1088 4283/1167/1089
f 2709/1168/1090 2707/191/151 2710/193/153
f 1634/459/386 1632/1169/1091 1635/1170/1092
f 1615/1105/1031 1608/1171/1093 1603/448/375
f 2639/870/173 2643/735/200 2642/734/201
f 1768/341/280 1769/1172/1094 1772/1173/503
f 2722/1082/1095 2725/1089/1095 2721/1174/1095
f 3253/1175/1096 3249/1064/988 3250/1176/1097
f 4030/844/795 4031/1177/1098 4034/830/1099
f 2968/9/1100 2966/1136/1057 2969/869/915
f 4698/261/614 4697/873/1101 4693/180/704
f 2674/333/270 2682/1178/1102 2681/764/676
f 1876/1179/886 1880/672/329 1879/671/585
f 3945/157/116 3949/1180/1103 3948/1021/939
f 3037/1181/1104 3038/1182/1105 3043/1183/1106
f 3462/1184/526 3453/298/240 3454/1185/1107
f 2772/1186/216 2767/861/217 2762/860/784
f 2157/1187/1108 2156/1188/1109 2149/790/1110
f 1949/862/785 1955/1189/497 1959/414/345
f 4762/1190/1111 4758/330/267 4759/329/266
f 1756/581/499 1762/1191/497 1766/219/172
f 2944/1192/1112 2942/1193/1113 2945/1194/1114
f 1774/251/201 1776/1195/170 1773/1196/509
f 4488/1135/1056 4486/554/469 4489/556/471
f 3286/488/1115 3287/1197/1116 3290/43/271
f 4455/169/129 4450/23/1117 4451/1198/1118
s 0
f 1150/1199/150 1119/1200/150 1120/1201/150
s 1
f 2524/75/55 2529/74/54 2537/133/1119
f 4641/1045/1120 4636/145/1121 4631/629/963
f 3329/670/584 3328/1202/1122 3321/1203/1123
f 3084/1204/1124 3088/1205/1125 3087/1206/1126
f 2792/729/651 2790/728/650 2793/199/158
f 4042/933/845 4040/782/1127 4043/932/844
f 3124/1207/1128 3121/768/680 3125/1208/1129
f 4099/1209/150 4102/1210/150 4105/1211/150
f 4854/421/888 4850/1212/1130 4851/1213/1131
f 3505/1214/1132 3503/1215/1133 3506/1216/1134
f 2808/1128/1135 2809/1217/1135 2814/597/1135
f 4334/1218/1136 4329/1219/1136 4330/1128/1136
f 4743/1180/1137 4741/715/636 4744/1220/1138
f 4063/990/1139 4068/382/1139 4067/1221/1139
f 3480/1222/1140 3487/958/864 3481/563/1141
f 3009/190/149 3012/1223/1142 3008/1224/1143
f 2836/287/1144 2840/1225/1145 2843/1226/1146
f 4365/1226/1146 4362/1225/1147 4360/1227/1148
f 2332/1228/227 2341/1229/560 2340/966/877
f 2825/16/14 2818/903/820 2819/902/819
f 3071/338/277 3069/210/1149 3072/1230/1150
f 4374/1231/1151 4372/1232/1152 4376/30/1153
f 4115/379/793 4117/380/314 4114/381/315
f 2445/1233/1154 2448/1234/1155 2444/1019/937
f 4380/28/1156 4378/900/1157 4376/30/1153
f 4385/14/1079 4382/1235/1158 4380/28/1156
f 2419/1236/1159 2423/1237/1160 2422/1238/1161
f 4398/393/1162 4394/1239/1162 4393/391/1162
f 1693/537/452 1691/741/658 1694/1240/1163
f 3336/266/1164 3340/1241/1165 3329/670/584
f 4406/682/600 4407/802/716 4409/1242/1166
f 3930/918/329 3928/917/575 3931/1243/330
f 4417/1244/1167 4413/51/40 4414/50/39
f 3404/1245/1168 3406/1246/1169 3403/248/198
f 4418/1247/1170 4416/1248/1171 4419/853/775
f 2893/853/775 2897/854/776 2896/195/154
f 4323/1249/1172 4327/598/512 4334/1218/1173
f 2663/1250/1174 2667/893/807 2666/892/674
f 4428/80/60 4426/1251/1175 4429/1252/1176
f 2902/80/60 2898/129/90 2899/1253/1177
f 4434/1197/1178 4437/1254/1179 4433/488/679
f 4436/1255/1180 4440/535/450 4439/534/449
f 4440/535/450 4438/1256/1181 4441/1257/1182
f 2922/382/1183 2921/1258/1184 2919/1259/1185
f 2512/217/162 2516/1260/1062 2515/1261/1186
f 2972/997/914 2968/9/1100 2969/869/915
f 2922/382/1183 2925/1198/456 2921/1258/1184
f 2923/542/457 2926/1262/1187 2922/382/1183
f 3304/1263/1188 3301/1264/1189 3305/869/1190
f 2939/828/749 2943/1265/1191 2942/1193/1113
f 1652/1266/1192 1646/1267/1193 1659/491/408
f 2935/1268/1194 2939/828/749 2938/1269/1195
f 2942/1193/1113 2946/1270/1196 2945/1194/1114
f 4470/1192/1112 4468/1193/1113 4471/1194/1114
f 1577/426/355 1575/88/62 1578/90/64
f 4201/423/352 4194/1271/1197 4197/424/353
f 3146/1272/632 3144/1273/1198 3147/1274/1199
f 4481/125/1200 4484/1275/1201 4480/123/123
f 2957/164/124 2961/812/730 2960/554/469
f 4371/681/1202 4369/636/1203 4372/1232/1152
f 4474/432/361 4471/1194/1114 4475/1276/1204
f 2960/554/469 2962/1135/1056 2959/22/1205
f 4490/555/470 4492/1136/1057 4489/556/471
f 3126/1277/1206 3129/1243/1207 3125/1208/1129
f 3262/1278/1208 3259/875/1209 3263/199/1210
f 4492/1136/1057 4496/996/913 4495/869/915
f 2628/1279/75 2621/1280/1211 2618/987/902
f 4259/1281/1212 4258/1282/1213 4261/1283/1214
f 3312/1284/1215 3325/1285/1216 3324/1286/1217
f 4667/506/424 4654/126/87 4664/1287/1218
f 4571/1288/1219 4502/1132/1055 4501/1131/1054
f 2979/1130/1053 2975/1131/1054 2976/1132/1055
f 2125/138/1220 2121/137/98 2122/1072/998
f 3655/1026/944 3648/1289/1221 3649/1290/1222
f 3028/1291/1223 3029/787/699 3032/786/698
f 4620/258/170 4624/259/162 4623/260/171
f 3516/1292/1224 3515/1293/1225 3512/1294/1226
f 2987/620/1227 2988/173/133 2993/1295/1228
f 2990/1296/1229 2995/1297/1230 2994/979/1231
f 2994/979/1231 2997/214/1232 2993/1295/1228
f 3249/1064/988 3245/1298/1233 3246/1299/1234
f 4473/1300/1235 4471/1194/1114 4474/432/361
f 2333/1301/1236 2332/1228/227 2325/1302/789
f 3680/1303/1237 3682/276/220 3679/1304/1238
f 2181/259/162 2179/690/333 2182/691/163
f 4426/1251/1175 4422/195/154 4423/854/776
f 3006/654/972 3004/655/569 3007/188/147
f 4563/1181/1239 4564/1182/1240 4569/1183/1241
f 3027/1305/1242 3026/1306/1243 3023/116/80
f 4549/116/140 4552/1306/1244 4551/788/1245
f 4558/786/1246 4562/1307/1247 4561/1308/1248
f 4560/67/1249 4557/68/48 4565/69/49
f 3034/67/47 3038/1182/1105 3027/1305/1242
f 4562/1307/1247 4555/787/1250 4551/788/1245
f 4563/1181/1239 4567/1104/1030 4562/1307/1247
f 1563/1309/1251 1557/1310/1252 1558/1092/1018
f 3042/1102/1253 3046/1311/1254 3045/1288/1219
f 3045/1288/1219 2974/1312/1255 3044/1103/1029
f 3048/875/908 3050/1313/1256 3047/231/909
f 3048/875/908 3052/120/81 3051/122/83
f 3055/1314/1257 3057/1315/1258 3054/121/82
f 2457/1316/1259 2459/1317/1260 2456/1031/947
f 4231/1318/1261 4229/161/120 4232/1319/1262
f 2527/1320/1263 2531/1321/1264 2530/73/53
f 2079/66/46 2077/846/766 2080/64/44
f 3746/826/747 3744/830/751 3747/820/981
f 3904/261/1265 3913/262/1266 3918/263/616
f 3102/1013/931 3092/1015/933 3093/1322/1267
f 2043/1149/1074 2050/603/517 2044/1323/1268
f 3069/210/1149 3073/1324/1269 3072/1230/1150
f 4089/1325/1270 4091/1050/968 4088/1326/1271
f 3084/1204/1124 3080/1327/1272 3081/1328/1273
f 3084/1204/1124 3082/1329/1274 3085/1330/1275
f 3090/1331/1276 3095/1332/1277 3100/1333/1278
f 3101/1334/1279 3095/1332/1277 3090/1331/1276
f 4752/160/119 4754/197/156 4751/198/157
f 3104/1335/1280 3100/1333/1278 3105/1336/1281
f 3101/1334/1279 3102/1013/931 3111/1337/1282
f 2586/1094/1020 2591/1338/1283 2595/1339/1284
f 3103/1340/1285 3107/1341/1286 3102/1013/931
f 2836/287/1144 2830/288/1287 2825/16/14
f 3674/1342/1288 3676/1343/1289 3673/995/912
f 4885/1050/968 4883/1325/1290 4886/1051/969
f 3367/1344/1291 3371/1345/1292 3370/1346/1293
f 4900/1347/1294 4899/1211/1295 4893/1209/1296
f 3355/1348/1297 3359/1349/1298 3358/1350/1299
f 2130/32/1300 2287/928/840 2288/33/28
f 3119/769/681 3123/1351/1301 3122/770/682
f 2887/51/40 2891/1244/1167 2890/1248/1171
f 3964/330/267 3968/1190/1111 3967/1352/1302
f 4503/1353/1303 4501/1131/1054 4504/1354/1304
f 2065/833/753 2067/314/843 2064/412/343
f 4421/196/155 4419/853/775 4422/195/154
f 2929/169/129 2930/170/146 2933/171/131
f 3152/243/193 3153/1355/1305 3156/1356/1306
f 1694/1240/1163 1699/546/461 1698/551/466
f 2673/763/675 2659/1357/103 2660/627/539
f 3139/1358/1307 3136/771/683 3140/897/811
f 4173/1359/1308 4170/1360/1309 4171/1361/1310
f 1969/1362/170 1973/744/162 1972/1363/171
f 1593/1108/1036 1592/1110/1038 1585/618/531
s 0
f 1543/1364/150 1536/1365/150 1537/1366/150
s 1
f 3077/566/279 3081/1328/1273 3080/1327/1272
f 3682/276/220 3685/98/1311 3688/96/586
f 1817/1154/806 1816/1153/789 1806/751/270
f 3467/1367/328 3469/1368/603 3468/10/604
f 3149/1369/1312 3153/1355/1305 3152/243/193
f 3816/727/1313 3821/789/791 3820/725/174
f 4030/844/795 4028/843/762 4031/1177/1098
f 3725/848/768 3721/945/853 3722/847/767
f 4829/1370/1314 4833/1371/1315 4832/1114/1040
f 4142/1372/1316 4147/256/974 4141/1055/975
f 1564/1373/1317 1569/1374/1318 1572/410/341
s 0
f 263/142/10 275/141/10 269/1375/10
s 1
f 3185/1376/1319 3187/1377/1320 3184/1378/1321
f 4213/1379/1322 4208/422/351 4209/1380/1089
f 2305/1162/1085 2300/1068/991 2295/1067/1071
f 2613/985/900 2610/1381/1323 2606/1382/1324
f 3191/1383/1325 3188/1384/1326 3192/1385/1327
f 3936/928/840 3934/831/603 3937/33/28
f 2174/593/509 2172/789/173 2175/592/201
f 1591/1386/1328 1590/1387/1329 1583/434/363
f 3207/1388/1330 3203/1389/1331 3204/1390/1332
f 3207/1388/1330 3205/943/851 3208/1391/1333
f 3142/1392/1334 3146/1272/632 3145/992/907
f 3213/1393/1335 3215/1394/1335 3212/1395/1335
f 3217/1396/1336 3213/1393/1337 3214/1397/1338
f 3113/988/903 3110/1398/1339 3111/1337/1282
f 3218/1399/1340 3222/1400/1341 3221/1401/1342
f 3225/419/348 3221/1401/1342 3222/1400/1341
f 3993/982/897 3994/1402/1343 3997/1403/1344
f 4777/470/394 4775/210/166 4778/471/395
f 1913/302/241 1911/36/31 1914/1404/1345
f 4837/932/844 4839/63/43 4836/933/845
f 3242/1405/1346 3246/1299/1234 3245/1298/1233
f 3246/1299/1234 3244/964/872 3247/1406/1347
f 3249/1064/988 3247/1406/1347 3250/1176/1097
f 4064/855/779 4060/421/888 4061/420/1348
f 2055/429/358 2053/1407/1349 2056/1074/58
f 3209/1408/1350 3207/1388/1330 3210/1409/1351
f 3936/928/840 3779/32/27 3778/557/473
f 3149/1369/1312 3151/242/192 3148/1410/1352
f 2981/1411/1353 2980/264/211 2983/1412/1354
f 3060/1413/1355 3058/1414/1356 3061/1415/1357
f 2408/1416/1358 2404/386/318 2405/1417/1359
f 2692/1418/1360 2693/895/809 2695/1419/1361
f 3276/1420/1362 3279/15/1363 3275/900/1364
f 4510/174/1365 4513/620/533 4509/1412/1366
f 3581/590/506 3586/1001/919 3590/408/339
f 1679/1421/1367 1672/1422/1368 1666/490/407
f 2567/1423/1369 2565/1078/1003 2568/775/687
f 4244/1424/1370 4248/1425/1371 4247/404/335
f 3283/1114/1372 3281/212/437 3284/1371/1373
f 4051/92/66 4055/352/289 4054/351/288
f 2106/421/738 2108/1150/1075 2105/680/1374
f 2157/1187/1108 2163/1426/1375 2167/727/1376
f 3896/1427/1377 3901/336/1378 3900/335/1379
f 3297/1428/1380 3293/1429/1381 3294/1430/1382
f 3719/150/721 3723/1431/1383 3722/847/767
f 4824/844/763 4820/230/183 4821/845/764
f 3075/339/278 3073/1324/1269 3076/1432/1384
f 3305/869/1190 3259/538/1209 3258/1433/1385
f 3007/188/147 3010/189/148 3009/190/149
f 2326/1434/1386 2325/1302/789 2314/1163/270
f 4443/43/35 4441/1257/1182 4444/44/36
s 0
f 1026/54/150 991/53/150 992/52/150
s 1
f 3302/1435/1387 3305/869/1190 3301/1264/1189
f 3307/996/1388 3306/1436/1389 3302/1435/1387
f 3268/208/1390 3272/637/549 3271/1437/1391
f 2442/1438/1392 2438/1016/934 2439/1439/1393
f 4099/1209/1394 4100/1440/1395 4103/1441/1396
f 2400/1442/1397 2398/1443/1398 2401/976/892
f 4650/609/524 4649/128/89 4641/1045/1120
f 4135/1444/1399 4134/1445/1400 4122/1446/1401
f 3314/1447/1402 3315/1448/1403 3309/1449/1404
f 4122/1446/1401 4123/1450/1405 4135/1444/1399
f 3662/1451/1406 3661/1452/1406 3666/1453/1406
f 3321/1203/1123 3327/1454/1407 3320/1455/1408
f 2070/150/721 2072/945/853 2069/151/251
f 3363/1456/1409 3364/254/204 3366/1457/1410
f 4840/742/659 4842/61/41 4839/63/43
f 3465/1458/329 3463/1459/575 3466/1460/330
f 4151/257/207 4147/256/206 4142/1372/1316
f 3344/1461/475 3340/1241/1165 3341/1462/1411
f 1923/1463/1412 1919/1464/1413 1924/1465/1414
f 3346/443/370 3342/1466/1415 3343/1467/477
f 3346/443/370 3344/1461/475 3347/1468/1416
f 3354/1469/1417 3352/684/602 3355/1348/1297
f 3353/1470/1418 3355/1348/1297 3352/684/602
f 2847/636/1419 2849/681/599 2846/210/1420
f 4089/1325/1270 4093/124/85 4092/1051/1059
f 3371/1345/1292 3373/309/248 3370/1346/1293
f 3346/443/370 3350/1471/1421 3349/444/371
f 2664/1472/557 2675/894/808 2663/1250/1174
f 3358/1350/1299 3362/636/1422 3361/210/1423
f 3168/1473/1424 3167/167/127 3165/1474/1425
f 4553/1305/1426 4552/1306/1244 4549/116/140
f 3019/179/139 3023/116/80 3018/178/138
f 4266/1475/1427 4263/1476/1428 4267/1477/1429
f 3283/1114/1372 3287/1197/1116 3286/488/1115
f 4752/160/119 4756/1008/928 4755/328/265
f 3519/1478/1430 3515/1293/1225 3516/1292/1224
f 3376/815/732 3374/1479/1431 3377/1480/1432
f 3713/412/590 3709/411/1433 3710/677/591
f 3379/1481/1434 3377/1480/1432 3380/1482/1435
f 2845/208/1436 2849/681/599 2848/1483/1437
f 1892/1484/1438 1890/455/382 1893/694/611
f 3352/684/602 3350/1471/1421 3353/1470/1418
f 3403/248/198 3401/1485/1439 3404/1245/1168
f 3393/12/608 3397/689/607 3396/1486/1440
f 3208/1391/1333 3210/1409/1351 3207/1388/1330
f 2999/1487/1441 2992/213/1442 3001/1488/1443
f 1885/1052/970 1884/685/603 1882/673/328
f 1591/1386/1328 1597/1109/1037 1602/447/374
f 4490/555/470 4486/554/469 4487/812/730
f 3409/1489/1444 3407/1490/1445 3410/1491/1446
f 1951/723/648 1961/585/502 1956/724/281
f 4671/1351/1447 4679/281/1448 4678/282/1449
f 3818/867/790 3813/107/74 3808/106/73
f 1832/1492/1450 1826/1493/1451 1823/1494/309
f 4413/51/40 4415/1495/1452 4412/240/190
f 3430/1496/1453 3425/1497/1454 3420/1498/1455
f 3164/605/520 3161/1499/1456 3162/1500/1457
f 3479/1501/1458 3478/1502/1459 3475/1503/1460
f 3148/1410/1352 3255/306/245 3149/1369/1312
f 2197/477/557 2208/475/1461 2196/476/994
f 4618/592/201 4620/258/170 4617/593/509
f 1985/936/846 1998/834/1462 1984/1504/103
f 4056/1212/1130 4054/351/288 4057/1213/1131
f 3520/1505/1463 3518/1506/1464 3521/657/571
f 1749/1507/783 1734/1029/1465 1731/1508/1466
f 4144/1509/1467 4136/1510/1468 4137/1511/1469
f 1849/1512/141 1843/1513/300 1844/1514/1470
f 2539/1515/1471 2531/1321/1264 2527/1320/1263
f 3130/1516/1472 3127/1517/1473 3128/918/1474
f 4168/1518/1475 4165/643/1475 4169/1519/1475
f 4774/208/164 4771/209/1476 4775/210/166
f 3456/1520/1477 3450/1521/1478 3441/1522/1479
f 2890/1248/1171 2894/1523/1480 2893/853/775
f 4367/208/1481 4368/210/1420 4371/681/1202
f 3461/1524/886 3465/1458/329 3464/1525/585
f 3471/1526/1482 3469/1368/603 3472/1527/1483
f 1676/1157/1082 1683/1528/1484 1675/1529/1485
f 1921/1530/1486 1925/1531/1487 1924/1465/1414
f 3545/1043/960 3705/1532/1488 3546/1044/961
f 4762/1190/1111 4764/150/109 4761/1352/1302
f 4871/1533/1489 4868/1534/1490 4869/1535/1491
f 2118/371/305 2120/1146/1069 2117/1145/1068
f 3525/1536/1492 3527/1065/989 3524/658/572
f 4183/1537/1113 4187/1538/1493 4186/1539/1494
f 4132/1540/1495 4124/1541/1496 4119/1542/1497
f 3050/1313/1256 3054/121/82 3053/1543/1498
f 3497/813/1499 3492/960/866 3493/1544/1500
f 2082/65/45 2080/64/44 2083/377/311
f 3263/199/1210 3260/1545/1501 3264/1129/1052
f 4192/711/632 4188/1546/1502 4189/1547/1503
f 2407/387/319 2411/923/835 2410/925/837
f 1920/702/622 1918/533/448 1921/1530/1486
f 3512/1294/1226 3515/1293/1225 3514/1548/1504
f 3515/1293/1225 3517/1549/1505 3514/1548/1504
s 0
f 433/1550/10 405/1551/10 434/1552/10
s 1
f 3521/657/571 3525/1536/1492 3524/658/572
f 2648/883/162 2652/1553/1062 2651/1554/1506
f 1645/1555/1507 1640/1556/1508 1637/1557/1509
f 4748/1558/1510 4745/1023/941 4749/344/283
f 3536/552/467 3532/1559/1511 3533/772/1512
f 4292/1560/1513 4284/1561/1514 4285/1562/1515
f 3543/1563/1516 3539/518/438 3540/520/440
f 3568/1564/1517 3566/679/596 3569/1565/1518
f 2914/535/450 2912/1256/1181 2915/1257/1182
f 3703/1566/1519 3545/1043/960 3544/1567/1520
f 4208/422/351 4212/1568/1087 4207/1569/1521
f 4572/1311/1254 4568/1102/1028 4569/1183/1241
f 3563/1570/1522 3557/1571/1523 3549/1042/959
f 2954/123/123 2951/431/360 2952/430/359
f 4862/382/1524 4865/1208/1525 4857/990/905
f 3662/1451/1526 3671/1572/1527 3666/1453/1528
f 4218/1573/1529 4210/236/186 4211/1574/1515
f 1711/1035/951 1713/1575/1530 1710/1036/952
f 3220/1576/1531 3222/1400/1341 3219/1577/1532
f 4017/1578/1533 4018/1579/1534 4020/1580/1535
f 4048/61/41 4050/1581/1536 4047/268/1537
f 3566/679/596 3570/1582/1538 3569/1565/1518
f 1622/451/378 1612/453/380 1607/445/372
f 4221/1583/1539 4214/1584/1540 4215/1585/1541
f 2733/1586/1542 2731/78/58 2734/1587/256
f 3439/296/238 3438/1588/1543 3434/1589/299
f 3569/1565/1518 3571/926/838 3568/1564/1517
f 2289/31/26 2130/32/1300 2288/33/28
f 4807/1590/1544 4806/1007/1545 4800/755/669
f 3494/521/441 3500/1591/1546 3504/1592/1547
f 4871/1533/1489 4874/851/771 4870/1593/1548
f 4039/1371/1315 4037/1594/1549 4040/782/1127
f 3579/911/828 3574/927/839 3575/591/508
f 3599/1595/1550 3598/1596/1551 3593/1597/1552
f 4580/572/1553 4574/368/303 4575/1598/1554
f 3604/940/849 3603/1599/1555 3598/1596/1551
f 3614/1600/1556 3610/1601/1557 3606/640/553
f 3904/261/1265 3903/873/1558 3899/180/874
f 2616/578/496 2611/1602/1559 2612/666/579
f 2179/690/333 2175/592/201 2176/743/200
f 3968/1190/1111 3970/150/109 3967/1352/1302
f 1776/1195/170 1780/402/162 1779/1603/171
f 3901/336/1378 3907/337/1560 3906/27/1561
f 2977/1353/1303 2975/1131/1054 2978/1354/1304
f 4290/1604/1562 4295/1605/1563 4289/1606/1564
f 3066/1086/1011 3070/636/1565 3069/210/1149
f 2594/1607/1566 2597/1608/1567 2605/1609/1568
f 3360/208/1569 3358/1350/1299 3361/210/1423
f 2172/789/173 2168/1610/794 2169/867/1570
f 3647/1611/1571 3640/1612/1572 3641/1006/926
f 3647/1611/1571 3639/1613/1573 3640/1612/1572
f 3645/1614/1574 3651/1615/1575 3644/1616/1576
f 3564/1617/1577 3563/1570/1522 3553/1618/1578
f 2396/1619/1579 2398/1443/1398 2395/1620/1580
f 4282/1166/1088 4286/1621/1581 4281/1622/1521
f 2404/386/318 2400/1442/1397 2401/976/892
f 3670/994/911 3674/1342/1288 3673/995/912
f 4525/1487/1441 4518/213/534 4527/1488/1443
f 3943/1107/1034 3942/155/114 3939/56/1582
f 3014/1623/1583 3012/1223/1142 3017/1624/1584
f 3132/1625/1585 3135/553/1586 3131/1626/1587
f 3724/810/728 3728/66/46 3727/811/729
f 3679/1304/1238 3675/1627/1588 3676/1343/1289
f 3677/1628/1589 3679/1304/1238 3676/1343/1289
f 3115/364/298 3113/988/903 3116/362/296
f 2277/1629/886 2281/918/329 2280/1517/585
f 2581/1630/1590 2584/1097/1023 2579/1631/1591
f 4168/1518/1592 4163/1632/1593 4164/1633/1594
f 3685/98/1311 3682/276/220 3689/1634/1595
f 2303/494/412 2307/876/799 2306/1635/674
f 4185/1636/1596 4189/1547/1503 4188/1546/1502
f 1677/289/231 1665/1158/1083 1666/490/407
f 1783/1637/1063 1782/884/537 1779/1603/171
f 2634/580/498 2639/870/173 2638/1123/174
f 3698/675/588 3700/1638/1597 3697/1639/1598
f 2642/734/201 2644/1138/170 2641/1122/509
f 3701/1640/1599 3703/1566/1519 3700/1638/1597
f 3701/1640/1599 3705/1532/1488 3704/1641/1600
f 4599/1188/1601 4591/1642/1086 4592/790/985
f 1815/752/666 1824/482/403 1823/1494/309
f 3856/609/1602 3864/749/1603 3863/750/1077
f 3765/825/745 3767/371/1604 3764/373/307
f 3706/231/727 3710/677/591 3709/411/1433
f 2116/825/745 2118/371/305 2115/373/307
f 1999/836/270 1991/762/674 1992/761/673
f 2121/137/98 2123/1643/1605 2120/1146/1069
f 3757/1150/1075 3755/421/738 3758/838/757
f 2101/821/741 2103/819/736 2100/804/718
f 2094/841/760 2090/842/761 2091/840/759
f 2565/1078/1003 2561/1077/1002 2562/1076/1001
f 2480/461/388 2487/1644/1606 2479/957/863
f 3752/819/736 3754/680/1374 3751/1645/1607
f 3731/65/45 3727/811/729 3728/66/46
f 3712/413/1608 3716/314/250 3715/315/252
f 2103/819/736 2099/805/719 2100/804/718
f 3737/823/743 3741/1646/1609 3740/840/759
f 3743/841/1610 3741/1646/1609 3744/830/751
f 2006/1647/665 2007/1648/308 2016/1649/677
f 2556/841/1611 2551/1650/1612 2557/830/1613
f 3742/474/746 3746/826/747 3745/803/1614
f 4726/921/328 4724/918/329 4725/1243/330
f 3749/804/718 3753/946/854 3752/819/736
f 3749/804/718 3745/803/1614 3746/826/747
f 3367/1344/1291 3369/308/247 3366/1457/1410
f 3763/372/306 3767/371/1604 3766/1145/1068
f 2059/874/455 2061/677/591 2058/875/726
f 3757/1150/1075 3761/839/758 3760/896/810
f 3723/1431/1383 3725/848/768 3722/847/767
f 3662/1451/1526 3656/1651/1615 3650/1652/1616
f 3761/839/758 3759/837/756 3762/824/744
f 4589/440/1617 4594/439/1066 4580/572/1553
f 3734/175/135 3738/822/1618 3737/823/743
f 3770/137/98 3772/1643/1619 3769/1146/1069
f 3749/804/718 3751/1645/1607 3748/805/719
f 2058/538/726 2128/539/454 2059/540/455
f 3773/139/100 3777/539/454 3776/799/713
f 3593/1597/1552 3603/1599/1555 3597/1653/1620
f 2455/1654/1621 2459/1317/1260 2458/1655/1622
f 4850/1212/1130 4848/351/288 4851/1213/1131
f 1709/549/464 1706/547/462 1712/1656/1623
f 4140/255/205 4139/1657/1624 4132/1540/1495
f 3800/439/1625 3792/441/1626 3793/1658/1627
f 2753/859/783 2738/718/1628 2735/717/638
f 4893/1209/1629 4888/1659/1630 4889/123/967
f 2161/1142/75 2154/1143/1631 2151/439/1632
f 4610/727/649 4600/1187/1633 4606/1426/1634
f 2488/1048/965 2487/1644/1606 2480/461/388
f 1601/446/373 1606/1660/1635 1611/1661/1636
f 1851/954/275 1857/1662/1637 1856/437/366
f 3821/789/791 3823/593/509 3820/725/174
f 3821/789/791 3825/743/200 3824/592/201
s 0
f 596/1663/10 595/1664/10 568/1665/10
s 1
f 3324/1286/1217 3325/1285/1216 3332/1666/1638
f 3189/1667/1639 3185/1376/1319 3186/1668/1640
f 3545/1043/960 3548/1669/1641 3547/1670/1642
f 4783/1126/1049 4787/982/897 4786/1127/1643
f 3810/1142/75 3803/1143/1065 3800/439/1625
f 3941/874/1033 3944/714/635 3943/1107/1034
f 2666/892/674 2665/1671/1644 2660/627/539
f 3856/609/1602 3855/128/1645 3847/1045/962
f 3866/890/1646 3865/891/1647 3856/609/1602
f 1999/836/270 2007/1648/308 2006/1647/665
f 2729/1088/357 2733/1586/1542 2732/716/637
f 3985/1672/1648 3981/210/166 3982/636/1649
f 1930/1673/1650 1926/1674/1651 1934/1675/1652
f 2910/1255/1180 2914/535/450 2913/534/449
f 3056/1676/1653 3060/1413/1355 3059/1677/1654
f 2902/80/60 2900/1251/1175 2903/1252/1176
f 4310/1678/1655 4313/1679/1656 4309/1680/1657
f 2929/169/129 2924/23/1117 2925/1198/456
f 2512/217/162 2517/939/848 2516/1260/1062
f 2887/51/40 2889/1495/1452 2886/240/190
f 3895/962/1658 3890/963/1659 3885/281/867
f 4690/1427/1660 4695/336/275 4694/335/274
f 1832/1492/1450 1838/1681/1661 1844/1514/1470
f 3636/1682/1662 3630/738/1663 3643/1683/1664
f 1854/278/222 1853/1684/1665 1849/1512/141
f 2362/659/573 2371/1685/1666 2376/758/671
f 4405/517/1667 4401/136/711 4402/664/577
f 3934/831/603 3938/31/26 3937/33/28
f 3462/1184/526 3455/1686/832 3456/1520/1477
f 2283/921/328 2285/831/603 2284/922/604
f 2538/131/92 2530/73/53 2531/1321/1264
f 2387/1687/585 2388/397/329 2390/396/328
f 2421/1688/1668 2419/1236/1159 2422/1238/1161
f 1989/1689/557 2000/1690/1669 1988/760/672
f 1624/907/824 1629/1691/1670 1631/1692/1671
f 3648/1289/1221 3654/1025/943 3659/1693/1672
f 2453/479/400 2452/1032/948 2449/1694/1673
f 3569/1565/1518 3573/1695/1674 3572/1696/1675
f 4612/867/982 4616/868/503 4615/789/173
f 4408/800/714 4411/801/715 4407/802/716
f 3298/1697/1676 3295/1698/1677 3300/1699/1678
f 3949/1180/1103 3947/715/636 3950/1220/1138
f 3950/1220/1138 3952/1022/940 3949/1180/1103
f 4744/1220/1138 4746/1022/940 4743/1180/1137
f 3053/1543/1498 3057/1315/1258 3056/1676/1653
f 2578/1700/1679 2577/223/176 2574/222/175
f 3287/1197/1116 3285/782/694 3288/334/272
f 3482/1701/1680 3489/102/442 3480/1222/1140
f 4832/1114/1040 4836/933/845 4835/1115/1041
f 3086/1702/1681 3084/1204/1124 3087/1206/1126
f 2855/317/254 2859/14/12 2858/318/255
f 3979/1703/1682 3974/418/347 3975/1704/1683
f 3805/1188/1684 3797/1642/1685 3798/790/1686
f 4773/1703/1687 4770/1705/1688 4776/636/1649
f 3946/156/115 3942/155/114 3943/1107/1034
f 3971/806/1689 3976/1705/1688 3975/1704/1683
f 4775/210/166 4779/1672/1648 4778/471/395
f 3196/1706/1690 3200/152/111 3199/1707/1691
f 2067/314/843 2071/806/720 2070/150/721
f 4315/199/158 4316/200/159 4319/201/1692
f 3385/1058/978 3388/1708/1693 3387/1709/1694
f 2933/171/131 2931/187/145 2934/457/384
f 3825/743/200 3827/635/334 3824/592/201
f 2314/1163/270 2324/374/308 2323/376/310
f 3088/1205/1125 3093/1322/1267 3092/1015/933
f 4087/1710/1695 4089/1325/1270 4086/1711/1696
f 2505/616/509 2503/1124/173 2506/615/201
f 4794/1420/1697 4793/900/816 4787/982/897
f 3176/358/292 3180/792/707 3179/708/628
f 1904/1712/1698 1902/1713/1699 1905/1714/1700
f 3655/1026/944 3650/1652/1616 3656/1651/1615
f 3193/1715/1701 3197/501/419 3196/1706/1690
f 2029/322/259 2031/785/697 2028/1716/1702
f 2172/789/173 2167/727/1376 2168/1610/794
f 4016/1717/1703 4019/1718/1704 4015/1719/1705
f 3262/1278/1208 3263/199/1210 3267/1128/1051
f 4813/1718/1704 4816/1720/1706 4812/1579/1534
f 3698/675/588 3693/674/1707 3689/1634/1595
f 4003/377/667 4007/754/668 4006/755/1708
f 2409/1721/1709 2413/924/836 2412/1722/1710
f 4828/830/1711 4831/1594/1549 4830/1723/1712
f 3228/421/350 3232/1724/1713 3231/503/421
f 2070/150/721 2074/1431/1383 2073/847/767
f 4032/474/1714 4030/844/795 4033/841/1715
f 4831/1594/1549 4833/1371/1315 4830/1723/1712
s 0
f 1408/231/150 1420/232/150 1426/233/150
s 1
f 2939/828/749 2941/1725/1716 2938/1269/1195
f 4182/1726/1717 4180/239/189 4183/1537/1113
f 4600/1187/1633 4599/1188/1601 4592/790/985
f 4295/1605/1563 4288/599/513 4289/1606/1564
f 4739/157/116 4743/1180/1137 4742/1021/939
f 4676/647/1718 4682/908/1719 4675/1727/1720
f 4593/105/1721 4602/106/984 4607/107/983
f 4403/211/167 4401/136/711 4404/212/168
f 3355/1348/1297 3357/1728/1722 3354/1469/1417
f 4574/368/303 4730/928/1723 4731/33/304
f 2492/1729/75 2485/1730/1724 2482/227/180
f 4063/990/905 4068/382/1524 4071/1208/1525
f 3211/1731/1725 3220/1576/1531 3214/1397/1338
f 2105/680/1374 2103/819/736 2106/421/738
f 4056/1212/1130 4060/421/888 4059/680/887
f 4060/421/888 4058/350/287 4061/420/1348
f 1720/875/486 1724/377/485 1723/65/484
f 4866/1277/1726 4869/1535/1491 4859/383/777
f 3919/719/1727 3924/1732/880 3927/611/526
f 2078/811/729 2082/65/45 2081/284/722
f 2037/1733/1728 2035/1/1 2038/1734/1729
f 4253/1735/1730 4250/406/337 4254/1736/1731
f 2033/1084/1009 2029/322/259 2030/778/690
f 3993/982/897 3999/900/816 3998/1003/1732
f 4877/850/881 4875/849/769 4878/1737/1733
f 2854/1738/1734 2852/29/24 2855/317/254
f 2976/1132/1055 3045/1288/1219 3046/1311/1254
f 4880/1711/1735 4883/1325/1290 4882/1326/1271
f 4086/1711/1696 4089/1325/1270 4088/1326/1271
f 4883/1325/1290 4887/124/85 4886/1051/969
f 2851/1739/1736 2849/681/599 2852/29/24
f 3389/1740/1737 3392/1741/1738 3388/1708/1693
f 4094/1659/1630 4097/1742/1739 4099/1209/1394
f 4420/1523/1480 4416/1248/1171 4417/1244/1167
f 1555/395/327 1554/19/17 1718/325/262
f 3340/1241/1165 3336/266/1164 3331/265/212
f 3601/1743/1740 3607/639/552 3595/409/340
f 4907/1144/1067 4911/380/314 4910/1744/1741
f 4105/1211/1742 4106/1347/1294 4109/1745/1743
f 3473/1746/1744 3312/1284/1215 3311/1747/1745
f 2549/1748/1746 2550/1749/1747 2556/841/1611
f 4500/1312/1255 4571/1288/1219 4501/1131/1054
f 1911/36/31 1915/532/447 1914/1404/1345
f 3406/1246/1169 3408/1750/1748 3405/1751/1749
f 3921/25/1750 3915/26/21 3906/27/1561
f 4125/1752/1751 4126/1753/1752 4120/1100/1753
f 3322/1754/1754 3321/1203/1123 3308/1755/1755
f 4132/1540/1495 4138/1756/1756 4131/1757/1408
f 4171/1361/1310 4170/1360/1309 4163/1632/1593
f 3280/211/1757 3278/13/435 3281/212/437
f 4253/1735/1730 4252/1758/1758 4250/406/337
f 4153/1759/1415 4157/560/476 4156/1760/1759
f 3381/1761/1760 3378/1762/1761 3382/1763/1762
f 4159/1764/1763 4157/560/476 4160/1765/1764
f 4141/1055/975 4134/1445/1400 4135/1444/1399
f 3530/809/725 3533/772/1512 3529/1766/1765
f 4347/16/230 4340/903/1766 4341/902/1767
f 4157/560/476 4161/641/554 4160/1765/1764
f 4163/1632/1593 4162/1767/1768 4159/1764/1763
f 3617/545/460 3621/1768/1769 3629/1004/924
f 3958/160/119 3962/1008/928 3961/328/265
f 4765/806/1689 4770/1705/1688 4769/1704/1770
f 3134/772/684 3138/898/812 3137/773/685
f 4181/400/332 4177/238/188 4178/498/416
f 4237/488/1771 4241/668/581 4240/1769/1772
f 4185/1636/1596 4183/1537/1113 4186/1539/1494
f 3507/1770/1773 3510/1771/1774 3506/1216/1134
f 4430/79/59 4428/80/60 4431/81/61
f 4855/420/1348 4860/1772/1775 4859/383/777
f 3795/99/68 3789/100/1776 3784/101/1777
f 3539/518/438 3535/1773/1778 3536/552/467
f 2088/823/743 2092/1646/1609 2091/840/759
f 4393/391/1779 4398/393/1780 4397/1774/1781
f 3591/1775/1782 3595/409/340 3590/408/339
f 3260/1776/1501 3306/1436/1389 3261/540/1783
f 2543/1777/1784 2551/1650/1612 2538/131/92
f 4220/1778/1785 4221/1583/1539 4224/1779/1786
f 4206/1780/1787 4210/236/186 4205/235/185
f 2503/1124/173 2507/951/200 2506/615/201
f 4222/1781/1788 4216/905/822 4217/904/821
f 4294/600/514 4298/1038/954 4300/1037/953
f 4216/905/822 4221/1583/1539 4215/1585/1541
f 4220/1778/1785 4219/1782/515 4214/1584/1540
f 2019/1783/1789 2017/1784/1790 2020/1785/1791
f 2430/346/631 2429/710/630 2424/1786/1792
f 4244/1424/1370 4240/1769/1772 4241/668/581
f 4244/1424/1370 4242/669/583 4245/1787/1793
f 4249/1788/1794 4247/404/335 4250/406/337
f 1637/1557/1509 1644/1789/1795 1643/971/883
f 3739/842/761 3737/823/743 3740/840/759
f 3575/591/508 3573/1695/1674 3576/1790/1796
f 2870/135/96 2867/391/1779 2871/1774/1797
f 4153/1759/1415 4151/257/207 4154/561/477
f 2947/1300/1235 2945/1194/1114 2948/432/361
f 2392/1791/603 2394/1792/1798 2391/1793/604
f 4260/1794/1799 4263/1476/1428 4258/1282/1213
f 4266/1475/1427 4261/1283/1214 4262/1795/1800
f 3829/260/171 3830/259/162 3833/619/1801
f 3561/570/594 3547/1670/1642 3552/1796/1802
f 3109/1797/1803 3100/1333/1278 3101/1334/1279
f 4282/1166/1088 4275/881/1804 4270/879/1805
f 4296/1039/955 4290/1604/1562 4291/1798/1806
f 4279/1799/1807 4272/1800/1808 4273/1801/1809
f 3783/1802/1810 3779/32/27 3780/852/772
f 2017/1784/1790 2018/942/809 2021/1803/1811
f 1749/1507/783 1758/343/282 1763/342/281
f 4222/1781/1788 4223/1804/1812 4227/162/121
f 3254/1805/1813 3252/701/621 3255/306/245
f 2407/387/319 2409/1721/1709 2406/385/317
f 4737/1107/1034 4736/155/114 4733/56/1582
f 4321/1806/1814 4320/1807/1815 4317/1808/1816
f 4636/145/1121 4641/1045/1120 4649/128/89
f 4498/997/914 4309/1680/1657 4308/1809/1817
f 3324/1286/1217 3323/1810/1400 3311/1747/1745
f 4303/1811/120 4301/1812/121 4304/1813/122
f 3855/128/1076 3841/144/1818 3842/145/542
f 4312/728/650 4316/200/159 4315/199/158
f 2790/728/650 2794/200/159 2793/199/158
f 3857/475/1819 3845/476/545 3846/477/1820
f 4266/1475/1427 4271/1814/1821 4270/879/1805
f 4349/699/1822 4356/1815/1823 4360/1227/1148
f 4357/698/1824 4349/699/1822 4350/700/1825
f 2984/174/134 2987/620/1227 2983/1412/1354
f 3067/1701/1826 3066/1086/1011 3063/565/481
f 4447/1258/1827 4450/23/1117 4445/1259/1828
f 2801/1249/1172 2805/598/1829 2812/1218/1173
f 3409/1489/1444 3417/5/5 3411/1816/1830
f 4332/1817/1831 4333/901/1832 4341/902/1767
f 4344/1818/1833 4349/699/1822 4348/1819/1834
f 2122/1072/998 2118/371/305 2119/1071/997
f 4347/16/230 4351/17/1835 4346/18/1836
f 4461/1268/1194 4465/828/858 4464/1269/1195
f 2359/1112/1039 2365/1820/1837 2364/915/366
f 3309/1449/1838 3471/1526/1482 3310/1821/1839
f 3194/1822/1840 3193/1715/1701 3190/369/1841
f 4368/210/1420 4364/1147/1070 4365/1226/1146
f 4368/210/1420 4366/1823/1842 4369/636/1203
f 2827/699/619 2834/1815/1843 2838/1227/1844
f 2788/1678/1655 2791/1679/1656 2787/1680/1657
f 2708/1824/1845 2707/191/151 2705/781/693
f 3181/1825/1846 3179/708/628 3182/1826/1847
f 3743/841/1610 3739/842/761 3740/840/759
f 2857/316/253 2861/13/11 2860/1827/1848
f 4795/284/815 4796/65/817 4800/755/1849
f 4383/316/1850 4387/13/11 4386/1827/1848
f 2546/1828/1851 2537/133/1119 2542/132/93
f 4396/135/1852 4395/1335/1853 4389/1829/1854
f 2737/1830/1855 2733/1586/1542 2734/1587/256
f 2870/135/96 2869/1335/1853 2863/1829/1856
f 2875/136/97 2879/517/1667 2878/212/168
f 2582/1095/1021 2586/1094/1020 2585/1831/1857
f 4400/134/95 4395/1335/1853 4396/135/1852
f 4273/1801/1809 4272/1800/1808 4267/1477/1429
f 2900/1251/1175 2896/195/154 2897/854/776
f 1773/1196/509 1771/220/173 1774/251/201
f 1893/694/611 1891/1832/1858 1894/696/613
f 2892/1247/1170 2890/1248/1171 2893/853/775
f 3830/259/162 3828/690/333 3831/691/163
f 2893/853/775 2895/196/155 2892/1247/1170
f 3173/357/291 3177/1833/1859 3176/358/292
f 2902/80/60 2906/292/234 2905/81/61
f 4424/129/90 4422/195/154 4425/1253/1860
f 3396/1486/1440 3400/688/606 3399/247/197
f 1589/1834/1861 1590/1387/1329 1601/446/373
f 4246/1835/1862 4244/1424/1370 4247/404/335
f 2917/43/35 2915/1257/1182 2918/44/36
f 4443/43/35 4439/534/449 4440/535/450
f 4507/1411/1353 4506/264/211 4509/1412/1366
f 4465/828/858 4469/1265/1191 4468/1193/1113
f 2463/1836/1863 2462/1837/1864 2460/1838/1865
f 4448/382/1866 4451/1198/1118 4447/1258/1827
f 4449/542/457 4452/1262/1187 4448/382/1866
f 2623/577/495 2615/1839/1867 2616/578/496
f 3215/1394/1868 3216/1840/1869 3219/1577/1532
f 4730/928/1723 4728/831/603 4731/33/304
f 2398/1443/1398 2394/1792/1798 2395/1620/1580
f 3228/421/350 3230/505/423 3227/680/1870
f 4375/29/1871 4378/900/1157 4377/1003/923
f 4467/1725/1716 4465/828/858 4468/1193/1113
f 4472/1270/1196 4468/1193/1113 4469/1265/1191
f 2562/1076/1001 2560/1841/1872 2563/1079/1004
f 4456/170/130 4454/186/144 4457/187/145
f 2063/413/344 2067/314/843 2066/315/1873
f 3434/1589/299 3428/1842/1874 3429/1843/1875
f 3090/1331/1276 3089/1844/1876 3086/1702/1681
f 3079/1845/1384 3075/339/278 3076/1432/1384
f 4494/9/1100 4492/1136/1057 4495/869/915
f 3698/675/588 3702/1846/1877 3701/1640/1599
f 2970/996/913 2972/997/914 2969/869/915
f 4494/9/1100 4498/997/914 4497/1847/1878
f 3849/608/1879 3857/475/1880 3856/609/1602
f 2514/1848/537 2519/1849/1881 2524/75/55
f 3946/156/115 3944/714/635 3947/715/636
f 3798/790/1686 3788/791/1014 3789/100/1882
f 2905/81/61 2906/292/234 2909/334/814
f 3333/1850/1883 3325/1285/1216 3326/1851/1469
f 4515/1852/1884 4516/1296/1229 4520/979/1885
f 1696/526/444 1700/704/624 1703/1853/1886
f 2456/1031/947 2454/1854/1887 2457/1316/1259
f 2784/206/162 2782/573/333 2785/207/163
f 3475/1503/1460 3478/1502/1459 3477/1855/1888
f 4041/1115/1041 4045/63/43 4044/62/42
f 4836/933/845 4834/782/1127 4837/932/844
f 4531/1054/973 4532/654/568 4535/190/149
f 4540/1623/1583 4538/1223/1889 4543/1624/1890
f 3170/348/285 3174/1856/1891 3173/357/291
f 4546/114/78 4550/115/79 4549/116/140
f 1902/1713/1699 1903/1857/1892 1906/1858/1893
f 3963/1859/1894 3961/328/265 3964/330/267
f 4846/91/65 4842/61/41 4843/1860/1895
f 3023/116/80 3026/1306/1243 3025/788/700
f 4556/1861/1896 4560/67/1249 4564/1182/1240
f 3199/1707/1691 3200/152/111 3202/944/852
f 3044/1103/1029 3042/1102/1253 3045/1288/1219
f 3375/816/733 3379/1481/1434 3378/1762/1761
f 3563/1570/1522 3567/1862/1897 3566/679/596
f 1967/523/201 1969/1362/170 1966/731/509
f 1711/1035/951 1715/327/264 1714/326/263
f 4189/1547/1503 4187/1538/1493 4190/712/633
f 4305/1101/1027 4303/1811/120 4306/1863/1898
f 3806/1187/1633 3805/1188/1684 3798/790/1899
f 2760/1119/1045 2766/1864/964 2770/589/505
f 4906/996/1900 4905/869/792 4902/8/8
f 2966/1136/1057 2962/1135/1056 2963/556/471
f 3816/727/1313 3806/1187/1633 3812/1426/1901
f 4511/172/1902 4514/173/1903 4510/174/1365
f 2775/1865/173 2771/1866/794 2772/1186/216
f 4615/789/173 4617/593/509 4614/725/174
f 4615/789/173 4619/743/200 4618/592/201
f 2169/867/1570 2164/107/645 2159/106/644
f 3985/1672/1648 3988/1867/1904 3987/1868/1905
f 3240/817/734 3242/1405/1346 3239/818/735
f 3966/149/108 3964/330/267 3967/1352/1302
f 2970/996/913 2966/1136/1057 2967/1869/1906
f 4229/161/120 4225/1870/1907 4226/1871/953
f 2286/1872/970 2285/831/603 2283/921/328
f 3522/1873/1908 3518/1506/1464 3519/1478/1430
f 3020/114/78 3019/179/139 3015/912/1909
f 4625/691/163 4629/748/663 4624/259/162
f 1805/947/855 1797/1073/999 1806/751/270
f 4634/630/662 4629/748/663 4630/631/414
f 4657/1874/1910 4656/858/782 4651/475/396
f 3845/476/545 3849/608/1879 3848/889/1911
f 2106/421/738 2110/837/756 2109/838/757
f 3112/1875/1912 3109/1797/1803 3113/988/903
f 2803/596/510 2814/597/511 2805/598/1829
f 2786/1809/1817 2787/1680/1657 2789/730/652
f 3617/545/460 3620/1876/1913 3630/738/1663
f 4307/1877/1914 4303/1811/120 4304/1813/122
f 3999/900/816 4001/284/815 3998/1003/1732
f 2779/575/200 2775/1865/173 2776/1878/503
f 4684/963/1915 4679/281/1448 4689/962/1916
f 3431/1879/1917 3436/1880/275 3435/1881/1918
f 3881/1727/1720 3882/647/879 3888/908/1919
f 2743/1882/1920 2752/1121/1047 2742/1883/1014
f 3826/258/170 3830/259/162 3829/260/171
f 4272/1800/1808 4279/1799/1807 4284/1561/1514
f 3921/25/1750 3922/1884/1921 3928/917/575
f 4001/284/815 4002/65/1922 4006/755/1923
f 3643/1683/1664 3644/1616/1576 3651/1615/1575
f 2697/1885/1924 2694/1886/1925 2692/1418/1360
f 4724/918/329 4720/1629/886 4721/611/526
f 4724/918/329 4722/917/575 4725/1243/330
f 3470/1887/970 3469/1368/603 3467/1367/328
f 4757/1859/1926 4755/328/265 4758/330/267
f 1774/251/201 1778/401/333 1777/403/334
f 4728/831/603 4732/31/302 4731/33/304
f 2796/1888/1927 2799/1806/1814 2795/1808/1928
f 3081/1328/1273 3079/1845/1384 3082/1329/1274
f 4835/1115/1041 4839/63/43 4838/62/42
f 2498/1047/505 2503/1124/173 2502/1889/174
f 3231/503/421 3235/513/431 3234/512/430
f 3874/283/868 3869/1890/1929 3865/891/1647
f 3441/1522/1479 3436/1880/275 3442/1891/1930
f 3999/900/816 4003/377/667 4002/65/1922
f 4108/8/8 4110/9/9 4107/7/7
f 4811/1578/1533 4812/1579/1534 4814/1580/1535
f 4024/229/182 4021/1892/1931 4025/1893/1932
f 2291/1894/1933 2290/1066/537 2783/1895/171
f 3676/1343/1289 3672/993/910 3673/995/912
f 3402/249/199 3406/1246/1169 3405/1751/1749
f 4844/1581/1536 4842/61/41 4845/92/66
f 4763/151/110 4764/150/109 4768/418/347
f 3342/1466/1415 3340/1241/1165 3343/1467/477
f 3958/160/119 3957/198/157 3954/1558/1510
f 2415/1896/1934 2413/924/836 2416/1000/918
f 4590/1897/1935 4594/439/1066 4589/440/1617
f 2156/1188/1109 2148/1642/195 2149/790/701
f 2959/22/1205 2957/164/124 2960/554/469
f 2181/259/162 2185/1898/1062 2184/619/532
f 4889/123/967 4887/124/85 4890/125/86
f 2432/1009/1936 2439/1439/1393 2438/1016/934
f 2843/1226/1146 2840/1225/1145 2838/1227/1844
f 2752/1121/1047 2759/1120/1046 2751/1899/1937
f 3147/1274/1199 3048/538/908 3146/1272/632
f 4760/149/108 4758/330/267 4761/1352/1302
f 4760/149/108 4764/150/109 4763/151/110
f 4235/1900/1938 4236/1901/1939 4238/1197/1940
f 4768/418/347 4771/209/1476 4767/417/1941
f 4894/1440/1395 4893/1209/1296 4889/123/967
f 4773/1703/1687 4768/418/347 4769/1704/1770
f 3935/1872/970 3934/831/603 3932/921/328
f 4208/422/351 4200/1902/1942 4201/423/352
f 3979/1703/1682 3976/1705/1688 3982/636/1649
f 3615/1903/1943 3617/545/460 3614/1600/1556
f 4083/850/770 4079/970/882 4080/851/771
f 2085/175/739 2087/176/1944 2084/177/137
f 3991/981/896 3993/982/897 3990/983/898
f 4781/1868/1905 4784/983/898 4780/1904/1945
f 3987/1868/1905 3990/983/898 3986/1904/1945
f 2396/1619/1579 2392/1791/603 2393/1905/970
f 4845/92/66 4849/352/289 4848/351/288
f 2966/1136/1057 2964/555/470 2967/1869/1906
f 2846/210/1420 2844/1823/1842 2847/636/1419
f 4793/900/816 4797/377/667 4796/65/817
f 2313/1161/1084 2318/1906/856 2309/1907/1946
f 2775/1865/173 2777/1134/509 2774/587/174
f 4382/1235/1158 4383/316/1850 4381/1002/922
f 3930/918/329 3926/1629/886 3927/611/526
f 4006/755/150 4010/13/150 4012/1007/150
f 1658/1197/1947 1650/972/884 1644/1789/1795
f 4787/982/897 4793/900/816 4792/1003/1732
f 4508/1908/1948 4511/172/1902 4506/264/211
f 4151/257/207 4155/559/475 4154/561/477
f 4023/228/181 4024/229/182 4026/230/183
f 4819/1893/1932 4822/843/762 4818/229/182
f 4039/1371/1315 4035/1370/1314 4036/1723/1712
f 2247/1427/1949 2252/336/275 2251/335/592
f 4483/164/124 4485/22/1205 4482/165/125
f 4284/1561/1514 4290/1604/1562 4283/1167/1089
f 4299/1909/1907 4303/1811/120 4302/1910/1950
f 4905/869/792 4909/379/313 4908/381/315
s 0
f 1206/1911/150 1183/1912/150 1205/1913/150
s 1
f 4852/350/287 4854/421/888 4851/1213/1131
f 4847/1914/1951 4845/92/66 4848/351/288
f 4053/1914/1951 4051/92/66 4054/351/288
f 4852/350/287 4848/351/288 4849/352/289
f 4592/790/985 4584/1915/1952 4585/1062/986
f 3275/900/1364 3278/13/435 3277/1827/1953
f 4231/1318/1261 4232/1319/1262 4235/1900/1938
f 4344/1818/1833 4343/1916/1954 4337/1917/1955
f 4528/1053/971 4532/654/568 4531/1054/973
f 3473/1746/1744 3469/1368/603 3470/1887/970
f 4077/1533/1489 4080/851/771 4076/1593/1548
f 4075/1535/1491 4078/1918/1956 4077/1533/1489
f 2822/1818/1957 2827/699/619 2826/1819/1834
f 2822/1818/1957 2821/1916/1958 2815/1917/1959
f 2547/1919/1960 2543/1777/1784 2539/1515/1471
f 4095/123/84 4100/1440/1395 4099/1209/1394
f 2214/750/665 2215/749/664 2224/1151/1078
f 4884/1920/1961 4883/1325/1290 4880/1711/1735
f 4779/1672/1648 4782/1867/1904 4781/1868/1905
f 3227/680/1870 3225/419/348 3228/421/350
f 4307/1877/1914 4123/1450/1405 4122/1446/1401
f 2846/210/1420 2842/1147/1070 2843/1226/1146
f 1930/1673/640 1934/1675/1652 1937/1061/68
f 4746/1022/940 4742/1021/939 4743/1180/1137
f 4895/1921/1962 4892/1922/1963 4893/1209/1629
f 4013/1590/1544 4012/1007/1964 4006/755/1708
f 3225/419/348 3223/1923/1965 3226/1924/1966
f 2780/1133/170 2784/206/162 2783/1895/171
f 4826/474/1967 4823/872/796 4824/844/763
f 2718/1041/957 2725/1089/1015 2719/1925/1968
f 3295/1698/1677 3293/1429/1381 3296/1926/1969
f 3036/1307/1970 3037/1181/1104 3042/1102/1253
f 4113/1144/1971 4111/869/792 4114/381/315
f 4117/380/314 4113/1144/1971 4114/381/315
f 2042/1927/1972 2041/1928/1973 2039/3/3
f 2041/1928/1973 2038/1734/1729 2039/3/3
f 2038/1734/1729 2035/1/1 2039/3/3
f 3423/6/1974 3422/1929/1974 3429/1843/1974
f 3428/1842/1874 3434/1589/299 3427/1930/1975
f 3434/1589/299 3433/1931/1976 3427/1930/1975
f 3428/1842/1874 3427/1930/1975 3416/4/4
f 3429/1843/1875 3428/1842/1874 3416/4/4
f 3423/6/6 3429/1843/1875 3416/4/4
f 4901/7/7 4898/1932/1977 4899/1211/1295
f 4899/1211/1295 4902/8/8 4901/7/7
f 4902/8/8 4905/869/792 4904/9/9
s 0
f 453/1933/10 452/1934/10 450/1935/10
f 452/1934/10 451/1936/10 450/1935/10
f 450/1935/10 449/1456/10 447/1937/10
f 449/1456/10 448/1938/10 447/1937/10
f 453/1933/10 450/1935/10 441/231/10
f 450/1935/10 447/1937/10 446/1939/10
f 454/284/10 453/1933/10 441/231/10
f 450/1935/10 446/1939/10 441/231/10
f 444/1940/10 443/1941/10 442/1942/10
f 441/231/10 470/1943/10 454/284/10
f 470/1943/10 469/1944/10 455/1945/10
f 454/284/10 470/1943/10 455/1945/10
f 444/1940/10 442/1942/10 441/231/10
f 445/1946/10 444/1940/10 441/231/10
f 469/1944/10 468/1947/10 455/1945/10
f 468/1947/10 467/1159/10 456/1160/10
f 467/1159/10 466/10/10 457/12/10
f 468/1947/10 456/1160/10 455/1945/10
f 466/10/10 465/1948/10 458/11/10
f 465/1948/10 464/1949/10 459/1950/10
f 464/1949/10 463/1951/10 460/1952/10
f 463/1951/10 462/1931/10 461/1953/10
f 460/1952/10 463/1951/10 461/1953/10
f 460/1952/10 459/1950/10 464/1949/10
f 465/1948/10 459/1950/10 458/11/10
f 446/1939/10 445/1946/10 441/231/10
f 456/1160/10 467/1159/10 457/12/10
s 1
f 2861/13/11 2858/318/255 2859/14/12
f 2825/16/14 2830/288/1287 2829/17/15
f 1553/20/18 1552/1091/1017 1716/21/19
f 1716/21/19 1717/562/478 1554/19/17
f 1717/562/150 1551/1954/150 1554/19/150
s 0
f 67/682/10 66/1955/10 65/1956/10
f 65/1956/10 64/1147/10 67/682/10
f 64/1147/10 63/1957/10 62/1958/10
f 64/1147/10 62/1958/10 61/1959/10
f 67/682/10 64/1147/10 61/1959/10
f 68/1242/10 67/682/10 61/1959/10
f 69/240/10 68/1242/10 60/1960/10
f 68/1242/10 61/1959/10 60/1960/10
f 70/1961/10 69/240/10 59/1962/10
f 69/240/10 60/1960/10 59/1962/10
f 71/1114/10 70/1961/10 58/1963/10
f 70/1961/10 59/1962/10 58/1963/10
f 71/1114/10 58/1963/10 57/1964/10
f 57/1964/10 82/1135/10 72/1965/10
f 82/1135/10 81/22/10 74/24/10
f 72/1965/10 82/1135/10 73/1966/10
f 81/22/10 80/1300/10 78/1268/10
f 80/1300/10 79/1967/10 78/1268/10
f 71/1114/10 57/1964/10 72/1965/10
f 73/1966/10 82/1135/10 74/24/10
f 81/22/10 78/1268/10 77/1968/10
f 81/22/10 77/1968/10 76/169/10
f 81/22/10 76/169/10 75/23/10
s 1
f 4695/336/275 4696/1969/1978 4701/337/276
f 4696/1969/1978 4705/1970/1979 4701/337/276
f 4710/1971/1980 4704/1972/10 4700/27/1981
f 4709/26/1982 4710/1971/1980 4700/27/1981
f 4700/27/22 4701/337/276 4716/1884/1921
f 4701/337/276 4705/1970/1979 4716/1884/1921
f 4700/27/22 4716/1884/1921 4715/25/20
f 2856/28/23 2855/317/254 2852/29/24
f 3938/31/26 3780/852/772 3779/32/27
f 1910/34/29 1907/1973/1983 1908/35/30
f 2741/37/1984 2745/1974/1984 2746/38/1984
f 2746/38/1985 2750/1975/1985 2754/110/1985
f 2754/110/77 2753/859/783 2749/39/34
f 2749/39/34 2736/1976/1986 2737/1830/1855
f 2737/1830/1987 2740/1977/1987 2741/37/1987
f 2746/38/33 2754/110/77 2749/39/34
f 2749/39/34 2737/1830/1855 2741/37/32
s 0
f 97/1978/10 96/1979/10 94/1469/10
f 96/1979/10 95/1980/10 94/1469/10
f 99/1981/10 98/1982/10 91/1983/10
f 98/1982/10 97/1978/10 93/1984/10
f 99/1981/10 91/1983/10 100/1934/10
f 101/1985/10 100/1934/10 90/1986/10
f 90/1986/10 100/1934/10 91/1983/10
f 103/1987/10 102/1988/10 89/1946/10
f 102/1988/10 101/1985/10 90/1986/10
f 89/1946/10 102/1988/10 90/1986/10
f 105/1989/10 104/1990/10 134/1991/10
f 104/1990/10 103/1987/10 135/1992/10
f 151/56/10 106/1993/10 133/1994/10
f 106/1993/10 105/1989/10 133/1994/10
f 134/1991/10 133/1994/10 105/1989/10
f 135/1992/10 134/1991/10 104/1990/10
f 136/1995/10 135/1992/10 103/1987/10
f 97/1978/10 94/1469/10 93/1984/10
f 93/1984/10 92/1996/10 98/1982/10
f 136/1995/10 103/1987/10 89/1946/10
f 137/112/10 136/1995/10 88/1997/10
f 92/1996/10 91/1983/10 98/1982/10
f 89/1946/10 88/1997/10 136/1995/10
f 88/1997/10 87/485/10 120/484/10
f 137/112/10 88/1997/10 119/113/10
f 87/485/10 86/301/10 121/299/10
f 86/301/10 85/1998/10 122/300/10
f 121/299/10 86/301/10 122/300/10
f 85/1998/10 84/1999/10 122/300/10
f 84/1999/10 83/2000/10 123/2001/10
f 122/300/10 84/1999/10 123/2001/10
f 83/2000/10 132/2002/10 124/2003/10
f 132/2002/10 131/2004/10 125/2005/10
f 131/2004/10 130/2006/10 126/2007/10
f 130/2006/10 129/2008/10 127/2009/10
f 126/2007/10 130/2006/10 127/2009/10
f 129/2008/10 128/2010/10 127/2009/10
f 132/2002/10 125/2005/10 124/2003/10
f 131/2004/10 126/2007/10 125/2005/10
f 119/113/10 88/1997/10 120/484/10
f 83/2000/10 124/2003/10 123/2001/10
f 107/55/10 150/57/10 108/117/10
f 150/57/10 149/118/10 108/117/10
f 109/2011/10 108/117/10 148/119/10
f 111/1950/10 110/2012/10 147/2013/10
f 110/2012/10 109/2011/10 147/2013/10
f 111/1950/10 147/2013/10 146/469/10
f 113/2014/10 112/467/10 145/468/10
f 112/467/10 111/1950/10 146/469/10
f 145/468/10 112/467/10 146/469/10
f 115/2015/10 114/2016/10 143/2017/10
f 114/2016/10 113/2014/10 144/2018/10
f 143/2017/10 114/2016/10 144/2018/10
f 117/42/10 116/2019/10 140/40/10
f 116/2019/10 115/2015/10 142/1947/10
f 119/113/10 118/2020/10 138/111/10
f 118/2020/10 117/42/10 139/41/10
f 138/111/10 118/2020/10 139/41/10
f 116/2019/10 142/1947/10 141/2021/10
f 142/1947/10 115/2015/10 143/2017/10
f 108/117/10 149/118/10 148/119/10
f 109/2011/10 148/119/10 147/2013/10
f 87/485/10 121/299/10 120/484/10
f 145/468/10 144/2018/10 113/2014/10
f 138/111/10 137/112/10 119/113/10
f 116/2019/10 141/2021/10 140/40/10
s 1
f 2920/45/37 2928/186/144 2923/542/457
f 2928/186/144 2927/541/1118 2923/542/457
f 2923/542/457 2922/382/1183 2920/45/37
f 2922/382/1183 2917/43/35 2920/45/37
s 0
f 177/2022/10 176/2023/10 174/474/10
f 176/2023/10 175/2024/10 174/474/10
f 177/2022/10 174/474/10 173/2025/10
f 177/2022/10 173/2025/10 172/2026/10
f 177/2022/10 172/2026/10 171/2027/10
f 170/2028/10 169/2029/10 178/2030/10
f 169/2029/10 168/2031/10 179/2032/10
f 178/2030/10 169/2029/10 179/2032/10
f 177/2022/10 171/2027/10 170/2028/10
f 178/2030/10 177/2022/10 170/2028/10
f 168/2031/10 167/2033/10 180/2034/10
f 167/2033/10 166/2035/10 181/2036/10
f 166/2035/10 165/2037/10 182/2038/10
f 181/2036/10 166/2035/10 182/2038/10
f 165/2037/10 164/204/10 183/202/10
f 164/204/10 163/2039/10 184/203/10
f 163/2039/10 162/2040/10 185/2041/10
f 162/2040/10 161/2042/10 186/2043/10
f 185/2041/10 162/2040/10 186/2043/10
f 161/2042/10 160/2044/10 153/2045/10
f 160/2044/10 159/2046/10 157/2047/10
f 156/2048/10 160/2044/10 157/2047/10
f 159/2046/10 158/2049/10 157/2047/10
f 164/204/10 184/203/10 183/202/10
f 160/2044/10 156/2048/10 155/2050/10
f 160/2044/10 155/2050/10 154/2051/10
f 179/2032/10 168/2031/10 180/2034/10
f 160/2044/10 154/2051/10 153/2045/10
f 180/2034/10 167/2033/10 181/2036/10
f 161/2042/10 153/2045/10 152/2052/10
f 161/2042/10 152/2052/10 187/2053/10
f 152/2052/10 195/46/10 188/48/10
f 187/2053/10 152/2052/10 188/48/10
f 183/202/10 182/2038/10 165/2037/10
f 195/46/10 194/2054/10 192/2055/10
f 194/2054/10 193/2056/10 192/2055/10
f 185/2041/10 184/203/10 163/2039/10
f 195/46/10 192/2055/10 191/2057/10
f 195/46/10 191/2057/10 190/2058/10
f 187/2053/10 186/2043/10 161/2042/10
f 195/46/10 190/2058/10 189/47/10
s 1
f 4410/49/38 4411/801/715 4414/50/39
s 0
f 40/2059/10 39/2060/10 38/2061/10
f 38/2061/10 37/2062/10 40/2059/10
f 37/2062/10 36/2063/10 40/2059/10
f 36/2063/10 35/2064/10 41/2065/10
f 35/2064/10 34/2066/10 43/2067/10
f 41/2065/10 35/2064/10 42/2068/10
f 34/2066/10 33/2069/10 45/2070/10
f 33/2069/10 32/2071/10 46/2072/10
f 46/2072/10 32/2071/10 47/2073/10
f 32/2071/10 31/2074/10 47/2073/10
f 31/2074/10 30/2075/10 48/2076/10
f 47/2073/10 31/2074/10 48/2076/10
f 30/2075/10 29/2077/10 49/2078/10
f 29/2077/10 28/2079/10 49/2078/10
f 28/2079/10 27/2080/10 50/2081/10
f 27/2080/10 26/2082/10 51/2083/10
f 26/2082/10 25/2084/10 52/2085/10
f 25/2084/10 24/2086/10 52/2085/10
f 27/2080/10 51/2083/10 50/2081/10
f 41/2065/10 40/2059/10 36/2063/10
f 42/2068/10 35/2064/10 43/2067/10
f 12/2087/10 11/2088/10 10/2089/10
f 10/2089/10 9/2090/10 12/2087/10
f 9/2090/10 8/2091/10 12/2087/10
f 8/2091/10 7/2092/10 13/2093/10
f 7/2092/10 6/2094/10 14/2095/10
f 6/2094/10 5/2096/10 15/2097/10
f 5/2096/10 4/2098/10 16/2099/10
f 15/2097/10 5/2096/10 16/2099/10
f 4/2098/10 3/2100/10 18/2101/10
f 3/2100/10 2/2102/10 19/2103/10
f 4/2098/10 18/2101/10 17/2104/10
f 2/2102/10 1/231/10 20/194/10
f 1/231/10 56/54/10 20/194/10
f 56/54/10 55/2105/10 22/52/10
f 55/2105/10 54/2106/10 23/2107/10
f 54/2106/10 53/2108/10 23/2107/10
f 53/2108/10 52/2085/10 24/2086/10
f 55/2105/10 23/2107/10 22/52/10
f 53/2108/10 24/2086/10 23/2107/10
f 7/2092/10 14/2095/10 13/2093/10
f 14/2095/10 6/2094/10 15/2097/10
f 13/2093/10 12/2087/10 8/2091/10
f 44/2109/10 43/2067/10 34/2066/10
f 45/2070/10 44/2109/10 34/2066/10
f 46/2072/10 45/2070/10 33/2069/10
f 17/2104/10 16/2099/10 4/2098/10
f 48/2076/10 30/2075/10 49/2078/10
f 50/2081/10 49/2078/10 28/2079/10
f 52/2085/10 51/2083/10 26/2082/10
f 18/2101/10 3/2100/10 19/2103/10
f 19/2103/10 2/2102/10 20/194/10
f 21/53/10 20/194/10 56/54/10
f 107/55/10 106/1993/10 151/56/10
f 299/531/10 298/2110/10 296/2111/10
f 298/2110/10 297/2112/10 296/2111/10
f 276/2113/10 300/2114/10 290/2115/10
f 300/2114/10 299/531/10 292/529/10
f 290/2115/10 300/2114/10 291/2116/10
f 299/531/10 296/2111/10 295/2117/10
f 299/531/10 295/2117/10 294/2118/10
f 299/531/10 294/2118/10 293/530/10
f 299/531/10 293/530/10 292/529/10
f 292/529/10 291/2116/10 300/2114/10
f 276/2113/10 290/2115/10 289/2119/10
f 277/2120/10 276/2113/10 288/2121/10
f 276/2113/10 289/2119/10 288/2121/10
f 278/2122/10 277/2120/10 287/2123/10
f 277/2120/10 288/2121/10 287/2123/10
f 279/2124/10 278/2122/10 286/2125/10
f 278/2122/10 287/2123/10 286/2125/10
f 282/59/10 281/2126/10 280/2127/10
f 280/2127/10 279/2124/10 282/59/10
f 279/2124/10 286/2125/10 285/60/10
f 285/60/10 284/2128/10 283/58/10
f 279/2124/10 285/60/10 282/59/10
s 1
f 4048/61/41 4047/268/1537 4044/62/42
f 3729/64/44 3732/377/311 3731/65/45
f 3039/69/49 3038/1182/1105 3034/67/47
f 3034/67/47 3030/1861/1988 3031/68/48
f 1664/72/150 1670/2129/150 1675/1529/150
f 1675/1529/1485 1674/2130/1989 1669/70/50
f 1669/70/50 1662/487/51 1663/71/51
f 1664/72/52 1675/1529/1485 1669/70/50
f 2524/75/1990 2525/2131/1990 2519/1849/1990
f 2519/1849/1991 2520/2132/1991 2515/1261/1991
f 2515/1261/1186 2516/1260/1062 2530/73/53
f 2519/1849/1992 2515/1261/1186 2530/73/53
f 2524/75/55 2519/1849/1992 2530/73/53
f 2731/78/58 2730/1090/1016 2727/76/56
f 2730/1090/1016 2726/1083/1008 2727/76/56
f 2904/79/59 2901/130/91 2902/80/60
s 0
f 326/1146/10 325/2133/10 323/2134/10
f 325/2133/10 324/2135/10 323/2134/10
f 328/2136/10 327/2137/10 326/1146/10
f 329/2138/10 328/2136/10 322/1645/10
f 328/2136/10 326/1146/10 322/1645/10
f 326/1146/10 323/2134/10 322/1645/10
f 322/1645/10 321/2139/10 329/2138/10
f 329/2138/10 321/2139/10 330/2140/10
f 321/2139/10 320/2141/10 330/2140/10
f 330/2140/10 320/2141/10 319/2142/10
f 333/84/10 332/2143/10 315/82/10
f 332/2143/10 331/595/10 315/82/10
f 331/595/10 330/2140/10 319/2142/10
f 331/595/10 319/2142/10 318/2144/10
f 306/2145/10 305/2146/10 304/2147/10
f 308/2148/10 307/2149/10 309/2150/10
f 307/2149/10 306/2145/10 309/2150/10
f 306/2145/10 304/2147/10 303/2151/10
f 306/2145/10 303/2151/10 309/2150/10
f 303/2151/10 302/2152/10 310/2153/10
f 310/2153/10 302/2152/10 311/2154/10
f 310/2153/10 309/2150/10 303/2151/10
f 312/2155/10 311/2154/10 301/83/10
f 311/2154/10 302/2152/10 301/83/10
f 313/177/10 312/2155/10 301/83/10
f 331/595/10 318/2144/10 317/2156/10
f 331/595/10 317/2156/10 316/594/10
f 314/2157/10 313/177/10 301/83/10
f 331/595/10 316/594/10 315/82/10
f 315/82/10 314/2157/10 301/83/10
f 347/2158/10 346/2159/10 374/2160/10
f 346/2159/10 345/2161/10 375/2162/10
f 374/2160/10 346/2159/10 375/2162/10
f 374/2160/10 393/2163/10 347/2158/10
f 348/2164/10 347/2158/10 393/2163/10
f 350/2165/10 349/2166/10 391/2167/10
f 349/2166/10 348/2164/10 392/2168/10
f 391/2167/10 349/2166/10 392/2168/10
f 352/87/10 351/2169/10 390/85/10
f 351/2169/10 350/2165/10 391/2167/10
f 388/2170/10 353/2171/10 389/86/10
f 353/2171/10 352/87/10 389/86/10
f 351/2169/10 391/2167/10 390/85/10
f 348/2164/10 393/2163/10 392/2168/10
s 1
f 1575/88/62 1576/2172/1993 1579/89/63
f 4048/61/41 4049/1860/1994 4052/91/65
s 0
f 412/2173/10 411/2174/10 427/2175/10
f 411/2174/10 410/93/10 428/95/10
f 410/93/10 409/2176/10 429/94/10
f 409/2176/10 408/1912/10 430/1911/10
f 429/94/10 409/2176/10 430/1911/10
f 408/1912/10 407/2177/10 430/1911/10
f 407/2177/10 406/2178/10 432/2179/10
f 431/1308/10 407/2177/10 432/2179/10
f 406/2178/10 433/1550/10 432/2179/10
f 407/2177/10 431/1308/10 430/1911/10
f 423/680/10 422/2180/10 421/2181/10
f 425/2182/10 424/178/10 420/2183/10
f 424/178/10 423/680/10 421/2181/10
f 394/2184/10 426/2185/10 418/2186/10
f 426/2185/10 425/2182/10 419/1054/10
f 418/2186/10 426/2185/10 419/1054/10
f 396/2187/10 395/1312/10 416/2188/10
f 395/1312/10 394/2184/10 417/2189/10
f 398/2190/10 397/2191/10 415/2192/10
f 397/2191/10 396/2187/10 416/2188/10
f 415/2192/10 397/2191/10 416/2188/10
f 400/2193/10 399/286/10 413/284/10
f 399/286/10 398/2190/10 414/285/10
f 402/2194/10 401/2195/10 439/2196/10
f 401/2195/10 400/2193/10 440/56/10
f 439/2196/10 401/2195/10 440/56/10
f 404/2197/10 403/2198/10 436/2199/10
f 403/2198/10 402/2194/10 438/2200/10
f 437/2201/10 403/2198/10 438/2200/10
f 434/1552/10 405/1551/10 435/1104/10
f 405/1551/10 404/2197/10 435/1104/10
f 403/2198/10 437/2201/10 436/2199/10
f 399/286/10 414/285/10 413/284/10
f 395/1312/10 417/2189/10 416/2188/10
f 424/178/10 421/2181/10 420/2183/10
f 436/2199/10 435/1104/10 404/2197/10
f 425/2182/10 420/2183/10 419/1054/10
f 438/2200/10 402/2194/10 439/2196/10
f 394/2184/10 418/2186/10 417/2189/10
f 427/2175/10 440/56/10 413/284/10
f 440/56/10 400/2193/10 413/284/10
f 398/2190/10 415/2192/10 414/285/10
f 413/284/10 412/2173/10 427/2175/10
f 428/95/10 427/2175/10 411/2174/10
s 1
f 3685/98/1995 3693/674/1995 3688/96/1996
f 3693/674/1997 3692/2202/1997 3688/96/1997
f 2132/558/474 2133/2203/1998 2146/99/68
f 2146/99/68 2150/105/643 2149/790/1110
f 2149/790/1999 2145/1062/1999 2140/100/1999
f 2140/100/2000 2141/2204/2000 2135/101/2000
f 2135/101/2001 2136/2205/2001 2132/558/2001
f 2146/99/68 2149/790/1110 2140/100/69
f 2135/101/70 2132/558/474 2146/99/68
f 3489/102/442 3488/959/865 3484/103/2002
f 3800/439/1625 3803/1143/1065 3809/2206/2003
f 3808/106/2004 3814/2207/2004 3813/107/2004
f 3800/439/1625 3809/2206/2003 3808/106/73
f 3807/2208/2005 3799/105/72 3813/107/74
f 3799/105/72 3800/439/1625 3808/106/73
f 3818/867/790 3817/1610/794 3813/107/74
f 3817/1610/794 3807/2208/2005 3813/107/74
f 2754/110/77 2755/2209/2006 2764/108/75
f 2764/108/75 2763/2210/2007 2757/109/76
s 0
f 473/1998/10 472/1999/10 511/300/10
f 472/1999/10 471/2000/10 512/2001/10
f 471/2000/10 521/2002/10 513/2003/10
f 521/2002/10 520/2004/10 514/2005/10
f 520/2004/10 519/2006/10 515/2007/10
f 519/2006/10 518/2008/10 516/2009/10
f 515/2007/10 519/2006/10 516/2009/10
f 518/2008/10 517/2010/10 516/2009/10
f 521/2002/10 514/2005/10 513/2003/10
f 474/301/10 473/1998/10 511/300/10
f 472/1999/10 512/2001/10 511/300/10
f 476/1997/10 475/485/10 509/484/10
f 475/485/10 474/301/10 510/299/10
f 509/484/10 475/485/10 510/299/10
f 477/1946/10 476/1997/10 526/1995/10
f 477/1946/10 526/1995/10 491/1987/10
f 520/2004/10 515/2007/10 514/2005/10
f 484/1979/10 483/1980/10 482/1469/10
f 486/1982/10 485/1978/10 481/1984/10
f 485/1978/10 484/1979/10 482/1469/10
f 481/1984/10 485/1978/10 482/1469/10
f 488/1934/10 487/1981/10 479/1983/10
f 487/1981/10 486/1982/10 479/1983/10
f 479/1983/10 486/1982/10 480/1996/10
f 490/1988/10 489/1985/10 478/1986/10
f 489/1985/10 488/1934/10 478/1986/10
f 478/1986/10 488/1934/10 479/1983/10
f 493/1989/10 492/1990/10 524/1991/10
f 492/1990/10 491/1987/10 525/1992/10
f 524/1991/10 492/1990/10 525/1992/10
f 491/1987/10 490/1988/10 477/1946/10
f 486/1982/10 481/1984/10 480/1996/10
f 494/1993/10 493/1989/10 522/2211/10
f 495/2212/10 494/1993/10 540/57/10
f 493/1989/10 524/1991/10 523/1994/10
f 490/1988/10 478/1986/10 477/1946/10
f 522/2211/10 540/57/10 494/1993/10
f 523/1994/10 522/2211/10 493/1989/10
f 526/1995/10 476/1997/10 527/112/10
f 471/2000/10 513/2003/10 512/2001/10
f 526/1995/10 525/1992/10 491/1987/10
f 527/112/10 476/1997/10 508/113/10
f 508/113/10 476/1997/10 509/484/10
f 474/301/10 511/300/10 510/299/10
f 504/2213/10 533/2017/10 532/1947/10
f 506/42/10 505/2019/10 530/40/10
f 505/2019/10 504/2213/10 532/1947/10
f 530/40/10 505/2019/10 531/2021/10
f 508/113/10 507/2020/10 528/111/10
f 507/2020/10 506/42/10 529/41/10
f 532/1947/10 531/2021/10 505/2019/10
f 507/2020/10 529/41/10 528/111/10
f 529/41/10 506/42/10 530/40/10
s 1
f 3023/116/10 3021/2214/10 3019/179/10
f 3019/179/139 3020/114/78 3023/116/80
s 0
f 534/2018/10 533/2017/10 502/2016/10
f 533/2017/10 504/2213/10 503/2015/10
f 503/2015/10 502/2016/10 533/2017/10
f 502/2016/10 501/2014/10 534/2018/10
f 501/2014/10 500/467/10 535/468/10
f 500/467/10 499/1950/10 536/469/10
f 499/1950/10 498/2012/10 537/2013/10
f 536/469/10 499/1950/10 537/2013/10
f 498/2012/10 497/2011/10 537/2013/10
f 497/2011/10 496/117/10 538/119/10
f 537/2013/10 497/2011/10 538/119/10
f 496/117/10 495/2212/10 539/118/10
f 495/2212/10 540/57/10 539/118/10
f 501/2014/10 535/468/10 534/2018/10
f 535/468/10 500/467/10 536/469/10
s 1
f 3052/120/81 3055/1314/1257 3054/121/82
f 4095/123/84 4092/1051/1059 4093/124/85
f 4650/609/524 4655/2215/2008 4664/1287/1218
f 4655/2215/2008 4665/1890/2009 4664/1287/1218
f 4664/1287/2010 4660/749/2011 4659/750/2012
f 4650/609/524 4664/1287/1218 4654/126/87
f 4664/1287/2010 4659/750/2012 4654/126/2013
f 4649/128/89 4650/609/524 4654/126/87
f 4424/129/90 4425/1253/1860 4428/80/60
f 2538/131/92 2550/1749/1747 2549/1748/1746
f 2549/1748/1746 2546/1828/1851 2542/132/93
f 2542/132/2014 2541/2216/2014 2537/133/2014
f 2538/131/92 2549/1748/1746 2542/132/93
f 2869/1335/1853 2870/135/96 2874/134/95
f 2870/135/96 2871/1774/1797 2875/136/97
f 3770/137/98 3771/1072/998 3774/138/99
s 0
f 658/2113/10 682/2114/10 672/2115/10
f 682/2114/10 681/531/10 674/529/10
f 672/2115/10 682/2114/10 673/2116/10
f 681/531/10 680/2110/10 678/2111/10
f 680/2110/10 679/2112/10 678/2111/10
f 681/531/10 678/2111/10 677/2117/10
f 681/531/10 677/2117/10 676/2118/10
f 681/531/10 676/2118/10 675/530/10
f 681/531/10 675/530/10 674/529/10
f 674/529/10 673/2116/10 682/2114/10
f 658/2113/10 672/2115/10 671/2119/10
f 659/2120/10 658/2113/10 670/2121/10
f 658/2113/10 671/2119/10 670/2121/10
f 660/2122/10 659/2120/10 669/2123/10
f 659/2120/10 670/2121/10 669/2123/10
f 661/2124/10 660/2122/10 668/2125/10
f 660/2122/10 669/2123/10 668/2125/10
f 664/59/10 663/2126/10 662/2127/10
f 662/2127/10 661/2124/10 664/59/10
f 661/2124/10 668/2125/10 667/60/10
f 667/60/10 666/2128/10 665/58/10
f 661/2124/10 667/60/10 664/59/10
s 1
f 1908/35/30 1909/2217/2015 1912/140/101
s 0
f 649/2218/10 648/2219/10 647/2220/10
f 647/2220/10 646/232/10 649/2218/10
f 646/232/10 645/142/10 651/1375/10
f 649/2218/10 646/232/10 651/1375/10
f 645/142/10 644/2221/10 643/2222/10
f 643/2222/10 642/2223/10 645/142/10
f 642/2223/10 641/2224/10 645/142/10
f 641/2224/10 640/2225/10 645/142/10
f 640/2225/10 639/143/10 645/142/10
f 639/143/10 638/2226/10 637/2227/10
f 637/2227/10 636/2228/10 635/2229/10
f 635/2229/10 634/231/10 637/2227/10
f 634/231/10 657/141/10 639/143/10
f 637/2227/10 634/231/10 639/143/10
f 657/141/10 656/2230/10 655/2231/10
f 655/2231/10 654/2232/10 657/141/10
f 654/2232/10 653/2233/10 657/141/10
f 653/2233/10 652/233/10 657/141/10
f 652/233/10 651/1375/10 657/141/10
f 651/1375/10 650/2234/10 649/2218/10
f 657/141/10 651/1375/10 645/142/10
s 1
f 2198/1045/150 2202/2235/150 2206/128/150
f 2206/128/102 2205/2236/2016 2201/2237/2017
f 2193/145/104 2198/1045/1061 2206/128/102
f 2206/128/102 2201/2237/2017 2192/144/103
f 1939/2238/2018 1944/2239/2019 1938/148/107
f 1944/2239/2019 1953/2240/2020 1938/148/107
f 1953/2240/2020 1952/2241/2021 1946/146/105
f 1953/2240/2020 1946/146/105 1938/148/107
f 3966/149/108 3967/1352/1302 3970/150/109
f 3200/152/111 3197/501/419 3198/153/112
f 4736/155/114 4737/1107/1034 4740/156/115
f 3958/160/119 3955/344/283 3956/158/117
f 3955/344/283 3952/1022/940 3953/2242/2022
f 3956/158/117 3955/344/283 3953/2242/2022
f 4229/161/120 4226/1871/953 4227/162/121
f 4482/165/125 4479/1659/2023 4480/123/123
f 4479/1659/2023 4476/2243/2024 4480/123/123
f 4476/2243/2024 4477/431/360 4480/123/123
f 3166/166/126 3163/606/521 3167/167/127
f 3163/606/521 3164/605/520 3167/167/127
f 3167/167/127 3170/348/285 3169/168/128
f 4459/171/131 4462/829/750 4458/1968/2025
f 4462/829/750 4461/1268/1194 4458/1968/2025
f 4458/1968/2025 4455/169/129 4459/171/131
f 2985/172/132 2989/1852/2026 2988/173/133
f 3734/175/135 3737/823/743 3736/176/136
f 4549/116/140 4548/2244/2027 4544/178/138
f 4545/179/150 4547/2214/150 4549/116/150
f 2230/2245/2028 2240/421/2029 2234/508/560
f 2240/421/2029 2251/335/592 2234/508/560
f 2230/2245/2030 2234/508/2030 2229/2246/2030
f 2239/908/825 2233/647/561 2234/508/560
f 2239/908/825 2234/508/560 2251/335/592
f 2245/182/2031 2238/2247/2031 2239/908/2031
f 2245/182/143 2239/908/825 2251/335/592
f 2245/182/143 2251/335/592 2250/180/141
s 0
f 746/2248/10 745/2249/10 748/2250/10
f 745/2249/10 744/413/10 743/2251/10
f 745/2249/10 743/2251/10 742/2252/10
f 748/2250/10 745/2249/10 742/2252/10
f 748/2250/10 747/2253/10 746/2248/10
f 749/284/10 748/2250/10 742/2252/10
f 741/183/10 773/2254/10 776/56/10
f 742/2252/10 741/183/10 750/2255/10
f 749/284/10 742/2252/10 750/2255/10
f 776/56/10 775/2256/10 755/2257/10
f 775/2256/10 756/2258/10 755/2257/10
f 751/2259/10 750/2255/10 741/183/10
f 741/183/10 776/56/10 755/2257/10
f 741/183/10 755/2257/10 754/2260/10
f 752/185/10 751/2259/10 741/183/10
f 741/183/10 754/2260/10 753/184/10
s 1
f 2930/170/146 2926/1262/1187 2927/541/1118
f 2930/170/146 2927/541/1118 2928/186/144
f 4539/2261/2032 4538/1223/1889 4536/189/148
f 4538/1223/1889 4535/190/149 4536/189/148
f 4535/190/149 4532/654/568 4533/188/147
s 0
f 1517/2251/150 1518/413/150 1519/2249/150
f 1519/2249/150 1520/2248/150 1522/2250/150
f 1520/2248/150 1521/2253/150 1522/2250/150
f 1516/2252/150 1517/2251/150 1519/2249/150
f 1546/2262/150 1547/2254/150 1548/2263/150
f 1547/2254/150 1515/183/150 1550/56/150
f 1548/2263/150 1547/2254/150 1550/56/150
f 1516/2252/150 1519/2249/150 1522/2250/150
f 1515/183/150 1516/2252/150 1524/2255/150
f 1516/2252/150 1522/2250/150 1523/284/150
f 1516/2252/150 1523/284/150 1524/2255/150
f 1530/2258/150 1549/2256/150 1529/2257/150
f 1549/2256/150 1550/56/150 1529/2257/150
f 1515/183/150 1524/2255/150 1525/2259/150
f 1529/2257/150 1550/56/150 1515/183/150
f 1528/2260/150 1529/2257/150 1515/183/150
f 1515/183/150 1525/2259/150 1526/185/150
f 1527/184/150 1528/2260/150 1515/183/150
f 841/1956/150 842/1955/150 843/682/150
f 841/1956/150 843/682/150 840/1147/150
f 843/682/150 844/1242/150 837/1959/150
f 840/1147/150 837/1959/150 838/1958/150
f 839/1957/150 840/1147/150 838/1958/150
f 840/1147/150 843/682/150 837/1959/150
f 837/1959/150 844/1242/150 836/1960/150
f 844/1242/150 845/240/150 836/1960/150
f 836/1960/150 845/240/150 835/1962/150
f 845/240/150 846/1961/150 835/1962/150
f 835/1962/150 846/1961/150 834/1963/150
f 846/1961/150 847/1114/150 834/1963/150
f 833/1964/150 834/1963/150 847/1114/150
f 857/22/150 858/1135/150 850/24/150
f 858/1135/150 833/1964/150 848/1965/150
f 855/1967/150 856/1300/150 854/1268/150
f 856/1300/150 857/22/150 854/1268/150
f 858/1135/150 848/1965/150 849/1966/150
f 833/1964/150 847/1114/150 848/1965/150
f 853/1968/150 854/1268/150 857/22/150
f 852/169/150 853/1968/150 857/22/150
f 858/1135/150 849/1966/150 850/24/150
f 851/23/150 852/169/150 857/22/150
s 1
f 2707/191/151 2708/1824/1845 2711/192/152
s 0
f 800/2086/150 801/2084/150 828/2085/150
f 801/2084/150 802/2082/150 828/2085/150
f 828/2085/150 802/2082/150 827/2083/150
f 802/2082/150 803/2080/150 827/2083/150
f 803/2080/150 804/2079/150 826/2081/150
f 827/2083/150 803/2080/150 826/2081/150
f 804/2079/150 805/2077/150 825/2078/150
f 805/2077/150 806/2075/150 825/2078/150
f 806/2075/150 807/2074/150 824/2076/150
f 807/2074/150 808/2071/150 823/2073/150
f 808/2071/150 809/2069/150 822/2072/150
f 809/2069/150 810/2066/150 821/2070/150
f 808/2071/150 822/2072/150 823/2073/150
f 810/2066/150 811/2064/150 819/2067/150
f 811/2064/150 812/2063/150 817/2065/150
f 818/2068/150 811/2064/150 817/2065/150
f 812/2063/150 813/2062/150 816/2059/150
f 813/2062/150 814/2061/150 816/2059/150
f 814/2061/150 815/2060/150 816/2059/150
f 807/2074/150 823/2073/150 824/2076/150
f 812/2063/150 816/2059/150 817/2065/150
f 799/2107/150 800/2086/150 829/2108/150
f 811/2064/150 818/2068/150 819/2067/150
f 786/2089/150 787/2088/150 788/2087/150
f 784/2091/150 785/2090/150 788/2087/150
f 785/2090/150 786/2089/150 788/2087/150
f 782/2094/150 783/2092/150 790/2095/150
f 783/2092/150 784/2091/150 789/2093/150
f 790/2095/150 783/2092/150 789/2093/150
f 780/2098/150 781/2096/150 792/2099/150
f 781/2096/150 782/2094/150 791/2097/150
f 778/2102/150 779/2100/150 795/2103/150
f 779/2100/150 780/2098/150 794/2101/150
f 832/54/150 777/231/150 796/194/150
f 777/231/150 778/2102/150 796/194/150
f 830/2106/150 831/2105/150 799/2107/150
f 831/2105/150 832/54/150 798/52/150
f 799/2107/150 831/2105/150 798/52/150
f 828/2085/150 829/2108/150 800/2086/150
f 829/2108/150 830/2106/150 799/2107/150
f 779/2100/150 794/2101/150 795/2103/150
f 781/2096/150 791/2097/150 792/2099/150
f 784/2091/150 788/2087/150 789/2093/150
f 810/2066/150 819/2067/150 820/2109/150
f 810/2066/150 820/2109/150 821/2070/150
f 782/2094/150 790/2095/150 791/2097/150
f 821/2070/150 822/2072/150 809/2069/150
f 806/2075/150 824/2076/150 825/2078/150
f 825/2078/150 826/2081/150 804/2079/150
f 780/2098/150 792/2099/150 793/2104/150
f 780/2098/150 793/2104/150 794/2101/150
f 778/2102/150 795/2103/150 796/194/150
f 797/53/150 798/52/150 832/54/150
s 1
f 2896/195/154 2899/1253/1177 2898/129/90
f 3958/160/119 3961/328/265 3960/197/156
f 2800/2264/2033 2799/1806/1814 2797/201/160
f 2799/1806/1814 2796/1888/1927 2797/201/160
f 2796/1888/1927 2793/199/158 2797/201/160
s 0
f 967/2055/150 968/2056/150 969/2054/150
f 932/2047/150 933/2049/150 934/2046/150
f 934/2046/150 935/2044/150 932/2047/150
f 935/2044/150 936/2042/150 928/2045/150
f 931/2048/150 935/2044/150 930/2050/150
f 936/2042/150 937/2040/150 961/2043/150
f 937/2040/150 938/2039/150 960/2041/150
f 938/2039/150 939/204/150 959/203/150
f 939/204/150 940/2037/150 958/202/150
f 958/202/150 940/2037/150 957/2038/150
f 940/2037/150 941/2035/150 957/2038/150
f 941/2035/150 942/2033/150 956/2036/150
f 957/2038/150 941/2035/150 956/2036/150
f 942/2033/150 943/2031/150 955/2034/150
f 943/2031/150 944/2029/150 954/2032/150
f 943/2031/150 954/2032/150 955/2034/150
f 944/2029/150 945/2028/150 953/2030/150
f 949/474/150 950/2024/150 951/2023/150
f 966/2057/150 967/2055/150 970/46/150
f 967/2055/150 969/2054/150 970/46/150
f 931/2048/150 932/2047/150 935/2044/150
f 930/2050/150 935/2044/150 929/2051/150
f 929/2051/150 935/2044/150 928/2045/150
f 948/2025/150 949/474/150 952/2022/150
f 949/474/150 951/2023/150 952/2022/150
f 965/2058/150 966/2057/150 970/46/150
f 964/47/150 965/2058/150 970/46/150
f 963/48/150 964/47/150 970/46/150
f 962/2053/150 963/48/150 927/2052/150
f 963/48/150 970/46/150 927/2052/150
f 961/2043/150 962/2053/150 936/2042/150
f 962/2053/150 927/2052/150 936/2042/150
f 947/2026/150 948/2025/150 952/2022/150
f 946/2027/150 947/2026/150 952/2022/150
f 945/2028/150 946/2027/150 952/2022/150
f 945/2028/150 952/2022/150 953/2030/150
f 944/2029/150 953/2030/150 954/2032/150
f 927/2052/150 928/2045/150 936/2042/150
f 960/2041/150 961/2043/150 937/2040/150
f 942/2033/150 955/2034/150 956/2036/150
f 959/203/150 960/2041/150 938/2039/150
s 1
f 2785/207/163 2294/496/414 2293/205/161
f 2293/205/161 2292/2265/1062 2784/206/162
f 3980/208/164 3972/2266/2034 3977/209/165
f 3972/2266/2034 3973/417/346 3977/209/165
f 3977/209/165 3978/1085/1010 3981/210/166
f 2877/211/167 2874/134/95 2875/136/97
f 2992/213/1442 2993/1295/1228 2997/214/1232
f 2508/216/170 2509/1060/334 2512/217/162
f 1770/221/174 1765/2267/504 1766/219/172
f 1766/219/172 1767/2268/794 1771/220/173
f 2576/224/177 2573/2269/2035 2574/222/175
f 2573/2269/2035 2570/774/686 2571/776/688
f 2574/222/175 2573/2269/2035 2571/776/688
f 2468/449/2036 2473/2270/2036 2474/225/2036
f 2463/1836/2037 2467/2271/2037 2468/449/2037
f 2472/2272/2038 2462/1837/1864 2463/1836/1863
f 2472/2272/2038 2463/1836/1863 2481/1049/966
f 2463/1836/1863 2468/449/2039 2481/1049/966
f 2482/227/180 2481/1049/966 2468/449/2039
f 2482/227/180 2468/449/2039 2474/225/178
f 4817/228/181 4814/1580/1535 4815/1892/1931
f 4815/1892/1931 4818/229/182 4817/228/181
f 4818/229/182 4821/845/764 4820/230/183
s 0
f 1035/2223/150 1036/2222/150 1037/2221/150
f 1037/2221/150 1038/142/150 1035/2223/150
f 1038/142/150 1039/232/150 1033/2225/150
f 1035/2223/150 1038/142/150 1033/2225/150
f 1039/232/150 1040/2220/150 1041/2219/150
f 1041/2219/150 1042/2218/150 1039/232/150
f 1042/2218/150 1043/2234/150 1039/232/150
f 1043/2234/150 1044/1375/150 1039/232/150
f 1044/1375/150 1045/233/150 1039/232/150
f 1045/233/150 1046/2233/150 1047/2232/150
f 1047/2232/150 1048/2231/150 1049/2230/150
f 1049/2230/150 1050/141/150 1047/2232/150
f 1050/141/150 1027/231/150 1045/233/150
f 1047/2232/150 1050/141/150 1045/233/150
f 1027/231/150 1028/2229/150 1029/2228/150
f 1029/2228/150 1030/2227/150 1031/2226/150
f 1031/2226/150 1032/143/150 1027/231/150
f 1032/143/150 1033/2225/150 1027/231/150
f 1033/2225/150 1034/2224/150 1035/2223/150
f 1027/231/150 1029/2228/150 1031/2226/150
f 1027/231/150 1033/2225/150 1039/232/150
s 1
f 4199/234/2040 4204/2273/2040 4205/235/2040
f 4203/2274/2041 4198/2275/2042 4199/234/184
f 4209/1380/1089 4203/2274/2041 4199/234/184
f 4210/236/186 4209/1380/1089 4199/234/184
f 4179/237/187 4176/2276/2043 4177/238/188
f 2886/240/190 2883/1242/1166 2884/49/38
f 3152/243/193 3155/2277/2044 3154/241/191
f 3155/2277/2044 3158/2278/2045 3154/241/191
f 3158/2278/2045 3157/2279/2046 3154/241/191
f 1748/246/2047 1752/2280/2047 1755/244/2047
f 1755/244/194 1754/2281/2048 1747/245/195
f 3399/247/197 3400/688/606 3403/248/198
f 1771/220/173 1772/1173/503 1775/250/200
f 3368/253/203 3367/1344/1291 3364/254/204
f 3364/254/204 3361/210/1423 3365/252/202
f 3361/210/1423 3362/636/1422 3365/252/202
f 4150/2282/2049 4145/2283/2050 4139/1657/1624
f 4145/2283/2050 4138/1756/1756 4139/1657/1624
f 4150/2282/2049 4139/1657/1624 4140/255/205
f 4140/255/2051 4146/2284/2051 4147/256/2051
f 4151/257/207 4150/2282/2049 4140/255/205
f 2177/258/170 2178/635/334 2181/259/162
f 2255/261/2052 2260/2285/2053 2263/2286/2054
f 2255/261/2052 2263/2286/2054 2264/262/2055
f 2249/2287/1976 2250/180/141 2254/873/797
f 2259/2288/2056 2249/2287/1976 2254/873/797
f 2259/2288/2056 2254/873/797 2268/2289/2057
f 2254/873/797 2255/261/208 2268/2289/2057
f 2269/263/210 2268/2289/2057 2255/261/208
f 2980/264/211 2978/1354/1304 2979/1130/1053
f 2979/1130/1053 2982/1908/1948 2980/264/211
f 2982/1908/1948 2990/1296/1229 2985/172/132
f 2980/264/211 2982/1908/1948 2985/172/132
f 2990/1296/1229 2989/1852/2026 2985/172/132
f 3331/265/2058 3337/2290/2058 3336/266/2058
f 4838/62/42 4839/63/43 4842/61/41
s 0
f 1149/2160/150 1150/1199/150 1120/1201/150
f 1120/1201/150 1121/2291/150 1149/2160/150
f 1121/2291/150 1122/2292/150 1168/2163/150
f 1149/2160/150 1121/2291/150 1168/2163/150
f 1122/2292/150 1123/2293/150 1168/2163/150
f 1123/2293/150 1124/2166/150 1167/2168/150
f 1168/2163/150 1123/2293/150 1167/2168/150
f 1124/2166/150 1125/2165/150 1166/2294/150
f 1125/2165/150 1126/2169/150 1165/2295/150
f 1124/2166/150 1166/2294/150 1167/2168/150
f 1126/2169/150 1127/87/150 1164/2296/150
f 1127/87/150 1128/2171/150 1163/2297/150
f 1128/2171/150 1129/2298/150 1163/2297/150
f 1129/2298/150 1130/2299/150 1162/2300/150
f 1163/2297/150 1129/2298/150 1162/2300/150
f 1130/2299/150 1131/2301/150 1161/2302/150
f 1131/2301/150 1132/2303/150 1160/2304/150
f 1132/2303/150 1133/2305/150 1160/2304/150
f 1133/2305/150 1134/269/150 1158/271/150
f 1159/2306/150 1133/2305/150 1158/271/150
f 1134/269/150 1135/2307/150 1157/270/150
f 1135/2307/150 1136/2308/150 1156/2309/150
f 1135/2307/150 1156/2309/150 1157/270/150
f 1136/2308/150 1137/2310/150 1154/2311/150
f 1156/2309/150 1136/2308/150 1155/2312/150
f 1131/2301/150 1160/2304/150 1161/2302/150
f 1133/2305/150 1159/2306/150 1160/2304/150
f 1127/87/150 1163/2297/150 1164/2296/150
f 1144/2313/150 1145/2314/150 1146/2315/150
f 1146/2315/150 1147/2316/150 1144/2313/150
f 1147/2316/150 1148/2317/150 1140/2318/150
f 1144/2313/150 1147/2316/150 1143/2319/150
f 1143/2319/150 1147/2316/150 1142/2320/150
f 1142/2320/150 1147/2316/150 1141/2321/150
f 1141/2321/150 1147/2316/150 1140/2318/150
f 1139/2322/150 1140/2318/150 1148/2317/150
f 1138/2323/150 1139/2322/150 1148/2317/150
f 1137/2310/150 1138/2323/150 1148/2317/150
f 1137/2310/150 1148/2317/150 1153/2324/150
f 1148/2317/150 1109/2325/150 1153/2324/150
f 1166/2294/150 1125/2165/150 1165/2295/150
f 1114/2326/150 1115/2327/150 1116/2328/150
f 1118/2329/150 1119/1200/150 1151/2330/150
f 1118/2329/150 1151/2330/150 1152/2331/150
f 1114/2326/150 1116/2328/150 1117/2332/150
f 1113/2333/150 1114/2326/150 1117/2332/150
f 1112/2334/150 1113/2333/150 1117/2332/150
f 1111/2335/150 1112/2334/150 1117/2332/150
f 1111/2335/150 1117/2332/150 1110/2336/150
f 1117/2332/150 1118/2329/150 1110/2336/150
f 1110/2336/150 1118/2329/150 1109/2325/150
f 1118/2329/150 1152/2331/150 1109/2325/150
f 1109/2325/150 1152/2331/150 1153/2324/150
f 1137/2310/150 1153/2324/150 1154/2311/150
f 1164/2296/150 1165/2295/150 1126/2169/150
f 1154/2311/150 1155/2312/150 1136/2308/150
f 1161/2302/150 1162/2300/150 1130/2299/150
s 1
f 2495/273/2059 2496/2337/2059 2490/274/2059
f 2490/274/218 2491/2338/2060 2501/2339/1094
f 2491/2338/2060 2492/1729/75 2501/2339/1094
f 2490/274/218 2501/2339/1094 2500/272/216
f 3678/275/219 3679/1304/1238 3682/276/220
f 1854/278/2061 1859/2340/2062 1862/2341/2063
f 1854/278/2061 1862/2341/2063 1863/279/2064
f 1848/2342/1976 1849/1512/141 1853/1684/1665
f 1858/2343/2056 1848/2342/1976 1853/1684/1665
f 1858/2343/2056 1853/1684/1665 1867/2344/2057
f 1853/1684/1665 1854/278/222 1867/2344/2057
f 1868/280/224 1867/2344/2057 1854/278/222
f 2231/2345/2065 2230/2245/2065 2235/282/2065
f 2230/2245/402 2225/283/227 2235/282/226
f 2225/283/227 2226/961/869 2236/281/225
f 2226/961/869 2228/1351/2066 2236/281/225
f 2228/1351/2066 2237/2346/2067 2236/281/225
s 0
f 1203/2347/150 1204/2348/150 1186/2174/150
f 1204/2348/150 1185/2349/150 1186/2174/150
f 1186/2174/150 1187/2173/150 1203/2347/150
f 1202/2175/150 1203/2347/150 1187/2173/150
f 1202/2175/150 1187/2173/150 1188/284/150
f 1215/56/150 1202/2175/150 1188/284/150
f 1182/2177/150 1207/1308/150 1208/2350/150
f 1180/1411/150 1181/2178/150 1209/1552/150
f 1181/2178/150 1182/2177/150 1208/2350/150
f 1209/1552/150 1181/2178/150 1208/2350/150
f 1178/2198/150 1179/2197/150 1211/2199/150
f 1179/2197/150 1180/1411/150 1210/1104/150
f 1176/2195/150 1177/2194/150 1214/2196/150
f 1177/2194/150 1178/2198/150 1213/2200/150
f 1174/286/150 1175/2193/150 1188/284/150
f 1175/2193/150 1176/2195/150 1215/56/150
f 1172/2191/150 1173/2190/150 1190/2192/150
f 1173/2190/150 1174/286/150 1189/285/150
f 1190/2192/150 1173/2190/150 1189/285/150
f 1170/1312/150 1171/2187/150 1191/2188/150
f 1171/2187/150 1172/2191/150 1191/2188/150
f 1201/2185/150 1169/2184/150 1193/2186/150
f 1169/2184/150 1170/1312/150 1192/2189/150
f 1193/2186/150 1169/2184/150 1192/2189/150
f 1199/178/150 1200/2182/150 1195/2183/150
f 1200/2182/150 1201/2185/150 1194/1054/150
f 1197/2180/150 1198/680/150 1196/2181/150
f 1198/680/150 1199/178/150 1196/2181/150
f 1200/2182/150 1194/1054/150 1195/2183/150
f 1194/1054/150 1201/2185/150 1193/2186/150
f 1191/2188/150 1172/2191/150 1190/2192/150
f 1175/2193/150 1215/56/150 1188/284/150
f 1177/2194/150 1213/2200/150 1214/2196/150
f 1179/2197/150 1210/1104/150 1211/2199/150
f 1180/1411/150 1209/1552/150 1210/1104/150
f 1195/2183/150 1196/2181/150 1199/178/150
f 1178/2198/150 1211/2199/150 1212/2201/150
f 1178/2198/150 1212/2201/150 1213/2200/150
f 1191/2188/150 1192/2189/150 1170/1312/150
f 1176/2195/150 1214/2196/150 1215/56/150
s 1
f 4348/1819/1834 4354/2351/2068 4358/287/228
f 4354/2351/2068 4359/1352/2069 4358/287/228
f 4358/287/2070 4353/2352/2070 4352/288/2070
f 4347/16/230 4348/1819/1834 4358/287/228
f 1678/290/232 1679/1421/1367 1685/291/233
f 1685/291/233 1684/515/433 1677/289/231
f 1684/515/433 1681/2353/2071 1677/289/231
f 1681/2353/2072 1682/2354/2072 1677/289/2072
f 4428/80/60 4429/1252/1176 4432/292/234
f 1922/293/235 1923/1463/1412 1927/294/236
f 1923/1463/2073 1928/2355/2073 1927/294/2073
f 1927/294/2074 1932/2356/2074 1931/295/2074
f 1936/2357/2075 1935/2358/2076 1931/295/237
f 1935/2358/2076 1922/293/235 1931/295/237
f 3439/296/2052 3444/2359/2077 3447/2360/2078
f 3439/296/2052 3447/2360/2078 3448/297/2055
f 3433/1931/1976 3434/1589/299 3438/1588/1543
f 3443/2361/2056 3433/1931/1976 3438/1588/1543
f 3443/2361/2056 3438/1588/1543 3452/2362/2057
f 3438/1588/1543 3439/296/238 3452/2362/2057
f 3453/298/240 3452/2362/2057 3439/296/238
s 0
f 1250/485/150 1251/1997/150 1283/484/150
f 1251/1997/150 1252/1946/150 1300/1995/150
f 1283/484/150 1251/1997/150 1282/113/150
f 1249/301/150 1250/485/150 1284/299/150
f 1247/1999/150 1248/1998/150 1285/300/150
f 1248/1998/150 1249/301/150 1285/300/150
f 1295/2002/150 1246/2000/150 1287/2003/150
f 1246/2000/150 1247/1999/150 1286/2001/150
f 1287/2003/150 1246/2000/150 1286/2001/150
f 1293/2006/150 1294/2004/150 1289/2007/150
f 1294/2004/150 1295/2002/150 1288/2005/150
f 1291/2010/150 1292/2008/150 1290/2009/150
f 1292/2008/150 1293/2006/150 1290/2009/150
f 1294/2004/150 1288/2005/150 1289/2007/150
f 1288/2005/150 1295/2002/150 1287/2003/150
f 1250/485/150 1283/484/150 1284/299/150
f 1289/2007/150 1290/2009/150 1293/2006/150
f 1257/1469/150 1258/1980/150 1259/1979/150
f 1259/1979/150 1260/1978/150 1257/1469/150
f 1260/1978/150 1261/1982/150 1256/1984/150
f 1261/1982/150 1262/1981/150 1254/1983/150
f 1262/1981/150 1263/1934/150 1254/1983/150
f 1261/1982/150 1254/1983/150 1255/1996/150
f 1263/1934/150 1264/1985/150 1253/1986/150
f 1264/1985/150 1265/1988/150 1253/1986/150
f 1263/1934/150 1253/1986/150 1254/1983/150
f 1266/1987/150 1267/1990/150 1299/1992/150
f 1267/1990/150 1268/1989/150 1298/1991/150
f 1299/1992/150 1267/1990/150 1298/1991/150
f 1265/1988/150 1266/1987/150 1252/1946/150
f 1260/1978/150 1256/1984/150 1257/1469/150
f 1256/1984/150 1261/1982/150 1255/1996/150
f 1268/1989/150 1269/55/150 1296/2211/150
f 1253/1986/150 1265/1988/150 1252/1946/150
f 1269/55/150 1314/57/150 1296/2211/150
f 1296/2211/150 1297/1994/150 1268/1989/150
f 1297/1994/150 1298/1991/150 1268/1989/150
f 1266/1987/150 1299/1992/150 1300/1995/150
f 1252/1946/150 1266/1987/150 1300/1995/150
f 1300/1995/150 1301/112/150 1251/1997/150
f 1285/300/150 1286/2001/150 1247/1999/150
f 1311/2013/150 1312/2363/150 1272/2364/150
f 1312/2363/150 1271/2365/150 1272/2364/150
f 1272/2364/150 1273/1875/150 1311/2013/150
f 1273/1875/150 1274/1950/150 1310/469/150
f 1274/1950/150 1275/467/150 1310/469/150
f 1275/467/150 1276/2014/150 1309/468/150
f 1276/2014/150 1277/2016/150 1308/2018/150
f 1309/468/150 1276/2014/150 1308/2018/150
f 1277/2016/150 1278/2015/150 1307/2017/150
f 1278/2015/150 1279/2019/150 1306/1947/150
f 1277/2016/150 1307/2017/150 1308/2018/150
f 1279/2019/150 1280/42/150 1304/40/150
f 1280/42/150 1281/2020/150 1303/41/150
f 1280/42/150 1303/41/150 1304/40/150
f 1281/2020/150 1282/113/150 1302/111/150
f 1310/469/150 1275/467/150 1309/468/150
f 1310/469/150 1311/2013/150 1273/1875/150
f 1307/2017/150 1278/2015/150 1306/1947/150
f 1305/2021/150 1306/1947/150 1279/2019/150
f 1304/40/150 1305/2021/150 1279/2019/150
f 1302/111/150 1303/41/150 1281/2020/150
f 1301/112/150 1302/111/150 1282/113/150
f 1301/112/150 1282/113/150 1251/1997/150
s 1
f 1913/302/241 1914/1404/1345 1917/303/242
f 3150/305/244 3149/1369/1312 3255/306/245
f 3369/308/247 3370/1346/1293 3373/309/248
s 0
f 1345/2366/150 1346/2367/150 1366/2368/150
f 1346/2367/150 1347/2369/150 1365/2370/150
f 1347/2369/150 1348/2371/150 1364/2372/150
f 1348/2371/150 1349/2373/150 1363/2374/150
f 1364/2372/150 1348/2371/150 1363/2374/150
f 1346/2367/150 1365/2370/150 1366/2368/150
f 1343/2375/150 1344/2376/150 1368/2377/150
f 1344/2376/150 1345/2366/150 1367/2378/150
f 1341/2379/150 1342/1665/150 1370/1663/150
f 1342/1665/150 1343/2375/150 1369/1664/150
f 1370/1663/150 1342/1665/150 1369/1664/150
f 1338/2380/150 1339/2381/150 1392/2382/150
f 1339/2381/150 1340/2383/150 1391/2384/150
f 1392/2382/150 1339/2381/150 1391/2384/150
f 1340/2383/150 1341/2379/150 1371/2385/150
f 1353/2386/150 1354/2387/150 1355/2388/150
f 1355/2388/150 1356/2389/150 1358/2390/150
f 1356/2389/150 1357/2391/150 1358/2390/150
f 1352/2392/150 1353/2386/150 1355/2388/150
f 1352/2392/150 1355/2388/150 1358/2390/150
f 1352/2392/150 1358/2390/150 1359/2393/150
f 1351/2394/150 1352/2392/150 1359/2393/150
f 1351/2394/150 1359/2393/150 1360/2395/150
f 1350/2396/150 1351/2394/150 1360/2395/150
f 1350/2396/150 1360/2395/150 1361/2397/150
f 1349/2373/150 1350/2396/150 1361/2397/150
f 1349/2373/150 1361/2397/150 1362/2398/150
f 1337/2399/150 1338/2380/150 1392/2382/150
f 1335/313/150 1336/2400/150 1394/311/150
f 1336/2400/150 1337/2399/150 1393/2401/150
f 1333/2402/150 1334/2403/150 1395/312/150
f 1334/2403/150 1335/313/150 1395/312/150
f 1331/2404/150 1332/2405/150 1397/2406/150
f 1332/2405/150 1333/2402/150 1396/2407/150
f 1329/2408/150 1330/2409/150 1331/2404/150
f 1327/2410/150 1328/2411/150 1326/2412/150
f 1328/2411/150 1329/2408/150 1326/2412/150
f 1332/2405/150 1396/2407/150 1397/2406/150
f 1396/2407/150 1333/2402/150 1395/312/150
f 1326/2412/150 1329/2408/150 1325/2413/150
f 1329/2408/150 1331/2404/150 1322/2414/150
f 1325/2413/150 1329/2408/150 1324/2415/150
f 1324/2415/150 1329/2408/150 1323/2416/150
f 1336/2400/150 1393/2401/150 1394/311/150
f 1393/2401/150 1337/2399/150 1392/2382/150
f 1349/2373/150 1362/2398/150 1363/2374/150
f 1323/2416/150 1329/2408/150 1322/2414/150
f 1347/2369/150 1364/2372/150 1365/2370/150
f 1321/2417/150 1322/2414/150 1331/2404/150
f 1345/2366/150 1366/2368/150 1367/2378/150
f 1320/2418/150 1321/2417/150 1331/2404/150
f 1319/2419/150 1320/2418/150 1398/2420/150
f 1320/2418/150 1331/2404/150 1398/2420/150
f 1344/2376/150 1367/2378/150 1368/2377/150
f 1343/2375/150 1368/2377/150 1369/1664/150
f 1341/2379/150 1370/1663/150 1371/2385/150
f 1406/2421/150 1407/56/150 1315/2422/150
f 1404/2423/150 1405/2424/150 1403/2425/150
f 1405/2424/150 1406/2421/150 1315/2422/150
f 1403/2425/150 1405/2424/150 1402/2426/150
f 1315/2422/150 1316/2427/150 1402/2426/150
f 1405/2424/150 1315/2422/150 1402/2426/150
f 1402/2426/150 1316/2427/150 1401/2428/150
f 1316/2427/150 1317/2429/150 1401/2428/150
f 1401/2428/150 1317/2429/150 1400/2430/150
f 1317/2429/150 1318/2431/150 1400/2430/150
f 1400/2430/150 1318/2431/150 1399/2432/150
f 1318/2431/150 1319/2419/150 1399/2432/150
f 1340/2383/150 1371/2385/150 1372/2433/150
f 1372/2433/150 1373/2434/150 1390/2435/150
f 1373/2434/150 1374/2436/150 1389/2437/150
f 1340/2383/150 1372/2433/150 1390/2435/150
f 1373/2434/150 1389/2437/150 1390/2435/150
f 1398/2420/150 1399/2432/150 1319/2419/150
f 1379/2438/150 1380/2439/150 1381/2440/150
f 1381/2440/150 1382/2441/150 1384/2442/150
f 1382/2441/150 1383/2443/150 1384/2442/150
f 1378/2444/150 1379/2438/150 1381/2440/150
f 1378/2444/150 1381/2440/150 1384/2442/150
f 1378/2444/150 1384/2442/150 1385/2445/150
f 1377/2446/150 1378/2444/150 1385/2445/150
f 1377/2446/150 1385/2445/150 1386/2447/150
f 1376/2448/150 1377/2446/150 1386/2447/150
f 1376/2448/150 1386/2447/150 1375/2449/150
f 1386/2447/150 1387/2450/150 1375/2449/150
f 1375/2449/150 1387/2450/150 1388/2451/150
f 1374/2436/150 1375/2449/150 1388/2451/150
f 1374/2436/150 1388/2451/150 1389/2437/150
f 1397/2406/150 1398/2420/150 1331/2404/150
f 1340/2383/150 1390/2435/150 1391/2384/150
s 1
f 3716/314/250 3719/150/721 3718/151/251
f 2857/316/253 2854/1738/1734 2855/317/254
f 1737/321/2079 1736/2452/2079 1733/2453/2079
f 1733/2453/2080 1732/2454/2081 1729/427/356
f 1730/319/256 1743/2455/1627 1742/320/257
f 1742/320/2082 1741/2456/2082 1737/321/2082
f 1737/321/258 1733/2453/2080 1730/319/256
f 1733/2453/2080 1729/427/356 1730/319/256
f 2029/322/259 2028/1716/1702 2025/323/260
f 1718/325/262 1717/562/478 1714/326/263
f 4755/328/265 4756/1008/928 4759/329/266
f 2680/2457/2083 2679/2458/2084 2684/331/2085
f 2683/332/2086 2688/2459/2086 2687/2460/2086
f 2675/894/2087 2680/2457/2083 2684/331/2085
f 2683/332/269 2687/2460/2088 2674/333/270
f 2674/333/270 2675/894/2089 2684/331/268
f 3291/44/273 3294/1430/1382 3290/43/271
f 3294/1430/1382 3293/1429/1381 3290/43/271
f 3290/43/271 3287/1197/1116 3288/334/272
s 0
f 207/2087/10 206/2088/10 205/2089/10
f 205/2089/10 204/2090/10 207/2087/10
f 204/2090/10 203/2091/10 207/2087/10
f 203/2091/10 202/2092/10 208/2093/10
f 202/2092/10 201/2094/10 209/2095/10
f 201/2094/10 200/2096/10 210/2097/10
f 200/2096/10 199/2098/10 211/2099/10
f 210/2097/10 200/2096/10 211/2099/10
f 199/2098/10 198/2100/10 213/2101/10
f 198/2100/10 197/2102/10 214/2103/10
f 213/2101/10 198/2100/10 214/2103/10
f 197/2102/10 196/231/10 215/194/10
f 196/231/10 251/54/10 215/194/10
f 251/54/10 250/2105/10 217/52/10
f 250/2105/10 249/2106/10 218/2107/10
f 249/2106/10 248/2108/10 218/2107/10
f 248/2108/10 247/2085/10 219/2086/10
f 250/2105/10 218/2107/10 217/52/10
f 248/2108/10 219/2086/10 218/2107/10
f 202/2092/10 209/2095/10 208/2093/10
f 209/2095/10 201/2094/10 210/2097/10
f 208/2093/10 207/2087/10 203/2091/10
f 235/2059/10 234/2060/10 233/2061/10
f 233/2061/10 232/2062/10 235/2059/10
f 232/2062/10 231/2063/10 235/2059/10
f 231/2063/10 230/2064/10 236/2065/10
f 230/2064/10 229/2066/10 238/2067/10
f 236/2065/10 230/2064/10 237/2068/10
f 229/2066/10 228/2069/10 240/2070/10
f 228/2069/10 227/2071/10 241/2072/10
f 241/2072/10 227/2071/10 242/2073/10
f 227/2071/10 226/2074/10 242/2073/10
f 226/2074/10 225/2075/10 243/2076/10
f 242/2073/10 226/2074/10 243/2076/10
f 225/2075/10 224/2077/10 244/2078/10
f 224/2077/10 223/2079/10 244/2078/10
f 223/2079/10 222/2080/10 245/2081/10
f 222/2080/10 221/2082/10 246/2083/10
f 221/2082/10 220/2084/10 247/2085/10
f 220/2084/10 219/2086/10 247/2085/10
f 222/2080/10 246/2083/10 245/2081/10
f 236/2065/10 235/2059/10 231/2063/10
f 237/2068/10 230/2064/10 238/2067/10
f 239/2109/10 238/2067/10 229/2066/10
f 240/2070/10 239/2109/10 229/2066/10
f 241/2072/10 240/2070/10 228/2069/10
f 212/2104/10 211/2099/10 199/2098/10
f 213/2101/10 212/2104/10 199/2098/10
f 243/2076/10 225/2075/10 244/2078/10
f 245/2081/10 244/2078/10 223/2079/10
f 247/2085/10 246/2083/10 221/2082/10
f 214/2103/10 197/2102/10 215/194/10
f 216/53/10 215/194/10 251/54/10
s 1
f 4718/1732/2090 4708/2461/2091 4714/610/525
f 4708/2461/2091 4699/2462/2092 4714/610/525
f 4709/26/21 4715/25/20 4714/610/525
f 4714/610/2093 4719/2463/2093 4718/1732/2093
f 4699/2462/2092 4694/335/274 4714/610/525
f 4709/26/21 4714/610/525 4694/335/274
f 4700/27/22 4709/26/21 4694/335/274
f 4701/337/276 4700/27/22 4694/335/274
f 3071/338/277 3072/1230/1150 3075/339/278
f 1763/342/2094 1764/2464/2094 1758/343/2094
f 1759/612/527 1760/2465/2095 1769/1172/1094
f 1758/343/282 1759/612/527 1769/1172/1094
f 1758/343/282 1769/1172/1094 1768/341/280
f 4746/1022/940 4747/2242/2022 4749/344/283
f 4747/2242/2022 4750/158/117 4749/344/283
f 4750/158/117 4753/159/118 4752/160/119
f 2427/345/2096 2431/2466/2097 2430/346/2098
f 3170/348/285 3173/357/291 3172/349/286
f 4058/350/287 4057/1213/1131 4054/351/288
s 0
f 706/2467/10 705/2468/10 703/2469/10
f 705/2468/10 704/2470/10 703/2469/10
f 708/355/10 707/2471/10 706/2467/10
f 710/2472/10 709/2473/10 738/2474/10
f 709/2473/10 708/355/10 739/354/10
f 712/2475/10 711/2476/10 736/2477/10
f 711/2476/10 710/2472/10 737/2478/10
f 736/2477/10 711/2476/10 737/2478/10
f 714/2479/10 713/2480/10 734/2481/10
f 713/2480/10 712/2475/10 735/928/10
f 716/2482/10 715/2483/10 732/2484/10
f 715/2483/10 714/2479/10 733/2485/10
f 732/2484/10 715/2483/10 733/2485/10
f 717/2486/10 716/2482/10 731/2487/10
f 731/2487/10 716/2482/10 732/2484/10
f 713/2480/10 735/928/10 734/2481/10
f 735/928/10 712/2475/10 736/2477/10
f 708/355/10 706/2467/10 699/2488/10
f 706/2467/10 703/2469/10 702/2489/10
f 723/680/10 722/2490/10 721/2491/10
f 725/2492/10 724/2493/10 726/818/10
f 724/2493/10 723/680/10 726/818/10
f 723/680/10 721/2491/10 720/2494/10
f 726/818/10 723/680/10 720/2494/10
f 727/2495/10 726/818/10 720/2494/10
f 727/2495/10 720/2494/10 719/2496/10
f 728/2497/10 727/2495/10 719/2496/10
f 728/2497/10 719/2496/10 718/2498/10
f 729/2499/10 728/2497/10 718/2498/10
f 729/2499/10 718/2498/10 717/2486/10
f 730/2500/10 729/2499/10 717/2486/10
f 706/2467/10 702/2489/10 701/284/10
f 706/2467/10 701/284/10 700/2501/10
f 730/2500/10 717/2486/10 731/2487/10
f 706/2467/10 700/2501/10 699/2488/10
f 708/355/10 699/2488/10 698/370/10
f 708/355/10 698/370/10 697/369/10
f 734/2481/10 733/2485/10 714/2479/10
f 708/355/10 697/369/10 740/353/10
f 697/369/10 696/2502/10 740/353/10
f 692/2503/10 691/2504/10 690/349/10
f 690/349/10 689/607/10 692/2503/10
f 689/607/10 688/2505/10 687/2506/10
f 689/607/10 687/2506/10 686/2507/10
f 692/2503/10 689/607/10 686/2507/10
f 693/2508/10 692/2503/10 686/2507/10
f 694/2509/10 693/2508/10 685/2510/10
f 693/2508/10 686/2507/10 685/2510/10
f 695/2511/10 694/2509/10 684/2512/10
f 694/2509/10 685/2510/10 684/2512/10
f 696/2502/10 695/2511/10 683/2513/10
f 695/2511/10 684/2512/10 683/2513/10
f 738/2474/10 737/2478/10 710/2472/10
f 696/2502/10 683/2513/10 740/353/10
f 739/354/10 738/2474/10 709/2473/10
s 1
f 3175/356/290 3172/349/286 3173/357/291
f 2713/359/293 2710/193/153 2714/360/294
f 2710/193/153 2711/192/152 2714/360/294
f 2714/360/294 2717/2514/2099 2716/361/295
f 3116/362/296 3119/769/681 3118/363/297
f 2336/2515/2030 2337/2516/2030 2341/1229/2030
f 2337/2516/2028 2347/2517/2029 2341/1229/560
f 2352/367/2100 2345/2518/2100 2346/967/2100
f 2346/967/878 2340/966/877 2341/1229/560
f 2346/967/878 2341/1229/560 2358/1113/592
f 2341/1229/560 2347/2517/2029 2358/1113/592
f 2352/367/301 2346/967/878 2358/1113/592
f 2352/367/301 2358/1113/592 2357/365/299
f 4732/31/302 4575/1598/1554 4574/368/303
s 0
f 1461/2506/150 1462/2505/150 1463/607/150
f 1463/607/150 1464/349/150 1466/2503/150
f 1464/349/150 1465/2504/150 1466/2503/150
f 1460/2507/150 1461/2506/150 1463/607/150
f 1460/2507/150 1463/607/150 1466/2503/150
f 1460/2507/150 1466/2503/150 1467/2508/150
f 1459/2510/150 1460/2507/150 1467/2508/150
f 1459/2510/150 1467/2508/150 1468/2509/150
f 1458/2512/150 1459/2510/150 1468/2509/150
f 1458/2512/150 1468/2509/150 1469/2511/150
f 1457/2513/150 1458/2512/150 1469/2511/150
f 1457/2513/150 1469/2511/150 1470/2502/150
f 1514/353/150 1457/2513/150 1470/2502/150
f 1514/353/150 1470/2502/150 1471/369/150
f 1513/354/150 1514/353/150 1482/355/150
f 1514/353/150 1471/369/150 1482/355/150
f 1498/2493/150 1499/2492/150 1500/818/150
f 1496/2490/150 1497/680/150 1495/2491/150
f 1497/680/150 1498/2493/150 1500/818/150
f 1495/2491/150 1497/680/150 1494/2494/150
f 1500/818/150 1501/2495/150 1494/2494/150
f 1497/680/150 1500/818/150 1494/2494/150
f 1494/2494/150 1501/2495/150 1493/2496/150
f 1501/2495/150 1502/2497/150 1493/2496/150
f 1493/2496/150 1502/2497/150 1492/2498/150
f 1502/2497/150 1503/2499/150 1492/2498/150
f 1492/2498/150 1503/2499/150 1491/2486/150
f 1503/2499/150 1504/2500/150 1491/2486/150
f 1489/2483/150 1490/2482/150 1506/2484/150
f 1490/2482/150 1491/2486/150 1505/2487/150
f 1491/2486/150 1504/2500/150 1505/2487/150
f 1488/2479/150 1489/2483/150 1507/2485/150
f 1490/2482/150 1505/2487/150 1506/2484/150
f 1486/2475/150 1487/2480/150 1509/928/150
f 1487/2480/150 1488/2479/150 1508/2481/150
f 1484/2472/150 1485/2476/150 1511/2478/150
f 1485/2476/150 1486/2475/150 1510/2477/150
f 1511/2478/150 1485/2476/150 1510/2477/150
f 1482/355/150 1483/2473/150 1513/354/150
f 1483/2473/150 1484/2472/150 1512/2474/150
f 1480/2467/150 1481/2471/150 1482/355/150
f 1478/2470/150 1479/2468/150 1477/2469/150
f 1479/2468/150 1480/2467/150 1477/2469/150
f 1483/2473/150 1512/2474/150 1513/354/150
f 1512/2474/150 1484/2472/150 1511/2478/150
f 1477/2469/150 1480/2467/150 1476/2489/150
f 1480/2467/150 1482/355/150 1473/2488/150
f 1476/2489/150 1480/2467/150 1475/284/150
f 1475/284/150 1480/2467/150 1474/2501/150
f 1489/2483/150 1506/2484/150 1507/2485/150
f 1474/2501/150 1480/2467/150 1473/2488/150
f 1487/2480/150 1508/2481/150 1509/928/150
f 1488/2479/150 1507/2485/150 1508/2481/150
f 1472/370/150 1473/2488/150 1482/355/150
f 1486/2475/150 1509/928/150 1510/2477/150
s 1
f 2118/371/305 2117/1145/1068 2114/372/306
f 2324/374/2101 2327/2519/2101 2328/2520/2101
f 2328/2520/150 2330/2521/150 2332/1228/150
f 2331/375/309 2317/2522/2102 2318/1906/856
f 2318/1906/2103 2319/2523/2103 2323/376/2103
f 2324/374/308 2328/2520/2104 2332/1228/227
f 2331/375/309 2318/1906/856 2323/376/310
f 2324/374/308 2332/1228/227 2331/375/309
f 3734/175/135 3731/65/45 3732/377/311
f 4909/379/313 4912/2524/2105 4911/380/314
f 2746/38/2106 2747/2525/1627 2754/110/77
f 2747/2525/1627 2755/2209/2006 2754/110/77
f 4862/382/778 4858/855/889 4859/383/777
f 2406/385/317 2403/2526/2107 2404/386/318
f 1565/390/2108 1570/2527/2108 1569/1374/2108
f 1569/1374/2109 1559/2528/2110 1565/390/322
f 1559/2528/2110 1554/19/17 1560/394/326
f 1554/19/17 1555/395/327 1560/394/326
f 1559/2528/2110 1560/394/326 1565/390/322
f 1565/390/322 1560/394/326 1561/388/320
f 2865/392/324 2861/13/11 2872/393/325
f 2861/13/11 2862/15/13 2872/393/325
f 2872/393/325 2862/15/13 2864/2529/2111
f 2864/2529/2111 2873/663/576 2872/393/325
f 2868/1239/1162 2867/391/1162 2872/393/1162
f 1556/2530/2112 1567/2531/2113 1561/388/320
f 1567/2531/2113 1566/389/321 1561/388/320
f 1555/395/327 1556/2530/2112 1561/388/320
f 2389/398/330 2393/1905/970 2390/396/328
f 2393/1905/970 2392/1791/603 2390/396/328
f 4184/399/331 4183/1537/1113 4180/239/189
f 1778/401/333 1781/931/163 1780/402/162
f 4247/404/335 4248/1425/1371 4251/405/336
f 3595/409/340 3600/638/551 3599/1595/1550
f 3599/1595/1550 3594/2532/2114 3595/409/340
f 3594/2532/2114 3589/407/338 3595/409/340
f 1566/389/321 1567/2531/2113 1573/2533/2115
f 1572/410/341 1569/1374/1318 1565/390/322
f 1565/390/322 1566/389/321 1576/2172/1993
f 1566/389/321 1573/2533/2115 1576/2172/1993
f 1576/2172/1993 1575/88/62 1565/390/322
f 2060/411/342 2061/677/591 2064/412/343
f 1963/416/174 1958/2534/504 1959/414/345
f 1959/414/345 1960/2535/794 1964/415/173
f 3973/417/346 3972/2266/2034 3969/151/110
f 3969/151/110 3970/150/109 3974/418/347
f 3225/419/348 3226/1924/1966 3229/420/349
f 4197/424/353 4198/2275/2042 4203/2274/2041
f 4201/423/2116 4202/2536/2116 4197/424/2116
f 4197/424/353 4203/2274/2041 4209/1380/1089
f 4197/424/353 4209/1380/1089 4208/422/351
f 1578/90/64 1581/2537/2117 1580/425/354
f 1729/427/356 1728/1028/637 2054/428/357
f 2948/432/361 2945/1194/1114 2949/1276/1204
f 2945/1194/1114 2946/1270/1196 2949/1276/1204
f 2949/1276/1204 2952/430/359 2948/432/361
f 1580/425/354 1581/2537/2117 1584/433/362
f 1852/2538/2118 1861/2539/1979 1857/1662/1637
f 1861/2539/1979 1872/2540/1921 1857/1662/1637
f 1852/2538/2118 1857/1662/1637 1851/954/275
f 1856/437/366 1857/1662/1637 1872/2540/1921
f 1866/2541/2119 1860/2542/10 1856/437/2120
f 1865/436/2121 1866/2541/2119 1856/437/2120
f 1856/437/366 1872/2540/1921 1871/435/364
f 2715/2543/2122 2712/438/367 2716/361/295
f 2712/438/367 2709/1168/1090 2710/193/153
f 2713/359/293 2712/438/367 2710/193/153
f 2143/441/773 2144/1658/2123 2151/439/1632
f 2144/1658/2123 2152/2544/2006 2151/439/1632
f 3348/442/369 3345/2545/2124 3346/443/370
f 1607/445/372 1606/1660/1635 1601/446/373
f 1603/448/375 1608/1171/1093 1607/445/372
f 2469/450/377 2478/2546/2125 2474/225/178
f 2478/2546/2125 2483/2547/2126 2477/226/179
f 2474/225/178 2478/2546/2125 2477/226/179
f 2483/2547/2126 2482/227/180 2477/226/179
f 1617/2548/2127 1618/2549/2128 1622/451/2129
f 1621/452/379 1610/2550/2130 1611/1661/1636
f 1612/453/2131 1617/2548/2127 1622/451/2129
f 1621/452/379 1611/1661/1636 1612/453/380
f 1888/454/381 1891/1832/1858 1890/455/382
f 4463/827/859 4462/829/750 4460/457/384
f 4462/829/750 4459/171/131 4460/457/384
f 4459/171/131 4456/170/130 4457/187/145
f 1630/458/385 1631/1692/1671 1634/459/386
f 2462/1837/1864 2472/2272/2038 2461/2551/2132
f 2472/2272/2038 2481/1049/966 2461/2551/2132
f 2465/2552/2133 2466/2553/2133 2461/2551/2133
f 2470/463/2134 2471/2554/2134 2465/2552/2134
f 2465/2552/2135 2461/2551/2132 2481/1049/966
f 2465/2552/2135 2481/1049/966 2480/461/388
f 2470/463/390 2465/2552/2135 2480/461/388
f 3391/464/391 3392/1741/1738 3395/465/392
s 0
f 910/1994/150 911/1991/150 882/1989/150
f 911/1991/150 881/2555/150 882/1989/150
f 882/1989/150 883/1993/150 910/1994/150
f 883/1993/150 884/2212/150 926/56/150
f 884/2212/150 885/117/150 925/2556/150
f 926/56/150 884/2212/150 925/2556/150
f 885/117/150 886/2011/150 924/2363/150
f 886/2011/150 887/2012/150 923/2013/150
f 924/2363/150 886/2011/150 923/2013/150
f 887/2012/150 888/1950/150 923/2013/150
f 888/1950/150 889/467/150 922/469/150
f 889/467/150 890/2014/150 921/468/150
f 890/2014/150 891/2016/150 920/2018/150
f 891/2016/150 892/2015/150 919/2017/150
f 892/2015/150 893/2213/150 919/2017/150
f 919/2017/150 893/2213/150 918/1947/150
f 893/2213/150 894/2557/150 917/2021/150
f 894/2557/150 895/2558/150 916/2559/150
f 893/2213/150 917/2021/150 918/1947/150
f 916/2559/150 917/2021/150 894/2557/150
f 888/1950/150 922/469/150 923/2013/150
f 890/2014/150 920/2018/150 921/468/150
f 926/56/150 910/1994/150 883/1993/150
f 925/2556/150 885/117/150 924/2363/150
f 891/2016/150 919/2017/150 920/2018/150
s 1
f 3983/470/394 3980/208/164 3981/210/166
s 0
f 766/2560/10 765/2561/10 763/1366/10
f 765/2561/10 764/680/10 763/1366/10
f 768/2562/10 767/2563/10 766/2560/10
f 769/1364/10 768/2562/10 766/2560/10
f 766/2560/10 763/1366/10 769/1364/10
f 763/1366/10 762/1365/10 769/1364/10
f 762/1365/10 761/2564/10 770/2565/10
f 769/1364/10 762/1365/10 770/2565/10
f 773/2254/10 772/2262/10 774/2263/10
f 772/2262/10 771/472/10 775/2256/10
f 771/472/10 770/2565/10 761/2564/10
f 771/472/10 761/2564/10 760/2566/10
f 774/2263/10 776/56/10 773/2254/10
f 757/474/10 756/2258/10 771/472/10
f 756/2258/10 775/2256/10 771/472/10
f 775/2256/10 774/2263/10 772/2262/10
f 771/472/10 760/2566/10 759/805/10
f 771/472/10 759/805/10 758/473/10
s 1
f 4640/477/398 4647/2567/2136 4651/475/396
f 4647/2567/2136 4652/2568/2137 4651/475/396
f 4651/475/10 4646/2569/10 4643/608/10
f 4651/475/396 4643/608/523 4639/476/397
f 2450/480/401 2447/2570/2138 2451/478/399
f 2447/2570/2138 2448/1234/1155 2451/478/399
f 2451/478/399 2454/1854/1887 2453/479/400
f 1825/1152/869 1827/2571/2066 1835/649/563
f 1827/2571/2066 1836/2572/2067 1835/649/563
f 1825/1152/869 1835/649/563 1824/482/403
f 1835/649/563 1834/483/226 1824/482/403
f 1834/483/2139 1830/2573/2139 1829/481/2139
s 0
f 872/1979/150 873/1978/150 870/1469/150
f 873/1978/150 874/1982/150 869/1984/150
f 874/1982/150 875/1981/150 867/1983/150
f 875/1981/150 876/1934/150 867/1983/150
f 874/1982/150 867/1983/150 868/1996/150
f 876/1934/150 877/1985/150 866/1986/150
f 877/1985/150 878/1988/150 866/1986/150
f 879/1987/150 880/1990/150 912/1992/150
f 880/1990/150 881/2555/150 911/1991/150
f 878/1988/150 879/1987/150 865/1946/150
f 873/1978/150 869/1984/150 870/1469/150
f 869/1984/150 874/1982/150 868/1996/150
f 870/1469/150 871/1980/150 872/1979/150
f 880/1990/150 911/1991/150 912/1992/150
f 879/1987/150 912/1992/150 913/1995/150
f 866/1986/150 867/1983/150 876/1934/150
f 878/1988/150 865/1946/150 866/1986/150
f 879/1987/150 913/1995/150 865/1946/150
f 913/1995/150 914/112/150 864/1997/150
f 865/1946/150 913/1995/150 864/1997/150
f 863/485/150 864/1997/150 897/484/150
f 861/1998/150 862/301/150 899/300/150
f 862/301/150 863/485/150 898/299/150
f 899/300/150 862/301/150 898/299/150
f 859/2000/150 860/1999/150 900/2001/150
f 860/1999/150 861/1998/150 899/300/150
f 900/2001/150 860/1999/150 899/300/150
f 908/2004/150 909/2002/150 902/2005/150
f 909/2002/150 859/2000/150 901/2003/150
f 902/2005/150 909/2002/150 901/2003/150
f 906/2008/150 907/2006/150 904/2009/150
f 907/2006/150 908/2004/150 903/2007/150
f 904/2009/150 905/2010/150 906/2008/150
f 903/2007/150 904/2009/150 907/2006/150
f 903/2007/150 908/2004/150 902/2005/150
f 864/1997/150 914/112/150 896/113/150
f 915/111/150 916/2559/150 895/2558/150
f 915/111/150 895/2558/150 896/113/150
f 900/2001/150 901/2003/150 859/2000/150
f 914/112/150 915/111/150 896/113/150
f 864/1997/150 896/113/150 897/484/150
s 1
f 1656/486/404 1663/71/51 1662/487/51
f 1666/490/407 1665/1158/1083 1658/1197/1947
f 1658/1197/1947 1659/491/408 1666/490/407
f 1659/491/408 1660/493/410 1667/489/406
f 1668/492/409 1667/489/406 1660/493/410
f 2304/2574/2140 2311/2575/2141 2307/876/799
f 2311/2575/2141 2310/877/800 2307/876/799
f 2297/2576/2142 2293/205/2142 2298/495/2142
f 2293/205/161 2294/496/414 2298/495/413
f 2303/494/2143 2302/2577/2143 2298/495/2143
f 2294/496/414 2304/2574/2140 2303/494/412
f 2304/2574/2140 2307/876/799 2303/494/412
f 4177/238/188 4174/499/417 4178/498/416
f 4174/499/417 4171/1361/1310 4175/497/415
f 4171/1361/1310 4172/2578/2144 4175/497/415
f 4233/500/418 4232/1319/1262 4229/161/120
f 3197/501/419 3194/1822/1840 3195/502/420
f 3231/503/421 3234/512/430 3233/504/422
f 4668/507/425 4673/2245/2145 4677/508/426
f 4673/2245/2146 4672/2246/2146 4677/508/2146
f 4677/508/426 4676/647/1718 4670/768/2147
f 4676/647/1718 4675/1727/1720 4670/768/2147
f 4670/768/2147 4667/506/424 4677/508/426
f 1886/509/427 1887/456/383 1890/455/382
f 3235/513/431 3238/2579/2148 3237/511/429
f 3238/2579/2148 3241/965/873 3237/511/429
f 3241/965/873 3240/817/734 3237/511/429
f 1686/514/432 1683/1528/1484 1684/515/433
f 3278/13/435 3279/15/1363 3282/517/436
f 3539/518/438 3536/552/467 3537/519/439
f 3494/521/441 3493/1544/1500 3488/959/865
f 3488/959/865 3489/102/442 3494/521/441
f 3489/102/442 3490/2580/2149 3495/522/443
f 1967/523/201 1968/732/200 1971/524/333
f 1692/528/446 1693/537/452 1696/526/444
f 1693/537/452 1697/2581/2150 1696/526/444
s 0
f 1055/2127/150 1056/2126/150 1057/59/150
f 1057/59/150 1058/58/150 1060/60/150
f 1058/58/150 1059/2128/150 1060/60/150
f 1054/2124/150 1055/2127/150 1057/59/150
f 1054/2124/150 1057/59/150 1060/60/150
f 1054/2124/150 1060/60/150 1061/2125/150
f 1053/2122/150 1054/2124/150 1061/2125/150
f 1053/2122/150 1061/2125/150 1062/2123/150
f 1052/2120/150 1053/2122/150 1062/2123/150
f 1052/2120/150 1062/2123/150 1063/2121/150
f 1074/531/150 1075/2114/150 1067/529/150
f 1075/2114/150 1051/2113/150 1065/2115/150
f 1051/2113/150 1052/2120/150 1063/2121/150
f 1051/2113/150 1063/2121/150 1064/2119/150
f 1072/2112/150 1073/2110/150 1071/2111/150
f 1073/2110/150 1074/531/150 1071/2111/150
f 1075/2114/150 1065/2115/150 1066/2116/150
f 1051/2113/150 1064/2119/150 1065/2115/150
f 1070/2117/150 1071/2111/150 1074/531/150
f 1069/2118/150 1070/2117/150 1074/531/150
f 1075/2114/150 1066/2116/150 1067/529/150
f 1068/530/150 1069/2118/150 1074/531/150
s 1
f 1917/303/242 1914/1404/1345 1915/532/447
f 2917/43/35 2916/2582/2151 2913/534/449
f 1689/536/451 1690/739/656 1693/537/452
f 3707/538/453 3776/799/713 3777/539/454
f 4449/542/457 4448/382/1866 4446/45/2152
f 4448/382/1866 4443/43/35 4446/45/2152
f 4443/43/35 4444/44/36 4446/45/2152
f 4446/45/2152 4454/186/144 4449/542/457
f 3616/2583/2153 3611/2584/2154 3617/545/460
f 3611/2584/2154 3612/543/458 3617/545/460
f 1705/548/2155 1701/2585/2155 1698/551/2155
f 1698/551/466 1699/546/461 1705/548/463
f 1709/549/464 1708/2586/2156 1704/550/465
f 1698/551/466 1705/548/463 1709/549/464
f 1704/550/465 1697/2581/2150 1698/551/466
f 3536/552/467 3533/772/1512 3534/553/468
f 2960/554/469 2961/812/730 2964/555/470
f 2140/100/703 2139/791/702 2129/557/473
f 2129/557/473 2130/32/1300 2132/558/474
f 2130/32/1300 2133/2203/1998 2132/558/474
f 2135/101/472 2140/100/703 2129/557/473
f 4155/559/475 4158/2587/2157 4157/560/476
f 1716/21/19 1713/1575/1530 1714/326/263
f 3059/1677/1654 3060/1413/1355 3062/564/480
f 3060/1413/1355 3063/565/481 3062/564/480
f 3063/565/481 3066/1086/1011 3065/563/479
f 4412/240/190 4409/1242/1166 4410/49/38
f 1726/421/482 1725/680/597 1722/284/483
f 1724/377/485 1727/420/487 1726/421/482
f 3077/566/279 3074/340/279 3075/339/278
f 1720/538/486 1726/421/482 1727/420/487
f 3561/570/594 3560/2588/2158 3551/568/2159
f 3560/2588/2158 3555/2589/2160 3551/568/2159
f 3555/2589/2160 3550/2590/2161 3551/568/2159
f 1742/320/2162 1746/2591/2162 1750/613/2162
f 1750/613/2163 1749/1507/783 1745/571/491
f 1745/571/491 1732/2454/2081 1733/2453/2080
f 1742/320/490 1750/613/2163 1745/571/491
f 1745/571/491 1733/2453/2080 1737/321/489
f 3787/572/2164 3791/2592/2164 3792/441/2164
f 3792/441/150 3796/440/150 3800/439/150
f 3800/439/1625 3799/105/72 3795/99/68
f 3795/99/68 3782/2203/2165 3783/1802/1810
f 3783/1802/2166 3786/2593/2166 3787/572/2166
f 3792/441/493 3800/439/1625 3795/99/68
f 3795/99/68 3783/1802/1810 3787/572/492
f 2782/573/333 2781/2594/334 2778/574/201
f 2616/578/496 2617/1118/1044 2624/576/494
f 2617/1118/1044 2625/2595/2005 2630/579/497
f 2624/576/494 2617/1118/1044 2630/579/497
f 2625/2595/2005 2635/871/794 2630/579/497
f 2635/871/794 2634/580/498 2630/579/497
f 2630/579/2167 2629/2596/2167 2624/576/2167
f 2623/577/10 2620/2597/10 2616/578/10
f 2633/2598/504 2622/2599/2048 2623/577/495
f 2633/2598/504 2623/577/495 2624/576/494
f 2634/580/498 2633/2598/504 2624/576/494
f 1748/246/196 1749/1507/783 1756/581/499
f 1749/1507/783 1757/2600/2005 1762/1191/497
f 1756/581/499 1749/1507/783 1762/1191/497
f 1757/2600/2005 1767/2268/794 1762/1191/497
f 1767/2268/794 1766/219/172 1762/1191/497
f 1762/1191/2168 1761/2601/2168 1756/581/2168
f 2627/2602/2169 2628/1279/75 2637/2603/1094
f 2626/584/501 2627/2602/2169 2637/2603/1094
f 2631/583/2059 2632/2604/2059 2626/584/2059
f 2626/584/501 2637/2603/1094 2636/582/500
f 1964/415/173 1960/2535/794 1961/585/502
f 1961/585/502 1962/2605/1094 1965/586/503
f 2771/1866/794 2775/1865/173 2770/589/505
f 2775/1865/173 2774/587/174 2770/589/505
f 3580/65/10 3577/2606/10 3575/591/10
f 3575/591/508 3576/1790/1796 3581/590/506
f 3576/1790/1796 3582/377/920 3581/590/506
f 2175/592/201 2178/635/334 2177/258/170
s 0
f 1106/595/150 1107/2143/150 1090/82/150
f 1107/2143/150 1108/84/150 1090/82/150
f 1101/1146/150 1102/2137/150 1103/2136/150
f 1099/2135/150 1100/2133/150 1098/2134/150
f 1100/2133/150 1101/1146/150 1098/2134/150
f 1101/1146/150 1103/2136/150 1097/1645/150
f 1103/2136/150 1104/2138/150 1097/1645/150
f 1098/2134/150 1101/1146/150 1097/1645/150
f 1097/1645/150 1104/2138/150 1096/2139/150
f 1104/2138/150 1105/2140/150 1096/2139/150
f 1096/2139/150 1105/2140/150 1095/2141/150
f 1105/2140/150 1106/595/150 1094/2142/150
f 1095/2141/150 1105/2140/150 1094/2142/150
f 1079/2147/150 1080/2146/150 1081/2145/150
f 1081/2145/150 1082/2149/150 1084/2150/150
f 1082/2149/150 1083/2148/150 1084/2150/150
f 1078/2151/150 1079/2147/150 1081/2145/150
f 1077/2152/150 1078/2151/150 1085/2153/150
f 1078/2151/150 1081/2145/150 1084/2150/150
f 1077/2152/150 1085/2153/150 1086/2154/150
f 1084/2150/150 1085/2153/150 1078/2151/150
f 1077/2152/150 1086/2154/150 1076/83/150
f 1086/2154/150 1087/2155/150 1076/83/150
f 1076/83/150 1087/2155/150 1088/177/150
f 1093/2144/150 1094/2142/150 1106/595/150
f 1076/83/150 1088/177/150 1089/2157/150
f 1076/83/150 1089/2157/150 1090/82/150
f 1092/2156/150 1093/2144/150 1106/595/150
f 1091/594/150 1092/2156/150 1106/595/150
f 1108/84/150 1076/83/150 1090/82/150
s 1
f 4324/2607/1284 4321/1806/1814 4322/2264/2033
f 4325/596/510 4328/2608/2170 4336/597/511
f 4328/2608/2170 4338/2609/2171 4337/1917/1955
f 4324/2607/1284 4322/2264/2033 4325/596/510
f 4331/1217/2172 4330/1128/2172 4336/597/2172
f 4330/1128/2173 4327/598/512 4336/597/511
f 4327/598/512 4324/2607/1284 4325/596/510
f 4328/2608/2170 4337/1917/1955 4336/597/511
f 4293/601/515 4286/1621/1581 4287/1165/1087
f 4293/601/515 4287/1165/1087 4288/599/513
f 2050/603/517 2051/2610/2174 2055/429/358
f 2050/603/517 2055/429/358 2054/428/357
f 4578/101/2175 4582/2204/150 4586/2611/2176
f 4586/2611/2176 4585/1062/2177 4578/101/2175
f 4585/1062/986 4584/1915/1952 4577/2612/2178
f 4578/101/518 4585/1062/986 4573/604/519
f 4577/2612/2178 4573/604/519 4585/1062/986
f 4574/368/150 4576/2203/150 4579/2613/150
f 4574/368/303 4579/2613/2179 4578/101/518
f 3160/607/522 3157/2279/2046 3161/1499/1456
f 3157/2279/2046 3158/2278/2045 3161/1499/1456
f 3161/1499/1456 3164/605/520 3160/607/522
f 4650/609/524 4642/889/805 4643/608/523
f 4715/25/20 4716/1884/1921 4722/917/575
f 4722/917/575 4721/611/526 4715/25/20
f 4721/611/526 4718/1732/880 4714/610/525
f 1751/614/529 1760/2465/2095 1759/612/527
f 1759/612/2155 1753/2614/2155 1750/613/2155
f 2506/615/201 2509/1060/334 2508/216/170
f 1584/433/362 1581/2537/2117 1582/617/530
f 4628/1898/1062 4627/619/532 4624/259/162
f 4627/619/532 4626/628/537 4623/260/171
f 4513/620/533 4514/173/1903 4519/1295/1228
f 4519/1295/1228 4518/213/534 4513/620/533
f 4518/213/534 4517/2173/2180 4512/621/535
f 3414/624/2181 3409/1489/1444 3419/622/2182
f 3409/1489/1444 3410/1491/1446 3412/2615/2183
f 3419/622/2182 3409/1489/1444 3420/1498/1455
f 3412/2615/2183 3421/2616/2184 3420/1498/1455
f 3412/2615/2183 3420/1498/1455 3409/1489/1444
f 2650/625/537 2651/1554/1506 2655/626/538
f 2651/1554/2185 2656/2617/2185 2655/626/2185
f 2655/626/2186 2661/2618/2186 2660/627/2186
f 2660/627/539 2659/1357/103 2650/625/537
f 3842/145/542 3841/144/1818 3832/628/540
f 3832/628/540 3833/619/1801 3837/629/541
f 3833/619/617 3838/697/617 3837/629/617
f 3837/629/2187 3843/2619/2187 3842/145/2187
f 3840/630/2188 3839/2620/2188 3835/748/2188
f 3836/631/544 3846/477/1820 3845/476/545
f 3845/476/2189 3844/2621/2189 3840/630/2189
f 3840/630/543 3835/748/798 3836/631/544
f 1786/632/414 1796/644/557 1795/646/559
f 1795/646/2190 1794/2622/2190 1790/633/2190
f 1790/633/2191 1789/2623/2191 1785/634/2191
f 1786/632/414 1795/646/559 1790/633/546
f 3823/593/509 3824/592/201 3827/635/334
f 3270/636/548 3273/2624/2192 3272/637/549
f 3610/1601/1557 3614/1600/1556 3613/544/459
f 3613/544/459 3605/2625/2193 3610/1601/1557
f 3605/2625/2193 3599/1595/1550 3606/640/553
f 3610/1601/1557 3605/2625/2193 3606/640/553
f 3606/640/553 3599/1595/1550 3600/638/551
f 4165/643/556 4164/1633/1594 4161/641/554
f 4164/1633/1594 4160/1765/1764 4161/641/554
f 1657/973/885 1658/1197/1947 1665/1158/1083
f 1657/973/885 1665/1158/1083 1664/72/52
f 1656/486/404 1657/973/885 1664/72/52
f 1796/644/557 1803/2626/2194 1807/645/558
f 1803/2626/2194 1808/2627/2195 1807/645/558
f 1807/645/2196 1802/2628/2196 1799/766/2196
f 1807/645/558 1799/766/678 1795/646/559
f 2232/1727/1720 2227/768/1451 2233/647/561
f 2227/768/1451 2224/1151/1078 2233/647/561
f 2233/647/561 2224/1151/1078 2225/283/227
f 2225/283/227 2230/2245/402 2234/508/560
f 1845/650/2197 1841/2629/2197 1840/648/2197
f 1852/2538/2118 1851/954/275 1846/953/861
f 1836/2572/2067 1847/2630/2198 1846/953/861
f 1847/2630/2198 1852/2538/2118 1846/953/861
f 1836/2572/2067 1846/953/861 1845/650/564
f 1835/649/563 1836/2572/2067 1845/650/564
f 2344/2631/2067 2355/2632/2198 2354/1111/861
f 2355/2632/2198 2360/2633/2118 2354/1111/861
f 2360/2633/2118 2359/1112/1039 2354/1111/861
f 2353/651/2199 2349/2634/2199 2348/652/2199
f 2344/2631/2067 2354/1111/861 2353/651/565
f 2343/653/567 2344/2631/2067 2353/651/565
f 4532/654/568 4529/2635/2200 4530/655/569
f 3523/656/570 3520/1505/1463 3521/657/571
f 2358/1113/592 2363/2636/2201 2377/759/642
f 2363/2636/2201 2372/2637/2202 2377/759/642
f 2372/2637/2202 2382/2638/2203 2377/759/642
f 2382/2638/2204 2381/2639/2204 2377/759/2204
f 2377/759/642 2376/758/671 2371/1685/1666
f 2370/2640/2205 2367/2641/10 2362/659/2206
f 2377/759/642 2371/1685/1666 2358/1113/592
f 2371/1685/2207 2370/2640/2205 2362/659/2206
f 2371/1685/1666 2362/659/573 2358/1113/592
f 2357/365/299 2358/1113/592 2362/659/573
f 1877/662/526 1874/968/880 1870/2642/832
f 1874/968/2208 1875/2643/2208 1870/2642/2208
f 1870/2642/832 1871/435/364 1877/662/526
f 1871/435/364 1872/2540/1921 1878/661/575
f 2876/664/577 2875/136/97 2872/393/325
f 2875/136/97 2871/1774/1797 2872/393/325
f 2611/1602/1559 2616/578/496 2615/1839/1867
f 2611/1602/1559 2615/1839/1867 2602/2644/2209
f 2611/1602/1559 2602/2644/2209 2603/667/580
f 2612/666/579 2611/1602/1559 2603/667/580
f 4241/668/581 4238/1197/1940 4239/334/582
f 3336/266/2210 3335/2645/2210 3329/670/2210
f 1884/685/603 1883/686/604 1882/673/328
f 1883/686/604 1879/671/585 1882/673/328
f 3697/1639/1598 3691/2646/2211 3688/96/586
f 3691/2646/2211 3687/2647/2212 3688/96/586
f 3693/674/150 3696/2648/150 3698/675/150
f 3697/1639/1598 3688/96/586 3698/675/588
f 3711/676/589 3714/833/753 3713/412/590
f 1878/661/575 1881/2649/330 1880/672/329
f 2275/1732/2090 2265/2461/2202 2271/610/832
f 2265/2461/2202 2256/2462/2092 2271/610/832
f 2257/27/2213 2261/1972/2077 2267/1971/2214
f 2266/26/958 2272/25/833 2271/610/832
f 2257/27/2213 2267/1971/2214 2266/26/2215
f 2271/610/2216 2276/2463/2216 2275/1732/2216
f 2256/2462/2092 2251/335/592 2271/610/832
f 2266/26/958 2271/610/832 2251/335/592
f 2257/27/366 2266/26/958 2251/335/592
f 2258/337/593 2257/27/366 2251/335/592
f 3566/679/596 3565/2650/2217 3561/570/594
f 3565/2650/2217 3560/2588/2158 3561/570/594
f 1725/680/597 1726/421/482 1720/538/486
f 2849/681/599 2850/1232/2218 2853/30/25
f 2878/212/168 2881/802/716 2880/682/600
f 2881/802/716 2884/49/38 2883/1242/1166
f 2880/682/600 2881/802/716 2883/1242/1166
f 3351/683/601 3348/442/369 3349/444/371
f 1884/685/603 1887/456/383 1886/509/427
f 3398/687/605 3401/1485/1439 3400/688/606
f 4624/259/162 4621/635/334 4622/690/333
f 3391/464/391 3394/466/393 3393/12/608
f 1895/693/610 1892/1484/1438 1893/694/611
f 1894/696/613 1897/1116/1042 1896/695/612
f 4698/261/2219 4703/2285/2077 4706/2286/2220
f 4698/261/2219 4706/2286/2220 4707/262/2221
f 4692/2287/1976 4693/180/704 4697/873/1101
f 4702/2288/2056 4692/2287/1976 4697/873/1101
f 4702/2288/2056 4697/873/1101 4711/2289/2057
f 4697/873/1101 4698/261/614 4711/2289/2057
f 4712/263/616 4711/2289/2057 4698/261/614
f 4637/2619/2187 4636/145/2187 4631/629/2187
f 4636/145/1121 4635/144/2222 4626/628/537
f 4631/629/990 4636/145/1121 4626/628/537
f 4626/628/537 4627/619/532 4631/629/990
f 2835/698/618 2834/1815/1843 2827/699/619
f 3252/701/621 3253/1175/1096 3256/307/246
f 1920/702/622 1919/1464/1413 1916/304/243
f 1696/526/444 1697/2581/2150 1704/550/465
f 1704/550/465 1708/2586/2156 1707/703/623
f 1707/703/623 1703/1853/1886 1700/704/624
f 1696/526/444 1704/550/465 1707/703/623
f 1630/458/385 1627/2651/2223 1631/1692/1671
f 1627/2651/2223 1621/452/379 1622/451/378
f 1627/2651/2223 1622/451/378 1631/1692/1671
f 1628/706/626 1631/1692/1671 1622/451/378
f 1623/705/150 1626/2652/150 1628/706/150
f 3178/707/627 3175/356/290 3176/358/292
f 2434/2653/2224 2435/1011/2224 2430/346/2224
f 2435/1011/2225 2438/1016/934 2430/346/631
f 2438/1016/934 2437/709/629 2430/346/631
f 4192/711/632 4189/1547/1503 4190/712/633
f 4740/156/115 4737/1107/1034 4738/714/635
f 2743/1882/1920 2742/1883/1014 2732/716/637
f 2732/716/637 2733/1586/1542 2735/717/638
f 2733/1586/1542 2736/1976/1986 2735/717/638
f 2735/717/2226 2739/2654/2226 2738/718/2226
f 2744/2655/2227 2743/1882/2227 2738/718/2227
f 2743/1882/1920 2732/716/637 2738/718/639
f 2138/572/2228 2142/2592/2228 2143/441/2228
f 2151/439/1632 2150/105/643 2146/99/68
f 2146/99/68 2133/2203/1998 2134/1802/2229
f 2134/1802/2230 2137/2593/2230 2138/572/2230
f 2143/441/641 2151/439/1632 2146/99/68
f 2146/99/68 2134/1802/2229 2138/572/640
f 2274/2656/2231 2275/1732/2231 2270/719/2231
f 2275/1732/880 2278/611/526 2270/719/642
f 2278/611/526 2277/1629/886 2269/263/210
f 2277/1629/886 2268/2289/2057 2269/263/210
f 2158/2208/2005 2150/105/643 2164/107/645
f 2150/105/643 2151/439/1632 2159/106/644
f 2151/439/1632 2154/1143/1631 2160/2206/2232
f 2159/106/2233 2165/2207/2233 2164/107/2233
f 2151/439/1632 2160/2206/2232 2159/106/644
f 2169/867/1570 2168/1610/794 2164/107/645
f 2168/1610/794 2158/2208/2005 2164/107/645
f 1899/721/647 1902/1713/1699 1901/2657/2234
f 1898/720/646 1895/693/610 1896/695/612
f 1899/721/647 1901/2657/2234 1898/720/646
f 1943/147/106 1946/146/105 1952/2241/2021
f 1951/723/2233 1957/2658/2233 1956/724/2233
f 1943/147/106 1952/2241/2021 1951/723/648
f 1950/2659/2005 1942/722/643 1956/724/281
f 1942/722/643 1943/147/106 1951/723/648
f 1961/585/502 1960/2535/794 1956/724/281
f 1960/2535/794 1950/2659/2005 1956/724/281
f 4610/727/649 4611/1610/2235 4615/789/173
f 4615/789/173 4614/725/174 4610/727/649
f 4312/728/650 4315/199/158 4314/729/651
s 0
f 1271/2365/150 1312/2363/150 1270/117/150
f 1312/2363/150 1313/118/150 1270/117/150
f 1313/118/150 1314/57/150 1270/117/150
s 1
f 1964/415/173 1967/523/201 1966/731/509
f 1964/415/173 1965/586/503 1968/732/200
f 2646/733/333 2645/2660/334 2642/734/201
f 3626/737/654 3627/2661/2236 3630/738/655
f 3630/738/1663 3636/1682/1662 3623/736/2237
f 3636/1682/1662 3635/2662/2238 3623/736/2237
f 3635/2662/2238 3622/2663/2239 3623/736/2237
f 1690/739/656 1687/516/434 1688/740/657
f 4046/742/659 4049/1860/1994 4048/61/41
f 4619/743/200 4622/690/333 4621/635/334
f 1971/524/333 1974/919/163 1973/744/162
f 2654/745/414 2664/1472/557 2663/1250/1174
f 2663/1250/2240 2662/2664/2240 2658/746/2240
f 2658/746/2142 2657/2665/2142 2653/747/2142
f 2654/745/414 2663/1250/1174 2658/746/660
f 2187/631/414 2197/477/557 2196/476/994
f 2196/476/2241 2195/2621/2241 2191/630/2241
f 2191/630/2242 2190/2620/2242 2186/748/2242
f 2187/631/414 2196/476/994 2191/630/662
f 2956/165/125 2953/1659/2023 2954/123/123
f 2953/1659/2023 2950/2243/2024 2954/123/123
f 2950/2243/2024 2951/431/360 2954/123/123
f 2207/609/270 2220/1890/2088 2215/749/664
f 2220/1890/2243 2219/1287/2243 2215/749/2243
f 2210/127/2244 2206/128/2244 2214/750/2245
f 2206/128/1060 2207/609/270 2214/750/665
f 2214/750/2245 2211/126/2246 2210/127/2244
f 1806/751/270 1819/2666/2088 1815/752/666
f 1819/2666/2247 1818/2667/2247 1815/752/2247
f 1810/948/856 1805/947/855 1814/753/310
f 1805/947/855 1806/751/270 1814/753/310
f 1814/753/2248 1811/2668/2248 1810/948/2248
f 4800/755/10 4798/2669/10 4796/65/10
f 4796/65/817 4797/377/667 4800/755/669
f 4199/234/184 4198/2275/2042 4195/756/670
f 4195/756/670 4192/711/632 4193/713/634
f 4193/713/634 4196/2670/2249 4199/234/184
f 4196/2670/2249 4206/1780/1787 4205/235/185
f 4199/234/184 4196/2670/2249 4205/235/185
f 2385/757/526 2384/974/886 2376/758/671
f 2384/974/886 2375/2671/2057 2376/758/671
f 2382/2638/880 2385/757/526 2377/759/642
f 1983/887/2250 1987/2672/2250 1988/760/2250
f 1978/920/2251 1982/2673/2251 1983/887/2251
f 1991/762/674 1977/1140/1062 1978/920/547
f 1991/762/674 1978/920/547 1983/887/2252
f 1991/762/674 1983/887/2252 1988/760/672
f 2682/1178/2253 2686/2674/2253 2687/2460/2253
f 2687/2460/150 2690/2675/150 2692/1418/150
f 2692/1418/1360 2691/765/677 2682/1178/1102
f 2691/765/677 2685/2676/2254 2673/763/675
f 2682/1178/1102 2691/765/677 2681/764/676
f 2685/2676/2254 2672/2677/2255 2673/763/675
f 2673/763/2256 2677/2678/2257 2681/764/2258
f 2677/2678/2257 2678/2679/2259 2681/764/2258
f 2682/1178/1102 2687/2460/2260 2692/1418/1360
f 1798/767/674 1784/2680/1062 1785/634/547
f 1798/767/674 1785/634/547 1790/633/2261
f 1798/767/674 1790/633/2261 1795/646/559
f 2905/81/61 2908/1197/2262 2907/488/679
f 2908/1197/2262 2911/1254/1179 2907/488/679
f 2911/1254/1179 2910/1255/1180 2907/488/679
f 3121/768/680 3118/363/297 3119/769/681
f 3136/771/683 3133/1559/2263 3134/772/684
f 2570/774/686 2567/1423/1369 2568/775/687
f 2029/322/259 2026/324/261 2027/777/689
f 2705/781/693 2707/191/151 2706/2681/2264
f 2706/2681/2264 2702/779/691 2705/781/693
f 3285/782/694 3284/1371/1373 3281/212/437
f 2032/783/695 2035/1/1 2034/784/696
f 3025/788/700 3026/1306/1243 3033/2682/2265
f 3033/2682/2265 3037/1181/1104 3036/1307/1970
f 3025/788/700 3033/2682/2265 3036/1307/1970
f 3036/1307/1970 3032/786/698 3025/788/700
f 2172/789/173 2173/868/503 2176/743/200
f 2149/790/701 2148/1642/195 2139/791/702
s 0
f 1453/2112/150 1454/2110/150 1452/2111/150
f 1454/2110/150 1455/531/150 1452/2111/150
f 1455/531/150 1456/2114/150 1448/529/150
f 1456/2114/150 1432/2113/150 1446/2115/150
f 1451/2117/150 1452/2111/150 1455/531/150
f 1450/2118/150 1451/2117/150 1455/531/150
f 1449/530/150 1450/2118/150 1455/531/150
f 1448/529/150 1449/530/150 1455/531/150
f 1447/2116/150 1448/529/150 1456/2114/150
f 1446/2115/150 1447/2116/150 1456/2114/150
f 1445/2119/150 1446/2115/150 1432/2113/150
f 1444/2121/150 1445/2119/150 1432/2113/150
f 1444/2121/150 1432/2113/150 1433/2120/150
f 1443/2123/150 1444/2121/150 1433/2120/150
f 1443/2123/150 1433/2120/150 1434/2122/150
f 1442/2125/150 1443/2123/150 1434/2122/150
f 1442/2125/150 1434/2122/150 1435/2124/150
f 1439/58/150 1440/2128/150 1441/60/150
f 1441/60/150 1442/2125/150 1435/2124/150
f 1436/2127/150 1437/2126/150 1438/59/150
f 1441/60/150 1435/2124/150 1438/59/150
f 1435/2124/150 1436/2127/150 1438/59/150
s 1
f 4673/2245/2028 4683/421/2029 4677/508/426
f 4688/182/2266 4681/2247/2266 4682/908/2266
f 4682/908/1719 4676/647/1718 4677/508/426
f 4682/908/1719 4677/508/426 4694/335/274
f 4677/508/426 4683/421/2029 4694/335/274
f 4688/182/706 4682/908/1719 4694/335/274
f 4688/182/706 4694/335/274 4693/180/704
f 3186/1668/1640 3185/1376/1319 3183/793/708
f 3185/1376/1319 3182/1826/1847 3183/793/708
f 3182/1826/1847 3179/708/628 3183/793/708
f 2047/794/2267 2051/2610/2174 2050/603/517
f 2052/796/1073 2051/2610/2174 2047/794/2267
f 4401/136/711 4397/1774/1781 4398/393/1780
f 4401/136/711 4398/393/1780 4399/663/576
f 2126/798/712 2123/1643/1605 2124/139/100
f 2124/139/100 2125/138/1220 2128/539/454
f 2885/801/715 2884/49/38 2881/802/716
f 2881/802/716 2878/212/168 2882/800/714
f 2878/212/168 2879/517/1667 2882/800/714
f 2096/803/717 2097/826/747 2100/804/718
f 3716/314/250 3717/832/752 3720/806/720
f 2082/65/45 2085/175/739 2084/177/137
f 3534/553/468 3533/772/1512 3531/808/724
f 3533/772/1512 3530/809/725 3531/808/724
f 3530/809/725 3527/1065/989 3528/807/723
f 2126/798/712 2127/799/713 2058/538/726
f 2075/810/728 2076/848/768 2079/66/46
f 4483/164/124 4484/1275/1201 4487/812/730
f 3497/813/1499 3493/1544/1500 3494/521/441
f 3372/310/249 3373/309/248 3376/815/732
f 3239/818/735 3236/2683/2268 3237/511/429
f 3236/2683/2268 3233/504/422 3237/511/429
f 3233/504/422 3234/512/430 3237/511/429
f 2103/819/736 2104/946/854 2107/420/737
f 2082/65/45 2083/377/311 2086/378/312
f 2100/804/718 2097/826/747 2098/820/740
f 2085/175/739 2086/378/312 2089/822/742
f 2115/373/307 2112/839/758 2113/824/744
f 2093/474/746 2094/841/760 2097/826/747
f 3775/798/712 3776/799/713 3707/538/453
f 2937/827/748 2940/952/860 2939/828/749
f 2097/826/747 2094/841/760 2095/830/751
f 2285/831/603 2286/1872/970 2289/31/26
f 3717/832/752 3716/314/250 3713/412/590
f 1998/834/2269 1994/2684/2269 1990/835/2269
f 1990/835/755 1991/762/674 1999/836/270
f 3759/837/756 3758/838/757 3755/421/738
f 2109/838/757 2110/837/756 2113/824/744
f 2091/840/759 2092/1646/1609 2095/830/751
f 2090/842/761 2087/176/1944 2088/823/743
f 4822/843/762 4825/1177/1098 4824/844/763
f 3730/284/722 3731/65/45 3734/175/135
f 2057/231/727 2058/875/726 2061/677/591
f 2062/676/765 2065/833/753 2064/412/343
f 3728/66/46 3725/848/768 3726/846/766
f 2073/847/767 2074/1431/1383 2077/846/766
f 4081/849/769 4084/1737/1733 4083/850/770
f 2134/1802/2229 2133/2203/1998 2130/32/1300
f 2131/852/772 2144/1658/2123 2143/441/773
f 2138/572/774 2134/1802/2229 2131/852/772
f 2134/1802/2229 2130/32/1300 2131/852/772
f 4419/853/775 4420/1523/1480 4423/854/776
f 4065/383/2270 4069/384/2270 4068/382/2270
f 4652/2568/2137 4663/830/2271 4657/1874/1910
f 4663/830/2271 4669/856/780 4657/1874/1910
f 4652/2568/2137 4657/1874/1910 4651/475/396
f 4669/856/780 4668/507/425 4666/857/781
f 4668/507/425 4665/1890/2009 4666/857/781
f 4666/857/2272 4661/891/2273 4662/890/2274
f 4666/857/2272 4662/890/2274 4656/858/2275
f 4656/858/782 4657/1874/1910 4669/856/780
f 2754/110/77 2757/109/76 2763/2210/2007
f 2762/860/2276 2768/2685/2276 2767/861/2276
f 2754/110/77 2763/2210/2007 2762/860/784
f 2761/2686/2005 2753/859/783 2767/861/217
f 2753/859/783 2754/110/77 2762/860/784
f 2772/1186/216 2771/1866/794 2767/861/217
f 2771/1866/794 2761/2686/2005 2767/861/217
f 1948/863/10 1945/2687/10 1941/864/10
f 1941/864/787 1942/722/643 1949/862/785
f 1942/722/643 1950/2659/2005 1955/1189/497
f 1949/862/785 1942/722/643 1955/1189/497
f 1950/2659/2005 1960/2535/794 1955/1189/497
f 1960/2535/794 1959/414/345 1955/1189/497
f 1955/1189/2167 1954/2688/2167 1949/862/2167
f 2005/2689/2277 2004/2690/2278 2009/865/2279
f 2008/866/2280 2013/2691/2280 2012/2692/2280
f 2000/1690/2277 2005/2689/2277 2009/865/2279
f 2008/866/789 2012/2692/2088 1999/836/270
f 1999/836/270 2000/1690/2281 2009/865/788
f 3821/789/791 3817/1610/794 3818/867/790
f 3818/867/790 3819/2693/1094 3822/868/503
f 4111/869/792 4112/996/1900 4115/379/793
f 2636/582/500 2637/2603/1094 2640/2694/503
f 2640/2694/503 2639/870/173 2636/582/500
f 4026/230/183 4027/845/764 4030/844/795
f 2251/335/592 2256/2462/2092 2270/719/642
f 2256/2462/2092 2265/2461/2202 2270/719/642
f 2265/2461/2202 2275/1732/2090 2270/719/642
f 2270/719/642 2269/263/210 2264/262/209
f 2270/719/642 2264/262/209 2251/335/592
f 2264/262/209 2255/261/208 2251/335/592
f 2250/180/141 2251/335/592 2255/261/208
f 3708/874/455 3711/676/589 3710/677/591
s 0
f 372/2316/10 371/2315/10 369/2313/10
f 371/2315/10 370/2314/10 369/2313/10
f 334/2325/10 373/2317/10 378/2324/10
f 373/2317/10 372/2316/10 365/2318/10
f 362/2310/10 373/2317/10 363/2323/10
f 372/2316/10 369/2313/10 368/2319/10
f 372/2316/10 368/2319/10 367/2320/10
f 372/2316/10 367/2320/10 366/2321/10
f 372/2316/10 366/2321/10 365/2318/10
f 365/2318/10 364/2322/10 373/2317/10
f 364/2322/10 363/2323/10 373/2317/10
f 373/2317/10 362/2310/10 378/2324/10
f 362/2310/10 361/2308/10 379/2311/10
f 361/2308/10 360/2307/10 381/2309/10
f 361/2308/10 381/2309/10 380/2312/10
f 360/2307/10 359/269/10 382/270/10
f 359/269/10 358/2305/10 383/271/10
f 358/2305/10 357/2303/10 384/2695/10
f 383/271/10 358/2305/10 384/2695/10
f 357/2303/10 356/2301/10 385/2696/10
f 356/2301/10 355/2299/10 386/2697/10
f 355/2299/10 354/2298/10 387/2698/10
f 354/2298/10 353/2171/10 388/2170/10
f 387/2698/10 354/2298/10 388/2170/10
f 387/2698/10 386/2697/10 355/2299/10
f 356/2301/10 386/2697/10 385/2696/10
f 341/2328/10 340/2327/10 339/2326/10
f 345/2161/10 344/2699/10 376/2700/10
f 344/2699/10 343/2329/10 376/2700/10
f 376/2700/10 375/2162/10 345/2161/10
f 377/2331/10 376/2700/10 343/2329/10
f 342/2332/10 341/2328/10 339/2326/10
f 342/2332/10 339/2326/10 338/2333/10
f 342/2332/10 338/2333/10 337/2334/10
f 342/2332/10 337/2334/10 336/2335/10
f 343/2329/10 342/2332/10 335/2336/10
f 342/2332/10 336/2335/10 335/2336/10
f 377/2331/10 343/2329/10 334/2325/10
f 343/2329/10 335/2336/10 334/2325/10
f 378/2324/10 377/2331/10 334/2325/10
f 379/2311/10 378/2324/10 362/2310/10
f 357/2303/10 385/2696/10 384/2695/10
f 380/2312/10 379/2311/10 361/2308/10
f 382/270/10 381/2309/10 360/2307/10
s 1
f 3831/691/163 3836/631/544 3835/748/798
f 3835/748/798 3834/1898/1062 3830/259/162
f 2315/878/801 2314/1163/270 2307/876/799
f 2314/1163/270 2306/1635/674 2307/876/799
f 4275/881/1804 4282/1166/1088 4274/2701/2282
f 4282/1166/1088 4281/1622/1521 4274/2701/2282
f 4274/2701/2282 4269/2702/2283 4275/881/1804
f 4269/2702/2283 4270/879/1805 4275/881/1804
f 2654/745/414 2653/747/661 2649/882/163
f 2653/747/661 2652/1553/1062 2648/883/162
f 1797/1073/999 1801/949/857 1800/2703/2284
f 1800/2703/2284 1791/2704/2285 1797/1073/999
f 1791/2704/2285 1782/884/537 1792/886/804
f 1797/1073/999 1791/2704/2285 1792/886/804
f 1782/884/537 1783/1637/1063 1787/885/803
f 1783/1637/2286 1788/2705/2286 1787/885/2286
f 1787/885/2287 1793/2706/2287 1792/886/2287
f 1979/888/414 1989/1689/557 1988/760/672
f 1983/887/546 1978/920/547 1979/888/414
f 4634/630/2288 4638/2621/2288 4639/476/2288
f 4629/748/2289 4633/2620/2289 4634/630/2289
f 4642/889/805 4628/1898/1062 4629/748/663
f 4642/889/805 4629/748/663 4634/630/2290
f 4642/889/805 4634/630/2290 4639/476/397
f 2213/1874/2291 2212/858/2292 2217/890/2293
f 2216/891/2294 2221/857/2294 2220/1890/2294
f 2208/475/2291 2213/1874/2291 2217/890/2293
f 2216/891/789 2220/1890/2088 2207/609/270
f 2207/609/270 2208/475/2295 2217/890/806
f 2667/893/150 2670/2707/150 2675/894/150
f 2675/894/2089 2674/333/270 2667/893/807
f 2675/894/808 2676/2708/2195 2689/2709/2296
f 2689/2709/2296 2693/895/809 2675/894/808
f 2693/895/809 2692/1418/1360 2683/332/269
f 2692/1418/1360 2687/2460/2297 2683/332/269
f 2693/895/809 2683/332/269 2684/331/268
f 2111/896/810 2112/839/758 2115/373/307
f 3144/1273/1198 3143/2710/2298 3141/899/813
f 3143/2710/2298 3140/897/811 3141/899/813
f 3140/897/811 3137/773/685 3138/898/812
f 4438/1256/1181 4437/1254/1179 4435/334/814
f 4437/1254/1179 4434/1197/1178 4435/334/814
f 4434/1197/1178 4431/81/61 4435/334/814
f 4795/284/815 4792/1003/1732 4793/900/816
f 2824/18/16 2817/1958/820 2825/16/14
f 2817/1958/820 2810/1817/1831 2818/903/820
f 2825/16/14 2817/1958/820 2818/903/820
f 2818/903/820 2810/1817/1831 2811/901/818
f 4216/905/822 4215/1585/1541 4209/1380/1089
f 4216/905/822 4209/1380/1089 4210/236/186
f 1614/906/2299 1620/2711/2300 1624/907/2301
f 1620/2711/2300 1619/2712/2302 1624/907/2301
f 1624/907/824 1623/705/625 1613/2713/2303
f 1608/1171/1093 1615/1105/1031 1614/906/823
f 1613/2713/2303 1607/445/372 1624/907/824
f 1607/445/372 1608/1171/1093 1614/906/823
f 2244/181/142 2250/180/141 2243/2714/2304
f 2250/180/141 2249/2287/1976 2243/2714/2304
f 2245/182/143 2244/181/142 2232/1727/1720
f 2244/181/142 2243/2714/2304 2232/1727/1720
f 2245/182/143 2232/1727/1720 2233/647/561
f 3579/911/828 3580/65/507 3589/407/338
f 3579/911/828 3589/407/338 3588/909/826
f 3583/910/2305 3584/2715/2305 3579/911/2305
f 4545/179/139 4543/1624/1890 4541/912/829
f 4541/912/829 4538/1223/1889 4542/2716/2306
f 4538/1223/1889 4539/2261/2032 4542/2716/2306
f 4542/2716/2306 4546/114/78 4541/912/829
f 2359/1112/1039 2360/2633/2118 2365/1820/1837
f 2360/2633/2118 2369/2717/1979 2365/1820/1837
f 2374/2718/2119 2368/2719/10 2364/915/2307
f 2373/914/2308 2374/2718/2119 2364/915/2307
f 2364/915/366 2365/1820/1837 2380/2720/1921
f 2365/1820/1837 2369/2717/1979 2380/2720/1921
f 2364/915/366 2380/2720/1921 2379/913/830
f 1720/875/486 1723/65/484 1722/284/483
f 2273/1884/1921 2279/917/575 2272/25/833
f 2279/917/575 2278/611/526 2272/25/833
f 2278/611/526 2275/1732/880 2271/610/832
f 2379/913/830 2380/2720/1921 2386/975/575
f 2386/975/575 2385/757/526 2379/913/830
f 2385/757/526 2382/2638/880 2378/916/832
f 2382/2638/2309 2383/2721/2309 2378/916/2309
f 2279/917/575 2282/1243/330 2281/918/329
f 1977/1140/1062 1973/744/162 1978/920/547
f 1973/744/162 1974/919/163 1978/920/547
f 4727/922/834 4723/1517/585 4726/921/328
f 4723/1517/585 4724/918/329 4726/921/328
f 2411/923/835 2414/2722/2310 2413/924/836
f 3571/926/838 3572/1696/1675 3575/591/508
f 2182/691/163 2187/631/414 2186/748/663
f 2186/748/663 2185/1898/1062 2181/259/162
f 2285/831/603 2288/33/28 2287/928/840
f 3588/909/826 3593/1597/1552 3592/929/841
f 2069/151/251 2066/315/1873 2067/314/843
f 1786/632/414 1785/634/547 1781/931/163
f 1785/634/547 1784/2680/1062 1780/402/162
f 4043/932/844 4046/742/659 4045/63/43
f 1975/934/537 1976/1141/1063 1980/935/803
f 1976/1141/2311 1981/2723/2311 1980/935/2311
f 1980/935/2312 1986/2724/2312 1985/936/2312
f 1985/936/846 1984/1504/103 1975/934/537
f 2518/937/414 2528/2725/2313 2527/1320/1263
f 2527/1320/2143 2526/2726/2143 2522/938/2143
f 2522/938/2314 2521/2727/2314 2517/939/2314
f 2518/937/414 2527/1320/1263 2522/938/847
f 3611/2584/2154 3602/2728/2315 3603/1599/1555
f 3611/2584/2154 3603/1599/1555 3604/940/849
f 3612/543/458 3611/2584/2154 3604/940/849
f 2000/1690/1669 2001/2729/2195 2014/2730/2296
f 2014/2730/2296 2018/942/809 2000/1690/1669
f 2018/942/809 2017/1784/1790 2008/866/789
f 2017/1784/10 2015/2731/10 2012/2692/10
f 2017/1784/1790 2012/2692/2316 2008/866/789
f 2009/865/788 2000/1690/1669 2018/942/809
f 3204/1390/1332 3202/944/852 3205/943/851
f 3202/944/852 3200/152/111 3201/154/113
f 3721/945/853 3718/151/251 3719/150/721
f 3756/420/737 3755/421/738 3752/819/736
f 1810/948/856 1809/2732/2102 1804/2733/2317
f 1804/2733/2317 1800/2703/2284 1801/949/857
f 1810/948/856 1804/2733/2317 1801/949/857
f 2510/950/333 2509/1060/334 2506/615/201
f 4465/828/858 4462/829/750 4463/827/859
f 1834/483/226 1835/649/563 1840/648/562
f 1850/955/592 1839/2734/2029 1834/483/226
f 1839/2734/2029 1829/481/2028 1834/483/226
f 1850/955/592 1834/483/226 1840/648/562
f 1850/955/592 1840/648/562 1845/650/564
f 1850/955/592 1845/650/564 1846/953/861
f 3116/362/296 3117/989/904 3120/956/862
f 2464/2735/2318 2465/2552/2319 2470/463/390
f 2479/957/863 2475/2736/2320 2476/462/389
f 2475/2736/2320 2464/2735/2318 2470/463/390
f 2476/462/389 2475/2736/2320 2470/463/390
f 3488/959/865 3493/1544/1500 3492/960/866
f 3492/960/866 3491/2737/2321 3487/958/864
f 3491/2737/2321 3486/2738/2322 3487/958/864
f 3880/2345/2323 3879/2245/2323 3884/282/2323
f 3879/2245/402 3874/283/868 3884/282/226
f 3874/283/868 3875/961/869 3885/281/867
f 3875/961/869 3877/1351/2066 3885/281/867
f 3877/1351/2066 3886/2346/2067 3885/281/867
f 2208/475/1461 2209/2568/2324 2222/2739/2296
f 2222/2739/2296 2226/961/869 2208/475/1461
f 2226/961/869 2225/283/227 2216/891/789
f 2225/283/10 2223/507/10 2220/1890/10
f 2225/283/227 2220/1890/2325 2216/891/789
f 2217/890/806 2208/475/1461 2226/961/869
f 2237/2346/2067 2248/2740/2198 2247/1427/1949
f 2248/2740/2198 2253/1969/2118 2247/1427/1949
f 2253/1969/2118 2252/336/275 2247/1427/1949
f 2246/962/2326 2242/2741/2326 2241/963/2326
f 2237/2346/2067 2247/1427/1949 2246/962/870
f 2236/281/225 2237/2346/2067 2246/962/870
f 3244/964/872 3243/2742/2327 3240/817/734
f 3878/2246/2328 3879/2245/2328 3883/508/2328
f 3879/2245/2329 3889/421/2029 3883/508/560
f 3894/182/2330 3887/2247/2330 3888/908/2330
f 3888/908/1919 3882/647/879 3883/508/560
f 3888/908/1919 3883/508/560 3900/335/1379
f 3883/508/560 3889/421/2029 3900/335/1379
f 3894/182/876 3888/908/1919 3900/335/1379
f 3894/182/876 3900/335/1379 3899/180/874
f 2351/366/300 2357/365/299 2350/2743/2331
f 2357/365/299 2356/2744/1976 2350/2743/2331
f 2352/367/301 2351/366/300 2339/2745/1720
f 2351/366/300 2350/2743/2331 2339/2745/1720
f 2352/367/301 2339/2745/1720 2340/966/877
f 3876/768/1451 3873/1151/1078 3882/647/879
f 3873/1151/1078 3874/283/868 3882/647/879
f 3874/283/868 3879/2245/402 3883/508/560
f 3881/1727/1720 3876/768/1451 3882/647/879
f 1876/1179/886 1867/2344/2057 1868/280/224
f 1869/969/2332 1873/2746/2332 1874/968/2332
f 1876/1179/886 1868/280/224 1877/662/526
f 1868/280/224 1869/969/642 1877/662/526
f 4877/850/881 4876/2747/2333 4873/970/882
f 1650/972/2334 1649/2748/2334 1657/973/2334
f 1656/486/404 1655/488/405 1648/2749/2335
f 1657/973/885 1656/486/404 1642/2750/2336
f 1656/486/404 1648/2749/2335 1642/2750/2336
f 1657/973/885 1642/2750/2336 1643/971/883
f 2388/397/329 2387/1687/585 2384/974/886
f 2386/975/575 2389/398/330 2388/397/329
f 3933/922/604 3929/1517/585 3932/921/328
f 3929/1517/585 3930/918/329 3932/921/328
f 4858/855/889 4857/990/905 4853/680/887
f 4857/990/905 4856/991/906 4853/680/887
f 3789/100/1882 3788/791/1014 3778/557/473
f 3778/557/473 3779/32/27 3781/558/890
f 3779/32/27 3782/2203/2165 3781/558/890
f 3781/558/2337 3785/2205/2337 3784/101/2337
f 3790/2204/2338 3789/100/2338 3784/101/2338
f 3789/100/1882 3778/557/473 3784/101/472
f 3578/284/891 3579/911/828 3583/910/827
f 3583/910/827 3588/909/826 3587/930/842
f 2401/976/892 2398/1443/1398 2399/977/893
f 4523/214/1232 4519/1295/1228 4520/979/1885
f 2402/978/894 2405/1417/1359 2404/386/318
f 4785/981/896 4788/1402/2339 4787/982/897
f 2311/2575/2141 2316/2751/2340 2321/984/899
f 2316/2751/2340 2322/2752/2341 2321/984/899
f 2310/877/800 2311/2575/2141 2321/984/899
f 2605/1609/1568 2606/1382/1324 2610/1381/1323
f 2605/1609/1568 2610/1381/1323 2613/985/900
f 2600/2753/2342 2601/2754/2342 2605/1609/2342
f 2617/1118/1044 2609/2755/2343 2605/1609/1568
f 2609/2755/2343 2600/2753/2344 2605/1609/1568
f 2617/1118/1044 2605/1609/1568 2613/985/900
f 2618/987/902 2617/1118/1044 2613/985/900
f 3113/988/903 3114/2756/2345 3117/989/904
f 4059/680/887 4060/421/888 4064/855/779
f 4064/855/779 4063/990/905 4059/680/887
f 3145/992/907 3146/1272/632 3048/538/908
f 3672/993/910 3669/2757/2346 3670/994/911
f 4496/996/913 4499/2758/2347 4498/997/914
f 2420/999/917 2419/1236/1159 2416/1000/918
f 2416/1000/918 2413/924/836 2417/998/916
f 2413/924/836 2414/2722/2310 2417/998/916
f 3586/1001/2348 3585/2759/2348 3581/590/2348
f 3582/377/920 3591/1775/1782 3586/1001/919
f 3591/1775/1782 3590/408/339 3586/1001/919
f 4377/1003/923 4378/900/1157 4379/317/921
f 4379/317/921 4382/1235/1158 4381/1002/922
f 3639/1613/1573 3632/2760/2349 3640/1612/1572
f 3632/2760/2349 3628/2761/2350 3640/1612/1572
f 3634/1005/2351 3633/2762/2351 3641/1006/2351
f 3641/1006/926 3640/1612/1572 3628/2761/2350
f 3641/1006/926 3628/2761/2350 3629/1004/924
f 4806/1007/1545 4805/2763/2352 4800/755/1849
f 4805/2763/2352 4802/2764/2353 4800/755/1849
f 4802/2764/2353 4799/2765/2354 4800/755/1849
f 3965/329/927 3964/330/267 3961/328/265
f 2427/345/2355 2422/1238/1161 2432/1009/1936
f 2422/1238/1161 2423/1237/1160 2432/1009/1936
f 2425/2766/2356 2433/2767/2357 2432/1009/1936
f 2423/1237/1160 2425/2766/2356 2432/1009/1936
f 2435/1011/2358 2431/2466/2097 2432/1009/2359
f 1742/320/257 1743/2455/1627 1750/613/528
f 1743/2455/1627 1751/614/529 1750/613/528
f 3092/1015/150 3097/2768/150 3102/1013/150
f 3102/1013/931 3101/1334/1279 3096/1014/932
f 3096/1014/932 3091/2769/2360 3092/1015/933
f 2438/1016/934 2441/1018/936 2440/1017/935
f 2447/2570/2138 2446/2770/2361 2444/1019/937
f 2446/2770/2361 2443/1020/938 2444/1019/937
f 2443/1020/938 2440/1017/935 2441/1018/936
f 3948/1021/939 3949/1180/1103 3952/1022/940
f 2026/324/261 2023/2771/2362 2024/1024/942
f 3395/465/392 3398/687/605 3397/689/607
f 3655/1026/944 3665/2772/2363 3664/1027/945
f 3664/1027/2364 3660/2773/2364 3659/1693/2364
f 3659/1693/1672 3654/1025/943 3664/1027/945
f 1728/1028/637 1729/427/356 1731/1508/1466
f 1729/427/356 1732/2454/2081 1731/1508/1466
f 1731/1508/2365 1735/2774/2365 1734/1029/2365
f 1739/1030/946 1738/1087/1014 1728/1028/637
f 1734/1029/2227 1740/2775/2227 1739/1030/2227
f 1728/1028/637 1731/1508/1466 1734/1029/639
f 2456/1031/947 2455/1654/1621 2452/1032/948
f 2700/1034/950 2697/1885/1924 2698/2776/2366
f 2698/2776/2366 2701/2777/2367 2700/1034/950
f 2701/2777/2367 2704/1033/949 2700/1034/950
f 1710/1036/952 1702/2778/2368 1707/703/623
f 1702/2778/2368 1703/1853/1886 1707/703/623
f 1707/703/623 1708/2586/2156 1711/1035/951
f 2884/49/38 2885/801/715 2888/50/39
f 4298/1038/954 4295/1605/1563 4296/1039/955
f 4296/1039/955 4297/2779/1812 4301/1812/121
f 4301/1812/121 4300/1037/953 4296/1039/955
f 1686/514/432 1687/516/434 1690/739/656
f 2716/361/295 2717/2514/2099 2718/1041/957
f 2717/2514/2099 2720/1040/956 2718/1041/957
f 2720/1040/956 2728/77/57 2727/76/56
f 2727/76/2369 2723/2780/2369 2722/1082/2369
f 2727/76/56 2722/1082/2370 2718/1041/957
f 2253/1969/2118 2262/1970/1979 2258/337/593
f 2262/1970/1979 2273/1884/1921 2258/337/593
f 2253/1969/2118 2258/337/593 2252/336/275
f 2257/27/366 2258/337/593 2273/1884/1921
f 2257/27/366 2273/1884/1921 2272/25/833
f 3554/2781/2371 3553/1618/1578 3549/1042/959
f 3549/1042/959 3548/1669/1641 3545/1043/960
f 3546/1044/961 3554/2781/2371 3549/1042/959
f 3833/619/1801 3834/1898/1062 3848/889/1911
f 3837/629/963 3833/619/1801 3848/889/1911
f 3837/629/963 3848/889/1911 3847/1045/962
f 2497/2782/504 2486/2783/2048 2487/1644/1606
f 2488/1048/2372 2493/2784/2372 2494/1046/2372
f 2497/2782/504 2487/1644/1606 2488/1048/965
f 2498/1047/505 2497/2782/504 2488/1048/965
f 2499/1125/1048 2489/2785/2005 2495/273/217
f 2489/2785/2005 2481/1049/966 2495/273/217
f 2499/1125/1048 2495/273/217 2500/272/216
f 2482/227/180 2485/1730/1724 2491/2338/2060
f 2482/227/180 2491/2338/2060 2490/274/218
f 2481/1049/966 2482/227/180 2490/274/218
f 3764/373/307 3761/839/758 3762/824/744
f 4889/123/967 4888/1659/1630 4885/1050/968
f 1888/454/381 1887/456/383 1884/685/603
f 3002/1053/971 3003/2635/2200 3006/654/972
f 3385/1058/978 3382/1763/1762 3383/1056/976
f 3382/1763/1762 3379/1481/1434 3380/1482/1435
f 3383/1056/976 3382/1763/1762 3380/1482/1435
f 3503/1215/1133 3502/2786/2373 3492/960/866
f 3502/2786/2373 3499/2787/2374 3492/960/866
f 3499/2787/2374 3491/2737/2321 3492/960/866
f 3492/960/2375 3496/2788/2375 3497/813/2375
f 3501/1059/980 3503/1215/1133 3492/960/866
f 3747/820/981 3750/821/741 3749/804/718
f 4607/107/2376 4608/2207/2376 4602/106/2376
f 4602/106/984 4603/2206/2377 4613/2693/1094
f 4603/2206/2377 4604/1142/1064 4613/2693/1094
f 4602/106/984 4613/2693/1094 4612/867/982
f 2510/950/333 2513/2789/163 2512/217/162
f 1923/1463/1412 1924/1465/1414 1937/1061/68
f 1937/1061/68 1942/722/643 1941/864/787
f 1941/864/787 1936/2357/2075 1931/295/237
f 1937/1061/68 1941/864/787 1931/295/237
f 1927/294/70 1923/1463/1412 1937/1061/68
f 4579/2613/2179 4587/99/2378 4578/101/518
f 4587/99/2378 4593/105/1721 4578/101/518
f 4578/101/518 4593/105/1721 4592/790/985
f 3251/1063/987 3248/2477/2379 3249/1064/988
f 3527/1065/989 3526/2790/2380 3523/656/570
f 2305/1162/1085 2309/1907/1946 2308/2791/2284
f 2308/2791/2284 2299/2792/2285 2305/1162/1085
f 2299/2792/2285 2290/1066/537 2300/1068/991
f 2305/1162/1085 2299/2792/2285 2300/1068/991
f 2290/1066/537 2291/1894/1933 2295/1067/990
f 2291/1894/2185 2296/2793/2185 2295/1067/2185
f 2295/1067/2381 2301/2794/2381 2300/1068/2381
f 2183/628/537 2184/619/532 2188/629/992
f 2184/619/2382 2189/697/2382 2188/629/2382
f 2188/629/2383 2194/2619/2383 2193/145/2383
f 2193/145/104 2192/144/103 2183/628/537
f 2568/775/687 2569/1081/1006 2572/1069/993
f 2199/889/674 2185/1898/1062 2186/748/663
f 2199/889/674 2186/748/663 2191/630/2252
f 2199/889/674 2191/630/2252 2196/476/994
f 1582/617/530 1581/2537/2117 1578/90/64
f 2022/1070/996 2023/2771/2362 2026/324/261
f 1807/645/2281 1806/751/270 1799/766/678
f 3770/137/98 3767/371/1604 3768/1071/997
f 3760/896/810 3761/839/758 3764/373/307
f 1783/1637/1063 1784/2680/1062 1798/767/674
f 1787/885/1992 1783/1637/1063 1798/767/674
f 1792/886/804 1787/885/1992 1798/767/674
f 2056/1074/58 1730/319/256 1729/427/356
f 2558/1075/1000 2559/2795/2384 2562/1076/1001
f 2565/1078/1003 2562/1076/1001 2563/1079/1004
f 2569/1081/1006 2568/775/687 2565/1078/1003
f 2036/2/2 2035/1/1 2032/783/695
f 3977/209/165 3973/417/346 3974/418/347
f 3066/1086/1011 3069/210/1149 3068/208/1012
f 1976/1141/1063 1977/1140/1062 1991/762/674
f 1980/935/1013 1976/1141/1063 1991/762/674
f 1980/935/1013 1991/762/674 1990/835/755
f 1739/1030/946 1744/2796/2385 1748/246/196
f 1748/246/196 1747/245/195 1738/1087/1014
f 2724/2797/2386 2725/1089/1015 2729/1088/357
f 2725/1089/1015 2726/1083/1008 2730/1090/1016
f 1563/1309/1251 1562/2798/2387 1557/1310/1252
f 1562/2798/2387 1552/1091/1017 1557/1310/1252
f 1558/1092/1018 1557/1310/1252 1552/1091/1017
f 2583/1093/1019 2587/1096/1022 2586/1094/1020
f 2587/1096/1022 2583/1093/1019 2584/1097/1023
f 4305/1101/1027 4306/1863/1898 4121/1099/1025
f 4120/1100/1026 4119/1542/1497 4305/1101/1027
f 4568/1102/1028 4571/1288/1219 4570/1103/1029
f 1684/515/433 1685/291/233 1688/740/657
f 1615/1105/1031 1616/2799/2388 1625/1106/1032
f 1625/1106/1032 1624/907/824 1614/906/823
f 1624/907/2301 1619/2712/2302 1614/906/2299
f 1619/2712/2302 1620/2711/2300 1614/906/2299
f 4734/538/1035 4911/380/314 4735/874/1033
f 4911/380/314 4912/2524/2105 4735/874/1033
f 4735/874/1033 4738/714/635 4737/1107/1034
f 1593/1108/150 1598/2800/150 1603/448/150
f 1603/448/375 1602/447/374 1597/1109/1037
f 1597/1109/1037 1587/2801/2389 1592/1110/1038
f 1587/2801/2390 1588/2802/2390 1592/1110/2390
f 1593/1108/1036 1603/448/375 1597/1109/1037
f 2342/2803/226 2343/653/567 2348/652/566
f 2337/2516/2391 2338/2804/2391 2342/2803/2391
f 2358/1113/592 2347/2517/2029 2342/2803/226
f 2347/2517/2029 2337/2516/2028 2342/2803/226
f 2358/1113/592 2342/2803/226 2348/652/566
f 2358/1113/592 2348/652/566 2353/651/565
f 2358/1113/592 2353/651/565 2354/1111/861
f 4038/1114/1040 4039/1371/1315 4042/933/845
f 2076/848/768 2075/810/728 2072/945/853
f 1900/1117/1043 1903/1857/1892 1899/721/647
f 1903/1857/1892 1902/1713/1699 1899/721/647
f 1899/721/647 1896/695/612 1900/1117/1043
f 2635/871/794 2625/2595/2005 2631/583/281
f 2625/2595/2005 2617/1118/1044 2631/583/281
f 2635/871/794 2631/583/281 2636/582/500
f 2618/987/902 2621/1280/1211 2627/2602/2169
f 2618/987/902 2627/2602/2169 2626/584/501
f 2617/1118/1044 2618/987/902 2626/584/501
f 2752/1121/1047 2753/859/783 2760/1119/1045
f 2753/859/783 2761/2686/2005 2766/1864/964
f 2760/1119/1045 2753/859/783 2766/1864/964
f 2761/2686/2005 2771/1866/794 2766/1864/964
f 2771/1866/794 2770/589/505 2766/1864/964
f 2766/1864/2392 2765/2805/2392 2760/1119/2392
f 2759/1120/10 2756/2806/10 2752/1121/10
f 2639/870/173 2642/734/201 2641/1122/509
f 2500/272/216 2501/2339/1094 2504/2807/503
f 2504/2807/503 2503/1124/173 2500/272/216
f 3989/1126/1049 3990/983/898 3993/982/897
f 3261/874/1783 3266/596/2393 3264/1129/1052
f 3266/596/2393 3270/636/548 3264/1129/1052
f 3270/636/548 3269/210/550 3267/1128/1051
f 3267/1128/1051 3263/199/1210 3264/1129/1052
f 3264/1129/1052 3260/1545/1501 3261/874/1783
f 4505/1130/1053 4504/1354/1304 4501/1131/1054
f 2778/574/201 2781/2594/334 2780/1133/170
f 4488/1135/1056 4489/556/471 4492/1136/1057
f 4095/123/84 4094/1659/1630 4091/1050/968
f 2644/1138/170 2645/2660/334 2648/883/162
f 2648/883/162 2645/2660/334 2646/733/333
f 2198/1045/1061 2199/889/674 2207/609/270
f 1976/1141/1063 1975/934/537 1972/1363/171
f 1972/1363/171 1973/744/162 1976/1141/1063
f 4594/439/1066 4595/2544/2394 4604/1142/1064
f 4604/1142/1064 4603/2206/2377 4597/1143/1065
f 4907/1144/1067 4904/9/9 4905/869/792
f 3766/1145/1068 3767/371/1604 3770/137/98
f 4364/1147/1070 4361/2808/2395 4352/288/229
f 4361/2808/2395 4351/17/1835 4352/288/229
f 4362/1225/1147 4365/1226/1146 4358/287/228
f 4365/1226/1146 4364/1147/1070 4358/287/228
f 4358/287/228 4359/1352/2069 4362/1225/1147
f 2184/619/532 2185/1898/1062 2199/889/674
f 2188/629/1071 2184/619/532 2199/889/674
f 2188/629/1071 2199/889/674 2198/1045/1061
f 2041/1928/1973 2042/1927/1972 2043/1149/1074
f 2042/1927/1972 2045/1148/1072 2043/1149/1074
f 2045/1148/1072 2053/1407/1349 2052/796/1073
f 2052/796/1073 2047/794/2396 2043/1149/1074
f 2108/1150/1075 2109/838/757 2112/839/758
f 3859/127/2397 3860/126/2398 3863/750/2399
f 3864/749/2400 3868/1287/2400 3869/1890/2400
f 3855/128/2397 3859/127/2397 3863/750/2399
f 3867/2809/2254 3854/2236/2255 3855/128/1076
f 3874/283/868 3873/1151/1078 3864/749/1603
f 3873/1151/1078 3867/2809/2254 3855/128/1076
f 3864/749/1603 3873/1151/1078 3863/750/1077
f 3869/1890/150 3872/507/150 3874/283/150
f 3864/749/1603 3869/1890/2401 3874/283/868
f 1819/2666/2402 1820/2810/2402 1816/1153/2402
f 1817/1154/2403 1812/2811/2404 1813/2812/2405
f 1817/1154/2403 1813/2812/2405 1807/645/2405
f 1807/645/558 1808/2627/2195 1821/2813/2296
f 1821/2813/2296 1825/1152/869 1807/645/558
f 1825/1152/869 1824/482/403 1816/1153/789
f 1824/482/10 1822/2814/10 1819/2666/10
f 1824/482/403 1819/2666/2406 1816/1153/789
f 1817/1154/806 1807/645/558 1825/1152/869
f 4387/13/11 4384/318/2407 4385/14/1079
f 3541/1155/1080 3538/2815/2408 3539/518/438
f 1665/1158/1083 1671/2816/2409 1676/1157/1082
f 1671/2816/2409 1681/2353/2410 1676/1157/1082
f 1681/2353/2411 1680/2817/2411 1676/1157/2411
f 1676/1157/1082 1675/1529/1485 1664/72/52
s 0
f 1222/1937/150 1223/1938/150 1224/1456/150
f 1225/1935/150 1226/1936/150 1227/1934/150
f 1222/1937/150 1224/1456/150 1225/1935/150
f 1221/1939/150 1222/1937/150 1225/1935/150
f 1225/1935/150 1227/1934/150 1228/1933/150
f 1221/1939/150 1225/1935/150 1216/231/150
f 1225/1935/150 1228/1933/150 1216/231/150
f 1220/1946/150 1221/1939/150 1216/231/150
f 1219/1940/150 1220/1946/150 1216/231/150
f 1217/1942/150 1218/1941/150 1219/1940/150
f 1244/1944/150 1245/1943/150 1230/1945/150
f 1245/1943/150 1216/231/150 1229/284/150
f 1216/231/150 1217/1942/150 1219/1940/150
f 1235/1952/150 1236/1953/150 1238/1951/150
f 1236/1953/150 1237/1931/150 1238/1951/150
f 1238/1951/150 1239/1949/150 1235/1952/150
f 1239/1949/150 1240/1948/150 1234/1950/150
f 1240/1948/150 1241/10/150 1233/11/150
f 1234/1950/150 1240/1948/150 1233/11/150
f 1241/10/150 1242/1159/150 1232/12/150
f 1242/1159/150 1243/1947/150 1231/1160/150
f 1231/1160/150 1243/1947/150 1230/1945/150
f 1243/1947/150 1244/1944/150 1230/1945/150
f 1245/1943/150 1229/284/150 1230/1945/150
f 1216/231/150 1228/1933/150 1229/284/150
f 1234/1950/150 1235/1952/150 1239/1949/150
f 1232/12/150 1233/11/150 1241/10/150
s 1
f 2313/1161/1084 2309/1907/1946 2305/1162/1085
f 2305/1162/1085 2306/1635/674 2314/1163/270
f 3775/798/712 3772/1643/1619 3773/139/100
f 1948/863/786 1947/2818/2048 1940/1164/1086
f 1940/1164/1086 1935/2358/2076 1936/2357/2075
f 1936/2357/2075 1941/864/787 1940/1164/1086
f 2702/779/691 2699/2819/2412 2700/1034/950
f 2699/2819/2412 2696/2820/2413 2700/1034/950
f 2696/2820/2413 2697/1885/1924 2700/1034/950
f 4283/1167/1089 4289/1606/1564 4288/599/513
f 4283/1167/1089 4288/599/513 4287/1165/1087
f 2709/1168/1090 2706/2681/2264 2707/191/151
f 1634/459/386 1631/1692/1671 1632/1169/1091
f 1603/448/375 1604/2821/2414 1609/2822/2415
f 1609/2822/2415 1616/2799/2388 1615/1105/1031
f 1603/448/375 1609/2822/2415 1615/1105/1031
f 2639/870/173 2640/2694/503 2643/735/200
f 1772/1173/503 1771/220/173 1768/341/280
f 1771/220/173 1767/2268/794 1768/341/280
f 2722/1082/1007 2726/1083/1008 2725/1089/1015
f 3253/1175/1096 3252/701/621 3249/1064/988
f 4034/830/1099 4037/1594/1549 4036/1723/1712
f 4036/1723/1712 4033/841/1715 4034/830/1099
f 4033/841/1715 4030/844/795 4034/830/1099
f 2968/9/1100 2965/1137/1058 2966/1136/1057
f 4694/335/274 4699/2462/2092 4713/719/1727
f 4699/2462/2092 4708/2461/2091 4713/719/1727
f 4708/2461/2091 4718/1732/2090 4713/719/1727
f 4718/1732/2416 4717/2656/2416 4713/719/2416
f 4713/719/1727 4712/263/616 4707/262/615
f 4713/719/1727 4707/262/615 4694/335/274
f 4707/262/615 4698/261/614 4694/335/274
f 4693/180/704 4694/335/274 4698/261/614
f 2674/333/270 2687/2460/2088 2682/1178/1102
f 2673/763/1060 2674/333/270 2681/764/676
f 1876/1179/886 1877/662/526 1880/672/329
f 3945/157/116 3946/156/115 3949/1180/1103
f 3042/1102/10 3040/2823/10 3037/1181/10
f 3038/1182/1105 3039/69/49 3043/1183/1106
f 3043/1183/1106 3042/1102/1253 3037/1181/1104
f 3462/1184/526 3461/1524/886 3453/298/240
f 3461/1524/886 3452/2362/2057 3453/298/240
f 3458/2824/2417 3459/2825/2417 3454/1185/2417
f 3459/2825/880 3462/1184/526 3454/1185/1107
f 2763/2210/2007 2764/108/75 2773/2826/1094
f 2762/860/784 2763/2210/2007 2773/2826/1094
f 2762/860/784 2773/2826/1094 2772/1186/216
f 2156/1188/10 2153/2827/10 2149/790/10
f 2149/790/1110 2150/105/643 2157/1187/1108
f 2150/105/643 2158/2208/2005 2163/1426/1375
f 2157/1187/1108 2150/105/643 2163/1426/1375
f 2158/2208/2005 2168/1610/794 2163/1426/1375
f 2168/1610/794 2167/727/1376 2163/1426/1375
f 2163/1426/2167 2162/2828/2167 2157/1187/2167
f 1958/2534/504 1947/2818/2048 1948/863/786
f 1958/2534/504 1948/863/786 1949/862/785
f 1959/414/345 1958/2534/504 1949/862/785
f 4762/1190/1111 4761/1352/1302 4758/330/267
f 1765/2267/504 1754/2281/2048 1755/244/194
f 1765/2267/504 1755/244/194 1756/581/499
f 1766/219/172 1765/2267/504 1756/581/499
f 2944/1192/1112 2941/1725/1716 2942/1193/1113
f 1774/251/201 1777/403/334 1776/1195/170
f 4488/1135/1056 4485/22/1205 4486/554/469
f 3293/1429/1381 3292/2829/2418 3290/43/271
f 3292/2829/2418 3289/2582/2419 3290/43/271
f 3289/2582/2419 3286/488/1115 3290/43/271
f 4451/1198/1118 4452/1262/1187 4456/170/130
f 4451/1198/1118 4456/170/130 4455/169/129
s 0
f 1150/1199/150 1151/2330/150 1119/1200/150
s 1
f 2529/74/150 2533/2830/150 2537/133/150
f 2537/133/1119 2536/2831/2420 2532/2832/2421
f 2532/2832/2421 2523/2833/2422 2537/133/1119
f 2523/2833/2422 2524/75/55 2537/133/1119
f 4627/619/532 4628/1898/1062 4642/889/805
f 4631/629/963 4627/619/532 4642/889/805
f 4631/629/963 4642/889/805 4641/1045/1120
f 3322/1754/1754 3323/1810/1400 3330/267/214
f 3322/1754/1754 3330/267/214 3329/670/584
f 3321/1203/1123 3322/1754/1754 3329/670/584
f 3084/1204/1124 3085/1330/1275 3088/1205/1125
f 2792/729/651 2789/730/652 2790/728/650
f 4042/933/845 4039/1371/1315 4040/782/1127
f 3122/770/682 3125/1208/1129 3121/768/680
f 3125/1208/1129 3128/918/1474 3127/1517/1473
f 3124/1207/1128 3125/1208/1129 3127/1517/1473
f 4105/1211/1742 4104/1932/1977 4099/1209/1394
f 4104/1932/1977 4101/1921/1962 4099/1209/1394
f 4101/1921/1962 4098/1922/1963 4099/1209/1394
f 4854/421/888 4853/680/887 4850/1212/1130
f 3509/2834/2423 3508/2835/2424 3506/1216/1134
f 3508/2835/2424 3505/1214/1132 3506/1216/1134
f 3505/1214/1132 3502/2786/2373 3503/1215/1133
f 2814/597/511 2815/1917/1959 2821/1916/1958
f 2821/1916/1958 2820/2836/2425 2814/597/511
f 2820/2836/2425 2813/2837/2426 2814/597/511
f 2813/2837/2426 2808/1128/2427 2814/597/511
f 4330/1128/2428 4335/2837/2429 4334/1218/1173
f 4335/2837/2429 4342/2836/2430 4334/1218/1173
f 4342/2836/2430 4341/902/1767 4334/1218/1173
f 4341/902/1767 4333/901/1832 4334/1218/1173
f 4743/1180/1137 4740/156/115 4741/715/636
f 4063/990/905 4064/855/779 4068/382/778
f 3477/1855/1888 3478/1502/1459 3480/1222/1140
f 3480/1222/1140 3484/103/2431 3487/958/864
f 3484/103/2432 3483/2838/2432 3487/958/2432
f 3487/958/864 3486/2738/2322 3481/563/1141
f 3481/563/1141 3477/1855/1888 3480/1222/1140
f 3011/2181/2433 3008/1224/1143 3012/1223/1142
f 3008/1224/1143 3005/1054/973 3009/190/149
f 3005/1054/973 3006/654/972 3009/190/149
f 2842/1147/1070 2839/2808/2395 2830/288/1287
f 2839/2808/2395 2829/17/15 2830/288/1287
f 2842/1147/1070 2830/288/1287 2836/287/1144
f 2830/288/2434 2831/2352/2434 2836/287/2434
f 2836/287/1144 2837/1352/2435 2840/1225/1145
f 2843/1226/1146 2842/1147/1070 2836/287/1144
f 4360/1227/2436 4355/2839/2436 4356/1815/2436
f 4356/1815/1823 4357/698/1824 4363/2840/2437
f 4363/2840/2437 4366/1823/1842 4356/1815/1823
f 4366/1823/1842 4365/1226/1146 4360/1227/1148
f 4362/1225/1147 4359/1352/2069 4360/1227/1148
f 4366/1823/1842 4360/1227/1148 4356/1815/1823
f 2334/2841/1451 2331/375/309 2340/966/877
f 2331/375/309 2332/1228/227 2340/966/877
f 2332/1228/227 2337/2516/402 2341/1229/560
f 2339/2745/1720 2334/2841/1451 2340/966/877
f 2819/902/819 2820/2836/2425 2826/1819/1834
f 2819/902/819 2826/1819/1834 2825/16/14
f 3071/338/277 3068/208/1012 3069/210/1149
f 4376/30/1153 4375/29/1871 4374/1231/1151
f 4374/1231/1151 4371/681/1202 4372/1232/1152
f 4115/379/793 4118/2524/2105 4117/380/314
f 2448/1234/1155 2447/2570/2138 2444/1019/937
f 2444/1019/937 2441/1018/936 2445/1233/1154
f 2441/1018/936 2442/1438/1392 2445/1233/1154
f 4379/317/921 4378/900/1157 4380/28/1156
f 4378/900/1157 4375/29/1871 4376/30/1153
f 4384/318/2407 4382/1235/1158 4385/14/1079
f 4382/1235/1158 4379/317/921 4380/28/1156
f 2419/1236/1159 2420/999/917 2423/1237/1160
f 4393/391/323 4391/392/324 4398/393/1780
f 4391/392/324 4387/13/11 4398/393/1780
f 4387/13/11 4388/15/13 4398/393/1780
f 4388/15/13 4390/2529/2438 4398/393/1780
f 4390/2529/2438 4399/663/576 4398/393/1780
f 1693/537/452 1690/739/656 1691/741/658
f 3339/2842/2049 3334/2843/2050 3328/1202/1122
f 3334/2843/2050 3327/1454/1407 3328/1202/1122
f 3328/1202/1122 3329/670/584 3339/2842/2049
f 3340/1241/1165 3339/2842/2049 3329/670/584
f 4406/682/600 4403/211/167 4404/212/168
f 4404/212/168 4407/802/716 4406/682/600
f 4407/802/716 4410/49/38 4409/1242/1166
f 3930/918/329 3927/611/526 3928/917/575
f 4417/1244/1167 4416/1248/1171 4413/51/40
f 3404/1245/1168 3407/1490/1445 3406/1246/1169
f 4418/1247/1170 4415/1495/1452 4416/1248/1171
f 2893/853/775 2894/1523/1480 2897/854/776
f 4320/1807/1815 4321/1806/1814 4324/2607/1284
f 4327/598/512 4330/1128/2173 4334/1218/1173
f 4320/1807/1815 4324/2607/1284 4323/1249/1172
f 4324/2607/1284 4327/598/512 4323/1249/1172
f 4332/1817/1831 4326/2844/2439 4333/901/1832
f 4326/2844/2439 4323/1249/1172 4334/1218/1173
f 4333/901/1832 4326/2844/2439 4334/1218/1173
f 2666/892/674 2652/1553/1062 2653/747/661
f 2666/892/674 2653/747/661 2658/746/2440
f 2666/892/674 2658/746/2440 2663/1250/1174
f 4428/80/60 4425/1253/1860 4426/1251/1175
f 2902/80/60 2901/130/91 2898/129/90
f 4437/1254/1179 4436/1255/1180 4433/488/679
f 4433/488/679 4430/79/59 4431/81/61
f 4431/81/61 4434/1197/1178 4433/488/679
f 4436/1255/1180 4437/1254/1179 4440/535/450
f 4440/535/450 4437/1254/1179 4438/1256/1181
f 2925/1198/456 2924/23/1117 2921/1258/1184
f 2924/23/1117 2919/1259/1185 2921/1258/1184
f 2919/1259/1185 2916/2582/2151 2917/43/35
f 2917/43/35 2922/382/1183 2919/1259/1185
f 2515/1261/1186 2514/1848/537 2511/218/171
f 2511/218/171 2512/217/162 2515/1261/1186
f 2972/997/914 2971/1847/1878 2968/9/1100
f 2922/382/1183 2926/1262/1187 2925/1198/456
f 2923/542/457 2927/541/1118 2926/1262/1187
f 3304/1263/1188 3300/1699/1678 3301/1264/1189
f 2939/828/749 2940/952/860 2943/1265/1191
f 1659/491/2441 1653/2845/2441 1652/1266/2441
f 1654/2846/2442 1661/334/411 1660/493/410
f 1654/2846/2442 1660/493/410 1647/2847/2443
f 1660/493/410 1659/491/408 1647/2847/2443
f 1646/1267/1193 1647/2847/2443 1659/491/408
f 2935/1268/1194 2936/829/750 2939/828/749
f 2942/1193/1113 2943/1265/1191 2946/1270/1196
f 4470/1192/1112 4467/1725/1716 4468/1193/1113
f 1577/426/355 1574/2848/2444 1575/88/62
f 4201/423/352 4200/1902/1942 4194/1271/1197
f 4194/1271/1197 4191/2849/2445 4197/424/353
f 4191/2849/2445 4192/711/632 4195/756/670
f 4195/756/670 4198/2275/2042 4197/424/353
f 4191/2849/2445 4195/756/670 4197/424/353
f 3146/1272/632 3143/2710/2298 3144/1273/1198
f 4484/1275/1201 4483/164/124 4480/123/123
f 4480/123/123 4477/431/360 4478/430/359
f 4478/430/359 4481/125/1200 4480/123/123
f 2957/164/124 2958/1275/1201 2961/812/730
f 4371/681/1202 4368/210/1420 4369/636/1203
f 4472/1270/1196 4475/1276/1204 4471/1194/1114
f 4475/1276/1204 4478/430/359 4474/432/361
f 4478/430/359 4477/431/360 4474/432/361
f 2960/554/469 2963/556/471 2962/1135/1056
f 4490/555/470 4493/1869/1906 4492/1136/1057
f 3128/918/1474 3125/1208/1129 3129/1243/1207
f 3125/1208/1129 3122/770/682 3123/1351/1301
f 3126/1277/1206 3125/1208/1129 3123/1351/1301
f 3262/1278/1208 3258/2850/1385 3259/875/1209
f 4492/1136/1057 4493/1869/1906 4496/996/913
f 2618/987/902 2619/2851/2446 2628/1279/75
f 2628/1279/75 2627/2602/2169 2621/1280/1211
f 4259/1281/1212 4255/2852/2447 4258/1282/1213
f 4255/2852/2447 4256/2853/2448 4258/1282/1213
f 4258/1282/1213 4262/1795/1800 4261/1283/1214
f 4265/2854/2449 4264/2855/2450 4261/1283/1214
f 4264/2855/2450 4259/1281/1212 4261/1283/1214
f 3312/1284/1215 3319/2856/2451 3325/1285/1216
f 3319/2856/2451 3326/1851/1469 3325/1285/1216
f 3317/2857/2452 3311/1747/2453 3324/1286/2454
f 3311/1747/1745 3312/1284/1215 3324/1286/1217
f 3324/1286/2454 3318/2858/2455 3317/2857/2452
f 4667/506/424 4658/474/2456 4653/127/88
f 4658/474/2456 4648/2236/2457 4653/127/88
f 4648/2236/2457 4649/128/89 4653/127/88
f 4667/506/424 4653/127/88 4654/126/87
f 4665/1890/2009 4668/507/425 4664/1287/1218
f 4668/507/425 4667/506/424 4664/1287/1218
f 4571/1288/1219 4572/1311/1254 4502/1132/1055
f 2979/1130/1053 2978/1354/1304 2975/1131/1054
f 2125/138/1220 2124/139/100 2121/137/98
f 3655/1026/944 3654/1025/943 3648/1289/1221
f 3032/786/698 3036/1307/1970 3035/1308/1248
f 3035/1308/1248 3028/1291/1223 3032/786/698
f 4620/258/170 4621/635/334 4624/259/162
f 3512/1294/1226 3509/2834/2423 3510/1771/1774
f 3510/1771/1774 3513/2859/2458 3512/1294/1226
f 3513/2859/2458 3516/1292/1224 3512/1294/1226
f 2993/1295/1228 2992/213/1442 2987/620/1227
f 2992/213/1442 2991/2173/2180 2986/621/535
f 2987/620/1227 2992/213/1442 2986/621/535
f 2994/979/1231 2993/1295/1228 2989/1852/2026
f 2993/1295/1228 2988/173/133 2989/1852/2026
f 2989/1852/2026 2990/1296/1229 2994/979/1231
f 2994/979/2459 2998/980/2459 2997/214/2459
f 3249/1064/988 3248/2477/2379 3245/1298/1233
f 4477/431/360 4476/2243/2024 4474/432/361
f 4476/2243/2024 4473/1300/1235 4474/432/361
f 4473/1300/1235 4470/1192/1112 4471/1194/1114
f 2326/1434/2460 2320/2860/2460 2321/984/2460
f 2321/984/899 2322/2752/2341 2333/1301/1236
f 2328/2520/2461 2329/2861/2461 2325/1302/2461
f 2326/1434/1386 2321/984/899 2333/1301/1236
f 2332/1228/227 2328/2520/2325 2325/1302/789
f 2325/1302/789 2326/1434/1386 2333/1301/1236
f 3680/1303/1237 3683/2862/2462 3682/276/220
f 2995/1297/1230 3000/2863/2463 2994/979/1231
f 3000/2863/2463 3004/655/569 3001/1488/1443
f 2994/979/1231 3000/2863/2463 3001/1488/1443
f 3004/655/569 3003/2635/2200 3001/1488/1443
f 3001/1488/1443 2997/214/2464 2994/979/1231
f 2181/259/162 2178/635/334 2179/690/333
f 4426/1251/1175 4425/1253/1860 4422/195/154
f 3006/654/972 3003/2635/2200 3004/655/569
f 4568/1102/10 4566/2823/10 4563/1181/10
f 4564/1182/1240 4565/69/49 4569/1183/1241
f 4569/1183/1241 4568/1102/1028 4563/1181/1239
f 3024/115/79 3031/68/48 3027/1305/1242
f 3031/68/48 3030/1861/1988 3027/1305/1242
f 3023/116/80 3024/115/79 3027/1305/1242
f 4551/788/1245 4555/787/1250 4554/1291/1223
f 4551/788/1245 4554/1291/1223 4548/2244/2027
f 4551/788/1245 4548/2244/2027 4549/116/140
f 4561/1308/1248 4554/1291/1223 4558/786/1246
f 4554/1291/1223 4555/787/1250 4558/786/1246
f 4565/69/49 4564/1182/1240 4560/67/1249
f 4560/67/1249 4556/1861/1896 4557/68/48
f 3038/1182/1105 3037/1181/1104 3033/2682/2265
f 3033/2682/2265 3026/1306/1243 3027/1305/1242
f 3038/1182/1105 3033/2682/2265 3027/1305/1242
f 3027/1305/1242 3030/1861/1988 3034/67/47
f 4551/788/1245 4552/1306/1244 4559/2682/2465
f 4559/2682/2465 4563/1181/1239 4562/1307/1247
f 4551/788/1245 4559/2682/2465 4562/1307/1247
f 4562/1307/1247 4558/786/1246 4555/787/1250
f 4567/1104/1030 4561/1308/1248 4562/1307/1247
f 4563/1181/1239 4568/1102/1028 4567/1104/1030
f 1554/19/17 1559/2528/2110 1558/1092/1018
f 1559/2528/2110 1569/1374/2109 1564/1373/1317
f 1569/1374/2466 1568/2864/2466 1564/1373/2466
f 1559/2528/2110 1564/1373/1317 1558/1092/1018
f 1558/1092/1018 1553/20/18 1554/19/17
f 1558/1092/1018 1564/1373/1317 1563/1309/1251
f 3042/1102/1253 3043/1183/1106 3046/1311/1254
f 3045/1288/1219 2975/1131/1054 2974/1312/1255
f 3048/875/908 3051/122/83 3050/1313/1256
f 3048/875/908 3049/874/2467 3052/120/81
f 3055/1314/1257 3058/1414/1356 3057/1315/1258
f 2457/1316/1259 2460/1838/1865 2459/1317/1260
f 4231/1318/1261 4228/2865/1950 4229/161/120
f 2530/73/53 2516/1260/1062 2517/939/848
f 2530/73/53 2517/939/848 2522/938/2252
f 2530/73/53 2522/938/2252 2527/1320/1263
f 2079/66/46 2076/848/768 2077/846/766
f 3746/826/747 3743/841/1610 3744/830/751
f 3904/261/2468 3909/2285/2469 3912/2286/2470
f 3904/261/2468 3912/2286/2470 3913/262/2471
f 3898/2287/1976 3899/180/874 3903/873/1558
f 3908/2288/2056 3898/2287/1976 3903/873/1558
f 3908/2288/2056 3903/873/1558 3917/2289/2057
f 3903/873/1558 3904/261/1265 3917/2289/2057
f 3918/263/616 3917/2289/2057 3904/261/1265
f 3093/1322/1267 3098/2866/2472 3102/1013/931
f 3098/2866/2472 3103/1340/1285 3102/1013/931
f 2044/1323/1268 2040/2867/2473 2043/1149/1074
f 2040/2867/2473 2041/1928/1973 2043/1149/1074
f 2043/1149/1074 2047/794/2396 2050/603/517
f 2050/603/517 2049/602/516 2044/1323/1268
f 3069/210/1149 3070/636/1565 3073/1324/1269
f 4089/1325/1270 4092/1051/1059 4091/1050/968
f 3084/1204/1124 3083/2868/2474 3080/1327/1272
f 3084/1204/1124 3081/1328/1273 3082/1329/1274
f 3100/1333/1278 3099/2869/2475 3094/2870/2476
f 3094/2870/2476 3089/1844/1876 3100/1333/1278
f 3089/1844/1876 3090/1331/1276 3100/1333/1278
f 3091/2769/2360 3096/1014/932 3090/1331/1276
f 3096/1014/932 3101/1334/1279 3090/1331/1276
f 3101/1334/1279 3100/1333/1278 3095/1332/1277
f 4752/160/119 4755/328/265 4754/197/156
f 3104/1335/1280 3099/2869/2475 3100/1333/1278
f 3102/1013/931 3107/1341/1286 3111/1337/1282
f 3111/1337/1282 3110/1398/1339 3106/1774/2477
f 3106/1774/2477 3101/1334/1279 3111/1337/1282
f 2603/667/580 2602/2644/2209 2596/2871/2478
f 2593/2872/2479 2585/1831/1857 2586/1094/1020
f 2603/667/580 2596/2871/2478 2604/2873/2480
f 2596/2871/2478 2593/2872/2479 2604/2873/2480
f 2600/2753/2481 2599/2874/2481 2604/2873/2481
f 2586/1094/2482 2590/2875/2482 2591/1338/2482
f 2604/2873/2480 2593/2872/2479 2595/1339/1284
f 2593/2872/2479 2586/1094/1020 2595/1339/1284
f 2595/1339/150 2598/2876/150 2600/2753/150
f 2600/2753/2483 2604/2873/2480 2595/1339/1284
f 3103/1340/1285 3108/663/2484 3107/1341/1286
f 2826/1819/1834 2832/2351/2485 2836/287/1144
f 2832/2351/2485 2837/1352/2435 2836/287/1144
f 2825/16/14 2826/1819/1834 2836/287/1144
f 3674/1342/1288 3677/1628/1589 3676/1343/1289
f 4885/1050/968 4882/1326/1271 4883/1325/1290
f 3367/1344/1291 3368/253/203 3371/1345/1292
f 4899/1211/10 4896/1210/10 4893/1209/10
f 4893/1209/1296 4894/1440/1395 4897/1441/1396
f 4897/1441/1396 4900/1347/1294 4893/1209/1296
f 3355/1348/1297 3356/2877/2486 3359/1349/1298
f 2130/32/1300 2129/557/473 2287/928/840
f 3119/769/681 3120/956/862 3123/1351/1301
f 2887/51/40 2888/50/39 2891/1244/1167
f 3964/330/267 3965/329/927 3968/1190/1111
f 4503/1353/1303 4500/1312/1255 4501/1131/1054
f 2065/833/753 2068/832/752 2067/314/843
f 4421/196/155 4418/1247/1170 4419/853/775
f 2933/171/131 2936/829/750 2932/1968/2025
f 2936/829/750 2935/1268/1194 2932/1968/2025
f 2932/1968/2025 2929/169/129 2933/171/131
f 3156/1356/1306 3159/2878/2487 3158/2278/2045
f 3158/2278/2045 3155/2277/2044 3156/1356/1306
f 3155/2277/2044 3152/243/193 3156/1356/1306
f 1697/2581/2150 1693/537/452 1698/551/466
f 1693/537/452 1694/1240/1163 1698/551/466
f 2665/1671/150 2669/2879/150 2673/763/150
f 2673/763/675 2672/2677/2255 2668/2880/2488
f 2660/627/539 2665/1671/1644 2673/763/675
f 2673/763/675 2668/2880/2488 2659/1357/103
f 3136/771/683 3137/773/685 3140/897/811
f 3140/897/811 3143/2710/2298 3139/1358/1307
f 3143/2710/2298 3142/1392/1334 3139/1358/1307
f 4171/1361/1310 4174/499/417 4173/1359/1308
f 4174/499/417 4177/238/188 4176/2276/2043
f 4173/1359/1308 4174/499/417 4176/2276/2043
f 1969/1362/170 1970/525/334 1973/744/162
f 1587/2801/2489 1584/433/362 1592/1110/1038
f 1584/433/362 1585/618/531 1592/1110/1038
f 1585/618/531 1594/2881/2490 1593/1108/1036
s 0
f 1545/472/150 1546/2262/150 1549/2256/150
f 1546/2262/150 1548/2263/150 1549/2256/150
f 1549/2256/150 1530/2258/150 1545/472/150
f 1530/2258/150 1531/474/150 1545/472/150
f 1545/472/150 1531/474/150 1532/473/150
f 1544/2565/150 1545/472/150 1535/2564/150
f 1545/472/150 1532/473/150 1533/805/150
f 1545/472/150 1533/805/150 1534/2566/150
f 1543/1364/150 1544/2565/150 1536/1365/150
f 1545/472/150 1534/2566/150 1535/2564/150
f 1540/2560/150 1541/2563/150 1542/2562/150
f 1542/2562/150 1543/1364/150 1540/2560/150
f 1544/2565/150 1535/2564/150 1536/1365/150
f 1539/2561/150 1540/2560/150 1537/1366/150
f 1537/1366/150 1540/2560/150 1543/1364/150
f 1537/1366/150 1538/680/150 1539/2561/150
s 1
f 3077/566/279 3078/567/278 3081/1328/1273
f 3688/96/586 3687/2647/2212 3681/277/221
f 3688/96/586 3681/277/221 3682/276/220
f 1816/1153/789 1819/2666/2088 1806/751/270
f 1806/751/270 1807/645/2281 1817/1154/806
f 3468/10/604 3464/1525/585 3467/1367/328
f 3464/1525/585 3465/1458/329 3467/1367/328
f 3149/1369/1312 3150/305/244 3153/1355/1305
f 3820/725/174 3815/726/504 3816/727/1313
f 3816/727/1313 3817/1610/794 3821/789/791
f 4030/844/795 4027/845/764 4028/843/762
f 3725/848/768 3724/810/728 3721/945/853
f 4829/1370/1314 4830/1723/1712 4833/1371/1315
f 2586/1094/1020 2587/1096/1022 2591/1338/2491
f 4142/1372/2492 4148/2882/2492 4147/256/2492
f 1571/2883/2493 1562/2798/2387 1563/1309/1251
f 1571/2883/2493 1563/1309/1251 1574/2848/2444
f 1563/1309/1251 1564/1373/1317 1574/2848/2444
f 1575/88/62 1574/2848/2444 1564/1373/1317
f 1575/88/62 1564/1373/1317 1572/410/341
s 0
f 255/2227/10 254/2228/10 253/2229/10
f 253/2229/10 252/231/10 255/2227/10
f 252/231/10 275/141/10 257/143/10
f 255/2227/10 252/231/10 257/143/10
f 275/141/10 274/2230/10 273/2231/10
f 273/2231/10 272/2232/10 271/2233/10
f 271/2233/10 270/233/10 275/141/10
f 270/233/10 269/1375/10 275/141/10
f 269/1375/10 268/2234/10 267/2218/10
f 267/2218/10 266/2219/10 265/2220/10
f 265/2220/10 264/232/10 267/2218/10
f 264/232/10 263/142/10 269/1375/10
f 267/2218/10 264/232/10 269/1375/10
f 263/142/10 262/2221/10 261/2222/10
f 261/2222/10 260/2223/10 263/142/10
f 260/2223/10 259/2224/10 263/142/10
f 259/2224/10 258/2225/10 263/142/10
f 258/2225/10 257/143/10 263/142/10
f 257/143/10 256/2226/10 255/2227/10
f 275/141/10 273/2231/10 271/2233/10
f 263/142/10 257/143/10 275/141/10
s 1
f 3185/1376/1319 3188/1384/1326 3187/1377/1320
f 4209/1380/1089 4215/1585/1541 4214/1584/1540
f 4209/1380/1089 4214/1584/1540 4213/1379/1322
f 2291/1894/1933 2292/2265/1062 2306/1635/674
f 2295/1067/1071 2291/1894/1933 2306/1635/674
f 2295/1067/1071 2306/1635/674 2305/1162/1085
f 2607/2884/2494 2619/2851/2446 2614/986/901
f 2619/2851/2446 2618/987/902 2614/986/901
f 2606/1382/1324 2607/2884/2494 2614/986/901
f 2606/1382/1324 2614/986/901 2613/985/900
f 3188/1384/1326 3189/1667/1639 3192/1385/1327
f 3192/1385/1327 3195/502/420 3194/1822/1840
f 3194/1822/1840 3191/1383/1325 3192/1385/1327
f 3936/928/840 3933/922/604 3934/831/603
f 2174/593/509 2171/725/174 2172/789/173
f 1590/1387/1329 1589/1834/1861 1583/434/363
f 1583/434/363 1584/433/362 1591/1386/1328
f 1584/433/362 1587/2801/2489 1591/1386/1328
f 1587/2801/2495 1586/2885/2495 1591/1386/2495
f 3207/1388/1330 3206/2467/2496 3203/1389/1331
f 3207/1388/1330 3204/1390/1332 3205/943/851
f 3142/1392/1334 3143/2710/2298 3146/1272/632
f 3213/1393/1337 3216/1840/1869 3215/1394/1868
f 3217/1396/1336 3216/1840/1869 3213/1393/1337
f 3107/1341/1286 3108/663/2484 3111/1337/1282
f 3108/663/2484 3114/2756/2345 3111/1337/1282
f 3114/2756/2345 3113/988/903 3111/1337/1282
f 3218/1399/1340 3219/1577/1532 3222/1400/1341
f 3225/419/348 3224/2886/2497 3221/1401/1342
f 3997/1403/1344 4000/1420/1697 3993/982/897
f 4000/1420/1697 3999/900/816 3993/982/897
f 3999/900/10 3996/2887/10 3993/982/10
f 4777/470/394 4774/208/164 4775/210/166
f 1913/302/241 1910/34/29 1911/36/31
f 4837/932/844 4840/742/659 4839/63/43
f 3242/1405/1346 3243/2742/2327 3246/1299/1234
f 3246/1299/1234 3243/2742/2327 3244/964/872
f 3249/1064/988 3246/1299/1234 3247/1406/1347
f 4066/1772/1775 4065/383/777 4061/420/1348
f 4065/383/777 4064/855/779 4061/420/1348
f 2055/429/358 2051/2610/2174 2052/796/1073
f 2055/429/358 2052/796/1073 2053/1407/1349
f 3209/1408/1350 3206/2467/2496 3207/1388/1330
f 3936/928/840 3937/33/28 3779/32/27
f 3149/1369/1312 3152/243/193 3151/242/192
f 2986/621/535 2981/1411/1353 2983/1412/1354
f 2981/1411/1353 2977/1353/1303 2980/264/211
f 2977/1353/1303 2978/1354/1304 2980/264/211
f 2980/264/211 2984/174/134 2983/1412/1354
f 2983/1412/1354 2987/620/1227 2986/621/535
f 3060/1413/1355 3057/1315/1258 3058/1414/1356
f 2408/1416/1358 2407/387/319 2404/386/318
f 2698/2776/2366 2697/1885/1924 2695/1419/1361
f 2697/1885/1924 2692/1418/1360 2695/1419/1361
f 3279/15/1363 3278/13/435 3275/900/1364
f 3275/900/1364 3272/637/549 3273/2624/2192
f 3273/2624/2192 3276/1420/1362 3275/900/1364
f 4510/174/1365 4514/173/1903 4513/620/533
f 3589/407/338 3580/65/507 3581/590/506
f 3590/408/339 3589/407/338 3581/590/506
f 1668/492/409 1673/2888/2498 1667/489/406
f 1673/2888/2498 1679/1421/1367 1667/489/406
f 1679/1421/1367 1678/290/232 1672/1422/1368
f 1666/490/407 1667/489/406 1679/1421/1367
f 2567/1423/1369 2564/2889/2499 2565/1078/1003
f 4244/1424/1370 4245/1787/1793 4248/1425/1371
f 3283/1114/1372 3280/211/1757 3281/212/437
f 4051/92/66 4052/91/65 4055/352/289
f 2106/421/738 2109/838/757 2108/1150/1075
f 2166/726/504 2155/2890/2048 2156/1188/1109
f 2166/726/504 2156/1188/1109 2157/1187/1108
f 2167/727/1376 2166/726/504 2157/1187/1108
f 3884/282/226 3885/281/867 3890/963/1659
f 3890/963/2500 3891/2741/2500 3895/962/2500
f 3900/335/1379 3889/421/2029 3884/282/226
f 3889/421/2029 3879/2245/2329 3884/282/226
f 3900/335/1379 3884/282/226 3890/963/1659
f 3900/335/1379 3890/963/1659 3895/962/1658
f 3900/335/1379 3895/962/1658 3896/1427/1377
f 3297/1428/1380 3296/1926/1969 3293/1429/1381
f 3719/150/721 3720/806/720 3723/1431/1383
f 4824/844/763 4823/872/796 4820/230/183
f 3075/339/278 3072/1230/1150 3073/1324/1269
f 3258/1433/1385 3257/56/2501 3304/1263/1188
f 3257/56/2501 3303/9/2502 3304/1263/1188
f 3304/1263/1188 3305/869/1190 3258/1433/1385
f 3013/2261/2032 3012/1223/1142 3010/189/148
f 3012/1223/1142 3009/190/149 3010/189/148
f 3009/190/149 3006/654/972 3007/188/147
f 2315/878/801 2321/984/899 2326/1434/1386
f 2325/1302/789 2328/2520/2088 2314/1163/270
f 2314/1163/270 2315/878/801 2326/1434/1386
f 4443/43/35 4440/535/450 4441/1257/1182
s 0
f 1022/2085/150 1023/2108/150 994/2086/150
f 1023/2108/150 1024/2106/150 993/2107/150
f 994/2086/150 1023/2108/150 993/2107/150
f 1024/2106/150 1025/2105/150 993/2107/150
f 1025/2105/150 1026/54/150 992/52/150
f 993/2107/150 1025/2105/150 992/52/150
f 1026/54/150 971/231/150 990/194/150
f 971/231/150 972/2102/150 990/194/150
f 972/2102/150 973/2100/150 989/2103/150
f 973/2100/150 974/2098/150 988/2101/150
f 989/2103/150 973/2100/150 988/2101/150
f 974/2098/150 975/2096/150 986/2099/150
f 975/2096/150 976/2094/150 985/2097/150
f 976/2094/150 977/2092/150 984/2095/150
f 977/2092/150 978/2091/150 983/2093/150
f 984/2095/150 977/2092/150 983/2093/150
f 978/2091/150 979/2090/150 982/2087/150
f 979/2090/150 980/2089/150 982/2087/150
f 980/2089/150 981/2088/150 982/2087/150
f 975/2096/150 985/2097/150 986/2099/150
f 978/2091/150 982/2087/150 983/2093/150
f 1008/2061/150 1009/2060/150 1010/2059/150
f 1006/2063/150 1007/2062/150 1010/2059/150
f 1007/2062/150 1008/2061/150 1010/2059/150
f 1004/2066/150 1005/2064/150 1013/2067/150
f 1005/2064/150 1006/2063/150 1011/2065/150
f 1002/2071/150 1003/2069/150 1016/2072/150
f 1003/2069/150 1004/2066/150 1015/2070/150
f 1002/2071/150 1016/2072/150 1017/2073/150
f 1000/2075/150 1001/2074/150 1018/2076/150
f 1001/2074/150 1002/2071/150 1017/2073/150
f 998/2079/150 999/2077/150 1019/2078/150
f 999/2077/150 1000/2075/150 1019/2078/150
f 996/2082/150 997/2080/150 1021/2083/150
f 997/2080/150 998/2079/150 1020/2081/150
f 1021/2083/150 997/2080/150 1020/2081/150
f 994/2086/150 995/2084/150 1022/2085/150
f 995/2084/150 996/2082/150 1022/2085/150
f 1022/2085/150 996/2082/150 1021/2083/150
f 1001/2074/150 1017/2073/150 1018/2076/150
f 1006/2063/150 1010/2059/150 1011/2065/150
f 1005/2064/150 1011/2065/150 1012/2068/150
f 1005/2064/150 1012/2068/150 1013/2067/150
f 976/2094/150 984/2095/150 985/2097/150
f 1004/2066/150 1013/2067/150 1014/2109/150
f 1004/2066/150 1014/2109/150 1015/2070/150
f 974/2098/150 986/2099/150 987/2104/150
f 1015/2070/150 1016/2072/150 1003/2069/150
f 974/2098/150 987/2104/150 988/2101/150
f 1000/2075/150 1018/2076/150 1019/2078/150
f 998/2079/150 1019/2078/150 1020/2081/150
f 972/2102/150 989/2103/150 990/194/150
f 1026/54/150 990/194/150 991/53/150
s 1
f 3302/1435/1387 3306/1436/1389 3305/869/1190
f 3301/1264/1189 3296/1926/1969 3302/1435/1387
f 3296/1926/1969 3297/1428/1380 3302/1435/1387
f 3297/1428/1380 3299/2891/2503 3302/1435/1387
f 3299/2891/2503 3307/996/1388 3302/1435/1387
f 3268/208/1390 3269/210/550 3272/637/549
f 2442/1438/1392 2441/1018/936 2438/1016/934
f 4103/1441/1396 4106/1347/1294 4099/1209/1394
f 4106/1347/1294 4105/1211/1742 4099/1209/1394
f 2400/1442/1397 2397/2892/2504 2398/1443/1398
f 4641/1045/1120 4642/889/805 4650/609/524
f 4649/128/10 4645/2235/10 4641/1045/10
f 4128/2893/2505 4129/2894/2506 4122/1446/2507
f 4129/2894/2506 4135/1444/2508 4122/1446/2507
f 4134/1445/1400 4127/2895/2509 4122/1446/1401
f 4127/2895/2509 4121/1099/1025 4122/1446/1401
f 3310/1821/1839 3316/2896/2510 3309/1449/1838
f 3316/2896/2510 3323/1810/1400 3309/1449/1838
f 3323/1810/1400 3322/1754/1754 3309/1449/1838
f 3322/1754/2511 3314/1447/1402 3309/1449/1404
f 4123/1450/1405 4130/2897/2512 4136/1510/1468
f 4130/2897/2512 4137/1511/1469 4136/1510/1468
f 4136/1510/1468 4135/1444/1399 4123/1450/1405
f 4135/1444/2508 4129/2894/2506 4128/2893/2505
f 4128/2893/2505 4122/1446/2507 4135/1444/2508
f 3666/1453/1528 3665/2772/2363 3655/1026/944
f 3655/1026/944 3656/1651/1615 3666/1453/1528
f 3656/1651/1615 3662/1451/1526 3666/1453/1528
f 3321/1203/1123 3328/1202/1122 3327/1454/1407
f 2070/150/721 2073/847/767 2072/945/853
f 3363/1456/1409 3360/208/1569 3361/210/1423
f 3361/210/1423 3364/254/204 3363/1456/1409
f 3364/254/204 3367/1344/1291 3366/1457/1410
f 4840/742/659 4843/1860/1895 4842/61/41
f 3465/1458/329 3462/1184/526 3463/1459/575
f 4144/1509/1467 4149/2898/2513 4143/2899/2514
f 4149/2898/2513 4152/2900/1411 4143/2899/2514
f 4142/1372/1316 4143/2899/2514 4152/2900/1411
f 4142/1372/1316 4152/2900/1411 4151/257/207
f 3344/1461/475 3343/1467/477 3340/1241/1165
f 1922/293/235 1919/1464/1413 1923/1463/1412
f 1919/1464/1413 1920/702/622 1924/1465/1414
f 3346/443/370 3345/2545/2124 3342/1466/1415
f 3346/443/370 3343/1467/477 3344/1461/475
f 3354/1469/1417 3351/683/601 3352/684/602
f 3353/1470/1418 3356/2877/2486 3355/1348/1297
f 2847/636/1419 2850/1232/2218 2849/681/599
f 4089/1325/1270 4090/1920/2515 4093/124/85
f 3371/1345/1292 3374/1479/1431 3373/309/248
f 3346/443/370 3347/1468/1416 3350/1471/1421
f 2664/1472/557 2671/2901/2516 2675/894/808
f 2671/2901/2516 2676/2708/2195 2675/894/808
f 2675/894/808 2667/893/807 2663/1250/1174
f 3358/1350/1299 3359/1349/1298 3362/636/1422
f 3168/1473/1424 3171/2902/2517 3167/167/127
f 3171/2902/2517 3170/348/285 3167/167/127
f 3167/167/127 3164/605/520 3165/1474/1425
f 4550/115/79 4557/68/48 4553/1305/1426
f 4557/68/48 4556/1861/1896 4553/1305/1426
f 4549/116/140 4550/115/79 4553/1305/1426
f 3023/116/80 3022/2244/2027 3018/178/138
f 4266/1475/1427 4262/1795/1800 4263/1476/1428
f 3283/1114/1372 3284/1371/1373 3287/1197/1116
f 4752/160/119 4753/159/118 4756/1008/928
f 3519/1478/1430 3518/1506/1464 3515/1293/1225
f 3376/815/732 3373/309/248 3374/1479/1431
f 3713/412/590 3712/413/1608 3709/411/1433
f 3379/1481/1434 3376/815/732 3377/1480/1432
f 2845/208/1436 2846/210/1420 2849/681/599
f 1892/1484/1438 1889/510/428 1890/455/382
f 3352/684/602 3349/444/371 3350/1471/1421
f 3403/248/198 3400/688/606 3401/1485/1439
f 3393/12/608 3394/466/393 3397/689/607
f 3208/1391/1333 3211/1731/1725 3210/1409/1351
f 3003/2635/2200 3002/1053/971 3001/1488/1443
f 3002/1053/971 2999/1487/1441 3001/1488/1443
f 2999/1487/1441 2991/2173/2180 2992/213/1442
f 2992/213/1442 2997/214/2464 3001/1488/1443
f 1882/673/328 1880/672/329 1881/2649/330
f 1881/2649/330 1885/1052/970 1882/673/328
f 1601/446/10 1596/2903/10 1590/1387/10
f 1602/447/374 1601/446/373 1590/1387/1329
f 1591/1386/1328 1587/2801/2389 1597/1109/1037
f 1602/447/374 1590/1387/1329 1591/1386/1328
f 4718/1732/880 4721/611/526 4713/719/1727
f 4721/611/526 4720/1629/886 4712/263/616
f 4713/719/1727 4721/611/526 4712/263/616
f 4720/1629/886 4711/2289/2057 4712/263/616
f 2872/393/325 2871/1774/1797 2867/391/1779
f 4490/555/470 4489/556/471 4486/554/469
f 3409/1489/1444 3406/1246/1169 3407/1490/1445
f 1951/723/648 1952/2241/2021 1962/2605/1094
f 1952/2241/2021 1953/2240/2020 1962/2605/1094
f 1951/723/648 1962/2605/1094 1961/585/502
f 4674/2345/2323 4673/2245/2323 4678/282/2323
f 4673/2245/2145 4668/507/425 4678/282/1449
f 4668/507/425 4669/856/780 4678/282/1449
f 4669/856/780 4671/1351/1447 4678/282/1449
f 4671/1351/1447 4680/2346/2067 4679/281/1448
f 3809/2206/2003 3810/1142/75 3819/2693/1094
f 3808/106/73 3809/2206/2003 3819/2693/1094
f 3808/106/73 3819/2693/1094 3818/867/790
f 1823/1494/309 1824/482/403 1832/1492/1450
f 1824/482/403 1829/481/402 1833/2904/560
f 1829/481/2518 1828/2905/2518 1833/2904/2518
f 1832/1492/1450 1831/2906/1720 1826/1493/1451
f 1824/482/403 1833/2904/560 1832/1492/1450
f 4413/51/40 4416/1248/1171 4415/1495/1452
f 3421/2616/2184 3432/2907/2519 3431/1879/1917
f 3432/2907/2519 3437/2908/2118 3431/1879/1917
f 3437/2908/2118 3436/1880/275 3431/1879/1917
f 3430/1496/2520 3426/2909/2520 3425/1497/2520
f 3421/2616/2184 3431/1879/1917 3430/1496/1453
f 3420/1498/1455 3421/2616/2184 3430/1496/1453
f 3158/2278/2045 3159/2878/2487 3161/1499/1456
f 3159/2878/2487 3162/1500/1457 3161/1499/1456
f 3162/1500/1457 3165/1474/1425 3164/605/520
f 3475/1503/1460 3542/1156/1081 3476/2910/2521
f 3542/1156/1081 3543/1563/1516 3476/2910/2521
f 3476/2910/2521 3479/1501/1458 3475/1503/1460
f 3148/1410/1352 3254/1805/1813 3255/306/245
f 2197/477/557 2204/2567/2194 2208/475/1461
f 2204/2567/2194 2209/2568/2324 2208/475/1461
f 2208/475/2155 2203/2569/2155 2200/608/2155
f 2208/475/1461 2200/608/995 2196/476/994
f 4618/592/201 4621/635/334 4620/258/170
f 1998/834/1462 1997/2911/2255 1993/2912/2017
f 1985/936/846 1990/835/755 1998/834/1462
f 1998/834/1462 1993/2912/2017 1984/1504/103
f 4056/1212/1130 4053/1914/1951 4054/351/288
f 3520/1505/1463 3517/1549/1505 3518/1506/1464
f 1732/2454/2081 1745/571/491 1731/1508/1466
f 1745/571/491 1749/1507/783 1731/1508/1466
f 1749/1507/783 1748/246/196 1744/2796/2385
f 1749/1507/783 1744/2796/2385 1739/1030/946
f 1749/1507/783 1739/1030/946 1734/1029/1465
f 4144/1509/1467 4143/2899/2514 4136/1510/1468
f 1829/481/2028 1839/2734/2029 1833/2904/560
f 1844/1514/2522 1837/2913/2522 1838/1681/2522
f 1838/1681/1661 1832/1492/1450 1833/2904/560
f 1838/1681/1661 1833/2904/560 1850/955/592
f 1833/2904/560 1839/2734/2029 1850/955/592
f 1844/1514/1470 1838/1681/1661 1850/955/592
f 1844/1514/1470 1850/955/592 1849/1512/141
f 2527/1320/1263 2528/2725/2313 2539/1515/1471
f 2528/2725/2313 2535/2914/2523 2539/1515/1471
f 2535/2914/2523 2540/2915/2524 2539/1515/1471
f 2539/1515/10 2534/2916/10 2531/1321/10
f 3128/918/1474 3131/1626/1587 3130/1516/1472
f 3131/1626/1587 3134/772/684 3133/1559/2263
f 3130/1516/1472 3131/1626/1587 3133/1559/2263
f 4168/1518/1592 4164/1633/1594 4165/643/556
f 4774/208/164 4766/2266/2034 4771/209/1476
f 4766/2266/2034 4767/417/1941 4771/209/1476
f 4771/209/1476 4772/1085/1010 4775/210/166
f 3436/1880/275 3437/2908/2118 3442/1891/1930
f 3437/2908/2118 3446/2917/1979 3442/1891/1930
f 3451/2918/2525 3445/2919/10 3441/1522/2526
f 3450/1521/2527 3451/2918/2525 3441/1522/2526
f 3441/1522/1479 3442/1891/1930 3457/2920/1921
f 3442/1891/1930 3446/2917/1979 3457/2920/1921
f 3441/1522/1479 3457/2920/1921 3456/1520/1477
f 2890/1248/1171 2891/1244/1167 2894/1523/1480
f 4374/1231/1151 4373/2921/2528 4371/681/1202
f 4373/2921/2528 4370/1483/2529 4371/681/1202
f 4370/1483/2529 4367/208/1481 4371/681/1202
f 3461/1524/886 3462/1184/526 3465/1458/329
f 3471/1526/1482 3468/10/604 3469/1368/603
f 1681/2353/2071 1684/515/433 1676/1157/1082
f 1684/515/433 1683/1528/1484 1676/1157/1082
f 1683/1528/1484 1674/2130/1989 1675/1529/1485
f 1924/1465/1414 1920/702/622 1921/1530/1486
f 1921/1530/1486 1926/1674/1651 1925/1531/1487
f 3545/1043/960 3704/1641/1600 3705/1532/1488
f 4762/1190/1111 4765/806/1689 4764/150/109
f 4869/1535/1491 4872/1918/1956 4871/1533/1489
f 4872/1918/1956 4875/849/769 4874/851/771
f 4871/1533/1489 4872/1918/1956 4874/851/771
f 2118/371/305 2121/137/98 2120/1146/1069
f 3525/1536/1492 3528/807/723 3527/1065/989
f 3484/103/2002 3488/959/865 3487/958/864
f 4183/1537/1113 4184/399/331 4187/1538/1493
f 4132/1540/1495 4131/1757/1408 4124/1541/1496
f 4119/1542/1497 4120/1100/1026 4133/2922/2530
f 4120/1100/1753 4126/1753/1752 4133/2922/2531
f 4126/1753/1752 4125/1752/1751 4133/2922/2531
f 4133/2922/2530 4132/1540/1495 4119/1542/1497
f 3050/1313/1256 3051/122/83 3054/121/82
f 2082/65/45 2079/66/46 2080/64/44
f 3263/199/1210 3259/875/1209 3260/1545/1501
f 4192/711/632 4191/2849/2445 4188/1546/1502
f 2407/387/319 2408/1416/1358 2411/923/835
f 1920/702/622 1917/303/242 1918/533/448
f 3514/1548/1504 3511/2923/2532 3512/1294/1226
f 3511/2923/2532 3508/2835/2424 3512/1294/1226
f 3508/2835/2424 3509/2834/2423 3512/1294/1226
f 3515/1293/1225 3518/1506/1464 3517/1549/1505
s 0
f 433/1550/10 406/2178/10 405/1551/10
s 1
f 2666/892/674 2674/333/270 2665/1671/1644
f 2674/333/270 2673/763/1060 2665/1671/1644
f 3521/657/571 3522/1873/1908 3525/1536/1492
f 2650/625/537 2647/1139/171 2651/1554/1506
f 2647/1139/171 2648/883/162 2651/1554/1506
f 1635/1170/1092 1638/2924/2533 1634/459/386
f 1638/2924/2533 1647/2847/2443 1646/1267/1193
f 1634/459/386 1646/1267/1193 1637/1557/1509
f 1646/1267/1193 1645/1555/1507 1637/1557/1509
f 1638/2924/2533 1646/1267/1193 1634/459/386
f 1645/1555/2534 1641/2925/2534 1640/1556/2534
f 4745/1023/941 4746/1022/940 4749/344/283
f 4749/344/283 4752/160/119 4748/1558/1510
f 4752/160/119 4751/198/157 4748/1558/1510
f 3536/552/467 3535/1773/1778 3532/1559/1511
f 4292/1560/1513 4291/1798/1806 4284/1561/1514
f 3543/1563/1516 3542/1156/1081 3539/518/438
f 3568/1564/1517 3565/2650/2217 3566/679/596
f 2914/535/450 2911/1254/1179 2912/1256/1181
f 3703/1566/1519 3704/1641/1600 3545/1043/960
f 4208/422/351 4213/1379/1322 4212/1568/1087
f 4572/1311/1254 4571/1288/1219 4568/1102/1028
f 3553/1618/150 3558/2926/150 3563/1570/150
f 3563/1570/1522 3562/678/595 3557/1571/1523
f 3557/1571/1523 3552/1796/1802 3549/1042/959
f 3552/1796/1802 3548/1669/1641 3549/1042/959
f 3549/1042/959 3553/1618/1578 3563/1570/1522
f 2952/430/359 2955/125/1200 2954/123/123
f 2955/125/1200 2958/1275/1201 2954/123/123
f 2958/1275/1201 2957/164/124 2954/123/123
f 4865/1208/1525 4868/1534/1490 4857/990/905
f 4868/1534/1490 4867/2927/2535 4857/990/905
f 4867/2927/2535 4864/1207/2536 4857/990/905
f 4864/1207/2536 4856/991/906 4857/990/905
f 4857/990/2537 4861/1221/2537 4862/382/2537
f 3670/994/911 3665/2772/2363 3666/1453/1528
f 3662/1451/1526 3663/2928/2538 3668/2929/2539
f 3668/2929/2539 3671/1572/1527 3662/1451/1526
f 3671/1572/1527 3670/994/911 3666/1453/1528
f 4218/1573/1529 4217/904/821 4210/236/186
f 1711/1035/951 1714/326/263 1713/1575/1530
f 3220/1576/1531 3223/1923/1965 3222/1400/1341
f 4017/1578/1533 4014/2930/2540 4015/1719/1705
f 4014/2930/2540 4011/2763/2352 4012/1007/1964
f 4015/1719/1705 4014/2930/2540 4012/1007/1964
f 4015/1719/1705 4018/1579/1534 4017/1578/1533
f 4018/1579/1534 4021/1892/1931 4020/1580/1535
f 4048/61/41 4051/92/66 4050/1581/1536
f 3566/679/596 3567/1862/1897 3570/1582/1538
f 1607/445/372 1613/2713/2303 1622/451/378
f 1613/2713/2303 1623/705/625 1622/451/378
f 1611/1661/1636 1606/1660/1635 1612/453/380
f 1606/1660/1635 1607/445/372 1612/453/380
f 4221/1583/1539 4220/1778/1785 4214/1584/1540
f 2733/1586/1542 2730/1090/1016 2731/78/58
f 3435/1881/1918 3440/2931/2201 3454/1185/1107
f 3440/2931/2201 3449/2932/2202 3454/1185/1107
f 3449/2932/2202 3459/2825/2090 3454/1185/1107
f 3454/1185/1107 3453/298/240 3448/297/239
f 3454/1185/1107 3448/297/239 3435/1881/1918
f 3448/297/239 3439/296/238 3435/1881/1918
f 3434/1589/299 3435/1881/1918 3439/296/238
f 3569/1565/1518 3572/1696/1675 3571/926/838
f 2289/31/26 2131/852/772 2130/32/1300
f 4800/755/669 4801/754/668 4803/2933/2541
f 4803/2933/2541 4807/1590/1544 4800/755/669
f 3501/1059/980 3497/813/979 3494/521/441
f 3494/521/441 3495/522/443 3500/1591/1546
f 3504/1592/1547 3503/1215/1133 3494/521/441
f 3503/1215/1133 3501/1059/980 3494/521/441
f 4874/851/771 4873/970/882 4870/1593/1548
f 4870/1593/1548 4867/2927/2535 4871/1533/1489
f 4867/2927/2535 4868/1534/1490 4871/1533/1489
f 4039/1371/1315 4036/1723/1712 4037/1594/1549
f 3579/911/828 3578/284/891 3574/927/839
f 3580/65/507 3579/911/828 3575/591/508
f 3593/1597/1552 3588/909/826 3589/407/338
f 3589/407/338 3594/2532/2114 3593/1597/1552
f 3594/2532/2114 3599/1595/1550 3593/1597/1552
f 4575/1598/1554 4581/2934/2542 4589/440/1617
f 4581/2934/2542 4590/1897/1935 4589/440/1617
f 4575/1598/1554 4589/440/1617 4580/572/1553
f 4589/440/2543 4588/2935/2544 4580/572/2545
f 4588/2935/2544 4583/2592/10 4580/572/2545
f 4580/572/1553 4579/2613/2179 4574/368/303
f 3599/1595/1550 3605/2625/2193 3604/940/849
f 3605/2625/2193 3613/544/459 3609/941/850
f 3604/940/849 3605/2625/2193 3609/941/850
f 3613/544/459 3612/543/458 3609/941/850
f 3598/1596/1551 3599/1595/1550 3604/940/849
f 3607/639/552 3608/2936/2546 3615/1903/1943
f 3607/639/552 3615/1903/1943 3614/1600/1556
f 3606/640/553 3607/639/552 3614/1600/1556
f 3919/719/1727 3918/263/616 3913/262/1266
f 3924/1732/2547 3923/2656/2547 3919/719/2547
f 3905/2462/2548 3914/2461/2202 3919/719/1727
f 3914/2461/2202 3924/1732/2090 3919/719/1727
f 3905/2462/2548 3919/719/1727 3900/335/1379
f 3919/719/1727 3913/262/1266 3900/335/1379
f 3913/262/1266 3904/261/1265 3900/335/1379
f 3899/180/874 3900/335/1379 3904/261/1265
f 2600/2753/2344 2609/2755/2343 2604/2873/2480
f 2609/2755/2343 2617/1118/1044 2604/2873/2480
f 2608/665/578 2603/667/580 2604/2873/2480
f 2608/665/578 2604/2873/2480 2612/666/579
f 2604/2873/2480 2617/1118/1044 2612/666/579
f 2612/666/579 2617/1118/1044 2616/578/496
f 2179/690/333 2178/635/334 2175/592/201
f 3968/1190/1111 3971/806/1689 3970/150/109
f 1776/1195/170 1777/403/334 1780/402/162
f 3914/2461/2202 3905/2462/2548 3920/610/525
f 3905/2462/2548 3900/335/1379 3920/610/525
f 3924/1732/2090 3914/2461/2202 3920/610/525
f 3920/610/2549 3925/2463/2549 3924/1732/2549
f 3915/26/21 3921/25/1750 3920/610/525
f 3906/27/2550 3910/1972/2551 3916/1971/2552
f 3906/27/2550 3916/1971/2552 3915/26/2553
f 3915/26/21 3920/610/525 3900/335/1379
f 3906/27/1561 3915/26/21 3900/335/1379
f 3906/27/1561 3900/335/1379 3901/336/1378
f 2977/1353/1303 2974/1312/1255 2975/1131/1054
f 4290/1604/1562 4296/1039/955 4295/1605/1563
f 3066/1086/1011 3067/1701/1826 3070/636/1565
f 2595/1339/1284 2591/1338/1283 2588/1098/1024
f 2591/1338/2554 2592/2937/2554 2588/1098/2554
f 2588/1098/1024 2589/2938/2555 2594/1607/1566
f 2605/1609/1568 2600/2753/2556 2595/1339/1284
f 2597/1608/1567 2607/2884/2494 2606/1382/1324
f 2606/1382/1324 2605/1609/1568 2597/1608/1567
f 2605/1609/1568 2595/1339/1284 2594/1607/1566
f 2595/1339/1284 2588/1098/1024 2594/1607/1566
f 3360/208/1569 3357/1728/1722 3358/1350/1299
f 2169/867/1570 2170/2693/1094 2173/868/503
f 2173/868/503 2172/789/173 2169/867/1570
f 3635/2662/2238 3642/2939/2557 3634/1005/925
f 3642/2939/2557 3649/1290/1222 3634/1005/925
f 3649/1290/1222 3648/1289/1221 3634/1005/925
f 3648/1289/1221 3647/1611/1571 3641/1006/926
f 3641/1006/926 3634/1005/925 3648/1289/1221
f 3647/1611/1571 3646/2940/2558 3639/1613/1573
f 3645/1614/1574 3652/2941/2559 3651/1615/1575
f 3553/1618/1578 3554/2781/2371 3559/2942/2560
f 3559/2942/2560 3564/1617/1577 3553/1618/1578
f 2396/1619/1579 2399/977/893 2398/1443/1398
f 4282/1166/1088 4287/1165/1087 4286/1621/1581
f 2404/386/318 2403/2526/2107 2400/1442/1397
f 3670/994/911 3671/1572/1527 3674/1342/1288
f 4522/215/2561 4523/214/2561 4518/213/2561
f 4523/214/2464 4527/1488/1443 4518/213/534
f 4527/1488/1443 4529/2635/2200 4528/1053/971
f 4528/1053/971 4525/1487/1441 4527/1488/1443
f 4525/1487/1441 4517/2173/2180 4518/213/534
f 3939/56/1582 4116/1744/1741 4117/380/314
f 4117/380/314 3940/875/1035 3939/56/1582
f 3940/875/1035 3943/1107/1034 3939/56/1582
f 3019/179/139 3018/178/138 3017/1624/1584
f 3018/178/138 3014/1623/1583 3017/1624/1584
f 3014/1623/1583 3011/2181/2433 3012/1223/1142
f 3012/1223/1142 3015/912/1909 3017/1624/1584
f 3134/772/684 3131/1626/1587 3135/553/1586
f 3131/1626/1587 3128/918/1474 3132/1625/1585
f 3128/918/1474 3129/1243/1207 3132/1625/1585
f 3724/810/728 3725/848/768 3728/66/46
f 3679/1304/1238 3678/275/219 3675/1627/1588
f 3677/1628/1589 3680/1303/1237 3679/1304/1238
f 3115/364/298 3112/1875/1912 3113/988/903
f 2277/1629/886 2278/611/526 2281/918/329
f 2577/223/176 2578/1700/1679 2579/1631/1591
f 2578/1700/1679 2581/1630/1590 2579/1631/1591
f 2581/1630/1590 2589/2938/2555 2584/1097/1023
f 2589/2938/2555 2588/1098/1024 2584/1097/1023
f 2584/1097/1023 2583/1093/1019 2579/1631/1591
f 4168/1518/2562 4167/2943/2562 4163/1632/2562
f 3689/1634/2563 3686/2944/2563 3685/98/2563
f 3683/2862/2462 3690/2945/2564 3689/1634/1595
f 3682/276/220 3683/2862/2462 3689/1634/1595
f 2306/1635/674 2292/2265/1062 2293/205/161
f 2306/1635/674 2293/205/161 2298/495/2261
f 2306/1635/674 2298/495/2261 2303/494/412
f 3689/1634/2565 3694/2946/2565 3693/674/2565
f 3693/674/1995 3685/98/1995 3689/1634/2566
f 4185/1636/1596 4186/1539/1494 4189/1547/1503
f 1681/2353/2410 1671/2816/2409 1677/289/231
f 1671/2816/2409 1665/1158/1083 1677/289/231
f 1666/490/407 1672/1422/1368 1678/290/232
f 1666/490/407 1678/290/232 1677/289/231
f 1779/1603/171 1780/402/162 1783/1637/1063
f 1780/402/162 1784/2680/1062 1783/1637/1063
f 2638/1123/174 2633/2598/504 2634/580/498
f 2634/580/498 2635/871/794 2639/870/173
f 3698/675/588 3701/1640/1599 3700/1638/1597
f 2642/734/201 2645/2660/334 2644/1138/170
f 3701/1640/1599 3704/1641/1600 3703/1566/1519
f 3701/1640/1599 3702/1846/1877 3705/1532/1488
f 4592/790/150 4596/2827/150 4599/1188/150
f 4599/1188/1601 4598/2890/2567 4591/1642/1086
f 1809/2732/2102 1810/948/856 1823/1494/309
f 1810/948/856 1814/753/310 1823/1494/309
f 1823/1494/309 1814/753/310 1815/752/666
f 1815/752/666 1819/2666/2568 1824/482/403
f 3856/609/1602 3869/1890/2088 3864/749/1603
f 3855/128/1645 3856/609/1602 3863/750/1077
f 3765/825/745 3768/1071/997 3767/371/1604
f 3706/231/727 3707/875/453 3710/677/591
f 2116/825/745 2119/1071/997 2118/371/305
f 1992/761/1985 1995/2947/1985 2000/1690/1985
f 2000/1690/2281 1999/836/270 1992/761/673
f 2121/137/98 2124/139/100 2123/1643/1605
f 3757/1150/1075 3754/680/1374 3755/421/738
f 2101/821/741 2104/946/854 2103/819/736
f 2094/841/760 2093/474/746 2090/842/761
f 2565/1078/1003 2564/2889/2499 2561/1077/1002
f 2480/461/150 2484/2948/150 2487/1644/150
f 2487/1644/1606 2486/2783/2048 2479/957/863
f 3752/819/736 3755/421/738 3754/680/1374
f 3731/65/45 3730/284/722 3727/811/729
f 3712/413/1608 3713/412/590 3716/314/250
f 2103/819/736 2102/1645/1607 2099/805/719
f 2208/475/2295 2207/609/270 2200/608/995
f 2207/609/270 2199/889/674 2200/608/995
f 3737/823/743 3738/822/1618 3741/1646/1609
f 3743/841/1610 3740/840/759 3741/1646/1609
f 2016/1649/677 2010/2949/2254 1998/834/1462
f 2010/2949/2254 1997/2911/2255 1998/834/1462
f 1998/834/2569 2002/2950/2569 2006/1647/2570
f 2002/2950/2569 2003/2951/2571 2006/1647/2570
f 2007/1648/2572 2011/2952/2572 2012/2692/2572
f 2007/1648/308 2012/2692/2573 2017/1784/1790
f 2016/1649/677 1998/834/1462 2006/1647/665
f 2007/1648/308 2017/1784/1790 2016/1649/677
f 2560/1841/1872 2559/2795/2384 2557/830/1613
f 2559/2795/2384 2556/841/1611 2557/830/1613
f 2556/841/10 2552/2953/10 2550/1749/10
f 2551/1650/1612 2547/1919/1960 2548/2954/2574
f 2556/841/1611 2550/1749/1747 2551/1650/1612
f 2548/2954/2574 2554/2955/2575 2551/1650/1612
f 2554/2955/2575 2557/830/1613 2551/1650/1612
f 3742/474/746 3743/841/1610 3746/826/747
f 4725/1243/330 4729/1872/2576 4726/921/328
f 4729/1872/2576 4728/831/603 4726/921/328
f 3749/804/718 3750/821/741 3753/946/854
f 2591/1338/2491 2587/1096/1022 2588/1098/1024
f 3749/804/718 3748/805/719 3745/803/1614
f 3367/1344/1291 3370/1346/1293 3369/308/247
f 3763/372/306 3764/373/307 3767/371/1604
f 2059/874/455 2062/676/765 2061/677/591
f 3757/1150/1075 3758/838/757 3761/839/758
f 3723/1431/1383 3726/846/766 3725/848/768
f 3651/1615/1575 3652/2941/2559 3657/2956/2577
f 3657/2956/2577 3663/2928/2538 3651/1615/1575
f 3663/2928/2538 3662/1451/1526 3651/1615/1575
f 3650/1652/1616 3651/1615/1575 3662/1451/1526
f 3761/839/758 3758/838/757 3759/837/756
f 4587/99/2378 4579/2613/2179 4580/572/1553
f 4593/105/1721 4587/99/2378 4580/572/1553
f 4594/439/1066 4593/105/1721 4580/572/1553
f 3734/175/135 3735/378/312 3738/822/1618
f 3770/137/98 3773/139/100 3772/1643/1619
f 3749/804/718 3752/819/736 3751/1645/1607
f 2058/538/726 2127/799/713 2128/539/454
f 3773/139/100 3774/138/99 3777/539/454
f 3593/1597/1552 3598/1596/1551 3603/1599/1555
f 3603/1599/1555 3602/2728/2315 3597/1653/1620
f 3597/1653/1620 3592/929/841 3593/1597/1552
f 2455/1654/1621 2456/1031/947 2459/1317/1260
f 4850/1212/1130 4847/1914/1951 4848/351/288
f 1712/1656/1623 1711/1035/951 1709/549/464
f 1711/1035/951 1708/2586/2156 1709/549/464
f 1709/549/464 1705/548/463 1706/547/462
f 4134/1445/1400 4141/1055/975 4133/2922/2530
f 4141/1055/975 4140/255/205 4133/2922/2530
f 4132/1540/1495 4133/2922/2530 4140/255/205
f 3793/1658/1627 3801/2544/2006 3800/439/1625
f 2736/1976/1986 2749/39/34 2735/717/638
f 2749/39/34 2753/859/783 2735/717/638
f 2753/859/783 2752/1121/1047 2748/2957/2578
f 2753/859/783 2748/2957/2578 2743/1882/1920
f 2753/859/783 2743/1882/1920 2738/718/1628
f 4889/123/150 4891/1742/150 4893/1209/150
f 4893/1209/1629 4892/1922/1963 4888/1659/1630
f 2151/439/1632 2152/2544/2006 2161/1142/75
f 2161/1142/75 2160/2206/2232 2154/1143/1631
f 4609/726/504 4598/2890/2567 4599/1188/1601
f 4600/1187/2579 4605/2828/2579 4606/1426/2579
f 4609/726/504 4599/1188/1601 4600/1187/1633
f 4610/727/649 4609/726/504 4600/1187/1633
f 2480/461/388 2481/1049/966 2488/1048/965
f 2481/1049/966 2489/2785/2005 2494/1046/964
f 2488/1048/965 2481/1049/966 2494/1046/964
f 2489/2785/2005 2499/1125/1048 2494/1046/964
f 2499/1125/1048 2498/1047/505 2494/1046/964
f 1611/1661/1636 1610/2550/2130 1605/2958/2580
f 1605/2958/2580 1600/2959/2581 1601/446/373
f 1611/1661/1636 1605/2958/2580 1601/446/373
f 1864/2960/2202 1855/2961/2201 1870/2642/832
f 1855/2961/2201 1850/955/592 1870/2642/832
f 1874/968/2203 1864/2960/2202 1870/2642/832
f 1865/436/365 1871/435/364 1870/2642/832
f 1865/436/365 1870/2642/832 1850/955/592
f 1856/437/366 1865/436/365 1850/955/592
f 1856/437/366 1850/955/592 1851/954/275
f 3821/789/791 3824/592/201 3823/593/509
f 3821/789/791 3822/868/503 3825/743/200
s 0
f 541/2422/10 633/56/10 632/2421/10
f 632/2421/10 631/2424/10 541/2422/10
f 631/2424/10 630/2423/10 629/2425/10
f 631/2424/10 629/2425/10 628/2426/10
f 541/2422/10 631/2424/10 628/2426/10
f 542/2427/10 541/2422/10 628/2426/10
f 543/2429/10 542/2427/10 627/2428/10
f 542/2427/10 628/2426/10 627/2428/10
f 544/2431/10 543/2429/10 626/2430/10
f 543/2429/10 627/2428/10 626/2430/10
f 545/2419/10 544/2431/10 625/2432/10
f 544/2431/10 626/2430/10 625/2432/10
f 546/2418/10 545/2419/10 624/2420/10
f 545/2419/10 625/2432/10 624/2420/10
f 547/2417/10 546/2418/10 557/2404/10
f 546/2418/10 624/2420/10 557/2404/10
f 548/2414/10 547/2417/10 557/2404/10
f 549/2416/10 548/2414/10 555/2408/10
f 550/2415/10 549/2416/10 555/2408/10
f 548/2414/10 557/2404/10 555/2408/10
f 555/2408/10 557/2404/10 556/2409/10
f 610/2442/10 609/2443/10 608/2441/10
f 608/2441/10 607/2440/10 610/2442/10
f 607/2440/10 606/2439/10 605/2438/10
f 607/2440/10 605/2438/10 604/2444/10
f 610/2442/10 607/2440/10 604/2444/10
f 611/2445/10 610/2442/10 604/2444/10
f 612/2447/10 611/2445/10 603/2446/10
f 611/2445/10 604/2444/10 603/2446/10
f 613/2450/10 612/2447/10 601/2449/10
f 612/2447/10 603/2446/10 602/2448/10
f 612/2447/10 602/2448/10 601/2449/10
f 614/2451/10 613/2450/10 601/2449/10
f 615/2437/10 614/2451/10 600/2436/10
f 614/2451/10 601/2449/10 600/2436/10
f 600/2436/10 599/2434/10 615/2437/10
f 599/2434/10 598/2433/10 616/2435/10
f 615/2437/10 599/2434/10 616/2435/10
f 617/2384/10 616/2435/10 566/2383/10
f 616/2435/10 598/2433/10 566/2383/10
f 618/2382/10 617/2384/10 565/2381/10
f 619/2401/10 618/2382/10 563/2399/10
f 617/2384/10 566/2383/10 565/2381/10
f 554/2411/10 553/2410/10 552/2412/10
f 555/2408/10 554/2411/10 552/2412/10
f 551/2413/10 555/2408/10 552/2412/10
f 559/2402/10 558/2405/10 622/2407/10
f 558/2405/10 557/2404/10 623/2406/10
f 555/2408/10 551/2413/10 550/2415/10
f 560/2403/10 559/2402/10 621/312/10
f 558/2405/10 623/2406/10 622/2407/10
f 562/2400/10 561/313/10 620/311/10
f 561/313/10 560/2403/10 621/312/10
f 620/311/10 561/313/10 621/312/10
f 564/2380/10 563/2399/10 618/2382/10
f 563/2399/10 562/2400/10 619/2401/10
f 565/2381/10 564/2380/10 618/2382/10
f 568/1665/10 567/2379/10 596/1663/10
f 567/2379/10 566/2383/10 597/2385/10
f 570/2376/10 569/2375/10 594/2377/10
f 569/2375/10 568/1665/10 595/1664/10
f 594/2377/10 569/2375/10 595/1664/10
f 572/2367/10 571/2366/10 592/2368/10
f 571/2366/10 570/2376/10 593/2378/10
f 574/2371/10 573/2369/10 590/2372/10
f 573/2369/10 572/2367/10 591/2370/10
f 590/2372/10 573/2369/10 591/2370/10
f 575/2373/10 574/2371/10 589/2374/10
f 589/2374/10 574/2371/10 590/2372/10
f 571/2366/10 593/2378/10 592/2368/10
f 593/2378/10 570/2376/10 594/2377/10
f 581/2388/10 580/2387/10 579/2386/10
f 583/2391/10 582/2389/10 584/2390/10
f 582/2389/10 581/2388/10 584/2390/10
f 581/2388/10 579/2386/10 578/2392/10
f 584/2390/10 581/2388/10 578/2392/10
f 585/2393/10 584/2390/10 578/2392/10
f 585/2393/10 578/2392/10 577/2394/10
f 586/2395/10 585/2393/10 577/2394/10
f 586/2395/10 577/2394/10 576/2396/10
f 587/2397/10 586/2395/10 576/2396/10
f 587/2397/10 576/2396/10 575/2373/10
f 588/2398/10 587/2397/10 575/2373/10
f 588/2398/10 575/2373/10 589/2374/10
f 557/2404/10 624/2420/10 623/2406/10
f 559/2402/10 622/2407/10 621/312/10
f 562/2400/10 620/311/10 619/2401/10
f 592/2368/10 591/2370/10 572/2367/10
f 566/2383/10 598/2433/10 597/2385/10
f 567/2379/10 597/2385/10 596/1663/10
s 1
f 3331/265/212 3330/267/214 3324/1286/1217
f 3330/267/214 3323/1810/1400 3324/1286/1217
f 3332/1666/1638 3331/265/212 3324/1286/1217
f 3189/1667/1639 3188/1384/1326 3185/1376/1319
f 3551/568/2159 3550/2590/2161 3547/1670/1642
f 3550/2590/2161 3544/1567/1520 3547/1670/1642
f 3544/1567/1520 3545/1043/960 3547/1670/1642
f 4783/1126/1049 4784/983/898 4787/982/897
f 2432/1009/2359 2431/2466/2097 2427/345/2096
f 3800/439/1625 3801/2544/2006 3810/1142/75
f 3810/1142/75 3809/2206/2003 3803/1143/1065
f 3943/1107/1034 3940/538/1035 3941/874/1033
f 3940/538/1035 4117/380/314 3941/874/1033
f 4117/380/314 4118/2524/2105 3941/874/1033
f 2651/1554/1506 2652/1553/1062 2666/892/674
f 2655/626/2582 2651/1554/1506 2666/892/674
f 2660/627/539 2655/626/2582 2666/892/674
f 3847/1045/962 3848/889/1911 3856/609/1602
f 3855/128/10 3851/2235/10 3847/1045/10
f 3862/1874/2583 3861/858/2584 3866/890/2585
f 3865/891/2586 3870/857/2586 3869/1890/2586
f 3857/475/2583 3862/1874/2583 3866/890/2585
f 3865/891/1647 3869/1890/2088 3856/609/1602
f 3856/609/1602 3857/475/1880 3866/890/1646
f 1999/836/270 2012/2692/2088 2007/1648/308
f 1998/834/754 1999/836/270 2006/1647/665
f 2729/1088/357 2730/1090/1016 2733/1586/1542
f 3985/1672/1648 3984/471/395 3981/210/166
f 1930/1673/2587 1929/2962/2587 1925/1531/2587
f 1926/1674/1651 1939/2238/2018 1934/1675/1652
f 1939/2238/2018 1938/148/107 1934/1675/1652
f 1934/1675/2588 1933/2963/2588 1930/1673/2588
f 1930/1673/1650 1925/1531/1487 1926/1674/1651
f 2910/1255/1180 2911/1254/1179 2914/535/450
f 3056/1676/1653 3057/1315/1258 3060/1413/1355
f 2902/80/60 2899/1253/1177 2900/1251/1175
f 4313/1679/1656 4312/728/650 4309/1680/1657
f 4309/1680/1657 4498/997/914 4310/1678/1655
f 4498/997/914 4499/2758/2347 4310/1678/1655
f 2925/1198/456 2926/1262/1187 2930/170/146
f 2925/1198/456 2930/170/146 2929/169/129
f 2512/217/162 2513/2789/163 2517/939/848
f 2513/2789/163 2518/937/414 2517/939/848
f 2887/51/40 2890/1248/1171 2889/1495/1452
f 3886/2346/2067 3897/2740/2589 3896/1427/1377
f 3897/2740/2589 3902/1969/2118 3896/1427/1377
f 3902/1969/2118 3901/336/1378 3896/1427/1377
f 3886/2346/2067 3896/1427/1377 3895/962/1658
f 3885/281/867 3886/2346/2067 3895/962/1658
f 4678/282/1449 4679/281/1448 4684/963/1915
f 4684/963/2590 4685/2741/2590 4689/962/2590
f 4694/335/274 4683/421/2029 4678/282/1449
f 4683/421/2029 4673/2245/2028 4678/282/1449
f 4694/335/274 4678/282/1449 4684/963/1915
f 4694/335/274 4684/963/1915 4689/962/1916
f 4694/335/274 4689/962/1916 4690/1427/1660
f 1843/1513/300 1849/1512/141 1842/2964/2304
f 1849/1512/141 1848/2342/1976 1842/2964/2304
f 1844/1514/1470 1843/1513/300 1831/2906/1720
f 1843/1513/300 1842/2964/2304 1831/2906/1720
f 1844/1514/1470 1831/2906/1720 1832/1492/1450
f 3643/1683/2591 3637/2965/2591 3636/1682/2591
f 3638/2966/2592 3645/1614/1574 3644/1616/1576
f 3638/2966/2592 3644/1616/1576 3631/2967/2593
f 3644/1616/1576 3643/1683/1664 3631/2967/2593
f 3630/738/1663 3631/2967/2593 3643/1683/1664
f 1850/955/592 1855/2961/2201 1869/969/642
f 1855/2961/2201 1864/2960/2202 1869/969/642
f 1864/2960/2202 1874/968/2203 1869/969/642
f 1869/969/642 1868/280/224 1863/279/223
f 1869/969/642 1863/279/223 1850/955/592
f 1863/279/223 1854/278/222 1850/955/592
f 1849/1512/141 1850/955/592 1854/278/222
f 2356/2744/1976 2357/365/299 2361/660/574
f 2366/2968/2056 2356/2744/1976 2361/660/574
f 2366/2968/2056 2361/660/574 2375/2671/2057
f 2361/660/574 2362/659/573 2375/2671/2057
f 2376/758/671 2375/2671/2057 2362/659/573
f 4405/517/1667 4404/212/168 4401/136/711
f 3934/831/603 3935/1872/970 3938/31/26
f 3463/1459/575 3462/1184/526 3456/1520/1477
f 3462/1184/526 3459/2825/880 3455/1686/832
f 3459/2825/2594 3460/2969/2594 3455/1686/2594
f 3456/1520/1477 3457/2920/1921 3463/1459/575
f 2284/922/604 2280/1517/585 2283/921/328
f 2280/1517/585 2281/918/329 2283/921/328
f 2539/1515/2595 2538/131/92 2531/1321/1264
f 2392/1791/603 2391/1793/604 2390/396/328
f 2391/1793/604 2387/1687/585 2390/396/328
f 2421/1688/1668 2418/2970/2596 2419/1236/1159
f 1989/1689/557 1996/2971/2194 2000/1690/1669
f 1996/2971/2194 2001/2729/2195 2000/1690/1669
f 2000/1690/1669 1992/761/673 1988/760/672
f 1624/907/824 1625/1106/1032 1629/1691/1670
f 1628/706/626 1623/705/625 1624/907/824
f 1632/1169/1091 1631/1692/1671 1629/1691/1670
f 1631/1692/1671 1628/706/626 1624/907/824
f 3659/1693/1672 3658/2972/2597 3653/2973/2598
f 3653/2973/2598 3646/2940/2558 3647/1611/1571
f 3653/2973/2598 3647/1611/1571 3648/1289/1221
f 3659/1693/1672 3653/2973/2598 3648/1289/1221
f 2446/2770/2361 2447/2570/2138 2449/1694/1673
f 2447/2570/2138 2450/480/401 2449/1694/1673
f 2450/480/401 2453/479/400 2449/1694/1673
f 3569/1565/1518 3570/1582/1538 3573/1695/1674
f 4615/789/173 4611/1610/2235 4612/867/982
f 4612/867/982 4613/2693/1094 4616/868/503
f 4411/801/715 4410/49/38 4407/802/716
f 4407/802/716 4404/212/168 4408/800/714
f 4404/212/168 4405/517/1667 4408/800/714
f 3295/1698/1677 3296/1926/1969 3300/1699/1678
f 3296/1926/1969 3301/1264/1189 3300/1699/1678
f 3300/1699/1678 3304/1263/1188 3303/9/2502
f 3303/9/2502 3298/1697/1676 3300/1699/1678
f 3949/1180/1103 3946/156/115 3947/715/636
f 3950/1220/1138 3953/2242/2022 3952/1022/940
f 4744/1220/1138 4747/2242/2022 4746/1022/940
f 3053/1543/1498 3054/121/82 3057/1315/1258
f 2574/222/175 2571/776/688 2575/2974/2599
f 2571/776/688 2572/1069/993 2575/2974/2599
f 2575/2974/2599 2578/1700/1679 2574/222/175
f 3287/1197/1116 3284/1371/1373 3285/782/694
f 3478/1502/1459 3479/1501/1458 3480/1222/1140
f 3479/1501/1458 3482/1701/1680 3480/1222/1140
f 3482/1701/1680 3490/2580/2149 3489/102/442
f 3489/102/442 3484/103/2431 3480/1222/1140
f 4832/1114/1040 4833/1371/1315 4836/933/845
f 3086/1702/1681 3083/2868/2474 3084/1204/1124
f 2855/317/254 2856/28/23 2859/14/12
f 3979/1703/1682 3978/1085/1010 3974/418/347
f 3798/790/150 3802/2827/150 3805/1188/150
f 3805/1188/1684 3804/2890/2048 3797/1642/1685
f 4775/210/166 4772/1085/1010 4773/1703/1687
f 4773/1703/1687 4769/1704/1770 4770/1705/1688
f 4776/636/1649 4775/210/166 4773/1703/1687
f 3946/156/115 3945/157/116 3942/155/114
f 3975/1704/1683 3974/418/347 3971/806/1689
f 3974/418/347 3970/150/109 3971/806/1689
f 4775/210/166 4776/636/1649 4779/1672/1648
f 3196/1706/1690 3197/501/419 3200/152/111
f 2067/314/843 2068/832/752 2071/806/720
f 4319/201/1692 4322/2264/2033 4321/1806/1814
f 4321/1806/1814 4318/1888/1927 4319/201/1692
f 4318/1888/1927 4315/199/158 4319/201/1692
f 3391/464/391 3390/692/609 3388/1708/1693
f 3390/692/609 3387/1709/1694 3388/1708/1693
f 3387/1709/1694 3384/2975/2600 3385/1058/978
f 2934/457/384 2937/827/748 2936/829/750
f 2933/171/131 2930/170/146 2931/187/145
f 2934/457/384 2936/829/750 2933/171/131
f 3825/743/200 3828/690/333 3827/635/334
f 2314/1163/270 2328/2520/2088 2324/374/308
f 2318/1906/856 2313/1161/1084 2323/376/310
f 2313/1161/1084 2314/1163/270 2323/376/310
f 3092/1015/933 3091/2769/2360 3087/1206/1126
f 3087/1206/1126 3088/1205/1125 3092/1015/933
f 4083/850/770 4084/1737/1733 4086/1711/1696
f 4084/1737/1733 4087/1710/1695 4086/1711/1696
f 4087/1710/1695 4090/1920/2515 4089/1325/1270
f 2505/616/509 2502/1889/174 2503/1124/173
f 4788/1402/2339 4791/1403/1344 4787/982/897
f 4791/1403/1344 4794/1420/1697 4787/982/897
f 4793/900/10 4790/2887/10 4787/982/10
f 3176/358/292 3177/1833/1859 3180/792/707
f 1905/1714/1700 1908/35/30 1907/1973/1983
f 1904/1712/1698 1901/2657/2234 1902/1713/1699
f 1905/1714/1700 1907/1973/1983 1904/1712/1698
f 3655/1026/944 3649/1290/1222 3650/1652/1616
f 3193/1715/1701 3194/1822/1840 3197/501/419
f 2029/322/259 2032/783/695 2031/785/697
f 2172/789/173 2171/725/174 2167/727/1376
f 2171/725/174 2166/726/504 2167/727/1376
f 4019/1718/1704 4022/1720/1706 4018/1579/1534
f 4022/1720/1706 4021/1892/1931 4018/1579/1534
f 4018/1579/1534 4015/1719/1705 4019/1718/1704
f 4015/1719/1705 4012/1007/1964 4016/1717/1703
f 4012/1007/1964 4013/1590/1544 4016/1717/1703
f 3269/210/550 3268/208/1390 3267/1128/1051
f 3268/208/1390 3265/1249/2601 3262/1278/1208
f 3267/1128/1051 3268/208/1390 3262/1278/1208
f 3265/1249/2601 3257/231/2501 3262/1278/1208
f 3257/231/2501 3258/2850/1385 3262/1278/1208
f 4815/1892/1931 4812/1579/1534 4816/1720/1706
f 4812/1579/1534 4809/1719/1705 4813/1718/1704
f 4809/1719/1705 4806/1007/1545 4810/1717/2602
f 4806/1007/1545 4807/1590/1544 4810/1717/2602
f 4810/1717/2602 4813/1718/1704 4809/1719/1705
f 3689/1634/1595 3690/2945/2564 3695/2976/2603
f 3695/2976/2603 3699/2977/2604 3689/1634/1595
f 3699/2977/2604 3698/675/588 3689/1634/1595
f 4006/755/10 4004/2669/10 4002/65/10
f 4002/65/1922 4003/377/667 4006/755/1708
f 2409/1721/1709 2410/925/837 2413/924/836
f 4830/1723/1712 4827/841/1715 4828/830/1711
f 4827/841/1715 4824/844/763 4828/830/1711
f 4824/844/763 4825/1177/1098 4828/830/1711
f 3228/421/350 3229/420/349 3232/1724/1713
f 2070/150/721 2071/806/720 2074/1431/1383
f 4033/841/1715 4036/1723/1712 4032/474/1714
f 4036/1723/1712 4035/1370/1314 4032/474/1714
f 4032/474/1714 4029/872/796 4030/844/795
f 4831/1594/1549 4834/782/1127 4833/1371/1315
s 0
f 1416/2223/150 1417/2222/150 1418/2221/150
f 1418/2221/150 1419/142/150 1416/2223/150
f 1419/142/150 1420/232/150 1414/2225/150
f 1416/2223/150 1419/142/150 1414/2225/150
f 1420/232/150 1421/2220/150 1422/2219/150
f 1422/2219/150 1423/2218/150 1420/232/150
f 1423/2218/150 1424/2234/150 1420/232/150
f 1424/2234/150 1425/1375/150 1420/232/150
f 1425/1375/150 1426/233/150 1420/232/150
f 1426/233/150 1427/2233/150 1428/2232/150
f 1428/2232/150 1429/2231/150 1430/2230/150
f 1430/2230/150 1431/141/150 1428/2232/150
f 1431/141/150 1408/231/150 1426/233/150
f 1428/2232/150 1431/141/150 1426/233/150
f 1408/231/150 1409/2229/150 1410/2228/150
f 1410/2228/150 1411/2227/150 1408/231/150
f 1411/2227/150 1412/2226/150 1408/231/150
f 1412/2226/150 1413/143/150 1408/231/150
f 1413/143/150 1414/2225/150 1408/231/150
f 1414/2225/150 1415/2224/150 1416/2223/150
f 1408/231/150 1414/2225/150 1420/232/150
s 1
f 2939/828/749 2942/1193/1113 2941/1725/1716
f 4182/1726/1717 4179/237/187 4180/239/189
f 4592/790/985 4593/105/1721 4600/1187/1633
f 4593/105/1721 4601/2208/2005 4606/1426/1634
f 4600/1187/1633 4593/105/1721 4606/1426/1634
f 4601/2208/2005 4611/1610/2235 4606/1426/1634
f 4611/1610/2235 4610/727/649 4606/1426/1634
f 4295/1605/1563 4294/600/514 4288/599/513
f 4739/157/116 4740/156/115 4743/1180/1137
f 4687/181/705 4693/180/704 4686/2714/2605
f 4693/180/704 4692/2287/1976 4686/2714/2605
f 4687/181/705 4686/2714/2605 4675/1727/1720
f 4688/182/706 4687/181/705 4675/1727/1720
f 4682/908/1719 4688/182/706 4675/1727/1720
f 4611/1610/2235 4601/2208/2005 4607/107/983
f 4601/2208/2005 4593/105/1721 4607/107/983
f 4611/1610/2235 4607/107/983 4612/867/982
f 4594/439/1066 4597/1143/1065 4603/2206/2377
f 4594/439/1066 4603/2206/2377 4602/106/984
f 4593/105/1721 4594/439/1066 4602/106/984
f 4403/211/167 4400/134/95 4401/136/711
f 3355/1348/1297 3358/1350/1299 3357/1728/1722
f 4574/368/303 4573/604/519 4730/928/1723
f 2482/227/180 2483/2547/2126 2492/1729/75
f 2492/1729/75 2491/2338/2060 2485/1730/1724
f 4073/2927/2535 4070/1207/2536 4063/990/905
f 4070/1207/2536 4062/991/906 4063/990/905
f 4071/1208/1525 4074/1534/1490 4063/990/905
f 4074/1534/1490 4073/2927/2535 4063/990/905
f 3220/1576/1531 3219/1577/1532 3214/1397/1338
f 3219/1577/1532 3216/1840/1869 3214/1397/1338
f 3216/1840/1869 3217/1396/1336 3214/1397/1338
f 3214/1397/1338 3213/1393/1337 3210/1409/1351
f 3210/1409/1351 3211/1731/1725 3214/1397/1338
f 2105/680/1374 2102/1645/1607 2103/819/736
f 4056/1212/1130 4057/1213/1131 4060/421/888
f 4060/421/888 4057/1213/1131 4058/350/287
f 1720/875/486 1721/874/488 1724/377/485
f 4869/1535/1491 4868/1534/1490 4859/383/777
f 4868/1534/1490 4865/1208/1525 4859/383/777
f 4865/1208/1525 4862/382/1524 4859/383/777
f 4859/383/777 4860/1772/1775 4866/1277/1726
f 3927/611/526 3926/1629/886 3918/263/616
f 3926/1629/886 3917/2289/2057 3918/263/616
f 3927/611/526 3918/263/616 3919/719/1727
f 2078/811/729 2079/66/46 2082/65/45
f 2041/1928/1973 2040/2867/2473 2037/1733/1728
f 2037/1733/1728 2034/784/696 2035/1/1
f 2038/1734/1729 2041/1928/1973 2037/1733/1728
f 4251/405/336 4254/1736/1731 4250/406/337
f 4254/1736/1731 4257/2978/2606 4256/2853/2448
f 4253/1735/1730 4254/1736/1731 4256/2853/2448
f 2033/1084/1009 2032/783/695 2029/322/259
f 3998/1003/1732 3995/2979/2607 3993/982/897
f 3995/2979/2607 3992/1127/1050 3993/982/897
f 4877/850/881 4874/851/771 4875/849/769
f 2854/1738/1734 2851/1739/1736 2852/29/24
f 2976/1132/1055 2975/1131/1054 3045/1288/1219
f 4882/1326/1271 4879/2980/2608 4880/1711/1735
f 4879/2980/2608 4876/2747/2333 4880/1711/1735
f 4876/2747/2333 4877/850/881 4880/1711/1735
f 4088/1326/1271 4085/2980/2608 4086/1711/1696
f 4085/2980/2608 4082/2747/2333 4086/1711/1696
f 4082/2747/2333 4083/850/770 4086/1711/1696
f 4883/1325/1290 4884/1920/1961 4887/124/85
f 2851/1739/1736 2848/1483/1437 2849/681/599
f 3392/1741/1738 3391/464/391 3388/1708/1693
f 3388/1708/1693 3385/1058/978 3389/1740/1737
f 3385/1058/978 3386/1057/977 3389/1740/1737
f 4099/1209/1394 4098/1922/1963 4094/1659/1630
f 4094/1659/1630 4095/123/84 4097/1742/1739
f 4420/1523/1480 4419/853/775 4416/1248/1171
f 1717/562/478 1718/325/262 1554/19/17
f 1718/325/262 1556/2530/2112 1555/395/327
f 3332/1666/1638 3333/1850/1883 3338/2981/2513
f 3331/265/212 3332/1666/1638 3341/1462/1411
f 3332/1666/1638 3338/2981/2513 3341/1462/1411
f 3331/265/212 3341/1462/1411 3340/1241/1165
f 3595/409/340 3596/2982/2609 3601/1743/1740
f 3601/1743/1740 3608/2936/2546 3607/639/552
f 3607/639/552 3600/638/551 3595/409/340
f 4907/1144/1067 4908/381/315 4911/380/314
f 4109/1745/1743 4112/996/1900 4108/8/8
f 4112/996/1900 4111/869/792 4108/8/8
f 4108/8/8 4105/1211/1742 4109/1745/1743
f 3311/1747/1745 3310/1821/1839 3473/1746/1744
f 3310/1821/1839 3472/1527/1483 3473/1746/1744
f 2558/1075/1000 2555/474/2610 2559/2795/2384
f 2555/474/2610 2553/2983/2611 2549/1748/1746
f 2559/2795/2384 2555/474/2610 2556/841/1611
f 2553/2983/2611 2545/2984/2612 2549/1748/1746
f 2545/2984/2612 2546/1828/1851 2549/1748/1746
f 2556/841/1611 2555/474/2610 2549/1748/1746
f 4500/1312/1255 4570/1103/1029 4571/1288/1219
f 1911/36/31 1912/140/101 1915/532/447
f 3406/1246/1169 3409/1489/1444 3408/1750/1748
f 3901/336/1378 3902/1969/2118 3907/337/1560
f 3902/1969/2118 3911/1970/1979 3907/337/1560
f 3906/27/1561 3907/337/1560 3922/1884/1921
f 3907/337/1560 3911/1970/1979 3922/1884/1921
f 3906/27/1561 3922/1884/1921 3921/25/1750
f 4121/1099/1025 4127/2895/2509 4120/1100/1026
f 4127/2895/2509 4134/1445/1400 4120/1100/1026
f 4134/1445/1400 4133/2922/2530 4120/1100/1026
f 4133/2922/2531 4125/1752/1751 4120/1100/1753
f 3320/1455/1408 3313/2985/2613 3321/1203/1123
f 3313/2985/2613 3308/1755/1755 3321/1203/1123
f 3308/1755/1755 3309/1449/1838 3322/1754/1754
f 3309/1449/1404 3315/1448/1403 3322/1754/2511
f 3315/1448/1403 3314/1447/1402 3322/1754/2511
f 4132/1540/1495 4139/1657/1624 4138/1756/1756
f 4168/1518/2614 4171/1361/1310 4163/1632/1593
f 4170/1360/1309 4162/1767/1768 4163/1632/1593
f 3280/211/1757 3277/1827/1953 3278/13/435
f 4253/1735/1730 4256/2853/2448 4252/1758/1758
f 4256/2853/2448 4255/2852/2447 4252/1758/1758
f 4252/1758/1758 4249/1788/1794 4250/406/337
f 4153/1759/1415 4154/561/477 4157/560/476
f 3379/1481/1434 3382/1763/1762 3378/1762/1761
f 3382/1763/1762 3385/1058/978 3381/1761/1760
f 3385/1058/978 3384/2975/2600 3381/1761/1760
f 4159/1764/1763 4156/1760/1759 4157/560/476
f 4143/2899/2514 4142/1372/1316 4136/1510/1468
f 4142/1372/1316 4141/1055/975 4135/1444/1399
f 4136/1510/1468 4142/1372/1316 4135/1444/1399
f 3532/1559/1511 3529/1766/1765 3533/772/1512
f 3529/1766/1765 3526/2790/2380 3530/809/725
f 3526/2790/2380 3527/1065/989 3530/809/725
f 4341/902/1767 4342/2836/2430 4348/1819/1834
f 4341/902/1767 4348/1819/1834 4347/16/230
f 4157/560/476 4158/2587/2157 4161/641/554
f 4160/1765/1764 4164/1633/1594 4159/1764/1763
f 4164/1633/1594 4163/1632/1593 4159/1764/1763
f 2464/2735/2318 2458/1655/1622 2465/2552/2319
f 2458/1655/1622 2459/1317/1260 2462/1837/1864
f 2465/2552/2319 2458/1655/1622 2461/2551/2132
f 2462/1837/1864 2461/2551/2132 2458/1655/1622
f 3628/2761/2350 3619/2986/2615 3629/1004/924
f 3619/2986/2615 3616/2583/2153 3617/545/460
f 3629/1004/924 3619/2986/2615 3617/545/460
f 3617/545/460 3622/2663/2239 3621/1768/1769
f 3621/1768/2616 3625/2987/2617 3629/1004/2618
f 3625/2987/2617 3624/2988/2619 3629/1004/2618
f 3958/160/119 3959/159/118 3962/1008/928
f 4769/1704/1770 4768/418/347 4765/806/1689
f 4768/418/347 4764/150/109 4765/806/1689
f 3134/772/684 3135/553/1586 3138/898/812
f 4181/400/332 4180/239/189 4177/238/188
f 4237/488/1771 4238/1197/1940 4241/668/581
f 4185/1636/1596 4182/1726/1717 4183/1537/1113
f 3510/1771/1774 3509/2834/2423 3506/1216/1134
f 3506/1216/1134 3503/1215/1133 3507/1770/1773
f 3503/1215/1133 3504/1592/1547 3507/1770/1773
f 4430/79/59 4427/130/91 4428/80/60
f 4859/383/777 4858/855/889 4855/420/1348
f 4858/855/889 4854/421/888 4855/420/1348
f 3781/558/890 3782/2203/2165 3795/99/68
f 3795/99/68 3799/105/72 3798/790/1899
f 3798/790/10 3794/1062/10 3789/100/10
f 3795/99/68 3798/790/1899 3789/100/1776
f 3784/101/1777 3781/558/890 3795/99/68
f 3539/518/438 3538/2815/2408 3535/1773/1778
f 2088/823/743 2089/822/742 2092/1646/1609
f 3591/1775/1782 3596/2982/2609 3595/409/340
f 3260/1776/1501 3259/538/1209 3305/869/1190
f 3306/1436/1389 3307/996/1388 3261/540/1783
f 3260/1776/1501 3305/869/1190 3306/1436/1389
f 2543/1777/1784 2547/1919/1960 2551/1650/1612
f 2551/1650/1612 2550/1749/1747 2538/131/92
f 2538/131/92 2539/1515/2595 2543/1777/1784
f 2539/1515/2620 2544/2989/2620 2543/1777/2620
f 4224/1779/1786 4226/1871/953 4220/1778/1785
f 4226/1871/953 4225/1870/1907 4220/1778/1785
f 4225/1870/1907 4219/1782/515 4220/1778/1785
f 4206/1780/1787 4211/1574/1515 4210/236/186
f 2503/1124/173 2504/2807/503 2507/951/200
f 4217/904/821 4218/1573/1529 4223/1804/1812
f 4217/904/821 4223/1804/1812 4222/1781/1788
f 4300/1037/953 4299/1909/1907 4294/600/514
f 4299/1909/1907 4293/601/515 4294/600/514
f 4294/600/514 4295/1605/1563 4298/1038/954
f 4216/905/822 4222/1781/1788 4221/1583/1539
f 4219/1782/515 4212/1568/1087 4213/1379/1322
f 4219/1782/515 4213/1379/1322 4214/1584/1540
f 2023/2771/2362 2022/1070/996 2019/1783/1789
f 2019/1783/1789 2016/1649/677 2017/1784/1790
f 2020/1785/1791 2023/2771/2362 2019/1783/1789
f 2424/1786/1792 2421/1688/1668 2430/346/631
f 2421/1688/1668 2422/1238/1161 2430/346/631
f 2422/1238/1161 2427/345/2355 2430/346/631
f 4244/1424/1370 4243/2990/2621 4240/1769/1772
f 4244/1424/1370 4241/668/581 4242/669/583
f 3621/1768/1769 3622/2663/2239 3635/2662/2238
f 3635/2662/2238 3634/1005/925 3621/1768/1769
f 3634/1005/925 3629/1004/924 3621/1768/1769
f 4249/1788/1794 4246/1835/1862 4247/404/335
f 1642/2750/2336 1636/2991/2622 1643/971/883
f 1636/2991/2622 1633/460/387 1634/459/386
f 1643/971/883 1634/459/386 1637/1557/1509
f 1636/2991/2622 1634/459/386 1643/971/883
f 1637/1557/1509 1640/1556/1508 1644/1789/1795
f 1640/1556/2623 1639/2992/2623 1644/1789/2623
f 3739/842/761 3736/176/136 3737/823/743
f 3575/591/508 3572/1696/1675 3573/1695/1674
f 2870/135/2624 2866/2993/2624 2867/391/2624
f 4153/1759/1415 4150/2282/2049 4151/257/207
f 2951/431/360 2950/2243/2024 2948/432/361
f 2950/2243/2024 2947/1300/1235 2948/432/361
f 2947/1300/1235 2944/1192/1112 2945/1194/1114
f 2392/1791/603 2395/1620/1580 2394/1792/1798
f 4258/1282/1213 4256/2853/2448 4257/2978/2606
f 4257/2978/2606 4260/1794/1799 4258/1282/1213
f 4260/1794/1799 4268/2994/2625 4263/1476/1428
f 4268/2994/2625 4267/1477/1429 4263/1476/1428
f 4263/1476/1428 4262/1795/1800 4258/1282/1213
f 4266/1475/1427 4265/2854/2449 4261/1283/1214
f 3834/1898/1062 3833/619/1801 3830/259/162
f 3833/619/1801 3832/628/540 3829/260/171
f 3552/1796/1802 3557/1571/1523 3561/570/594
f 3557/1571/1523 3562/678/595 3561/570/594
f 3547/1670/1642 3548/1669/1641 3552/1796/1802
f 3561/570/594 3551/568/2159 3547/1670/1642
f 3101/1334/1279 3106/1774/2477 3109/1797/1803
f 3106/1774/2477 3110/1398/1339 3109/1797/1803
f 3109/1797/1803 3105/1336/1281 3100/1333/1278
f 4270/879/1805 4271/1814/1821 4277/2995/2626
f 4270/879/1805 4277/2995/2626 4283/1167/1089
f 4270/879/1805 4283/1167/1089 4282/1166/1088
f 2430/346/2098 2431/2466/2097 2435/1011/2358
f 4291/1798/1806 4292/1560/1513 4297/2779/1812
f 4291/1798/1806 4297/2779/1812 4296/1039/955
f 4273/1801/1809 4280/2996/2627 4279/1799/1807
f 4280/2996/2627 4285/1562/1515 4284/1561/1514
f 4279/1799/1807 4280/2996/2627 4284/1561/1514
f 4279/1799/2628 4278/2997/2628 4272/1800/2628
f 3780/852/772 3793/1658/1627 3792/441/1626
f 3783/1802/1810 3782/2203/2165 3779/32/27
f 3780/852/772 3792/441/1626 3787/572/774
f 3787/572/774 3783/1802/1810 3780/852/772
f 2024/1024/942 2023/2771/2362 2021/1803/1811
f 2023/2771/2362 2020/1785/1791 2021/1803/1811
f 2020/1785/1791 2017/1784/1790 2021/1803/1811
f 1757/2600/2005 1749/1507/783 1763/342/281
f 1749/1507/783 1750/613/2163 1758/343/282
f 1750/613/2163 1759/612/527 1758/343/282
f 1768/341/280 1767/2268/794 1763/342/281
f 1767/2268/794 1757/2600/2005 1763/342/281
f 4227/162/121 4226/1871/953 4222/1781/1788
f 4226/1871/953 4224/1779/1786 4222/1781/1788
f 4224/1779/1786 4221/1583/1539 4222/1781/1788
f 3254/1805/1813 3251/1063/987 3252/701/621
f 2407/387/319 2410/925/837 2409/1721/1709
f 4733/56/1582 4910/1744/1741 4911/380/314
f 4911/380/314 4734/875/1035 4733/56/1582
f 4734/875/1035 4737/1107/1034 4733/56/1582
f 4317/1808/1816 4314/729/651 4315/199/158
f 4315/199/158 4318/1888/1927 4317/1808/1816
f 4318/1888/1927 4321/1806/1814 4317/1808/1816
f 4649/128/89 4648/2236/2457 4644/2237/2629
f 4644/2237/2629 4635/144/2222 4649/128/89
f 4635/144/2222 4636/145/1121 4649/128/89
f 4312/728/650 4311/730/652 4309/1680/1657
f 4311/730/652 4308/1809/1817 4309/1680/1657
f 4308/1809/1817 4497/1847/1878 4498/997/914
f 3317/2857/2452 3318/2858/2455 3311/1747/2453
f 3318/2858/2455 3324/1286/2454 3311/1747/2453
f 3323/1810/1400 3316/2896/2510 3311/1747/1745
f 3316/2896/2510 3310/1821/1839 3311/1747/1745
f 4303/1811/120 4300/1037/953 4301/1812/121
f 3855/128/1076 3854/2236/2255 3850/2237/2017
f 3842/145/542 3847/1045/962 3855/128/1076
f 3855/128/1076 3850/2237/2017 3841/144/1818
f 4312/728/650 4313/1679/1656 4316/200/159
f 2790/728/650 2791/1679/1656 2794/200/159
f 3846/477/1820 3853/2567/2194 3857/475/1819
f 3853/2567/2194 3858/2568/2195 3857/475/1819
f 3857/475/10 3852/2569/10 3849/608/10
f 3857/475/1819 3849/608/1879 3845/476/545
f 4270/879/1805 4269/2702/2283 4265/2854/2449
f 4269/2702/2283 4264/2855/2450 4265/2854/2449
f 4265/2854/2449 4266/1475/1427 4270/879/1805
f 4359/1352/2069 4354/2351/2068 4360/1227/1148
f 4354/2351/2068 4348/1819/1834 4360/1227/1148
f 4360/1227/1148 4348/1819/1834 4349/699/1822
f 4357/698/1824 4356/1815/1823 4349/699/1822
f 2984/174/134 2988/173/133 2987/620/1227
f 3063/565/481 3060/1413/1355 3064/2998/2630
f 3060/1413/1355 3061/1415/1357 3064/2998/2630
f 3064/2998/2630 3067/1701/1826 3063/565/481
f 4336/597/511 4337/1917/1955 4343/1916/1954
f 4343/1916/1954 4342/2836/2430 4336/597/511
f 4342/2836/2430 4335/2837/2429 4336/597/511
f 4335/2837/2429 4330/1128/2428 4336/597/511
f 4443/43/35 4448/382/1866 4445/1259/1828
f 4448/382/1866 4447/1258/1827 4445/1259/1828
f 4447/1258/1827 4451/1198/1118 4450/23/1117
f 4445/1259/1828 4442/2582/2151 4443/43/35
f 2798/1807/1815 2799/1806/1814 2802/2607/1284
f 2805/598/1829 2808/1128/2631 2812/1218/1173
f 2808/1128/2632 2807/1219/2632 2812/1218/2632
f 2798/1807/1815 2802/2607/1284 2801/1249/1172
f 2802/2607/1284 2805/598/1829 2801/1249/1172
f 2810/1817/1831 2804/2844/2439 2811/901/818
f 2804/2844/2439 2801/1249/1172 2812/1218/1173
f 2812/1218/1173 2811/901/818 2804/2844/2439
f 3408/1750/1748 3409/1489/1444 3411/1816/1830
f 3409/1489/1444 3414/624/2181 3418/2999/2633
f 3414/624/2634 3413/3000/2634 3418/2999/2634
f 3418/2999/2633 3417/5/5 3409/1489/1444
f 3417/5/5 3416/4/4 3411/1816/1830
f 4340/903/1766 4347/16/230 4346/18/1836
f 4346/18/1836 4339/1958/820 4340/903/1766
f 4339/1958/820 4332/1817/1831 4340/903/1766
f 4341/902/1767 4340/903/1766 4332/1817/1831
f 4348/1819/1834 4342/2836/2430 4343/1916/1954
f 4348/1819/1834 4343/1916/1954 4344/1818/1833
f 2122/1072/998 2121/137/98 2118/371/305
f 4347/16/230 4352/288/229 4351/17/1835
f 4461/1268/1194 4462/829/750 4465/828/858
f 2372/2637/2202 2363/2636/2201 2378/916/832
f 2363/2636/2201 2358/1113/592 2378/916/832
f 2382/2638/2203 2372/2637/2202 2378/916/832
f 2373/914/831 2379/913/830 2378/916/832
f 2373/914/831 2378/916/832 2358/1113/592
f 2364/915/366 2373/914/831 2358/1113/592
f 2364/915/366 2358/1113/592 2359/1112/1039
f 3308/1755/1755 3471/1526/1482 3309/1449/1838
f 3471/1526/1482 3472/1527/1483 3310/1821/1839
f 3190/369/1841 3187/1377/1320 3188/1384/1326
f 3188/1384/1326 3191/1383/1325 3190/369/1841
f 3191/1383/1325 3194/1822/1840 3190/369/1841
f 4368/210/1420 4367/208/1481 4364/1147/1070
f 4368/210/1420 4365/1226/1146 4366/1823/1842
f 2837/1352/2435 2832/2351/2485 2838/1227/1844
f 2832/2351/2485 2826/1819/1834 2838/1227/1844
f 2834/1815/2635 2833/2839/2635 2838/1227/2635
f 2838/1227/1844 2826/1819/1834 2827/699/619
f 2791/1679/1656 2790/728/650 2787/1680/1657
f 2787/1680/1657 2972/997/914 2788/1678/1655
f 2972/997/914 2973/2758/2347 2788/1678/1655
f 2703/780/692 2704/1033/949 2705/781/693
f 2704/1033/949 2708/1824/1845 2705/781/693
f 3182/1826/1847 3185/1376/1319 3181/1825/1846
f 3185/1376/1319 3184/1378/1321 3181/1825/1846
f 3181/1825/1846 3178/707/627 3179/708/628
f 3743/841/1610 3742/474/746 3739/842/761
f 2857/316/253 2858/318/255 2861/13/11
f 4800/755/1849 4799/2765/2354 4795/284/815
f 4383/316/1850 4384/318/2407 4387/13/11
f 2545/2984/2612 2536/2831/2420 2537/133/1119
f 2546/1828/1851 2545/2984/2612 2537/133/1119
f 4389/1829/1854 4386/1827/1848 4396/135/1852
f 4386/1827/1848 4387/13/11 4396/135/1852
f 4387/13/11 4391/392/324 4396/135/1852
f 4391/392/324 4393/391/323 4396/135/1852
f 4393/391/2636 4392/2993/2636 4396/135/2636
f 2734/1587/256 2747/2525/1627 2746/38/2106
f 2737/1830/1855 2736/1976/1986 2733/1586/1542
f 2734/1587/256 2746/38/2106 2741/37/258
f 2741/37/258 2737/1830/1855 2734/1587/256
f 2860/1827/1848 2861/13/11 2870/135/96
f 2861/13/11 2865/392/324 2870/135/96
f 2860/1827/1848 2870/135/96 2863/1829/1856
f 2865/392/324 2867/391/323 2870/135/96
f 2875/136/97 2876/664/577 2879/517/1667
f 4393/391/1779 4397/1774/1781 4396/135/1852
f 2585/1831/1857 2580/3001/2637 2582/1095/1021
f 2580/3001/2637 2576/224/177 2579/1631/1591
f 2582/1095/1021 2580/3001/2637 2579/1631/1591
f 2576/224/177 2577/223/176 2579/1631/1591
f 2579/1631/1591 2583/1093/1019 2582/1095/1021
f 4396/135/1852 4397/1774/1781 4401/136/711
f 4396/135/1852 4401/136/711 4400/134/95
f 4271/1814/1821 4266/1475/1427 4272/1800/1808
f 4266/1475/1427 4267/1477/1429 4272/1800/1808
f 4267/1477/1429 4268/2994/2625 4273/1801/1809
f 2900/1251/1175 2899/1253/1177 2896/195/154
f 1773/1196/509 1770/221/174 1771/220/173
f 1893/694/611 1890/455/382 1891/1832/1858
f 2892/1247/1170 2889/1495/1452 2890/1248/1171
f 4521/1297/1230 4526/2863/2463 4520/979/1885
f 4526/2863/2463 4530/655/569 4527/1488/1443
f 4520/979/1885 4526/2863/2463 4527/1488/1443
f 4530/655/569 4529/2635/2200 4527/1488/1443
f 4527/1488/1443 4523/214/2464 4520/979/1885
f 3830/259/162 3827/635/334 3828/690/333
f 2893/853/775 2896/195/154 2895/196/155
f 3173/357/291 3174/1856/1891 3177/1833/1859
f 2902/80/60 2903/1252/1176 2906/292/234
f 4424/129/90 4421/196/155 4422/195/154
f 3396/1486/1440 3397/689/607 3400/688/606
f 1601/446/373 1600/2959/2581 1595/3002/2638
f 1595/3002/2638 1589/1834/1861 1601/446/373
f 4246/1835/1862 4243/2990/2621 4244/1424/1370
f 2917/43/35 2914/535/450 2915/1257/1182
f 4443/43/35 4442/2582/2151 4439/534/449
f 4512/621/535 4507/1411/1353 4509/1412/1366
f 4507/1411/1353 4503/1353/1303 4506/264/211
f 4503/1353/1303 4504/1354/1304 4506/264/211
f 4506/264/211 4510/174/1365 4509/1412/1366
f 4509/1412/1366 4513/620/533 4512/621/535
f 4465/828/858 4466/952/860 4469/1265/1191
f 2459/1317/1260 2460/1838/1865 2462/1837/1864
f 2460/1838/1865 2469/450/377 2468/449/376
f 2463/1836/1863 2460/1838/1865 2468/449/376
f 4448/382/1866 4452/1262/1187 4451/1198/1118
f 4449/542/457 4453/541/456 4452/1262/1187
f 2623/577/495 2622/2599/2048 2615/1839/1867
f 3219/1577/1532 3218/1399/1340 3215/1394/1868
f 3218/1399/1340 3209/1408/1350 3215/1394/1868
f 3209/1408/1350 3210/1409/1351 3215/1394/1868
f 3210/1409/1351 3213/1393/1337 3215/1394/1868
f 4730/928/1723 4727/922/834 4728/831/603
f 2398/1443/1398 2397/2892/2504 2394/1792/1798
f 3228/421/350 3231/503/421 3230/505/423
f 4377/1003/923 4373/2921/2528 4375/29/1871
f 4373/2921/2528 4374/1231/1151 4375/29/1871
f 4467/1725/1716 4464/1269/1195 4465/828/858
f 4472/1270/1196 4471/1194/1114 4468/1193/1113
f 2562/1076/1001 2559/2795/2384 2560/1841/1872
f 4456/170/130 4452/1262/1187 4453/541/456
f 4456/170/130 4453/541/456 4454/186/144
f 2063/413/344 2064/412/343 2067/314/843
f 4165/643/556 4166/642/555 4172/2578/2144
f 4172/2578/2144 4171/1361/1310 4165/643/556
f 4171/1361/1310 4168/1518/2614 4165/643/556
f 3414/624/2639 3424/3003/2640 3418/2999/2633
f 3423/6/6 3417/5/5 3418/2999/2633
f 3423/6/6 3418/2999/2633 3435/1881/1918
f 3418/2999/2633 3424/3003/2640 3435/1881/1918
f 3429/1843/1875 3423/6/6 3435/1881/1918
f 3429/1843/1875 3435/1881/1918 3434/1589/299
f 3086/1702/1681 3087/1206/1126 3090/1331/1276
f 3087/1206/1126 3091/2769/2360 3090/1331/1276
f 3079/1845/1384 3078/567/278 3075/339/278
f 4494/9/1100 4491/1137/1058 4492/1136/1057
f 3698/675/588 3699/2977/2604 3702/1846/1877
f 2970/996/913 2973/2758/2347 2972/997/914
f 4494/9/1100 4495/869/915 4498/997/914
f 3856/609/1602 3848/889/1911 3849/608/1879
f 2514/1848/537 2515/1261/1186 2519/1849/1881
f 2524/75/55 2523/2833/2422 2514/1848/537
f 3946/156/115 3943/1107/1034 3944/714/635
f 3798/790/1686 3797/1642/1685 3788/791/1014
f 3664/1027/945 3665/2772/2363 3670/994/911
f 3670/994/911 3669/2757/2346 3664/1027/945
f 3669/2757/2346 3667/3004/2641 3659/1693/1672
f 3664/1027/945 3669/2757/2346 3659/1693/1672
f 3667/3004/2641 3658/2972/2597 3659/1693/1672
f 2912/1256/1181 2911/1254/1179 2909/334/814
f 2911/1254/1179 2908/1197/2262 2909/334/814
f 2908/1197/2262 2905/81/61 2909/334/814
f 3333/1850/1883 3332/1666/1638 3325/1285/1216
f 4521/1297/1230 4520/979/1885 4516/1296/1229
f 4520/979/1885 4519/1295/1228 4515/1852/1884
f 4519/1295/1228 4514/173/1903 4515/1852/1884
f 1702/2778/2368 1695/527/445 1703/1853/1886
f 1695/527/445 1696/526/444 1703/1853/1886
f 2456/1031/947 2453/479/400 2454/1854/1887
f 4518/213/534 4519/1295/1228 4523/214/1232
f 2784/206/162 2781/2594/334 2782/573/333
f 3477/1855/1888 3474/3005/2642 3475/1503/1460
f 3474/3005/2642 3541/1155/1080 3542/1156/1081
f 3475/1503/1460 3474/3005/2642 3542/1156/1081
f 4041/1115/1041 4042/933/845 4045/63/43
f 4836/933/845 4833/1371/1315 4834/782/1127
f 4535/190/149 4538/1223/1889 4534/1224/1143
f 4538/1223/1889 4537/2181/2433 4534/1224/1143
f 4534/1224/1143 4531/1054/973 4535/190/149
f 4545/179/139 4544/178/138 4543/1624/1890
f 4544/178/138 4540/1623/1583 4543/1624/1890
f 4540/1623/1583 4537/2181/2433 4538/1223/1889
f 4538/1223/1889 4541/912/829 4543/1624/1890
f 3170/348/285 3171/2902/2517 3174/1856/1891
f 4545/179/139 4546/114/78 4549/116/140
f 1906/1858/1893 1909/2217/2015 1905/1714/1700
f 1909/2217/2015 1908/35/30 1905/1714/1700
f 1905/1714/1700 1902/1713/1699 1906/1858/1893
f 3963/1859/1894 3960/197/156 3961/328/265
f 4846/91/65 4845/92/66 4842/61/41
f 3025/788/700 3029/787/699 3028/1291/1223
f 3025/788/700 3028/1291/1223 3022/2244/2027
f 3025/788/700 3022/2244/2027 3023/116/80
f 4564/1182/1240 4563/1181/1239 4559/2682/2465
f 4559/2682/2465 4552/1306/1244 4553/1305/1426
f 4564/1182/1240 4559/2682/2465 4553/1305/1426
f 4553/1305/1426 4556/1861/1896 4564/1182/1240
f 3204/1390/1332 3203/1389/1331 3202/944/852
f 3203/1389/1331 3199/1707/1691 3202/944/852
f 3044/1103/1029 3041/1104/2643 3042/1102/1253
f 3375/816/733 3376/815/732 3379/1481/1434
f 3566/679/596 3562/678/595 3563/1570/1522
f 3563/1570/1522 3564/1617/1577 3567/1862/1897
f 1967/523/201 1970/525/334 1969/1362/170
f 1711/1035/951 1712/1656/1623 1715/327/264
f 4189/1547/1503 4186/1539/1494 4187/1538/1493
f 1593/1108/1036 1594/2881/2490 1603/448/375
f 1594/2881/2490 1599/3006/2644 1603/448/375
f 1599/3006/2644 1604/2821/2414 1603/448/375
f 4305/1101/1027 4302/1910/1950 4303/1811/120
f 3798/790/1899 3799/105/72 3806/1187/1633
f 3799/105/72 3807/2208/2005 3812/1426/1901
f 3806/1187/1633 3799/105/72 3812/1426/1901
f 3807/2208/2005 3817/1610/794 3812/1426/1901
f 3817/1610/794 3816/727/1313 3812/1426/1901
f 3812/1426/2645 3811/2828/2645 3806/1187/2645
f 2769/588/504 2758/3007/2048 2759/1120/1046
f 2769/588/504 2759/1120/1046 2760/1119/1045
f 2770/589/505 2769/588/504 2760/1119/1045
f 4902/8/8 4899/1211/1295 4903/1745/1743
f 4899/1211/1295 4900/1347/1294 4903/1745/1743
f 4903/1745/1743 4906/996/1900 4902/8/8
f 2966/1136/1057 2965/1137/1058 2962/1135/1056
f 3815/726/504 3804/2890/2048 3805/1188/1684
f 3815/726/504 3805/1188/1684 3806/1187/1633
f 3816/727/1313 3815/726/504 3806/1187/1633
f 4511/172/1902 4515/1852/1884 4514/173/1903
f 2772/1186/216 2773/2826/1094 2776/1878/503
f 2776/1878/503 2775/1865/173 2772/1186/216
f 4615/789/173 4618/592/201 4617/593/509
f 4615/789/173 4616/868/503 4619/743/200
f 2160/2206/2232 2161/1142/75 2170/2693/1094
f 2159/106/644 2160/2206/2232 2170/2693/1094
f 2159/106/644 2170/2693/1094 2169/867/1570
f 3991/981/896 3990/983/898 3988/1867/1904
f 3990/983/898 3987/1868/1905 3988/1867/1904
f 3987/1868/1905 3984/471/395 3985/1672/1648
f 3240/817/734 3243/2742/2327 3242/1405/1346
f 3966/149/108 3963/1859/1894 3964/330/267
f 2970/996/913 2969/869/915 2966/1136/1057
f 4229/161/120 4228/2865/1950 4225/1870/1907
f 2281/918/329 2282/1243/330 2283/921/328
f 2282/1243/330 2286/1872/970 2283/921/328
f 3522/1873/1908 3521/657/571 3518/1506/1464
f 3019/179/139 3017/1624/1584 3015/912/1909
f 3015/912/1909 3012/1223/1142 3016/2716/2306
f 3012/1223/1142 3013/2261/2032 3016/2716/2306
f 3016/2716/2306 3020/114/78 3015/912/1909
f 4630/631/414 4629/748/663 4625/691/163
f 4629/748/663 4628/1898/1062 4624/259/162
f 1805/947/855 1801/949/857 1797/1073/999
f 1797/1073/999 1798/767/674 1806/751/270
f 4630/631/414 4640/477/398 4639/476/397
f 4630/631/414 4639/476/397 4634/630/662
f 4666/857/781 4665/1890/2009 4655/2215/2008
f 4656/858/782 4666/857/781 4650/609/524
f 4666/857/781 4655/2215/2008 4650/609/524
f 4650/609/524 4651/475/396 4656/858/782
f 3848/889/1911 3834/1898/1062 3835/748/798
f 3848/889/1911 3835/748/798 3840/630/2290
f 3848/889/1911 3840/630/2290 3845/476/545
f 2530/73/53 2538/131/92 2529/74/54
f 2538/131/92 2537/133/94 2529/74/54
f 2106/421/738 2107/420/737 2110/837/756
f 3112/1875/1912 3104/1335/1280 3109/1797/1803
f 3104/1335/1280 3105/1336/1281 3109/1797/1803
f 3109/1797/1803 3110/1398/1339 3113/988/903
f 2805/598/1829 2802/2607/1284 2803/596/510
f 2802/2607/1284 2799/1806/1814 2800/2264/2033
f 2803/596/510 2802/2607/1284 2800/2264/2033
f 2803/596/510 2806/2608/2170 2814/597/511
f 2806/2608/2170 2816/2609/2171 2815/1917/1959
f 2814/597/511 2806/2608/2170 2815/1917/1959
f 2814/597/511 2808/1128/2631 2805/598/1829
f 2786/1809/1817 2971/1847/1878 2972/997/914
f 2972/997/914 2787/1680/1657 2786/1809/1817
f 2787/1680/1657 2790/728/650 2789/730/652
f 3630/738/655 3627/2661/2236 3623/736/653
f 3627/2661/2236 3626/737/654 3623/736/653
f 3623/736/2237 3622/2663/2239 3617/545/460
f 3620/1876/1913 3631/2967/2593 3630/738/1663
f 3617/545/460 3618/3008/2646 3620/1876/1913
f 3630/738/1663 3623/736/2237 3617/545/460
f 4307/1877/1914 4306/1863/1898 4303/1811/120
f 3999/900/816 4002/65/1922 4001/284/815
f 2779/575/200 2778/574/201 2775/1865/173
f 4696/1969/1978 4695/336/275 4690/1427/1660
f 4680/2346/2067 4691/2740/2589 4690/1427/1660
f 4691/2740/2589 4696/1969/1978 4690/1427/1660
f 4680/2346/2067 4690/1427/1660 4689/962/1916
f 4679/281/1448 4680/2346/2067 4689/962/1916
f 3419/622/2182 3420/1498/1455 3425/1497/1454
f 3435/1881/1918 3424/3003/2640 3419/622/2182
f 3424/3003/2640 3414/624/2639 3419/622/2182
f 3435/1881/1918 3419/622/2182 3425/1497/1454
f 3435/1881/1918 3425/1497/1454 3430/1496/1453
f 3435/1881/1918 3430/1496/1453 3431/1879/1917
f 2808/1128/2427 2813/2837/2426 2812/1218/1173
f 2813/2837/2426 2820/2836/2425 2812/1218/1173
f 2820/2836/2425 2819/902/819 2812/1218/1173
f 2819/902/819 2811/901/818 2812/1218/1173
f 3893/181/875 3899/180/874 3892/2714/2304
f 3899/180/874 3898/2287/1976 3892/2714/2304
f 3893/181/875 3892/2714/2304 3881/1727/1720
f 3894/182/876 3893/181/875 3881/1727/1720
f 3888/908/1919 3894/182/876 3881/1727/1720
f 2743/1882/1920 2748/2957/2578 2752/1121/1047
f 2752/1121/1047 2751/1899/1937 2742/1883/1014
f 3826/258/170 3827/635/334 3830/259/162
f 4277/2995/2626 4271/1814/1821 4272/1800/1808
f 4283/1167/1089 4277/2995/2626 4272/1800/1808
f 4284/1561/1514 4283/1167/1089 4272/1800/1808
f 3928/917/575 3927/611/526 3921/25/1750
f 3927/611/526 3924/1732/880 3920/610/525
f 3920/610/525 3921/25/1750 3927/611/526
f 4006/755/1923 4005/2765/2354 4001/284/815
f 3650/1652/1616 3649/1290/1222 3636/1682/1662
f 3649/1290/1222 3642/2939/2557 3636/1682/1662
f 3642/2939/2557 3635/2662/2238 3636/1682/1662
f 3636/1682/1662 3643/1683/1664 3650/1652/1616
f 3651/1615/1575 3650/1652/1616 3643/1683/1664
f 2696/2820/2413 2694/1886/1925 2697/1885/1924
f 2694/1886/1925 2691/765/677 2692/1418/1360
f 4724/918/329 4723/1517/585 4720/1629/886
f 4724/918/329 4721/611/526 4722/917/575
f 3467/1367/328 3465/1458/329 3466/1460/330
f 3466/1460/330 3470/1887/970 3467/1367/328
f 4757/1859/1926 4754/197/156 4755/328/265
f 1774/251/201 1775/250/200 1778/401/333
f 4728/831/603 4729/1872/2576 4732/31/302
f 2799/1806/1814 2798/1807/1815 2795/1808/1928
f 2795/1808/1928 2792/729/651 2793/199/158
f 2793/199/158 2796/1888/1927 2795/1808/1928
f 3081/1328/1273 3078/567/278 3079/1845/1384
f 4835/1115/1041 4836/933/845 4839/63/43
f 2502/1889/174 2497/2782/504 2498/1047/505
f 2498/1047/505 2499/1125/1048 2503/1124/173
f 3231/503/421 3232/1724/1713 3235/513/431
f 3857/475/1819 3858/2568/2195 3871/2739/2296
f 3866/890/1646 3857/475/1819 3875/961/869
f 3857/475/1819 3871/2739/2296 3875/961/869
f 3865/891/1647 3866/890/1646 3875/961/869
f 3875/961/869 3874/283/868 3865/891/1647
f 3450/1521/1478 3456/1520/1477 3455/1686/832
f 3459/2825/2090 3449/2932/2202 3455/1686/832
f 3449/2932/2202 3440/2931/2201 3455/1686/832
f 3450/1521/1478 3455/1686/832 3435/1881/1918
f 3455/1686/832 3440/2931/2201 3435/1881/1918
f 3441/1522/1479 3450/1521/1478 3435/1881/1918
f 3441/1522/1479 3435/1881/1918 3436/1880/275
f 3999/900/816 4000/1420/1697 4003/377/667
f 4104/1932/1977 4105/1211/1742 4107/7/7
f 4105/1211/1742 4108/8/8 4107/7/7
f 4108/8/8 4111/869/792 4110/9/9
f 4811/1578/1533 4808/2930/2647 4809/1719/1705
f 4808/2930/2647 4805/2763/2352 4806/1007/1545
f 4809/1719/1705 4808/2930/2647 4806/1007/1545
f 4809/1719/1705 4812/1579/1534 4811/1578/1533
f 4812/1579/1534 4815/1892/1931 4814/1580/1535
f 4021/1892/1931 4022/1720/1706 4025/1893/1932
f 4025/1893/1932 4028/843/762 4024/229/182
f 4028/843/762 4027/845/764 4024/229/182
f 2783/1895/171 2784/206/162 2291/1894/1933
f 2784/206/162 2292/2265/1062 2291/1894/1933
f 3676/1343/1289 3675/1627/1588 3672/993/910
f 3402/249/199 3403/248/198 3406/1246/1169
f 4844/1581/1536 4841/268/215 4842/61/41
f 4768/418/347 4767/417/1941 4763/151/110
f 4767/417/1941 4766/2266/2034 4763/151/110
f 3342/1466/1415 3339/2842/2049 3340/1241/1165
f 3954/1558/1510 3951/1023/941 3955/344/283
f 3951/1023/941 3952/1022/940 3955/344/283
f 3955/344/283 3958/160/119 3954/1558/1510
f 2416/1000/918 2419/1236/1159 2418/2970/2596
f 2415/1896/1934 2412/1722/1710 2413/924/836
f 2416/1000/918 2418/2970/2596 2415/1896/1934
f 4590/1897/1935 4595/2544/2394 4594/439/1066
f 2156/1188/1109 2155/2890/2048 2148/1642/195
f 2959/22/1205 2956/165/125 2957/164/124
f 2184/619/532 2183/628/537 2180/260/171
f 2180/260/171 2181/259/162 2184/619/532
f 4889/123/967 4886/1051/969 4887/124/85
f 2438/1016/934 2435/1011/2225 2432/1009/1936
f 2432/1009/1936 2433/2767/2357 2439/1439/1393
f 2834/1815/1843 2835/698/618 2841/2840/2437
f 2841/2840/2437 2844/1823/1842 2834/1815/1843
f 2844/1823/1842 2843/1226/1146 2838/1227/1844
f 2840/1225/1145 2837/1352/2435 2838/1227/1844
f 2844/1823/1842 2838/1227/1844 2834/1815/1843
f 2759/1120/1046 2758/3007/2048 2751/1899/1937
f 3147/1274/1199 3049/540/2467 3048/538/908
f 4760/149/108 4757/1859/1926 4758/330/267
f 4760/149/108 4761/1352/1302 4764/150/109
f 4235/1900/1938 4232/1319/1262 4233/500/418
f 4233/500/418 4236/1901/1939 4235/1900/1938
f 4236/1901/1939 4239/334/582 4238/1197/1940
f 4768/418/347 4772/1085/1010 4771/209/1476
f 4889/123/967 4890/125/86 4894/1440/1395
f 4773/1703/1687 4772/1085/1010 4768/418/347
f 3932/921/328 3930/918/329 3931/1243/330
f 3931/1243/330 3935/1872/970 3932/921/328
f 4208/422/351 4207/1569/1521 4200/1902/1942
f 3981/210/166 3978/1085/1010 3979/1703/1682
f 3979/1703/1682 3975/1704/1683 3976/1705/1688
f 3982/636/1649 3981/210/166 3979/1703/1682
f 3618/3008/2646 3617/545/460 3615/1903/1943
f 3617/545/460 3613/544/459 3614/1600/1556
f 4083/850/770 4082/2747/2333 4079/970/882
f 2085/175/739 2088/823/743 2087/176/1944
f 3991/981/896 3994/1402/1343 3993/982/897
f 4783/1126/1049 4780/1904/1945 4784/983/898
f 4780/1904/1945 4777/470/394 4781/1868/1905
f 4777/470/394 4778/471/395 4781/1868/1905
f 3989/1126/1049 3986/1904/1945 3990/983/898
f 3986/1904/1945 3983/470/394 3987/1868/1905
f 3983/470/394 3984/471/395 3987/1868/1905
f 2396/1619/1579 2395/1620/1580 2392/1791/603
f 4845/92/66 4846/91/65 4849/352/289
f 2966/1136/1057 2963/556/471 2964/555/470
f 2846/210/1420 2843/1226/1146 2844/1823/1842
f 4793/900/816 4794/1420/1697 4797/377/667
f 2318/1906/856 2317/2522/2102 2312/3009/2317
f 2312/3009/2317 2308/2791/2284 2309/1907/1946
f 2318/1906/856 2312/3009/2317 2309/1907/1946
f 2775/1865/173 2778/574/201 2777/1134/509
f 4382/1235/1158 4384/318/2407 4383/316/1850
f 3930/918/329 3929/1517/585 3926/1629/886
f 4012/1007/1964 4011/2763/2352 4006/755/1923
f 4011/2763/2352 4008/2764/2353 4006/755/1923
f 4008/2764/2353 4005/2765/2354 4006/755/1923
f 2337/2516/402 2332/1228/227 2342/2803/226
f 2332/1228/227 2333/1301/1236 2343/653/567
f 2342/2803/226 2332/1228/227 2343/653/567
f 2333/1301/1236 2335/3010/2066 2343/653/567
f 2335/3010/2066 2344/2631/2067 2343/653/567
f 1640/1556/2648 1651/3011/2649 1644/1789/1795
f 1651/3011/2649 1658/1197/1947 1644/1789/1795
f 1658/1197/1947 1657/973/885 1650/972/884
f 1650/972/884 1643/971/883 1644/1789/1795
f 4792/1003/1732 4789/2979/2607 4787/982/897
f 4789/2979/2607 4786/1127/1643 4787/982/897
f 4504/1354/1304 4505/1130/1053 4506/264/211
f 4505/1130/1053 4508/1908/1948 4506/264/211
f 4508/1908/1948 4516/1296/1229 4511/172/1902
f 4516/1296/1229 4515/1852/1884 4511/172/1902
f 4511/172/1902 4510/174/1365 4506/264/211
f 4151/257/207 4152/2900/1411 4155/559/475
f 4023/228/181 4020/1580/1535 4021/1892/1931
f 4021/1892/1931 4024/229/182 4023/228/181
f 4024/229/182 4027/845/764 4026/230/183
f 4821/845/764 4818/229/182 4822/843/762
f 4818/229/182 4815/1892/1931 4819/1893/1932
f 4815/1892/1931 4816/1720/1706 4819/1893/1932
f 4039/1371/1315 4038/1114/1040 4035/1370/1314
f 2235/282/226 2236/281/225 2241/963/871
f 2251/335/592 2240/421/2029 2235/282/226
f 2240/421/2029 2230/2245/2028 2235/282/226
f 2251/335/592 2235/282/226 2241/963/871
f 2251/335/592 2241/963/871 2246/962/870
f 2251/335/592 2246/962/870 2247/1427/1949
f 4483/164/124 4486/554/469 4485/22/1205
f 4291/1798/1806 4290/1604/1562 4284/1561/1514
f 4290/1604/1562 4289/1606/1564 4283/1167/1089
f 4299/1909/1907 4300/1037/953 4303/1811/120
f 4905/869/792 4906/996/1900 4909/379/313
s 0
f 1182/2177/150 1183/1912/150 1206/1911/150
f 1183/1912/150 1184/3012/150 1205/1913/150
f 1182/2177/150 1206/1911/150 1207/1308/150
f 1184/3012/150 1185/2349/150 1204/2348/150
f 1184/3012/150 1204/2348/150 1205/1913/150
s 1
f 4852/350/287 4855/420/1348 4854/421/888
f 4847/1914/1951 4844/1581/1536 4845/92/66
f 4053/1914/1951 4050/1581/1536 4051/92/66
f 4852/350/287 4851/1213/1131 4848/351/288
f 4066/1772/1775 4072/1277/1726 4065/383/777
f 4072/1277/1726 4075/1535/1491 4065/383/777
f 4075/1535/1491 4074/1534/1490 4065/383/777
f 4074/1534/1490 4071/1208/1525 4065/383/777
f 4071/1208/1525 4068/382/1524 4065/383/777
f 4857/990/905 4858/855/889 4862/382/778
f 4592/790/985 4591/1642/1086 4584/1915/1952
f 3277/1827/1953 3274/1003/2650 3275/900/1364
f 3274/1003/2650 3271/1437/1391 3275/900/1364
f 3271/1437/1391 3272/637/549 3275/900/1364
f 4235/1900/1938 4238/1197/1940 4234/3013/2651
f 4238/1197/1940 4237/488/1771 4234/3013/2651
f 4234/3013/2651 4231/1318/1261 4235/1900/1938
f 4338/2609/2171 4345/3014/1957 4344/1818/1833
f 4345/3014/1957 4350/700/1825 4344/1818/1833
f 4350/700/1825 4349/699/1822 4344/1818/1833
f 4337/1917/1955 4338/2609/2171 4344/1818/1833
f 4528/1053/971 4529/2635/2200 4532/654/568
f 3473/1746/1744 3472/1527/1483 3469/1368/603
f 4080/851/771 4079/970/882 4076/1593/1548
f 4076/1593/1548 4073/2927/2535 4077/1533/1489
f 4073/2927/2535 4074/1534/1490 4077/1533/1489
f 4081/849/769 4080/851/771 4078/1918/1956
f 4080/851/771 4077/1533/1489 4078/1918/1956
f 4077/1533/1489 4074/1534/1490 4075/1535/1491
f 2826/1819/1834 2820/2836/2425 2821/1916/1958
f 2826/1819/1834 2821/1916/1958 2822/1818/1957
f 2816/2609/2171 2823/3014/1957 2822/1818/1957
f 2823/3014/1957 2828/700/620 2822/1818/1957
f 2828/700/620 2827/699/619 2822/1818/1957
f 2815/1917/1959 2816/2609/2171 2822/1818/1957
f 2539/1515/1471 2540/2915/2524 2548/2954/2574
f 2539/1515/1471 2548/2954/2574 2547/1919/1960
f 4099/1209/1394 4097/1742/1739 4095/123/84
f 4095/123/84 4096/125/86 4100/1440/1395
f 2224/1151/1078 2218/2809/2254 2206/128/102
f 2218/2809/2254 2205/2236/2016 2206/128/102
f 2215/749/664 2220/1890/2104 2225/283/227
f 2224/1151/1078 2206/128/102 2214/750/665
f 2215/749/664 2225/283/227 2224/1151/1078
f 4880/1711/1735 4877/850/881 4878/1737/1733
f 4878/1737/1733 4881/1710/1695 4880/1711/1735
f 4881/1710/1695 4884/1920/1961 4880/1711/1735
f 4785/981/896 4784/983/898 4782/1867/1904
f 4784/983/898 4781/1868/1905 4782/1867/1904
f 4781/1868/1905 4778/471/395 4779/1672/1648
f 3227/680/1870 3224/2886/2497 3225/419/348
f 4122/1446/1401 4121/1099/1025 4307/1877/1914
f 4121/1099/1025 4306/1863/1898 4307/1877/1914
f 2846/210/1420 2845/208/1436 2842/1147/1070
f 1934/1675/1652 1938/148/107 1943/147/106
f 1943/147/106 1942/722/643 1937/1061/68
f 1937/1061/68 1924/1465/1414 1925/1531/1487
f 1934/1675/1652 1943/147/106 1937/1061/68
f 1937/1061/68 1925/1531/1487 1930/1673/640
f 4746/1022/940 4745/1023/941 4742/1021/939
f 4899/1211/1295 4898/1932/1977 4893/1209/1629
f 4898/1932/1977 4895/1921/1962 4893/1209/1629
f 4006/755/1708 4007/754/668 4009/2933/2541
f 4009/2933/2541 4013/1590/1544 4006/755/1708
f 3225/419/348 3222/1400/1341 3223/1923/1965
f 2780/1133/170 2781/2594/334 2784/206/162
f 4824/844/763 4827/841/1715 4826/474/1967
f 4827/841/1715 4830/1723/1712 4826/474/1967
f 4830/1723/1712 4829/1370/1314 4826/474/1967
f 2715/2543/2122 2716/361/295 2718/1041/957
f 2718/1041/957 2722/1082/2370 2725/1089/1015
f 2725/1089/1015 2724/2797/2386 2719/1925/1968
f 2719/1925/1968 2715/2543/2122 2718/1041/957
f 3295/1698/1677 3292/2829/2418 3293/1429/1381
f 1645/1555/1507 1646/1267/1193 1652/1266/1192
f 1659/491/408 1658/1197/1947 1652/1266/1192
f 1658/1197/1947 1651/3011/2649 1645/1555/1507
f 1652/1266/1192 1658/1197/1947 1645/1555/1507
f 1651/3011/2649 1640/1556/2648 1645/1555/1507
f 3042/1102/1253 3041/1104/2643 3036/1307/1970
f 3041/1104/2643 3035/1308/1248 3036/1307/1970
f 4113/1144/1971 4110/9/9 4111/869/792
f 4117/380/314 4116/1744/1741 4113/1144/1971
